INSERT INTO `base_ace_object` (`baseAceObjectId`, `name`, `typeId`, `paletteId`, `ammoType`, `blipColor`, `bitField`, `burden`, `combatUse`, `cooldownDuration`, `cooldownId`, `effects`, `containersCapacity`, `header`, `hookTypeId`, `iconId`, `iconOverlayId`, `iconUnderlayId`, `hookItemTypes`, `itemsCapacity`, `location`, `materialType`, `maxStackSize`, `maxStructure`, `radar`, `pscript`, `spellId`, `stackSize`, `structure`, `targetTypeId`, `usability`, `useRadius`, `validLocations`, `value`, `workmanship`, `animationFrameId`, `defaultScript`, `defaultScriptIntensity`, `elasticity`, `friction`, `locationId`, `modelTableId`, `objectScale`, `physicsBitField`, `physicsTableId`, `motionTableId`, `soundTableId`, `physicsState`, `translucency`)
VALUES (1927557120, 'Life Stone', 268435456, 0, 0, 1, 16404, 0, 0, 0, 0, 0, 0, 9437232, 0, 100668245, 0, 0, 0, 0, 0, 0, 0, 0, 4, 0, 0, 0, 0, 0, 32, 2, 0, 0, 0, 0, 0, 0, 0, 0, 0, 33555182, 0, 100355, 0, 150994982, 536870932, 1040, 0);

INSERT INTO `ace_object` (`baseAceObjectId`, `weenieClassId`, `landblock`, `cell`, `posX`, `posY`, `posZ`, `qW`, `qX`, `qY`, `qZ`)
VALUES (1927557120, 509, 11843, 4, 6.56236, 83.9235, 8.546864, -0.868467, 0, 0, -0.495747);

INSERT INTO `base_ace_object` (`baseAceObjectId`, `name`, `typeId`, `paletteId`, `ammoType`, `blipColor`, `bitField`, `burden`, `combatUse`, `cooldownDuration`, `cooldownId`, `effects`, `containersCapacity`, `header`, `hookTypeId`, `iconId`, `iconOverlayId`, `iconUnderlayId`, `hookItemTypes`, `itemsCapacity`, `location`, `materialType`, `maxStackSize`, `maxStructure`, `radar`, `pscript`, `spellId`, `stackSize`, `structure`, `targetTypeId`, `usability`, `useRadius`, `validLocations`, `value`, `workmanship`, `animationFrameId`, `defaultScript`, `defaultScriptIntensity`, `elasticity`, `friction`, `locationId`, `modelTableId`, `objectScale`, `physicsBitField`, `physicsTableId`, `motionTableId`, `soundTableId`, `physicsState`, `translucency`)
VALUES (1933414446, 'Life Stone', 268435456, 0, 0, 1, 16404, 0, 0, 0, 0, 0, 0, 9437232, 0, 100668245, 0, 0, 0, 0, 0, 0, 0, 0, 4, 0, 0, 0, 0, 0, 32, 2, 0, 0, 0, 0, 0, 0, 0, 0, 0, 33555182, 0, 100355, 0, 150994982, 536870932, 1040, 0);

INSERT INTO `ace_object` (`baseAceObjectId`, `weenieClassId`, `landblock`, `cell`, `posX`, `posY`, `posZ`, `qW`, `qX`, `qY`, `qZ`)
VALUES (1933414446, 509, 13273, 8, 12.1586, 179.951, 52, 0.6581542, 0, 0, -0.7528832);

INSERT INTO `base_ace_object` (`baseAceObjectId`, `name`, `typeId`, `paletteId`, `ammoType`, `blipColor`, `bitField`, `burden`, `combatUse`, `cooldownDuration`, `cooldownId`, `effects`, `containersCapacity`, `header`, `hookTypeId`, `iconId`, `iconOverlayId`, `iconUnderlayId`, `hookItemTypes`, `itemsCapacity`, `location`, `materialType`, `maxStackSize`, `maxStructure`, `radar`, `pscript`, `spellId`, `stackSize`, `structure`, `targetTypeId`, `usability`, `useRadius`, `validLocations`, `value`, `workmanship`, `animationFrameId`, `defaultScript`, `defaultScriptIntensity`, `elasticity`, `friction`, `locationId`, `modelTableId`, `objectScale`, `physicsBitField`, `physicsTableId`, `motionTableId`, `soundTableId`, `physicsState`, `translucency`)
VALUES (2087358533, 'Life Stone', 268435456, 0, 0, 1, 16404, 0, 0, 0, 0, 0, 0, 9437232, 0, 100668245, 0, 0, 0, 0, 0, 0, 0, 0, 4, 0, 0, 0, 0, 0, 32, 2, 0, 0, 0, 0, 0, 0, 0, 0, 0, 33555182, 0, 100355, 0, 150994982, 536870932, 1040, 0);

INSERT INTO `ace_object` (`baseAceObjectId`, `weenieClassId`, `landblock`, `cell`, `posX`, `posY`, `posZ`, `qW`, `qX`, `qY`, `qZ`)
VALUES (2087358533, 509, 50857, 28, 80.4637, 81.6297, 42, -0.9999852, 0, 0, 0.005434721);

INSERT INTO `base_ace_object` (`baseAceObjectId`, `name`, `typeId`, `paletteId`, `ammoType`, `blipColor`, `bitField`, `burden`, `combatUse`, `cooldownDuration`, `cooldownId`, `effects`, `containersCapacity`, `header`, `hookTypeId`, `iconId`, `iconOverlayId`, `iconUnderlayId`, `hookItemTypes`, `itemsCapacity`, `location`, `materialType`, `maxStackSize`, `maxStructure`, `radar`, `pscript`, `spellId`, `stackSize`, `structure`, `targetTypeId`, `usability`, `useRadius`, `validLocations`, `value`, `workmanship`, `animationFrameId`, `defaultScript`, `defaultScriptIntensity`, `elasticity`, `friction`, `locationId`, `modelTableId`, `objectScale`, `physicsBitField`, `physicsTableId`, `motionTableId`, `soundTableId`, `physicsState`, `translucency`)
VALUES (2048540706, 'Life Stone', 268435456, 0, 0, 1, 16404, 0, 0, 0, 0, 0, 0, 9437232, 0, 100668245, 0, 0, 0, 0, 0, 0, 0, 0, 4, 0, 0, 0, 0, 0, 32, 2, 0, 0, 0, 0, 0, 0, 0, 0, 0, 33555182, 0, 100355, 0, 150994982, 536870932, 1040, 0);

INSERT INTO `ace_object` (`baseAceObjectId`, `weenieClassId`, `landblock`, `cell`, `posX`, `posY`, `posZ`, `qW`, `qX`, `qY`, `qZ`)
VALUES (2048540706, 509, 41380, 5, 5.4, 101.28, 50, 1, 0, 0, 0);

INSERT INTO `base_ace_object` (`baseAceObjectId`, `name`, `typeId`, `paletteId`, `ammoType`, `blipColor`, `bitField`, `burden`, `combatUse`, `cooldownDuration`, `cooldownId`, `effects`, `containersCapacity`, `header`, `hookTypeId`, `iconId`, `iconOverlayId`, `iconUnderlayId`, `hookItemTypes`, `itemsCapacity`, `location`, `materialType`, `maxStackSize`, `maxStructure`, `radar`, `pscript`, `spellId`, `stackSize`, `structure`, `targetTypeId`, `usability`, `useRadius`, `validLocations`, `value`, `workmanship`, `animationFrameId`, `defaultScript`, `defaultScriptIntensity`, `elasticity`, `friction`, `locationId`, `modelTableId`, `objectScale`, `physicsBitField`, `physicsTableId`, `motionTableId`, `soundTableId`, `physicsState`, `translucency`)
VALUES (2030895104, 'Life Stone', 268435456, 0, 0, 1, 16404, 0, 0, 0, 0, 0, 0, 9437232, 0, 100668245, 0, 0, 0, 0, 0, 0, 0, 0, 4, 0, 0, 0, 0, 0, 32, 2, 0, 0, 0, 0, 0, 0, 0, 0, 0, 33555182, 0, 100355, 0, 150994982, 536870932, 1040, 0);

INSERT INTO `ace_object` (`baseAceObjectId`, `weenieClassId`, `landblock`, `cell`, `posX`, `posY`, `posZ`, `qW`, `qX`, `qY`, `qZ`)
VALUES (2030895104, 509, 37072, 12, 36.7909, 89.1648, 282.9341, -0.9481963, 0, 0, -0.3176851);

INSERT INTO `base_ace_object` (`baseAceObjectId`, `name`, `typeId`, `paletteId`, `ammoType`, `blipColor`, `bitField`, `burden`, `combatUse`, `cooldownDuration`, `cooldownId`, `effects`, `containersCapacity`, `header`, `hookTypeId`, `iconId`, `iconOverlayId`, `iconUnderlayId`, `hookItemTypes`, `itemsCapacity`, `location`, `materialType`, `maxStackSize`, `maxStructure`, `radar`, `pscript`, `spellId`, `stackSize`, `structure`, `targetTypeId`, `usability`, `useRadius`, `validLocations`, `value`, `workmanship`, `animationFrameId`, `defaultScript`, `defaultScriptIntensity`, `elasticity`, `friction`, `locationId`, `modelTableId`, `objectScale`, `physicsBitField`, `physicsTableId`, `motionTableId`, `soundTableId`, `physicsState`, `translucency`)
VALUES (2089717762, 'Life Stone', 268435456, 0, 0, 1, 16404, 0, 0, 0, 0, 0, 0, 9437232, 0, 100668245, 0, 0, 0, 0, 0, 0, 0, 0, 4, 0, 0, 0, 0, 0, 32, 2, 0, 0, 0, 0, 0, 0, 0, 0, 0, 33555182, 0, 100355, 0, 150994982, 536870932, 1040, 0);

INSERT INTO `ace_object` (`baseAceObjectId`, `weenieClassId`, `landblock`, `cell`, `posX`, `posY`, `posZ`, `qW`, `qX`, `qY`, `qZ`)
VALUES (2089717762, 509, 51433, 42, 132.475, 38.2142, 0, -0.9432769, 0, 0, -0.332007);

INSERT INTO `base_ace_object` (`baseAceObjectId`, `name`, `typeId`, `paletteId`, `ammoType`, `blipColor`, `bitField`, `burden`, `combatUse`, `cooldownDuration`, `cooldownId`, `effects`, `containersCapacity`, `header`, `hookTypeId`, `iconId`, `iconOverlayId`, `iconUnderlayId`, `hookItemTypes`, `itemsCapacity`, `location`, `materialType`, `maxStackSize`, `maxStructure`, `radar`, `pscript`, `spellId`, `stackSize`, `structure`, `targetTypeId`, `usability`, `useRadius`, `validLocations`, `value`, `workmanship`, `animationFrameId`, `defaultScript`, `defaultScriptIntensity`, `elasticity`, `friction`, `locationId`, `modelTableId`, `objectScale`, `physicsBitField`, `physicsTableId`, `motionTableId`, `soundTableId`, `physicsState`, `translucency`)
VALUES (1924210744, 'Life Stone', 268435456, 0, 0, 1, 16404, 0, 0, 0, 0, 0, 0, 9437232, 0, 100668245, 0, 0, 0, 0, 0, 0, 0, 0, 4, 0, 0, 0, 0, 0, 32, 2, 0, 0, 0, 0, 0, 0, 0, 0, 0, 33555182, 0, 100355, 0, 150994982, 536870932, 1040, 0);

INSERT INTO `ace_object` (`baseAceObjectId`, `weenieClassId`, `landblock`, `cell`, `posX`, `posY`, `posZ`, `qW`, `qX`, `qY`, `qZ`)
VALUES (1924210744, 509, 11026, 33, 109.413, 9.47661, 48, 0.864827, 0, 0, -0.50207);

INSERT INTO `base_ace_object` (`baseAceObjectId`, `name`, `typeId`, `paletteId`, `ammoType`, `blipColor`, `bitField`, `burden`, `combatUse`, `cooldownDuration`, `cooldownId`, `effects`, `containersCapacity`, `header`, `hookTypeId`, `iconId`, `iconOverlayId`, `iconUnderlayId`, `hookItemTypes`, `itemsCapacity`, `location`, `materialType`, `maxStackSize`, `maxStructure`, `radar`, `pscript`, `spellId`, `stackSize`, `structure`, `targetTypeId`, `usability`, `useRadius`, `validLocations`, `value`, `workmanship`, `animationFrameId`, `defaultScript`, `defaultScriptIntensity`, `elasticity`, `friction`, `locationId`, `modelTableId`, `objectScale`, `physicsBitField`, `physicsTableId`, `motionTableId`, `soundTableId`, `physicsState`, `translucency`)
VALUES (2090184781, 'Life Stone', 268435456, 0, 0, 1, 16404, 0, 0, 0, 0, 0, 0, 9437232, 0, 100668245, 0, 0, 0, 0, 0, 0, 0, 0, 4, 0, 0, 0, 0, 0, 32, 2, 0, 0, 0, 0, 0, 0, 0, 0, 0, 33555182, 0, 100355, 0, 150994982, 536870932, 1040, 0);

INSERT INTO `ace_object` (`baseAceObjectId`, `weenieClassId`, `landblock`, `cell`, `posX`, `posY`, `posZ`, `qW`, `qX`, `qY`, `qZ`)
VALUES (2090184781, 509, 51547, 36, 111.467, 87.5341, 12, -0.8695362, 0, 0, 0.4938692);

INSERT INTO `base_ace_object` (`baseAceObjectId`, `name`, `typeId`, `paletteId`, `ammoType`, `blipColor`, `bitField`, `burden`, `combatUse`, `cooldownDuration`, `cooldownId`, `effects`, `containersCapacity`, `header`, `hookTypeId`, `iconId`, `iconOverlayId`, `iconUnderlayId`, `hookItemTypes`, `itemsCapacity`, `location`, `materialType`, `maxStackSize`, `maxStructure`, `radar`, `pscript`, `spellId`, `stackSize`, `structure`, `targetTypeId`, `usability`, `useRadius`, `validLocations`, `value`, `workmanship`, `animationFrameId`, `defaultScript`, `defaultScriptIntensity`, `elasticity`, `friction`, `locationId`, `modelTableId`, `objectScale`, `physicsBitField`, `physicsTableId`, `motionTableId`, `soundTableId`, `physicsState`, `translucency`)
VALUES (2090184783, 'Bind Stone', 268435456, 67113296, 0, 1, 134217748, 0, 0, 0, 0, 0, 0, 9437232, 0, 100671884, 0, 0, 0, 0, 0, 0, 0, 0, 4, 0, 0, 0, 0, 0, 32, 2, 0, 0, 0, 0, 0, 0, 0, 0, 0, 33558700, 0, 100355, 0, 150995296, 536870932, 1040, 0);

INSERT INTO `ace_object` (`baseAceObjectId`, `weenieClassId`, `landblock`, `cell`, `posX`, `posY`, `posZ`, `qW`, `qX`, `qY`, `qZ`)
VALUES (2090184783, 27547, 51547, 39, 116.226, 154.406, 12, -0.980093, 0, 0, 0.198539);

INSERT INTO `ace_object_palette_changes` (`baseAceObjectId`, `subPaletteId`, `offset`, `length`)
VALUES (2090184783, 67115144, 0, 2048);

INSERT INTO `base_ace_object` (`baseAceObjectId`, `name`, `typeId`, `paletteId`, `ammoType`, `blipColor`, `bitField`, `burden`, `combatUse`, `cooldownDuration`, `cooldownId`, `effects`, `containersCapacity`, `header`, `hookTypeId`, `iconId`, `iconOverlayId`, `iconUnderlayId`, `hookItemTypes`, `itemsCapacity`, `location`, `materialType`, `maxStackSize`, `maxStructure`, `radar`, `pscript`, `spellId`, `stackSize`, `structure`, `targetTypeId`, `usability`, `useRadius`, `validLocations`, `value`, `workmanship`, `animationFrameId`, `defaultScript`, `defaultScriptIntensity`, `elasticity`, `friction`, `locationId`, `modelTableId`, `objectScale`, `physicsBitField`, `physicsTableId`, `motionTableId`, `soundTableId`, `physicsState`, `translucency`)
VALUES (2088103941, 'Life Stone', 268435456, 0, 0, 1, 16404, 0, 0, 0, 0, 0, 0, 9437232, 0, 100668245, 0, 0, 0, 0, 0, 0, 0, 0, 4, 0, 0, 0, 0, 0, 32, 2, 0, 0, 0, 0, 0, 0, 0, 0, 0, 33555182, 0, 100355, 0, 150994982, 536870932, 1040, 0);

INSERT INTO `ace_object` (`baseAceObjectId`, `weenieClassId`, `landblock`, `cell`, `posX`, `posY`, `posZ`, `qW`, `qX`, `qY`, `qZ`)
VALUES (2088103941, 509, 51039, 42, 136.247, 35.2271, 6, -0.7678612, 0, 0, -0.6406162);

INSERT INTO `base_ace_object` (`baseAceObjectId`, `name`, `typeId`, `paletteId`, `ammoType`, `blipColor`, `bitField`, `burden`, `combatUse`, `cooldownDuration`, `cooldownId`, `effects`, `containersCapacity`, `header`, `hookTypeId`, `iconId`, `iconOverlayId`, `iconUnderlayId`, `hookItemTypes`, `itemsCapacity`, `location`, `materialType`, `maxStackSize`, `maxStructure`, `radar`, `pscript`, `spellId`, `stackSize`, `structure`, `targetTypeId`, `usability`, `useRadius`, `validLocations`, `value`, `workmanship`, `animationFrameId`, `defaultScript`, `defaultScriptIntensity`, `elasticity`, `friction`, `locationId`, `modelTableId`, `objectScale`, `physicsBitField`, `physicsTableId`, `motionTableId`, `soundTableId`, `physicsState`, `translucency`)
VALUES (1984778298, 'Life Stone', 268435456, 0, 0, 1, 16404, 0, 0, 0, 0, 0, 0, 9437232, 0, 100668245, 0, 0, 0, 0, 0, 0, 0, 0, 4, 0, 0, 0, 0, 0, 32, 2, 0, 0, 0, 0, 0, 0, 0, 0, 0, 33555182, 0, 100355, 0, 150994982, 536870932, 1040, 0);

INSERT INTO `ace_object` (`baseAceObjectId`, `weenieClassId`, `landblock`, `cell`, `posX`, `posY`, `posZ`, `qW`, `qX`, `qY`, `qZ`)
VALUES (1984778298, 509, 25813, 13, 29.2109, 99.801, 78, -0.9997835, 0, 0, -0.02080809);

INSERT INTO `base_ace_object` (`baseAceObjectId`, `name`, `typeId`, `paletteId`, `ammoType`, `blipColor`, `bitField`, `burden`, `combatUse`, `cooldownDuration`, `cooldownId`, `effects`, `containersCapacity`, `header`, `hookTypeId`, `iconId`, `iconOverlayId`, `iconUnderlayId`, `hookItemTypes`, `itemsCapacity`, `location`, `materialType`, `maxStackSize`, `maxStructure`, `radar`, `pscript`, `spellId`, `stackSize`, `structure`, `targetTypeId`, `usability`, `useRadius`, `validLocations`, `value`, `workmanship`, `animationFrameId`, `defaultScript`, `defaultScriptIntensity`, `elasticity`, `friction`, `locationId`, `modelTableId`, `objectScale`, `physicsBitField`, `physicsTableId`, `motionTableId`, `soundTableId`, `physicsState`, `translucency`)
VALUES (2090389505, 'Life Stone', 268435456, 0, 0, 1, 16404, 0, 0, 0, 0, 0, 0, 9437232, 0, 100668245, 0, 0, 0, 0, 0, 0, 0, 0, 4, 0, 0, 0, 0, 0, 32, 2, 0, 0, 0, 0, 0, 0, 0, 0, 0, 33555182, 0, 100355, 0, 150994982, 536870932, 1040, 0);

INSERT INTO `ace_object` (`baseAceObjectId`, `weenieClassId`, `landblock`, `cell`, `posX`, `posY`, `posZ`, `qW`, `qX`, `qY`, `qZ`)
VALUES (2090389505, 509, 51597, 44, 134.193, 92.2762, 22, -0.7706059, 0, 0, -0.6373119);

INSERT INTO `base_ace_object` (`baseAceObjectId`, `name`, `typeId`, `paletteId`, `ammoType`, `blipColor`, `bitField`, `burden`, `combatUse`, `cooldownDuration`, `cooldownId`, `effects`, `containersCapacity`, `header`, `hookTypeId`, `iconId`, `iconOverlayId`, `iconUnderlayId`, `hookItemTypes`, `itemsCapacity`, `location`, `materialType`, `maxStackSize`, `maxStructure`, `radar`, `pscript`, `spellId`, `stackSize`, `structure`, `targetTypeId`, `usability`, `useRadius`, `validLocations`, `value`, `workmanship`, `animationFrameId`, `defaultScript`, `defaultScriptIntensity`, `elasticity`, `friction`, `locationId`, `modelTableId`, `objectScale`, `physicsBitField`, `physicsTableId`, `motionTableId`, `soundTableId`, `physicsState`, `translucency`)
VALUES (2089340929, 'Bind Stone', 268435456, 67113296, 0, 1, 134217748, 0, 0, 0, 0, 0, 0, 9437232, 0, 100671884, 0, 0, 0, 0, 0, 0, 0, 0, 4, 0, 0, 0, 0, 0, 32, 2, 0, 0, 0, 0, 0, 0, 0, 0, 0, 33558700, 0, 100355, 0, 150995296, 536870932, 1040, 0);

INSERT INTO `ace_object` (`baseAceObjectId`, `weenieClassId`, `landblock`, `cell`, `posX`, `posY`, `posZ`, `qW`, `qX`, `qY`, `qZ`)
VALUES (2089340929, 27547, 51341, 9, 46.2842, 10.5845, 22, 0.9285126, 0, 0, 0.3713008);

INSERT INTO `ace_object_palette_changes` (`baseAceObjectId`, `subPaletteId`, `offset`, `length`)
VALUES (2089340929, 67115144, 0, 2048);

INSERT INTO `base_ace_object` (`baseAceObjectId`, `name`, `typeId`, `paletteId`, `ammoType`, `blipColor`, `bitField`, `burden`, `combatUse`, `cooldownDuration`, `cooldownId`, `effects`, `containersCapacity`, `header`, `hookTypeId`, `iconId`, `iconOverlayId`, `iconUnderlayId`, `hookItemTypes`, `itemsCapacity`, `location`, `materialType`, `maxStackSize`, `maxStructure`, `radar`, `pscript`, `spellId`, `stackSize`, `structure`, `targetTypeId`, `usability`, `useRadius`, `validLocations`, `value`, `workmanship`, `animationFrameId`, `defaultScript`, `defaultScriptIntensity`, `elasticity`, `friction`, `locationId`, `modelTableId`, `objectScale`, `physicsBitField`, `physicsTableId`, `motionTableId`, `soundTableId`, `physicsState`, `translucency`)
VALUES (2095665256, 'Bind Stone', 268435456, 67113296, 0, 1, 134217748, 0, 0, 0, 0, 0, 0, 9437232, 0, 100671884, 0, 0, 0, 0, 0, 0, 0, 0, 4, 0, 0, 0, 0, 0, 32, 2, 0, 0, 0, 0, 0, 0, 0, 0, 0, 33558700, 0, 100355, 0, 150995296, 536870932, 1040, 0);

INSERT INTO `ace_object` (`baseAceObjectId`, `weenieClassId`, `landblock`, `cell`, `posX`, `posY`, `posZ`, `qW`, `qX`, `qY`, `qZ`)
VALUES (2095665256, 27547, 52885, 52, 158.128, 95.0613, 20, 0.8105913, 0, 0, -0.5856122);

INSERT INTO `ace_object_palette_changes` (`baseAceObjectId`, `subPaletteId`, `offset`, `length`)
VALUES (2095665256, 67115144, 0, 2048);

INSERT INTO `base_ace_object` (`baseAceObjectId`, `name`, `typeId`, `paletteId`, `ammoType`, `blipColor`, `bitField`, `burden`, `combatUse`, `cooldownDuration`, `cooldownId`, `effects`, `containersCapacity`, `header`, `hookTypeId`, `iconId`, `iconOverlayId`, `iconUnderlayId`, `hookItemTypes`, `itemsCapacity`, `location`, `materialType`, `maxStackSize`, `maxStructure`, `radar`, `pscript`, `spellId`, `stackSize`, `structure`, `targetTypeId`, `usability`, `useRadius`, `validLocations`, `value`, `workmanship`, `animationFrameId`, `defaultScript`, `defaultScriptIntensity`, `elasticity`, `friction`, `locationId`, `modelTableId`, `objectScale`, `physicsBitField`, `physicsTableId`, `motionTableId`, `soundTableId`, `physicsState`, `translucency`)
VALUES (2096713728, 'Life Stone', 268435456, 0, 0, 1, 16404, 0, 0, 0, 0, 0, 0, 9437232, 0, 100668245, 0, 0, 0, 0, 0, 0, 0, 0, 4, 0, 0, 0, 0, 0, 32, 2, 0, 0, 0, 0, 0, 0, 0, 0, 0, 33555182, 0, 100355, 0, 150994982, 536870932, 1040, 0);

INSERT INTO `ace_object` (`baseAceObjectId`, `weenieClassId`, `landblock`, `cell`, `posX`, `posY`, `posZ`, `qW`, `qX`, `qY`, `qZ`)
VALUES (2096713728, 509, 53141, 54, 146.905, 134.13, 20, -0.9903731, 0, 0, 0.138424);

INSERT INTO `base_ace_object` (`baseAceObjectId`, `name`, `typeId`, `paletteId`, `ammoType`, `blipColor`, `bitField`, `burden`, `combatUse`, `cooldownDuration`, `cooldownId`, `effects`, `containersCapacity`, `header`, `hookTypeId`, `iconId`, `iconOverlayId`, `iconUnderlayId`, `hookItemTypes`, `itemsCapacity`, `location`, `materialType`, `maxStackSize`, `maxStructure`, `radar`, `pscript`, `spellId`, `stackSize`, `structure`, `targetTypeId`, `usability`, `useRadius`, `validLocations`, `value`, `workmanship`, `animationFrameId`, `defaultScript`, `defaultScriptIntensity`, `elasticity`, `friction`, `locationId`, `modelTableId`, `objectScale`, `physicsBitField`, `physicsTableId`, `motionTableId`, `soundTableId`, `physicsState`, `translucency`)
VALUES (2086309892, 'Bind Stone', 268435456, 67113296, 0, 1, 134217748, 0, 0, 0, 0, 0, 0, 9437232, 0, 100671884, 0, 0, 0, 0, 0, 0, 0, 0, 4, 0, 0, 0, 0, 0, 32, 2, 0, 0, 0, 0, 0, 0, 0, 0, 0, 33558700, 0, 100355, 0, 150995296, 536870932, 1040, 0);

INSERT INTO `ace_object` (`baseAceObjectId`, `weenieClassId`, `landblock`, `cell`, `posX`, `posY`, `posZ`, `qW`, `qX`, `qY`, `qZ`)
VALUES (2086309892, 27547, 50601, 12, 38.5916, 88.6518, 52, -0.7768597, 0, 0, -0.6296738);

INSERT INTO `ace_object_palette_changes` (`baseAceObjectId`, `subPaletteId`, `offset`, `length`)
VALUES (2086309892, 67115144, 0, 2048);

INSERT INTO `base_ace_object` (`baseAceObjectId`, `name`, `typeId`, `paletteId`, `ammoType`, `blipColor`, `bitField`, `burden`, `combatUse`, `cooldownDuration`, `cooldownId`, `effects`, `containersCapacity`, `header`, `hookTypeId`, `iconId`, `iconOverlayId`, `iconUnderlayId`, `hookItemTypes`, `itemsCapacity`, `location`, `materialType`, `maxStackSize`, `maxStructure`, `radar`, `pscript`, `spellId`, `stackSize`, `structure`, `targetTypeId`, `usability`, `useRadius`, `validLocations`, `value`, `workmanship`, `animationFrameId`, `defaultScript`, `defaultScriptIntensity`, `elasticity`, `friction`, `locationId`, `modelTableId`, `objectScale`, `physicsBitField`, `physicsTableId`, `motionTableId`, `soundTableId`, `physicsState`, `translucency`)
VALUES (1975107595, 'Life Stone', 268435456, 0, 0, 1, 16404, 0, 0, 0, 0, 0, 0, 9437232, 0, 100668245, 0, 0, 0, 0, 0, 0, 0, 0, 4, 0, 0, 0, 0, 0, 32, 2, 0, 0, 0, 0, 0, 0, 0, 0, 0, 33555182, 0, 100355, 0, 150994982, 536870932, 1040, 0);

INSERT INTO `ace_object` (`baseAceObjectId`, `weenieClassId`, `landblock`, `cell`, `posX`, `posY`, `posZ`, `qW`, `qX`, `qY`, `qZ`)
VALUES (1975107595, 509, 23452, 39, 119.04, 151.61, 14, 0.9971694, 0, 0, -0.07518832);

INSERT INTO `base_ace_object` (`baseAceObjectId`, `name`, `typeId`, `paletteId`, `ammoType`, `blipColor`, `bitField`, `burden`, `combatUse`, `cooldownDuration`, `cooldownId`, `effects`, `containersCapacity`, `header`, `hookTypeId`, `iconId`, `iconOverlayId`, `iconUnderlayId`, `hookItemTypes`, `itemsCapacity`, `location`, `materialType`, `maxStackSize`, `maxStructure`, `radar`, `pscript`, `spellId`, `stackSize`, `structure`, `targetTypeId`, `usability`, `useRadius`, `validLocations`, `value`, `workmanship`, `animationFrameId`, `defaultScript`, `defaultScriptIntensity`, `elasticity`, `friction`, `locationId`, `modelTableId`, `objectScale`, `physicsBitField`, `physicsTableId`, `motionTableId`, `soundTableId`, `physicsState`, `translucency`)
VALUES (1916641280, 'Life Stone', 268435456, 0, 0, 1, 16404, 0, 0, 0, 0, 0, 0, 9437232, 0, 100668245, 0, 0, 0, 0, 0, 0, 0, 0, 4, 0, 0, 0, 0, 0, 32, 2, 0, 0, 0, 0, 0, 0, 0, 0, 0, 33555182, 0, 100355, 0, 150994982, 536870932, 1040, 0);

INSERT INTO `ace_object` (`baseAceObjectId`, `weenieClassId`, `landblock`, `cell`, `posX`, `posY`, `posZ`, `qW`, `qX`, `qY`, `qZ`)
VALUES (1916641280, 509, 9178, 44, 135.975, 81.4763, 2, 0.1496069, 0, 0, 0.9887456);

INSERT INTO `base_ace_object` (`baseAceObjectId`, `name`, `typeId`, `paletteId`, `ammoType`, `blipColor`, `bitField`, `burden`, `combatUse`, `cooldownDuration`, `cooldownId`, `effects`, `containersCapacity`, `header`, `hookTypeId`, `iconId`, `iconOverlayId`, `iconUnderlayId`, `hookItemTypes`, `itemsCapacity`, `location`, `materialType`, `maxStackSize`, `maxStructure`, `radar`, `pscript`, `spellId`, `stackSize`, `structure`, `targetTypeId`, `usability`, `useRadius`, `validLocations`, `value`, `workmanship`, `animationFrameId`, `defaultScript`, `defaultScriptIntensity`, `elasticity`, `friction`, `locationId`, `modelTableId`, `objectScale`, `physicsBitField`, `physicsTableId`, `motionTableId`, `soundTableId`, `physicsState`, `translucency`)
VALUES (1896042496, 'Life Stone', 268435456, 0, 0, 1, 16404, 0, 0, 0, 0, 0, 0, 9437232, 0, 100668245, 0, 0, 0, 0, 0, 0, 0, 0, 4, 0, 0, 0, 0, 0, 32, 2, 0, 0, 0, 0, 0, 0, 0, 0, 0, 33555182, 0, 100355, 0, 150994982, 536870932, 1040, 0);

INSERT INTO `ace_object` (`baseAceObjectId`, `weenieClassId`, `landblock`, `cell`, `posX`, `posY`, `posZ`, `qW`, `qX`, `qY`, `qZ`)
VALUES (1896042496, 509, 4149, 62, 186.487, 129.966, 72, -0.3088641, 0, 0, 0.9511062);

INSERT INTO `base_ace_object` (`baseAceObjectId`, `name`, `typeId`, `paletteId`, `ammoType`, `blipColor`, `bitField`, `burden`, `combatUse`, `cooldownDuration`, `cooldownId`, `effects`, `containersCapacity`, `header`, `hookTypeId`, `iconId`, `iconOverlayId`, `iconUnderlayId`, `hookItemTypes`, `itemsCapacity`, `location`, `materialType`, `maxStackSize`, `maxStructure`, `radar`, `pscript`, `spellId`, `stackSize`, `structure`, `targetTypeId`, `usability`, `useRadius`, `validLocations`, `value`, `workmanship`, `animationFrameId`, `defaultScript`, `defaultScriptIntensity`, `elasticity`, `friction`, `locationId`, `modelTableId`, `objectScale`, `physicsBitField`, `physicsTableId`, `motionTableId`, `soundTableId`, `physicsState`, `translucency`)
VALUES (1882009601, 'Life Stone', 268435456, 0, 0, 1, 16404, 0, 0, 0, 0, 0, 0, 9437232, 0, 100668245, 0, 0, 0, 0, 0, 0, 0, 0, 4, 0, 0, 0, 0, 0, 32, 2, 0, 0, 0, 0, 0, 0, 0, 0, 0, 33555182, 0, 100355, 0, 150994982, 536870932, 1040, 0);

INSERT INTO `ace_object` (`baseAceObjectId`, `weenieClassId`, `landblock`, `cell`, `posX`, `posY`, `posZ`, `qW`, `qX`, `qY`, `qZ`)
VALUES (1882009601, 509, 723, 266, 21.5664, -40.9855, 0, -4.37114E-08, 0, 0, -1);

INSERT INTO `base_ace_object` (`baseAceObjectId`, `name`, `typeId`, `paletteId`, `ammoType`, `blipColor`, `bitField`, `burden`, `combatUse`, `cooldownDuration`, `cooldownId`, `effects`, `containersCapacity`, `header`, `hookTypeId`, `iconId`, `iconOverlayId`, `iconUnderlayId`, `hookItemTypes`, `itemsCapacity`, `location`, `materialType`, `maxStackSize`, `maxStructure`, `radar`, `pscript`, `spellId`, `stackSize`, `structure`, `targetTypeId`, `usability`, `useRadius`, `validLocations`, `value`, `workmanship`, `animationFrameId`, `defaultScript`, `defaultScriptIntensity`, `elasticity`, `friction`, `locationId`, `modelTableId`, `objectScale`, `physicsBitField`, `physicsTableId`, `motionTableId`, `soundTableId`, `physicsState`, `translucency`)
VALUES (1880801289, 'Life Stone', 268435456, 0, 0, 1, 16404, 0, 0, 0, 0, 0, 0, 9437232, 0, 100668245, 0, 0, 0, 0, 0, 0, 0, 0, 4, 0, 0, 0, 0, 0, 32, 2, 0, 0, 0, 0, 0, 0, 0, 0, 0, 33555182, 0, 100355, 0, 150994982, 536870932, 1040, 0);

INSERT INTO `ace_object` (`baseAceObjectId`, `weenieClassId`, `landblock`, `cell`, `posX`, `posY`, `posZ`, `qW`, `qX`, `qY`, `qZ`)
VALUES (1880801289, 509, 428, 287, 40, -20, 0, -4.37114E-08, 0, 0, -1);

INSERT INTO `base_ace_object` (`baseAceObjectId`, `name`, `typeId`, `paletteId`, `ammoType`, `blipColor`, `bitField`, `burden`, `combatUse`, `cooldownDuration`, `cooldownId`, `effects`, `containersCapacity`, `header`, `hookTypeId`, `iconId`, `iconOverlayId`, `iconUnderlayId`, `hookItemTypes`, `itemsCapacity`, `location`, `materialType`, `maxStackSize`, `maxStructure`, `radar`, `pscript`, `spellId`, `stackSize`, `structure`, `targetTypeId`, `usability`, `useRadius`, `validLocations`, `value`, `workmanship`, `animationFrameId`, `defaultScript`, `defaultScriptIntensity`, `elasticity`, `friction`, `locationId`, `modelTableId`, `objectScale`, `physicsBitField`, `physicsTableId`, `motionTableId`, `soundTableId`, `physicsState`, `translucency`)
VALUES (1944932361, 'Life Stone', 268435456, 0, 0, 1, 16404, 0, 0, 0, 0, 0, 0, 9437232, 0, 100668245, 0, 0, 0, 0, 0, 0, 0, 0, 4, 0, 0, 0, 0, 0, 32, 2, 0, 0, 0, 0, 0, 0, 0, 0, 0, 33555182, 0, 100355, 0, 150994982, 536870932, 1040, 0);

INSERT INTO `ace_object` (`baseAceObjectId`, `weenieClassId`, `landblock`, `cell`, `posX`, `posY`, `posZ`, `qW`, `qX`, `qY`, `qZ`)
VALUES (1944932361, 509, 16085, 55, 151.496, 158.072, 0, -1, 0, 0, 0.000175099);

INSERT INTO `base_ace_object` (`baseAceObjectId`, `name`, `typeId`, `paletteId`, `ammoType`, `blipColor`, `bitField`, `burden`, `combatUse`, `cooldownDuration`, `cooldownId`, `effects`, `containersCapacity`, `header`, `hookTypeId`, `iconId`, `iconOverlayId`, `iconUnderlayId`, `hookItemTypes`, `itemsCapacity`, `location`, `materialType`, `maxStackSize`, `maxStructure`, `radar`, `pscript`, `spellId`, `stackSize`, `structure`, `targetTypeId`, `usability`, `useRadius`, `validLocations`, `value`, `workmanship`, `animationFrameId`, `defaultScript`, `defaultScriptIntensity`, `elasticity`, `friction`, `locationId`, `modelTableId`, `objectScale`, `physicsBitField`, `physicsTableId`, `motionTableId`, `soundTableId`, `physicsState`, `translucency`)
VALUES (1879805968, 'Mana Foci', 268435456, 0, 0, 0, 20, 0, 0, 0, 0, 0, 0, 8388624, 0, 100668245, 0, 0, 0, 0, 0, 0, 0, 0, 1, 0, 0, 0, 0, 0, 1, 0, 0, 0, 0, 0, 0, 0, 0, 0, 0, 33558189, 0, 100355, 0, 150995232, 536870932, 1040, 0);

INSERT INTO `ace_object` (`baseAceObjectId`, `weenieClassId`, `landblock`, `cell`, `posX`, `posY`, `posZ`, `qW`, `qX`, `qY`, `qZ`)
VALUES (1879805968, 37165, 185, 282, 102.212, -139.965, -24, -0.3826841, 0, 0, -0.9238793);

INSERT INTO `base_ace_object` (`baseAceObjectId`, `name`, `typeId`, `paletteId`, `ammoType`, `blipColor`, `bitField`, `burden`, `combatUse`, `cooldownDuration`, `cooldownId`, `effects`, `containersCapacity`, `header`, `hookTypeId`, `iconId`, `iconOverlayId`, `iconUnderlayId`, `hookItemTypes`, `itemsCapacity`, `location`, `materialType`, `maxStackSize`, `maxStructure`, `radar`, `pscript`, `spellId`, `stackSize`, `structure`, `targetTypeId`, `usability`, `useRadius`, `validLocations`, `value`, `workmanship`, `animationFrameId`, `defaultScript`, `defaultScriptIntensity`, `elasticity`, `friction`, `locationId`, `modelTableId`, `objectScale`, `physicsBitField`, `physicsTableId`, `motionTableId`, `soundTableId`, `physicsState`, `translucency`)
VALUES (1879805970, 'Mana Foci', 268435456, 0, 0, 0, 20, 0, 0, 0, 0, 0, 0, 8388624, 0, 100668245, 0, 0, 0, 0, 0, 0, 0, 0, 1, 0, 0, 0, 0, 0, 1, 0, 0, 0, 0, 0, 0, 0, 0, 0, 0, 33558189, 0, 100355, 0, 150995232, 536870932, 1040, 0);

INSERT INTO `ace_object` (`baseAceObjectId`, `weenieClassId`, `landblock`, `cell`, `posX`, `posY`, `posZ`, `qW`, `qX`, `qY`, `qZ`)
VALUES (1879805970, 37165, 185, 290, 117.76, -139.991, -24, 0.3826829, 0, 0, -0.9238797);

INSERT INTO `base_ace_object` (`baseAceObjectId`, `name`, `typeId`, `paletteId`, `ammoType`, `blipColor`, `bitField`, `burden`, `combatUse`, `cooldownDuration`, `cooldownId`, `effects`, `containersCapacity`, `header`, `hookTypeId`, `iconId`, `iconOverlayId`, `iconUnderlayId`, `hookItemTypes`, `itemsCapacity`, `location`, `materialType`, `maxStackSize`, `maxStructure`, `radar`, `pscript`, `spellId`, `stackSize`, `structure`, `targetTypeId`, `usability`, `useRadius`, `validLocations`, `value`, `workmanship`, `animationFrameId`, `defaultScript`, `defaultScriptIntensity`, `elasticity`, `friction`, `locationId`, `modelTableId`, `objectScale`, `physicsBitField`, `physicsTableId`, `motionTableId`, `soundTableId`, `physicsState`, `translucency`)
VALUES (3692698002, 'Eldrytch Web Banner', 268435456, 0, 0, 0, 20, 0, 0, 0, 0, 0, 0, 8388624, 0, 100689889, 0, 0, 0, 0, 0, 0, 0, 0, 1, 0, 0, 0, 0, 0, 1, 0, 0, 0, 0, 0, 0, 0, 0, 0, 0, 33560563, 0, 34817, 0, 0, 536870932, 1040, 0);

INSERT INTO `ace_object` (`baseAceObjectId`, `weenieClassId`, `landblock`, `cell`, `posX`, `posY`, `posZ`, `qW`, `qX`, `qY`, `qZ`)
VALUES (3692698002, 38054, 35331, 547, 229.2103, -358.9973, 0, -0.9238795, 0, 0, -0.3826835);

INSERT INTO `base_ace_object` (`baseAceObjectId`, `name`, `typeId`, `paletteId`, `ammoType`, `blipColor`, `bitField`, `burden`, `combatUse`, `cooldownDuration`, `cooldownId`, `effects`, `containersCapacity`, `header`, `hookTypeId`, `iconId`, `iconOverlayId`, `iconUnderlayId`, `hookItemTypes`, `itemsCapacity`, `location`, `materialType`, `maxStackSize`, `maxStructure`, `radar`, `pscript`, `spellId`, `stackSize`, `structure`, `targetTypeId`, `usability`, `useRadius`, `validLocations`, `value`, `workmanship`, `animationFrameId`, `defaultScript`, `defaultScriptIntensity`, `elasticity`, `friction`, `locationId`, `modelTableId`, `objectScale`, `physicsBitField`, `physicsTableId`, `motionTableId`, `soundTableId`, `physicsState`, `translucency`)
VALUES (3693483152, 'Eldrytch Web Banner', 268435456, 0, 0, 0, 20, 0, 0, 0, 0, 0, 0, 8388624, 0, 100689889, 0, 0, 0, 0, 0, 0, 0, 0, 1, 0, 0, 0, 0, 0, 1, 0, 0, 0, 0, 0, 0, 0, 0, 0, 0, 33560563, 0, 34817, 0, 0, 536870932, 1040, 0);

INSERT INTO `ace_object` (`baseAceObjectId`, `weenieClassId`, `landblock`, `cell`, `posX`, `posY`, `posZ`, `qW`, `qX`, `qY`, `qZ`)
VALUES (3693483152, 38054, 35331, 504, 211.1191, -359.3298, 0, 0.9238795, 0, 0, -0.3826835);

INSERT INTO `base_ace_object` (`baseAceObjectId`, `name`, `typeId`, `paletteId`, `ammoType`, `blipColor`, `bitField`, `burden`, `combatUse`, `cooldownDuration`, `cooldownId`, `effects`, `containersCapacity`, `header`, `hookTypeId`, `iconId`, `iconOverlayId`, `iconUnderlayId`, `hookItemTypes`, `itemsCapacity`, `location`, `materialType`, `maxStackSize`, `maxStructure`, `radar`, `pscript`, `spellId`, `stackSize`, `structure`, `targetTypeId`, `usability`, `useRadius`, `validLocations`, `value`, `workmanship`, `animationFrameId`, `defaultScript`, `defaultScriptIntensity`, `elasticity`, `friction`, `locationId`, `modelTableId`, `objectScale`, `physicsBitField`, `physicsTableId`, `motionTableId`, `soundTableId`, `physicsState`, `translucency`)
VALUES (2056994895, 'Life Stone', 268435456, 0, 0, 1, 16404, 0, 0, 0, 0, 0, 0, 9437232, 0, 100668245, 0, 0, 0, 0, 0, 0, 0, 0, 4, 0, 0, 0, 0, 0, 32, 2, 0, 0, 0, 0, 0, 0, 0, 0, 0, 33555182, 0, 100355, 0, 150994982, 536870932, 1040, 0);

INSERT INTO `ace_object` (`baseAceObjectId`, `weenieClassId`, `landblock`, `cell`, `posX`, `posY`, `posZ`, `qW`, `qX`, `qY`, `qZ`)
VALUES (2056994895, 509, 43444, 25, 81.3304, 11.7974, 94, 0.839091, 0, 0, -0.543991);

INSERT INTO `base_ace_object` (`baseAceObjectId`, `name`, `typeId`, `paletteId`, `ammoType`, `blipColor`, `bitField`, `burden`, `combatUse`, `cooldownDuration`, `cooldownId`, `effects`, `containersCapacity`, `header`, `hookTypeId`, `iconId`, `iconOverlayId`, `iconUnderlayId`, `hookItemTypes`, `itemsCapacity`, `location`, `materialType`, `maxStackSize`, `maxStructure`, `radar`, `pscript`, `spellId`, `stackSize`, `structure`, `targetTypeId`, `usability`, `useRadius`, `validLocations`, `value`, `workmanship`, `animationFrameId`, `defaultScript`, `defaultScriptIntensity`, `elasticity`, `friction`, `locationId`, `modelTableId`, `objectScale`, `physicsBitField`, `physicsTableId`, `motionTableId`, `soundTableId`, `physicsState`, `translucency`)
VALUES (2056994896, 'Bind Stone', 268435456, 67113296, 0, 1, 134217748, 0, 0, 0, 0, 0, 0, 9437232, 0, 100671884, 0, 0, 0, 0, 0, 0, 0, 0, 4, 0, 0, 0, 0, 0, 32, 2, 0, 0, 0, 0, 0, 0, 0, 0, 0, 33558700, 0, 100355, 0, 150995296, 536870932, 1040, 0);

INSERT INTO `ace_object` (`baseAceObjectId`, `weenieClassId`, `landblock`, `cell`, `posX`, `posY`, `posZ`, `qW`, `qX`, `qY`, `qZ`)
VALUES (2056994896, 27547, 43444, 50, 144.989, 41.5477, 94, -0.419254, 0, 0, 0.907869);

INSERT INTO `ace_object_palette_changes` (`baseAceObjectId`, `subPaletteId`, `offset`, `length`)
VALUES (2056994896, 67115144, 0, 2048);

INSERT INTO `base_ace_object` (`baseAceObjectId`, `name`, `typeId`, `paletteId`, `ammoType`, `blipColor`, `bitField`, `burden`, `combatUse`, `cooldownDuration`, `cooldownId`, `effects`, `containersCapacity`, `header`, `hookTypeId`, `iconId`, `iconOverlayId`, `iconUnderlayId`, `hookItemTypes`, `itemsCapacity`, `location`, `materialType`, `maxStackSize`, `maxStructure`, `radar`, `pscript`, `spellId`, `stackSize`, `structure`, `targetTypeId`, `usability`, `useRadius`, `validLocations`, `value`, `workmanship`, `animationFrameId`, `defaultScript`, `defaultScriptIntensity`, `elasticity`, `friction`, `locationId`, `modelTableId`, `objectScale`, `physicsBitField`, `physicsTableId`, `motionTableId`, `soundTableId`, `physicsState`, `translucency`)
VALUES (2119491593, 'Life Stone', 268435456, 0, 0, 1, 16404, 0, 0, 0, 0, 0, 0, 9437232, 0, 100668245, 0, 0, 0, 0, 0, 0, 0, 0, 4, 0, 0, 0, 0, 0, 32, 2, 0, 0, 0, 0, 0, 0, 0, 0, 0, 33555182, 0, 100355, 0, 150994982, 536870932, 1040, 0);

INSERT INTO `ace_object` (`baseAceObjectId`, `weenieClassId`, `landblock`, `cell`, `posX`, `posY`, `posZ`, `qW`, `qX`, `qY`, `qZ`)
VALUES (2119491593, 509, 58702, 29, 83.9762, 108.323, 12, 0.03399939, 0, 0, -0.9994218);

INSERT INTO `base_ace_object` (`baseAceObjectId`, `name`, `typeId`, `paletteId`, `ammoType`, `blipColor`, `bitField`, `burden`, `combatUse`, `cooldownDuration`, `cooldownId`, `effects`, `containersCapacity`, `header`, `hookTypeId`, `iconId`, `iconOverlayId`, `iconUnderlayId`, `hookItemTypes`, `itemsCapacity`, `location`, `materialType`, `maxStackSize`, `maxStructure`, `radar`, `pscript`, `spellId`, `stackSize`, `structure`, `targetTypeId`, `usability`, `useRadius`, `validLocations`, `value`, `workmanship`, `animationFrameId`, `defaultScript`, `defaultScriptIntensity`, `elasticity`, `friction`, `locationId`, `modelTableId`, `objectScale`, `physicsBitField`, `physicsTableId`, `motionTableId`, `soundTableId`, `physicsState`, `translucency`)
VALUES (2121588905, 'Life Stone', 268435456, 0, 0, 1, 16404, 0, 0, 0, 0, 0, 0, 9437232, 0, 100668245, 0, 0, 0, 0, 0, 0, 0, 0, 4, 0, 0, 0, 0, 0, 32, 2, 0, 0, 0, 0, 0, 0, 0, 0, 0, 33555182, 0, 100355, 0, 150994982, 536870932, 1040, 0);

INSERT INTO `ace_object` (`baseAceObjectId`, `weenieClassId`, `landblock`, `cell`, `posX`, `posY`, `posZ`, `qW`, `qX`, `qY`, `qZ`)
VALUES (2121588905, 509, 59214, 22, 68.3347, 123.928, 32, 0.2953041, 0, 0, -0.9554033);

INSERT INTO `base_ace_object` (`baseAceObjectId`, `name`, `typeId`, `paletteId`, `ammoType`, `blipColor`, `bitField`, `burden`, `combatUse`, `cooldownDuration`, `cooldownId`, `effects`, `containersCapacity`, `header`, `hookTypeId`, `iconId`, `iconOverlayId`, `iconUnderlayId`, `hookItemTypes`, `itemsCapacity`, `location`, `materialType`, `maxStackSize`, `maxStructure`, `radar`, `pscript`, `spellId`, `stackSize`, `structure`, `targetTypeId`, `usability`, `useRadius`, `validLocations`, `value`, `workmanship`, `animationFrameId`, `defaultScript`, `defaultScriptIntensity`, `elasticity`, `friction`, `locationId`, `modelTableId`, `objectScale`, `physicsBitField`, `physicsTableId`, `motionTableId`, `soundTableId`, `physicsState`, `translucency`)
VALUES (2121588914, 'Bind Stone', 268435456, 67113296, 0, 1, 134217748, 0, 0, 0, 0, 0, 0, 9437232, 0, 100671884, 0, 0, 0, 0, 0, 0, 0, 0, 4, 0, 0, 0, 0, 0, 32, 2, 0, 0, 0, 0, 0, 0, 0, 0, 0, 33558700, 0, 100355, 0, 150995296, 536870932, 1040, 0);

INSERT INTO `ace_object` (`baseAceObjectId`, `weenieClassId`, `landblock`, `cell`, `posX`, `posY`, `posZ`, `qW`, `qX`, `qY`, `qZ`)
VALUES (2121588914, 27547, 59214, 35, 119.401, 54.4146, 32, 0.02888459, 0, 0, 0.9995828);

INSERT INTO `ace_object_palette_changes` (`baseAceObjectId`, `subPaletteId`, `offset`, `length`)
VALUES (2121588914, 67115144, 0, 2048);

INSERT INTO `base_ace_object` (`baseAceObjectId`, `name`, `typeId`, `paletteId`, `ammoType`, `blipColor`, `bitField`, `burden`, `combatUse`, `cooldownDuration`, `cooldownId`, `effects`, `containersCapacity`, `header`, `hookTypeId`, `iconId`, `iconOverlayId`, `iconUnderlayId`, `hookItemTypes`, `itemsCapacity`, `location`, `materialType`, `maxStackSize`, `maxStructure`, `radar`, `pscript`, `spellId`, `stackSize`, `structure`, `targetTypeId`, `usability`, `useRadius`, `validLocations`, `value`, `workmanship`, `animationFrameId`, `defaultScript`, `defaultScriptIntensity`, `elasticity`, `friction`, `locationId`, `modelTableId`, `objectScale`, `physicsBitField`, `physicsTableId`, `motionTableId`, `soundTableId`, `physicsState`, `translucency`)
VALUES (2119442441, 'Life Stone', 268435456, 0, 0, 1, 16404, 0, 0, 0, 0, 0, 0, 9437232, 0, 100668245, 0, 0, 0, 0, 0, 0, 0, 0, 4, 0, 0, 0, 0, 0, 32, 2, 0, 0, 0, 0, 0, 0, 0, 0, 0, 33555182, 0, 100355, 0, 150994982, 536870932, 1040, 0);

INSERT INTO `ace_object` (`baseAceObjectId`, `weenieClassId`, `landblock`, `cell`, `posX`, `posY`, `posZ`, `qW`, `qX`, `qY`, `qZ`)
VALUES (2119442441, 509, 58690, 26, 85.5193, 25.5125, 58, 0.7557901, 0, 0, -0.6548141);

INSERT INTO `base_ace_object` (`baseAceObjectId`, `name`, `typeId`, `paletteId`, `ammoType`, `blipColor`, `bitField`, `burden`, `combatUse`, `cooldownDuration`, `cooldownId`, `effects`, `containersCapacity`, `header`, `hookTypeId`, `iconId`, `iconOverlayId`, `iconUnderlayId`, `hookItemTypes`, `itemsCapacity`, `location`, `materialType`, `maxStackSize`, `maxStructure`, `radar`, `pscript`, `spellId`, `stackSize`, `structure`, `targetTypeId`, `usability`, `useRadius`, `validLocations`, `value`, `workmanship`, `animationFrameId`, `defaultScript`, `defaultScriptIntensity`, `elasticity`, `friction`, `locationId`, `modelTableId`, `objectScale`, `physicsBitField`, `physicsTableId`, `motionTableId`, `soundTableId`, `physicsState`, `translucency`)
VALUES (2120470594, 'Bind Stone', 268435456, 67113296, 0, 1, 134217748, 0, 0, 0, 0, 0, 0, 9437232, 0, 100671884, 0, 0, 0, 0, 0, 0, 0, 0, 4, 0, 0, 0, 0, 0, 32, 2, 0, 0, 0, 0, 0, 0, 0, 0, 0, 33558700, 0, 100355, 0, 150995296, 536870932, 1040, 0);

INSERT INTO `ace_object` (`baseAceObjectId`, `weenieClassId`, `landblock`, `cell`, `posX`, `posY`, `posZ`, `qW`, `qX`, `qY`, `qZ`)
VALUES (2120470594, 27547, 58941, 38, 106.468, 143.584, 86, -0.448017, 0, 0, 0.894025);

INSERT INTO `ace_object_palette_changes` (`baseAceObjectId`, `subPaletteId`, `offset`, `length`)
VALUES (2120470594, 67115144, 0, 2048);

INSERT INTO `base_ace_object` (`baseAceObjectId`, `name`, `typeId`, `paletteId`, `ammoType`, `blipColor`, `bitField`, `burden`, `combatUse`, `cooldownDuration`, `cooldownId`, `effects`, `containersCapacity`, `header`, `hookTypeId`, `iconId`, `iconOverlayId`, `iconUnderlayId`, `hookItemTypes`, `itemsCapacity`, `location`, `materialType`, `maxStackSize`, `maxStructure`, `radar`, `pscript`, `spellId`, `stackSize`, `structure`, `targetTypeId`, `usability`, `useRadius`, `validLocations`, `value`, `workmanship`, `animationFrameId`, `defaultScript`, `defaultScriptIntensity`, `elasticity`, `friction`, `locationId`, `modelTableId`, `objectScale`, `physicsBitField`, `physicsTableId`, `motionTableId`, `soundTableId`, `physicsState`, `translucency`)
VALUES (2136313860, 'Life Stone', 268435456, 0, 0, 1, 16404, 0, 0, 0, 0, 0, 0, 9437232, 0, 100668245, 0, 0, 0, 0, 0, 0, 0, 0, 4, 0, 0, 0, 0, 0, 32, 2, 0, 0, 0, 0, 0, 0, 0, 0, 0, 33555182, 0, 100355, 0, 150994982, 536870932, 1040, 0);

INSERT INTO `ace_object` (`baseAceObjectId`, `weenieClassId`, `landblock`, `cell`, `posX`, `posY`, `posZ`, `qW`, `qX`, `qY`, `qZ`)
VALUES (2136313860, 509, 62809, 53, 163.24, 101.351, 20, 0.9740156, 0, 0, -0.2264809);

INSERT INTO `base_ace_object` (`baseAceObjectId`, `name`, `typeId`, `paletteId`, `ammoType`, `blipColor`, `bitField`, `burden`, `combatUse`, `cooldownDuration`, `cooldownId`, `effects`, `containersCapacity`, `header`, `hookTypeId`, `iconId`, `iconOverlayId`, `iconUnderlayId`, `hookItemTypes`, `itemsCapacity`, `location`, `materialType`, `maxStackSize`, `maxStructure`, `radar`, `pscript`, `spellId`, `stackSize`, `structure`, `targetTypeId`, `usability`, `useRadius`, `validLocations`, `value`, `workmanship`, `animationFrameId`, `defaultScript`, `defaultScriptIntensity`, `elasticity`, `friction`, `locationId`, `modelTableId`, `objectScale`, `physicsBitField`, `physicsTableId`, `motionTableId`, `soundTableId`, `physicsState`, `translucency`)
VALUES (2136313870, 'Bind Stone', 268435456, 67113296, 0, 1, 134217748, 0, 0, 0, 0, 0, 0, 9437232, 0, 100671884, 0, 0, 0, 0, 0, 0, 0, 0, 4, 0, 0, 0, 0, 0, 32, 2, 0, 0, 0, 0, 0, 0, 0, 0, 0, 33558700, 0, 100355, 0, 150995296, 536870932, 1040, 0);

INSERT INTO `ace_object` (`baseAceObjectId`, `weenieClassId`, `landblock`, `cell`, `posX`, `posY`, `posZ`, `qW`, `qX`, `qY`, `qZ`)
VALUES (2136313870, 27547, 62809, 61, 181.569, 98.2403, 20, -0.6960897, 0, 0, -0.7179548);

INSERT INTO `ace_object_palette_changes` (`baseAceObjectId`, `subPaletteId`, `offset`, `length`)
VALUES (2136313870, 67115144, 0, 2048);

INSERT INTO `base_ace_object` (`baseAceObjectId`, `name`, `typeId`, `paletteId`, `ammoType`, `blipColor`, `bitField`, `burden`, `combatUse`, `cooldownDuration`, `cooldownId`, `effects`, `containersCapacity`, `header`, `hookTypeId`, `iconId`, `iconOverlayId`, `iconUnderlayId`, `hookItemTypes`, `itemsCapacity`, `location`, `materialType`, `maxStackSize`, `maxStructure`, `radar`, `pscript`, `spellId`, `stackSize`, `structure`, `targetTypeId`, `usability`, `useRadius`, `validLocations`, `value`, `workmanship`, `animationFrameId`, `defaultScript`, `defaultScriptIntensity`, `elasticity`, `friction`, `locationId`, `modelTableId`, `objectScale`, `physicsBitField`, `physicsTableId`, `motionTableId`, `soundTableId`, `physicsState`, `translucency`)
VALUES (2094272604, 'Life Stone', 268435456, 0, 0, 1, 16404, 0, 0, 0, 0, 0, 0, 9437232, 0, 100668245, 0, 0, 0, 0, 0, 0, 0, 0, 4, 0, 0, 0, 0, 0, 32, 2, 0, 0, 0, 0, 0, 0, 0, 0, 0, 33555182, 0, 100355, 0, 150994982, 536870932, 1040, 0);

INSERT INTO `ace_object` (`baseAceObjectId`, `weenieClassId`, `landblock`, `cell`, `posX`, `posY`, `posZ`, `qW`, `qX`, `qY`, `qZ`)
VALUES (2094272604, 509, 52545, 28, 83.5755, 84.0811, 54, 0.430868, 0, 0, 0.902415);

INSERT INTO `base_ace_object` (`baseAceObjectId`, `name`, `typeId`, `paletteId`, `ammoType`, `blipColor`, `bitField`, `burden`, `combatUse`, `cooldownDuration`, `cooldownId`, `effects`, `containersCapacity`, `header`, `hookTypeId`, `iconId`, `iconOverlayId`, `iconUnderlayId`, `hookItemTypes`, `itemsCapacity`, `location`, `materialType`, `maxStackSize`, `maxStructure`, `radar`, `pscript`, `spellId`, `stackSize`, `structure`, `targetTypeId`, `usability`, `useRadius`, `validLocations`, `value`, `workmanship`, `animationFrameId`, `defaultScript`, `defaultScriptIntensity`, `elasticity`, `friction`, `locationId`, `modelTableId`, `objectScale`, `physicsBitField`, `physicsTableId`, `motionTableId`, `soundTableId`, `physicsState`, `translucency`)
VALUES (2094272606, 'Bind Stone', 268435456, 67113296, 0, 1, 134217748, 0, 0, 0, 0, 0, 0, 9437232, 0, 100671884, 0, 0, 0, 0, 0, 0, 0, 0, 4, 0, 0, 0, 0, 0, 32, 2, 0, 0, 0, 0, 0, 0, 0, 0, 0, 33558700, 0, 100355, 0, 150995296, 536870932, 1040, 0);

INSERT INTO `ace_object` (`baseAceObjectId`, `weenieClassId`, `landblock`, `cell`, `posX`, `posY`, `posZ`, `qW`, `qX`, `qY`, `qZ`)
VALUES (2094272606, 27547, 52545, 21, 59.4721, 116.82, 54, -0.9676449, 0, 0, -0.252316);

INSERT INTO `ace_object_palette_changes` (`baseAceObjectId`, `subPaletteId`, `offset`, `length`)
VALUES (2094272606, 67115144, 0, 2048);

INSERT INTO `base_ace_object` (`baseAceObjectId`, `name`, `typeId`, `paletteId`, `ammoType`, `blipColor`, `bitField`, `burden`, `combatUse`, `cooldownDuration`, `cooldownId`, `effects`, `containersCapacity`, `header`, `hookTypeId`, `iconId`, `iconOverlayId`, `iconUnderlayId`, `hookItemTypes`, `itemsCapacity`, `location`, `materialType`, `maxStackSize`, `maxStructure`, `radar`, `pscript`, `spellId`, `stackSize`, `structure`, `targetTypeId`, `usability`, `useRadius`, `validLocations`, `value`, `workmanship`, `animationFrameId`, `defaultScript`, `defaultScriptIntensity`, `elasticity`, `friction`, `locationId`, `modelTableId`, `objectScale`, `physicsBitField`, `physicsTableId`, `motionTableId`, `soundTableId`, `physicsState`, `translucency`)
VALUES (2010529858, 'Bind Stone', 268435456, 67113296, 0, 1, 134217748, 0, 0, 0, 0, 0, 0, 9437232, 0, 100671884, 0, 0, 0, 0, 0, 0, 0, 0, 4, 0, 0, 0, 0, 0, 32, 2, 0, 0, 0, 0, 0, 0, 0, 0, 0, 33558700, 0, 100355, 0, 150995296, 536870932, 1040, 0);

INSERT INTO `ace_object` (`baseAceObjectId`, `weenieClassId`, `landblock`, `cell`, `posX`, `posY`, `posZ`, `qW`, `qX`, `qY`, `qZ`)
VALUES (2010529858, 27547, 32100, 18, 54.1621, 33.492, 12, 0.7473574, 0, 0, 0.6644223);

INSERT INTO `ace_object_palette_changes` (`baseAceObjectId`, `subPaletteId`, `offset`, `length`)
VALUES (2010529858, 67115144, 0, 2048);

INSERT INTO `base_ace_object` (`baseAceObjectId`, `name`, `typeId`, `paletteId`, `ammoType`, `blipColor`, `bitField`, `burden`, `combatUse`, `cooldownDuration`, `cooldownId`, `effects`, `containersCapacity`, `header`, `hookTypeId`, `iconId`, `iconOverlayId`, `iconUnderlayId`, `hookItemTypes`, `itemsCapacity`, `location`, `materialType`, `maxStackSize`, `maxStructure`, `radar`, `pscript`, `spellId`, `stackSize`, `structure`, `targetTypeId`, `usability`, `useRadius`, `validLocations`, `value`, `workmanship`, `animationFrameId`, `defaultScript`, `defaultScriptIntensity`, `elasticity`, `friction`, `locationId`, `modelTableId`, `objectScale`, `physicsBitField`, `physicsTableId`, `motionTableId`, `soundTableId`, `physicsState`, `translucency`)
VALUES (2010529856, 'Life Stone', 268435456, 0, 0, 1, 16404, 0, 0, 0, 0, 0, 0, 9437232, 0, 100668245, 0, 0, 0, 0, 0, 0, 0, 0, 4, 0, 0, 0, 0, 0, 32, 2, 0, 0, 0, 0, 0, 0, 0, 0, 0, 33555182, 0, 100355, 0, 150994982, 536870932, 1040, 0);

INSERT INTO `ace_object` (`baseAceObjectId`, `weenieClassId`, `landblock`, `cell`, `posX`, `posY`, `posZ`, `qW`, `qX`, `qY`, `qZ`)
VALUES (2010529856, 509, 32100, 13, 37.7105, 105.788, 12, 0.6609458, 0, 0, -0.7504337);

INSERT INTO `base_ace_object` (`baseAceObjectId`, `name`, `typeId`, `paletteId`, `ammoType`, `blipColor`, `bitField`, `burden`, `combatUse`, `cooldownDuration`, `cooldownId`, `effects`, `containersCapacity`, `header`, `hookTypeId`, `iconId`, `iconOverlayId`, `iconUnderlayId`, `hookItemTypes`, `itemsCapacity`, `location`, `materialType`, `maxStackSize`, `maxStructure`, `radar`, `pscript`, `spellId`, `stackSize`, `structure`, `targetTypeId`, `usability`, `useRadius`, `validLocations`, `value`, `workmanship`, `animationFrameId`, `defaultScript`, `defaultScriptIntensity`, `elasticity`, `friction`, `locationId`, `modelTableId`, `objectScale`, `physicsBitField`, `physicsTableId`, `motionTableId`, `soundTableId`, `physicsState`, `translucency`)
VALUES (2107879473, 'Life Stone', 268435456, 0, 0, 1, 16404, 0, 0, 0, 0, 0, 0, 9437232, 0, 100668245, 0, 0, 0, 0, 0, 0, 0, 0, 4, 0, 0, 0, 0, 0, 32, 2, 0, 0, 0, 0, 0, 0, 0, 0, 0, 33555182, 0, 100355, 0, 150994982, 536870932, 1040, 0);

INSERT INTO `ace_object` (`baseAceObjectId`, `weenieClassId`, `landblock`, `cell`, `posX`, `posY`, `posZ`, `qW`, `qX`, `qY`, `qZ`)
VALUES (2107879473, 509, 55867, 51, 156.478, 57.1226, 0, -0.9723626, 0, 0, -0.2334759);

INSERT INTO `base_ace_object` (`baseAceObjectId`, `name`, `typeId`, `paletteId`, `ammoType`, `blipColor`, `bitField`, `burden`, `combatUse`, `cooldownDuration`, `cooldownId`, `effects`, `containersCapacity`, `header`, `hookTypeId`, `iconId`, `iconOverlayId`, `iconUnderlayId`, `hookItemTypes`, `itemsCapacity`, `location`, `materialType`, `maxStackSize`, `maxStructure`, `radar`, `pscript`, `spellId`, `stackSize`, `structure`, `targetTypeId`, `usability`, `useRadius`, `validLocations`, `value`, `workmanship`, `animationFrameId`, `defaultScript`, `defaultScriptIntensity`, `elasticity`, `friction`, `locationId`, `modelTableId`, `objectScale`, `physicsBitField`, `physicsTableId`, `motionTableId`, `soundTableId`, `physicsState`, `translucency`)
VALUES (2048540767, 'Bind Stone', 268435456, 67113296, 0, 1, 134217748, 0, 0, 0, 0, 0, 0, 9437232, 0, 100671884, 0, 0, 0, 0, 0, 0, 0, 0, 4, 0, 0, 0, 0, 0, 32, 2, 0, 0, 0, 0, 0, 0, 0, 0, 0, 33558700, 0, 100355, 0, 150995296, 536870932, 1040, 0);

INSERT INTO `ace_object` (`baseAceObjectId`, `weenieClassId`, `landblock`, `cell`, `posX`, `posY`, `posZ`, `qW`, `qX`, `qY`, `qZ`)
VALUES (2048540767, 27547, 41380, 47, 141.67, 163.534, 50, -0.407971, 0, 0, 0.9129949);

INSERT INTO `ace_object_palette_changes` (`baseAceObjectId`, `subPaletteId`, `offset`, `length`)
VALUES (2048540767, 67115144, 0, 2048);

INSERT INTO `base_ace_object` (`baseAceObjectId`, `name`, `typeId`, `paletteId`, `ammoType`, `blipColor`, `bitField`, `burden`, `combatUse`, `cooldownDuration`, `cooldownId`, `effects`, `containersCapacity`, `header`, `hookTypeId`, `iconId`, `iconOverlayId`, `iconUnderlayId`, `hookItemTypes`, `itemsCapacity`, `location`, `materialType`, `maxStackSize`, `maxStructure`, `radar`, `pscript`, `spellId`, `stackSize`, `structure`, `targetTypeId`, `usability`, `useRadius`, `validLocations`, `value`, `workmanship`, `animationFrameId`, `defaultScript`, `defaultScriptIntensity`, `elasticity`, `friction`, `locationId`, `modelTableId`, `objectScale`, `physicsBitField`, `physicsTableId`, `motionTableId`, `soundTableId`, `physicsState`, `translucency`)
VALUES (2076831821, 'Life Stone', 268435456, 0, 0, 1, 16404, 0, 0, 0, 0, 0, 0, 9437232, 0, 100668245, 0, 0, 0, 0, 0, 0, 0, 0, 4, 0, 0, 0, 0, 0, 32, 2, 0, 0, 0, 0, 0, 0, 0, 0, 0, 33555182, 0, 100355, 0, 150994982, 536870932, 1040, 0);

INSERT INTO `ace_object` (`baseAceObjectId`, `weenieClassId`, `landblock`, `cell`, `posX`, `posY`, `posZ`, `qW`, `qX`, `qY`, `qZ`)
VALUES (2076831821, 509, 48287, 52, 147.772, 75.9942, 32, -0.6766171, 0, 0, 0.736335);

INSERT INTO `base_ace_object` (`baseAceObjectId`, `name`, `typeId`, `paletteId`, `ammoType`, `blipColor`, `bitField`, `burden`, `combatUse`, `cooldownDuration`, `cooldownId`, `effects`, `containersCapacity`, `header`, `hookTypeId`, `iconId`, `iconOverlayId`, `iconUnderlayId`, `hookItemTypes`, `itemsCapacity`, `location`, `materialType`, `maxStackSize`, `maxStructure`, `radar`, `pscript`, `spellId`, `stackSize`, `structure`, `targetTypeId`, `usability`, `useRadius`, `validLocations`, `value`, `workmanship`, `animationFrameId`, `defaultScript`, `defaultScriptIntensity`, `elasticity`, `friction`, `locationId`, `modelTableId`, `objectScale`, `physicsBitField`, `physicsTableId`, `motionTableId`, `soundTableId`, `physicsState`, `translucency`)
VALUES (2076831823, 'Bind Stone', 268435456, 67113296, 0, 1, 134217748, 0, 0, 0, 0, 0, 0, 9437232, 0, 100671884, 0, 0, 0, 0, 0, 0, 0, 0, 4, 0, 0, 0, 0, 0, 32, 2, 0, 0, 0, 0, 0, 0, 0, 0, 0, 33558700, 0, 100355, 0, 150995296, 536870932, 1040, 0);

INSERT INTO `ace_object` (`baseAceObjectId`, `weenieClassId`, `landblock`, `cell`, `posX`, `posY`, `posZ`, `qW`, `qX`, `qY`, `qZ`)
VALUES (2076831823, 27547, 48287, 56, 160.467, 169.838, 32, 0.9269921, 0, 0, -0.375081);

INSERT INTO `ace_object_palette_changes` (`baseAceObjectId`, `subPaletteId`, `offset`, `length`)
VALUES (2076831823, 67115144, 0, 2048);

INSERT INTO `base_ace_object` (`baseAceObjectId`, `name`, `typeId`, `paletteId`, `ammoType`, `blipColor`, `bitField`, `burden`, `combatUse`, `cooldownDuration`, `cooldownId`, `effects`, `containersCapacity`, `header`, `hookTypeId`, `iconId`, `iconOverlayId`, `iconUnderlayId`, `hookItemTypes`, `itemsCapacity`, `location`, `materialType`, `maxStackSize`, `maxStructure`, `radar`, `pscript`, `spellId`, `stackSize`, `structure`, `targetTypeId`, `usability`, `useRadius`, `validLocations`, `value`, `workmanship`, `animationFrameId`, `defaultScript`, `defaultScriptIntensity`, `elasticity`, `friction`, `locationId`, `modelTableId`, `objectScale`, `physicsBitField`, `physicsTableId`, `motionTableId`, `soundTableId`, `physicsState`, `translucency`)
VALUES (1903460352, 'Life Stone', 268435456, 0, 0, 1, 16404, 0, 0, 0, 0, 0, 0, 9437232, 0, 100668245, 0, 0, 0, 0, 0, 0, 0, 0, 4, 0, 0, 0, 0, 0, 32, 2, 0, 0, 0, 0, 0, 0, 0, 0, 0, 33555182, 0, 100355, 0, 150994982, 536870932, 1040, 0);

INSERT INTO `ace_object` (`baseAceObjectId`, `weenieClassId`, `landblock`, `cell`, `posX`, `posY`, `posZ`, `qW`, `qX`, `qY`, `qZ`)
VALUES (1903460352, 509, 5960, 48, 132.042, 179.916, 16.39862, -0.3765069, 0, 0, -0.9264138);

INSERT INTO `base_ace_object` (`baseAceObjectId`, `name`, `typeId`, `paletteId`, `ammoType`, `blipColor`, `bitField`, `burden`, `combatUse`, `cooldownDuration`, `cooldownId`, `effects`, `containersCapacity`, `header`, `hookTypeId`, `iconId`, `iconOverlayId`, `iconUnderlayId`, `hookItemTypes`, `itemsCapacity`, `location`, `materialType`, `maxStackSize`, `maxStructure`, `radar`, `pscript`, `spellId`, `stackSize`, `structure`, `targetTypeId`, `usability`, `useRadius`, `validLocations`, `value`, `workmanship`, `animationFrameId`, `defaultScript`, `defaultScriptIntensity`, `elasticity`, `friction`, `locationId`, `modelTableId`, `objectScale`, `physicsBitField`, `physicsTableId`, `motionTableId`, `soundTableId`, `physicsState`, `translucency`)
VALUES (1919860739, 'Life Stone', 268435456, 0, 0, 1, 16404, 0, 0, 0, 0, 0, 0, 9437232, 0, 100668245, 0, 0, 0, 0, 0, 0, 0, 0, 4, 0, 0, 0, 0, 0, 32, 2, 0, 0, 0, 0, 0, 0, 0, 0, 0, 33555182, 0, 100355, 0, 150994982, 536870932, 1040, 0);

INSERT INTO `ace_object` (`baseAceObjectId`, `weenieClassId`, `landblock`, `cell`, `posX`, `posY`, `posZ`, `qW`, `qX`, `qY`, `qZ`)
VALUES (1919860739, 509, 9964, 61, 182.994, 108.757, 80, 0.000529433, 0, 0, -0.9999999);

INSERT INTO `base_ace_object` (`baseAceObjectId`, `name`, `typeId`, `paletteId`, `ammoType`, `blipColor`, `bitField`, `burden`, `combatUse`, `cooldownDuration`, `cooldownId`, `effects`, `containersCapacity`, `header`, `hookTypeId`, `iconId`, `iconOverlayId`, `iconUnderlayId`, `hookItemTypes`, `itemsCapacity`, `location`, `materialType`, `maxStackSize`, `maxStructure`, `radar`, `pscript`, `spellId`, `stackSize`, `structure`, `targetTypeId`, `usability`, `useRadius`, `validLocations`, `value`, `workmanship`, `animationFrameId`, `defaultScript`, `defaultScriptIntensity`, `elasticity`, `friction`, `locationId`, `modelTableId`, `objectScale`, `physicsBitField`, `physicsTableId`, `motionTableId`, `soundTableId`, `physicsState`, `translucency`)
VALUES (2037522502, 'Life Stone', 268435456, 0, 0, 1, 16404, 0, 0, 0, 0, 0, 0, 9437232, 0, 100668245, 0, 0, 0, 0, 0, 0, 0, 0, 4, 0, 0, 0, 0, 0, 32, 2, 0, 0, 0, 0, 0, 0, 0, 0, 0, 33555182, 0, 100355, 0, 150994982, 536870932, 1040, 0);

INSERT INTO `ace_object` (`baseAceObjectId`, `weenieClassId`, `landblock`, `cell`, `posX`, `posY`, `posZ`, `qW`, `qX`, `qY`, `qZ`)
VALUES (2037522502, 509, 38690, 51, 146.035, 65.7887, 102, 0.9390785, 0, 0, -0.3437028);

INSERT INTO `base_ace_object` (`baseAceObjectId`, `name`, `typeId`, `paletteId`, `ammoType`, `blipColor`, `bitField`, `burden`, `combatUse`, `cooldownDuration`, `cooldownId`, `effects`, `containersCapacity`, `header`, `hookTypeId`, `iconId`, `iconOverlayId`, `iconUnderlayId`, `hookItemTypes`, `itemsCapacity`, `location`, `materialType`, `maxStackSize`, `maxStructure`, `radar`, `pscript`, `spellId`, `stackSize`, `structure`, `targetTypeId`, `usability`, `useRadius`, `validLocations`, `value`, `workmanship`, `animationFrameId`, `defaultScript`, `defaultScriptIntensity`, `elasticity`, `friction`, `locationId`, `modelTableId`, `objectScale`, `physicsBitField`, `physicsTableId`, `motionTableId`, `soundTableId`, `physicsState`, `translucency`)
VALUES (2112163845, 'Life Stone', 268435456, 0, 0, 1, 16404, 0, 0, 0, 0, 0, 0, 9437232, 0, 100668245, 0, 0, 0, 0, 0, 0, 0, 0, 4, 0, 0, 0, 0, 0, 32, 2, 0, 0, 0, 0, 0, 0, 0, 0, 0, 33555182, 0, 100355, 0, 150994982, 536870932, 1040, 0);

INSERT INTO `ace_object` (`baseAceObjectId`, `weenieClassId`, `landblock`, `cell`, `posX`, `posY`, `posZ`, `qW`, `qX`, `qY`, `qZ`)
VALUES (2112163845, 509, 56913, 13, 27.1355, 101.376, 17.29071, -0.3211882, 0, 0, -0.9470154);

INSERT INTO `base_ace_object` (`baseAceObjectId`, `name`, `typeId`, `paletteId`, `ammoType`, `blipColor`, `bitField`, `burden`, `combatUse`, `cooldownDuration`, `cooldownId`, `effects`, `containersCapacity`, `header`, `hookTypeId`, `iconId`, `iconOverlayId`, `iconUnderlayId`, `hookItemTypes`, `itemsCapacity`, `location`, `materialType`, `maxStackSize`, `maxStructure`, `radar`, `pscript`, `spellId`, `stackSize`, `structure`, `targetTypeId`, `usability`, `useRadius`, `validLocations`, `value`, `workmanship`, `animationFrameId`, `defaultScript`, `defaultScriptIntensity`, `elasticity`, `friction`, `locationId`, `modelTableId`, `objectScale`, `physicsBitField`, `physicsTableId`, `motionTableId`, `soundTableId`, `physicsState`, `translucency`)
VALUES (1985826816, 'Life Stone', 268435456, 0, 0, 1, 16404, 0, 0, 0, 0, 0, 0, 9437232, 0, 100668245, 0, 0, 0, 0, 0, 0, 0, 0, 4, 0, 0, 0, 0, 0, 32, 2, 0, 0, 0, 0, 0, 0, 0, 0, 0, 33555182, 0, 100355, 0, 150994982, 536870932, 1040, 0);

INSERT INTO `ace_object` (`baseAceObjectId`, `weenieClassId`, `landblock`, `cell`, `posX`, `posY`, `posZ`, `qW`, `qX`, `qY`, `qZ`)
VALUES (1985826816, 509, 26069, 9, 25.3557, 3.36543, 73.71954, 0.8021771, 0, 0, -0.5970861);

INSERT INTO `base_ace_object` (`baseAceObjectId`, `name`, `typeId`, `paletteId`, `ammoType`, `blipColor`, `bitField`, `burden`, `combatUse`, `cooldownDuration`, `cooldownId`, `effects`, `containersCapacity`, `header`, `hookTypeId`, `iconId`, `iconOverlayId`, `iconUnderlayId`, `hookItemTypes`, `itemsCapacity`, `location`, `materialType`, `maxStackSize`, `maxStructure`, `radar`, `pscript`, `spellId`, `stackSize`, `structure`, `targetTypeId`, `usability`, `useRadius`, `validLocations`, `value`, `workmanship`, `animationFrameId`, `defaultScript`, `defaultScriptIntensity`, `elasticity`, `friction`, `locationId`, `modelTableId`, `objectScale`, `physicsBitField`, `physicsTableId`, `motionTableId`, `soundTableId`, `physicsState`, `translucency`)
VALUES (2077036544, 'Life Stone', 268435456, 0, 0, 1, 16404, 0, 0, 0, 0, 0, 0, 9437232, 0, 100668245, 0, 0, 0, 0, 0, 0, 0, 0, 4, 0, 0, 0, 0, 0, 32, 2, 0, 0, 0, 0, 0, 0, 0, 0, 0, 33555182, 0, 100355, 0, 150994982, 536870932, 1040, 0);

INSERT INTO `ace_object` (`baseAceObjectId`, `weenieClassId`, `landblock`, `cell`, `posX`, `posY`, `posZ`, `qW`, `qX`, `qY`, `qZ`)
VALUES (2077036544, 509, 48337, 42, 133.01, 44.2595, 102.3117, 0.104769, 0, 0, -0.9944966);

INSERT INTO `base_ace_object` (`baseAceObjectId`, `name`, `typeId`, `paletteId`, `ammoType`, `blipColor`, `bitField`, `burden`, `combatUse`, `cooldownDuration`, `cooldownId`, `effects`, `containersCapacity`, `header`, `hookTypeId`, `iconId`, `iconOverlayId`, `iconUnderlayId`, `hookItemTypes`, `itemsCapacity`, `location`, `materialType`, `maxStackSize`, `maxStructure`, `radar`, `pscript`, `spellId`, `stackSize`, `structure`, `targetTypeId`, `usability`, `useRadius`, `validLocations`, `value`, `workmanship`, `animationFrameId`, `defaultScript`, `defaultScriptIntensity`, `elasticity`, `friction`, `locationId`, `modelTableId`, `objectScale`, `physicsBitField`, `physicsTableId`, `motionTableId`, `soundTableId`, `physicsState`, `translucency`)
VALUES (2107986010, 'Life Stone', 268435456, 0, 0, 1, 16404, 0, 0, 0, 0, 0, 0, 9437232, 0, 100668245, 0, 0, 0, 0, 0, 0, 0, 0, 4, 0, 0, 0, 0, 0, 32, 2, 0, 0, 0, 0, 0, 0, 0, 0, 0, 33555182, 0, 100355, 0, 150994982, 536870932, 1040, 0);

INSERT INTO `ace_object` (`baseAceObjectId`, `weenieClassId`, `landblock`, `cell`, `posX`, `posY`, `posZ`, `qW`, `qX`, `qY`, `qZ`)
VALUES (2107986010, 509, 55893, 29, 88.7966, 103.088, 20, 0.5143959, 0, 0, -0.8575528);

INSERT INTO `base_ace_object` (`baseAceObjectId`, `name`, `typeId`, `paletteId`, `ammoType`, `blipColor`, `bitField`, `burden`, `combatUse`, `cooldownDuration`, `cooldownId`, `effects`, `containersCapacity`, `header`, `hookTypeId`, `iconId`, `iconOverlayId`, `iconUnderlayId`, `hookItemTypes`, `itemsCapacity`, `location`, `materialType`, `maxStackSize`, `maxStructure`, `radar`, `pscript`, `spellId`, `stackSize`, `structure`, `targetTypeId`, `usability`, `useRadius`, `validLocations`, `value`, `workmanship`, `animationFrameId`, `defaultScript`, `defaultScriptIntensity`, `elasticity`, `friction`, `locationId`, `modelTableId`, `objectScale`, `physicsBitField`, `physicsTableId`, `motionTableId`, `soundTableId`, `physicsState`, `translucency`)
VALUES (2107986036, 'Bind Stone', 268435456, 67113296, 0, 1, 134217748, 0, 0, 0, 0, 0, 0, 9437232, 0, 100671884, 0, 0, 0, 0, 0, 0, 0, 0, 4, 0, 0, 0, 0, 0, 32, 2, 0, 0, 0, 0, 0, 0, 0, 0, 0, 33558700, 0, 100355, 0, 150995296, 536870932, 1040, 0);

INSERT INTO `ace_object` (`baseAceObjectId`, `weenieClassId`, `landblock`, `cell`, `posX`, `posY`, `posZ`, `qW`, `qX`, `qY`, `qZ`)
VALUES (2107986036, 27547, 55893, 32, 93.5733, 173.178, 20, 0.114416, 0, 0, -0.9934329);

INSERT INTO `ace_object_palette_changes` (`baseAceObjectId`, `subPaletteId`, `offset`, `length`)
VALUES (2107986036, 67115144, 0, 2048);

INSERT INTO `base_ace_object` (`baseAceObjectId`, `name`, `typeId`, `paletteId`, `ammoType`, `blipColor`, `bitField`, `burden`, `combatUse`, `cooldownDuration`, `cooldownId`, `effects`, `containersCapacity`, `header`, `hookTypeId`, `iconId`, `iconOverlayId`, `iconUnderlayId`, `hookItemTypes`, `itemsCapacity`, `location`, `materialType`, `maxStackSize`, `maxStructure`, `radar`, `pscript`, `spellId`, `stackSize`, `structure`, `targetTypeId`, `usability`, `useRadius`, `validLocations`, `value`, `workmanship`, `animationFrameId`, `defaultScript`, `defaultScriptIntensity`, `elasticity`, `friction`, `locationId`, `modelTableId`, `objectScale`, `physicsBitField`, `physicsTableId`, `motionTableId`, `soundTableId`, `physicsState`, `translucency`)
VALUES (2036162561, 'Life Stone', 268435456, 0, 0, 1, 16404, 0, 0, 0, 0, 0, 0, 9437232, 0, 100668245, 0, 0, 0, 0, 0, 0, 0, 0, 4, 0, 0, 0, 0, 0, 32, 2, 0, 0, 0, 0, 0, 0, 0, 0, 0, 33555182, 0, 100355, 0, 150994982, 536870932, 1040, 0);

INSERT INTO `ace_object` (`baseAceObjectId`, `weenieClassId`, `landblock`, `cell`, `posX`, `posY`, `posZ`, `qW`, `qX`, `qY`, `qZ`)
VALUES (2036162561, 509, 38358, 37, 98.2192, 99.0071, 100, 0.986775, 0, 0, -0.162096);

INSERT INTO `base_ace_object` (`baseAceObjectId`, `name`, `typeId`, `paletteId`, `ammoType`, `blipColor`, `bitField`, `burden`, `combatUse`, `cooldownDuration`, `cooldownId`, `effects`, `containersCapacity`, `header`, `hookTypeId`, `iconId`, `iconOverlayId`, `iconUnderlayId`, `hookItemTypes`, `itemsCapacity`, `location`, `materialType`, `maxStackSize`, `maxStructure`, `radar`, `pscript`, `spellId`, `stackSize`, `structure`, `targetTypeId`, `usability`, `useRadius`, `validLocations`, `value`, `workmanship`, `animationFrameId`, `defaultScript`, `defaultScriptIntensity`, `elasticity`, `friction`, `locationId`, `modelTableId`, `objectScale`, `physicsBitField`, `physicsTableId`, `motionTableId`, `soundTableId`, `physicsState`, `translucency`)
VALUES (2013855823, 'Bind Stone', 268435456, 67113296, 0, 1, 134217748, 0, 0, 0, 0, 0, 0, 9437232, 0, 100671884, 0, 0, 0, 0, 0, 0, 0, 0, 4, 0, 0, 0, 0, 0, 32, 2, 0, 0, 0, 0, 0, 0, 0, 0, 0, 33558700, 0, 100355, 0, 150995296, 536870932, 1040, 0);

INSERT INTO `ace_object` (`baseAceObjectId`, `weenieClassId`, `landblock`, `cell`, `posX`, `posY`, `posZ`, `qW`, `qX`, `qY`, `qZ`)
VALUES (2013855823, 27547, 32912, 26, 75.5241, 32.4954, 124, 0.4979009, 0, 0, -0.8672339);

INSERT INTO `ace_object_palette_changes` (`baseAceObjectId`, `subPaletteId`, `offset`, `length`)
VALUES (2013855823, 67115144, 0, 2048);

INSERT INTO `base_ace_object` (`baseAceObjectId`, `name`, `typeId`, `paletteId`, `ammoType`, `blipColor`, `bitField`, `burden`, `combatUse`, `cooldownDuration`, `cooldownId`, `effects`, `containersCapacity`, `header`, `hookTypeId`, `iconId`, `iconOverlayId`, `iconUnderlayId`, `hookItemTypes`, `itemsCapacity`, `location`, `materialType`, `maxStackSize`, `maxStructure`, `radar`, `pscript`, `spellId`, `stackSize`, `structure`, `targetTypeId`, `usability`, `useRadius`, `validLocations`, `value`, `workmanship`, `animationFrameId`, `defaultScript`, `defaultScriptIntensity`, `elasticity`, `friction`, `locationId`, `modelTableId`, `objectScale`, `physicsBitField`, `physicsTableId`, `motionTableId`, `soundTableId`, `physicsState`, `translucency`)
VALUES (2013855822, 'Life Stone', 268435456, 0, 0, 1, 16404, 0, 0, 0, 0, 0, 0, 9437232, 0, 100668245, 0, 0, 0, 0, 0, 0, 0, 0, 4, 0, 0, 0, 0, 0, 32, 2, 0, 0, 0, 0, 0, 0, 0, 0, 0, 33555182, 0, 100355, 0, 150994982, 536870932, 1040, 0);

INSERT INTO `ace_object` (`baseAceObjectId`, `weenieClassId`, `landblock`, `cell`, `posX`, `posY`, `posZ`, `qW`, `qX`, `qY`, `qZ`)
VALUES (2013855822, 509, 32912, 6, 16.3444, 140.231, 124, -0.8688976, 0, 0, -0.4949918);

INSERT INTO `base_ace_object` (`baseAceObjectId`, `name`, `typeId`, `paletteId`, `ammoType`, `blipColor`, `bitField`, `burden`, `combatUse`, `cooldownDuration`, `cooldownId`, `effects`, `containersCapacity`, `header`, `hookTypeId`, `iconId`, `iconOverlayId`, `iconUnderlayId`, `hookItemTypes`, `itemsCapacity`, `location`, `materialType`, `maxStackSize`, `maxStructure`, `radar`, `pscript`, `spellId`, `stackSize`, `structure`, `targetTypeId`, `usability`, `useRadius`, `validLocations`, `value`, `workmanship`, `animationFrameId`, `defaultScript`, `defaultScriptIntensity`, `elasticity`, `friction`, `locationId`, `modelTableId`, `objectScale`, `physicsBitField`, `physicsTableId`, `motionTableId`, `soundTableId`, `physicsState`, `translucency`)
VALUES (2120425499, 'Life Stone', 268435456, 0, 0, 1, 16404, 0, 0, 0, 0, 0, 0, 9437232, 0, 100668245, 0, 0, 0, 0, 0, 0, 0, 0, 4, 0, 0, 0, 0, 0, 32, 2, 0, 0, 0, 0, 0, 0, 0, 0, 0, 33555182, 0, 100355, 0, 150994982, 536870932, 1040, 0);

INSERT INTO `ace_object` (`baseAceObjectId`, `weenieClassId`, `landblock`, `cell`, `posX`, `posY`, `posZ`, `qW`, `qX`, `qY`, `qZ`)
VALUES (2120425499, 509, 58930, 17, 59.4909, 11.2163, 28, -0.9808412, 0, 0, -0.194809);

INSERT INTO `base_ace_object` (`baseAceObjectId`, `name`, `typeId`, `paletteId`, `ammoType`, `blipColor`, `bitField`, `burden`, `combatUse`, `cooldownDuration`, `cooldownId`, `effects`, `containersCapacity`, `header`, `hookTypeId`, `iconId`, `iconOverlayId`, `iconUnderlayId`, `hookItemTypes`, `itemsCapacity`, `location`, `materialType`, `maxStackSize`, `maxStructure`, `radar`, `pscript`, `spellId`, `stackSize`, `structure`, `targetTypeId`, `usability`, `useRadius`, `validLocations`, `value`, `workmanship`, `animationFrameId`, `defaultScript`, `defaultScriptIntensity`, `elasticity`, `friction`, `locationId`, `modelTableId`, `objectScale`, `physicsBitField`, `physicsTableId`, `motionTableId`, `soundTableId`, `physicsState`, `translucency`)
VALUES (2119376940, 'Bind Stone', 268435456, 67113296, 0, 1, 134217748, 0, 0, 0, 0, 0, 0, 9437232, 0, 100671884, 0, 0, 0, 0, 0, 0, 0, 0, 4, 0, 0, 0, 0, 0, 32, 2, 0, 0, 0, 0, 0, 0, 0, 0, 0, 33558700, 0, 100355, 0, 150995296, 536870932, 1040, 0);

INSERT INTO `ace_object` (`baseAceObjectId`, `weenieClassId`, `landblock`, `cell`, `posX`, `posY`, `posZ`, `qW`, `qX`, `qY`, `qZ`)
VALUES (2119376940, 27547, 58674, 47, 123.212, 146.872, 28, -0.6171991, 0, 0, -0.7868071);

INSERT INTO `ace_object_palette_changes` (`baseAceObjectId`, `subPaletteId`, `offset`, `length`)
VALUES (2119376940, 67115144, 0, 2048);

INSERT INTO `base_ace_object` (`baseAceObjectId`, `name`, `typeId`, `paletteId`, `ammoType`, `blipColor`, `bitField`, `burden`, `combatUse`, `cooldownDuration`, `cooldownId`, `effects`, `containersCapacity`, `header`, `hookTypeId`, `iconId`, `iconOverlayId`, `iconUnderlayId`, `hookItemTypes`, `itemsCapacity`, `location`, `materialType`, `maxStackSize`, `maxStructure`, `radar`, `pscript`, `spellId`, `stackSize`, `structure`, `targetTypeId`, `usability`, `useRadius`, `validLocations`, `value`, `workmanship`, `animationFrameId`, `defaultScript`, `defaultScriptIntensity`, `elasticity`, `friction`, `locationId`, `modelTableId`, `objectScale`, `physicsBitField`, `physicsTableId`, `motionTableId`, `soundTableId`, `physicsState`, `translucency`)
VALUES (2117279744, 'Life Stone', 268435456, 0, 0, 1, 16404, 0, 0, 0, 0, 0, 0, 9437232, 0, 100668245, 0, 0, 0, 0, 0, 0, 0, 0, 4, 0, 0, 0, 0, 0, 32, 2, 0, 0, 0, 0, 0, 0, 0, 0, 0, 33555182, 0, 100355, 0, 150994982, 536870932, 1040, 0);

INSERT INTO `ace_object` (`baseAceObjectId`, `weenieClassId`, `landblock`, `cell`, `posX`, `posY`, `posZ`, `qW`, `qX`, `qY`, `qZ`)
VALUES (2117279744, 509, 58162, 29, 93.4678, 115.326, 86, 0.9300634, 0, 0, 0.3673992);

INSERT INTO `base_ace_object` (`baseAceObjectId`, `name`, `typeId`, `paletteId`, `ammoType`, `blipColor`, `bitField`, `burden`, `combatUse`, `cooldownDuration`, `cooldownId`, `effects`, `containersCapacity`, `header`, `hookTypeId`, `iconId`, `iconOverlayId`, `iconUnderlayId`, `hookItemTypes`, `itemsCapacity`, `location`, `materialType`, `maxStackSize`, `maxStructure`, `radar`, `pscript`, `spellId`, `stackSize`, `structure`, `targetTypeId`, `usability`, `useRadius`, `validLocations`, `value`, `workmanship`, `animationFrameId`, `defaultScript`, `defaultScriptIntensity`, `elasticity`, `friction`, `locationId`, `modelTableId`, `objectScale`, `physicsBitField`, `physicsTableId`, `motionTableId`, `soundTableId`, `physicsState`, `translucency`)
VALUES (2123677696, 'Life Stone', 268435456, 0, 0, 1, 16404, 0, 0, 0, 0, 0, 0, 9437232, 0, 100668245, 0, 0, 0, 0, 0, 0, 0, 0, 4, 0, 0, 0, 0, 0, 32, 2, 0, 0, 0, 0, 0, 0, 0, 0, 0, 33555182, 0, 100355, 0, 150994982, 536870932, 1040, 0);

INSERT INTO `ace_object` (`baseAceObjectId`, `weenieClassId`, `landblock`, `cell`, `posX`, `posY`, `posZ`, `qW`, `qX`, `qY`, `qZ`)
VALUES (2123677696, 509, 59724, 37, 108.252, 98.0178, 32, 0.8126004, 0, 0, -0.5828212);

INSERT INTO `base_ace_object` (`baseAceObjectId`, `name`, `typeId`, `paletteId`, `ammoType`, `blipColor`, `bitField`, `burden`, `combatUse`, `cooldownDuration`, `cooldownId`, `effects`, `containersCapacity`, `header`, `hookTypeId`, `iconId`, `iconOverlayId`, `iconUnderlayId`, `hookItemTypes`, `itemsCapacity`, `location`, `materialType`, `maxStackSize`, `maxStructure`, `radar`, `pscript`, `spellId`, `stackSize`, `structure`, `targetTypeId`, `usability`, `useRadius`, `validLocations`, `value`, `workmanship`, `animationFrameId`, `defaultScript`, `defaultScriptIntensity`, `elasticity`, `friction`, `locationId`, `modelTableId`, `objectScale`, `physicsBitField`, `physicsTableId`, `motionTableId`, `soundTableId`, `physicsState`, `translucency`)
VALUES (2030403634, 'Life Stone', 268435456, 0, 0, 1, 16404, 0, 0, 0, 0, 0, 0, 9437232, 0, 100668245, 0, 0, 0, 0, 0, 0, 0, 0, 4, 0, 0, 0, 0, 0, 32, 2, 0, 0, 0, 0, 0, 0, 0, 0, 0, 33555182, 0, 100355, 0, 150994982, 536870932, 1040, 0);

INSERT INTO `ace_object` (`baseAceObjectId`, `weenieClassId`, `landblock`, `cell`, `posX`, `posY`, `posZ`, `qW`, `qX`, `qY`, `qZ`)
VALUES (2030403634, 509, 36952, 27, 78.466, 56.2945, -0.1, 0.07628133, 0, 0, -0.9970863);

INSERT INTO `base_ace_object` (`baseAceObjectId`, `name`, `typeId`, `paletteId`, `ammoType`, `blipColor`, `bitField`, `burden`, `combatUse`, `cooldownDuration`, `cooldownId`, `effects`, `containersCapacity`, `header`, `hookTypeId`, `iconId`, `iconOverlayId`, `iconUnderlayId`, `hookItemTypes`, `itemsCapacity`, `location`, `materialType`, `maxStackSize`, `maxStructure`, `radar`, `pscript`, `spellId`, `stackSize`, `structure`, `targetTypeId`, `usability`, `useRadius`, `validLocations`, `value`, `workmanship`, `animationFrameId`, `defaultScript`, `defaultScriptIntensity`, `elasticity`, `friction`, `locationId`, `modelTableId`, `objectScale`, `physicsBitField`, `physicsTableId`, `motionTableId`, `soundTableId`, `physicsState`, `translucency`)
VALUES (2030403635, 'Bind Stone', 268435456, 67113296, 0, 1, 134217748, 0, 0, 0, 0, 0, 0, 9437232, 0, 100671884, 0, 0, 0, 0, 0, 0, 0, 0, 4, 0, 0, 0, 0, 0, 32, 2, 0, 0, 0, 0, 0, 0, 0, 0, 0, 33558700, 0, 100355, 0, 150995296, 536870932, 1040, 0);

INSERT INTO `ace_object` (`baseAceObjectId`, `weenieClassId`, `landblock`, `cell`, `posX`, `posY`, `posZ`, `qW`, `qX`, `qY`, `qZ`)
VALUES (2030403635, 27547, 36952, 44, 142.744, 89.0523, 0, -0.3620121, 0, 0, 0.9321734);

INSERT INTO `ace_object_palette_changes` (`baseAceObjectId`, `subPaletteId`, `offset`, `length`)
VALUES (2030403635, 67115144, 0, 2048);

INSERT INTO `base_ace_object` (`baseAceObjectId`, `name`, `typeId`, `paletteId`, `ammoType`, `blipColor`, `bitField`, `burden`, `combatUse`, `cooldownDuration`, `cooldownId`, `effects`, `containersCapacity`, `header`, `hookTypeId`, `iconId`, `iconOverlayId`, `iconUnderlayId`, `hookItemTypes`, `itemsCapacity`, `location`, `materialType`, `maxStackSize`, `maxStructure`, `radar`, `pscript`, `spellId`, `stackSize`, `structure`, `targetTypeId`, `usability`, `useRadius`, `validLocations`, `value`, `workmanship`, `animationFrameId`, `defaultScript`, `defaultScriptIntensity`, `elasticity`, `friction`, `locationId`, `modelTableId`, `objectScale`, `physicsBitField`, `physicsTableId`, `motionTableId`, `soundTableId`, `physicsState`, `translucency`)
VALUES (2019065905, 'Life Stone', 268435456, 0, 0, 1, 16404, 0, 0, 0, 0, 0, 0, 9437232, 0, 100668245, 0, 0, 0, 0, 0, 0, 0, 0, 4, 0, 0, 0, 0, 0, 32, 2, 0, 0, 0, 0, 0, 0, 0, 0, 0, 33555182, 0, 100355, 0, 150994982, 536870932, 1040, 0);

INSERT INTO `ace_object` (`baseAceObjectId`, `weenieClassId`, `landblock`, `cell`, `posX`, `posY`, `posZ`, `qW`, `qX`, `qY`, `qZ`)
VALUES (2019065905, 509, 34184, 21, 64.6986, 104.385, 86, 0.9431527, 0, 0, 0.3323599);

INSERT INTO `base_ace_object` (`baseAceObjectId`, `name`, `typeId`, `paletteId`, `ammoType`, `blipColor`, `bitField`, `burden`, `combatUse`, `cooldownDuration`, `cooldownId`, `effects`, `containersCapacity`, `header`, `hookTypeId`, `iconId`, `iconOverlayId`, `iconUnderlayId`, `hookItemTypes`, `itemsCapacity`, `location`, `materialType`, `maxStackSize`, `maxStructure`, `radar`, `pscript`, `spellId`, `stackSize`, `structure`, `targetTypeId`, `usability`, `useRadius`, `validLocations`, `value`, `workmanship`, `animationFrameId`, `defaultScript`, `defaultScriptIntensity`, `elasticity`, `friction`, `locationId`, `modelTableId`, `objectScale`, `physicsBitField`, `physicsTableId`, `motionTableId`, `soundTableId`, `physicsState`, `translucency`)
VALUES (2049040396, 'Lugian Lifestone', 268435456, 0, 0, 1, 16404, 0, 0, 0, 0, 0, 0, 9437232, 0, 100675939, 0, 0, 0, 0, 0, 0, 0, 0, 4, 0, 0, 0, 0, 0, 32, 2, 0, 0, 0, 0, 0, 0, 0, 0, 0, 33558653, 0, 100355, 0, 150995280, 536870932, 1040, 0);

INSERT INTO `ace_object` (`baseAceObjectId`, `weenieClassId`, `landblock`, `cell`, `posX`, `posY`, `posZ`, `qW`, `qX`, `qY`, `qZ`)
VALUES (2049040396, 27096, 41502, 409, 136.06, 136.225, 577, -0.558915, 0, 0, -0.829225);

INSERT INTO `base_ace_object` (`baseAceObjectId`, `name`, `typeId`, `paletteId`, `ammoType`, `blipColor`, `bitField`, `burden`, `combatUse`, `cooldownDuration`, `cooldownId`, `effects`, `containersCapacity`, `header`, `hookTypeId`, `iconId`, `iconOverlayId`, `iconUnderlayId`, `hookItemTypes`, `itemsCapacity`, `location`, `materialType`, `maxStackSize`, `maxStructure`, `radar`, `pscript`, `spellId`, `stackSize`, `structure`, `targetTypeId`, `usability`, `useRadius`, `validLocations`, `value`, `workmanship`, `animationFrameId`, `defaultScript`, `defaultScriptIntensity`, `elasticity`, `friction`, `locationId`, `modelTableId`, `objectScale`, `physicsBitField`, `physicsTableId`, `motionTableId`, `soundTableId`, `physicsState`, `translucency`)
VALUES (1956577280, 'Life Stone', 268435456, 0, 0, 1, 16404, 0, 0, 0, 0, 0, 0, 9437232, 0, 100668245, 0, 0, 0, 0, 0, 0, 0, 0, 4, 0, 0, 0, 0, 0, 32, 2, 0, 0, 0, 0, 0, 0, 0, 0, 0, 33555182, 0, 100355, 0, 150994982, 536870932, 1040, 0);

INSERT INTO `ace_object` (`baseAceObjectId`, `weenieClassId`, `landblock`, `cell`, `posX`, `posY`, `posZ`, `qW`, `qX`, `qY`, `qZ`)
VALUES (1956577280, 509, 18928, 28, 76.9331, 77.1259, 170, -0.7742603, 0, 0, 0.6328673);

INSERT INTO `base_ace_object` (`baseAceObjectId`, `name`, `typeId`, `paletteId`, `ammoType`, `blipColor`, `bitField`, `burden`, `combatUse`, `cooldownDuration`, `cooldownId`, `effects`, `containersCapacity`, `header`, `hookTypeId`, `iconId`, `iconOverlayId`, `iconUnderlayId`, `hookItemTypes`, `itemsCapacity`, `location`, `materialType`, `maxStackSize`, `maxStructure`, `radar`, `pscript`, `spellId`, `stackSize`, `structure`, `targetTypeId`, `usability`, `useRadius`, `validLocations`, `value`, `workmanship`, `animationFrameId`, `defaultScript`, `defaultScriptIntensity`, `elasticity`, `friction`, `locationId`, `modelTableId`, `objectScale`, `physicsBitField`, `physicsTableId`, `motionTableId`, `soundTableId`, `physicsState`, `translucency`)
VALUES (1914372123, 'Life Stone', 268435456, 0, 0, 1, 16404, 0, 0, 0, 0, 0, 0, 9437232, 0, 100668245, 0, 0, 0, 0, 0, 0, 0, 0, 4, 0, 0, 0, 0, 0, 32, 2, 0, 0, 0, 0, 0, 0, 0, 0, 0, 33555182, 0, 100355, 0, 150994982, 536870932, 1040, 0);

INSERT INTO `ace_object` (`baseAceObjectId`, `weenieClassId`, `landblock`, `cell`, `posX`, `posY`, `posZ`, `qW`, `qX`, `qY`, `qZ`)
VALUES (1914372123, 509, 8624, 21, 50.6199, 116.939, 0, -9.71743E-05, 0, 0, 1);

INSERT INTO `base_ace_object` (`baseAceObjectId`, `name`, `typeId`, `paletteId`, `ammoType`, `blipColor`, `bitField`, `burden`, `combatUse`, `cooldownDuration`, `cooldownId`, `effects`, `containersCapacity`, `header`, `hookTypeId`, `iconId`, `iconOverlayId`, `iconUnderlayId`, `hookItemTypes`, `itemsCapacity`, `location`, `materialType`, `maxStackSize`, `maxStructure`, `radar`, `pscript`, `spellId`, `stackSize`, `structure`, `targetTypeId`, `usability`, `useRadius`, `validLocations`, `value`, `workmanship`, `animationFrameId`, `defaultScript`, `defaultScriptIntensity`, `elasticity`, `friction`, `locationId`, `modelTableId`, `objectScale`, `physicsBitField`, `physicsTableId`, `motionTableId`, `soundTableId`, `physicsState`, `translucency`)
VALUES (2045001757, 'Life Stone', 268435456, 0, 0, 1, 16404, 0, 0, 0, 0, 0, 0, 9437232, 0, 100668245, 0, 0, 0, 0, 0, 0, 0, 0, 4, 0, 0, 0, 0, 0, 32, 2, 0, 0, 0, 0, 0, 0, 0, 0, 0, 33555182, 0, 100355, 0, 150994982, 536870932, 1040, 0);

INSERT INTO `ace_object` (`baseAceObjectId`, `weenieClassId`, `landblock`, `cell`, `posX`, `posY`, `posZ`, `qW`, `qX`, `qY`, `qZ`)
VALUES (2045001757, 509, 40516, 34, 106.12, 34.9864, 34.91553, -0.0590332, 0, 0, -0.998256);

INSERT INTO `base_ace_object` (`baseAceObjectId`, `name`, `typeId`, `paletteId`, `ammoType`, `blipColor`, `bitField`, `burden`, `combatUse`, `cooldownDuration`, `cooldownId`, `effects`, `containersCapacity`, `header`, `hookTypeId`, `iconId`, `iconOverlayId`, `iconUnderlayId`, `hookItemTypes`, `itemsCapacity`, `location`, `materialType`, `maxStackSize`, `maxStructure`, `radar`, `pscript`, `spellId`, `stackSize`, `structure`, `targetTypeId`, `usability`, `useRadius`, `validLocations`, `value`, `workmanship`, `animationFrameId`, `defaultScript`, `defaultScriptIntensity`, `elasticity`, `friction`, `locationId`, `modelTableId`, `objectScale`, `physicsBitField`, `physicsTableId`, `motionTableId`, `soundTableId`, `physicsState`, `translucency`)
VALUES (1880924165, 'Life Stone', 268435456, 0, 0, 1, 16404, 0, 0, 0, 0, 0, 0, 9437232, 0, 100668245, 0, 0, 0, 0, 0, 0, 0, 0, 4, 0, 0, 0, 0, 0, 32, 2, 0, 0, 0, 0, 0, 0, 0, 0, 0, 33555182, 0, 100355, 0, 150994982, 536870932, 1040, 0);

INSERT INTO `ace_object` (`baseAceObjectId`, `weenieClassId`, `landblock`, `cell`, `posX`, `posY`, `posZ`, `qW`, `qX`, `qY`, `qZ`)
VALUES (1880924165, 509, 458, 262, 30, -60, -78, 1, 0, 0, 0);

INSERT INTO `base_ace_object` (`baseAceObjectId`, `name`, `typeId`, `paletteId`, `ammoType`, `blipColor`, `bitField`, `burden`, `combatUse`, `cooldownDuration`, `cooldownId`, `effects`, `containersCapacity`, `header`, `hookTypeId`, `iconId`, `iconOverlayId`, `iconUnderlayId`, `hookItemTypes`, `itemsCapacity`, `location`, `materialType`, `maxStackSize`, `maxStructure`, `radar`, `pscript`, `spellId`, `stackSize`, `structure`, `targetTypeId`, `usability`, `useRadius`, `validLocations`, `value`, `workmanship`, `animationFrameId`, `defaultScript`, `defaultScriptIntensity`, `elasticity`, `friction`, `locationId`, `modelTableId`, `objectScale`, `physicsBitField`, `physicsTableId`, `motionTableId`, `soundTableId`, `physicsState`, `translucency`)
VALUES (1880924169, 'Life Stone', 268435456, 0, 0, 1, 16404, 0, 0, 0, 0, 0, 0, 9437232, 0, 100668245, 0, 0, 0, 0, 0, 0, 0, 0, 4, 0, 0, 0, 0, 0, 32, 2, 0, 0, 0, 0, 0, 0, 0, 0, 0, 33555182, 0, 100355, 0, 150994982, 536870932, 1040, 0);

INSERT INTO `ace_object` (`baseAceObjectId`, `weenieClassId`, `landblock`, `cell`, `posX`, `posY`, `posZ`, `qW`, `qX`, `qY`, `qZ`)
VALUES (1880924169, 509, 458, 278, 50, -90, -78, -4.37114E-08, 0, 0, -1);

INSERT INTO `base_ace_object` (`baseAceObjectId`, `name`, `typeId`, `paletteId`, `ammoType`, `blipColor`, `bitField`, `burden`, `combatUse`, `cooldownDuration`, `cooldownId`, `effects`, `containersCapacity`, `header`, `hookTypeId`, `iconId`, `iconOverlayId`, `iconUnderlayId`, `hookItemTypes`, `itemsCapacity`, `location`, `materialType`, `maxStackSize`, `maxStructure`, `radar`, `pscript`, `spellId`, `stackSize`, `structure`, `targetTypeId`, `usability`, `useRadius`, `validLocations`, `value`, `workmanship`, `animationFrameId`, `defaultScript`, `defaultScriptIntensity`, `elasticity`, `friction`, `locationId`, `modelTableId`, `objectScale`, `physicsBitField`, `physicsTableId`, `motionTableId`, `soundTableId`, `physicsState`, `translucency`)
VALUES (1880924170, 'Life Stone', 268435456, 0, 0, 1, 16404, 0, 0, 0, 0, 0, 0, 9437232, 0, 100668245, 0, 0, 0, 0, 0, 0, 0, 0, 4, 0, 0, 0, 0, 0, 32, 2, 0, 0, 0, 0, 0, 0, 0, 0, 0, 33555182, 0, 100355, 0, 150994982, 536870932, 1040, 0);

INSERT INTO `ace_object` (`baseAceObjectId`, `weenieClassId`, `landblock`, `cell`, `posX`, `posY`, `posZ`, `qW`, `qX`, `qY`, `qZ`)
VALUES (1880924170, 509, 458, 286, 70, -50, -78, 1, 0, 0, 0);

INSERT INTO `base_ace_object` (`baseAceObjectId`, `name`, `typeId`, `paletteId`, `ammoType`, `blipColor`, `bitField`, `burden`, `combatUse`, `cooldownDuration`, `cooldownId`, `effects`, `containersCapacity`, `header`, `hookTypeId`, `iconId`, `iconOverlayId`, `iconUnderlayId`, `hookItemTypes`, `itemsCapacity`, `location`, `materialType`, `maxStackSize`, `maxStructure`, `radar`, `pscript`, `spellId`, `stackSize`, `structure`, `targetTypeId`, `usability`, `useRadius`, `validLocations`, `value`, `workmanship`, `animationFrameId`, `defaultScript`, `defaultScriptIntensity`, `elasticity`, `friction`, `locationId`, `modelTableId`, `objectScale`, `physicsBitField`, `physicsTableId`, `motionTableId`, `soundTableId`, `physicsState`, `translucency`)
VALUES (2117423105, 'Life Stone', 268435456, 0, 0, 1, 16404, 0, 0, 0, 0, 0, 0, 9437232, 0, 100668245, 0, 0, 0, 0, 0, 0, 0, 0, 4, 0, 0, 0, 0, 0, 32, 2, 0, 0, 0, 0, 0, 0, 0, 0, 0, 33555182, 0, 100355, 0, 150994982, 536870932, 1040, 0);

INSERT INTO `ace_object` (`baseAceObjectId`, `weenieClassId`, `landblock`, `cell`, `posX`, `posY`, `posZ`, `qW`, `qX`, `qY`, `qZ`)
VALUES (2117423105, 509, 58197, 19, 51.1372, 68.6835, 4, 0.3429389, 0, 0, -0.9393577);

INSERT INTO `base_ace_object` (`baseAceObjectId`, `name`, `typeId`, `paletteId`, `ammoType`, `blipColor`, `bitField`, `burden`, `combatUse`, `cooldownDuration`, `cooldownId`, `effects`, `containersCapacity`, `header`, `hookTypeId`, `iconId`, `iconOverlayId`, `iconUnderlayId`, `hookItemTypes`, `itemsCapacity`, `location`, `materialType`, `maxStackSize`, `maxStructure`, `radar`, `pscript`, `spellId`, `stackSize`, `structure`, `targetTypeId`, `usability`, `useRadius`, `validLocations`, `value`, `workmanship`, `animationFrameId`, `defaultScript`, `defaultScriptIntensity`, `elasticity`, `friction`, `locationId`, `modelTableId`, `objectScale`, `physicsBitField`, `physicsTableId`, `motionTableId`, `soundTableId`, `physicsState`, `translucency`)
VALUES (2068250674, 'Life Stone', 268435456, 0, 0, 1, 16404, 0, 0, 0, 0, 0, 0, 9437232, 0, 100668245, 0, 0, 0, 0, 0, 0, 0, 0, 4, 0, 0, 0, 0, 0, 32, 2, 0, 0, 0, 0, 0, 0, 0, 0, 0, 33555182, 0, 100355, 0, 150994982, 536870932, 1040, 0);

INSERT INTO `ace_object` (`baseAceObjectId`, `weenieClassId`, `landblock`, `cell`, `posX`, `posY`, `posZ`, `qW`, `qX`, `qY`, `qZ`)
VALUES (2068250674, 509, 46192, 27, 83.2232, 58.8635, 42, 0.9994505, 0, 0, 0.03314589);

INSERT INTO `base_ace_object` (`baseAceObjectId`, `name`, `typeId`, `paletteId`, `ammoType`, `blipColor`, `bitField`, `burden`, `combatUse`, `cooldownDuration`, `cooldownId`, `effects`, `containersCapacity`, `header`, `hookTypeId`, `iconId`, `iconOverlayId`, `iconUnderlayId`, `hookItemTypes`, `itemsCapacity`, `location`, `materialType`, `maxStackSize`, `maxStructure`, `radar`, `pscript`, `spellId`, `stackSize`, `structure`, `targetTypeId`, `usability`, `useRadius`, `validLocations`, `value`, `workmanship`, `animationFrameId`, `defaultScript`, `defaultScriptIntensity`, `elasticity`, `friction`, `locationId`, `modelTableId`, `objectScale`, `physicsBitField`, `physicsTableId`, `motionTableId`, `soundTableId`, `physicsState`, `translucency`)
VALUES (2068250673, 'Bind Stone', 268435456, 67113296, 0, 1, 134217748, 0, 0, 0, 0, 0, 0, 9437232, 0, 100671884, 0, 0, 0, 0, 0, 0, 0, 0, 4, 0, 0, 0, 0, 0, 32, 2, 0, 0, 0, 0, 0, 0, 0, 0, 0, 33558700, 0, 100355, 0, 150995296, 536870932, 1040, 0);

INSERT INTO `ace_object` (`baseAceObjectId`, `weenieClassId`, `landblock`, `cell`, `posX`, `posY`, `posZ`, `qW`, `qX`, `qY`, `qZ`)
VALUES (2068250673, 27547, 46192, 45, 132.672, 107.515, 42, -0.7203882, 0, 0, 0.6935712);

INSERT INTO `ace_object_palette_changes` (`baseAceObjectId`, `subPaletteId`, `offset`, `length`)
VALUES (2068250673, 67115144, 0, 2048);

INSERT INTO `base_ace_object` (`baseAceObjectId`, `name`, `typeId`, `paletteId`, `ammoType`, `blipColor`, `bitField`, `burden`, `combatUse`, `cooldownDuration`, `cooldownId`, `effects`, `containersCapacity`, `header`, `hookTypeId`, `iconId`, `iconOverlayId`, `iconUnderlayId`, `hookItemTypes`, `itemsCapacity`, `location`, `materialType`, `maxStackSize`, `maxStructure`, `radar`, `pscript`, `spellId`, `stackSize`, `structure`, `targetTypeId`, `usability`, `useRadius`, `validLocations`, `value`, `workmanship`, `animationFrameId`, `defaultScript`, `defaultScriptIntensity`, `elasticity`, `friction`, `locationId`, `modelTableId`, `objectScale`, `physicsBitField`, `physicsTableId`, `motionTableId`, `soundTableId`, `physicsState`, `translucency`)
VALUES (2082947076, 'Life Stone', 268435456, 0, 0, 1, 16404, 0, 0, 0, 0, 0, 0, 9437232, 0, 100668245, 0, 0, 0, 0, 0, 0, 0, 0, 4, 0, 0, 0, 0, 0, 32, 2, 0, 0, 0, 0, 0, 0, 0, 0, 0, 33555182, 0, 100355, 0, 150994982, 536870932, 1040, 0);

INSERT INTO `ace_object` (`baseAceObjectId`, `weenieClassId`, `landblock`, `cell`, `posX`, `posY`, `posZ`, `qW`, `qX`, `qY`, `qZ`)
VALUES (2082947076, 509, 49780, 45, 138.373, 111.336, 24, -0.9898993, 0, 0, -0.141772);

INSERT INTO `base_ace_object` (`baseAceObjectId`, `name`, `typeId`, `paletteId`, `ammoType`, `blipColor`, `bitField`, `burden`, `combatUse`, `cooldownDuration`, `cooldownId`, `effects`, `containersCapacity`, `header`, `hookTypeId`, `iconId`, `iconOverlayId`, `iconUnderlayId`, `hookItemTypes`, `itemsCapacity`, `location`, `materialType`, `maxStackSize`, `maxStructure`, `radar`, `pscript`, `spellId`, `stackSize`, `structure`, `targetTypeId`, `usability`, `useRadius`, `validLocations`, `value`, `workmanship`, `animationFrameId`, `defaultScript`, `defaultScriptIntensity`, `elasticity`, `friction`, `locationId`, `modelTableId`, `objectScale`, `physicsBitField`, `physicsTableId`, `motionTableId`, `soundTableId`, `physicsState`, `translucency`)
VALUES (2074177585, 'Life Stone', 268435456, 0, 0, 1, 16404, 0, 0, 0, 0, 0, 0, 9437232, 0, 100668245, 0, 0, 0, 0, 0, 0, 0, 0, 4, 0, 0, 0, 0, 0, 32, 2, 0, 0, 0, 0, 0, 0, 0, 0, 0, 33555182, 0, 100355, 0, 150994982, 536870932, 1040, 0);

INSERT INTO `ace_object` (`baseAceObjectId`, `weenieClassId`, `landblock`, `cell`, `posX`, `posY`, `posZ`, `qW`, `qX`, `qY`, `qZ`)
VALUES (2074177585, 509, 47639, 11, 33.9878, 53.2589, 132, -0.7924491, 0, 0, -0.6099381);

INSERT INTO `base_ace_object` (`baseAceObjectId`, `name`, `typeId`, `paletteId`, `ammoType`, `blipColor`, `bitField`, `burden`, `combatUse`, `cooldownDuration`, `cooldownId`, `effects`, `containersCapacity`, `header`, `hookTypeId`, `iconId`, `iconOverlayId`, `iconUnderlayId`, `hookItemTypes`, `itemsCapacity`, `location`, `materialType`, `maxStackSize`, `maxStructure`, `radar`, `pscript`, `spellId`, `stackSize`, `structure`, `targetTypeId`, `usability`, `useRadius`, `validLocations`, `value`, `workmanship`, `animationFrameId`, `defaultScript`, `defaultScriptIntensity`, `elasticity`, `friction`, `locationId`, `modelTableId`, `objectScale`, `physicsBitField`, `physicsTableId`, `motionTableId`, `soundTableId`, `physicsState`, `translucency`)
VALUES (2013339648, 'Life Stone', 268435456, 0, 0, 1, 16404, 0, 0, 0, 0, 0, 0, 9437232, 0, 100668245, 0, 0, 0, 0, 0, 0, 0, 0, 4, 0, 0, 0, 0, 0, 32, 2, 0, 0, 0, 0, 0, 0, 0, 0, 0, 33555182, 0, 100355, 0, 150994982, 536870932, 1040, 0);

INSERT INTO `ace_object` (`baseAceObjectId`, `weenieClassId`, `landblock`, `cell`, `posX`, `posY`, `posZ`, `qW`, `qX`, `qY`, `qZ`)
VALUES (2013339648, 509, 32786, 23, 65.7135, 144.597, -0.1, 0.0296293, 0, 0, 0.999561);

INSERT INTO `base_ace_object` (`baseAceObjectId`, `name`, `typeId`, `paletteId`, `ammoType`, `blipColor`, `bitField`, `burden`, `combatUse`, `cooldownDuration`, `cooldownId`, `effects`, `containersCapacity`, `header`, `hookTypeId`, `iconId`, `iconOverlayId`, `iconUnderlayId`, `hookItemTypes`, `itemsCapacity`, `location`, `materialType`, `maxStackSize`, `maxStructure`, `radar`, `pscript`, `spellId`, `stackSize`, `structure`, `targetTypeId`, `usability`, `useRadius`, `validLocations`, `value`, `workmanship`, `animationFrameId`, `defaultScript`, `defaultScriptIntensity`, `elasticity`, `friction`, `locationId`, `modelTableId`, `objectScale`, `physicsBitField`, `physicsTableId`, `motionTableId`, `soundTableId`, `physicsState`, `translucency`)
VALUES (2072080384, 'Life Stone', 268435456, 0, 0, 1, 16404, 0, 0, 0, 0, 0, 0, 9437232, 0, 100668245, 0, 0, 0, 0, 0, 0, 0, 0, 4, 0, 0, 0, 0, 0, 32, 2, 0, 0, 0, 0, 0, 0, 0, 0, 0, 33555182, 0, 100355, 0, 150994982, 536870932, 1040, 0);

INSERT INTO `ace_object` (`baseAceObjectId`, `weenieClassId`, `landblock`, `cell`, `posX`, `posY`, `posZ`, `qW`, `qX`, `qY`, `qZ`)
VALUES (2072080384, 509, 47127, 62, 169.278, 140.476, 49.9, 0.7988914, 0, 0, 0.6014753);

INSERT INTO `base_ace_object` (`baseAceObjectId`, `name`, `typeId`, `paletteId`, `ammoType`, `blipColor`, `bitField`, `burden`, `combatUse`, `cooldownDuration`, `cooldownId`, `effects`, `containersCapacity`, `header`, `hookTypeId`, `iconId`, `iconOverlayId`, `iconUnderlayId`, `hookItemTypes`, `itemsCapacity`, `location`, `materialType`, `maxStackSize`, `maxStructure`, `radar`, `pscript`, `spellId`, `stackSize`, `structure`, `targetTypeId`, `usability`, `useRadius`, `validLocations`, `value`, `workmanship`, `animationFrameId`, `defaultScript`, `defaultScriptIntensity`, `elasticity`, `friction`, `locationId`, `modelTableId`, `objectScale`, `physicsBitField`, `physicsTableId`, `motionTableId`, `soundTableId`, `physicsState`, `translucency`)
VALUES (1976160256, 'Life Stone', 268435456, 0, 0, 1, 16404, 0, 0, 0, 0, 0, 0, 9437232, 0, 100668245, 0, 0, 0, 0, 0, 0, 0, 0, 4, 0, 0, 0, 0, 0, 32, 2, 0, 0, 0, 0, 0, 0, 0, 0, 0, 33555182, 0, 100355, 0, 150994982, 536870932, 1040, 0);

INSERT INTO `ace_object` (`baseAceObjectId`, `weenieClassId`, `landblock`, `cell`, `posX`, `posY`, `posZ`, `qW`, `qX`, `qY`, `qZ`)
VALUES (1976160256, 509, 23709, 21, 51.3491, 100.502, 26.97058, -0.5556723, 0, 0, 0.8314014);

INSERT INTO `base_ace_object` (`baseAceObjectId`, `name`, `typeId`, `paletteId`, `ammoType`, `blipColor`, `bitField`, `burden`, `combatUse`, `cooldownDuration`, `cooldownId`, `effects`, `containersCapacity`, `header`, `hookTypeId`, `iconId`, `iconOverlayId`, `iconUnderlayId`, `hookItemTypes`, `itemsCapacity`, `location`, `materialType`, `maxStackSize`, `maxStructure`, `radar`, `pscript`, `spellId`, `stackSize`, `structure`, `targetTypeId`, `usability`, `useRadius`, `validLocations`, `value`, `workmanship`, `animationFrameId`, `defaultScript`, `defaultScriptIntensity`, `elasticity`, `friction`, `locationId`, `modelTableId`, `objectScale`, `physicsBitField`, `physicsTableId`, `motionTableId`, `soundTableId`, `physicsState`, `translucency`)
VALUES (1912377345, 'Life Stone', 268435456, 0, 0, 1, 16404, 0, 0, 0, 0, 0, 0, 9437232, 0, 100668245, 0, 0, 0, 0, 0, 0, 0, 0, 4, 0, 0, 0, 0, 0, 32, 2, 0, 0, 0, 0, 0, 0, 0, 0, 0, 33558189, 0, 100355, 0, 150995232, 536870932, 1040, 0);

INSERT INTO `ace_object` (`baseAceObjectId`, `weenieClassId`, `landblock`, `cell`, `posX`, `posY`, `posZ`, `qW`, `qX`, `qY`, `qZ`)
VALUES (1912377345, 23618, 8137, 20, 59.9473, 83.9393, 0, 0.9999985, 0, 0, 0.001755201);

INSERT INTO `base_ace_object` (`baseAceObjectId`, `name`, `typeId`, `paletteId`, `ammoType`, `blipColor`, `bitField`, `burden`, `combatUse`, `cooldownDuration`, `cooldownId`, `effects`, `containersCapacity`, `header`, `hookTypeId`, `iconId`, `iconOverlayId`, `iconUnderlayId`, `hookItemTypes`, `itemsCapacity`, `location`, `materialType`, `maxStackSize`, `maxStructure`, `radar`, `pscript`, `spellId`, `stackSize`, `structure`, `targetTypeId`, `usability`, `useRadius`, `validLocations`, `value`, `workmanship`, `animationFrameId`, `defaultScript`, `defaultScriptIntensity`, `elasticity`, `friction`, `locationId`, `modelTableId`, `objectScale`, `physicsBitField`, `physicsTableId`, `motionTableId`, `soundTableId`, `physicsState`, `translucency`)
VALUES (2071392256, 'Life Stone', 268435456, 0, 0, 1, 16404, 0, 0, 0, 0, 0, 0, 9437232, 0, 100668245, 0, 0, 0, 0, 0, 0, 0, 0, 4, 0, 0, 0, 0, 0, 32, 2, 0, 0, 0, 0, 0, 0, 0, 0, 0, 33555182, 0, 100355, 0, 150994982, 536870932, 1040, 0);

INSERT INTO `ace_object` (`baseAceObjectId`, `weenieClassId`, `landblock`, `cell`, `posX`, `posY`, `posZ`, `qW`, `qX`, `qY`, `qZ`)
VALUES (2071392256, 509, 46959, 52, 151.183, 80.4998, 18, -0.755412, 0, 0, -0.6552501);

INSERT INTO `base_ace_object` (`baseAceObjectId`, `name`, `typeId`, `paletteId`, `ammoType`, `blipColor`, `bitField`, `burden`, `combatUse`, `cooldownDuration`, `cooldownId`, `effects`, `containersCapacity`, `header`, `hookTypeId`, `iconId`, `iconOverlayId`, `iconUnderlayId`, `hookItemTypes`, `itemsCapacity`, `location`, `materialType`, `maxStackSize`, `maxStructure`, `radar`, `pscript`, `spellId`, `stackSize`, `structure`, `targetTypeId`, `usability`, `useRadius`, `validLocations`, `value`, `workmanship`, `animationFrameId`, `defaultScript`, `defaultScriptIntensity`, `elasticity`, `friction`, `locationId`, `modelTableId`, `objectScale`, `physicsBitField`, `physicsTableId`, `motionTableId`, `soundTableId`, `physicsState`, `translucency`)
VALUES (2019069953, 'Bind Stone', 268435456, 67113296, 0, 1, 134217748, 0, 0, 0, 0, 0, 0, 9437232, 0, 100671884, 0, 0, 0, 0, 0, 0, 0, 0, 4, 0, 0, 0, 0, 0, 32, 2, 0, 0, 0, 0, 0, 0, 0, 0, 0, 33558700, 0, 100355, 0, 150995296, 536870932, 1040, 0);

INSERT INTO `ace_object` (`baseAceObjectId`, `weenieClassId`, `landblock`, `cell`, `posX`, `posY`, `posZ`, `qW`, `qX`, `qY`, `qZ`)
VALUES (2019069953, 27547, 34185, 41, 121.536, 16.1923, 86, -0.9984982, 0, 0, 0.05478481);

INSERT INTO `ace_object_palette_changes` (`baseAceObjectId`, `subPaletteId`, `offset`, `length`)
VALUES (2019069953, 67115144, 0, 2048);

INSERT INTO `base_ace_object` (`baseAceObjectId`, `name`, `typeId`, `paletteId`, `ammoType`, `blipColor`, `bitField`, `burden`, `combatUse`, `cooldownDuration`, `cooldownId`, `effects`, `containersCapacity`, `header`, `hookTypeId`, `iconId`, `iconOverlayId`, `iconUnderlayId`, `hookItemTypes`, `itemsCapacity`, `location`, `materialType`, `maxStackSize`, `maxStructure`, `radar`, `pscript`, `spellId`, `stackSize`, `structure`, `targetTypeId`, `usability`, `useRadius`, `validLocations`, `value`, `workmanship`, `animationFrameId`, `defaultScript`, `defaultScriptIntensity`, `elasticity`, `friction`, `locationId`, `modelTableId`, `objectScale`, `physicsBitField`, `physicsTableId`, `motionTableId`, `soundTableId`, `physicsState`, `translucency`)
VALUES (2037887048, 'Life Stone', 268435456, 0, 0, 1, 16404, 0, 0, 0, 0, 0, 0, 9437232, 0, 100668245, 0, 0, 0, 0, 0, 0, 0, 0, 4, 0, 0, 0, 0, 0, 32, 2, 0, 0, 0, 0, 0, 0, 0, 0, 0, 33555182, 0, 100355, 0, 150994982, 536870932, 1040, 0);

INSERT INTO `ace_object` (`baseAceObjectId`, `weenieClassId`, `landblock`, `cell`, `posX`, `posY`, `posZ`, `qW`, `qX`, `qY`, `qZ`)
VALUES (2037887048, 509, 38779, 38, 109.511, 128.157, 0, 0.9444981, 0, 0, -0.328517);

INSERT INTO `base_ace_object` (`baseAceObjectId`, `name`, `typeId`, `paletteId`, `ammoType`, `blipColor`, `bitField`, `burden`, `combatUse`, `cooldownDuration`, `cooldownId`, `effects`, `containersCapacity`, `header`, `hookTypeId`, `iconId`, `iconOverlayId`, `iconUnderlayId`, `hookItemTypes`, `itemsCapacity`, `location`, `materialType`, `maxStackSize`, `maxStructure`, `radar`, `pscript`, `spellId`, `stackSize`, `structure`, `targetTypeId`, `usability`, `useRadius`, `validLocations`, `value`, `workmanship`, `animationFrameId`, `defaultScript`, `defaultScriptIntensity`, `elasticity`, `friction`, `locationId`, `modelTableId`, `objectScale`, `physicsBitField`, `physicsTableId`, `motionTableId`, `soundTableId`, `physicsState`, `translucency`)
VALUES (2016968704, 'Life Stone', 268435456, 0, 0, 1, 16404, 0, 0, 0, 0, 0, 0, 9437232, 0, 100668245, 0, 0, 0, 0, 0, 0, 0, 0, 4, 0, 0, 0, 0, 0, 32, 2, 0, 0, 0, 0, 0, 0, 0, 0, 0, 33555182, 0, 100355, 0, 150994982, 536870932, 1040, 0);

INSERT INTO `ace_object` (`baseAceObjectId`, `weenieClassId`, `landblock`, `cell`, `posX`, `posY`, `posZ`, `qW`, `qX`, `qY`, `qZ`)
VALUES (2016968704, 509, 33672, 11, 31.4672, 64.8126, 86, -0.810463, 0, 0, -0.5857899);

INSERT INTO `base_ace_object` (`baseAceObjectId`, `name`, `typeId`, `paletteId`, `ammoType`, `blipColor`, `bitField`, `burden`, `combatUse`, `cooldownDuration`, `cooldownId`, `effects`, `containersCapacity`, `header`, `hookTypeId`, `iconId`, `iconOverlayId`, `iconUnderlayId`, `hookItemTypes`, `itemsCapacity`, `location`, `materialType`, `maxStackSize`, `maxStructure`, `radar`, `pscript`, `spellId`, `stackSize`, `structure`, `targetTypeId`, `usability`, `useRadius`, `validLocations`, `value`, `workmanship`, `animationFrameId`, `defaultScript`, `defaultScriptIntensity`, `elasticity`, `friction`, `locationId`, `modelTableId`, `objectScale`, `physicsBitField`, `physicsTableId`, `motionTableId`, `soundTableId`, `physicsState`, `translucency`)
VALUES (2099081216, 'Life Stone', 268435456, 0, 0, 1, 16404, 0, 0, 0, 0, 0, 0, 9437232, 0, 100668245, 0, 0, 0, 0, 0, 0, 0, 0, 4, 0, 0, 0, 0, 0, 32, 2, 0, 0, 0, 0, 0, 0, 0, 0, 0, 33558189, 0, 100355, 0, 150995232, 536870932, 1040, 0);

INSERT INTO `ace_object` (`baseAceObjectId`, `weenieClassId`, `landblock`, `cell`, `posX`, `posY`, `posZ`, `qW`, `qX`, `qY`, `qZ`)
VALUES (2099081216, 23618, 53719, 18, 61.4974, 31.0924, 0, 0.9988952, 0, 0, -0.04699281);

INSERT INTO `base_ace_object` (`baseAceObjectId`, `name`, `typeId`, `paletteId`, `ammoType`, `blipColor`, `bitField`, `burden`, `combatUse`, `cooldownDuration`, `cooldownId`, `effects`, `containersCapacity`, `header`, `hookTypeId`, `iconId`, `iconOverlayId`, `iconUnderlayId`, `hookItemTypes`, `itemsCapacity`, `location`, `materialType`, `maxStackSize`, `maxStructure`, `radar`, `pscript`, `spellId`, `stackSize`, `structure`, `targetTypeId`, `usability`, `useRadius`, `validLocations`, `value`, `workmanship`, `animationFrameId`, `defaultScript`, `defaultScriptIntensity`, `elasticity`, `friction`, `locationId`, `modelTableId`, `objectScale`, `physicsBitField`, `physicsTableId`, `motionTableId`, `soundTableId`, `physicsState`, `translucency`)
VALUES (1956339773, 'Life Stone', 268435456, 0, 0, 1, 16404, 0, 0, 0, 0, 0, 0, 9437232, 0, 100668245, 0, 0, 0, 0, 0, 0, 0, 0, 4, 0, 0, 0, 0, 0, 32, 2, 0, 0, 0, 0, 0, 0, 0, 0, 0, 33555182, 0, 100355, 0, 150994982, 536870932, 1040, 0);

INSERT INTO `ace_object` (`baseAceObjectId`, `weenieClassId`, `landblock`, `cell`, `posX`, `posY`, `posZ`, `qW`, `qX`, `qY`, `qZ`)
VALUES (1956339773, 509, 18870, 19, 59.5604, 68.8548, 239.7379, 0.9345207, 0, 0, 0.3559089);

INSERT INTO `base_ace_object` (`baseAceObjectId`, `name`, `typeId`, `paletteId`, `ammoType`, `blipColor`, `bitField`, `burden`, `combatUse`, `cooldownDuration`, `cooldownId`, `effects`, `containersCapacity`, `header`, `hookTypeId`, `iconId`, `iconOverlayId`, `iconUnderlayId`, `hookItemTypes`, `itemsCapacity`, `location`, `materialType`, `maxStackSize`, `maxStructure`, `radar`, `pscript`, `spellId`, `stackSize`, `structure`, `targetTypeId`, `usability`, `useRadius`, `validLocations`, `value`, `workmanship`, `animationFrameId`, `defaultScript`, `defaultScriptIntensity`, `elasticity`, `friction`, `locationId`, `modelTableId`, `objectScale`, `physicsBitField`, `physicsTableId`, `motionTableId`, `soundTableId`, `physicsState`, `translucency`)
VALUES (1958436864, 'Life Stone', 268435456, 0, 0, 1, 16404, 0, 0, 0, 0, 0, 0, 9437232, 0, 100668245, 0, 0, 0, 0, 0, 0, 0, 0, 4, 0, 0, 0, 0, 0, 32, 2, 0, 0, 0, 0, 0, 0, 0, 0, 0, 33555182, 0, 100355, 0, 150994982, 536870932, 1040, 0);

INSERT INTO `ace_object` (`baseAceObjectId`, `weenieClassId`, `landblock`, `cell`, `posX`, `posY`, `posZ`, `qW`, `qX`, `qY`, `qZ`)
VALUES (1958436864, 509, 19382, 32, 93.0383, 174.94, 237.4217, 0.8400319, 0, 0, -0.542537);

INSERT INTO `base_ace_object` (`baseAceObjectId`, `name`, `typeId`, `paletteId`, `ammoType`, `blipColor`, `bitField`, `burden`, `combatUse`, `cooldownDuration`, `cooldownId`, `effects`, `containersCapacity`, `header`, `hookTypeId`, `iconId`, `iconOverlayId`, `iconUnderlayId`, `hookItemTypes`, `itemsCapacity`, `location`, `materialType`, `maxStackSize`, `maxStructure`, `radar`, `pscript`, `spellId`, `stackSize`, `structure`, `targetTypeId`, `usability`, `useRadius`, `validLocations`, `value`, `workmanship`, `animationFrameId`, `defaultScript`, `defaultScriptIntensity`, `elasticity`, `friction`, `locationId`, `modelTableId`, `objectScale`, `physicsBitField`, `physicsTableId`, `motionTableId`, `soundTableId`, `physicsState`, `translucency`)
VALUES (1974304768, 'Life Stone', 268435456, 0, 0, 1, 16404, 0, 0, 0, 0, 0, 0, 9437232, 0, 100668245, 0, 0, 0, 0, 0, 0, 0, 0, 4, 0, 0, 0, 0, 0, 32, 2, 0, 0, 0, 0, 0, 0, 0, 0, 0, 33555182, 0, 100355, 0, 150994982, 536870932, 1040, 0);

INSERT INTO `ace_object` (`baseAceObjectId`, `weenieClassId`, `landblock`, `cell`, `posX`, `posY`, `posZ`, `qW`, `qX`, `qY`, `qZ`)
VALUES (1974304768, 509, 23256, 15, 43.9724, 165.216, 80.33563, 0.509075, 0, 0, 0.8607221);

INSERT INTO `base_ace_object` (`baseAceObjectId`, `name`, `typeId`, `paletteId`, `ammoType`, `blipColor`, `bitField`, `burden`, `combatUse`, `cooldownDuration`, `cooldownId`, `effects`, `containersCapacity`, `header`, `hookTypeId`, `iconId`, `iconOverlayId`, `iconUnderlayId`, `hookItemTypes`, `itemsCapacity`, `location`, `materialType`, `maxStackSize`, `maxStructure`, `radar`, `pscript`, `spellId`, `stackSize`, `structure`, `targetTypeId`, `usability`, `useRadius`, `validLocations`, `value`, `workmanship`, `animationFrameId`, `defaultScript`, `defaultScriptIntensity`, `elasticity`, `friction`, `locationId`, `modelTableId`, `objectScale`, `physicsBitField`, `physicsTableId`, `motionTableId`, `soundTableId`, `physicsState`, `translucency`)
VALUES (2078089228, 'Life Stone', 268435456, 0, 0, 1, 16404, 0, 0, 0, 0, 0, 0, 9437232, 0, 100668245, 0, 0, 0, 0, 0, 0, 0, 0, 4, 0, 0, 0, 0, 0, 32, 2, 0, 0, 0, 0, 0, 0, 0, 0, 0, 33555182, 0, 100355, 0, 150994982, 536870932, 1040, 0);

INSERT INTO `ace_object` (`baseAceObjectId`, `weenieClassId`, `landblock`, `cell`, `posX`, `posY`, `posZ`, `qW`, `qX`, `qY`, `qZ`)
VALUES (2078089228, 509, 48594, 44, 130.512, 92.5485, 186, -0.7463871, 0, 0, -0.6655121);

INSERT INTO `base_ace_object` (`baseAceObjectId`, `name`, `typeId`, `paletteId`, `ammoType`, `blipColor`, `bitField`, `burden`, `combatUse`, `cooldownDuration`, `cooldownId`, `effects`, `containersCapacity`, `header`, `hookTypeId`, `iconId`, `iconOverlayId`, `iconUnderlayId`, `hookItemTypes`, `itemsCapacity`, `location`, `materialType`, `maxStackSize`, `maxStructure`, `radar`, `pscript`, `spellId`, `stackSize`, `structure`, `targetTypeId`, `usability`, `useRadius`, `validLocations`, `value`, `workmanship`, `animationFrameId`, `defaultScript`, `defaultScriptIntensity`, `elasticity`, `friction`, `locationId`, `modelTableId`, `objectScale`, `physicsBitField`, `physicsTableId`, `motionTableId`, `soundTableId`, `physicsState`, `translucency`)
VALUES (2015965184, 'Life Stone', 268435456, 0, 0, 1, 16404, 0, 0, 0, 0, 0, 0, 9437232, 0, 100668245, 0, 0, 0, 0, 0, 0, 0, 0, 4, 0, 0, 0, 0, 0, 32, 2, 0, 0, 0, 0, 0, 0, 0, 0, 0, 33555182, 0, 100355, 0, 150994982, 536870932, 1040, 0);

INSERT INTO `ace_object` (`baseAceObjectId`, `weenieClassId`, `landblock`, `cell`, `posX`, `posY`, `posZ`, `qW`, `qX`, `qY`, `qZ`)
VALUES (2015965184, 509, 33427, 2, 22.847, 44.6796, 124, -0.0491975, 0, 0, 0.9987891);

INSERT INTO `base_ace_object` (`baseAceObjectId`, `name`, `typeId`, `paletteId`, `ammoType`, `blipColor`, `bitField`, `burden`, `combatUse`, `cooldownDuration`, `cooldownId`, `effects`, `containersCapacity`, `header`, `hookTypeId`, `iconId`, `iconOverlayId`, `iconUnderlayId`, `hookItemTypes`, `itemsCapacity`, `location`, `materialType`, `maxStackSize`, `maxStructure`, `radar`, `pscript`, `spellId`, `stackSize`, `structure`, `targetTypeId`, `usability`, `useRadius`, `validLocations`, `value`, `workmanship`, `animationFrameId`, `defaultScript`, `defaultScriptIntensity`, `elasticity`, `friction`, `locationId`, `modelTableId`, `objectScale`, `physicsBitField`, `physicsTableId`, `motionTableId`, `soundTableId`, `physicsState`, `translucency`)
VALUES (2049310753, 'Life Stone', 268435456, 0, 0, 1, 16404, 0, 0, 0, 0, 0, 0, 9437232, 0, 100668245, 0, 0, 0, 0, 0, 0, 0, 0, 4, 0, 0, 0, 0, 0, 32, 2, 0, 0, 0, 0, 0, 0, 0, 0, 0, 33555182, 0, 100355, 0, 150994982, 536870932, 1040, 0);

INSERT INTO `ace_object` (`baseAceObjectId`, `weenieClassId`, `landblock`, `cell`, `posX`, `posY`, `posZ`, `qW`, `qX`, `qY`, `qZ`)
VALUES (2049310753, 509, 41568, 43, 135.024, 54.9381, 20, 0.9083256, 0, 0, 0.4182638);

INSERT INTO `base_ace_object` (`baseAceObjectId`, `name`, `typeId`, `paletteId`, `ammoType`, `blipColor`, `bitField`, `burden`, `combatUse`, `cooldownDuration`, `cooldownId`, `effects`, `containersCapacity`, `header`, `hookTypeId`, `iconId`, `iconOverlayId`, `iconUnderlayId`, `hookItemTypes`, `itemsCapacity`, `location`, `materialType`, `maxStackSize`, `maxStructure`, `radar`, `pscript`, `spellId`, `stackSize`, `structure`, `targetTypeId`, `usability`, `useRadius`, `validLocations`, `value`, `workmanship`, `animationFrameId`, `defaultScript`, `defaultScriptIntensity`, `elasticity`, `friction`, `locationId`, `modelTableId`, `objectScale`, `physicsBitField`, `physicsTableId`, `motionTableId`, `soundTableId`, `physicsState`, `translucency`)
VALUES (2119426066, 'Life Stone', 268435456, 0, 0, 1, 16404, 0, 0, 0, 0, 0, 0, 9437232, 0, 100668245, 0, 0, 0, 0, 0, 0, 0, 0, 4, 0, 0, 0, 0, 0, 32, 2, 0, 0, 0, 0, 0, 0, 0, 0, 0, 33555182, 0, 100355, 0, 150994982, 536870932, 1040, 0);

INSERT INTO `ace_object` (`baseAceObjectId`, `weenieClassId`, `landblock`, `cell`, `posX`, `posY`, `posZ`, `qW`, `qX`, `qY`, `qZ`)
VALUES (2119426066, 509, 58686, 26, 90.7519, 41.3387, 118, -0.567908, 0, 0, 0.823092);

INSERT INTO `base_ace_object` (`baseAceObjectId`, `name`, `typeId`, `paletteId`, `ammoType`, `blipColor`, `bitField`, `burden`, `combatUse`, `cooldownDuration`, `cooldownId`, `effects`, `containersCapacity`, `header`, `hookTypeId`, `iconId`, `iconOverlayId`, `iconUnderlayId`, `hookItemTypes`, `itemsCapacity`, `location`, `materialType`, `maxStackSize`, `maxStructure`, `radar`, `pscript`, `spellId`, `stackSize`, `structure`, `targetTypeId`, `usability`, `useRadius`, `validLocations`, `value`, `workmanship`, `animationFrameId`, `defaultScript`, `defaultScriptIntensity`, `elasticity`, `friction`, `locationId`, `modelTableId`, `objectScale`, `physicsBitField`, `physicsTableId`, `motionTableId`, `soundTableId`, `physicsState`, `translucency`)
VALUES (2117324801, 'Life Stone', 268435456, 0, 0, 1, 16404, 0, 0, 0, 0, 0, 0, 9437232, 0, 100668245, 0, 0, 0, 0, 0, 0, 0, 0, 4, 0, 0, 0, 0, 0, 32, 2, 0, 0, 0, 0, 0, 0, 0, 0, 0, 33555182, 0, 100355, 0, 150994982, 536870932, 1040, 0);

INSERT INTO `ace_object` (`baseAceObjectId`, `weenieClassId`, `landblock`, `cell`, `posX`, `posY`, `posZ`, `qW`, `qX`, `qY`, `qZ`)
VALUES (2117324801, 509, 58173, 45, 122.843, 108.621, 131.7631, 0.6295693, 0, 0, 0.7769443);

INSERT INTO `base_ace_object` (`baseAceObjectId`, `name`, `typeId`, `paletteId`, `ammoType`, `blipColor`, `bitField`, `burden`, `combatUse`, `cooldownDuration`, `cooldownId`, `effects`, `containersCapacity`, `header`, `hookTypeId`, `iconId`, `iconOverlayId`, `iconUnderlayId`, `hookItemTypes`, `itemsCapacity`, `location`, `materialType`, `maxStackSize`, `maxStructure`, `radar`, `pscript`, `spellId`, `stackSize`, `structure`, `targetTypeId`, `usability`, `useRadius`, `validLocations`, `value`, `workmanship`, `animationFrameId`, `defaultScript`, `defaultScriptIntensity`, `elasticity`, `friction`, `locationId`, `modelTableId`, `objectScale`, `physicsBitField`, `physicsTableId`, `motionTableId`, `soundTableId`, `physicsState`, `translucency`)
VALUES (1938780160, 'Life Stone', 268435456, 0, 0, 1, 16404, 0, 0, 0, 0, 0, 0, 9437232, 0, 100668245, 0, 0, 0, 0, 0, 0, 0, 0, 4, 0, 0, 0, 0, 0, 32, 2, 0, 0, 0, 0, 0, 0, 0, 0, 0, 33555182, 0, 100355, 0, 150994982, 536870932, 1040, 0);

INSERT INTO `ace_object` (`baseAceObjectId`, `weenieClassId`, `landblock`, `cell`, `posX`, `posY`, `posZ`, `qW`, `qX`, `qY`, `qZ`)
VALUES (1938780160, 509, 14583, 27, 83.5592, 51.8239, -0.1, -0.6953191, 0, 0, -0.7187011);

INSERT INTO `base_ace_object` (`baseAceObjectId`, `name`, `typeId`, `paletteId`, `ammoType`, `blipColor`, `bitField`, `burden`, `combatUse`, `cooldownDuration`, `cooldownId`, `effects`, `containersCapacity`, `header`, `hookTypeId`, `iconId`, `iconOverlayId`, `iconUnderlayId`, `hookItemTypes`, `itemsCapacity`, `location`, `materialType`, `maxStackSize`, `maxStructure`, `radar`, `pscript`, `spellId`, `stackSize`, `structure`, `targetTypeId`, `usability`, `useRadius`, `validLocations`, `value`, `workmanship`, `animationFrameId`, `defaultScript`, `defaultScriptIntensity`, `elasticity`, `friction`, `locationId`, `modelTableId`, `objectScale`, `physicsBitField`, `physicsTableId`, `motionTableId`, `soundTableId`, `physicsState`, `translucency`)
VALUES (1924878345, 'Life Stone', 268435456, 0, 0, 1, 16404, 0, 0, 0, 0, 0, 0, 9437232, 0, 100668245, 0, 0, 0, 0, 0, 0, 0, 0, 4, 0, 0, 0, 0, 0, 32, 2, 0, 0, 0, 0, 0, 0, 0, 0, 0, 33555182, 0, 100355, 0, 150994982, 536870932, 1040, 0);

INSERT INTO `ace_object` (`baseAceObjectId`, `weenieClassId`, `landblock`, `cell`, `posX`, `posY`, `posZ`, `qW`, `qX`, `qY`, `qZ`)
VALUES (1924878345, 509, 11189, 49, 155.643, 9.71925, 99, 0.2716299, 0, 0, -0.9624017);

INSERT INTO `base_ace_object` (`baseAceObjectId`, `name`, `typeId`, `paletteId`, `ammoType`, `blipColor`, `bitField`, `burden`, `combatUse`, `cooldownDuration`, `cooldownId`, `effects`, `containersCapacity`, `header`, `hookTypeId`, `iconId`, `iconOverlayId`, `iconUnderlayId`, `hookItemTypes`, `itemsCapacity`, `location`, `materialType`, `maxStackSize`, `maxStructure`, `radar`, `pscript`, `spellId`, `stackSize`, `structure`, `targetTypeId`, `usability`, `useRadius`, `validLocations`, `value`, `workmanship`, `animationFrameId`, `defaultScript`, `defaultScriptIntensity`, `elasticity`, `friction`, `locationId`, `modelTableId`, `objectScale`, `physicsBitField`, `physicsTableId`, `motionTableId`, `soundTableId`, `physicsState`, `translucency`)
VALUES (1948344320, 'Life Stone', 268435456, 0, 0, 1, 16404, 0, 0, 0, 0, 0, 0, 9437232, 0, 100668245, 0, 0, 0, 0, 0, 0, 0, 0, 4, 0, 0, 0, 0, 0, 32, 2, 0, 0, 0, 0, 0, 0, 0, 0, 0, 33555182, 0, 100355, 0, 150994982, 536870932, 1040, 0);

INSERT INTO `ace_object` (`baseAceObjectId`, `weenieClassId`, `landblock`, `cell`, `posX`, `posY`, `posZ`, `qW`, `qX`, `qY`, `qZ`)
VALUES (1948344320, 509, 16918, 26, 83.4707, 36.2119, 3.911784, 0.6490531, 0, 0, -0.7607431);

INSERT INTO `base_ace_object` (`baseAceObjectId`, `name`, `typeId`, `paletteId`, `ammoType`, `blipColor`, `bitField`, `burden`, `combatUse`, `cooldownDuration`, `cooldownId`, `effects`, `containersCapacity`, `header`, `hookTypeId`, `iconId`, `iconOverlayId`, `iconUnderlayId`, `hookItemTypes`, `itemsCapacity`, `location`, `materialType`, `maxStackSize`, `maxStructure`, `radar`, `pscript`, `spellId`, `stackSize`, `structure`, `targetTypeId`, `usability`, `useRadius`, `validLocations`, `value`, `workmanship`, `animationFrameId`, `defaultScript`, `defaultScriptIntensity`, `elasticity`, `friction`, `locationId`, `modelTableId`, `objectScale`, `physicsBitField`, `physicsTableId`, `motionTableId`, `soundTableId`, `physicsState`, `translucency`)
VALUES (1964081152, 'Life Stone', 268435456, 0, 0, 1, 16404, 0, 0, 0, 0, 0, 0, 9437232, 0, 100668245, 0, 0, 0, 0, 0, 0, 0, 0, 4, 0, 0, 0, 0, 0, 32, 2, 0, 0, 0, 0, 0, 0, 0, 0, 0, 33555182, 0, 100355, 0, 150994982, 536870932, 1040, 0);

INSERT INTO `ace_object` (`baseAceObjectId`, `weenieClassId`, `landblock`, `cell`, `posX`, `posY`, `posZ`, `qW`, `qX`, `qY`, `qZ`)
VALUES (1964081152, 509, 20760, 54, 165.407, 133.044, 120, 0.117064, 0, 0, -0.9931244);

INSERT INTO `base_ace_object` (`baseAceObjectId`, `name`, `typeId`, `paletteId`, `ammoType`, `blipColor`, `bitField`, `burden`, `combatUse`, `cooldownDuration`, `cooldownId`, `effects`, `containersCapacity`, `header`, `hookTypeId`, `iconId`, `iconOverlayId`, `iconUnderlayId`, `hookItemTypes`, `itemsCapacity`, `location`, `materialType`, `maxStackSize`, `maxStructure`, `radar`, `pscript`, `spellId`, `stackSize`, `structure`, `targetTypeId`, `usability`, `useRadius`, `validLocations`, `value`, `workmanship`, `animationFrameId`, `defaultScript`, `defaultScriptIntensity`, `elasticity`, `friction`, `locationId`, `modelTableId`, `objectScale`, `physicsBitField`, `physicsTableId`, `motionTableId`, `soundTableId`, `physicsState`, `translucency`)
VALUES (1920466944, 'Life Stone', 268435456, 0, 0, 1, 16404, 0, 0, 0, 0, 0, 0, 9437232, 0, 100668245, 0, 0, 0, 0, 0, 0, 0, 0, 4, 0, 0, 0, 0, 0, 32, 2, 0, 0, 0, 0, 0, 0, 0, 0, 0, 33555182, 0, 100355, 0, 150994982, 536870932, 1040, 0);

INSERT INTO `ace_object` (`baseAceObjectId`, `weenieClassId`, `landblock`, `cell`, `posX`, `posY`, `posZ`, `qW`, `qX`, `qY`, `qZ`)
VALUES (1920466944, 509, 10112, 6, 18.7945, 137.695, 144, -0.2683639, 0, 0, 0.9633176);

INSERT INTO `base_ace_object` (`baseAceObjectId`, `name`, `typeId`, `paletteId`, `ammoType`, `blipColor`, `bitField`, `burden`, `combatUse`, `cooldownDuration`, `cooldownId`, `effects`, `containersCapacity`, `header`, `hookTypeId`, `iconId`, `iconOverlayId`, `iconUnderlayId`, `hookItemTypes`, `itemsCapacity`, `location`, `materialType`, `maxStackSize`, `maxStructure`, `radar`, `pscript`, `spellId`, `stackSize`, `structure`, `targetTypeId`, `usability`, `useRadius`, `validLocations`, `value`, `workmanship`, `animationFrameId`, `defaultScript`, `defaultScriptIntensity`, `elasticity`, `friction`, `locationId`, `modelTableId`, `objectScale`, `physicsBitField`, `physicsTableId`, `motionTableId`, `soundTableId`, `physicsState`, `translucency`)
VALUES (2064850944, 'Life Stone', 268435456, 0, 0, 1, 16404, 0, 0, 0, 0, 0, 0, 9437232, 0, 100668245, 0, 0, 0, 0, 0, 0, 0, 0, 4, 0, 0, 0, 0, 0, 32, 2, 0, 0, 0, 0, 0, 0, 0, 0, 0, 33555182, 0, 100355, 0, 150994982, 536870932, 1040, 0);

INSERT INTO `ace_object` (`baseAceObjectId`, `weenieClassId`, `landblock`, `cell`, `posX`, `posY`, `posZ`, `qW`, `qX`, `qY`, `qZ`)
VALUES (2064850944, 509, 45362, 18, 62.1586, 36.5546, 50.41139, 0.5987402, 0, 0, 0.8009433);

INSERT INTO `base_ace_object` (`baseAceObjectId`, `name`, `typeId`, `paletteId`, `ammoType`, `blipColor`, `bitField`, `burden`, `combatUse`, `cooldownDuration`, `cooldownId`, `effects`, `containersCapacity`, `header`, `hookTypeId`, `iconId`, `iconOverlayId`, `iconUnderlayId`, `hookItemTypes`, `itemsCapacity`, `location`, `materialType`, `maxStackSize`, `maxStructure`, `radar`, `pscript`, `spellId`, `stackSize`, `structure`, `targetTypeId`, `usability`, `useRadius`, `validLocations`, `value`, `workmanship`, `animationFrameId`, `defaultScript`, `defaultScriptIntensity`, `elasticity`, `friction`, `locationId`, `modelTableId`, `objectScale`, `physicsBitField`, `physicsTableId`, `motionTableId`, `soundTableId`, `physicsState`, `translucency`)
VALUES (2070528000, 'Life Stone', 268435456, 0, 0, 1, 16404, 0, 0, 0, 0, 0, 0, 9437232, 0, 100668245, 0, 0, 0, 0, 0, 0, 0, 0, 4, 0, 0, 0, 0, 0, 32, 2, 0, 0, 0, 0, 0, 0, 0, 0, 0, 33555182, 0, 100355, 0, 150994982, 536870932, 1040, 0);

INSERT INTO `ace_object` (`baseAceObjectId`, `weenieClassId`, `landblock`, `cell`, `posX`, `posY`, `posZ`, `qW`, `qX`, `qY`, `qZ`)
VALUES (2070528000, 509, 46748, 28, 87.7331, 84.2289, 61.01907, -0.673475, 0, 0, -0.73921);

INSERT INTO `base_ace_object` (`baseAceObjectId`, `name`, `typeId`, `paletteId`, `ammoType`, `blipColor`, `bitField`, `burden`, `combatUse`, `cooldownDuration`, `cooldownId`, `effects`, `containersCapacity`, `header`, `hookTypeId`, `iconId`, `iconOverlayId`, `iconUnderlayId`, `hookItemTypes`, `itemsCapacity`, `location`, `materialType`, `maxStackSize`, `maxStructure`, `radar`, `pscript`, `spellId`, `stackSize`, `structure`, `targetTypeId`, `usability`, `useRadius`, `validLocations`, `value`, `workmanship`, `animationFrameId`, `defaultScript`, `defaultScriptIntensity`, `elasticity`, `friction`, `locationId`, `modelTableId`, `objectScale`, `physicsBitField`, `physicsTableId`, `motionTableId`, `soundTableId`, `physicsState`, `translucency`)
VALUES (2137165824, 'Life Stone', 268435456, 0, 0, 1, 16404, 0, 0, 0, 0, 0, 0, 9437232, 0, 100668245, 0, 0, 0, 0, 0, 0, 0, 0, 4, 0, 0, 0, 0, 0, 32, 2, 0, 0, 0, 0, 0, 0, 0, 0, 0, 33555182, 0, 100355, 0, 150994982, 536870932, 1040, 0);

INSERT INTO `ace_object` (`baseAceObjectId`, `weenieClassId`, `landblock`, `cell`, `posX`, `posY`, `posZ`, `qW`, `qX`, `qY`, `qZ`)
VALUES (2137165824, 509, 63017, 6, 19.4796, 132.69, 0, -0.7136547, 0, 0, -0.7004977);

INSERT INTO `base_ace_object` (`baseAceObjectId`, `name`, `typeId`, `paletteId`, `ammoType`, `blipColor`, `bitField`, `burden`, `combatUse`, `cooldownDuration`, `cooldownId`, `effects`, `containersCapacity`, `header`, `hookTypeId`, `iconId`, `iconOverlayId`, `iconUnderlayId`, `hookItemTypes`, `itemsCapacity`, `location`, `materialType`, `maxStackSize`, `maxStructure`, `radar`, `pscript`, `spellId`, `stackSize`, `structure`, `targetTypeId`, `usability`, `useRadius`, `validLocations`, `value`, `workmanship`, `animationFrameId`, `defaultScript`, `defaultScriptIntensity`, `elasticity`, `friction`, `locationId`, `modelTableId`, `objectScale`, `physicsBitField`, `physicsTableId`, `motionTableId`, `soundTableId`, `physicsState`, `translucency`)
VALUES (3710937461, 'Radiant Blood Banner', 268435456, 0, 0, 0, 20, 0, 0, 0, 0, 0, 0, 8388624, 0, 100689890, 0, 0, 0, 0, 0, 0, 0, 0, 1, 0, 0, 0, 0, 0, 1, 0, 0, 0, 0, 0, 0, 0, 0, 0, 0, 33560564, 0, 34817, 0, 0, 536870932, 1040, 0);

INSERT INTO `ace_object` (`baseAceObjectId`, `weenieClassId`, `landblock`, `cell`, `posX`, `posY`, `posZ`, `qW`, `qX`, `qY`, `qZ`)
VALUES (3710937461, 38055, 35331, 403, 89.46724, -148.7411, 0, -0.9238795, 0, 0, -0.3826835);

INSERT INTO `base_ace_object` (`baseAceObjectId`, `name`, `typeId`, `paletteId`, `ammoType`, `blipColor`, `bitField`, `burden`, `combatUse`, `cooldownDuration`, `cooldownId`, `effects`, `containersCapacity`, `header`, `hookTypeId`, `iconId`, `iconOverlayId`, `iconUnderlayId`, `hookItemTypes`, `itemsCapacity`, `location`, `materialType`, `maxStackSize`, `maxStructure`, `radar`, `pscript`, `spellId`, `stackSize`, `structure`, `targetTypeId`, `usability`, `useRadius`, `validLocations`, `value`, `workmanship`, `animationFrameId`, `defaultScript`, `defaultScriptIntensity`, `elasticity`, `friction`, `locationId`, `modelTableId`, `objectScale`, `physicsBitField`, `physicsTableId`, `motionTableId`, `soundTableId`, `physicsState`, `translucency`)
VALUES (3710937462, 'Radiant Blood Banner', 268435456, 0, 0, 0, 20, 0, 0, 0, 0, 0, 0, 8388624, 0, 100689890, 0, 0, 0, 0, 0, 0, 0, 0, 1, 0, 0, 0, 0, 0, 1, 0, 0, 0, 0, 0, 0, 0, 0, 0, 0, 33560564, 0, 34817, 0, 0, 536870932, 1040, 0);

INSERT INTO `ace_object` (`baseAceObjectId`, `weenieClassId`, `landblock`, `cell`, `posX`, `posY`, `posZ`, `qW`, `qX`, `qY`, `qZ`)
VALUES (3710937462, 38055, 35331, 360, 71.22791, -149.4381, 0, 0.9238795, 0, 0, -0.3826835);

INSERT INTO `base_ace_object` (`baseAceObjectId`, `name`, `typeId`, `paletteId`, `ammoType`, `blipColor`, `bitField`, `burden`, `combatUse`, `cooldownDuration`, `cooldownId`, `effects`, `containersCapacity`, `header`, `hookTypeId`, `iconId`, `iconOverlayId`, `iconUnderlayId`, `hookItemTypes`, `itemsCapacity`, `location`, `materialType`, `maxStackSize`, `maxStructure`, `radar`, `pscript`, `spellId`, `stackSize`, `structure`, `targetTypeId`, `usability`, `useRadius`, `validLocations`, `value`, `workmanship`, `animationFrameId`, `defaultScript`, `defaultScriptIntensity`, `elasticity`, `friction`, `locationId`, `modelTableId`, `objectScale`, `physicsBitField`, `physicsTableId`, `motionTableId`, `soundTableId`, `physicsState`, `translucency`)
VALUES (2038935554, 'Bind Stone', 268435456, 67113296, 0, 1, 134217748, 0, 0, 0, 0, 0, 0, 9437232, 0, 100671884, 0, 0, 0, 0, 0, 0, 0, 0, 4, 0, 0, 0, 0, 0, 32, 2, 0, 0, 0, 0, 0, 0, 0, 0, 0, 33558700, 0, 100355, 0, 150995296, 536870932, 1040, 0);

INSERT INTO `ace_object` (`baseAceObjectId`, `weenieClassId`, `landblock`, `cell`, `posX`, `posY`, `posZ`, `qW`, `qX`, `qY`, `qZ`)
VALUES (2038935554, 27547, 39035, 7, 17.0359, 167.747, 0, 0.8089148, 0, 0, -0.5879259);

INSERT INTO `ace_object_palette_changes` (`baseAceObjectId`, `subPaletteId`, `offset`, `length`)
VALUES (2038935554, 67115144, 0, 2048);

INSERT INTO `base_ace_object` (`baseAceObjectId`, `name`, `typeId`, `paletteId`, `ammoType`, `blipColor`, `bitField`, `burden`, `combatUse`, `cooldownDuration`, `cooldownId`, `effects`, `containersCapacity`, `header`, `hookTypeId`, `iconId`, `iconOverlayId`, `iconUnderlayId`, `hookItemTypes`, `itemsCapacity`, `location`, `materialType`, `maxStackSize`, `maxStructure`, `radar`, `pscript`, `spellId`, `stackSize`, `structure`, `targetTypeId`, `usability`, `useRadius`, `validLocations`, `value`, `workmanship`, `animationFrameId`, `defaultScript`, `defaultScriptIntensity`, `elasticity`, `friction`, `locationId`, `modelTableId`, `objectScale`, `physicsBitField`, `physicsTableId`, `motionTableId`, `soundTableId`, `physicsState`, `translucency`)
VALUES (2088480768, 'Life Stone', 268435456, 0, 0, 1, 16404, 0, 0, 0, 0, 0, 0, 9437232, 0, 100668245, 0, 0, 0, 0, 0, 0, 0, 0, 4, 0, 0, 0, 0, 0, 32, 2, 0, 0, 0, 0, 0, 0, 0, 0, 0, 33558189, 0, 100355, 0, 150995232, 536870932, 1040, 0);

INSERT INTO `ace_object` (`baseAceObjectId`, `weenieClassId`, `landblock`, `cell`, `posX`, `posY`, `posZ`, `qW`, `qX`, `qY`, `qZ`)
VALUES (2088480768, 23618, 51131, 15, 36.2672, 156.867, 116, 0.005600611, 0, 0, 0.9999843);

INSERT INTO `base_ace_object` (`baseAceObjectId`, `name`, `typeId`, `paletteId`, `ammoType`, `blipColor`, `bitField`, `burden`, `combatUse`, `cooldownDuration`, `cooldownId`, `effects`, `containersCapacity`, `header`, `hookTypeId`, `iconId`, `iconOverlayId`, `iconUnderlayId`, `hookItemTypes`, `itemsCapacity`, `location`, `materialType`, `maxStackSize`, `maxStructure`, `radar`, `pscript`, `spellId`, `stackSize`, `structure`, `targetTypeId`, `usability`, `useRadius`, `validLocations`, `value`, `workmanship`, `animationFrameId`, `defaultScript`, `defaultScriptIntensity`, `elasticity`, `friction`, `locationId`, `modelTableId`, `objectScale`, `physicsBitField`, `physicsTableId`, `motionTableId`, `soundTableId`, `physicsState`, `translucency`)
VALUES (2107875332, 'Bind Stone', 268435456, 67113296, 0, 1, 134217748, 0, 0, 0, 0, 0, 0, 9437232, 0, 100671884, 0, 0, 0, 0, 0, 0, 0, 0, 4, 0, 0, 0, 0, 0, 32, 2, 0, 0, 0, 0, 0, 0, 0, 0, 0, 33558700, 0, 100355, 0, 150995296, 536870932, 1040, 0);

INSERT INTO `ace_object` (`baseAceObjectId`, `weenieClassId`, `landblock`, `cell`, `posX`, `posY`, `posZ`, `qW`, `qX`, `qY`, `qZ`)
VALUES (2107875332, 27547, 55866, 64, 179.175, 190.571, 0, 0.8211551, 0, 0, -0.5707051);

INSERT INTO `ace_object_palette_changes` (`baseAceObjectId`, `subPaletteId`, `offset`, `length`)
VALUES (2107875332, 67115144, 0, 2048);

INSERT INTO `base_ace_object` (`baseAceObjectId`, `name`, `typeId`, `paletteId`, `ammoType`, `blipColor`, `bitField`, `burden`, `combatUse`, `cooldownDuration`, `cooldownId`, `effects`, `containersCapacity`, `header`, `hookTypeId`, `iconId`, `iconOverlayId`, `iconUnderlayId`, `hookItemTypes`, `itemsCapacity`, `location`, `materialType`, `maxStackSize`, `maxStructure`, `radar`, `pscript`, `spellId`, `stackSize`, `structure`, `targetTypeId`, `usability`, `useRadius`, `validLocations`, `value`, `workmanship`, `animationFrameId`, `defaultScript`, `defaultScriptIntensity`, `elasticity`, `friction`, `locationId`, `modelTableId`, `objectScale`, `physicsBitField`, `physicsTableId`, `motionTableId`, `soundTableId`, `physicsState`, `translucency`)
VALUES (2120417280, 'Life Stone', 268435456, 0, 0, 1, 16404, 0, 0, 0, 0, 0, 0, 9437232, 0, 100668245, 0, 0, 0, 0, 0, 0, 0, 0, 4, 0, 0, 0, 0, 0, 32, 2, 0, 0, 0, 0, 0, 0, 0, 0, 0, 33555182, 0, 100355, 0, 150994982, 536870932, 1040, 0);

INSERT INTO `ace_object` (`baseAceObjectId`, `weenieClassId`, `landblock`, `cell`, `posX`, `posY`, `posZ`, `qW`, `qX`, `qY`, `qZ`)
VALUES (2120417280, 509, 58928, 37, 96.9662, 111.509, 90.70759, -0.9989182, 0, 0, -0.04650081);

INSERT INTO `base_ace_object` (`baseAceObjectId`, `name`, `typeId`, `paletteId`, `ammoType`, `blipColor`, `bitField`, `burden`, `combatUse`, `cooldownDuration`, `cooldownId`, `effects`, `containersCapacity`, `header`, `hookTypeId`, `iconId`, `iconOverlayId`, `iconUnderlayId`, `hookItemTypes`, `itemsCapacity`, `location`, `materialType`, `maxStackSize`, `maxStructure`, `radar`, `pscript`, `spellId`, `stackSize`, `structure`, `targetTypeId`, `usability`, `useRadius`, `validLocations`, `value`, `workmanship`, `animationFrameId`, `defaultScript`, `defaultScriptIntensity`, `elasticity`, `friction`, `locationId`, `modelTableId`, `objectScale`, `physicsBitField`, `physicsTableId`, `motionTableId`, `soundTableId`, `physicsState`, `translucency`)
VALUES (2103791626, 'Life Stone', 268435456, 0, 0, 1, 16404, 0, 0, 0, 0, 0, 0, 9437232, 0, 100668245, 0, 0, 0, 0, 0, 0, 0, 0, 4, 0, 0, 0, 0, 0, 32, 2, 0, 0, 0, 0, 0, 0, 0, 0, 0, 33555182, 0, 100355, 0, 150994982, 536870932, 1040, 0);

INSERT INTO `ace_object` (`baseAceObjectId`, `weenieClassId`, `landblock`, `cell`, `posX`, `posY`, `posZ`, `qW`, `qX`, `qY`, `qZ`)
VALUES (2103791626, 509, 54869, 52, 151.276, 81.7088, 44, -0.125403, 0, 0, 0.9921059);

INSERT INTO `base_ace_object` (`baseAceObjectId`, `name`, `typeId`, `paletteId`, `ammoType`, `blipColor`, `bitField`, `burden`, `combatUse`, `cooldownDuration`, `cooldownId`, `effects`, `containersCapacity`, `header`, `hookTypeId`, `iconId`, `iconOverlayId`, `iconUnderlayId`, `hookItemTypes`, `itemsCapacity`, `location`, `materialType`, `maxStackSize`, `maxStructure`, `radar`, `pscript`, `spellId`, `stackSize`, `structure`, `targetTypeId`, `usability`, `useRadius`, `validLocations`, `value`, `workmanship`, `animationFrameId`, `defaultScript`, `defaultScriptIntensity`, `elasticity`, `friction`, `locationId`, `modelTableId`, `objectScale`, `physicsBitField`, `physicsTableId`, `motionTableId`, `soundTableId`, `physicsState`, `translucency`)
VALUES (2014724098, 'Life Stone', 268435456, 0, 0, 1, 16404, 0, 0, 0, 0, 0, 0, 9437232, 0, 100668245, 0, 0, 0, 0, 0, 0, 0, 0, 4, 0, 0, 0, 0, 0, 32, 2, 0, 0, 0, 0, 0, 0, 0, 0, 0, 33555182, 0, 100355, 0, 150994982, 536870932, 1040, 0);

INSERT INTO `ace_object` (`baseAceObjectId`, `weenieClassId`, `landblock`, `cell`, `posX`, `posY`, `posZ`, `qW`, `qX`, `qY`, `qZ`)
VALUES (2014724098, 509, 33124, 7, 19.2176, 148.024, 24, 0.614668, 0, 0, 0.7887859);

INSERT INTO `base_ace_object` (`baseAceObjectId`, `name`, `typeId`, `paletteId`, `ammoType`, `blipColor`, `bitField`, `burden`, `combatUse`, `cooldownDuration`, `cooldownId`, `effects`, `containersCapacity`, `header`, `hookTypeId`, `iconId`, `iconOverlayId`, `iconUnderlayId`, `hookItemTypes`, `itemsCapacity`, `location`, `materialType`, `maxStackSize`, `maxStructure`, `radar`, `pscript`, `spellId`, `stackSize`, `structure`, `targetTypeId`, `usability`, `useRadius`, `validLocations`, `value`, `workmanship`, `animationFrameId`, `defaultScript`, `defaultScriptIntensity`, `elasticity`, `friction`, `locationId`, `modelTableId`, `objectScale`, `physicsBitField`, `physicsTableId`, `motionTableId`, `soundTableId`, `physicsState`, `translucency`)
VALUES (2016772097, 'Life Stone', 268435456, 0, 0, 1, 16404, 0, 0, 0, 0, 0, 0, 9437232, 0, 100668245, 0, 0, 0, 0, 0, 0, 0, 0, 4, 0, 0, 0, 0, 0, 32, 2, 0, 0, 0, 0, 0, 0, 0, 0, 0, 33555182, 0, 100355, 0, 150994982, 536870932, 1040, 0);

INSERT INTO `ace_object` (`baseAceObjectId`, `weenieClassId`, `landblock`, `cell`, `posX`, `posY`, `posZ`, `qW`, `qX`, `qY`, `qZ`)
VALUES (2016772097, 509, 33624, 59, 174.303, 67.0709, 0, 0.1436991, 0, 0, -0.9896215);

INSERT INTO `base_ace_object` (`baseAceObjectId`, `name`, `typeId`, `paletteId`, `ammoType`, `blipColor`, `bitField`, `burden`, `combatUse`, `cooldownDuration`, `cooldownId`, `effects`, `containersCapacity`, `header`, `hookTypeId`, `iconId`, `iconOverlayId`, `iconUnderlayId`, `hookItemTypes`, `itemsCapacity`, `location`, `materialType`, `maxStackSize`, `maxStructure`, `radar`, `pscript`, `spellId`, `stackSize`, `structure`, `targetTypeId`, `usability`, `useRadius`, `validLocations`, `value`, `workmanship`, `animationFrameId`, `defaultScript`, `defaultScriptIntensity`, `elasticity`, `friction`, `locationId`, `modelTableId`, `objectScale`, `physicsBitField`, `physicsTableId`, `motionTableId`, `soundTableId`, `physicsState`, `translucency`)
VALUES (2121474048, 'Life Stone', 268435456, 0, 0, 1, 16404, 0, 0, 0, 0, 0, 0, 9437232, 0, 100668245, 0, 0, 0, 0, 0, 0, 0, 0, 4, 0, 0, 0, 0, 0, 32, 2, 0, 0, 0, 0, 0, 0, 0, 0, 0, 33555182, 0, 100355, 0, 150994982, 536870932, 1040, 0);

INSERT INTO `ace_object` (`baseAceObjectId`, `weenieClassId`, `landblock`, `cell`, `posX`, `posY`, `posZ`, `qW`, `qX`, `qY`, `qZ`)
VALUES (2121474048, 509, 59186, 36, 116.714, 87.6789, 0, -0.3987339, 0, 0, 0.9170667);

INSERT INTO `base_ace_object` (`baseAceObjectId`, `name`, `typeId`, `paletteId`, `ammoType`, `blipColor`, `bitField`, `burden`, `combatUse`, `cooldownDuration`, `cooldownId`, `effects`, `containersCapacity`, `header`, `hookTypeId`, `iconId`, `iconOverlayId`, `iconUnderlayId`, `hookItemTypes`, `itemsCapacity`, `location`, `materialType`, `maxStackSize`, `maxStructure`, `radar`, `pscript`, `spellId`, `stackSize`, `structure`, `targetTypeId`, `usability`, `useRadius`, `validLocations`, `value`, `workmanship`, `animationFrameId`, `defaultScript`, `defaultScriptIntensity`, `elasticity`, `friction`, `locationId`, `modelTableId`, `objectScale`, `physicsBitField`, `physicsTableId`, `motionTableId`, `soundTableId`, `physicsState`, `translucency`)
VALUES (2085257220, 'Life Stone', 268435456, 0, 0, 1, 16404, 0, 0, 0, 0, 0, 0, 9437232, 0, 100668245, 0, 0, 0, 0, 0, 0, 0, 0, 4, 0, 0, 0, 0, 0, 32, 2, 0, 0, 0, 0, 0, 0, 0, 0, 0, 33555182, 0, 100355, 0, 150994982, 536870932, 1040, 0);

INSERT INTO `ace_object` (`baseAceObjectId`, `weenieClassId`, `landblock`, `cell`, `posX`, `posY`, `posZ`, `qW`, `qX`, `qY`, `qZ`)
VALUES (2085257220, 509, 50344, 17, 55.2651, 12.317, 59.39457, 0.3928849, 0, 0, -0.9195877);

INSERT INTO `base_ace_object` (`baseAceObjectId`, `name`, `typeId`, `paletteId`, `ammoType`, `blipColor`, `bitField`, `burden`, `combatUse`, `cooldownDuration`, `cooldownId`, `effects`, `containersCapacity`, `header`, `hookTypeId`, `iconId`, `iconOverlayId`, `iconUnderlayId`, `hookItemTypes`, `itemsCapacity`, `location`, `materialType`, `maxStackSize`, `maxStructure`, `radar`, `pscript`, `spellId`, `stackSize`, `structure`, `targetTypeId`, `usability`, `useRadius`, `validLocations`, `value`, `workmanship`, `animationFrameId`, `defaultScript`, `defaultScriptIntensity`, `elasticity`, `friction`, `locationId`, `modelTableId`, `objectScale`, `physicsBitField`, `physicsTableId`, `motionTableId`, `soundTableId`, `physicsState`, `translucency`)
VALUES (1989849089, 'Life Stone', 268435456, 0, 0, 1, 16404, 0, 0, 0, 0, 0, 0, 9437232, 0, 100668245, 0, 0, 0, 0, 0, 0, 0, 0, 4, 0, 0, 0, 0, 0, 32, 2, 0, 0, 0, 0, 0, 0, 0, 0, 0, 33555182, 0, 100355, 0, 150994982, 536870932, 1040, 0);

INSERT INTO `ace_object` (`baseAceObjectId`, `weenieClassId`, `landblock`, `cell`, `posX`, `posY`, `posZ`, `qW`, `qX`, `qY`, `qZ`)
VALUES (1989849089, 509, 27051, 10, 39.916, 37.227, 240, 1, 0, 0, 0);

INSERT INTO `base_ace_object` (`baseAceObjectId`, `name`, `typeId`, `paletteId`, `ammoType`, `blipColor`, `bitField`, `burden`, `combatUse`, `cooldownDuration`, `cooldownId`, `effects`, `containersCapacity`, `header`, `hookTypeId`, `iconId`, `iconOverlayId`, `iconUnderlayId`, `hookItemTypes`, `itemsCapacity`, `location`, `materialType`, `maxStackSize`, `maxStructure`, `radar`, `pscript`, `spellId`, `stackSize`, `structure`, `targetTypeId`, `usability`, `useRadius`, `validLocations`, `value`, `workmanship`, `animationFrameId`, `defaultScript`, `defaultScriptIntensity`, `elasticity`, `friction`, `locationId`, `modelTableId`, `objectScale`, `physicsBitField`, `physicsTableId`, `motionTableId`, `soundTableId`, `physicsState`, `translucency`)
VALUES (1999646728, 'Life Stone', 268435456, 0, 0, 1, 16404, 0, 0, 0, 0, 0, 0, 9437232, 0, 100668245, 0, 0, 0, 0, 0, 0, 0, 0, 4, 0, 0, 0, 0, 0, 32, 2, 0, 0, 0, 0, 0, 0, 0, 0, 0, 33555182, 0, 100355, 0, 150994982, 536870932, 1040, 0);

INSERT INTO `ace_object` (`baseAceObjectId`, `weenieClassId`, `landblock`, `cell`, `posX`, `posY`, `posZ`, `qW`, `qX`, `qY`, `qZ`)
VALUES (1999646728, 509, 29443, 308, 120, -160, -6, 0.020795, 0, 0, 0.9997838);

INSERT INTO `base_ace_object` (`baseAceObjectId`, `name`, `typeId`, `paletteId`, `ammoType`, `blipColor`, `bitField`, `burden`, `combatUse`, `cooldownDuration`, `cooldownId`, `effects`, `containersCapacity`, `header`, `hookTypeId`, `iconId`, `iconOverlayId`, `iconUnderlayId`, `hookItemTypes`, `itemsCapacity`, `location`, `materialType`, `maxStackSize`, `maxStructure`, `radar`, `pscript`, `spellId`, `stackSize`, `structure`, `targetTypeId`, `usability`, `useRadius`, `validLocations`, `value`, `workmanship`, `animationFrameId`, `defaultScript`, `defaultScriptIntensity`, `elasticity`, `friction`, `locationId`, `modelTableId`, `objectScale`, `physicsBitField`, `physicsTableId`, `motionTableId`, `soundTableId`, `physicsState`, `translucency`)
VALUES (2079850586, 'Life Stone', 268435456, 0, 0, 1, 16404, 0, 0, 0, 0, 0, 0, 9437232, 0, 100668245, 0, 0, 0, 0, 0, 0, 0, 0, 4, 0, 0, 0, 0, 0, 32, 2, 0, 0, 0, 0, 0, 0, 0, 0, 0, 33555182, 0, 100355, 0, 150994982, 536870932, 1040, 0);

INSERT INTO `ace_object` (`baseAceObjectId`, `weenieClassId`, `landblock`, `cell`, `posX`, `posY`, `posZ`, `qW`, `qX`, `qY`, `qZ`)
VALUES (2079850586, 509, 49024, 50, 144.614, 26.9077, 34, 0.8846503, 0, 0, 0.4662552);

INSERT INTO `base_ace_object` (`baseAceObjectId`, `name`, `typeId`, `paletteId`, `ammoType`, `blipColor`, `bitField`, `burden`, `combatUse`, `cooldownDuration`, `cooldownId`, `effects`, `containersCapacity`, `header`, `hookTypeId`, `iconId`, `iconOverlayId`, `iconUnderlayId`, `hookItemTypes`, `itemsCapacity`, `location`, `materialType`, `maxStackSize`, `maxStructure`, `radar`, `pscript`, `spellId`, `stackSize`, `structure`, `targetTypeId`, `usability`, `useRadius`, `validLocations`, `value`, `workmanship`, `animationFrameId`, `defaultScript`, `defaultScriptIntensity`, `elasticity`, `friction`, `locationId`, `modelTableId`, `objectScale`, `physicsBitField`, `physicsTableId`, `motionTableId`, `soundTableId`, `physicsState`, `translucency`)
VALUES (2079850585, 'Bind Stone', 268435456, 67113296, 0, 1, 134217748, 0, 0, 0, 0, 0, 0, 9437232, 0, 100671884, 0, 0, 0, 0, 0, 0, 0, 0, 4, 0, 0, 0, 0, 0, 32, 2, 0, 0, 0, 0, 0, 0, 0, 0, 0, 33558700, 0, 100355, 0, 150995296, 536870932, 1040, 0);

INSERT INTO `ace_object` (`baseAceObjectId`, `weenieClassId`, `landblock`, `cell`, `posX`, `posY`, `posZ`, `qW`, `qX`, `qY`, `qZ`)
VALUES (2079850585, 27547, 49024, 60, 191.86, 89.4903, 34, 0.971368, 0, 0, -0.23758);

INSERT INTO `ace_object_palette_changes` (`baseAceObjectId`, `subPaletteId`, `offset`, `length`)
VALUES (2079850585, 67115144, 0, 2048);

INSERT INTO `base_ace_object` (`baseAceObjectId`, `name`, `typeId`, `paletteId`, `ammoType`, `blipColor`, `bitField`, `burden`, `combatUse`, `cooldownDuration`, `cooldownId`, `effects`, `containersCapacity`, `header`, `hookTypeId`, `iconId`, `iconOverlayId`, `iconUnderlayId`, `hookItemTypes`, `itemsCapacity`, `location`, `materialType`, `maxStackSize`, `maxStructure`, `radar`, `pscript`, `spellId`, `stackSize`, `structure`, `targetTypeId`, `usability`, `useRadius`, `validLocations`, `value`, `workmanship`, `animationFrameId`, `defaultScript`, `defaultScriptIntensity`, `elasticity`, `friction`, `locationId`, `modelTableId`, `objectScale`, `physicsBitField`, `physicsTableId`, `motionTableId`, `soundTableId`, `physicsState`, `translucency`)
VALUES (2084044810, 'Life Stone', 268435456, 0, 0, 1, 16404, 0, 0, 0, 0, 0, 0, 9437232, 0, 100668245, 0, 0, 0, 0, 0, 0, 0, 0, 4, 0, 0, 0, 0, 0, 32, 2, 0, 0, 0, 0, 0, 0, 0, 0, 0, 33555182, 0, 100355, 0, 150994982, 536870932, 1040, 0);

INSERT INTO `ace_object` (`baseAceObjectId`, `weenieClassId`, `landblock`, `cell`, `posX`, `posY`, `posZ`, `qW`, `qX`, `qY`, `qZ`)
VALUES (2084044810, 509, 50048, 6, 17.9662, 125.489, 34, -0.437001, 0, 0, 0.899461);

INSERT INTO `base_ace_object` (`baseAceObjectId`, `name`, `typeId`, `paletteId`, `ammoType`, `blipColor`, `bitField`, `burden`, `combatUse`, `cooldownDuration`, `cooldownId`, `effects`, `containersCapacity`, `header`, `hookTypeId`, `iconId`, `iconOverlayId`, `iconUnderlayId`, `hookItemTypes`, `itemsCapacity`, `location`, `materialType`, `maxStackSize`, `maxStructure`, `radar`, `pscript`, `spellId`, `stackSize`, `structure`, `targetTypeId`, `usability`, `useRadius`, `validLocations`, `value`, `workmanship`, `animationFrameId`, `defaultScript`, `defaultScriptIntensity`, `elasticity`, `friction`, `locationId`, `modelTableId`, `objectScale`, `physicsBitField`, `physicsTableId`, `motionTableId`, `soundTableId`, `physicsState`, `translucency`)
VALUES (2047209472, 'Life Stone', 268435456, 0, 0, 1, 16404, 0, 0, 0, 0, 0, 0, 9437232, 0, 100668245, 0, 0, 0, 0, 0, 0, 0, 0, 4, 0, 0, 0, 0, 0, 32, 2, 0, 0, 0, 0, 0, 0, 0, 0, 0, 33555182, 0, 100355, 0, 150994982, 536870932, 1040, 0);

INSERT INTO `ace_object` (`baseAceObjectId`, `weenieClassId`, `landblock`, `cell`, `posX`, `posY`, `posZ`, `qW`, `qX`, `qY`, `qZ`)
VALUES (2047209472, 509, 41055, 41, 140.024, 11.7193, 69.35473, 0.618684, 0, 0, -0.7856399);

INSERT INTO `base_ace_object` (`baseAceObjectId`, `name`, `typeId`, `paletteId`, `ammoType`, `blipColor`, `bitField`, `burden`, `combatUse`, `cooldownDuration`, `cooldownId`, `effects`, `containersCapacity`, `header`, `hookTypeId`, `iconId`, `iconOverlayId`, `iconUnderlayId`, `hookItemTypes`, `itemsCapacity`, `location`, `materialType`, `maxStackSize`, `maxStructure`, `radar`, `pscript`, `spellId`, `stackSize`, `structure`, `targetTypeId`, `usability`, `useRadius`, `validLocations`, `value`, `workmanship`, `animationFrameId`, `defaultScript`, `defaultScriptIntensity`, `elasticity`, `friction`, `locationId`, `modelTableId`, `objectScale`, `physicsBitField`, `physicsTableId`, `motionTableId`, `soundTableId`, `physicsState`, `translucency`)
VALUES (2042081283, 'Life Stone', 268435456, 0, 0, 1, 16404, 0, 0, 0, 0, 0, 0, 9437232, 0, 100668245, 0, 0, 0, 0, 0, 0, 0, 0, 4, 0, 0, 0, 0, 0, 32, 2, 0, 0, 0, 0, 0, 0, 0, 0, 0, 33555182, 0, 100355, 0, 150994982, 536870932, 1040, 0);

INSERT INTO `ace_object` (`baseAceObjectId`, `weenieClassId`, `landblock`, `cell`, `posX`, `posY`, `posZ`, `qW`, `qX`, `qY`, `qZ`)
VALUES (2042081283, 509, 39803, 13, 29.7163, 104.495, 16.47636, 0.4689049, 0, 0, 0.8832487);

INSERT INTO `base_ace_object` (`baseAceObjectId`, `name`, `typeId`, `paletteId`, `ammoType`, `blipColor`, `bitField`, `burden`, `combatUse`, `cooldownDuration`, `cooldownId`, `effects`, `containersCapacity`, `header`, `hookTypeId`, `iconId`, `iconOverlayId`, `iconUnderlayId`, `hookItemTypes`, `itemsCapacity`, `location`, `materialType`, `maxStackSize`, `maxStructure`, `radar`, `pscript`, `spellId`, `stackSize`, `structure`, `targetTypeId`, `usability`, `useRadius`, `validLocations`, `value`, `workmanship`, `animationFrameId`, `defaultScript`, `defaultScriptIntensity`, `elasticity`, `friction`, `locationId`, `modelTableId`, `objectScale`, `physicsBitField`, `physicsTableId`, `motionTableId`, `soundTableId`, `physicsState`, `translucency`)
VALUES (2070302727, 'Life Stone', 268435456, 0, 0, 1, 16404, 0, 0, 0, 0, 0, 0, 9437232, 0, 100668245, 0, 0, 0, 0, 0, 0, 0, 0, 4, 0, 0, 0, 0, 0, 32, 2, 0, 0, 0, 0, 0, 0, 0, 0, 0, 33555182, 0, 100355, 0, 150994982, 536870932, 1040, 0);

INSERT INTO `ace_object` (`baseAceObjectId`, `weenieClassId`, `landblock`, `cell`, `posX`, `posY`, `posZ`, `qW`, `qX`, `qY`, `qZ`)
VALUES (2070302727, 509, 46693, 54, 156.64, 131.992, 14, 0.325404, 0, 0, 0.9455751);

INSERT INTO `base_ace_object` (`baseAceObjectId`, `name`, `typeId`, `paletteId`, `ammoType`, `blipColor`, `bitField`, `burden`, `combatUse`, `cooldownDuration`, `cooldownId`, `effects`, `containersCapacity`, `header`, `hookTypeId`, `iconId`, `iconOverlayId`, `iconUnderlayId`, `hookItemTypes`, `itemsCapacity`, `location`, `materialType`, `maxStackSize`, `maxStructure`, `radar`, `pscript`, `spellId`, `stackSize`, `structure`, `targetTypeId`, `usability`, `useRadius`, `validLocations`, `value`, `workmanship`, `animationFrameId`, `defaultScript`, `defaultScriptIntensity`, `elasticity`, `friction`, `locationId`, `modelTableId`, `objectScale`, `physicsBitField`, `physicsTableId`, `motionTableId`, `soundTableId`, `physicsState`, `translucency`)
VALUES (1962684418, 'Life Stone', 268435456, 0, 0, 1, 16404, 0, 0, 0, 0, 0, 0, 9437232, 0, 100668245, 0, 0, 0, 0, 0, 0, 0, 0, 4, 0, 0, 0, 0, 0, 32, 2, 0, 0, 0, 0, 0, 0, 0, 0, 0, 33555182, 0, 100355, 0, 150994982, 536870932, 1040, 0);

INSERT INTO `ace_object` (`baseAceObjectId`, `weenieClassId`, `landblock`, `cell`, `posX`, `posY`, `posZ`, `qW`, `qX`, `qY`, `qZ`)
VALUES (1962684418, 509, 20419, 36, 111.321, 95.9742, 0, -0.9804089, 0, 0, -0.196973);

INSERT INTO `base_ace_object` (`baseAceObjectId`, `name`, `typeId`, `paletteId`, `ammoType`, `blipColor`, `bitField`, `burden`, `combatUse`, `cooldownDuration`, `cooldownId`, `effects`, `containersCapacity`, `header`, `hookTypeId`, `iconId`, `iconOverlayId`, `iconUnderlayId`, `hookItemTypes`, `itemsCapacity`, `location`, `materialType`, `maxStackSize`, `maxStructure`, `radar`, `pscript`, `spellId`, `stackSize`, `structure`, `targetTypeId`, `usability`, `useRadius`, `validLocations`, `value`, `workmanship`, `animationFrameId`, `defaultScript`, `defaultScriptIntensity`, `elasticity`, `friction`, `locationId`, `modelTableId`, `objectScale`, `physicsBitField`, `physicsTableId`, `motionTableId`, `soundTableId`, `physicsState`, `translucency`)
VALUES (1978474496, 'Life Stone', 268435456, 0, 0, 1, 16404, 0, 0, 0, 0, 0, 0, 9437232, 0, 100668245, 0, 0, 0, 0, 0, 0, 0, 0, 4, 0, 0, 0, 0, 0, 32, 2, 0, 0, 0, 0, 0, 0, 0, 0, 0, 33555182, 0, 100355, 0, 150994982, 536870932, 1040, 0);

INSERT INTO `ace_object` (`baseAceObjectId`, `weenieClassId`, `landblock`, `cell`, `posX`, `posY`, `posZ`, `qW`, `qX`, `qY`, `qZ`)
VALUES (1978474496, 509, 24274, 30, 90.195, 139.761, 25.64675, 0.8305099, 0, 0, -0.5570039);

INSERT INTO `base_ace_object` (`baseAceObjectId`, `name`, `typeId`, `paletteId`, `ammoType`, `blipColor`, `bitField`, `burden`, `combatUse`, `cooldownDuration`, `cooldownId`, `effects`, `containersCapacity`, `header`, `hookTypeId`, `iconId`, `iconOverlayId`, `iconUnderlayId`, `hookItemTypes`, `itemsCapacity`, `location`, `materialType`, `maxStackSize`, `maxStructure`, `radar`, `pscript`, `spellId`, `stackSize`, `structure`, `targetTypeId`, `usability`, `useRadius`, `validLocations`, `value`, `workmanship`, `animationFrameId`, `defaultScript`, `defaultScriptIntensity`, `elasticity`, `friction`, `locationId`, `modelTableId`, `objectScale`, `physicsBitField`, `physicsTableId`, `motionTableId`, `soundTableId`, `physicsState`, `translucency`)
VALUES (2042900480, 'Life Stone', 268435456, 0, 0, 1, 16404, 0, 0, 0, 0, 0, 0, 9437232, 0, 100668245, 0, 0, 0, 0, 0, 0, 0, 0, 4, 0, 0, 0, 0, 0, 32, 2, 0, 0, 0, 0, 0, 0, 0, 0, 0, 33555182, 0, 100355, 0, 150994982, 536870932, 1040, 0);

INSERT INTO `ace_object` (`baseAceObjectId`, `weenieClassId`, `landblock`, `cell`, `posX`, `posY`, `posZ`, `qW`, `qX`, `qY`, `qZ`)
VALUES (2042900480, 509, 40003, 27, 74.736, 67.3363, 112.3886, -0.9504551, 0, 0, -0.310862);

INSERT INTO `base_ace_object` (`baseAceObjectId`, `name`, `typeId`, `paletteId`, `ammoType`, `blipColor`, `bitField`, `burden`, `combatUse`, `cooldownDuration`, `cooldownId`, `effects`, `containersCapacity`, `header`, `hookTypeId`, `iconId`, `iconOverlayId`, `iconUnderlayId`, `hookItemTypes`, `itemsCapacity`, `location`, `materialType`, `maxStackSize`, `maxStructure`, `radar`, `pscript`, `spellId`, `stackSize`, `structure`, `targetTypeId`, `usability`, `useRadius`, `validLocations`, `value`, `workmanship`, `animationFrameId`, `defaultScript`, `defaultScriptIntensity`, `elasticity`, `friction`, `locationId`, `modelTableId`, `objectScale`, `physicsBitField`, `physicsTableId`, `motionTableId`, `soundTableId`, `physicsState`, `translucency`)
VALUES (2026209282, 'Life Stone', 268435456, 0, 0, 1, 16404, 0, 0, 0, 0, 0, 0, 9437232, 0, 100668245, 0, 0, 0, 0, 0, 0, 0, 0, 4, 0, 0, 0, 0, 0, 32, 2, 0, 0, 0, 0, 0, 0, 0, 0, 0, 33555182, 0, 100355, 0, 150994982, 536870932, 1040, 0);

INSERT INTO `ace_object` (`baseAceObjectId`, `weenieClassId`, `landblock`, `cell`, `posX`, `posY`, `posZ`, `qW`, `qX`, `qY`, `qZ`)
VALUES (2026209282, 509, 35928, 60, 173.682, 80.76, 30.4735, -0.8262584, 0, 0, 0.5632913);

INSERT INTO `base_ace_object` (`baseAceObjectId`, `name`, `typeId`, `paletteId`, `ammoType`, `blipColor`, `bitField`, `burden`, `combatUse`, `cooldownDuration`, `cooldownId`, `effects`, `containersCapacity`, `header`, `hookTypeId`, `iconId`, `iconOverlayId`, `iconUnderlayId`, `hookItemTypes`, `itemsCapacity`, `location`, `materialType`, `maxStackSize`, `maxStructure`, `radar`, `pscript`, `spellId`, `stackSize`, `structure`, `targetTypeId`, `usability`, `useRadius`, `validLocations`, `value`, `workmanship`, `animationFrameId`, `defaultScript`, `defaultScriptIntensity`, `elasticity`, `friction`, `locationId`, `modelTableId`, `objectScale`, `physicsBitField`, `physicsTableId`, `motionTableId`, `soundTableId`, `physicsState`, `translucency`)
VALUES (2124734464, 'Life Stone', 268435456, 0, 0, 1, 16404, 0, 0, 0, 0, 0, 0, 9437232, 0, 100668245, 0, 0, 0, 0, 0, 0, 0, 0, 4, 0, 0, 0, 0, 0, 32, 2, 0, 0, 0, 0, 0, 0, 0, 0, 0, 33555182, 0, 100355, 0, 150994982, 536870932, 1040, 0);

INSERT INTO `ace_object` (`baseAceObjectId`, `weenieClassId`, `landblock`, `cell`, `posX`, `posY`, `posZ`, `qW`, `qX`, `qY`, `qZ`)
VALUES (2124734464, 509, 59982, 28, 85.17, 87.8154, -0.45, 0.9556234, 0, 0, -0.2945911);

INSERT INTO `base_ace_object` (`baseAceObjectId`, `name`, `typeId`, `paletteId`, `ammoType`, `blipColor`, `bitField`, `burden`, `combatUse`, `cooldownDuration`, `cooldownId`, `effects`, `containersCapacity`, `header`, `hookTypeId`, `iconId`, `iconOverlayId`, `iconUnderlayId`, `hookItemTypes`, `itemsCapacity`, `location`, `materialType`, `maxStackSize`, `maxStructure`, `radar`, `pscript`, `spellId`, `stackSize`, `structure`, `targetTypeId`, `usability`, `useRadius`, `validLocations`, `value`, `workmanship`, `animationFrameId`, `defaultScript`, `defaultScriptIntensity`, `elasticity`, `friction`, `locationId`, `modelTableId`, `objectScale`, `physicsBitField`, `physicsTableId`, `motionTableId`, `soundTableId`, `physicsState`, `translucency`)
VALUES (2037522503, 'Bind Stone', 268435456, 67113296, 0, 1, 134217748, 0, 0, 0, 0, 0, 0, 9437232, 0, 100671884, 0, 0, 0, 0, 0, 0, 0, 0, 4, 0, 0, 0, 0, 0, 32, 2, 0, 0, 0, 0, 0, 0, 0, 0, 0, 33558700, 0, 100355, 0, 150995296, 536870932, 1040, 0);

INSERT INTO `ace_object` (`baseAceObjectId`, `weenieClassId`, `landblock`, `cell`, `posX`, `posY`, `posZ`, `qW`, `qX`, `qY`, `qZ`)
VALUES (2037522503, 27547, 38690, 15, 36.8566, 144.922, 102, -0.7806543, 0, 0, -0.6249632);

INSERT INTO `ace_object_palette_changes` (`baseAceObjectId`, `subPaletteId`, `offset`, `length`)
VALUES (2037522503, 67115144, 0, 2048);

INSERT INTO `base_ace_object` (`baseAceObjectId`, `name`, `typeId`, `paletteId`, `ammoType`, `blipColor`, `bitField`, `burden`, `combatUse`, `cooldownDuration`, `cooldownId`, `effects`, `containersCapacity`, `header`, `hookTypeId`, `iconId`, `iconOverlayId`, `iconUnderlayId`, `hookItemTypes`, `itemsCapacity`, `location`, `materialType`, `maxStackSize`, `maxStructure`, `radar`, `pscript`, `spellId`, `stackSize`, `structure`, `targetTypeId`, `usability`, `useRadius`, `validLocations`, `value`, `workmanship`, `animationFrameId`, `defaultScript`, `defaultScriptIntensity`, `elasticity`, `friction`, `locationId`, `modelTableId`, `objectScale`, `physicsBitField`, `physicsTableId`, `motionTableId`, `soundTableId`, `physicsState`, `translucency`)
VALUES (2039611392, 'Life Stone', 268435456, 0, 0, 1, 16404, 0, 0, 0, 0, 0, 0, 9437232, 0, 100668245, 0, 0, 0, 0, 0, 0, 0, 0, 4, 0, 0, 0, 0, 0, 32, 2, 0, 0, 0, 0, 0, 0, 0, 0, 0, 33555182, 0, 100355, 0, 150994982, 536870932, 1040, 0);

INSERT INTO `ace_object` (`baseAceObjectId`, `weenieClassId`, `landblock`, `cell`, `posX`, `posY`, `posZ`, `qW`, `qX`, `qY`, `qZ`)
VALUES (2039611392, 509, 39200, 62, 175.051, 135.901, 130, 0.9956941, 0, 0, -0.09269991);

INSERT INTO `base_ace_object` (`baseAceObjectId`, `name`, `typeId`, `paletteId`, `ammoType`, `blipColor`, `bitField`, `burden`, `combatUse`, `cooldownDuration`, `cooldownId`, `effects`, `containersCapacity`, `header`, `hookTypeId`, `iconId`, `iconOverlayId`, `iconUnderlayId`, `hookItemTypes`, `itemsCapacity`, `location`, `materialType`, `maxStackSize`, `maxStructure`, `radar`, `pscript`, `spellId`, `stackSize`, `structure`, `targetTypeId`, `usability`, `useRadius`, `validLocations`, `value`, `workmanship`, `animationFrameId`, `defaultScript`, `defaultScriptIntensity`, `elasticity`, `friction`, `locationId`, `modelTableId`, `objectScale`, `physicsBitField`, `physicsTableId`, `motionTableId`, `soundTableId`, `physicsState`, `translucency`)
VALUES (1903894542, 'Life Stone', 268435456, 0, 0, 1, 16404, 0, 0, 0, 0, 0, 0, 9437232, 0, 100668245, 0, 0, 0, 0, 0, 0, 0, 0, 4, 0, 0, 0, 0, 0, 32, 2, 0, 0, 0, 0, 0, 0, 0, 0, 0, 33555182, 0, 100355, 0, 150994982, 536870932, 1040, 0);

INSERT INTO `ace_object` (`baseAceObjectId`, `weenieClassId`, `landblock`, `cell`, `posX`, `posY`, `posZ`, `qW`, `qX`, `qY`, `qZ`)
VALUES (1903894542, 509, 6066, 35, 101.375, 53.2718, 44, 0.977793, 0, 0, 0.209573);

INSERT INTO `base_ace_object` (`baseAceObjectId`, `name`, `typeId`, `paletteId`, `ammoType`, `blipColor`, `bitField`, `burden`, `combatUse`, `cooldownDuration`, `cooldownId`, `effects`, `containersCapacity`, `header`, `hookTypeId`, `iconId`, `iconOverlayId`, `iconUnderlayId`, `hookItemTypes`, `itemsCapacity`, `location`, `materialType`, `maxStackSize`, `maxStructure`, `radar`, `pscript`, `spellId`, `stackSize`, `structure`, `targetTypeId`, `usability`, `useRadius`, `validLocations`, `value`, `workmanship`, `animationFrameId`, `defaultScript`, `defaultScriptIntensity`, `elasticity`, `friction`, `locationId`, `modelTableId`, `objectScale`, `physicsBitField`, `physicsTableId`, `motionTableId`, `soundTableId`, `physicsState`, `translucency`)
VALUES (2080907264, 'Life Stone', 268435456, 0, 0, 1, 16404, 0, 0, 0, 0, 0, 0, 9437232, 0, 100668245, 0, 0, 0, 0, 0, 0, 0, 0, 4, 0, 0, 0, 0, 0, 32, 2, 0, 0, 0, 0, 0, 0, 0, 0, 0, 33555182, 0, 100355, 0, 150994982, 536870932, 1040, 0);

INSERT INTO `ace_object` (`baseAceObjectId`, `weenieClassId`, `landblock`, `cell`, `posX`, `posY`, `posZ`, `qW`, `qX`, `qY`, `qZ`)
VALUES (2080907264, 509, 49282, 3, 6.17334, 60.6673, 45.57005, -0.951112, 0, 0, 0.308846);

INSERT INTO `base_ace_object` (`baseAceObjectId`, `name`, `typeId`, `paletteId`, `ammoType`, `blipColor`, `bitField`, `burden`, `combatUse`, `cooldownDuration`, `cooldownId`, `effects`, `containersCapacity`, `header`, `hookTypeId`, `iconId`, `iconOverlayId`, `iconUnderlayId`, `hookItemTypes`, `itemsCapacity`, `location`, `materialType`, `maxStackSize`, `maxStructure`, `radar`, `pscript`, `spellId`, `stackSize`, `structure`, `targetTypeId`, `usability`, `useRadius`, `validLocations`, `value`, `workmanship`, `animationFrameId`, `defaultScript`, `defaultScriptIntensity`, `elasticity`, `friction`, `locationId`, `modelTableId`, `objectScale`, `physicsBitField`, `physicsTableId`, `motionTableId`, `soundTableId`, `physicsState`, `translucency`)
VALUES (2075656197, 'Life Stone', 268435456, 0, 0, 1, 16404, 0, 0, 0, 0, 0, 0, 9437232, 0, 100668245, 0, 0, 0, 0, 0, 0, 0, 0, 4, 0, 0, 0, 0, 0, 32, 2, 0, 0, 0, 0, 0, 0, 0, 0, 0, 33555182, 0, 100355, 0, 150994982, 536870932, 1040, 0);

INSERT INTO `ace_object` (`baseAceObjectId`, `weenieClassId`, `landblock`, `cell`, `posX`, `posY`, `posZ`, `qW`, `qX`, `qY`, `qZ`)
VALUES (2075656197, 509, 48000, 63, 171.236, 150.405, 44, 0.9930732, 0, 0, -0.117497);

INSERT INTO `base_ace_object` (`baseAceObjectId`, `name`, `typeId`, `paletteId`, `ammoType`, `blipColor`, `bitField`, `burden`, `combatUse`, `cooldownDuration`, `cooldownId`, `effects`, `containersCapacity`, `header`, `hookTypeId`, `iconId`, `iconOverlayId`, `iconUnderlayId`, `hookItemTypes`, `itemsCapacity`, `location`, `materialType`, `maxStackSize`, `maxStructure`, `radar`, `pscript`, `spellId`, `stackSize`, `structure`, `targetTypeId`, `usability`, `useRadius`, `validLocations`, `value`, `workmanship`, `animationFrameId`, `defaultScript`, `defaultScriptIntensity`, `elasticity`, `friction`, `locationId`, `modelTableId`, `objectScale`, `physicsBitField`, `physicsTableId`, `motionTableId`, `soundTableId`, `physicsState`, `translucency`)
VALUES (2036477953, 'Life Stone', 268435456, 0, 0, 1, 16404, 0, 0, 0, 0, 0, 0, 9437232, 0, 100668245, 0, 0, 0, 0, 0, 0, 0, 0, 4, 0, 0, 0, 0, 0, 32, 2, 0, 0, 0, 0, 0, 0, 0, 0, 0, 33555182, 0, 100355, 0, 150994982, 536870932, 1040, 0);

INSERT INTO `ace_object` (`baseAceObjectId`, `weenieClassId`, `landblock`, `cell`, `posX`, `posY`, `posZ`, `qW`, `qX`, `qY`, `qZ`)
VALUES (2036477953, 509, 38435, 7, 11.6267, 161.083, 95.42358, -0.5673179, 0, 0, 0.8234988);

INSERT INTO `base_ace_object` (`baseAceObjectId`, `name`, `typeId`, `paletteId`, `ammoType`, `blipColor`, `bitField`, `burden`, `combatUse`, `cooldownDuration`, `cooldownId`, `effects`, `containersCapacity`, `header`, `hookTypeId`, `iconId`, `iconOverlayId`, `iconUnderlayId`, `hookItemTypes`, `itemsCapacity`, `location`, `materialType`, `maxStackSize`, `maxStructure`, `radar`, `pscript`, `spellId`, `stackSize`, `structure`, `targetTypeId`, `usability`, `useRadius`, `validLocations`, `value`, `workmanship`, `animationFrameId`, `defaultScript`, `defaultScriptIntensity`, `elasticity`, `friction`, `locationId`, `modelTableId`, `objectScale`, `physicsBitField`, `physicsTableId`, `motionTableId`, `soundTableId`, `physicsState`, `translucency`)
VALUES (2032287744, 'Life Stone', 268435456, 0, 0, 1, 16404, 0, 0, 0, 0, 0, 0, 9437232, 0, 100668245, 0, 0, 0, 0, 0, 0, 0, 0, 4, 0, 0, 0, 0, 0, 32, 2, 0, 0, 0, 0, 0, 0, 0, 0, 0, 33555182, 0, 100355, 0, 150994982, 536870932, 1040, 0);

INSERT INTO `ace_object` (`baseAceObjectId`, `weenieClassId`, `landblock`, `cell`, `posX`, `posY`, `posZ`, `qW`, `qX`, `qY`, `qZ`)
VALUES (2032287744, 509, 37412, 21, 62.39, 105.068, 88.75567, -0.9933312, 0, 0, -0.115296);

INSERT INTO `base_ace_object` (`baseAceObjectId`, `name`, `typeId`, `paletteId`, `ammoType`, `blipColor`, `bitField`, `burden`, `combatUse`, `cooldownDuration`, `cooldownId`, `effects`, `containersCapacity`, `header`, `hookTypeId`, `iconId`, `iconOverlayId`, `iconUnderlayId`, `hookItemTypes`, `itemsCapacity`, `location`, `materialType`, `maxStackSize`, `maxStructure`, `radar`, `pscript`, `spellId`, `stackSize`, `structure`, `targetTypeId`, `usability`, `useRadius`, `validLocations`, `value`, `workmanship`, `animationFrameId`, `defaultScript`, `defaultScriptIntensity`, `elasticity`, `friction`, `locationId`, `modelTableId`, `objectScale`, `physicsBitField`, `physicsTableId`, `motionTableId`, `soundTableId`, `physicsState`, `translucency`)
VALUES (1932595202, 'Life Stone', 268435456, 0, 0, 1, 16404, 0, 0, 0, 0, 0, 0, 9437232, 0, 100668245, 0, 0, 0, 0, 0, 0, 0, 0, 4, 0, 0, 0, 0, 0, 32, 2, 0, 0, 0, 0, 0, 0, 0, 0, 0, 33555182, 0, 100355, 0, 150994982, 536870932, 1040, 0);

INSERT INTO `ace_object` (`baseAceObjectId`, `weenieClassId`, `landblock`, `cell`, `posX`, `posY`, `posZ`, `qW`, `qX`, `qY`, `qZ`)
VALUES (1932595202, 509, 13073, 17, 64.8614, 14.5966, 13.40512, -0.9798895, 0, 0, -0.1995409);

INSERT INTO `base_ace_object` (`baseAceObjectId`, `name`, `typeId`, `paletteId`, `ammoType`, `blipColor`, `bitField`, `burden`, `combatUse`, `cooldownDuration`, `cooldownId`, `effects`, `containersCapacity`, `header`, `hookTypeId`, `iconId`, `iconOverlayId`, `iconUnderlayId`, `hookItemTypes`, `itemsCapacity`, `location`, `materialType`, `maxStackSize`, `maxStructure`, `radar`, `pscript`, `spellId`, `stackSize`, `structure`, `targetTypeId`, `usability`, `useRadius`, `validLocations`, `value`, `workmanship`, `animationFrameId`, `defaultScript`, `defaultScriptIntensity`, `elasticity`, `friction`, `locationId`, `modelTableId`, `objectScale`, `physicsBitField`, `physicsTableId`, `motionTableId`, `soundTableId`, `physicsState`, `translucency`)
VALUES (2049306660, 'Bind Stone', 268435456, 67113296, 0, 1, 134217748, 0, 0, 0, 0, 0, 0, 9437232, 0, 100671884, 0, 0, 0, 0, 0, 0, 0, 0, 4, 0, 0, 0, 0, 0, 32, 2, 0, 0, 0, 0, 0, 0, 0, 0, 0, 33558700, 0, 100355, 0, 150995296, 536870932, 1040, 0);

INSERT INTO `ace_object` (`baseAceObjectId`, `weenieClassId`, `landblock`, `cell`, `posX`, `posY`, `posZ`, `qW`, `qX`, `qY`, `qZ`)
VALUES (2049306660, 27547, 41567, 56, 154.634, 177.72, 20, 0.6702681, 0, 0, -0.7421191);

INSERT INTO `ace_object_palette_changes` (`baseAceObjectId`, `subPaletteId`, `offset`, `length`)
VALUES (2049306660, 67115144, 0, 2048);

INSERT INTO `base_ace_object` (`baseAceObjectId`, `name`, `typeId`, `paletteId`, `ammoType`, `blipColor`, `bitField`, `burden`, `combatUse`, `cooldownDuration`, `cooldownId`, `effects`, `containersCapacity`, `header`, `hookTypeId`, `iconId`, `iconOverlayId`, `iconUnderlayId`, `hookItemTypes`, `itemsCapacity`, `location`, `materialType`, `maxStackSize`, `maxStructure`, `radar`, `pscript`, `spellId`, `stackSize`, `structure`, `targetTypeId`, `usability`, `useRadius`, `validLocations`, `value`, `workmanship`, `animationFrameId`, `defaultScript`, `defaultScriptIntensity`, `elasticity`, `friction`, `locationId`, `modelTableId`, `objectScale`, `physicsBitField`, `physicsTableId`, `motionTableId`, `soundTableId`, `physicsState`, `translucency`)
VALUES (2089455616, 'Life Stone', 268435456, 0, 0, 1, 16404, 0, 0, 0, 0, 0, 0, 9437232, 0, 100668245, 0, 0, 0, 0, 0, 0, 0, 0, 4, 0, 0, 0, 0, 0, 32, 2, 0, 0, 0, 0, 0, 0, 0, 0, 0, 33555182, 0, 100355, 0, 150994982, 536870932, 1040, 0);

INSERT INTO `ace_object` (`baseAceObjectId`, `weenieClassId`, `landblock`, `cell`, `posX`, `posY`, `posZ`, `qW`, `qX`, `qY`, `qZ`)
VALUES (2089455616, 509, 51369, 15, 29.0622, 164.809, 110.3119, 0.5688412, 0, 0, 0.8224474);

INSERT INTO `base_ace_object` (`baseAceObjectId`, `name`, `typeId`, `paletteId`, `ammoType`, `blipColor`, `bitField`, `burden`, `combatUse`, `cooldownDuration`, `cooldownId`, `effects`, `containersCapacity`, `header`, `hookTypeId`, `iconId`, `iconOverlayId`, `iconUnderlayId`, `hookItemTypes`, `itemsCapacity`, `location`, `materialType`, `maxStackSize`, `maxStructure`, `radar`, `pscript`, `spellId`, `stackSize`, `structure`, `targetTypeId`, `usability`, `useRadius`, `validLocations`, `value`, `workmanship`, `animationFrameId`, `defaultScript`, `defaultScriptIntensity`, `elasticity`, `friction`, `locationId`, `modelTableId`, `objectScale`, `physicsBitField`, `physicsTableId`, `motionTableId`, `soundTableId`, `physicsState`, `translucency`)
VALUES (1927352320, 'Life Stone', 268435456, 0, 0, 1, 16404, 0, 0, 0, 0, 0, 0, 9437232, 0, 100668245, 0, 0, 0, 0, 0, 0, 0, 0, 4, 0, 0, 0, 0, 0, 32, 2, 0, 0, 0, 0, 0, 0, 0, 0, 0, 33555182, 0, 100355, 0, 150994982, 536870932, 1040, 0);

INSERT INTO `ace_object` (`baseAceObjectId`, `weenieClassId`, `landblock`, `cell`, `posX`, `posY`, `posZ`, `qW`, `qX`, `qY`, `qZ`)
VALUES (1927352320, 509, 11793, 49, 155.536, 10.2494, 56, -0.9993261, 0, 0, 0.0367067);

INSERT INTO `base_ace_object` (`baseAceObjectId`, `name`, `typeId`, `paletteId`, `ammoType`, `blipColor`, `bitField`, `burden`, `combatUse`, `cooldownDuration`, `cooldownId`, `effects`, `containersCapacity`, `header`, `hookTypeId`, `iconId`, `iconOverlayId`, `iconUnderlayId`, `hookItemTypes`, `itemsCapacity`, `location`, `materialType`, `maxStackSize`, `maxStructure`, `radar`, `pscript`, `spellId`, `stackSize`, `structure`, `targetTypeId`, `usability`, `useRadius`, `validLocations`, `value`, `workmanship`, `animationFrameId`, `defaultScript`, `defaultScriptIntensity`, `elasticity`, `friction`, `locationId`, `modelTableId`, `objectScale`, `physicsBitField`, `physicsTableId`, `motionTableId`, `soundTableId`, `physicsState`, `translucency`)
VALUES (1996558336, 'Life Stone', 268435456, 0, 0, 1, 16404, 0, 0, 0, 0, 0, 0, 9437232, 0, 100668245, 0, 0, 0, 0, 0, 0, 0, 0, 4, 0, 0, 0, 0, 0, 32, 2, 0, 0, 0, 0, 0, 0, 0, 0, 0, 33555182, 0, 100355, 0, 150994982, 536870932, 1040, 0);

INSERT INTO `ace_object` (`baseAceObjectId`, `weenieClassId`, `landblock`, `cell`, `posX`, `posY`, `posZ`, `qW`, `qX`, `qY`, `qZ`)
VALUES (1996558336, 509, 28689, 8, 19.3048, 177.802, 54.39127, 0.9715072, 0, 0, 0.23701);

INSERT INTO `base_ace_object` (`baseAceObjectId`, `name`, `typeId`, `paletteId`, `ammoType`, `blipColor`, `bitField`, `burden`, `combatUse`, `cooldownDuration`, `cooldownId`, `effects`, `containersCapacity`, `header`, `hookTypeId`, `iconId`, `iconOverlayId`, `iconUnderlayId`, `hookItemTypes`, `itemsCapacity`, `location`, `materialType`, `maxStackSize`, `maxStructure`, `radar`, `pscript`, `spellId`, `stackSize`, `structure`, `targetTypeId`, `usability`, `useRadius`, `validLocations`, `value`, `workmanship`, `animationFrameId`, `defaultScript`, `defaultScriptIntensity`, `elasticity`, `friction`, `locationId`, `modelTableId`, `objectScale`, `physicsBitField`, `physicsTableId`, `motionTableId`, `soundTableId`, `physicsState`, `translucency`)
VALUES (2090741760, 'Life Stone', 268435456, 0, 0, 1, 16404, 0, 0, 0, 0, 0, 0, 9437232, 0, 100668245, 0, 0, 0, 0, 0, 0, 0, 0, 4, 0, 0, 0, 0, 0, 32, 2, 0, 0, 0, 0, 0, 0, 0, 0, 0, 33555182, 0, 100355, 0, 150994982, 536870932, 1040, 0);

INSERT INTO `ace_object` (`baseAceObjectId`, `weenieClassId`, `landblock`, `cell`, `posX`, `posY`, `posZ`, `qW`, `qX`, `qY`, `qZ`)
VALUES (2090741760, 509, 51683, 46, 133.764, 131.426, 26, 0.999959, 0, 0, -0.00905322);

INSERT INTO `base_ace_object` (`baseAceObjectId`, `name`, `typeId`, `paletteId`, `ammoType`, `blipColor`, `bitField`, `burden`, `combatUse`, `cooldownDuration`, `cooldownId`, `effects`, `containersCapacity`, `header`, `hookTypeId`, `iconId`, `iconOverlayId`, `iconUnderlayId`, `hookItemTypes`, `itemsCapacity`, `location`, `materialType`, `maxStackSize`, `maxStructure`, `radar`, `pscript`, `spellId`, `stackSize`, `structure`, `targetTypeId`, `usability`, `useRadius`, `validLocations`, `value`, `workmanship`, `animationFrameId`, `defaultScript`, `defaultScriptIntensity`, `elasticity`, `friction`, `locationId`, `modelTableId`, `objectScale`, `physicsBitField`, `physicsTableId`, `motionTableId`, `soundTableId`, `physicsState`, `translucency`)
VALUES (2019573768, 'Life Stone', 268435456, 0, 0, 1, 16404, 0, 0, 0, 0, 0, 0, 9437232, 0, 100668245, 0, 0, 0, 0, 0, 0, 0, 0, 4, 0, 0, 0, 0, 0, 32, 2, 0, 0, 0, 0, 0, 0, 0, 0, 0, 33555182, 0, 100355, 0, 150994982, 536870932, 1040, 0);

INSERT INTO `ace_object` (`baseAceObjectId`, `weenieClassId`, `landblock`, `cell`, `posX`, `posY`, `posZ`, `qW`, `qX`, `qY`, `qZ`)
VALUES (2019573768, 509, 34308, 308, 120, -160, -6, 0.020795, 0, 0, 0.9997838);

INSERT INTO `base_ace_object` (`baseAceObjectId`, `name`, `typeId`, `paletteId`, `ammoType`, `blipColor`, `bitField`, `burden`, `combatUse`, `cooldownDuration`, `cooldownId`, `effects`, `containersCapacity`, `header`, `hookTypeId`, `iconId`, `iconOverlayId`, `iconUnderlayId`, `hookItemTypes`, `itemsCapacity`, `location`, `materialType`, `maxStackSize`, `maxStructure`, `radar`, `pscript`, `spellId`, `stackSize`, `structure`, `targetTypeId`, `usability`, `useRadius`, `validLocations`, `value`, `workmanship`, `animationFrameId`, `defaultScript`, `defaultScriptIntensity`, `elasticity`, `friction`, `locationId`, `modelTableId`, `objectScale`, `physicsBitField`, `physicsTableId`, `motionTableId`, `soundTableId`, `physicsState`, `translucency`)
VALUES (1880690712, 'Life Stone', 268435456, 0, 0, 1, 16404, 0, 0, 0, 0, 0, 0, 9437232, 0, 100668245, 0, 0, 0, 0, 0, 0, 0, 0, 4, 0, 0, 0, 0, 0, 32, 2, 0, 0, 0, 0, 0, 0, 0, 0, 0, 33555182, 0, 100355, 0, 150994982, 536870932, 1040, 0);

INSERT INTO `ace_object` (`baseAceObjectId`, `weenieClassId`, `landblock`, `cell`, `posX`, `posY`, `posZ`, `qW`, `qX`, `qY`, `qZ`)
VALUES (1880690712, 509, 401, 314, 20, -20, -60, 0.7071068, 0, 0, -0.7071068);

INSERT INTO `base_ace_object` (`baseAceObjectId`, `name`, `typeId`, `paletteId`, `ammoType`, `blipColor`, `bitField`, `burden`, `combatUse`, `cooldownDuration`, `cooldownId`, `effects`, `containersCapacity`, `header`, `hookTypeId`, `iconId`, `iconOverlayId`, `iconUnderlayId`, `hookItemTypes`, `itemsCapacity`, `location`, `materialType`, `maxStackSize`, `maxStructure`, `radar`, `pscript`, `spellId`, `stackSize`, `structure`, `targetTypeId`, `usability`, `useRadius`, `validLocations`, `value`, `workmanship`, `animationFrameId`, `defaultScript`, `defaultScriptIntensity`, `elasticity`, `friction`, `locationId`, `modelTableId`, `objectScale`, `physicsBitField`, `physicsTableId`, `motionTableId`, `soundTableId`, `physicsState`, `translucency`)
VALUES (1990029313, 'Life Stone', 268435456, 0, 0, 1, 16404, 0, 0, 0, 0, 0, 0, 9437232, 0, 100668245, 0, 0, 0, 0, 0, 0, 0, 0, 4, 0, 0, 0, 0, 0, 32, 2, 0, 0, 0, 0, 0, 0, 0, 0, 0, 33555182, 0, 100355, 0, 150994982, 536870932, 1040, 0);

INSERT INTO `ace_object` (`baseAceObjectId`, `weenieClassId`, `landblock`, `cell`, `posX`, `posY`, `posZ`, `qW`, `qX`, `qY`, `qZ`)
VALUES (1990029313, 509, 27095, 52, 157.753, 90.5397, 249.545, 0.8915943, 0, 0, -0.4528351);

INSERT INTO `base_ace_object` (`baseAceObjectId`, `name`, `typeId`, `paletteId`, `ammoType`, `blipColor`, `bitField`, `burden`, `combatUse`, `cooldownDuration`, `cooldownId`, `effects`, `containersCapacity`, `header`, `hookTypeId`, `iconId`, `iconOverlayId`, `iconUnderlayId`, `hookItemTypes`, `itemsCapacity`, `location`, `materialType`, `maxStackSize`, `maxStructure`, `radar`, `pscript`, `spellId`, `stackSize`, `structure`, `targetTypeId`, `usability`, `useRadius`, `validLocations`, `value`, `workmanship`, `animationFrameId`, `defaultScript`, `defaultScriptIntensity`, `elasticity`, `friction`, `locationId`, `modelTableId`, `objectScale`, `physicsBitField`, `physicsTableId`, `motionTableId`, `soundTableId`, `physicsState`, `translucency`)
VALUES (2036961280, 'Life Stone', 268435456, 0, 0, 1, 16404, 0, 0, 0, 0, 0, 0, 9437232, 0, 100668245, 0, 0, 0, 0, 0, 0, 0, 0, 4, 0, 0, 0, 0, 0, 32, 2, 0, 0, 0, 0, 0, 0, 0, 0, 0, 33555182, 0, 100355, 0, 150994982, 536870932, 1040, 0);

INSERT INTO `ace_object` (`baseAceObjectId`, `weenieClassId`, `landblock`, `cell`, `posX`, `posY`, `posZ`, `qW`, `qX`, `qY`, `qZ`)
VALUES (2036961280, 509, 38553, 46, 138.622, 122.379, 224, 0.9998537, 0, 0, 0.0171045);

INSERT INTO `base_ace_object` (`baseAceObjectId`, `name`, `typeId`, `paletteId`, `ammoType`, `blipColor`, `bitField`, `burden`, `combatUse`, `cooldownDuration`, `cooldownId`, `effects`, `containersCapacity`, `header`, `hookTypeId`, `iconId`, `iconOverlayId`, `iconUnderlayId`, `hookItemTypes`, `itemsCapacity`, `location`, `materialType`, `maxStackSize`, `maxStructure`, `radar`, `pscript`, `spellId`, `stackSize`, `structure`, `targetTypeId`, `usability`, `useRadius`, `validLocations`, `value`, `workmanship`, `animationFrameId`, `defaultScript`, `defaultScriptIntensity`, `elasticity`, `friction`, `locationId`, `modelTableId`, `objectScale`, `physicsBitField`, `physicsTableId`, `motionTableId`, `soundTableId`, `physicsState`, `translucency`)
VALUES (1938341888, 'Life Stone', 268435456, 0, 0, 1, 16404, 0, 0, 0, 0, 0, 0, 9437232, 0, 100668245, 0, 0, 0, 0, 0, 0, 0, 0, 4, 0, 0, 0, 0, 0, 32, 2, 0, 0, 0, 0, 0, 0, 0, 0, 0, 33555182, 0, 100355, 0, 150994982, 536870932, 1040, 0);

INSERT INTO `ace_object` (`baseAceObjectId`, `weenieClassId`, `landblock`, `cell`, `posX`, `posY`, `posZ`, `qW`, `qX`, `qY`, `qZ`)
VALUES (1938341888, 509, 14476, 58, 184.699, 40.6984, 82, -0.06152892, 0, 0, -0.9981053);

INSERT INTO `base_ace_object` (`baseAceObjectId`, `name`, `typeId`, `paletteId`, `ammoType`, `blipColor`, `bitField`, `burden`, `combatUse`, `cooldownDuration`, `cooldownId`, `effects`, `containersCapacity`, `header`, `hookTypeId`, `iconId`, `iconOverlayId`, `iconUnderlayId`, `hookItemTypes`, `itemsCapacity`, `location`, `materialType`, `maxStackSize`, `maxStructure`, `radar`, `pscript`, `spellId`, `stackSize`, `structure`, `targetTypeId`, `usability`, `useRadius`, `validLocations`, `value`, `workmanship`, `animationFrameId`, `defaultScript`, `defaultScriptIntensity`, `elasticity`, `friction`, `locationId`, `modelTableId`, `objectScale`, `physicsBitField`, `physicsTableId`, `motionTableId`, `soundTableId`, `physicsState`, `translucency`)
VALUES (2052800521, 'Life Stone', 268435456, 0, 0, 1, 16404, 0, 0, 0, 0, 0, 0, 9437232, 0, 100668245, 0, 0, 0, 0, 0, 0, 0, 0, 4, 0, 0, 0, 0, 0, 32, 2, 0, 0, 0, 0, 0, 0, 0, 0, 0, 33555182, 0, 100355, 0, 150994982, 536870932, 1040, 0);

INSERT INTO `ace_object` (`baseAceObjectId`, `weenieClassId`, `landblock`, `cell`, `posX`, `posY`, `posZ`, `qW`, `qX`, `qY`, `qZ`)
VALUES (2052800521, 509, 42420, 61, 174.116, 103.073, 46, 0.9247142, 0, 0, -0.3806621);

INSERT INTO `base_ace_object` (`baseAceObjectId`, `name`, `typeId`, `paletteId`, `ammoType`, `blipColor`, `bitField`, `burden`, `combatUse`, `cooldownDuration`, `cooldownId`, `effects`, `containersCapacity`, `header`, `hookTypeId`, `iconId`, `iconOverlayId`, `iconUnderlayId`, `hookItemTypes`, `itemsCapacity`, `location`, `materialType`, `maxStackSize`, `maxStructure`, `radar`, `pscript`, `spellId`, `stackSize`, `structure`, `targetTypeId`, `usability`, `useRadius`, `validLocations`, `value`, `workmanship`, `animationFrameId`, `defaultScript`, `defaultScriptIntensity`, `elasticity`, `friction`, `locationId`, `modelTableId`, `objectScale`, `physicsBitField`, `physicsTableId`, `motionTableId`, `soundTableId`, `physicsState`, `translucency`)
VALUES (2047098880, 'Life Stone', 268435456, 0, 0, 1, 16404, 0, 0, 0, 0, 0, 0, 9437232, 0, 100668245, 0, 0, 0, 0, 0, 0, 0, 0, 4, 0, 0, 0, 0, 0, 32, 2, 0, 0, 0, 0, 0, 0, 0, 0, 0, 33555182, 0, 100355, 0, 150994982, 536870932, 1040, 0);

INSERT INTO `ace_object` (`baseAceObjectId`, `weenieClassId`, `landblock`, `cell`, `posX`, `posY`, `posZ`, `qW`, `qX`, `qY`, `qZ`)
VALUES (2047098880, 509, 41028, 35, 99.9775, 54.1059, 56.68619, -0.09531422, 0, 0, -0.9954472);

INSERT INTO `base_ace_object` (`baseAceObjectId`, `name`, `typeId`, `paletteId`, `ammoType`, `blipColor`, `bitField`, `burden`, `combatUse`, `cooldownDuration`, `cooldownId`, `effects`, `containersCapacity`, `header`, `hookTypeId`, `iconId`, `iconOverlayId`, `iconUnderlayId`, `hookItemTypes`, `itemsCapacity`, `location`, `materialType`, `maxStackSize`, `maxStructure`, `radar`, `pscript`, `spellId`, `stackSize`, `structure`, `targetTypeId`, `usability`, `useRadius`, `validLocations`, `value`, `workmanship`, `animationFrameId`, `defaultScript`, `defaultScriptIntensity`, `elasticity`, `friction`, `locationId`, `modelTableId`, `objectScale`, `physicsBitField`, `physicsTableId`, `motionTableId`, `soundTableId`, `physicsState`, `translucency`)
VALUES (2050637830, 'Life Stone', 268435456, 0, 0, 1, 16404, 0, 0, 0, 0, 0, 0, 9437232, 0, 100668245, 0, 0, 0, 0, 0, 0, 0, 0, 4, 0, 0, 0, 0, 0, 32, 2, 0, 0, 0, 0, 0, 0, 0, 0, 0, 33555182, 0, 100355, 0, 150994982, 536870932, 1040, 0);

INSERT INTO `ace_object` (`baseAceObjectId`, `weenieClassId`, `landblock`, `cell`, `posX`, `posY`, `posZ`, `qW`, `qX`, `qY`, `qZ`)
VALUES (2050637830, 509, 41892, 37, 117.425, 103.42, 80, -0.8311148, 0, 0, 0.5561009);

INSERT INTO `base_ace_object` (`baseAceObjectId`, `name`, `typeId`, `paletteId`, `ammoType`, `blipColor`, `bitField`, `burden`, `combatUse`, `cooldownDuration`, `cooldownId`, `effects`, `containersCapacity`, `header`, `hookTypeId`, `iconId`, `iconOverlayId`, `iconUnderlayId`, `hookItemTypes`, `itemsCapacity`, `location`, `materialType`, `maxStackSize`, `maxStructure`, `radar`, `pscript`, `spellId`, `stackSize`, `structure`, `targetTypeId`, `usability`, `useRadius`, `validLocations`, `value`, `workmanship`, `animationFrameId`, `defaultScript`, `defaultScriptIntensity`, `elasticity`, `friction`, `locationId`, `modelTableId`, `objectScale`, `physicsBitField`, `physicsTableId`, `motionTableId`, `soundTableId`, `physicsState`, `translucency`)
VALUES (2097500160, 'Life Stone', 268435456, 0, 0, 1, 16404, 0, 0, 0, 0, 0, 0, 9437232, 0, 100668245, 0, 0, 0, 0, 0, 0, 0, 0, 4, 0, 0, 0, 0, 0, 32, 2, 0, 0, 0, 0, 0, 0, 0, 0, 0, 33555182, 0, 100355, 0, 150994982, 536870932, 1040, 0);

INSERT INTO `ace_object` (`baseAceObjectId`, `weenieClassId`, `landblock`, `cell`, `posX`, `posY`, `posZ`, `qW`, `qX`, `qY`, `qZ`)
VALUES (2097500160, 509, 53333, 33, 102.678, 12.7019, 238, -0.016965, 0, 0, -0.9998561);

INSERT INTO `base_ace_object` (`baseAceObjectId`, `name`, `typeId`, `paletteId`, `ammoType`, `blipColor`, `bitField`, `burden`, `combatUse`, `cooldownDuration`, `cooldownId`, `effects`, `containersCapacity`, `header`, `hookTypeId`, `iconId`, `iconOverlayId`, `iconUnderlayId`, `hookItemTypes`, `itemsCapacity`, `location`, `materialType`, `maxStackSize`, `maxStructure`, `radar`, `pscript`, `spellId`, `stackSize`, `structure`, `targetTypeId`, `usability`, `useRadius`, `validLocations`, `value`, `workmanship`, `animationFrameId`, `defaultScript`, `defaultScriptIntensity`, `elasticity`, `friction`, `locationId`, `modelTableId`, `objectScale`, `physicsBitField`, `physicsTableId`, `motionTableId`, `soundTableId`, `physicsState`, `translucency`)
VALUES (1992171524, 'Life Stone', 268435456, 0, 0, 1, 16404, 0, 0, 0, 0, 0, 0, 9437232, 0, 100668245, 0, 0, 0, 0, 0, 0, 0, 0, 4, 0, 0, 0, 0, 0, 32, 2, 0, 0, 0, 0, 0, 0, 0, 0, 0, 33555182, 0, 100355, 0, 150994982, 536870932, 1040, 0);

INSERT INTO `ace_object` (`baseAceObjectId`, `weenieClassId`, `landblock`, `cell`, `posX`, `posY`, `posZ`, `qW`, `qX`, `qY`, `qZ`)
VALUES (1992171524, 509, 27618, 52, 148.302, 92.4129, 84, 0.8442358, 0, 0, 0.5359719);

INSERT INTO `base_ace_object` (`baseAceObjectId`, `name`, `typeId`, `paletteId`, `ammoType`, `blipColor`, `bitField`, `burden`, `combatUse`, `cooldownDuration`, `cooldownId`, `effects`, `containersCapacity`, `header`, `hookTypeId`, `iconId`, `iconOverlayId`, `iconUnderlayId`, `hookItemTypes`, `itemsCapacity`, `location`, `materialType`, `maxStackSize`, `maxStructure`, `radar`, `pscript`, `spellId`, `stackSize`, `structure`, `targetTypeId`, `usability`, `useRadius`, `validLocations`, `value`, `workmanship`, `animationFrameId`, `defaultScript`, `defaultScriptIntensity`, `elasticity`, `friction`, `locationId`, `modelTableId`, `objectScale`, `physicsBitField`, `physicsTableId`, `motionTableId`, `soundTableId`, `physicsState`, `translucency`)
VALUES (2109968387, 'Life Stone', 268435456, 0, 0, 1, 16404, 0, 0, 0, 0, 0, 0, 9437232, 0, 100668245, 0, 0, 0, 0, 0, 0, 0, 0, 4, 0, 0, 0, 0, 0, 32, 2, 0, 0, 0, 0, 0, 0, 0, 0, 0, 33555182, 0, 100355, 0, 150994982, 536870932, 1040, 0);

INSERT INTO `ace_object` (`baseAceObjectId`, `weenieClassId`, `landblock`, `cell`, `posX`, `posY`, `posZ`, `qW`, `qX`, `qY`, `qZ`)
VALUES (2109968387, 509, 56377, 8, 5.57258, 173.828, 14, -0.8503788, 0, 0, 0.5261709);

INSERT INTO `base_ace_object` (`baseAceObjectId`, `name`, `typeId`, `paletteId`, `ammoType`, `blipColor`, `bitField`, `burden`, `combatUse`, `cooldownDuration`, `cooldownId`, `effects`, `containersCapacity`, `header`, `hookTypeId`, `iconId`, `iconOverlayId`, `iconUnderlayId`, `hookItemTypes`, `itemsCapacity`, `location`, `materialType`, `maxStackSize`, `maxStructure`, `radar`, `pscript`, `spellId`, `stackSize`, `structure`, `targetTypeId`, `usability`, `useRadius`, `validLocations`, `value`, `workmanship`, `animationFrameId`, `defaultScript`, `defaultScriptIntensity`, `elasticity`, `friction`, `locationId`, `modelTableId`, `objectScale`, `physicsBitField`, `physicsTableId`, `motionTableId`, `soundTableId`, `physicsState`, `translucency`)
VALUES (2091122688, 'Life Stone', 268435456, 0, 0, 1, 16404, 0, 0, 0, 0, 0, 0, 9437232, 0, 100668245, 0, 0, 0, 0, 0, 0, 0, 0, 4, 0, 0, 0, 0, 0, 32, 2, 0, 0, 0, 0, 0, 0, 0, 0, 0, 33555182, 0, 100355, 0, 150994982, 536870932, 1040, 0);

INSERT INTO `ace_object` (`baseAceObjectId`, `weenieClassId`, `landblock`, `cell`, `posX`, `posY`, `posZ`, `qW`, `qX`, `qY`, `qZ`)
VALUES (2091122688, 509, 51776, 11, 46.8114, 56.8978, 150, 0.9113312, 0, 0, -0.4116741);

INSERT INTO `base_ace_object` (`baseAceObjectId`, `name`, `typeId`, `paletteId`, `ammoType`, `blipColor`, `bitField`, `burden`, `combatUse`, `cooldownDuration`, `cooldownId`, `effects`, `containersCapacity`, `header`, `hookTypeId`, `iconId`, `iconOverlayId`, `iconUnderlayId`, `hookItemTypes`, `itemsCapacity`, `location`, `materialType`, `maxStackSize`, `maxStructure`, `radar`, `pscript`, `spellId`, `stackSize`, `structure`, `targetTypeId`, `usability`, `useRadius`, `validLocations`, `value`, `workmanship`, `animationFrameId`, `defaultScript`, `defaultScriptIntensity`, `elasticity`, `friction`, `locationId`, `modelTableId`, `objectScale`, `physicsBitField`, `physicsTableId`, `motionTableId`, `soundTableId`, `physicsState`, `translucency`)
VALUES (2038923264, 'Life Stone', 268435456, 0, 0, 1, 16404, 0, 0, 0, 0, 0, 0, 9437232, 0, 100668245, 0, 0, 0, 0, 0, 0, 0, 0, 4, 0, 0, 0, 0, 0, 32, 2, 0, 0, 0, 0, 0, 0, 0, 0, 0, 33555182, 0, 100355, 0, 150994982, 536870932, 1040, 0);

INSERT INTO `ace_object` (`baseAceObjectId`, `weenieClassId`, `landblock`, `cell`, `posX`, `posY`, `posZ`, `qW`, `qX`, `qY`, `qZ`)
VALUES (2038923264, 509, 39032, 20, 49.6096, 94.6732, 32.13413, -0.8325, 0, 0, 0.554025);

INSERT INTO `base_ace_object` (`baseAceObjectId`, `name`, `typeId`, `paletteId`, `ammoType`, `blipColor`, `bitField`, `burden`, `combatUse`, `cooldownDuration`, `cooldownId`, `effects`, `containersCapacity`, `header`, `hookTypeId`, `iconId`, `iconOverlayId`, `iconUnderlayId`, `hookItemTypes`, `itemsCapacity`, `location`, `materialType`, `maxStackSize`, `maxStructure`, `radar`, `pscript`, `spellId`, `stackSize`, `structure`, `targetTypeId`, `usability`, `useRadius`, `validLocations`, `value`, `workmanship`, `animationFrameId`, `defaultScript`, `defaultScriptIntensity`, `elasticity`, `friction`, `locationId`, `modelTableId`, `objectScale`, `physicsBitField`, `physicsTableId`, `motionTableId`, `soundTableId`, `physicsState`, `translucency`)
VALUES (2010546177, 'Life Stone', 268435456, 0, 0, 1, 16404, 0, 0, 0, 0, 0, 0, 9437232, 0, 100668245, 0, 0, 0, 0, 0, 0, 0, 0, 4, 0, 0, 0, 0, 0, 32, 2, 0, 0, 0, 0, 0, 0, 0, 0, 0, 33555182, 0, 100355, 0, 150994982, 536870932, 1040, 0);

INSERT INTO `ace_object` (`baseAceObjectId`, `weenieClassId`, `landblock`, `cell`, `posX`, `posY`, `posZ`, `qW`, `qX`, `qY`, `qZ`)
VALUES (2010546177, 509, 32104, 33, 108.103, 14.1641, 10, 0.7178149, 0, 0, 0.6962339);

INSERT INTO `base_ace_object` (`baseAceObjectId`, `name`, `typeId`, `paletteId`, `ammoType`, `blipColor`, `bitField`, `burden`, `combatUse`, `cooldownDuration`, `cooldownId`, `effects`, `containersCapacity`, `header`, `hookTypeId`, `iconId`, `iconOverlayId`, `iconUnderlayId`, `hookItemTypes`, `itemsCapacity`, `location`, `materialType`, `maxStackSize`, `maxStructure`, `radar`, `pscript`, `spellId`, `stackSize`, `structure`, `targetTypeId`, `usability`, `useRadius`, `validLocations`, `value`, `workmanship`, `animationFrameId`, `defaultScript`, `defaultScriptIntensity`, `elasticity`, `friction`, `locationId`, `modelTableId`, `objectScale`, `physicsBitField`, `physicsTableId`, `motionTableId`, `soundTableId`, `physicsState`, `translucency`)
VALUES (1944866818, 'Life Stone', 268435456, 0, 0, 1, 16404, 0, 0, 0, 0, 0, 0, 9437232, 0, 100668245, 0, 0, 0, 0, 0, 0, 0, 0, 4, 0, 0, 0, 0, 0, 32, 2, 0, 0, 0, 0, 0, 0, 0, 0, 0, 33555182, 0, 100355, 0, 150994982, 536870932, 1040, 0);

INSERT INTO `ace_object` (`baseAceObjectId`, `weenieClassId`, `landblock`, `cell`, `posX`, `posY`, `posZ`, `qW`, `qX`, `qY`, `qZ`)
VALUES (1944866818, 509, 16069, 11, 31.7472, 66.0093, 8, 0.3547169, 0, 0, -0.9349738);

INSERT INTO `base_ace_object` (`baseAceObjectId`, `name`, `typeId`, `paletteId`, `ammoType`, `blipColor`, `bitField`, `burden`, `combatUse`, `cooldownDuration`, `cooldownId`, `effects`, `containersCapacity`, `header`, `hookTypeId`, `iconId`, `iconOverlayId`, `iconUnderlayId`, `hookItemTypes`, `itemsCapacity`, `location`, `materialType`, `maxStackSize`, `maxStructure`, `radar`, `pscript`, `spellId`, `stackSize`, `structure`, `targetTypeId`, `usability`, `useRadius`, `validLocations`, `value`, `workmanship`, `animationFrameId`, `defaultScript`, `defaultScriptIntensity`, `elasticity`, `friction`, `locationId`, `modelTableId`, `objectScale`, `physicsBitField`, `physicsTableId`, `motionTableId`, `soundTableId`, `physicsState`, `translucency`)
VALUES (2062389255, 'Life Stone', 268435456, 0, 0, 1, 16404, 0, 0, 0, 0, 0, 0, 9437232, 0, 100668245, 0, 0, 0, 0, 0, 0, 0, 0, 4, 0, 0, 0, 0, 0, 32, 2, 0, 0, 0, 0, 0, 0, 0, 0, 0, 33555182, 0, 100355, 0, 150994982, 536870932, 1040, 0);

INSERT INTO `ace_object` (`baseAceObjectId`, `weenieClassId`, `landblock`, `cell`, `posX`, `posY`, `posZ`, `qW`, `qX`, `qY`, `qZ`)
VALUES (2062389255, 509, 44761, 59, 178.332, 65.8374, 16, 0.999998, 0, 0, -0.00197659);

INSERT INTO `base_ace_object` (`baseAceObjectId`, `name`, `typeId`, `paletteId`, `ammoType`, `blipColor`, `bitField`, `burden`, `combatUse`, `cooldownDuration`, `cooldownId`, `effects`, `containersCapacity`, `header`, `hookTypeId`, `iconId`, `iconOverlayId`, `iconUnderlayId`, `hookItemTypes`, `itemsCapacity`, `location`, `materialType`, `maxStackSize`, `maxStructure`, `radar`, `pscript`, `spellId`, `stackSize`, `structure`, `targetTypeId`, `usability`, `useRadius`, `validLocations`, `value`, `workmanship`, `animationFrameId`, `defaultScript`, `defaultScriptIntensity`, `elasticity`, `friction`, `locationId`, `modelTableId`, `objectScale`, `physicsBitField`, `physicsTableId`, `motionTableId`, `soundTableId`, `physicsState`, `translucency`)
VALUES (2067271686, 'Life Stone', 268435456, 0, 0, 1, 16404, 0, 0, 0, 0, 0, 0, 9437232, 0, 100668245, 0, 0, 0, 0, 0, 0, 0, 0, 4, 0, 0, 0, 0, 0, 32, 2, 0, 0, 0, 0, 0, 0, 0, 0, 0, 33555182, 0, 100355, 0, 150994982, 536870932, 1040, 0);

INSERT INTO `ace_object` (`baseAceObjectId`, `weenieClassId`, `landblock`, `cell`, `posX`, `posY`, `posZ`, `qW`, `qX`, `qY`, `qZ`)
VALUES (2067271686, 509, 45953, 39, 113.068, 162.61, 24, -0.456331, 0, 0, 0.8898101);

INSERT INTO `base_ace_object` (`baseAceObjectId`, `name`, `typeId`, `paletteId`, `ammoType`, `blipColor`, `bitField`, `burden`, `combatUse`, `cooldownDuration`, `cooldownId`, `effects`, `containersCapacity`, `header`, `hookTypeId`, `iconId`, `iconOverlayId`, `iconUnderlayId`, `hookItemTypes`, `itemsCapacity`, `location`, `materialType`, `maxStackSize`, `maxStructure`, `radar`, `pscript`, `spellId`, `stackSize`, `structure`, `targetTypeId`, `usability`, `useRadius`, `validLocations`, `value`, `workmanship`, `animationFrameId`, `defaultScript`, `defaultScriptIntensity`, `elasticity`, `friction`, `locationId`, `modelTableId`, `objectScale`, `physicsBitField`, `physicsTableId`, `motionTableId`, `soundTableId`, `physicsState`, `translucency`)
VALUES (2046443529, 'Life Stone', 268435456, 0, 0, 1, 16404, 0, 0, 0, 0, 0, 0, 9437232, 0, 100668245, 0, 0, 0, 0, 0, 0, 0, 0, 4, 0, 0, 0, 0, 0, 32, 2, 0, 0, 0, 0, 0, 0, 0, 0, 0, 33555182, 0, 100355, 0, 150994982, 536870932, 1040, 0);

INSERT INTO `ace_object` (`baseAceObjectId`, `weenieClassId`, `landblock`, `cell`, `posX`, `posY`, `posZ`, `qW`, `qX`, `qY`, `qZ`)
VALUES (2046443529, 509, 40868, 55, 164.197, 163.109, 84.40759, 0.3965871, 0, 0, 0.9179971);

INSERT INTO `base_ace_object` (`baseAceObjectId`, `name`, `typeId`, `paletteId`, `ammoType`, `blipColor`, `bitField`, `burden`, `combatUse`, `cooldownDuration`, `cooldownId`, `effects`, `containersCapacity`, `header`, `hookTypeId`, `iconId`, `iconOverlayId`, `iconUnderlayId`, `hookItemTypes`, `itemsCapacity`, `location`, `materialType`, `maxStackSize`, `maxStructure`, `radar`, `pscript`, `spellId`, `stackSize`, `structure`, `targetTypeId`, `usability`, `useRadius`, `validLocations`, `value`, `workmanship`, `animationFrameId`, `defaultScript`, `defaultScriptIntensity`, `elasticity`, `friction`, `locationId`, `modelTableId`, `objectScale`, `physicsBitField`, `physicsTableId`, `motionTableId`, `soundTableId`, `physicsState`, `translucency`)
VALUES (2044469249, 'Life Stone', 268435456, 0, 0, 1, 16404, 0, 0, 0, 0, 0, 0, 9437232, 0, 100668245, 0, 0, 0, 0, 0, 0, 0, 0, 4, 0, 0, 0, 0, 0, 32, 2, 0, 0, 0, 0, 0, 0, 0, 0, 0, 33555182, 0, 100355, 0, 150994982, 536870932, 1040, 0);

INSERT INTO `ace_object` (`baseAceObjectId`, `weenieClassId`, `landblock`, `cell`, `posX`, `posY`, `posZ`, `qW`, `qX`, `qY`, `qZ`)
VALUES (2044469249, 509, 40386, 44, 121.452, 90.6454, 27.9, -0.514882, 0, 0, 0.8572611);

INSERT INTO `base_ace_object` (`baseAceObjectId`, `name`, `typeId`, `paletteId`, `ammoType`, `blipColor`, `bitField`, `burden`, `combatUse`, `cooldownDuration`, `cooldownId`, `effects`, `containersCapacity`, `header`, `hookTypeId`, `iconId`, `iconOverlayId`, `iconUnderlayId`, `hookItemTypes`, `itemsCapacity`, `location`, `materialType`, `maxStackSize`, `maxStructure`, `radar`, `pscript`, `spellId`, `stackSize`, `structure`, `targetTypeId`, `usability`, `useRadius`, `validLocations`, `value`, `workmanship`, `animationFrameId`, `defaultScript`, `defaultScriptIntensity`, `elasticity`, `friction`, `locationId`, `modelTableId`, `objectScale`, `physicsBitField`, `physicsTableId`, `motionTableId`, `soundTableId`, `physicsState`, `translucency`)
VALUES (2124533760, 'Life Stone', 268435456, 0, 0, 1, 16404, 0, 0, 0, 0, 0, 0, 9437232, 0, 100668245, 0, 0, 0, 0, 0, 0, 0, 0, 4, 0, 0, 0, 0, 0, 32, 2, 0, 0, 0, 0, 0, 0, 0, 0, 0, 33555182, 0, 100355, 0, 150994982, 536870932, 1040, 0);

INSERT INTO `ace_object` (`baseAceObjectId`, `weenieClassId`, `landblock`, `cell`, `posX`, `posY`, `posZ`, `qW`, `qX`, `qY`, `qZ`)
VALUES (2124533760, 509, 59933, 6, 9.13829, 128.252, 0, -0.0008441177, 0, 0, 0.9999996);

INSERT INTO `base_ace_object` (`baseAceObjectId`, `name`, `typeId`, `paletteId`, `ammoType`, `blipColor`, `bitField`, `burden`, `combatUse`, `cooldownDuration`, `cooldownId`, `effects`, `containersCapacity`, `header`, `hookTypeId`, `iconId`, `iconOverlayId`, `iconUnderlayId`, `hookItemTypes`, `itemsCapacity`, `location`, `materialType`, `maxStackSize`, `maxStructure`, `radar`, `pscript`, `spellId`, `stackSize`, `structure`, `targetTypeId`, `usability`, `useRadius`, `validLocations`, `value`, `workmanship`, `animationFrameId`, `defaultScript`, `defaultScriptIntensity`, `elasticity`, `friction`, `locationId`, `modelTableId`, `objectScale`, `physicsBitField`, `physicsTableId`, `motionTableId`, `soundTableId`, `physicsState`, `translucency`)
VALUES (2132942879, 'Life Stone', 268435456, 0, 0, 1, 16404, 0, 0, 0, 0, 0, 0, 9437232, 0, 100668245, 0, 0, 0, 0, 0, 0, 0, 0, 4, 0, 0, 0, 0, 0, 32, 2, 0, 0, 0, 0, 0, 0, 0, 0, 0, 33555182, 0, 100355, 0, 150994982, 536870932, 1040, 0);

INSERT INTO `ace_object` (`baseAceObjectId`, `weenieClassId`, `landblock`, `cell`, `posX`, `posY`, `posZ`, `qW`, `qX`, `qY`, `qZ`)
VALUES (2132942879, 509, 61986, 44, 134.291, 94.0989, 18, -0.144952, 0, 0, 0.9894387);

INSERT INTO `base_ace_object` (`baseAceObjectId`, `name`, `typeId`, `paletteId`, `ammoType`, `blipColor`, `bitField`, `burden`, `combatUse`, `cooldownDuration`, `cooldownId`, `effects`, `containersCapacity`, `header`, `hookTypeId`, `iconId`, `iconOverlayId`, `iconUnderlayId`, `hookItemTypes`, `itemsCapacity`, `location`, `materialType`, `maxStackSize`, `maxStructure`, `radar`, `pscript`, `spellId`, `stackSize`, `structure`, `targetTypeId`, `usability`, `useRadius`, `validLocations`, `value`, `workmanship`, `animationFrameId`, `defaultScript`, `defaultScriptIntensity`, `elasticity`, `friction`, `locationId`, `modelTableId`, `objectScale`, `physicsBitField`, `physicsTableId`, `motionTableId`, `soundTableId`, `physicsState`, `translucency`)
VALUES (2089320457, 'Life Stone', 268435456, 0, 0, 1, 16404, 0, 0, 0, 0, 0, 0, 9437232, 0, 100668245, 0, 0, 0, 0, 0, 0, 0, 0, 4, 0, 0, 0, 0, 0, 32, 2, 0, 0, 0, 0, 0, 0, 0, 0, 0, 33555182, 0, 100355, 0, 150994982, 536870932, 1040, 0);

INSERT INTO `ace_object` (`baseAceObjectId`, `weenieClassId`, `landblock`, `cell`, `posX`, `posY`, `posZ`, `qW`, `qX`, `qY`, `qZ`)
VALUES (2089320457, 509, 51336, 40, 101.437, 172.17, 28, 0.870746, 0, 0, -0.491733);

INSERT INTO `base_ace_object` (`baseAceObjectId`, `name`, `typeId`, `paletteId`, `ammoType`, `blipColor`, `bitField`, `burden`, `combatUse`, `cooldownDuration`, `cooldownId`, `effects`, `containersCapacity`, `header`, `hookTypeId`, `iconId`, `iconOverlayId`, `iconUnderlayId`, `hookItemTypes`, `itemsCapacity`, `location`, `materialType`, `maxStackSize`, `maxStructure`, `radar`, `pscript`, `spellId`, `stackSize`, `structure`, `targetTypeId`, `usability`, `useRadius`, `validLocations`, `value`, `workmanship`, `animationFrameId`, `defaultScript`, `defaultScriptIntensity`, `elasticity`, `friction`, `locationId`, `modelTableId`, `objectScale`, `physicsBitField`, `physicsTableId`, `motionTableId`, `soundTableId`, `physicsState`, `translucency`)
VALUES (1882832920, 'Life Stone', 268435456, 0, 0, 1, 16404, 0, 0, 0, 0, 0, 0, 9437232, 0, 100668245, 0, 0, 0, 0, 0, 0, 0, 0, 4, 0, 0, 0, 0, 0, 32, 2, 0, 0, 0, 0, 0, 0, 0, 0, 0, 33555182, 0, 100355, 0, 150994982, 536870932, 1040, 0);

INSERT INTO `ace_object` (`baseAceObjectId`, `weenieClassId`, `landblock`, `cell`, `posX`, `posY`, `posZ`, `qW`, `qX`, `qY`, `qZ`)
VALUES (1882832920, 509, 924, 409, 89.9443, -101.554, -6, -0.7826788, 0, 0, -0.6224258);

INSERT INTO `base_ace_object` (`baseAceObjectId`, `name`, `typeId`, `paletteId`, `ammoType`, `blipColor`, `bitField`, `burden`, `combatUse`, `cooldownDuration`, `cooldownId`, `effects`, `containersCapacity`, `header`, `hookTypeId`, `iconId`, `iconOverlayId`, `iconUnderlayId`, `hookItemTypes`, `itemsCapacity`, `location`, `materialType`, `maxStackSize`, `maxStructure`, `radar`, `pscript`, `spellId`, `stackSize`, `structure`, `targetTypeId`, `usability`, `useRadius`, `validLocations`, `value`, `workmanship`, `animationFrameId`, `defaultScript`, `defaultScriptIntensity`, `elasticity`, `friction`, `locationId`, `modelTableId`, `objectScale`, `physicsBitField`, `physicsTableId`, `motionTableId`, `soundTableId`, `physicsState`, `translucency`)
VALUES (2033709058, 'Life Stone', 268435456, 0, 0, 1, 16404, 0, 0, 0, 0, 0, 0, 9437232, 0, 100668245, 0, 0, 0, 0, 0, 0, 0, 0, 4, 0, 0, 0, 0, 0, 32, 2, 0, 0, 0, 0, 0, 0, 0, 0, 0, 33555182, 0, 100355, 0, 150994982, 536870932, 1040, 0);

INSERT INTO `ace_object` (`baseAceObjectId`, `weenieClassId`, `landblock`, `cell`, `posX`, `posY`, `posZ`, `qW`, `qX`, `qY`, `qZ`)
VALUES (2033709058, 509, 37759, 53, 155.134, 115.58, 33.4405, -0.4828508, 0, 0, 0.8757026);

INSERT INTO `base_ace_object` (`baseAceObjectId`, `name`, `typeId`, `paletteId`, `ammoType`, `blipColor`, `bitField`, `burden`, `combatUse`, `cooldownDuration`, `cooldownId`, `effects`, `containersCapacity`, `header`, `hookTypeId`, `iconId`, `iconOverlayId`, `iconUnderlayId`, `hookItemTypes`, `itemsCapacity`, `location`, `materialType`, `maxStackSize`, `maxStructure`, `radar`, `pscript`, `spellId`, `stackSize`, `structure`, `targetTypeId`, `usability`, `useRadius`, `validLocations`, `value`, `workmanship`, `animationFrameId`, `defaultScript`, `defaultScriptIntensity`, `elasticity`, `friction`, `locationId`, `modelTableId`, `objectScale`, `physicsBitField`, `physicsTableId`, `motionTableId`, `soundTableId`, `physicsState`, `translucency`)
VALUES (2020003842, 'Life Stone', 268435456, 0, 0, 1, 16404, 0, 0, 0, 0, 0, 0, 9437232, 0, 100668245, 0, 0, 0, 0, 0, 0, 0, 0, 4, 0, 0, 0, 0, 0, 32, 2, 0, 0, 0, 0, 0, 0, 0, 0, 0, 33555182, 0, 100355, 0, 150994982, 536870932, 1040, 0);

INSERT INTO `ace_object` (`baseAceObjectId`, `weenieClassId`, `landblock`, `cell`, `posX`, `posY`, `posZ`, `qW`, `qX`, `qY`, `qZ`)
VALUES (2020003842, 509, 34413, 16, 30.9289, 186.236, -0.1, -0.7767953, 0, 0, -0.6297532);

INSERT INTO `base_ace_object` (`baseAceObjectId`, `name`, `typeId`, `paletteId`, `ammoType`, `blipColor`, `bitField`, `burden`, `combatUse`, `cooldownDuration`, `cooldownId`, `effects`, `containersCapacity`, `header`, `hookTypeId`, `iconId`, `iconOverlayId`, `iconUnderlayId`, `hookItemTypes`, `itemsCapacity`, `location`, `materialType`, `maxStackSize`, `maxStructure`, `radar`, `pscript`, `spellId`, `stackSize`, `structure`, `targetTypeId`, `usability`, `useRadius`, `validLocations`, `value`, `workmanship`, `animationFrameId`, `defaultScript`, `defaultScriptIntensity`, `elasticity`, `friction`, `locationId`, `modelTableId`, `objectScale`, `physicsBitField`, `physicsTableId`, `motionTableId`, `soundTableId`, `physicsState`, `translucency`)
VALUES (2018955265, 'Bind Stone', 268435456, 67113296, 0, 1, 134217748, 0, 0, 0, 0, 0, 0, 9437232, 0, 100671884, 0, 0, 0, 0, 0, 0, 0, 0, 4, 0, 0, 0, 0, 0, 32, 2, 0, 0, 0, 0, 0, 0, 0, 0, 0, 33558700, 0, 100355, 0, 150995296, 536870932, 1040, 0);

INSERT INTO `ace_object` (`baseAceObjectId`, `weenieClassId`, `landblock`, `cell`, `posX`, `posY`, `posZ`, `qW`, `qX`, `qY`, `qZ`)
VALUES (2018955265, 27547, 34157, 48, 128.821, 189.221, 14, -0.7932931, 0, 0, 0.60884);

INSERT INTO `ace_object_palette_changes` (`baseAceObjectId`, `subPaletteId`, `offset`, `length`)
VALUES (2018955265, 67115144, 0, 2048);

INSERT INTO `base_ace_object` (`baseAceObjectId`, `name`, `typeId`, `paletteId`, `ammoType`, `blipColor`, `bitField`, `burden`, `combatUse`, `cooldownDuration`, `cooldownId`, `effects`, `containersCapacity`, `header`, `hookTypeId`, `iconId`, `iconOverlayId`, `iconUnderlayId`, `hookItemTypes`, `itemsCapacity`, `location`, `materialType`, `maxStackSize`, `maxStructure`, `radar`, `pscript`, `spellId`, `stackSize`, `structure`, `targetTypeId`, `usability`, `useRadius`, `validLocations`, `value`, `workmanship`, `animationFrameId`, `defaultScript`, `defaultScriptIntensity`, `elasticity`, `friction`, `locationId`, `modelTableId`, `objectScale`, `physicsBitField`, `physicsTableId`, `motionTableId`, `soundTableId`, `physicsState`, `translucency`)
VALUES (2020012032, 'Life Stone', 268435456, 0, 0, 1, 16404, 0, 0, 0, 0, 0, 0, 9437232, 0, 100668245, 0, 0, 0, 0, 0, 0, 0, 0, 4, 0, 0, 0, 0, 0, 32, 2, 0, 0, 0, 0, 0, 0, 0, 0, 0, 33555182, 0, 100355, 0, 150994982, 536870932, 1040, 0);

INSERT INTO `ace_object` (`baseAceObjectId`, `weenieClassId`, `landblock`, `cell`, `posX`, `posY`, `posZ`, `qW`, `qX`, `qY`, `qZ`)
VALUES (2020012032, 509, 34415, 43, 140.028, 55.6023, 10, 0.08234856, 0, 0, 0.9966036);

INSERT INTO `base_ace_object` (`baseAceObjectId`, `name`, `typeId`, `paletteId`, `ammoType`, `blipColor`, `bitField`, `burden`, `combatUse`, `cooldownDuration`, `cooldownId`, `effects`, `containersCapacity`, `header`, `hookTypeId`, `iconId`, `iconOverlayId`, `iconUnderlayId`, `hookItemTypes`, `itemsCapacity`, `location`, `materialType`, `maxStackSize`, `maxStructure`, `radar`, `pscript`, `spellId`, `stackSize`, `structure`, `targetTypeId`, `usability`, `useRadius`, `validLocations`, `value`, `workmanship`, `animationFrameId`, `defaultScript`, `defaultScriptIntensity`, `elasticity`, `friction`, `locationId`, `modelTableId`, `objectScale`, `physicsBitField`, `physicsTableId`, `motionTableId`, `soundTableId`, `physicsState`, `translucency`)
VALUES (2022100992, 'Life Stone', 268435456, 0, 0, 1, 16404, 0, 0, 0, 0, 0, 0, 9437232, 0, 100668245, 0, 0, 0, 0, 0, 0, 0, 0, 4, 0, 0, 0, 0, 0, 32, 2, 0, 0, 0, 0, 0, 0, 0, 0, 0, 33555182, 0, 100355, 0, 150994982, 536870932, 1040, 0);

INSERT INTO `ace_object` (`baseAceObjectId`, `weenieClassId`, `landblock`, `cell`, `posX`, `posY`, `posZ`, `qW`, `qX`, `qY`, `qZ`)
VALUES (2022100992, 509, 34925, 13, 32.3736, 114.775, 26, 0.5956547, 0, 0, 0.8032406);

INSERT INTO `base_ace_object` (`baseAceObjectId`, `name`, `typeId`, `paletteId`, `ammoType`, `blipColor`, `bitField`, `burden`, `combatUse`, `cooldownDuration`, `cooldownId`, `effects`, `containersCapacity`, `header`, `hookTypeId`, `iconId`, `iconOverlayId`, `iconUnderlayId`, `hookItemTypes`, `itemsCapacity`, `location`, `materialType`, `maxStackSize`, `maxStructure`, `radar`, `pscript`, `spellId`, `stackSize`, `structure`, `targetTypeId`, `usability`, `useRadius`, `validLocations`, `value`, `workmanship`, `animationFrameId`, `defaultScript`, `defaultScriptIntensity`, `elasticity`, `friction`, `locationId`, `modelTableId`, `objectScale`, `physicsBitField`, `physicsTableId`, `motionTableId`, `soundTableId`, `physicsState`, `translucency`)
VALUES (2017906688, 'Life Stone', 268435456, 0, 0, 1, 16404, 0, 0, 0, 0, 0, 0, 9437232, 0, 100668245, 0, 0, 0, 0, 0, 0, 0, 0, 4, 0, 0, 0, 0, 0, 32, 2, 0, 0, 0, 0, 0, 0, 0, 0, 0, 33555182, 0, 100355, 0, 150994982, 536870932, 1040, 0);

INSERT INTO `ace_object` (`baseAceObjectId`, `weenieClassId`, `landblock`, `cell`, `posX`, `posY`, `posZ`, `qW`, `qX`, `qY`, `qZ`)
VALUES (2017906688, 509, 33901, 5, 16.3626, 117.45, 18, 0.7429092, 0, 0, -0.6693922);

INSERT INTO `base_ace_object` (`baseAceObjectId`, `name`, `typeId`, `paletteId`, `ammoType`, `blipColor`, `bitField`, `burden`, `combatUse`, `cooldownDuration`, `cooldownId`, `effects`, `containersCapacity`, `header`, `hookTypeId`, `iconId`, `iconOverlayId`, `iconUnderlayId`, `hookItemTypes`, `itemsCapacity`, `location`, `materialType`, `maxStackSize`, `maxStructure`, `radar`, `pscript`, `spellId`, `stackSize`, `structure`, `targetTypeId`, `usability`, `useRadius`, `validLocations`, `value`, `workmanship`, `animationFrameId`, `defaultScript`, `defaultScriptIntensity`, `elasticity`, `friction`, `locationId`, `modelTableId`, `objectScale`, `physicsBitField`, `physicsTableId`, `motionTableId`, `soundTableId`, `physicsState`, `translucency`)
VALUES (2008645632, 'Life Stone', 268435456, 0, 0, 1, 16404, 0, 0, 0, 0, 0, 0, 9437232, 0, 100668245, 0, 0, 0, 0, 0, 0, 0, 0, 4, 0, 0, 0, 0, 0, 32, 2, 0, 0, 0, 0, 0, 0, 0, 0, 0, 33555182, 0, 100355, 0, 150994982, 536870932, 1040, 0);

INSERT INTO `ace_object` (`baseAceObjectId`, `weenieClassId`, `landblock`, `cell`, `posX`, `posY`, `posZ`, `qW`, `qX`, `qY`, `qZ`)
VALUES (2008645632, 509, 31640, 17, 56.439, 14.9822, 112.7033, -0.5858579, 0, 0, 0.8104138);

INSERT INTO `base_ace_object` (`baseAceObjectId`, `name`, `typeId`, `paletteId`, `ammoType`, `blipColor`, `bitField`, `burden`, `combatUse`, `cooldownDuration`, `cooldownId`, `effects`, `containersCapacity`, `header`, `hookTypeId`, `iconId`, `iconOverlayId`, `iconUnderlayId`, `hookItemTypes`, `itemsCapacity`, `location`, `materialType`, `maxStackSize`, `maxStructure`, `radar`, `pscript`, `spellId`, `stackSize`, `structure`, `targetTypeId`, `usability`, `useRadius`, `validLocations`, `value`, `workmanship`, `animationFrameId`, `defaultScript`, `defaultScriptIntensity`, `elasticity`, `friction`, `locationId`, `modelTableId`, `objectScale`, `physicsBitField`, `physicsTableId`, `motionTableId`, `soundTableId`, `physicsState`, `translucency`)
VALUES (2038575104, 'Life Stone', 268435456, 0, 0, 1, 16404, 0, 0, 0, 0, 0, 0, 9437232, 0, 100668245, 0, 0, 0, 0, 0, 0, 0, 0, 4, 0, 0, 0, 0, 0, 32, 2, 0, 0, 0, 0, 0, 0, 0, 0, 0, 33555182, 0, 100355, 0, 150994982, 536870932, 1040, 0);

INSERT INTO `ace_object` (`baseAceObjectId`, `weenieClassId`, `landblock`, `cell`, `posX`, `posY`, `posZ`, `qW`, `qX`, `qY`, `qZ`)
VALUES (2038575104, 509, 38947, 56, 154.736, 177.799, 80.89467, -0.9979786, 0, 0, -0.06355137);

INSERT INTO `base_ace_object` (`baseAceObjectId`, `name`, `typeId`, `paletteId`, `ammoType`, `blipColor`, `bitField`, `burden`, `combatUse`, `cooldownDuration`, `cooldownId`, `effects`, `containersCapacity`, `header`, `hookTypeId`, `iconId`, `iconOverlayId`, `iconUnderlayId`, `hookItemTypes`, `itemsCapacity`, `location`, `materialType`, `maxStackSize`, `maxStructure`, `radar`, `pscript`, `spellId`, `stackSize`, `structure`, `targetTypeId`, `usability`, `useRadius`, `validLocations`, `value`, `workmanship`, `animationFrameId`, `defaultScript`, `defaultScriptIntensity`, `elasticity`, `friction`, `locationId`, `modelTableId`, `objectScale`, `physicsBitField`, `physicsTableId`, `motionTableId`, `soundTableId`, `physicsState`, `translucency`)
VALUES (2122457102, 'Life Stone', 268435456, 0, 0, 1, 16404, 0, 0, 0, 0, 0, 0, 9437232, 0, 100668245, 0, 0, 0, 0, 0, 0, 0, 0, 4, 0, 0, 0, 0, 0, 32, 2, 0, 0, 0, 0, 0, 0, 0, 0, 0, 33555182, 0, 100355, 0, 150994982, 536870932, 1040, 0);

INSERT INTO `ace_object` (`baseAceObjectId`, `weenieClassId`, `landblock`, `cell`, `posX`, `posY`, `posZ`, `qW`, `qX`, `qY`, `qZ`)
VALUES (2122457102, 509, 59426, 54, 154.895, 137.344, 0, -0.230506, 0, 0, 0.9730709);

INSERT INTO `base_ace_object` (`baseAceObjectId`, `name`, `typeId`, `paletteId`, `ammoType`, `blipColor`, `bitField`, `burden`, `combatUse`, `cooldownDuration`, `cooldownId`, `effects`, `containersCapacity`, `header`, `hookTypeId`, `iconId`, `iconOverlayId`, `iconUnderlayId`, `hookItemTypes`, `itemsCapacity`, `location`, `materialType`, `maxStackSize`, `maxStructure`, `radar`, `pscript`, `spellId`, `stackSize`, `structure`, `targetTypeId`, `usability`, `useRadius`, `validLocations`, `value`, `workmanship`, `animationFrameId`, `defaultScript`, `defaultScriptIntensity`, `elasticity`, `friction`, `locationId`, `modelTableId`, `objectScale`, `physicsBitField`, `physicsTableId`, `motionTableId`, `soundTableId`, `physicsState`, `translucency`)
VALUES (2073473028, 'Life Stone', 268435456, 0, 0, 1, 16404, 0, 0, 0, 0, 0, 0, 9437232, 0, 100668245, 0, 0, 0, 0, 0, 0, 0, 0, 4, 0, 0, 0, 0, 0, 32, 2, 0, 0, 0, 0, 0, 0, 0, 0, 0, 33555182, 0, 100355, 0, 150994982, 536870932, 1040, 0);

INSERT INTO `ace_object` (`baseAceObjectId`, `weenieClassId`, `landblock`, `cell`, `posX`, `posY`, `posZ`, `qW`, `qX`, `qY`, `qZ`)
VALUES (2073473028, 509, 47467, 40, 109.962, 173.984, 6, 0.9998003, 0, 0, -0.01998201);

INSERT INTO `base_ace_object` (`baseAceObjectId`, `name`, `typeId`, `paletteId`, `ammoType`, `blipColor`, `bitField`, `burden`, `combatUse`, `cooldownDuration`, `cooldownId`, `effects`, `containersCapacity`, `header`, `hookTypeId`, `iconId`, `iconOverlayId`, `iconUnderlayId`, `hookItemTypes`, `itemsCapacity`, `location`, `materialType`, `maxStackSize`, `maxStructure`, `radar`, `pscript`, `spellId`, `stackSize`, `structure`, `targetTypeId`, `usability`, `useRadius`, `validLocations`, `value`, `workmanship`, `animationFrameId`, `defaultScript`, `defaultScriptIntensity`, `elasticity`, `friction`, `locationId`, `modelTableId`, `objectScale`, `physicsBitField`, `physicsTableId`, `motionTableId`, `soundTableId`, `physicsState`, `translucency`)
VALUES (1988829184, 'Life Stone', 268435456, 0, 0, 1, 16404, 0, 0, 0, 0, 0, 0, 9437232, 0, 100668245, 0, 0, 0, 0, 0, 0, 0, 0, 4, 0, 0, 0, 0, 0, 32, 2, 0, 0, 0, 0, 0, 0, 0, 0, 0, 33555182, 0, 100355, 0, 150994982, 536870932, 1040, 0);

INSERT INTO `ace_object` (`baseAceObjectId`, `weenieClassId`, `landblock`, `cell`, `posX`, `posY`, `posZ`, `qW`, `qX`, `qY`, `qZ`)
VALUES (1988829184, 509, 26802, 4, 14.0667, 75.3146, 68.27622, -0.946473, 0, 0, 0.322783);

INSERT INTO `base_ace_object` (`baseAceObjectId`, `name`, `typeId`, `paletteId`, `ammoType`, `blipColor`, `bitField`, `burden`, `combatUse`, `cooldownDuration`, `cooldownId`, `effects`, `containersCapacity`, `header`, `hookTypeId`, `iconId`, `iconOverlayId`, `iconUnderlayId`, `hookItemTypes`, `itemsCapacity`, `location`, `materialType`, `maxStackSize`, `maxStructure`, `radar`, `pscript`, `spellId`, `stackSize`, `structure`, `targetTypeId`, `usability`, `useRadius`, `validLocations`, `value`, `workmanship`, `animationFrameId`, `defaultScript`, `defaultScriptIntensity`, `elasticity`, `friction`, `locationId`, `modelTableId`, `objectScale`, `physicsBitField`, `physicsTableId`, `motionTableId`, `soundTableId`, `physicsState`, `translucency`)
VALUES (2002485249, 'Life Stone', 268435456, 0, 0, 1, 16404, 0, 0, 0, 0, 0, 0, 9437232, 0, 100668245, 0, 0, 0, 0, 0, 0, 0, 0, 4, 0, 0, 0, 0, 0, 32, 2, 0, 0, 0, 0, 0, 0, 0, 0, 0, 33555182, 0, 100355, 0, 150994982, 536870932, 1040, 0);

INSERT INTO `ace_object` (`baseAceObjectId`, `weenieClassId`, `landblock`, `cell`, `posX`, `posY`, `posZ`, `qW`, `qX`, `qY`, `qZ`)
VALUES (2002485249, 509, 30136, 32, 92.1722, 172.784, 128, -0.7019778, 0, 0, -0.7121988);

INSERT INTO `base_ace_object` (`baseAceObjectId`, `name`, `typeId`, `paletteId`, `ammoType`, `blipColor`, `bitField`, `burden`, `combatUse`, `cooldownDuration`, `cooldownId`, `effects`, `containersCapacity`, `header`, `hookTypeId`, `iconId`, `iconOverlayId`, `iconUnderlayId`, `hookItemTypes`, `itemsCapacity`, `location`, `materialType`, `maxStackSize`, `maxStructure`, `radar`, `pscript`, `spellId`, `stackSize`, `structure`, `targetTypeId`, `usability`, `useRadius`, `validLocations`, `value`, `workmanship`, `animationFrameId`, `defaultScript`, `defaultScriptIntensity`, `elasticity`, `friction`, `locationId`, `modelTableId`, `objectScale`, `physicsBitField`, `physicsTableId`, `motionTableId`, `soundTableId`, `physicsState`, `translucency`)
VALUES (2007801857, 'Life Stone', 268435456, 0, 0, 1, 16404, 0, 0, 0, 0, 0, 0, 9437232, 0, 100668245, 0, 0, 0, 0, 0, 0, 0, 0, 4, 0, 0, 0, 0, 0, 32, 2, 0, 0, 0, 0, 0, 0, 0, 0, 0, 33555182, 0, 100355, 0, 150994982, 536870932, 1040, 0);

INSERT INTO `ace_object` (`baseAceObjectId`, `weenieClassId`, `landblock`, `cell`, `posX`, `posY`, `posZ`, `qW`, `qX`, `qY`, `qZ`)
VALUES (2007801857, 509, 31434, 10, 43.5416, 27.8085, 200, 0.999113, 0, 0, -0.042109);

INSERT INTO `base_ace_object` (`baseAceObjectId`, `name`, `typeId`, `paletteId`, `ammoType`, `blipColor`, `bitField`, `burden`, `combatUse`, `cooldownDuration`, `cooldownId`, `effects`, `containersCapacity`, `header`, `hookTypeId`, `iconId`, `iconOverlayId`, `iconUnderlayId`, `hookItemTypes`, `itemsCapacity`, `location`, `materialType`, `maxStackSize`, `maxStructure`, `radar`, `pscript`, `spellId`, `stackSize`, `structure`, `targetTypeId`, `usability`, `useRadius`, `validLocations`, `value`, `workmanship`, `animationFrameId`, `defaultScript`, `defaultScriptIntensity`, `elasticity`, `friction`, `locationId`, `modelTableId`, `objectScale`, `physicsBitField`, `physicsTableId`, `motionTableId`, `soundTableId`, `physicsState`, `translucency`)
VALUES (2012229640, 'Life Stone', 268435456, 0, 0, 1, 16404, 0, 0, 0, 0, 0, 0, 9437232, 0, 100668245, 0, 0, 0, 0, 0, 0, 0, 0, 4, 0, 0, 0, 0, 0, 32, 2, 0, 0, 0, 0, 0, 0, 0, 0, 0, 33555182, 0, 100355, 0, 150994982, 536870932, 1040, 0);

INSERT INTO `ace_object` (`baseAceObjectId`, `weenieClassId`, `landblock`, `cell`, `posX`, `posY`, `posZ`, `qW`, `qX`, `qY`, `qZ`)
VALUES (2012229640, 509, 32515, 308, 120, -160, -6, 0.020795, 0, 0, 0.9997838);

INSERT INTO `base_ace_object` (`baseAceObjectId`, `name`, `typeId`, `paletteId`, `ammoType`, `blipColor`, `bitField`, `burden`, `combatUse`, `cooldownDuration`, `cooldownId`, `effects`, `containersCapacity`, `header`, `hookTypeId`, `iconId`, `iconOverlayId`, `iconUnderlayId`, `hookItemTypes`, `itemsCapacity`, `location`, `materialType`, `maxStackSize`, `maxStructure`, `radar`, `pscript`, `spellId`, `stackSize`, `structure`, `targetTypeId`, `usability`, `useRadius`, `validLocations`, `value`, `workmanship`, `animationFrameId`, `defaultScript`, `defaultScriptIntensity`, `elasticity`, `friction`, `locationId`, `modelTableId`, `objectScale`, `physicsBitField`, `physicsTableId`, `motionTableId`, `soundTableId`, `physicsState`, `translucency`)
VALUES (2077876225, 'Life Stone', 268435456, 0, 0, 1, 16404, 0, 0, 0, 0, 0, 0, 9437232, 0, 100668245, 0, 0, 0, 0, 0, 0, 0, 0, 4, 0, 0, 0, 0, 0, 32, 2, 0, 0, 0, 0, 0, 0, 0, 0, 0, 33555182, 0, 100355, 0, 150994982, 536870932, 1040, 0);

INSERT INTO `ace_object` (`baseAceObjectId`, `weenieClassId`, `landblock`, `cell`, `posX`, `posY`, `posZ`, `qW`, `qX`, `qY`, `qZ`)
VALUES (2077876225, 509, 48542, 11, 42.3517, 58.6909, 9.595932, -0.398749, 0, 0, -0.9170601);

INSERT INTO `base_ace_object` (`baseAceObjectId`, `name`, `typeId`, `paletteId`, `ammoType`, `blipColor`, `bitField`, `burden`, `combatUse`, `cooldownDuration`, `cooldownId`, `effects`, `containersCapacity`, `header`, `hookTypeId`, `iconId`, `iconOverlayId`, `iconUnderlayId`, `hookItemTypes`, `itemsCapacity`, `location`, `materialType`, `maxStackSize`, `maxStructure`, `radar`, `pscript`, `spellId`, `stackSize`, `structure`, `targetTypeId`, `usability`, `useRadius`, `validLocations`, `value`, `workmanship`, `animationFrameId`, `defaultScript`, `defaultScriptIntensity`, `elasticity`, `friction`, `locationId`, `modelTableId`, `objectScale`, `physicsBitField`, `physicsTableId`, `motionTableId`, `soundTableId`, `physicsState`, `translucency`)
VALUES (2075774976, 'Life Stone', 268435456, 0, 0, 1, 16404, 0, 0, 0, 0, 0, 0, 9437232, 0, 100668245, 0, 0, 0, 0, 0, 0, 0, 0, 4, 0, 0, 0, 0, 0, 32, 2, 0, 0, 0, 0, 0, 0, 0, 0, 0, 33555182, 0, 100355, 0, 150994982, 536870932, 1040, 0);

INSERT INTO `ace_object` (`baseAceObjectId`, `weenieClassId`, `landblock`, `cell`, `posX`, `posY`, `posZ`, `qW`, `qX`, `qY`, `qZ`)
VALUES (2075774976, 509, 48029, 56, 155.176, 189.496, 36.65133, 0.90658, 0, 0, 0.422034);

INSERT INTO `base_ace_object` (`baseAceObjectId`, `name`, `typeId`, `paletteId`, `ammoType`, `blipColor`, `bitField`, `burden`, `combatUse`, `cooldownDuration`, `cooldownId`, `effects`, `containersCapacity`, `header`, `hookTypeId`, `iconId`, `iconOverlayId`, `iconUnderlayId`, `hookItemTypes`, `itemsCapacity`, `location`, `materialType`, `maxStackSize`, `maxStructure`, `radar`, `pscript`, `spellId`, `stackSize`, `structure`, `targetTypeId`, `usability`, `useRadius`, `validLocations`, `value`, `workmanship`, `animationFrameId`, `defaultScript`, `defaultScriptIntensity`, `elasticity`, `friction`, `locationId`, `modelTableId`, `objectScale`, `physicsBitField`, `physicsTableId`, `motionTableId`, `soundTableId`, `physicsState`, `translucency`)
VALUES (1880784931, 'Life Stone', 268435456, 0, 0, 1, 16404, 0, 0, 0, 0, 0, 0, 9437232, 0, 100668245, 0, 0, 0, 0, 0, 0, 0, 0, 4, 0, 0, 0, 0, 0, 32, 2, 0, 0, 0, 0, 0, 0, 0, 0, 0, 33555182, 0, 100355, 0, 150994982, 536870932, 1040, 0);

INSERT INTO `ace_object` (`baseAceObjectId`, `weenieClassId`, `landblock`, `cell`, `posX`, `posY`, `posZ`, `qW`, `qX`, `qY`, `qZ`)
VALUES (1880784931, 509, 424, 350, 40, -50, 0, 0.7071068, 0, 0, -0.7071068);

INSERT INTO `base_ace_object` (`baseAceObjectId`, `name`, `typeId`, `paletteId`, `ammoType`, `blipColor`, `bitField`, `burden`, `combatUse`, `cooldownDuration`, `cooldownId`, `effects`, `containersCapacity`, `header`, `hookTypeId`, `iconId`, `iconOverlayId`, `iconUnderlayId`, `hookItemTypes`, `itemsCapacity`, `location`, `materialType`, `maxStackSize`, `maxStructure`, `radar`, `pscript`, `spellId`, `stackSize`, `structure`, `targetTypeId`, `usability`, `useRadius`, `validLocations`, `value`, `workmanship`, `animationFrameId`, `defaultScript`, `defaultScriptIntensity`, `elasticity`, `friction`, `locationId`, `modelTableId`, `objectScale`, `physicsBitField`, `physicsTableId`, `motionTableId`, `soundTableId`, `physicsState`, `translucency`)
VALUES (1880784923, 'Life Stone', 268435456, 0, 0, 1, 16404, 0, 0, 0, 0, 0, 0, 9437232, 0, 100668245, 0, 0, 0, 0, 0, 0, 0, 0, 4, 0, 0, 0, 0, 0, 32, 2, 0, 0, 0, 0, 0, 0, 0, 0, 0, 33555182, 0, 100355, 0, 150994982, 536870932, 1040, 0);

INSERT INTO `ace_object` (`baseAceObjectId`, `weenieClassId`, `landblock`, `cell`, `posX`, `posY`, `posZ`, `qW`, `qX`, `qY`, `qZ`)
VALUES (1880784923, 509, 424, 337, 30, -80, 0, -0.7071068, 0, 0, -0.7071068);

INSERT INTO `base_ace_object` (`baseAceObjectId`, `name`, `typeId`, `paletteId`, `ammoType`, `blipColor`, `bitField`, `burden`, `combatUse`, `cooldownDuration`, `cooldownId`, `effects`, `containersCapacity`, `header`, `hookTypeId`, `iconId`, `iconOverlayId`, `iconUnderlayId`, `hookItemTypes`, `itemsCapacity`, `location`, `materialType`, `maxStackSize`, `maxStructure`, `radar`, `pscript`, `spellId`, `stackSize`, `structure`, `targetTypeId`, `usability`, `useRadius`, `validLocations`, `value`, `workmanship`, `animationFrameId`, `defaultScript`, `defaultScriptIntensity`, `elasticity`, `friction`, `locationId`, `modelTableId`, `objectScale`, `physicsBitField`, `physicsTableId`, `motionTableId`, `soundTableId`, `physicsState`, `translucency`)
VALUES (2043949056, 'Bind Stone', 268435456, 67113296, 0, 1, 134217748, 0, 0, 0, 0, 0, 0, 9437232, 0, 100671884, 0, 0, 0, 0, 0, 0, 0, 0, 4, 0, 0, 0, 0, 0, 32, 2, 0, 0, 0, 0, 0, 0, 0, 0, 0, 33558700, 0, 100355, 0, 150995296, 536870932, 1040, 0);

INSERT INTO `ace_object` (`baseAceObjectId`, `weenieClassId`, `landblock`, `cell`, `posX`, `posY`, `posZ`, `qW`, `qX`, `qY`, `qZ`)
VALUES (2043949056, 27547, 40259, 58, 187.625, 44.1554, 40, 0.8830346, 0, 0, -0.4693078);

INSERT INTO `ace_object_palette_changes` (`baseAceObjectId`, `subPaletteId`, `offset`, `length`)
VALUES (2043949056, 67115144, 0, 2048);

INSERT INTO `base_ace_object` (`baseAceObjectId`, `name`, `typeId`, `paletteId`, `ammoType`, `blipColor`, `bitField`, `burden`, `combatUse`, `cooldownDuration`, `cooldownId`, `effects`, `containersCapacity`, `header`, `hookTypeId`, `iconId`, `iconOverlayId`, `iconUnderlayId`, `hookItemTypes`, `itemsCapacity`, `location`, `materialType`, `maxStackSize`, `maxStructure`, `radar`, `pscript`, `spellId`, `stackSize`, `structure`, `targetTypeId`, `usability`, `useRadius`, `validLocations`, `value`, `workmanship`, `animationFrameId`, `defaultScript`, `defaultScriptIntensity`, `elasticity`, `friction`, `locationId`, `modelTableId`, `objectScale`, `physicsBitField`, `physicsTableId`, `motionTableId`, `soundTableId`, `physicsState`, `translucency`)
VALUES (2108416000, 'Life Stone', 268435456, 0, 0, 1, 16404, 0, 0, 0, 0, 0, 0, 9437232, 0, 100668245, 0, 0, 0, 0, 0, 0, 0, 0, 4, 0, 0, 0, 0, 0, 32, 2, 0, 0, 0, 0, 0, 0, 0, 0, 0, 33558189, 0, 100355, 0, 150995232, 536870932, 1040, 0);

INSERT INTO `ace_object` (`baseAceObjectId`, `weenieClassId`, `landblock`, `cell`, `posX`, `posY`, `posZ`, `qW`, `qX`, `qY`, `qZ`)
VALUES (2108416000, 23618, 55998, 50, 155.427, 37.3825, 2, 0.5596507, 0, 0, -0.8287286);

INSERT INTO `base_ace_object` (`baseAceObjectId`, `name`, `typeId`, `paletteId`, `ammoType`, `blipColor`, `bitField`, `burden`, `combatUse`, `cooldownDuration`, `cooldownId`, `effects`, `containersCapacity`, `header`, `hookTypeId`, `iconId`, `iconOverlayId`, `iconUnderlayId`, `hookItemTypes`, `itemsCapacity`, `location`, `materialType`, `maxStackSize`, `maxStructure`, `radar`, `pscript`, `spellId`, `stackSize`, `structure`, `targetTypeId`, `usability`, `useRadius`, `validLocations`, `value`, `workmanship`, `animationFrameId`, `defaultScript`, `defaultScriptIntensity`, `elasticity`, `friction`, `locationId`, `modelTableId`, `objectScale`, `physicsBitField`, `physicsTableId`, `motionTableId`, `soundTableId`, `physicsState`, `translucency`)
VALUES (2124664838, 'Life Stone', 268435456, 0, 0, 1, 16404, 0, 0, 0, 0, 0, 0, 9437232, 0, 100668245, 0, 0, 0, 0, 0, 0, 0, 0, 4, 0, 0, 0, 0, 0, 32, 2, 0, 0, 0, 0, 0, 0, 0, 0, 0, 33555182, 0, 100355, 0, 150994982, 536870932, 1040, 0);

INSERT INTO `ace_object` (`baseAceObjectId`, `weenieClassId`, `landblock`, `cell`, `posX`, `posY`, `posZ`, `qW`, `qX`, `qY`, `qZ`)
VALUES (2124664838, 509, 59965, 16, 30.032, 182.433, 78.50267, 0.9974003, 0, 0, -0.07206012);

INSERT INTO `base_ace_object` (`baseAceObjectId`, `name`, `typeId`, `paletteId`, `ammoType`, `blipColor`, `bitField`, `burden`, `combatUse`, `cooldownDuration`, `cooldownId`, `effects`, `containersCapacity`, `header`, `hookTypeId`, `iconId`, `iconOverlayId`, `iconUnderlayId`, `hookItemTypes`, `itemsCapacity`, `location`, `materialType`, `maxStackSize`, `maxStructure`, `radar`, `pscript`, `spellId`, `stackSize`, `structure`, `targetTypeId`, `usability`, `useRadius`, `validLocations`, `value`, `workmanship`, `animationFrameId`, `defaultScript`, `defaultScriptIntensity`, `elasticity`, `friction`, `locationId`, `modelTableId`, `objectScale`, `physicsBitField`, `physicsTableId`, `motionTableId`, `soundTableId`, `physicsState`, `translucency`)
VALUES (2096201728, 'Life Stone', 268435456, 0, 0, 1, 16404, 0, 0, 0, 0, 0, 0, 9437232, 0, 100668245, 0, 0, 0, 0, 0, 0, 0, 0, 4, 0, 0, 0, 0, 0, 32, 2, 0, 0, 0, 0, 0, 0, 0, 0, 0, 33555182, 0, 100355, 0, 150994982, 536870932, 1040, 0);

INSERT INTO `ace_object` (`baseAceObjectId`, `weenieClassId`, `landblock`, `cell`, `posX`, `posY`, `posZ`, `qW`, `qX`, `qY`, `qZ`)
VALUES (2096201728, 509, 53016, 7, 3.75656, 150.849, 0, 0.970543, 0, 0, -0.240928);

INSERT INTO `base_ace_object` (`baseAceObjectId`, `name`, `typeId`, `paletteId`, `ammoType`, `blipColor`, `bitField`, `burden`, `combatUse`, `cooldownDuration`, `cooldownId`, `effects`, `containersCapacity`, `header`, `hookTypeId`, `iconId`, `iconOverlayId`, `iconUnderlayId`, `hookItemTypes`, `itemsCapacity`, `location`, `materialType`, `maxStackSize`, `maxStructure`, `radar`, `pscript`, `spellId`, `stackSize`, `structure`, `targetTypeId`, `usability`, `useRadius`, `validLocations`, `value`, `workmanship`, `animationFrameId`, `defaultScript`, `defaultScriptIntensity`, `elasticity`, `friction`, `locationId`, `modelTableId`, `objectScale`, `physicsBitField`, `physicsTableId`, `motionTableId`, `soundTableId`, `physicsState`, `translucency`)
VALUES (2076299264, 'Life Stone', 268435456, 0, 0, 1, 16404, 0, 0, 0, 0, 0, 0, 9437232, 0, 100668245, 0, 0, 0, 0, 0, 0, 0, 0, 4, 0, 0, 0, 0, 0, 32, 2, 0, 0, 0, 0, 0, 0, 0, 0, 0, 33555182, 0, 100355, 0, 150994982, 536870932, 1040, 0);

INSERT INTO `ace_object` (`baseAceObjectId`, `weenieClassId`, `landblock`, `cell`, `posX`, `posY`, `posZ`, `qW`, `qX`, `qY`, `qZ`)
VALUES (2076299264, 509, 48157, 9, 45.745, 5.54324, 0, -0.7870057, 0, 0, 0.6169457);

INSERT INTO `base_ace_object` (`baseAceObjectId`, `name`, `typeId`, `paletteId`, `ammoType`, `blipColor`, `bitField`, `burden`, `combatUse`, `cooldownDuration`, `cooldownId`, `effects`, `containersCapacity`, `header`, `hookTypeId`, `iconId`, `iconOverlayId`, `iconUnderlayId`, `hookItemTypes`, `itemsCapacity`, `location`, `materialType`, `maxStackSize`, `maxStructure`, `radar`, `pscript`, `spellId`, `stackSize`, `structure`, `targetTypeId`, `usability`, `useRadius`, `validLocations`, `value`, `workmanship`, `animationFrameId`, `defaultScript`, `defaultScriptIntensity`, `elasticity`, `friction`, `locationId`, `modelTableId`, `objectScale`, `physicsBitField`, `physicsTableId`, `motionTableId`, `soundTableId`, `physicsState`, `translucency`)
VALUES (1944731649, 'Life Stone', 268435456, 0, 0, 1, 16404, 0, 0, 0, 0, 0, 0, 9437232, 0, 100668245, 0, 0, 0, 0, 0, 0, 0, 0, 4, 0, 0, 0, 0, 0, 32, 2, 0, 0, 0, 0, 0, 0, 0, 0, 0, 33555182, 0, 100355, 0, 150994982, 536870932, 1040, 0);

INSERT INTO `ace_object` (`baseAceObjectId`, `weenieClassId`, `landblock`, `cell`, `posX`, `posY`, `posZ`, `qW`, `qX`, `qY`, `qZ`)
VALUES (1944731649, 509, 16036, 10, 35.8113, 38.1398, 0, 0.946879, 0, 0, -0.32159);

INSERT INTO `base_ace_object` (`baseAceObjectId`, `name`, `typeId`, `paletteId`, `ammoType`, `blipColor`, `bitField`, `burden`, `combatUse`, `cooldownDuration`, `cooldownId`, `effects`, `containersCapacity`, `header`, `hookTypeId`, `iconId`, `iconOverlayId`, `iconUnderlayId`, `hookItemTypes`, `itemsCapacity`, `location`, `materialType`, `maxStackSize`, `maxStructure`, `radar`, `pscript`, `spellId`, `stackSize`, `structure`, `targetTypeId`, `usability`, `useRadius`, `validLocations`, `value`, `workmanship`, `animationFrameId`, `defaultScript`, `defaultScriptIntensity`, `elasticity`, `friction`, `locationId`, `modelTableId`, `objectScale`, `physicsBitField`, `physicsTableId`, `motionTableId`, `soundTableId`, `physicsState`, `translucency`)
VALUES (1954242560, 'Life Stone', 268435456, 0, 0, 1, 16404, 0, 0, 0, 0, 0, 0, 9437232, 0, 100668245, 0, 0, 0, 0, 0, 0, 0, 0, 4, 0, 0, 0, 0, 0, 32, 2, 0, 0, 0, 0, 0, 0, 0, 0, 0, 33555182, 0, 100355, 0, 150994982, 536870932, 1040, 0);

INSERT INTO `ace_object` (`baseAceObjectId`, `weenieClassId`, `landblock`, `cell`, `posX`, `posY`, `posZ`, `qW`, `qX`, `qY`, `qZ`)
VALUES (1954242560, 509, 18358, 18, 51.1636, 43.975, 128.0718, 0.4358691, 0, 0, -0.9000101);

INSERT INTO `base_ace_object` (`baseAceObjectId`, `name`, `typeId`, `paletteId`, `ammoType`, `blipColor`, `bitField`, `burden`, `combatUse`, `cooldownDuration`, `cooldownId`, `effects`, `containersCapacity`, `header`, `hookTypeId`, `iconId`, `iconOverlayId`, `iconUnderlayId`, `hookItemTypes`, `itemsCapacity`, `location`, `materialType`, `maxStackSize`, `maxStructure`, `radar`, `pscript`, `spellId`, `stackSize`, `structure`, `targetTypeId`, `usability`, `useRadius`, `validLocations`, `value`, `workmanship`, `animationFrameId`, `defaultScript`, `defaultScriptIntensity`, `elasticity`, `friction`, `locationId`, `modelTableId`, `objectScale`, `physicsBitField`, `physicsTableId`, `motionTableId`, `soundTableId`, `physicsState`, `translucency`)
VALUES (1975218179, 'Life Stone', 268435456, 0, 0, 1, 16404, 0, 0, 0, 0, 0, 0, 9437232, 0, 100668245, 0, 0, 0, 0, 0, 0, 0, 0, 4, 0, 0, 0, 0, 0, 32, 2, 0, 0, 0, 0, 0, 0, 0, 0, 0, 33555182, 0, 100355, 0, 150994982, 536870932, 1040, 0);

INSERT INTO `ace_object` (`baseAceObjectId`, `weenieClassId`, `landblock`, `cell`, `posX`, `posY`, `posZ`, `qW`, `qX`, `qY`, `qZ`)
VALUES (1975218179, 509, 23479, 44, 128.343, 77.0408, -0.1, -0.9578022, 0, 0, -0.2874281);

INSERT INTO `base_ace_object` (`baseAceObjectId`, `name`, `typeId`, `paletteId`, `ammoType`, `blipColor`, `bitField`, `burden`, `combatUse`, `cooldownDuration`, `cooldownId`, `effects`, `containersCapacity`, `header`, `hookTypeId`, `iconId`, `iconOverlayId`, `iconUnderlayId`, `hookItemTypes`, `itemsCapacity`, `location`, `materialType`, `maxStackSize`, `maxStructure`, `radar`, `pscript`, `spellId`, `stackSize`, `structure`, `targetTypeId`, `usability`, `useRadius`, `validLocations`, `value`, `workmanship`, `animationFrameId`, `defaultScript`, `defaultScriptIntensity`, `elasticity`, `friction`, `locationId`, `modelTableId`, `objectScale`, `physicsBitField`, `physicsTableId`, `motionTableId`, `soundTableId`, `physicsState`, `translucency`)
VALUES (1976475650, 'Life Stone', 268435456, 0, 0, 1, 16404, 0, 0, 0, 0, 0, 0, 9437232, 0, 100668245, 0, 0, 0, 0, 0, 0, 0, 0, 4, 0, 0, 0, 0, 0, 32, 2, 0, 0, 0, 0, 0, 0, 0, 0, 0, 33555182, 0, 100355, 0, 150994982, 536870932, 1040, 0);

INSERT INTO `ace_object` (`baseAceObjectId`, `weenieClassId`, `landblock`, `cell`, `posX`, `posY`, `posZ`, `qW`, `qX`, `qY`, `qZ`)
VALUES (1976475650, 509, 23786, 56, 149.82, 183.906, -0.45, 0.8994168, 0, 0, 0.4370919);

INSERT INTO `base_ace_object` (`baseAceObjectId`, `name`, `typeId`, `paletteId`, `ammoType`, `blipColor`, `bitField`, `burden`, `combatUse`, `cooldownDuration`, `cooldownId`, `effects`, `containersCapacity`, `header`, `hookTypeId`, `iconId`, `iconOverlayId`, `iconUnderlayId`, `hookItemTypes`, `itemsCapacity`, `location`, `materialType`, `maxStackSize`, `maxStructure`, `radar`, `pscript`, `spellId`, `stackSize`, `structure`, `targetTypeId`, `usability`, `useRadius`, `validLocations`, `value`, `workmanship`, `animationFrameId`, `defaultScript`, `defaultScriptIntensity`, `elasticity`, `friction`, `locationId`, `modelTableId`, `objectScale`, `physicsBitField`, `physicsTableId`, `motionTableId`, `soundTableId`, `physicsState`, `translucency`)
VALUES (2023702528, 'Life Stone', 268435456, 0, 0, 1, 16404, 0, 0, 0, 0, 0, 0, 9437232, 0, 100668245, 0, 0, 0, 0, 0, 0, 0, 0, 4, 0, 0, 0, 0, 0, 32, 2, 0, 0, 0, 0, 0, 0, 0, 0, 0, 33555182, 0, 100355, 0, 150994982, 536870932, 1040, 0);

INSERT INTO `ace_object` (`baseAceObjectId`, `weenieClassId`, `landblock`, `cell`, `posX`, `posY`, `posZ`, `qW`, `qX`, `qY`, `qZ`)
VALUES (2023702528, 509, 35316, 5, 15.0139, 111.919, 6, -0.4314411, 0, 0, -0.9021411);

INSERT INTO `base_ace_object` (`baseAceObjectId`, `name`, `typeId`, `paletteId`, `ammoType`, `blipColor`, `bitField`, `burden`, `combatUse`, `cooldownDuration`, `cooldownId`, `effects`, `containersCapacity`, `header`, `hookTypeId`, `iconId`, `iconOverlayId`, `iconUnderlayId`, `hookItemTypes`, `itemsCapacity`, `location`, `materialType`, `maxStackSize`, `maxStructure`, `radar`, `pscript`, `spellId`, `stackSize`, `structure`, `targetTypeId`, `usability`, `useRadius`, `validLocations`, `value`, `workmanship`, `animationFrameId`, `defaultScript`, `defaultScriptIntensity`, `elasticity`, `friction`, `locationId`, `modelTableId`, `objectScale`, `physicsBitField`, `physicsTableId`, `motionTableId`, `soundTableId`, `physicsState`, `translucency`)
VALUES (2094620673, 'Life Stone', 268435456, 0, 0, 1, 16404, 0, 0, 0, 0, 0, 0, 9437232, 0, 100668245, 0, 0, 0, 0, 0, 0, 0, 0, 4, 0, 0, 0, 0, 0, 32, 2, 0, 0, 0, 0, 0, 0, 0, 0, 0, 33555182, 0, 100355, 0, 150994982, 536870932, 1040, 0);

INSERT INTO `ace_object` (`baseAceObjectId`, `weenieClassId`, `landblock`, `cell`, `posX`, `posY`, `posZ`, `qW`, `qX`, `qY`, `qZ`)
VALUES (2094620673, 509, 52630, 62, 173.669, 127.184, 19.52758, 0.4890499, 0, 0, -0.8722558);

INSERT INTO `base_ace_object` (`baseAceObjectId`, `name`, `typeId`, `paletteId`, `ammoType`, `blipColor`, `bitField`, `burden`, `combatUse`, `cooldownDuration`, `cooldownId`, `effects`, `containersCapacity`, `header`, `hookTypeId`, `iconId`, `iconOverlayId`, `iconUnderlayId`, `hookItemTypes`, `itemsCapacity`, `location`, `materialType`, `maxStackSize`, `maxStructure`, `radar`, `pscript`, `spellId`, `stackSize`, `structure`, `targetTypeId`, `usability`, `useRadius`, `validLocations`, `value`, `workmanship`, `animationFrameId`, `defaultScript`, `defaultScriptIntensity`, `elasticity`, `friction`, `locationId`, `modelTableId`, `objectScale`, `physicsBitField`, `physicsTableId`, `motionTableId`, `soundTableId`, `physicsState`, `translucency`)
VALUES (2059087876, 'Life Stone', 268435456, 0, 0, 1, 16404, 0, 0, 0, 0, 0, 0, 9437232, 0, 100668245, 0, 0, 0, 0, 0, 0, 0, 0, 4, 0, 0, 0, 0, 0, 32, 2, 0, 0, 0, 0, 0, 0, 0, 0, 0, 33555182, 0, 100355, 0, 150994982, 536870932, 1040, 0);

INSERT INTO `ace_object` (`baseAceObjectId`, `weenieClassId`, `landblock`, `cell`, `posX`, `posY`, `posZ`, `qW`, `qX`, `qY`, `qZ`)
VALUES (2059087876, 509, 43955, 8, 17.9975, 185.42, 57.49979, 0.9473121, 0, 0, -0.320312);

INSERT INTO `base_ace_object` (`baseAceObjectId`, `name`, `typeId`, `paletteId`, `ammoType`, `blipColor`, `bitField`, `burden`, `combatUse`, `cooldownDuration`, `cooldownId`, `effects`, `containersCapacity`, `header`, `hookTypeId`, `iconId`, `iconOverlayId`, `iconUnderlayId`, `hookItemTypes`, `itemsCapacity`, `location`, `materialType`, `maxStackSize`, `maxStructure`, `radar`, `pscript`, `spellId`, `stackSize`, `structure`, `targetTypeId`, `usability`, `useRadius`, `validLocations`, `value`, `workmanship`, `animationFrameId`, `defaultScript`, `defaultScriptIntensity`, `elasticity`, `friction`, `locationId`, `modelTableId`, `objectScale`, `physicsBitField`, `physicsTableId`, `motionTableId`, `soundTableId`, `physicsState`, `translucency`)
VALUES (2089259008, 'Life Stone', 268435456, 0, 0, 1, 16404, 0, 0, 0, 0, 0, 0, 9437232, 0, 100668245, 0, 0, 0, 0, 0, 0, 0, 0, 4, 0, 0, 0, 0, 0, 32, 2, 0, 0, 0, 0, 0, 0, 0, 0, 0, 33555182, 0, 100355, 0, 150994982, 536870932, 1040, 0);

INSERT INTO `ace_object` (`baseAceObjectId`, `weenieClassId`, `landblock`, `cell`, `posX`, `posY`, `posZ`, `qW`, `qX`, `qY`, `qZ`)
VALUES (2089259008, 509, 51321, 257, 60, 38, 22, 1, 0, 0, 0);

INSERT INTO `base_ace_object` (`baseAceObjectId`, `name`, `typeId`, `paletteId`, `ammoType`, `blipColor`, `bitField`, `burden`, `combatUse`, `cooldownDuration`, `cooldownId`, `effects`, `containersCapacity`, `header`, `hookTypeId`, `iconId`, `iconOverlayId`, `iconUnderlayId`, `hookItemTypes`, `itemsCapacity`, `location`, `materialType`, `maxStackSize`, `maxStructure`, `radar`, `pscript`, `spellId`, `stackSize`, `structure`, `targetTypeId`, `usability`, `useRadius`, `validLocations`, `value`, `workmanship`, `animationFrameId`, `defaultScript`, `defaultScriptIntensity`, `elasticity`, `friction`, `locationId`, `modelTableId`, `objectScale`, `physicsBitField`, `physicsTableId`, `motionTableId`, `soundTableId`, `physicsState`, `translucency`)
VALUES (2027954184, 'Life Stone', 268435456, 0, 0, 1, 16404, 0, 0, 0, 0, 0, 0, 9437232, 0, 100668245, 0, 0, 0, 0, 0, 0, 0, 0, 4, 0, 0, 0, 0, 0, 32, 2, 0, 0, 0, 0, 0, 0, 0, 0, 0, 33555182, 0, 100355, 0, 150994982, 536870932, 1040, 0);

INSERT INTO `ace_object` (`baseAceObjectId`, `weenieClassId`, `landblock`, `cell`, `posX`, `posY`, `posZ`, `qW`, `qX`, `qY`, `qZ`)
VALUES (2027954184, 509, 36354, 308, 120, -160, -6, 0.020795, 0, 0, 0.9997838);

INSERT INTO `base_ace_object` (`baseAceObjectId`, `name`, `typeId`, `paletteId`, `ammoType`, `blipColor`, `bitField`, `burden`, `combatUse`, `cooldownDuration`, `cooldownId`, `effects`, `containersCapacity`, `header`, `hookTypeId`, `iconId`, `iconOverlayId`, `iconUnderlayId`, `hookItemTypes`, `itemsCapacity`, `location`, `materialType`, `maxStackSize`, `maxStructure`, `radar`, `pscript`, `spellId`, `stackSize`, `structure`, `targetTypeId`, `usability`, `useRadius`, `validLocations`, `value`, `workmanship`, `animationFrameId`, `defaultScript`, `defaultScriptIntensity`, `elasticity`, `friction`, `locationId`, `modelTableId`, `objectScale`, `physicsBitField`, `physicsTableId`, `motionTableId`, `soundTableId`, `physicsState`, `translucency`)
VALUES (3621494167, 'Radiant Blood Banner', 268435456, 0, 0, 0, 20, 0, 0, 0, 0, 0, 0, 8388624, 0, 100689890, 0, 0, 0, 0, 0, 0, 0, 0, 1, 0, 0, 0, 0, 0, 1, 0, 0, 0, 0, 0, 0, 0, 0, 0, 0, 33560564, 0, 34817, 0, 0, 536870932, 1040, 0);

INSERT INTO `ace_object` (`baseAceObjectId`, `weenieClassId`, `landblock`, `cell`, `posX`, `posY`, `posZ`, `qW`, `qX`, `qY`, `qZ`)
VALUES (3621494167, 38055, 35331, 691, 359.3761, -158.836, 0, -0.9238795, 0, 0, -0.3826835);

INSERT INTO `base_ace_object` (`baseAceObjectId`, `name`, `typeId`, `paletteId`, `ammoType`, `blipColor`, `bitField`, `burden`, `combatUse`, `cooldownDuration`, `cooldownId`, `effects`, `containersCapacity`, `header`, `hookTypeId`, `iconId`, `iconOverlayId`, `iconUnderlayId`, `hookItemTypes`, `itemsCapacity`, `location`, `materialType`, `maxStackSize`, `maxStructure`, `radar`, `pscript`, `spellId`, `stackSize`, `structure`, `targetTypeId`, `usability`, `useRadius`, `validLocations`, `value`, `workmanship`, `animationFrameId`, `defaultScript`, `defaultScriptIntensity`, `elasticity`, `friction`, `locationId`, `modelTableId`, `objectScale`, `physicsBitField`, `physicsTableId`, `motionTableId`, `soundTableId`, `physicsState`, `translucency`)
VALUES (3619971446, 'Radiant Blood Banner', 268435456, 0, 0, 0, 20, 0, 0, 0, 0, 0, 0, 8388624, 0, 100689890, 0, 0, 0, 0, 0, 0, 0, 0, 1, 0, 0, 0, 0, 0, 1, 0, 0, 0, 0, 0, 0, 0, 0, 0, 0, 33560564, 0, 34817, 0, 0, 536870932, 1040, 0);

INSERT INTO `ace_object` (`baseAceObjectId`, `weenieClassId`, `landblock`, `cell`, `posX`, `posY`, `posZ`, `qW`, `qX`, `qY`, `qZ`)
VALUES (3619971446, 38055, 35331, 648, 341.1772, -159.3926, 0, 0.9238795, 0, 0, -0.3826835);

INSERT INTO `base_ace_object` (`baseAceObjectId`, `name`, `typeId`, `paletteId`, `ammoType`, `blipColor`, `bitField`, `burden`, `combatUse`, `cooldownDuration`, `cooldownId`, `effects`, `containersCapacity`, `header`, `hookTypeId`, `iconId`, `iconOverlayId`, `iconUnderlayId`, `hookItemTypes`, `itemsCapacity`, `location`, `materialType`, `maxStackSize`, `maxStructure`, `radar`, `pscript`, `spellId`, `stackSize`, `structure`, `targetTypeId`, `usability`, `useRadius`, `validLocations`, `value`, `workmanship`, `animationFrameId`, `defaultScript`, `defaultScriptIntensity`, `elasticity`, `friction`, `locationId`, `modelTableId`, `objectScale`, `physicsBitField`, `physicsTableId`, `motionTableId`, `soundTableId`, `physicsState`, `translucency`)
VALUES (2017198080, 'Life Stone', 268435456, 0, 0, 1, 16404, 0, 0, 0, 0, 0, 0, 9437232, 0, 100668245, 0, 0, 0, 0, 0, 0, 0, 0, 4, 0, 0, 0, 0, 0, 32, 2, 0, 0, 0, 0, 0, 0, 0, 0, 0, 33555182, 0, 100355, 0, 150994982, 536870932, 1040, 0);

INSERT INTO `ace_object` (`baseAceObjectId`, `weenieClassId`, `landblock`, `cell`, `posX`, `posY`, `posZ`, `qW`, `qX`, `qY`, `qZ`)
VALUES (2017198080, 509, 33728, 21, 51.4617, 108.444, 298, -0.9994532, 0, 0, 0.03306401);

INSERT INTO `base_ace_object` (`baseAceObjectId`, `name`, `typeId`, `paletteId`, `ammoType`, `blipColor`, `bitField`, `burden`, `combatUse`, `cooldownDuration`, `cooldownId`, `effects`, `containersCapacity`, `header`, `hookTypeId`, `iconId`, `iconOverlayId`, `iconUnderlayId`, `hookItemTypes`, `itemsCapacity`, `location`, `materialType`, `maxStackSize`, `maxStructure`, `radar`, `pscript`, `spellId`, `stackSize`, `structure`, `targetTypeId`, `usability`, `useRadius`, `validLocations`, `value`, `workmanship`, `animationFrameId`, `defaultScript`, `defaultScriptIntensity`, `elasticity`, `friction`, `locationId`, `modelTableId`, `objectScale`, `physicsBitField`, `physicsTableId`, `motionTableId`, `soundTableId`, `physicsState`, `translucency`)
VALUES (2029723648, 'Life Stone', 268435456, 0, 0, 1, 16404, 0, 0, 0, 0, 0, 0, 9437232, 0, 100668245, 0, 0, 0, 0, 0, 0, 0, 0, 4, 0, 0, 0, 0, 0, 32, 2, 0, 0, 0, 0, 0, 0, 0, 0, 0, 33558189, 0, 100355, 0, 150995232, 536870932, 1040, 0);

INSERT INTO `ace_object` (`baseAceObjectId`, `weenieClassId`, `landblock`, `cell`, `posX`, `posY`, `posZ`, `qW`, `qX`, `qY`, `qZ`)
VALUES (2029723648, 23618, 36786, 2, 5.97046, 34.9042, 58, 0.007458071, 0, 0, 0.9999722);

INSERT INTO `base_ace_object` (`baseAceObjectId`, `name`, `typeId`, `paletteId`, `ammoType`, `blipColor`, `bitField`, `burden`, `combatUse`, `cooldownDuration`, `cooldownId`, `effects`, `containersCapacity`, `header`, `hookTypeId`, `iconId`, `iconOverlayId`, `iconUnderlayId`, `hookItemTypes`, `itemsCapacity`, `location`, `materialType`, `maxStackSize`, `maxStructure`, `radar`, `pscript`, `spellId`, `stackSize`, `structure`, `targetTypeId`, `usability`, `useRadius`, `validLocations`, `value`, `workmanship`, `animationFrameId`, `defaultScript`, `defaultScriptIntensity`, `elasticity`, `friction`, `locationId`, `modelTableId`, `objectScale`, `physicsBitField`, `physicsTableId`, `motionTableId`, `soundTableId`, `physicsState`, `translucency`)
VALUES (1945305088, 'Life Stone', 268435456, 0, 0, 1, 16404, 0, 0, 0, 0, 0, 0, 9437232, 0, 100668245, 0, 0, 0, 0, 0, 0, 0, 0, 4, 0, 0, 0, 0, 0, 32, 2, 0, 0, 0, 0, 0, 0, 0, 0, 0, 33555182, 0, 100355, 0, 150994982, 536870932, 1040, 0);

INSERT INTO `ace_object` (`baseAceObjectId`, `weenieClassId`, `landblock`, `cell`, `posX`, `posY`, `posZ`, `qW`, `qX`, `qY`, `qZ`)
VALUES (1945305088, 509, 16176, 8, 1.96011, 187.743, -0.1, -0.1590571, 0, 0, -0.9872694);

INSERT INTO `base_ace_object` (`baseAceObjectId`, `name`, `typeId`, `paletteId`, `ammoType`, `blipColor`, `bitField`, `burden`, `combatUse`, `cooldownDuration`, `cooldownId`, `effects`, `containersCapacity`, `header`, `hookTypeId`, `iconId`, `iconOverlayId`, `iconUnderlayId`, `hookItemTypes`, `itemsCapacity`, `location`, `materialType`, `maxStackSize`, `maxStructure`, `radar`, `pscript`, `spellId`, `stackSize`, `structure`, `targetTypeId`, `usability`, `useRadius`, `validLocations`, `value`, `workmanship`, `animationFrameId`, `defaultScript`, `defaultScriptIntensity`, `elasticity`, `friction`, `locationId`, `modelTableId`, `objectScale`, `physicsBitField`, `physicsTableId`, `motionTableId`, `soundTableId`, `physicsState`, `translucency`)
VALUES (1998598152, 'Life Stone', 268435456, 0, 0, 1, 16404, 0, 0, 0, 0, 0, 0, 9437232, 0, 100668245, 0, 0, 0, 0, 0, 0, 0, 0, 4, 0, 0, 0, 0, 0, 32, 2, 0, 0, 0, 0, 0, 0, 0, 0, 0, 33555182, 0, 100355, 0, 150994982, 536870932, 1040, 0);

INSERT INTO `ace_object` (`baseAceObjectId`, `weenieClassId`, `landblock`, `cell`, `posX`, `posY`, `posZ`, `qW`, `qX`, `qY`, `qZ`)
VALUES (1998598152, 509, 29187, 308, 120, -160, -6, 0.020795, 0, 0, 0.9997838);

INSERT INTO `base_ace_object` (`baseAceObjectId`, `name`, `typeId`, `paletteId`, `ammoType`, `blipColor`, `bitField`, `burden`, `combatUse`, `cooldownDuration`, `cooldownId`, `effects`, `containersCapacity`, `header`, `hookTypeId`, `iconId`, `iconOverlayId`, `iconUnderlayId`, `hookItemTypes`, `itemsCapacity`, `location`, `materialType`, `maxStackSize`, `maxStructure`, `radar`, `pscript`, `spellId`, `stackSize`, `structure`, `targetTypeId`, `usability`, `useRadius`, `validLocations`, `value`, `workmanship`, `animationFrameId`, `defaultScript`, `defaultScriptIntensity`, `elasticity`, `friction`, `locationId`, `modelTableId`, `objectScale`, `physicsBitField`, `physicsTableId`, `motionTableId`, `soundTableId`, `physicsState`, `translucency`)
VALUES (1914281984, 'Life Stone', 268435456, 0, 0, 1, 16404, 0, 0, 0, 0, 0, 0, 9437232, 0, 100668245, 0, 0, 0, 0, 0, 0, 0, 0, 4, 0, 0, 0, 0, 0, 32, 2, 0, 0, 0, 0, 0, 0, 0, 0, 0, 33558189, 0, 100355, 0, 150995232, 536870932, 1040, 0);

INSERT INTO `ace_object` (`baseAceObjectId`, `weenieClassId`, `landblock`, `cell`, `posX`, `posY`, `posZ`, `qW`, `qX`, `qY`, `qZ`)
VALUES (1914281984, 23618, 8602, 28, 84.7968, 84.2645, 30, 0.7082194, 0, 0, 0.7059924);

INSERT INTO `base_ace_object` (`baseAceObjectId`, `name`, `typeId`, `paletteId`, `ammoType`, `blipColor`, `bitField`, `burden`, `combatUse`, `cooldownDuration`, `cooldownId`, `effects`, `containersCapacity`, `header`, `hookTypeId`, `iconId`, `iconOverlayId`, `iconUnderlayId`, `hookItemTypes`, `itemsCapacity`, `location`, `materialType`, `maxStackSize`, `maxStructure`, `radar`, `pscript`, `spellId`, `stackSize`, `structure`, `targetTypeId`, `usability`, `useRadius`, `validLocations`, `value`, `workmanship`, `animationFrameId`, `defaultScript`, `defaultScriptIntensity`, `elasticity`, `friction`, `locationId`, `modelTableId`, `objectScale`, `physicsBitField`, `physicsTableId`, `motionTableId`, `soundTableId`, `physicsState`, `translucency`)
VALUES (2019635200, 'Life Stone', 268435456, 0, 0, 1, 16404, 0, 0, 0, 0, 0, 0, 9437232, 0, 100668245, 0, 0, 0, 0, 0, 0, 0, 0, 4, 0, 0, 0, 0, 0, 32, 2, 0, 0, 0, 0, 0, 0, 0, 0, 0, 33555182, 0, 100355, 0, 150994982, 536870932, 1040, 0);

INSERT INTO `ace_object` (`baseAceObjectId`, `weenieClassId`, `landblock`, `cell`, `posX`, `posY`, `posZ`, `qW`, `qX`, `qY`, `qZ`)
VALUES (2019635200, 509, 34323, 19, 48.5877, 64.8509, 262, 0.9469822, 0, 0, -0.3212861);

INSERT INTO `base_ace_object` (`baseAceObjectId`, `name`, `typeId`, `paletteId`, `ammoType`, `blipColor`, `bitField`, `burden`, `combatUse`, `cooldownDuration`, `cooldownId`, `effects`, `containersCapacity`, `header`, `hookTypeId`, `iconId`, `iconOverlayId`, `iconUnderlayId`, `hookItemTypes`, `itemsCapacity`, `location`, `materialType`, `maxStackSize`, `maxStructure`, `radar`, `pscript`, `spellId`, `stackSize`, `structure`, `targetTypeId`, `usability`, `useRadius`, `validLocations`, `value`, `workmanship`, `animationFrameId`, `defaultScript`, `defaultScriptIntensity`, `elasticity`, `friction`, `locationId`, `modelTableId`, `objectScale`, `physicsBitField`, `physicsTableId`, `motionTableId`, `soundTableId`, `physicsState`, `translucency`)
VALUES (2056978437, 'Life Stone', 268435456, 0, 0, 1, 16404, 0, 0, 0, 0, 0, 0, 9437232, 0, 100668245, 0, 0, 0, 0, 0, 0, 0, 0, 4, 0, 0, 0, 0, 0, 32, 2, 0, 0, 0, 0, 0, 0, 0, 0, 0, 33555182, 0, 100355, 0, 150994982, 536870932, 1040, 0);

INSERT INTO `ace_object` (`baseAceObjectId`, `weenieClassId`, `landblock`, `cell`, `posX`, `posY`, `posZ`, `qW`, `qX`, `qY`, `qZ`)
VALUES (2056978437, 509, 43440, 7, 21.5862, 146.569, 58, -0.8248909, 0, 0, -0.5652919);

INSERT INTO `base_ace_object` (`baseAceObjectId`, `name`, `typeId`, `paletteId`, `ammoType`, `blipColor`, `bitField`, `burden`, `combatUse`, `cooldownDuration`, `cooldownId`, `effects`, `containersCapacity`, `header`, `hookTypeId`, `iconId`, `iconOverlayId`, `iconUnderlayId`, `hookItemTypes`, `itemsCapacity`, `location`, `materialType`, `maxStackSize`, `maxStructure`, `radar`, `pscript`, `spellId`, `stackSize`, `structure`, `targetTypeId`, `usability`, `useRadius`, `validLocations`, `value`, `workmanship`, `animationFrameId`, `defaultScript`, `defaultScriptIntensity`, `elasticity`, `friction`, `locationId`, `modelTableId`, `objectScale`, `physicsBitField`, `physicsTableId`, `motionTableId`, `soundTableId`, `physicsState`, `translucency`)
VALUES (1926619136, 'Life Stone', 268435456, 0, 0, 1, 16404, 0, 0, 0, 0, 0, 0, 9437232, 0, 100668245, 0, 0, 0, 0, 0, 0, 0, 0, 4, 0, 0, 0, 0, 0, 32, 2, 0, 0, 0, 0, 0, 0, 0, 0, 0, 33555182, 0, 100355, 0, 150994982, 536870932, 1040, 0);

INSERT INTO `ace_object` (`baseAceObjectId`, `weenieClassId`, `landblock`, `cell`, `posX`, `posY`, `posZ`, `qW`, `qX`, `qY`, `qZ`)
VALUES (1926619136, 509, 11614, 30, 90.8957, 125.598, 4, -0.06338452, 0, 0, 0.9979892);

INSERT INTO `base_ace_object` (`baseAceObjectId`, `name`, `typeId`, `paletteId`, `ammoType`, `blipColor`, `bitField`, `burden`, `combatUse`, `cooldownDuration`, `cooldownId`, `effects`, `containersCapacity`, `header`, `hookTypeId`, `iconId`, `iconOverlayId`, `iconUnderlayId`, `hookItemTypes`, `itemsCapacity`, `location`, `materialType`, `maxStackSize`, `maxStructure`, `radar`, `pscript`, `spellId`, `stackSize`, `structure`, `targetTypeId`, `usability`, `useRadius`, `validLocations`, `value`, `workmanship`, `animationFrameId`, `defaultScript`, `defaultScriptIntensity`, `elasticity`, `friction`, `locationId`, `modelTableId`, `objectScale`, `physicsBitField`, `physicsTableId`, `motionTableId`, `soundTableId`, `physicsState`, `translucency`)
VALUES (2019569672, 'Life Stone', 268435456, 0, 0, 1, 16404, 0, 0, 0, 0, 0, 0, 9437232, 0, 100668245, 0, 0, 0, 0, 0, 0, 0, 0, 4, 0, 0, 0, 0, 0, 32, 2, 0, 0, 0, 0, 0, 0, 0, 0, 0, 33555182, 0, 100355, 0, 150994982, 536870932, 1040, 0);

INSERT INTO `ace_object` (`baseAceObjectId`, `weenieClassId`, `landblock`, `cell`, `posX`, `posY`, `posZ`, `qW`, `qX`, `qY`, `qZ`)
VALUES (2019569672, 509, 34307, 308, 120, -160, -6, 0.020795, 0, 0, 0.9997838);

INSERT INTO `base_ace_object` (`baseAceObjectId`, `name`, `typeId`, `paletteId`, `ammoType`, `blipColor`, `bitField`, `burden`, `combatUse`, `cooldownDuration`, `cooldownId`, `effects`, `containersCapacity`, `header`, `hookTypeId`, `iconId`, `iconOverlayId`, `iconUnderlayId`, `hookItemTypes`, `itemsCapacity`, `location`, `materialType`, `maxStackSize`, `maxStructure`, `radar`, `pscript`, `spellId`, `stackSize`, `structure`, `targetTypeId`, `usability`, `useRadius`, `validLocations`, `value`, `workmanship`, `animationFrameId`, `defaultScript`, `defaultScriptIntensity`, `elasticity`, `friction`, `locationId`, `modelTableId`, `objectScale`, `physicsBitField`, `physicsTableId`, `motionTableId`, `soundTableId`, `physicsState`, `translucency`)
VALUES (2070618112, 'Life Stone', 268435456, 0, 0, 1, 16404, 0, 0, 0, 0, 0, 0, 9437232, 0, 100668245, 0, 0, 0, 0, 0, 0, 0, 0, 4, 0, 0, 0, 0, 0, 32, 2, 0, 0, 0, 0, 0, 0, 0, 0, 0, 33555182, 0, 100355, 0, 150994982, 536870932, 1040, 0);

INSERT INTO `ace_object` (`baseAceObjectId`, `weenieClassId`, `landblock`, `cell`, `posX`, `posY`, `posZ`, `qW`, `qX`, `qY`, `qZ`)
VALUES (2070618112, 509, 46770, 257, 132, 110, 82, 0.7071068, 0, 0, -0.7071068);

INSERT INTO `base_ace_object` (`baseAceObjectId`, `name`, `typeId`, `paletteId`, `ammoType`, `blipColor`, `bitField`, `burden`, `combatUse`, `cooldownDuration`, `cooldownId`, `effects`, `containersCapacity`, `header`, `hookTypeId`, `iconId`, `iconOverlayId`, `iconUnderlayId`, `hookItemTypes`, `itemsCapacity`, `location`, `materialType`, `maxStackSize`, `maxStructure`, `radar`, `pscript`, `spellId`, `stackSize`, `structure`, `targetTypeId`, `usability`, `useRadius`, `validLocations`, `value`, `workmanship`, `animationFrameId`, `defaultScript`, `defaultScriptIntensity`, `elasticity`, `friction`, `locationId`, `modelTableId`, `objectScale`, `physicsBitField`, `physicsTableId`, `motionTableId`, `soundTableId`, `physicsState`, `translucency`)
VALUES (2041311235, 'Life Stone', 268435456, 0, 0, 1, 16404, 0, 0, 0, 0, 0, 0, 9437232, 0, 100668245, 0, 0, 0, 0, 0, 0, 0, 0, 4, 0, 0, 0, 0, 0, 32, 2, 0, 0, 0, 0, 0, 0, 0, 0, 0, 33555182, 0, 100355, 0, 150994982, 536870932, 1040, 0);

INSERT INTO `ace_object` (`baseAceObjectId`, `weenieClassId`, `landblock`, `cell`, `posX`, `posY`, `posZ`, `qW`, `qX`, `qY`, `qZ`)
VALUES (2041311235, 509, 39615, 3, 7.18069, 50.9223, 66, -0.9082352, 0, 0, 0.4184601);

INSERT INTO `base_ace_object` (`baseAceObjectId`, `name`, `typeId`, `paletteId`, `ammoType`, `blipColor`, `bitField`, `burden`, `combatUse`, `cooldownDuration`, `cooldownId`, `effects`, `containersCapacity`, `header`, `hookTypeId`, `iconId`, `iconOverlayId`, `iconUnderlayId`, `hookItemTypes`, `itemsCapacity`, `location`, `materialType`, `maxStackSize`, `maxStructure`, `radar`, `pscript`, `spellId`, `stackSize`, `structure`, `targetTypeId`, `usability`, `useRadius`, `validLocations`, `value`, `workmanship`, `animationFrameId`, `defaultScript`, `defaultScriptIntensity`, `elasticity`, `friction`, `locationId`, `modelTableId`, `objectScale`, `physicsBitField`, `physicsTableId`, `motionTableId`, `soundTableId`, `physicsState`, `translucency`)
VALUES (2035068928, 'Life Stone', 268435456, 0, 0, 1, 16404, 0, 0, 0, 0, 0, 0, 9437232, 0, 100668245, 0, 0, 0, 0, 0, 0, 0, 0, 4, 0, 0, 0, 0, 0, 32, 2, 0, 0, 0, 0, 0, 0, 0, 0, 0, 33555182, 0, 100355, 0, 150994982, 536870932, 1040, 0);

INSERT INTO `ace_object` (`baseAceObjectId`, `weenieClassId`, `landblock`, `cell`, `posX`, `posY`, `posZ`, `qW`, `qX`, `qY`, `qZ`)
VALUES (2035068928, 509, 38091, 13, 26.4285, 100.783, 166.1962, -0.6998721, 0, 0, 0.7142681);

INSERT INTO `base_ace_object` (`baseAceObjectId`, `name`, `typeId`, `paletteId`, `ammoType`, `blipColor`, `bitField`, `burden`, `combatUse`, `cooldownDuration`, `cooldownId`, `effects`, `containersCapacity`, `header`, `hookTypeId`, `iconId`, `iconOverlayId`, `iconUnderlayId`, `hookItemTypes`, `itemsCapacity`, `location`, `materialType`, `maxStackSize`, `maxStructure`, `radar`, `pscript`, `spellId`, `stackSize`, `structure`, `targetTypeId`, `usability`, `useRadius`, `validLocations`, `value`, `workmanship`, `animationFrameId`, `defaultScript`, `defaultScriptIntensity`, `elasticity`, `friction`, `locationId`, `modelTableId`, `objectScale`, `physicsBitField`, `physicsTableId`, `motionTableId`, `soundTableId`, `physicsState`, `translucency`)
VALUES (2105032707, 'Life Stone', 268435456, 0, 0, 1, 16404, 0, 0, 0, 0, 0, 0, 9437232, 0, 100668245, 0, 0, 0, 0, 0, 0, 0, 0, 4, 0, 0, 0, 0, 0, 32, 2, 0, 0, 0, 0, 0, 0, 0, 0, 0, 33555182, 0, 100355, 0, 150994982, 536870932, 1040, 0);

INSERT INTO `ace_object` (`baseAceObjectId`, `weenieClassId`, `landblock`, `cell`, `posX`, `posY`, `posZ`, `qW`, `qX`, `qY`, `qZ`)
VALUES (2105032707, 509, 55172, 35, 104.297, 52.6375, 22, -0.9871457, 0, 0, 0.1598229);

INSERT INTO `base_ace_object` (`baseAceObjectId`, `name`, `typeId`, `paletteId`, `ammoType`, `blipColor`, `bitField`, `burden`, `combatUse`, `cooldownDuration`, `cooldownId`, `effects`, `containersCapacity`, `header`, `hookTypeId`, `iconId`, `iconOverlayId`, `iconUnderlayId`, `hookItemTypes`, `itemsCapacity`, `location`, `materialType`, `maxStackSize`, `maxStructure`, `radar`, `pscript`, `spellId`, `stackSize`, `structure`, `targetTypeId`, `usability`, `useRadius`, `validLocations`, `value`, `workmanship`, `animationFrameId`, `defaultScript`, `defaultScriptIntensity`, `elasticity`, `friction`, `locationId`, `modelTableId`, `objectScale`, `physicsBitField`, `physicsTableId`, `motionTableId`, `soundTableId`, `physicsState`, `translucency`)
VALUES (2093531146, 'Life Stone', 268435456, 0, 0, 1, 16404, 0, 0, 0, 0, 0, 0, 9437232, 0, 100668245, 0, 0, 0, 0, 0, 0, 0, 0, 4, 0, 0, 0, 0, 0, 32, 2, 0, 0, 0, 0, 0, 0, 0, 0, 0, 33555182, 0, 100355, 0, 150994982, 536870932, 1040, 0);

INSERT INTO `ace_object` (`baseAceObjectId`, `weenieClassId`, `landblock`, `cell`, `posX`, `posY`, `posZ`, `qW`, `qX`, `qY`, `qZ`)
VALUES (2093531146, 509, 52364, 12, 34.3448, 76.644, 24, -0.9994738, 0, 0, 0.0324358);

INSERT INTO `base_ace_object` (`baseAceObjectId`, `name`, `typeId`, `paletteId`, `ammoType`, `blipColor`, `bitField`, `burden`, `combatUse`, `cooldownDuration`, `cooldownId`, `effects`, `containersCapacity`, `header`, `hookTypeId`, `iconId`, `iconOverlayId`, `iconUnderlayId`, `hookItemTypes`, `itemsCapacity`, `location`, `materialType`, `maxStackSize`, `maxStructure`, `radar`, `pscript`, `spellId`, `stackSize`, `structure`, `targetTypeId`, `usability`, `useRadius`, `validLocations`, `value`, `workmanship`, `animationFrameId`, `defaultScript`, `defaultScriptIntensity`, `elasticity`, `friction`, `locationId`, `modelTableId`, `objectScale`, `physicsBitField`, `physicsTableId`, `motionTableId`, `soundTableId`, `physicsState`, `translucency`)
VALUES (2092281856, 'Life Stone', 268435456, 0, 0, 1, 16404, 0, 0, 0, 0, 0, 0, 9437232, 0, 100668245, 0, 0, 0, 0, 0, 0, 0, 0, 4, 0, 0, 0, 0, 0, 32, 2, 0, 0, 0, 0, 0, 0, 0, 0, 0, 33555182, 0, 100355, 0, 150994982, 536870932, 1040, 0);

INSERT INTO `ace_object` (`baseAceObjectId`, `weenieClassId`, `landblock`, `cell`, `posX`, `posY`, `posZ`, `qW`, `qX`, `qY`, `qZ`)
VALUES (2092281856, 509, 52059, 11, 31.3873, 70.58, 5.9, 0.8647613, 0, 0, 0.5021832);

INSERT INTO `base_ace_object` (`baseAceObjectId`, `name`, `typeId`, `paletteId`, `ammoType`, `blipColor`, `bitField`, `burden`, `combatUse`, `cooldownDuration`, `cooldownId`, `effects`, `containersCapacity`, `header`, `hookTypeId`, `iconId`, `iconOverlayId`, `iconUnderlayId`, `hookItemTypes`, `itemsCapacity`, `location`, `materialType`, `maxStackSize`, `maxStructure`, `radar`, `pscript`, `spellId`, `stackSize`, `structure`, `targetTypeId`, `usability`, `useRadius`, `validLocations`, `value`, `workmanship`, `animationFrameId`, `defaultScript`, `defaultScriptIntensity`, `elasticity`, `friction`, `locationId`, `modelTableId`, `objectScale`, `physicsBitField`, `physicsTableId`, `motionTableId`, `soundTableId`, `physicsState`, `translucency`)
VALUES (2092249088, 'Life Stone', 268435456, 0, 0, 1, 16404, 0, 0, 0, 0, 0, 0, 9437232, 0, 100668245, 0, 0, 0, 0, 0, 0, 0, 0, 4, 0, 0, 0, 0, 0, 32, 2, 0, 0, 0, 0, 0, 0, 0, 0, 0, 33555182, 0, 100355, 0, 150994982, 536870932, 1040, 0);

INSERT INTO `ace_object` (`baseAceObjectId`, `weenieClassId`, `landblock`, `cell`, `posX`, `posY`, `posZ`, `qW`, `qX`, `qY`, `qZ`)
VALUES (2092249088, 509, 52051, 8, 18.0533, 178.668, 20.99112, 0.5938579, 0, 0, 0.8045699);

INSERT INTO `base_ace_object` (`baseAceObjectId`, `name`, `typeId`, `paletteId`, `ammoType`, `blipColor`, `bitField`, `burden`, `combatUse`, `cooldownDuration`, `cooldownId`, `effects`, `containersCapacity`, `header`, `hookTypeId`, `iconId`, `iconOverlayId`, `iconUnderlayId`, `hookItemTypes`, `itemsCapacity`, `location`, `materialType`, `maxStackSize`, `maxStructure`, `radar`, `pscript`, `spellId`, `stackSize`, `structure`, `targetTypeId`, `usability`, `useRadius`, `validLocations`, `value`, `workmanship`, `animationFrameId`, `defaultScript`, `defaultScriptIntensity`, `elasticity`, `friction`, `locationId`, `modelTableId`, `objectScale`, `physicsBitField`, `physicsTableId`, `motionTableId`, `soundTableId`, `physicsState`, `translucency`)
VALUES (2084794368, 'Life Stone', 268435456, 0, 0, 1, 16404, 0, 0, 0, 0, 0, 0, 9437232, 0, 100668245, 0, 0, 0, 0, 0, 0, 0, 0, 4, 0, 0, 0, 0, 0, 32, 2, 0, 0, 0, 0, 0, 0, 0, 0, 0, 33555182, 0, 100355, 0, 150994982, 536870932, 1040, 0);

INSERT INTO `ace_object` (`baseAceObjectId`, `weenieClassId`, `landblock`, `cell`, `posX`, `posY`, `posZ`, `qW`, `qX`, `qY`, `qZ`)
VALUES (2084794368, 509, 50231, 22, 57.8491, 131.048, 64.92067, 0.9919195, 0, 0, 0.1268691);

INSERT INTO `base_ace_object` (`baseAceObjectId`, `name`, `typeId`, `paletteId`, `ammoType`, `blipColor`, `bitField`, `burden`, `combatUse`, `cooldownDuration`, `cooldownId`, `effects`, `containersCapacity`, `header`, `hookTypeId`, `iconId`, `iconOverlayId`, `iconUnderlayId`, `hookItemTypes`, `itemsCapacity`, `location`, `materialType`, `maxStackSize`, `maxStructure`, `radar`, `pscript`, `spellId`, `stackSize`, `structure`, `targetTypeId`, `usability`, `useRadius`, `validLocations`, `value`, `workmanship`, `animationFrameId`, `defaultScript`, `defaultScriptIntensity`, `elasticity`, `friction`, `locationId`, `modelTableId`, `objectScale`, `physicsBitField`, `physicsTableId`, `motionTableId`, `soundTableId`, `physicsState`, `translucency`)
VALUES (2060812289, 'Life Stone', 268435456, 0, 0, 1, 16404, 0, 0, 0, 0, 0, 0, 9437232, 0, 100668245, 0, 0, 0, 0, 0, 0, 0, 0, 4, 0, 0, 0, 0, 0, 32, 2, 0, 0, 0, 0, 0, 0, 0, 0, 0, 33555182, 0, 100355, 0, 150994982, 536870932, 1040, 0);

INSERT INTO `ace_object` (`baseAceObjectId`, `weenieClassId`, `landblock`, `cell`, `posX`, `posY`, `posZ`, `qW`, `qX`, `qY`, `qZ`)
VALUES (2060812289, 509, 44376, 49, 146.878, 21.6874, 58, -0.6192231, 0, 0, 0.7852151);

INSERT INTO `base_ace_object` (`baseAceObjectId`, `name`, `typeId`, `paletteId`, `ammoType`, `blipColor`, `bitField`, `burden`, `combatUse`, `cooldownDuration`, `cooldownId`, `effects`, `containersCapacity`, `header`, `hookTypeId`, `iconId`, `iconOverlayId`, `iconUnderlayId`, `hookItemTypes`, `itemsCapacity`, `location`, `materialType`, `maxStackSize`, `maxStructure`, `radar`, `pscript`, `spellId`, `stackSize`, `structure`, `targetTypeId`, `usability`, `useRadius`, `validLocations`, `value`, `workmanship`, `animationFrameId`, `defaultScript`, `defaultScriptIntensity`, `elasticity`, `friction`, `locationId`, `modelTableId`, `objectScale`, `physicsBitField`, `physicsTableId`, `motionTableId`, `soundTableId`, `physicsState`, `translucency`)
VALUES (2002370560, 'Life Stone', 268435456, 0, 0, 1, 16404, 0, 0, 0, 0, 0, 0, 9437232, 0, 100668245, 0, 0, 0, 0, 0, 0, 0, 0, 4, 0, 0, 0, 0, 0, 32, 2, 0, 0, 0, 0, 0, 0, 0, 0, 0, 33555182, 0, 100355, 0, 150994982, 536870932, 1040, 0);

INSERT INTO `ace_object` (`baseAceObjectId`, `weenieClassId`, `landblock`, `cell`, `posX`, `posY`, `posZ`, `qW`, `qX`, `qY`, `qZ`)
VALUES (2002370560, 509, 30108, 55, 148.412, 146.292, 240, -0.7960607, 0, 0, 0.6052168);

INSERT INTO `base_ace_object` (`baseAceObjectId`, `name`, `typeId`, `paletteId`, `ammoType`, `blipColor`, `bitField`, `burden`, `combatUse`, `cooldownDuration`, `cooldownId`, `effects`, `containersCapacity`, `header`, `hookTypeId`, `iconId`, `iconOverlayId`, `iconUnderlayId`, `hookItemTypes`, `itemsCapacity`, `location`, `materialType`, `maxStackSize`, `maxStructure`, `radar`, `pscript`, `spellId`, `stackSize`, `structure`, `targetTypeId`, `usability`, `useRadius`, `validLocations`, `value`, `workmanship`, `animationFrameId`, `defaultScript`, `defaultScriptIntensity`, `elasticity`, `friction`, `locationId`, `modelTableId`, `objectScale`, `physicsBitField`, `physicsTableId`, `motionTableId`, `soundTableId`, `physicsState`, `translucency`)
VALUES (2139205632, 'Life Stone', 268435456, 0, 0, 1, 16404, 0, 0, 0, 0, 0, 0, 9437232, 0, 100668245, 0, 0, 0, 0, 0, 0, 0, 0, 4, 0, 0, 0, 0, 0, 32, 2, 0, 0, 0, 0, 0, 0, 0, 0, 0, 33558189, 0, 100355, 0, 150995232, 536870932, 1040, 0);

INSERT INTO `ace_object` (`baseAceObjectId`, `weenieClassId`, `landblock`, `cell`, `posX`, `posY`, `posZ`, `qW`, `qX`, `qY`, `qZ`)
VALUES (2139205632, 23618, 63515, 19, 60.2075, 60.0127, 0, -0.8813367, 0, 0, -0.4724888);

INSERT INTO `base_ace_object` (`baseAceObjectId`, `name`, `typeId`, `paletteId`, `ammoType`, `blipColor`, `bitField`, `burden`, `combatUse`, `cooldownDuration`, `cooldownId`, `effects`, `containersCapacity`, `header`, `hookTypeId`, `iconId`, `iconOverlayId`, `iconUnderlayId`, `hookItemTypes`, `itemsCapacity`, `location`, `materialType`, `maxStackSize`, `maxStructure`, `radar`, `pscript`, `spellId`, `stackSize`, `structure`, `targetTypeId`, `usability`, `useRadius`, `validLocations`, `value`, `workmanship`, `animationFrameId`, `defaultScript`, `defaultScriptIntensity`, `elasticity`, `friction`, `locationId`, `modelTableId`, `objectScale`, `physicsBitField`, `physicsTableId`, `motionTableId`, `soundTableId`, `physicsState`, `translucency`)
VALUES (2063364096, 'Life Stone', 268435456, 0, 0, 1, 16404, 0, 0, 0, 0, 0, 0, 9437232, 0, 100668245, 0, 0, 0, 0, 0, 0, 0, 0, 4, 0, 0, 0, 0, 0, 32, 2, 0, 0, 0, 0, 0, 0, 0, 0, 0, 33555182, 0, 100355, 0, 150994982, 536870932, 1040, 0);

INSERT INTO `ace_object` (`baseAceObjectId`, `weenieClassId`, `landblock`, `cell`, `posX`, `posY`, `posZ`, `qW`, `qX`, `qY`, `qZ`)
VALUES (2063364096, 509, 44999, 42, 135.908, 27.8177, 170.9695, -0.261358, 0, 0, 0.965242);

INSERT INTO `base_ace_object` (`baseAceObjectId`, `name`, `typeId`, `paletteId`, `ammoType`, `blipColor`, `bitField`, `burden`, `combatUse`, `cooldownDuration`, `cooldownId`, `effects`, `containersCapacity`, `header`, `hookTypeId`, `iconId`, `iconOverlayId`, `iconUnderlayId`, `hookItemTypes`, `itemsCapacity`, `location`, `materialType`, `maxStackSize`, `maxStructure`, `radar`, `pscript`, `spellId`, `stackSize`, `structure`, `targetTypeId`, `usability`, `useRadius`, `validLocations`, `value`, `workmanship`, `animationFrameId`, `defaultScript`, `defaultScriptIntensity`, `elasticity`, `friction`, `locationId`, `modelTableId`, `objectScale`, `physicsBitField`, `physicsTableId`, `motionTableId`, `soundTableId`, `physicsState`, `translucency`)
VALUES (2014904320, 'Life Stone', 268435456, 0, 0, 1, 16404, 0, 0, 0, 0, 0, 0, 9437232, 0, 100668245, 0, 0, 0, 0, 0, 0, 0, 0, 4, 0, 0, 0, 0, 0, 32, 2, 0, 0, 0, 0, 0, 0, 0, 0, 0, 33555182, 0, 100355, 0, 150994982, 536870932, 1040, 0);

INSERT INTO `ace_object` (`baseAceObjectId`, `weenieClassId`, `landblock`, `cell`, `posX`, `posY`, `posZ`, `qW`, `qX`, `qY`, `qZ`)
VALUES (2014904320, 509, 33168, 19, 69.9582, 57.5844, 73.37145, 0.9043956, 0, 0, -0.4266948);

INSERT INTO `base_ace_object` (`baseAceObjectId`, `name`, `typeId`, `paletteId`, `ammoType`, `blipColor`, `bitField`, `burden`, `combatUse`, `cooldownDuration`, `cooldownId`, `effects`, `containersCapacity`, `header`, `hookTypeId`, `iconId`, `iconOverlayId`, `iconUnderlayId`, `hookItemTypes`, `itemsCapacity`, `location`, `materialType`, `maxStackSize`, `maxStructure`, `radar`, `pscript`, `spellId`, `stackSize`, `structure`, `targetTypeId`, `usability`, `useRadius`, `validLocations`, `value`, `workmanship`, `animationFrameId`, `defaultScript`, `defaultScriptIntensity`, `elasticity`, `friction`, `locationId`, `modelTableId`, `objectScale`, `physicsBitField`, `physicsTableId`, `motionTableId`, `soundTableId`, `physicsState`, `translucency`)
VALUES (1924202497, 'Life Stone', 268435456, 0, 0, 1, 16404, 0, 0, 0, 0, 0, 0, 9437232, 0, 100668245, 0, 0, 0, 0, 0, 0, 0, 0, 4, 0, 0, 0, 0, 0, 32, 2, 0, 0, 0, 0, 0, 0, 0, 0, 0, 33558189, 0, 100355, 0, 150995232, 536870932, 1040, 0);

INSERT INTO `ace_object` (`baseAceObjectId`, `weenieClassId`, `landblock`, `cell`, `posX`, `posY`, `posZ`, `qW`, `qX`, `qY`, `qZ`)
VALUES (1924202497, 24572, 11024, 19, 69.293, 69.232, 74, 0.9238797, 0, 0, -0.3826829);

INSERT INTO `base_ace_object` (`baseAceObjectId`, `name`, `typeId`, `paletteId`, `ammoType`, `blipColor`, `bitField`, `burden`, `combatUse`, `cooldownDuration`, `cooldownId`, `effects`, `containersCapacity`, `header`, `hookTypeId`, `iconId`, `iconOverlayId`, `iconUnderlayId`, `hookItemTypes`, `itemsCapacity`, `location`, `materialType`, `maxStackSize`, `maxStructure`, `radar`, `pscript`, `spellId`, `stackSize`, `structure`, `targetTypeId`, `usability`, `useRadius`, `validLocations`, `value`, `workmanship`, `animationFrameId`, `defaultScript`, `defaultScriptIntensity`, `elasticity`, `friction`, `locationId`, `modelTableId`, `objectScale`, `physicsBitField`, `physicsTableId`, `motionTableId`, `soundTableId`, `physicsState`, `translucency`)
VALUES (1921097728, 'Life Stone', 268435456, 0, 0, 1, 16404, 0, 0, 0, 0, 0, 0, 9437232, 0, 100668245, 0, 0, 0, 0, 0, 0, 0, 0, 4, 0, 0, 0, 0, 0, 32, 2, 0, 0, 0, 0, 0, 0, 0, 0, 0, 33555182, 0, 100355, 0, 150994982, 536870932, 1040, 0);

INSERT INTO `ace_object` (`baseAceObjectId`, `weenieClassId`, `landblock`, `cell`, `posX`, `posY`, `posZ`, `qW`, `qX`, `qY`, `qZ`)
VALUES (1921097728, 509, 10266, 3, 9.87889, 65.9915, 14.50071, 0.8745276, 0, 0, 0.4849758);

INSERT INTO `base_ace_object` (`baseAceObjectId`, `name`, `typeId`, `paletteId`, `ammoType`, `blipColor`, `bitField`, `burden`, `combatUse`, `cooldownDuration`, `cooldownId`, `effects`, `containersCapacity`, `header`, `hookTypeId`, `iconId`, `iconOverlayId`, `iconUnderlayId`, `hookItemTypes`, `itemsCapacity`, `location`, `materialType`, `maxStackSize`, `maxStructure`, `radar`, `pscript`, `spellId`, `stackSize`, `structure`, `targetTypeId`, `usability`, `useRadius`, `validLocations`, `value`, `workmanship`, `animationFrameId`, `defaultScript`, `defaultScriptIntensity`, `elasticity`, `friction`, `locationId`, `modelTableId`, `objectScale`, `physicsBitField`, `physicsTableId`, `motionTableId`, `soundTableId`, `physicsState`, `translucency`)
VALUES (2030419991, 'Life Stone', 268435456, 0, 0, 1, 16404, 0, 0, 0, 0, 0, 0, 9437232, 0, 100668245, 0, 0, 0, 0, 0, 0, 0, 0, 4, 0, 0, 0, 0, 0, 32, 2, 0, 0, 0, 0, 0, 0, 0, 0, 0, 33555182, 0, 100355, 0, 150994982, 536870932, 1040, 0);

INSERT INTO `ace_object` (`baseAceObjectId`, `weenieClassId`, `landblock`, `cell`, `posX`, `posY`, `posZ`, `qW`, `qX`, `qY`, `qZ`)
VALUES (2030419991, 509, 36956, 43, 132.495, 53.9008, 25.50827, 0.5039732, 0, 0, -0.8637193);

INSERT INTO `base_ace_object` (`baseAceObjectId`, `name`, `typeId`, `paletteId`, `ammoType`, `blipColor`, `bitField`, `burden`, `combatUse`, `cooldownDuration`, `cooldownId`, `effects`, `containersCapacity`, `header`, `hookTypeId`, `iconId`, `iconOverlayId`, `iconUnderlayId`, `hookItemTypes`, `itemsCapacity`, `location`, `materialType`, `maxStackSize`, `maxStructure`, `radar`, `pscript`, `spellId`, `stackSize`, `structure`, `targetTypeId`, `usability`, `useRadius`, `validLocations`, `value`, `workmanship`, `animationFrameId`, `defaultScript`, `defaultScriptIntensity`, `elasticity`, `friction`, `locationId`, `modelTableId`, `objectScale`, `physicsBitField`, `physicsTableId`, `motionTableId`, `soundTableId`, `physicsState`, `translucency`)
VALUES (2073501730, 'Life Stone', 268435456, 0, 0, 1, 16404, 0, 0, 0, 0, 0, 0, 9437232, 0, 100668245, 0, 0, 0, 0, 0, 0, 0, 0, 4, 0, 0, 0, 0, 0, 32, 2, 0, 0, 0, 0, 0, 0, 0, 0, 0, 33555182, 0, 100355, 0, 150994982, 536870932, 1040, 0);

INSERT INTO `ace_object` (`baseAceObjectId`, `weenieClassId`, `landblock`, `cell`, `posX`, `posY`, `posZ`, `qW`, `qX`, `qY`, `qZ`)
VALUES (2073501730, 509, 47474, 52, 147.649, 95.8163, 34, -0.613228, 0, 0, 0.789906);

INSERT INTO `base_ace_object` (`baseAceObjectId`, `name`, `typeId`, `paletteId`, `ammoType`, `blipColor`, `bitField`, `burden`, `combatUse`, `cooldownDuration`, `cooldownId`, `effects`, `containersCapacity`, `header`, `hookTypeId`, `iconId`, `iconOverlayId`, `iconUnderlayId`, `hookItemTypes`, `itemsCapacity`, `location`, `materialType`, `maxStackSize`, `maxStructure`, `radar`, `pscript`, `spellId`, `stackSize`, `structure`, `targetTypeId`, `usability`, `useRadius`, `validLocations`, `value`, `workmanship`, `animationFrameId`, `defaultScript`, `defaultScriptIntensity`, `elasticity`, `friction`, `locationId`, `modelTableId`, `objectScale`, `physicsBitField`, `physicsTableId`, `motionTableId`, `soundTableId`, `physicsState`, `translucency`)
VALUES (2073505796, 'Life Stone', 268435456, 0, 0, 1, 16404, 0, 0, 0, 0, 0, 0, 9437232, 0, 100668245, 0, 0, 0, 0, 0, 0, 0, 0, 4, 0, 0, 0, 0, 0, 32, 2, 0, 0, 0, 0, 0, 0, 0, 0, 0, 33555182, 0, 100355, 0, 150994982, 536870932, 1040, 0);

INSERT INTO `ace_object` (`baseAceObjectId`, `weenieClassId`, `landblock`, `cell`, `posX`, `posY`, `posZ`, `qW`, `qX`, `qY`, `qZ`)
VALUES (2073505796, 509, 47475, 49, 151.326, 15.9557, 40, 0.3890771, 0, 0, -0.9212052);

INSERT INTO `base_ace_object` (`baseAceObjectId`, `name`, `typeId`, `paletteId`, `ammoType`, `blipColor`, `bitField`, `burden`, `combatUse`, `cooldownDuration`, `cooldownId`, `effects`, `containersCapacity`, `header`, `hookTypeId`, `iconId`, `iconOverlayId`, `iconUnderlayId`, `hookItemTypes`, `itemsCapacity`, `location`, `materialType`, `maxStackSize`, `maxStructure`, `radar`, `pscript`, `spellId`, `stackSize`, `structure`, `targetTypeId`, `usability`, `useRadius`, `validLocations`, `value`, `workmanship`, `animationFrameId`, `defaultScript`, `defaultScriptIntensity`, `elasticity`, `friction`, `locationId`, `modelTableId`, `objectScale`, `physicsBitField`, `physicsTableId`, `motionTableId`, `soundTableId`, `physicsState`, `translucency`)
VALUES (2013278216, 'Life Stone', 268435456, 0, 0, 1, 16404, 0, 0, 0, 0, 0, 0, 9437232, 0, 100668245, 0, 0, 0, 0, 0, 0, 0, 0, 4, 0, 0, 0, 0, 0, 32, 2, 0, 0, 0, 0, 0, 0, 0, 0, 0, 33555182, 0, 100355, 0, 150994982, 536870932, 1040, 0);

INSERT INTO `ace_object` (`baseAceObjectId`, `weenieClassId`, `landblock`, `cell`, `posX`, `posY`, `posZ`, `qW`, `qX`, `qY`, `qZ`)
VALUES (2013278216, 509, 32771, 308, 120, -160, -6, 0.020795, 0, 0, 0.9997838);

INSERT INTO `base_ace_object` (`baseAceObjectId`, `name`, `typeId`, `paletteId`, `ammoType`, `blipColor`, `bitField`, `burden`, `combatUse`, `cooldownDuration`, `cooldownId`, `effects`, `containersCapacity`, `header`, `hookTypeId`, `iconId`, `iconOverlayId`, `iconUnderlayId`, `hookItemTypes`, `itemsCapacity`, `location`, `materialType`, `maxStackSize`, `maxStructure`, `radar`, `pscript`, `spellId`, `stackSize`, `structure`, `targetTypeId`, `usability`, `useRadius`, `validLocations`, `value`, `workmanship`, `animationFrameId`, `defaultScript`, `defaultScriptIntensity`, `elasticity`, `friction`, `locationId`, `modelTableId`, `objectScale`, `physicsBitField`, `physicsTableId`, `motionTableId`, `soundTableId`, `physicsState`, `translucency`)
VALUES (2015944708, 'Life Stone', 268435456, 0, 0, 1, 16404, 0, 0, 0, 0, 0, 0, 9437232, 0, 100668245, 0, 0, 0, 0, 0, 0, 0, 0, 4, 0, 0, 0, 0, 0, 32, 2, 0, 0, 0, 0, 0, 0, 0, 0, 0, 33555182, 0, 100355, 0, 150994982, 536870932, 1040, 0);

INSERT INTO `ace_object` (`baseAceObjectId`, `weenieClassId`, `landblock`, `cell`, `posX`, `posY`, `posZ`, `qW`, `qX`, `qY`, `qZ`)
VALUES (2015944708, 509, 33422, 29, 76.3446, 115.939, 124, -0.155771, 0, 0, 0.9877932);

INSERT INTO `base_ace_object` (`baseAceObjectId`, `name`, `typeId`, `paletteId`, `ammoType`, `blipColor`, `bitField`, `burden`, `combatUse`, `cooldownDuration`, `cooldownId`, `effects`, `containersCapacity`, `header`, `hookTypeId`, `iconId`, `iconOverlayId`, `iconUnderlayId`, `hookItemTypes`, `itemsCapacity`, `location`, `materialType`, `maxStackSize`, `maxStructure`, `radar`, `pscript`, `spellId`, `stackSize`, `structure`, `targetTypeId`, `usability`, `useRadius`, `validLocations`, `value`, `workmanship`, `animationFrameId`, `defaultScript`, `defaultScriptIntensity`, `elasticity`, `friction`, `locationId`, `modelTableId`, `objectScale`, `physicsBitField`, `physicsTableId`, `motionTableId`, `soundTableId`, `physicsState`, `translucency`)
VALUES (1926950919, 'Life Stone', 268435456, 0, 0, 1, 16404, 0, 0, 0, 0, 0, 0, 9437232, 0, 100668245, 0, 0, 0, 0, 0, 0, 0, 0, 4, 0, 0, 0, 0, 0, 32, 2, 0, 0, 0, 0, 0, 0, 0, 0, 0, 33555182, 0, 100355, 0, 150994982, 536870932, 1040, 0);

INSERT INTO `ace_object` (`baseAceObjectId`, `weenieClassId`, `landblock`, `cell`, `posX`, `posY`, `posZ`, `qW`, `qX`, `qY`, `qZ`)
VALUES (1926950919, 509, 11695, 14, 45.7621, 141.364, 48, 0.7704461, 0, 0, -0.6375051);

INSERT INTO `base_ace_object` (`baseAceObjectId`, `name`, `typeId`, `paletteId`, `ammoType`, `blipColor`, `bitField`, `burden`, `combatUse`, `cooldownDuration`, `cooldownId`, `effects`, `containersCapacity`, `header`, `hookTypeId`, `iconId`, `iconOverlayId`, `iconUnderlayId`, `hookItemTypes`, `itemsCapacity`, `location`, `materialType`, `maxStackSize`, `maxStructure`, `radar`, `pscript`, `spellId`, `stackSize`, `structure`, `targetTypeId`, `usability`, `useRadius`, `validLocations`, `value`, `workmanship`, `animationFrameId`, `defaultScript`, `defaultScriptIntensity`, `elasticity`, `friction`, `locationId`, `modelTableId`, `objectScale`, `physicsBitField`, `physicsTableId`, `motionTableId`, `soundTableId`, `physicsState`, `translucency`)
VALUES (1910542345, 'Life Stone', 268435456, 0, 0, 1, 16404, 0, 0, 0, 0, 0, 0, 9437232, 0, 100668245, 0, 0, 0, 0, 0, 0, 0, 0, 4, 0, 0, 0, 0, 0, 32, 2, 0, 0, 0, 0, 0, 0, 0, 0, 0, 33555182, 0, 100355, 0, 150994982, 536870932, 1040, 0);

INSERT INTO `ace_object` (`baseAceObjectId`, `weenieClassId`, `landblock`, `cell`, `posX`, `posY`, `posZ`, `qW`, `qX`, `qY`, `qZ`)
VALUES (1910542345, 509, 7689, 7, 2.04685, 158.217, 48, 0.109651, 0, 0, -0.9939702);

INSERT INTO `base_ace_object` (`baseAceObjectId`, `name`, `typeId`, `paletteId`, `ammoType`, `blipColor`, `bitField`, `burden`, `combatUse`, `cooldownDuration`, `cooldownId`, `effects`, `containersCapacity`, `header`, `hookTypeId`, `iconId`, `iconOverlayId`, `iconUnderlayId`, `hookItemTypes`, `itemsCapacity`, `location`, `materialType`, `maxStackSize`, `maxStructure`, `radar`, `pscript`, `spellId`, `stackSize`, `structure`, `targetTypeId`, `usability`, `useRadius`, `validLocations`, `value`, `workmanship`, `animationFrameId`, `defaultScript`, `defaultScriptIntensity`, `elasticity`, `friction`, `locationId`, `modelTableId`, `objectScale`, `physicsBitField`, `physicsTableId`, `motionTableId`, `soundTableId`, `physicsState`, `translucency`)
VALUES (2033541120, 'Life Stone', 268435456, 0, 0, 1, 16404, 0, 0, 0, 0, 0, 0, 9437232, 0, 100668245, 0, 0, 0, 0, 0, 0, 0, 0, 4, 0, 0, 0, 0, 0, 32, 2, 0, 0, 0, 0, 0, 0, 0, 0, 0, 33555182, 0, 100355, 0, 150994982, 536870932, 1040, 0);

INSERT INTO `ace_object` (`baseAceObjectId`, `weenieClassId`, `landblock`, `cell`, `posX`, `posY`, `posZ`, `qW`, `qX`, `qY`, `qZ`)
VALUES (2033541120, 509, 37718, 23, 50.244, 150.787, 19.24742, 0.8941839, 0, 0, 0.4476999);

INSERT INTO `base_ace_object` (`baseAceObjectId`, `name`, `typeId`, `paletteId`, `ammoType`, `blipColor`, `bitField`, `burden`, `combatUse`, `cooldownDuration`, `cooldownId`, `effects`, `containersCapacity`, `header`, `hookTypeId`, `iconId`, `iconOverlayId`, `iconUnderlayId`, `hookItemTypes`, `itemsCapacity`, `location`, `materialType`, `maxStackSize`, `maxStructure`, `radar`, `pscript`, `spellId`, `stackSize`, `structure`, `targetTypeId`, `usability`, `useRadius`, `validLocations`, `value`, `workmanship`, `animationFrameId`, `defaultScript`, `defaultScriptIntensity`, `elasticity`, `friction`, `locationId`, `modelTableId`, `objectScale`, `physicsBitField`, `physicsTableId`, `motionTableId`, `soundTableId`, `physicsState`, `translucency`)
VALUES (2033688576, 'Life Stone', 268435456, 0, 0, 1, 16404, 0, 0, 0, 0, 0, 0, 9437232, 0, 100668245, 0, 0, 0, 0, 0, 0, 0, 0, 4, 0, 0, 0, 0, 0, 32, 2, 0, 0, 0, 0, 0, 0, 0, 0, 0, 33555182, 0, 100355, 0, 150994982, 536870932, 1040, 0);

INSERT INTO `ace_object` (`baseAceObjectId`, `weenieClassId`, `landblock`, `cell`, `posX`, `posY`, `posZ`, `qW`, `qX`, `qY`, `qZ`)
VALUES (2033688576, 509, 37754, 17, 65.2787, 19.7839, 20, -0.8477269, 0, 0, 0.5304329);

INSERT INTO `base_ace_object` (`baseAceObjectId`, `name`, `typeId`, `paletteId`, `ammoType`, `blipColor`, `bitField`, `burden`, `combatUse`, `cooldownDuration`, `cooldownId`, `effects`, `containersCapacity`, `header`, `hookTypeId`, `iconId`, `iconOverlayId`, `iconUnderlayId`, `hookItemTypes`, `itemsCapacity`, `location`, `materialType`, `maxStackSize`, `maxStructure`, `radar`, `pscript`, `spellId`, `stackSize`, `structure`, `targetTypeId`, `usability`, `useRadius`, `validLocations`, `value`, `workmanship`, `animationFrameId`, `defaultScript`, `defaultScriptIntensity`, `elasticity`, `friction`, `locationId`, `modelTableId`, `objectScale`, `physicsBitField`, `physicsTableId`, `motionTableId`, `soundTableId`, `physicsState`, `translucency`)
VALUES (2115350528, 'Life Stone', 268435456, 0, 0, 1, 16404, 0, 0, 0, 0, 0, 0, 9437232, 0, 100668245, 0, 0, 0, 0, 0, 0, 0, 0, 4, 0, 0, 0, 0, 0, 32, 2, 0, 0, 0, 0, 0, 0, 0, 0, 0, 33555182, 0, 100355, 0, 150994982, 536870932, 1040, 0);

INSERT INTO `ace_object` (`baseAceObjectId`, `weenieClassId`, `landblock`, `cell`, `posX`, `posY`, `posZ`, `qW`, `qX`, `qY`, `qZ`)
VALUES (2115350528, 509, 57691, 22, 64.5134, 133.26, 11.37612, 0.7508391, 0, 0, 0.6604851);

INSERT INTO `base_ace_object` (`baseAceObjectId`, `name`, `typeId`, `paletteId`, `ammoType`, `blipColor`, `bitField`, `burden`, `combatUse`, `cooldownDuration`, `cooldownId`, `effects`, `containersCapacity`, `header`, `hookTypeId`, `iconId`, `iconOverlayId`, `iconUnderlayId`, `hookItemTypes`, `itemsCapacity`, `location`, `materialType`, `maxStackSize`, `maxStructure`, `radar`, `pscript`, `spellId`, `stackSize`, `structure`, `targetTypeId`, `usability`, `useRadius`, `validLocations`, `value`, `workmanship`, `animationFrameId`, `defaultScript`, `defaultScriptIntensity`, `elasticity`, `friction`, `locationId`, `modelTableId`, `objectScale`, `physicsBitField`, `physicsTableId`, `motionTableId`, `soundTableId`, `physicsState`, `translucency`)
VALUES (1911234560, 'Life Stone', 268435456, 0, 0, 1, 16404, 0, 0, 0, 0, 0, 0, 9437232, 0, 100668245, 0, 0, 0, 0, 0, 0, 0, 0, 4, 0, 0, 0, 0, 0, 32, 2, 0, 0, 0, 0, 0, 0, 0, 0, 0, 33558189, 0, 100355, 0, 150995232, 536870932, 1040, 0);

INSERT INTO `ace_object` (`baseAceObjectId`, `weenieClassId`, `landblock`, `cell`, `posX`, `posY`, `posZ`, `qW`, `qX`, `qY`, `qZ`)
VALUES (1911234560, 23618, 7858, 46, 131.594, 131.909, 2, -0.9995194, 0, 0, -0.03099881);

INSERT INTO `base_ace_object` (`baseAceObjectId`, `name`, `typeId`, `paletteId`, `ammoType`, `blipColor`, `bitField`, `burden`, `combatUse`, `cooldownDuration`, `cooldownId`, `effects`, `containersCapacity`, `header`, `hookTypeId`, `iconId`, `iconOverlayId`, `iconUnderlayId`, `hookItemTypes`, `itemsCapacity`, `location`, `materialType`, `maxStackSize`, `maxStructure`, `radar`, `pscript`, `spellId`, `stackSize`, `structure`, `targetTypeId`, `usability`, `useRadius`, `validLocations`, `value`, `workmanship`, `animationFrameId`, `defaultScript`, `defaultScriptIntensity`, `elasticity`, `friction`, `locationId`, `modelTableId`, `objectScale`, `physicsBitField`, `physicsTableId`, `motionTableId`, `soundTableId`, `physicsState`, `translucency`)
VALUES (2021163008, 'Life Stone', 268435456, 0, 0, 1, 16404, 0, 0, 0, 0, 0, 0, 9437232, 0, 100668245, 0, 0, 0, 0, 0, 0, 0, 0, 4, 0, 0, 0, 0, 0, 32, 2, 0, 0, 0, 0, 0, 0, 0, 0, 0, 33555182, 0, 100355, 0, 150994982, 536870932, 1040, 0);

INSERT INTO `ace_object` (`baseAceObjectId`, `weenieClassId`, `landblock`, `cell`, `posX`, `posY`, `posZ`, `qW`, `qX`, `qY`, `qZ`)
VALUES (2021163008, 509, 34696, 4, 21.4482, 91.477, 108, 0.7154628, 0, 0, -0.6986508);

INSERT INTO `base_ace_object` (`baseAceObjectId`, `name`, `typeId`, `paletteId`, `ammoType`, `blipColor`, `bitField`, `burden`, `combatUse`, `cooldownDuration`, `cooldownId`, `effects`, `containersCapacity`, `header`, `hookTypeId`, `iconId`, `iconOverlayId`, `iconUnderlayId`, `hookItemTypes`, `itemsCapacity`, `location`, `materialType`, `maxStackSize`, `maxStructure`, `radar`, `pscript`, `spellId`, `stackSize`, `structure`, `targetTypeId`, `usability`, `useRadius`, `validLocations`, `value`, `workmanship`, `animationFrameId`, `defaultScript`, `defaultScriptIntensity`, `elasticity`, `friction`, `locationId`, `modelTableId`, `objectScale`, `physicsBitField`, `physicsTableId`, `motionTableId`, `soundTableId`, `physicsState`, `translucency`)
VALUES (2010714112, 'Life Stone', 268435456, 0, 0, 1, 16404, 0, 0, 0, 0, 0, 0, 9437232, 0, 100668245, 0, 0, 0, 0, 0, 0, 0, 0, 4, 0, 0, 0, 0, 0, 32, 2, 0, 0, 0, 0, 0, 0, 0, 0, 0, 33555182, 0, 100355, 0, 150994982, 536870932, 1040, 0);

INSERT INTO `ace_object` (`baseAceObjectId`, `weenieClassId`, `landblock`, `cell`, `posX`, `posY`, `posZ`, `qW`, `qX`, `qY`, `qZ`)
VALUES (2010714112, 509, 32145, 49, 155.135, 6.80181, 124, -0.2533321, 0, 0, 0.9673794);

INSERT INTO `base_ace_object` (`baseAceObjectId`, `name`, `typeId`, `paletteId`, `ammoType`, `blipColor`, `bitField`, `burden`, `combatUse`, `cooldownDuration`, `cooldownId`, `effects`, `containersCapacity`, `header`, `hookTypeId`, `iconId`, `iconOverlayId`, `iconUnderlayId`, `hookItemTypes`, `itemsCapacity`, `location`, `materialType`, `maxStackSize`, `maxStructure`, `radar`, `pscript`, `spellId`, `stackSize`, `structure`, `targetTypeId`, `usability`, `useRadius`, `validLocations`, `value`, `workmanship`, `animationFrameId`, `defaultScript`, `defaultScriptIntensity`, `elasticity`, `friction`, `locationId`, `modelTableId`, `objectScale`, `physicsBitField`, `physicsTableId`, `motionTableId`, `soundTableId`, `physicsState`, `translucency`)
VALUES (2086256640, 'Life Stone', 268435456, 0, 0, 1, 16404, 0, 0, 0, 0, 0, 0, 9437232, 0, 100668245, 0, 0, 0, 0, 0, 0, 0, 0, 4, 0, 0, 0, 0, 0, 32, 2, 0, 0, 0, 0, 0, 0, 0, 0, 0, 33555182, 0, 100355, 0, 150994982, 536870932, 1040, 0);

INSERT INTO `ace_object` (`baseAceObjectId`, `weenieClassId`, `landblock`, `cell`, `posX`, `posY`, `posZ`, `qW`, `qX`, `qY`, `qZ`)
VALUES (2086256640, 509, 50588, 45, 132, 111, 10, -0.9999998, 0, 0, -0.0007244668);

INSERT INTO `base_ace_object` (`baseAceObjectId`, `name`, `typeId`, `paletteId`, `ammoType`, `blipColor`, `bitField`, `burden`, `combatUse`, `cooldownDuration`, `cooldownId`, `effects`, `containersCapacity`, `header`, `hookTypeId`, `iconId`, `iconOverlayId`, `iconUnderlayId`, `hookItemTypes`, `itemsCapacity`, `location`, `materialType`, `maxStackSize`, `maxStructure`, `radar`, `pscript`, `spellId`, `stackSize`, `structure`, `targetTypeId`, `usability`, `useRadius`, `validLocations`, `value`, `workmanship`, `animationFrameId`, `defaultScript`, `defaultScriptIntensity`, `elasticity`, `friction`, `locationId`, `modelTableId`, `objectScale`, `physicsBitField`, `physicsTableId`, `motionTableId`, `soundTableId`, `physicsState`, `translucency`)
VALUES (2046513152, 'Life Stone', 268435456, 0, 0, 1, 16404, 0, 0, 0, 0, 0, 0, 9437232, 0, 100668245, 0, 0, 0, 0, 0, 0, 0, 0, 4, 0, 0, 0, 0, 0, 32, 2, 0, 0, 0, 0, 0, 0, 0, 0, 0, 33555182, 0, 100355, 0, 150994982, 536870932, 1040, 0);

INSERT INTO `ace_object` (`baseAceObjectId`, `weenieClassId`, `landblock`, `cell`, `posX`, `posY`, `posZ`, `qW`, `qX`, `qY`, `qZ`)
VALUES (2046513152, 509, 40885, 52, 157.726, 85.8647, 94.01156, -0.9765991, 0, 0, -0.215068);

INSERT INTO `base_ace_object` (`baseAceObjectId`, `name`, `typeId`, `paletteId`, `ammoType`, `blipColor`, `bitField`, `burden`, `combatUse`, `cooldownDuration`, `cooldownId`, `effects`, `containersCapacity`, `header`, `hookTypeId`, `iconId`, `iconOverlayId`, `iconUnderlayId`, `hookItemTypes`, `itemsCapacity`, `location`, `materialType`, `maxStackSize`, `maxStructure`, `radar`, `pscript`, `spellId`, `stackSize`, `structure`, `targetTypeId`, `usability`, `useRadius`, `validLocations`, `value`, `workmanship`, `animationFrameId`, `defaultScript`, `defaultScriptIntensity`, `elasticity`, `friction`, `locationId`, `modelTableId`, `objectScale`, `physicsBitField`, `physicsTableId`, `motionTableId`, `soundTableId`, `physicsState`, `translucency`)
VALUES (2051403776, 'Life Stone', 268435456, 0, 0, 1, 16404, 0, 0, 0, 0, 0, 0, 9437232, 0, 100668245, 0, 0, 0, 0, 0, 0, 0, 0, 4, 0, 0, 0, 0, 0, 32, 2, 0, 0, 0, 0, 0, 0, 0, 0, 0, 33555182, 0, 100355, 0, 150994982, 536870932, 1040, 0);

INSERT INTO `ace_object` (`baseAceObjectId`, `weenieClassId`, `landblock`, `cell`, `posX`, `posY`, `posZ`, `qW`, `qX`, `qY`, `qZ`)
VALUES (2051403776, 509, 42079, 51, 161.594, 69.204, 33.46616, 0.9718775, 0, 0, -0.2354869);

INSERT INTO `base_ace_object` (`baseAceObjectId`, `name`, `typeId`, `paletteId`, `ammoType`, `blipColor`, `bitField`, `burden`, `combatUse`, `cooldownDuration`, `cooldownId`, `effects`, `containersCapacity`, `header`, `hookTypeId`, `iconId`, `iconOverlayId`, `iconUnderlayId`, `hookItemTypes`, `itemsCapacity`, `location`, `materialType`, `maxStackSize`, `maxStructure`, `radar`, `pscript`, `spellId`, `stackSize`, `structure`, `targetTypeId`, `usability`, `useRadius`, `validLocations`, `value`, `workmanship`, `animationFrameId`, `defaultScript`, `defaultScriptIntensity`, `elasticity`, `friction`, `locationId`, `modelTableId`, `objectScale`, `physicsBitField`, `physicsTableId`, `motionTableId`, `soundTableId`, `physicsState`, `translucency`)
VALUES (1915863040, 'Life Stone', 268435456, 0, 0, 1, 16404, 0, 0, 0, 0, 0, 0, 9437232, 0, 100668245, 0, 0, 0, 0, 0, 0, 0, 0, 4, 0, 0, 0, 0, 0, 32, 2, 0, 0, 0, 0, 0, 0, 0, 0, 0, 33555182, 0, 100355, 0, 150994982, 536870932, 1040, 0);

INSERT INTO `ace_object` (`baseAceObjectId`, `weenieClassId`, `landblock`, `cell`, `posX`, `posY`, `posZ`, `qW`, `qX`, `qY`, `qZ`)
VALUES (1915863040, 509, 8988, 47, 139.183, 150.765, 44, 0.9447703, 0, 0, 0.3277331);

INSERT INTO `base_ace_object` (`baseAceObjectId`, `name`, `typeId`, `paletteId`, `ammoType`, `blipColor`, `bitField`, `burden`, `combatUse`, `cooldownDuration`, `cooldownId`, `effects`, `containersCapacity`, `header`, `hookTypeId`, `iconId`, `iconOverlayId`, `iconUnderlayId`, `hookItemTypes`, `itemsCapacity`, `location`, `materialType`, `maxStackSize`, `maxStructure`, `radar`, `pscript`, `spellId`, `stackSize`, `structure`, `targetTypeId`, `usability`, `useRadius`, `validLocations`, `value`, `workmanship`, `animationFrameId`, `defaultScript`, `defaultScriptIntensity`, `elasticity`, `friction`, `locationId`, `modelTableId`, `objectScale`, `physicsBitField`, `physicsTableId`, `motionTableId`, `soundTableId`, `physicsState`, `translucency`)
VALUES (1942228992, 'Life Stone', 268435456, 0, 0, 1, 16404, 0, 0, 0, 0, 0, 0, 9437232, 0, 100668245, 0, 0, 0, 0, 0, 0, 0, 0, 4, 0, 0, 0, 0, 0, 32, 2, 0, 0, 0, 0, 0, 0, 0, 0, 0, 33555182, 0, 100355, 0, 150994982, 536870932, 1040, 0);

INSERT INTO `ace_object` (`baseAceObjectId`, `weenieClassId`, `landblock`, `cell`, `posX`, `posY`, `posZ`, `qW`, `qX`, `qY`, `qZ`)
VALUES (1942228992, 509, 15425, 17, 66.87206, 18.362, 12.26286, -0.4988959, 0, 0, -0.8666619);

INSERT INTO `base_ace_object` (`baseAceObjectId`, `name`, `typeId`, `paletteId`, `ammoType`, `blipColor`, `bitField`, `burden`, `combatUse`, `cooldownDuration`, `cooldownId`, `effects`, `containersCapacity`, `header`, `hookTypeId`, `iconId`, `iconOverlayId`, `iconUnderlayId`, `hookItemTypes`, `itemsCapacity`, `location`, `materialType`, `maxStackSize`, `maxStructure`, `radar`, `pscript`, `spellId`, `stackSize`, `structure`, `targetTypeId`, `usability`, `useRadius`, `validLocations`, `value`, `workmanship`, `animationFrameId`, `defaultScript`, `defaultScriptIntensity`, `elasticity`, `friction`, `locationId`, `modelTableId`, `objectScale`, `physicsBitField`, `physicsTableId`, `motionTableId`, `soundTableId`, `physicsState`, `translucency`)
VALUES (1938194432, 'Life Stone', 268435456, 0, 0, 1, 16404, 0, 0, 0, 0, 0, 0, 9437232, 0, 100668245, 0, 0, 0, 0, 0, 0, 0, 0, 4, 0, 0, 0, 0, 0, 32, 2, 0, 0, 0, 0, 0, 0, 0, 0, 0, 33555182, 0, 100355, 0, 150994982, 536870932, 1040, 0);

INSERT INTO `ace_object` (`baseAceObjectId`, `weenieClassId`, `landblock`, `cell`, `posX`, `posY`, `posZ`, `qW`, `qX`, `qY`, `qZ`)
VALUES (1938194432, 509, 14440, 23, 68.7585, 164.861, 43.46829, 0.9816552, 0, 0, -0.190665);

INSERT INTO `base_ace_object` (`baseAceObjectId`, `name`, `typeId`, `paletteId`, `ammoType`, `blipColor`, `bitField`, `burden`, `combatUse`, `cooldownDuration`, `cooldownId`, `effects`, `containersCapacity`, `header`, `hookTypeId`, `iconId`, `iconOverlayId`, `iconUnderlayId`, `hookItemTypes`, `itemsCapacity`, `location`, `materialType`, `maxStackSize`, `maxStructure`, `radar`, `pscript`, `spellId`, `stackSize`, `structure`, `targetTypeId`, `usability`, `useRadius`, `validLocations`, `value`, `workmanship`, `animationFrameId`, `defaultScript`, `defaultScriptIntensity`, `elasticity`, `friction`, `locationId`, `modelTableId`, `objectScale`, `physicsBitField`, `physicsTableId`, `motionTableId`, `soundTableId`, `physicsState`, `translucency`)
VALUES (2070224896, 'Life Stone', 268435456, 0, 0, 1, 16404, 0, 0, 0, 0, 0, 0, 9437232, 0, 100668245, 0, 0, 0, 0, 0, 0, 0, 0, 4, 0, 0, 0, 0, 0, 32, 2, 0, 0, 0, 0, 0, 0, 0, 0, 0, 33555182, 0, 100355, 0, 150994982, 536870932, 1040, 0);

INSERT INTO `ace_object` (`baseAceObjectId`, `weenieClassId`, `landblock`, `cell`, `posX`, `posY`, `posZ`, `qW`, `qX`, `qY`, `qZ`)
VALUES (2070224896, 509, 46674, 51, 156.412, 65.5844, 4, 0.9991515, 0, 0, -0.04118622);

INSERT INTO `base_ace_object` (`baseAceObjectId`, `name`, `typeId`, `paletteId`, `ammoType`, `blipColor`, `bitField`, `burden`, `combatUse`, `cooldownDuration`, `cooldownId`, `effects`, `containersCapacity`, `header`, `hookTypeId`, `iconId`, `iconOverlayId`, `iconUnderlayId`, `hookItemTypes`, `itemsCapacity`, `location`, `materialType`, `maxStackSize`, `maxStructure`, `radar`, `pscript`, `spellId`, `stackSize`, `structure`, `targetTypeId`, `usability`, `useRadius`, `validLocations`, `value`, `workmanship`, `animationFrameId`, `defaultScript`, `defaultScriptIntensity`, `elasticity`, `friction`, `locationId`, `modelTableId`, `objectScale`, `physicsBitField`, `physicsTableId`, `motionTableId`, `soundTableId`, `physicsState`, `translucency`)
VALUES (1897934938, 'Lugian Lifestone', 268435456, 0, 0, 1, 16404, 0, 0, 0, 0, 0, 0, 9437232, 0, 100675939, 0, 0, 0, 0, 0, 0, 0, 0, 4, 0, 0, 0, 0, 0, 32, 2, 0, 0, 0, 0, 0, 0, 0, 0, 0, 33558653, 0, 100355, 0, 150995280, 536870932, 1040, 0);

INSERT INTO `ace_object` (`baseAceObjectId`, `weenieClassId`, `landblock`, `cell`, `posX`, `posY`, `posZ`, `qW`, `qX`, `qY`, `qZ`)
VALUES (1897934938, 27096, 4611, 28, 86.3982, 87.6325, 51, -0.945018, 0, 0, -0.327018);

INSERT INTO `base_ace_object` (`baseAceObjectId`, `name`, `typeId`, `paletteId`, `ammoType`, `blipColor`, `bitField`, `burden`, `combatUse`, `cooldownDuration`, `cooldownId`, `effects`, `containersCapacity`, `header`, `hookTypeId`, `iconId`, `iconOverlayId`, `iconUnderlayId`, `hookItemTypes`, `itemsCapacity`, `location`, `materialType`, `maxStackSize`, `maxStructure`, `radar`, `pscript`, `spellId`, `stackSize`, `structure`, `targetTypeId`, `usability`, `useRadius`, `validLocations`, `value`, `workmanship`, `animationFrameId`, `defaultScript`, `defaultScriptIntensity`, `elasticity`, `friction`, `locationId`, `modelTableId`, `objectScale`, `physicsBitField`, `physicsTableId`, `motionTableId`, `soundTableId`, `physicsState`, `translucency`)
VALUES (2049093632, 'Life Stone', 268435456, 0, 0, 1, 16404, 0, 0, 0, 0, 0, 0, 9437232, 0, 100668245, 0, 0, 0, 0, 0, 0, 0, 0, 4, 0, 0, 0, 0, 0, 32, 2, 0, 0, 0, 0, 0, 0, 0, 0, 0, 33555182, 0, 100355, 0, 150994982, 536870932, 1040, 0);

INSERT INTO `ace_object` (`baseAceObjectId`, `weenieClassId`, `landblock`, `cell`, `posX`, `posY`, `posZ`, `qW`, `qX`, `qY`, `qZ`)
VALUES (2049093632, 509, 41515, 51, 155.769, 60.146, 140.4032, 0.6194299, 0, 0, -0.7850519);

INSERT INTO `base_ace_object` (`baseAceObjectId`, `name`, `typeId`, `paletteId`, `ammoType`, `blipColor`, `bitField`, `burden`, `combatUse`, `cooldownDuration`, `cooldownId`, `effects`, `containersCapacity`, `header`, `hookTypeId`, `iconId`, `iconOverlayId`, `iconUnderlayId`, `hookItemTypes`, `itemsCapacity`, `location`, `materialType`, `maxStackSize`, `maxStructure`, `radar`, `pscript`, `spellId`, `stackSize`, `structure`, `targetTypeId`, `usability`, `useRadius`, `validLocations`, `value`, `workmanship`, `animationFrameId`, `defaultScript`, `defaultScriptIntensity`, `elasticity`, `friction`, `locationId`, `modelTableId`, `objectScale`, `physicsBitField`, `physicsTableId`, `motionTableId`, `soundTableId`, `physicsState`, `translucency`)
VALUES (2050920448, 'Life Stone', 268435456, 0, 0, 1, 16404, 0, 0, 0, 0, 0, 0, 9437232, 0, 100668245, 0, 0, 0, 0, 0, 0, 0, 0, 4, 0, 0, 0, 0, 0, 32, 2, 0, 0, 0, 0, 0, 0, 0, 0, 0, 33555182, 0, 100355, 0, 150994982, 536870932, 1040, 0);

INSERT INTO `ace_object` (`baseAceObjectId`, `weenieClassId`, `landblock`, `cell`, `posX`, `posY`, `posZ`, `qW`, `qX`, `qY`, `qZ`)
VALUES (2050920448, 509, 41961, 6, 12.0158, 139.51, 35.37548, -0.5326129, 0, 0, -0.846359);

INSERT INTO `base_ace_object` (`baseAceObjectId`, `name`, `typeId`, `paletteId`, `ammoType`, `blipColor`, `bitField`, `burden`, `combatUse`, `cooldownDuration`, `cooldownId`, `effects`, `containersCapacity`, `header`, `hookTypeId`, `iconId`, `iconOverlayId`, `iconUnderlayId`, `hookItemTypes`, `itemsCapacity`, `location`, `materialType`, `maxStackSize`, `maxStructure`, `radar`, `pscript`, `spellId`, `stackSize`, `structure`, `targetTypeId`, `usability`, `useRadius`, `validLocations`, `value`, `workmanship`, `animationFrameId`, `defaultScript`, `defaultScriptIntensity`, `elasticity`, `friction`, `locationId`, `modelTableId`, `objectScale`, `physicsBitField`, `physicsTableId`, `motionTableId`, `soundTableId`, `physicsState`, `translucency`)
VALUES (2009927680, 'Life Stone', 268435456, 0, 0, 1, 16404, 0, 0, 0, 0, 0, 0, 9437232, 0, 100668245, 0, 0, 0, 0, 0, 0, 0, 0, 4, 0, 0, 0, 0, 0, 32, 2, 0, 0, 0, 0, 0, 0, 0, 0, 0, 33555182, 0, 100355, 0, 150994982, 536870932, 1040, 0);

INSERT INTO `ace_object` (`baseAceObjectId`, `weenieClassId`, `landblock`, `cell`, `posX`, `posY`, `posZ`, `qW`, `qX`, `qY`, `qZ`)
VALUES (2009927680, 509, 31953, 15, 38.3906, 159.581, 165.2984, 0.6433191, 0, 0, -0.7655981);

INSERT INTO `base_ace_object` (`baseAceObjectId`, `name`, `typeId`, `paletteId`, `ammoType`, `blipColor`, `bitField`, `burden`, `combatUse`, `cooldownDuration`, `cooldownId`, `effects`, `containersCapacity`, `header`, `hookTypeId`, `iconId`, `iconOverlayId`, `iconUnderlayId`, `hookItemTypes`, `itemsCapacity`, `location`, `materialType`, `maxStackSize`, `maxStructure`, `radar`, `pscript`, `spellId`, `stackSize`, `structure`, `targetTypeId`, `usability`, `useRadius`, `validLocations`, `value`, `workmanship`, `animationFrameId`, `defaultScript`, `defaultScriptIntensity`, `elasticity`, `friction`, `locationId`, `modelTableId`, `objectScale`, `physicsBitField`, `physicsTableId`, `motionTableId`, `soundTableId`, `physicsState`, `translucency`)
VALUES (2884198038, 'Celestial Hand Banner', 268435456, 0, 0, 0, 20, 0, 0, 0, 0, 0, 0, 8388624, 0, 100689888, 0, 0, 0, 0, 0, 0, 0, 0, 1, 0, 0, 0, 0, 0, 1, 0, 0, 0, 0, 0, 0, 0, 0, 0, 0, 33560562, 0, 34817, 0, 0, 536870932, 1040, 0);

INSERT INTO `ace_object` (`baseAceObjectId`, `weenieClassId`, `landblock`, `cell`, `posX`, `posY`, `posZ`, `qW`, `qX`, `qY`, `qZ`)
VALUES (2884198038, 38053, 63791, 23, 55.0462, 144.829, 148, 1, 0, 0, 0);

INSERT INTO `base_ace_object` (`baseAceObjectId`, `name`, `typeId`, `paletteId`, `ammoType`, `blipColor`, `bitField`, `burden`, `combatUse`, `cooldownDuration`, `cooldownId`, `effects`, `containersCapacity`, `header`, `hookTypeId`, `iconId`, `iconOverlayId`, `iconUnderlayId`, `hookItemTypes`, `itemsCapacity`, `location`, `materialType`, `maxStackSize`, `maxStructure`, `radar`, `pscript`, `spellId`, `stackSize`, `structure`, `targetTypeId`, `usability`, `useRadius`, `validLocations`, `value`, `workmanship`, `animationFrameId`, `defaultScript`, `defaultScriptIntensity`, `elasticity`, `friction`, `locationId`, `modelTableId`, `objectScale`, `physicsBitField`, `physicsTableId`, `motionTableId`, `soundTableId`, `physicsState`, `translucency`)
VALUES (2884313894, 'Celestial Hand Banner', 268435456, 0, 0, 0, 20, 0, 0, 0, 0, 0, 0, 8388624, 0, 100689888, 0, 0, 0, 0, 0, 0, 0, 0, 1, 0, 0, 0, 0, 0, 1, 0, 0, 0, 0, 0, 0, 0, 0, 0, 0, 33560562, 0, 34817, 0, 0, 536870932, 1040, 0);

INSERT INTO `ace_object` (`baseAceObjectId`, `weenieClassId`, `landblock`, `cell`, `posX`, `posY`, `posZ`, `qW`, `qX`, `qY`, `qZ`)
VALUES (2884313894, 38053, 63791, 23, 64.955, 144.678, 148, 1, 0, 0, 0);

INSERT INTO `base_ace_object` (`baseAceObjectId`, `name`, `typeId`, `paletteId`, `ammoType`, `blipColor`, `bitField`, `burden`, `combatUse`, `cooldownDuration`, `cooldownId`, `effects`, `containersCapacity`, `header`, `hookTypeId`, `iconId`, `iconOverlayId`, `iconUnderlayId`, `hookItemTypes`, `itemsCapacity`, `location`, `materialType`, `maxStackSize`, `maxStructure`, `radar`, `pscript`, `spellId`, `stackSize`, `structure`, `targetTypeId`, `usability`, `useRadius`, `validLocations`, `value`, `workmanship`, `animationFrameId`, `defaultScript`, `defaultScriptIntensity`, `elasticity`, `friction`, `locationId`, `modelTableId`, `objectScale`, `physicsBitField`, `physicsTableId`, `motionTableId`, `soundTableId`, `physicsState`, `translucency`)
VALUES (2884193764, 'Celestial Hand Banner', 268435456, 0, 0, 0, 20, 0, 0, 0, 0, 0, 0, 8388624, 0, 100689888, 0, 0, 0, 0, 0, 0, 0, 0, 1, 0, 0, 0, 0, 0, 1, 0, 0, 0, 0, 0, 0, 0, 0, 0, 0, 33560562, 0, 34817, 0, 0, 536870932, 1040, 0);

INSERT INTO `ace_object` (`baseAceObjectId`, `weenieClassId`, `landblock`, `cell`, `posX`, `posY`, `posZ`, `qW`, `qX`, `qY`, `qZ`)
VALUES (2884193764, 38053, 63791, 20, 54.9534, 95.0478, 148, 1, 0, 0, 0);

INSERT INTO `base_ace_object` (`baseAceObjectId`, `name`, `typeId`, `paletteId`, `ammoType`, `blipColor`, `bitField`, `burden`, `combatUse`, `cooldownDuration`, `cooldownId`, `effects`, `containersCapacity`, `header`, `hookTypeId`, `iconId`, `iconOverlayId`, `iconUnderlayId`, `hookItemTypes`, `itemsCapacity`, `location`, `materialType`, `maxStackSize`, `maxStructure`, `radar`, `pscript`, `spellId`, `stackSize`, `structure`, `targetTypeId`, `usability`, `useRadius`, `validLocations`, `value`, `workmanship`, `animationFrameId`, `defaultScript`, `defaultScriptIntensity`, `elasticity`, `friction`, `locationId`, `modelTableId`, `objectScale`, `physicsBitField`, `physicsTableId`, `motionTableId`, `soundTableId`, `physicsState`, `translucency`)
VALUES (2884313862, 'Celestial Hand Banner', 268435456, 0, 0, 0, 20, 0, 0, 0, 0, 0, 0, 8388624, 0, 100689888, 0, 0, 0, 0, 0, 0, 0, 0, 1, 0, 0, 0, 0, 0, 1, 0, 0, 0, 0, 0, 0, 0, 0, 0, 0, 33560562, 0, 34817, 0, 0, 536870932, 1040, 0);

INSERT INTO `ace_object` (`baseAceObjectId`, `weenieClassId`, `landblock`, `cell`, `posX`, `posY`, `posZ`, `qW`, `qX`, `qY`, `qZ`)
VALUES (2884313862, 38053, 63791, 20, 64.992, 94.8951, 148, 1, 0, 0, 0);

INSERT INTO `base_ace_object` (`baseAceObjectId`, `name`, `typeId`, `paletteId`, `ammoType`, `blipColor`, `bitField`, `burden`, `combatUse`, `cooldownDuration`, `cooldownId`, `effects`, `containersCapacity`, `header`, `hookTypeId`, `iconId`, `iconOverlayId`, `iconUnderlayId`, `hookItemTypes`, `itemsCapacity`, `location`, `materialType`, `maxStackSize`, `maxStructure`, `radar`, `pscript`, `spellId`, `stackSize`, `structure`, `targetTypeId`, `usability`, `useRadius`, `validLocations`, `value`, `workmanship`, `animationFrameId`, `defaultScript`, `defaultScriptIntensity`, `elasticity`, `friction`, `locationId`, `modelTableId`, `objectScale`, `physicsBitField`, `physicsTableId`, `motionTableId`, `soundTableId`, `physicsState`, `translucency`)
VALUES (2884313817, 'Celestial Hand Banner', 268435456, 0, 0, 0, 20, 0, 0, 0, 0, 0, 0, 8388624, 0, 100689888, 0, 0, 0, 0, 0, 0, 0, 0, 1, 0, 0, 0, 0, 0, 1, 0, 0, 0, 0, 0, 0, 0, 0, 0, 0, 33560562, 0, 34817, 0, 0, 536870932, 1040, 0);

INSERT INTO `ace_object` (`baseAceObjectId`, `weenieClassId`, `landblock`, `cell`, `posX`, `posY`, `posZ`, `qW`, `qX`, `qY`, `qZ`)
VALUES (2884313817, 38053, 63791, 19, 60.9896, 70.878, 148, 1, 0, 0, 0);

INSERT INTO `base_ace_object` (`baseAceObjectId`, `name`, `typeId`, `paletteId`, `ammoType`, `blipColor`, `bitField`, `burden`, `combatUse`, `cooldownDuration`, `cooldownId`, `effects`, `containersCapacity`, `header`, `hookTypeId`, `iconId`, `iconOverlayId`, `iconUnderlayId`, `hookItemTypes`, `itemsCapacity`, `location`, `materialType`, `maxStackSize`, `maxStructure`, `radar`, `pscript`, `spellId`, `stackSize`, `structure`, `targetTypeId`, `usability`, `useRadius`, `validLocations`, `value`, `workmanship`, `animationFrameId`, `defaultScript`, `defaultScriptIntensity`, `elasticity`, `friction`, `locationId`, `modelTableId`, `objectScale`, `physicsBitField`, `physicsTableId`, `motionTableId`, `soundTableId`, `physicsState`, `translucency`)
VALUES (2884313852, 'Celestial Hand Banner', 268435456, 0, 0, 0, 20, 0, 0, 0, 0, 0, 0, 8388624, 0, 100689888, 0, 0, 0, 0, 0, 0, 0, 0, 1, 0, 0, 0, 0, 0, 1, 0, 0, 0, 0, 0, 0, 0, 0, 0, 0, 33560562, 0, 34817, 0, 0, 536870932, 1040, 0);

INSERT INTO `ace_object` (`baseAceObjectId`, `weenieClassId`, `landblock`, `cell`, `posX`, `posY`, `posZ`, `qW`, `qX`, `qY`, `qZ`)
VALUES (2884313852, 38053, 63791, 19, 52.5972, 70.9288, 148, 1, 0, 0, 0);

INSERT INTO `base_ace_object` (`baseAceObjectId`, `name`, `typeId`, `paletteId`, `ammoType`, `blipColor`, `bitField`, `burden`, `combatUse`, `cooldownDuration`, `cooldownId`, `effects`, `containersCapacity`, `header`, `hookTypeId`, `iconId`, `iconOverlayId`, `iconUnderlayId`, `hookItemTypes`, `itemsCapacity`, `location`, `materialType`, `maxStackSize`, `maxStructure`, `radar`, `pscript`, `spellId`, `stackSize`, `structure`, `targetTypeId`, `usability`, `useRadius`, `validLocations`, `value`, `workmanship`, `animationFrameId`, `defaultScript`, `defaultScriptIntensity`, `elasticity`, `friction`, `locationId`, `modelTableId`, `objectScale`, `physicsBitField`, `physicsTableId`, `motionTableId`, `soundTableId`, `physicsState`, `translucency`)
VALUES (2026754055, 'Life Stone', 268435456, 0, 0, 1, 16404, 0, 0, 0, 0, 0, 0, 9437232, 0, 100668245, 0, 0, 0, 0, 0, 0, 0, 0, 4, 0, 0, 0, 0, 0, 32, 2, 0, 0, 0, 0, 0, 0, 0, 0, 0, 33555182, 0, 100355, 0, 150994982, 536870932, 1040, 0);

INSERT INTO `ace_object` (`baseAceObjectId`, `weenieClassId`, `landblock`, `cell`, `posX`, `posY`, `posZ`, `qW`, `qX`, `qY`, `qZ`)
VALUES (2026754055, 509, 36061, 31, 83.672, 154.013, 73.02734, 0.5248969, 0, 0, 0.8511658);

INSERT INTO `base_ace_object` (`baseAceObjectId`, `name`, `typeId`, `paletteId`, `ammoType`, `blipColor`, `bitField`, `burden`, `combatUse`, `cooldownDuration`, `cooldownId`, `effects`, `containersCapacity`, `header`, `hookTypeId`, `iconId`, `iconOverlayId`, `iconUnderlayId`, `hookItemTypes`, `itemsCapacity`, `location`, `materialType`, `maxStackSize`, `maxStructure`, `radar`, `pscript`, `spellId`, `stackSize`, `structure`, `targetTypeId`, `usability`, `useRadius`, `validLocations`, `value`, `workmanship`, `animationFrameId`, `defaultScript`, `defaultScriptIntensity`, `elasticity`, `friction`, `locationId`, `modelTableId`, `objectScale`, `physicsBitField`, `physicsTableId`, `motionTableId`, `soundTableId`, `physicsState`, `translucency`)
VALUES (2048266240, 'Life Stone', 268435456, 0, 0, 1, 16404, 0, 0, 0, 0, 0, 0, 9437232, 0, 100668245, 0, 0, 0, 0, 0, 0, 0, 0, 4, 0, 0, 0, 0, 0, 32, 2, 0, 0, 0, 0, 0, 0, 0, 0, 0, 33555182, 0, 100355, 0, 150994982, 536870932, 1040, 0);

INSERT INTO `ace_object` (`baseAceObjectId`, `weenieClassId`, `landblock`, `cell`, `posX`, `posY`, `posZ`, `qW`, `qX`, `qY`, `qZ`)
VALUES (2048266240, 509, 41313, 43, 140.747, 50.8971, 132, 0.379972, 0, 0, -0.924998);

INSERT INTO `base_ace_object` (`baseAceObjectId`, `name`, `typeId`, `paletteId`, `ammoType`, `blipColor`, `bitField`, `burden`, `combatUse`, `cooldownDuration`, `cooldownId`, `effects`, `containersCapacity`, `header`, `hookTypeId`, `iconId`, `iconOverlayId`, `iconUnderlayId`, `hookItemTypes`, `itemsCapacity`, `location`, `materialType`, `maxStackSize`, `maxStructure`, `radar`, `pscript`, `spellId`, `stackSize`, `structure`, `targetTypeId`, `usability`, `useRadius`, `validLocations`, `value`, `workmanship`, `animationFrameId`, `defaultScript`, `defaultScriptIntensity`, `elasticity`, `friction`, `locationId`, `modelTableId`, `objectScale`, `physicsBitField`, `physicsTableId`, `motionTableId`, `soundTableId`, `physicsState`, `translucency`)
VALUES (2096762880, 'Life Stone', 268435456, 0, 0, 1, 16404, 0, 0, 0, 0, 0, 0, 9437232, 0, 100668245, 0, 0, 0, 0, 0, 0, 0, 0, 4, 0, 0, 0, 0, 0, 32, 2, 0, 0, 0, 0, 0, 0, 0, 0, 0, 33555182, 0, 100355, 0, 150994982, 536870932, 1040, 0);

INSERT INTO `ace_object` (`baseAceObjectId`, `weenieClassId`, `landblock`, `cell`, `posX`, `posY`, `posZ`, `qW`, `qX`, `qY`, `qZ`)
VALUES (2096762880, 509, 53153, 14, 33.291, 130.168, 16.07308, 0.6034852, 0, 0, 0.7973742);

INSERT INTO `base_ace_object` (`baseAceObjectId`, `name`, `typeId`, `paletteId`, `ammoType`, `blipColor`, `bitField`, `burden`, `combatUse`, `cooldownDuration`, `cooldownId`, `effects`, `containersCapacity`, `header`, `hookTypeId`, `iconId`, `iconOverlayId`, `iconUnderlayId`, `hookItemTypes`, `itemsCapacity`, `location`, `materialType`, `maxStackSize`, `maxStructure`, `radar`, `pscript`, `spellId`, `stackSize`, `structure`, `targetTypeId`, `usability`, `useRadius`, `validLocations`, `value`, `workmanship`, `animationFrameId`, `defaultScript`, `defaultScriptIntensity`, `elasticity`, `friction`, `locationId`, `modelTableId`, `objectScale`, `physicsBitField`, `physicsTableId`, `motionTableId`, `soundTableId`, `physicsState`, `translucency`)
VALUES (2020614152, 'Life Stone', 268435456, 0, 0, 1, 16404, 0, 0, 0, 0, 0, 0, 9437232, 0, 100668245, 0, 0, 0, 0, 0, 0, 0, 0, 4, 0, 0, 0, 0, 0, 32, 2, 0, 0, 0, 0, 0, 0, 0, 0, 0, 33555182, 0, 100355, 0, 150994982, 536870932, 1040, 0);

INSERT INTO `ace_object` (`baseAceObjectId`, `weenieClassId`, `landblock`, `cell`, `posX`, `posY`, `posZ`, `qW`, `qX`, `qY`, `qZ`)
VALUES (2020614152, 509, 34562, 308, 120, -160, -6, 0.020795, 0, 0, 0.9997838);

INSERT INTO `base_ace_object` (`baseAceObjectId`, `name`, `typeId`, `paletteId`, `ammoType`, `blipColor`, `bitField`, `burden`, `combatUse`, `cooldownDuration`, `cooldownId`, `effects`, `containersCapacity`, `header`, `hookTypeId`, `iconId`, `iconOverlayId`, `iconUnderlayId`, `hookItemTypes`, `itemsCapacity`, `location`, `materialType`, `maxStackSize`, `maxStructure`, `radar`, `pscript`, `spellId`, `stackSize`, `structure`, `targetTypeId`, `usability`, `useRadius`, `validLocations`, `value`, `workmanship`, `animationFrameId`, `defaultScript`, `defaultScriptIntensity`, `elasticity`, `friction`, `locationId`, `modelTableId`, `objectScale`, `physicsBitField`, `physicsTableId`, `motionTableId`, `soundTableId`, `physicsState`, `translucency`)
VALUES (2025865224, 'Life Stone', 268435456, 0, 0, 1, 16404, 0, 0, 0, 0, 0, 0, 9437232, 0, 100668245, 0, 0, 0, 0, 0, 0, 0, 0, 4, 0, 0, 0, 0, 0, 32, 2, 0, 0, 0, 0, 0, 0, 0, 0, 0, 33555182, 0, 100355, 0, 150994982, 536870932, 1040, 0);

INSERT INTO `ace_object` (`baseAceObjectId`, `weenieClassId`, `landblock`, `cell`, `posX`, `posY`, `posZ`, `qW`, `qX`, `qY`, `qZ`)
VALUES (2025865224, 509, 35844, 308, 120, -160, -6, 0.020795, 0, 0, 0.9997838);

INSERT INTO `base_ace_object` (`baseAceObjectId`, `name`, `typeId`, `paletteId`, `ammoType`, `blipColor`, `bitField`, `burden`, `combatUse`, `cooldownDuration`, `cooldownId`, `effects`, `containersCapacity`, `header`, `hookTypeId`, `iconId`, `iconOverlayId`, `iconUnderlayId`, `hookItemTypes`, `itemsCapacity`, `location`, `materialType`, `maxStackSize`, `maxStructure`, `radar`, `pscript`, `spellId`, `stackSize`, `structure`, `targetTypeId`, `usability`, `useRadius`, `validLocations`, `value`, `workmanship`, `animationFrameId`, `defaultScript`, `defaultScriptIntensity`, `elasticity`, `friction`, `locationId`, `modelTableId`, `objectScale`, `physicsBitField`, `physicsTableId`, `motionTableId`, `soundTableId`, `physicsState`, `translucency`)
VALUES (2026905608, 'Life Stone', 268435456, 0, 0, 1, 16404, 0, 0, 0, 0, 0, 0, 9437232, 0, 100668245, 0, 0, 0, 0, 0, 0, 0, 0, 4, 0, 0, 0, 0, 0, 32, 2, 0, 0, 0, 0, 0, 0, 0, 0, 0, 33555182, 0, 100355, 0, 150994982, 536870932, 1040, 0);

INSERT INTO `ace_object` (`baseAceObjectId`, `weenieClassId`, `landblock`, `cell`, `posX`, `posY`, `posZ`, `qW`, `qX`, `qY`, `qZ`)
VALUES (2026905608, 509, 36098, 308, 120, -160, -6, 0.020795, 0, 0, 0.9997838);

INSERT INTO `base_ace_object` (`baseAceObjectId`, `name`, `typeId`, `paletteId`, `ammoType`, `blipColor`, `bitField`, `burden`, `combatUse`, `cooldownDuration`, `cooldownId`, `effects`, `containersCapacity`, `header`, `hookTypeId`, `iconId`, `iconOverlayId`, `iconUnderlayId`, `hookItemTypes`, `itemsCapacity`, `location`, `materialType`, `maxStackSize`, `maxStructure`, `radar`, `pscript`, `spellId`, `stackSize`, `structure`, `targetTypeId`, `usability`, `useRadius`, `validLocations`, `value`, `workmanship`, `animationFrameId`, `defaultScript`, `defaultScriptIntensity`, `elasticity`, `friction`, `locationId`, `modelTableId`, `objectScale`, `physicsBitField`, `physicsTableId`, `motionTableId`, `soundTableId`, `physicsState`, `translucency`)
VALUES (1967226881, 'Life Stone', 268435456, 0, 0, 1, 16404, 0, 0, 0, 0, 0, 0, 9437232, 0, 100668245, 0, 0, 0, 0, 0, 0, 0, 0, 4, 0, 0, 0, 0, 0, 32, 2, 0, 0, 0, 0, 0, 0, 0, 0, 0, 33555182, 0, 100355, 0, 150994982, 536870932, 1040, 0);

INSERT INTO `ace_object` (`baseAceObjectId`, `weenieClassId`, `landblock`, `cell`, `posX`, `posY`, `posZ`, `qW`, `qX`, `qY`, `qZ`)
VALUES (1967226881, 509, 21528, 37, 111.376, 112.962, 68, -0.801898, 0, 0, -0.597461);

INSERT INTO `base_ace_object` (`baseAceObjectId`, `name`, `typeId`, `paletteId`, `ammoType`, `blipColor`, `bitField`, `burden`, `combatUse`, `cooldownDuration`, `cooldownId`, `effects`, `containersCapacity`, `header`, `hookTypeId`, `iconId`, `iconOverlayId`, `iconUnderlayId`, `hookItemTypes`, `itemsCapacity`, `location`, `materialType`, `maxStackSize`, `maxStructure`, `radar`, `pscript`, `spellId`, `stackSize`, `structure`, `targetTypeId`, `usability`, `useRadius`, `validLocations`, `value`, `workmanship`, `animationFrameId`, `defaultScript`, `defaultScriptIntensity`, `elasticity`, `friction`, `locationId`, `modelTableId`, `objectScale`, `physicsBitField`, `physicsTableId`, `motionTableId`, `soundTableId`, `physicsState`, `translucency`)
VALUES (1880760380, 'Life Stone', 268435456, 0, 0, 1, 16404, 0, 0, 0, 0, 0, 0, 9437232, 0, 100668245, 0, 0, 0, 0, 0, 0, 0, 0, 4, 0, 0, 0, 0, 0, 32, 2, 0, 0, 0, 0, 0, 0, 0, 0, 0, 33555182, 0, 100355, 0, 150994982, 536870932, 1040, 0);

INSERT INTO `ace_object` (`baseAceObjectId`, `weenieClassId`, `landblock`, `cell`, `posX`, `posY`, `posZ`, `qW`, `qX`, `qY`, `qZ`)
VALUES (1880760380, 509, 418, 523, 40, -50, -42, -0.7071068, 0, 0, -0.7071068);

INSERT INTO `base_ace_object` (`baseAceObjectId`, `name`, `typeId`, `paletteId`, `ammoType`, `blipColor`, `bitField`, `burden`, `combatUse`, `cooldownDuration`, `cooldownId`, `effects`, `containersCapacity`, `header`, `hookTypeId`, `iconId`, `iconOverlayId`, `iconUnderlayId`, `hookItemTypes`, `itemsCapacity`, `location`, `materialType`, `maxStackSize`, `maxStructure`, `radar`, `pscript`, `spellId`, `stackSize`, `structure`, `targetTypeId`, `usability`, `useRadius`, `validLocations`, `value`, `workmanship`, `animationFrameId`, `defaultScript`, `defaultScriptIntensity`, `elasticity`, `friction`, `locationId`, `modelTableId`, `objectScale`, `physicsBitField`, `physicsTableId`, `motionTableId`, `soundTableId`, `physicsState`, `translucency`)
VALUES (1943400451, 'Life Stone', 268435456, 0, 0, 1, 16404, 0, 0, 0, 0, 0, 0, 9437232, 0, 100668245, 0, 0, 0, 0, 0, 0, 0, 0, 4, 0, 0, 0, 0, 0, 32, 2, 0, 0, 0, 0, 0, 0, 0, 0, 0, 33555182, 0, 100355, 0, 150994982, 536870932, 1040, 0);

INSERT INTO `ace_object` (`baseAceObjectId`, `weenieClassId`, `landblock`, `cell`, `posX`, `posY`, `posZ`, `qW`, `qX`, `qY`, `qZ`)
VALUES (1943400451, 509, 15711, 7, 2.6988, 161.888, 40, 0.1518311, 0, 0, -0.9884065);

INSERT INTO `base_ace_object` (`baseAceObjectId`, `name`, `typeId`, `paletteId`, `ammoType`, `blipColor`, `bitField`, `burden`, `combatUse`, `cooldownDuration`, `cooldownId`, `effects`, `containersCapacity`, `header`, `hookTypeId`, `iconId`, `iconOverlayId`, `iconUnderlayId`, `hookItemTypes`, `itemsCapacity`, `location`, `materialType`, `maxStackSize`, `maxStructure`, `radar`, `pscript`, `spellId`, `stackSize`, `structure`, `targetTypeId`, `usability`, `useRadius`, `validLocations`, `value`, `workmanship`, `animationFrameId`, `defaultScript`, `defaultScriptIntensity`, `elasticity`, `friction`, `locationId`, `modelTableId`, `objectScale`, `physicsBitField`, `physicsTableId`, `motionTableId`, `soundTableId`, `physicsState`, `translucency`)
VALUES (1919148032, 'Life Stone', 268435456, 0, 0, 1, 16404, 0, 0, 0, 0, 0, 0, 9437232, 0, 100668245, 0, 0, 0, 0, 0, 0, 0, 0, 4, 0, 0, 0, 0, 0, 32, 2, 0, 0, 0, 0, 0, 0, 0, 0, 0, 33555182, 0, 100355, 0, 150994982, 536870932, 1040, 0);

INSERT INTO `ace_object` (`baseAceObjectId`, `weenieClassId`, `landblock`, `cell`, `posX`, `posY`, `posZ`, `qW`, `qX`, `qY`, `qZ`)
VALUES (1919148032, 509, 9790, 47, 129.203, 148.596, 32.85008, -0.6662761, 0, 0, -0.7457051);

INSERT INTO `base_ace_object` (`baseAceObjectId`, `name`, `typeId`, `paletteId`, `ammoType`, `blipColor`, `bitField`, `burden`, `combatUse`, `cooldownDuration`, `cooldownId`, `effects`, `containersCapacity`, `header`, `hookTypeId`, `iconId`, `iconOverlayId`, `iconUnderlayId`, `hookItemTypes`, `itemsCapacity`, `location`, `materialType`, `maxStackSize`, `maxStructure`, `radar`, `pscript`, `spellId`, `stackSize`, `structure`, `targetTypeId`, `usability`, `useRadius`, `validLocations`, `value`, `workmanship`, `animationFrameId`, `defaultScript`, `defaultScriptIntensity`, `elasticity`, `friction`, `locationId`, `modelTableId`, `objectScale`, `physicsBitField`, `physicsTableId`, `motionTableId`, `soundTableId`, `physicsState`, `translucency`)
VALUES (2080530432, 'Life Stone', 268435456, 0, 0, 1, 16404, 0, 0, 0, 0, 0, 0, 9437232, 0, 100668245, 0, 0, 0, 0, 0, 0, 0, 0, 4, 0, 0, 0, 0, 0, 32, 2, 0, 0, 0, 0, 0, 0, 0, 0, 0, 33555182, 0, 100355, 0, 150994982, 536870932, 1040, 0);

INSERT INTO `ace_object` (`baseAceObjectId`, `weenieClassId`, `landblock`, `cell`, `posX`, `posY`, `posZ`, `qW`, `qX`, `qY`, `qZ`)
VALUES (2080530432, 509, 49190, 62, 173.629, 124.122, 106.4691, -0.962302, 0, 0, 0.271983);

INSERT INTO `base_ace_object` (`baseAceObjectId`, `name`, `typeId`, `paletteId`, `ammoType`, `blipColor`, `bitField`, `burden`, `combatUse`, `cooldownDuration`, `cooldownId`, `effects`, `containersCapacity`, `header`, `hookTypeId`, `iconId`, `iconOverlayId`, `iconUnderlayId`, `hookItemTypes`, `itemsCapacity`, `location`, `materialType`, `maxStackSize`, `maxStructure`, `radar`, `pscript`, `spellId`, `stackSize`, `structure`, `targetTypeId`, `usability`, `useRadius`, `validLocations`, `value`, `workmanship`, `animationFrameId`, `defaultScript`, `defaultScriptIntensity`, `elasticity`, `friction`, `locationId`, `modelTableId`, `objectScale`, `physicsBitField`, `physicsTableId`, `motionTableId`, `soundTableId`, `physicsState`, `translucency`)
VALUES (2043121664, 'Life Stone', 268435456, 0, 0, 1, 16404, 0, 0, 0, 0, 0, 0, 9437232, 0, 100668245, 0, 0, 0, 0, 0, 0, 0, 0, 4, 0, 0, 0, 0, 0, 32, 2, 0, 0, 0, 0, 0, 0, 0, 0, 0, 33555182, 0, 100355, 0, 150994982, 536870932, 1040, 0);

INSERT INTO `ace_object` (`baseAceObjectId`, `weenieClassId`, `landblock`, `cell`, `posX`, `posY`, `posZ`, `qW`, `qX`, `qY`, `qZ`)
VALUES (2043121664, 509, 40057, 56, 157.008, 174.992, 23.41733, 0.8139691, 0, 0, 0.5809081);

INSERT INTO `base_ace_object` (`baseAceObjectId`, `name`, `typeId`, `paletteId`, `ammoType`, `blipColor`, `bitField`, `burden`, `combatUse`, `cooldownDuration`, `cooldownId`, `effects`, `containersCapacity`, `header`, `hookTypeId`, `iconId`, `iconOverlayId`, `iconUnderlayId`, `hookItemTypes`, `itemsCapacity`, `location`, `materialType`, `maxStackSize`, `maxStructure`, `radar`, `pscript`, `spellId`, `stackSize`, `structure`, `targetTypeId`, `usability`, `useRadius`, `validLocations`, `value`, `workmanship`, `animationFrameId`, `defaultScript`, `defaultScriptIntensity`, `elasticity`, `friction`, `locationId`, `modelTableId`, `objectScale`, `physicsBitField`, `physicsTableId`, `motionTableId`, `soundTableId`, `physicsState`, `translucency`)
VALUES (1965174784, 'Life Stone', 268435456, 0, 0, 1, 16404, 0, 0, 0, 0, 0, 0, 9437232, 0, 100668245, 0, 0, 0, 0, 0, 0, 0, 0, 4, 0, 0, 0, 0, 0, 32, 2, 0, 0, 0, 0, 0, 0, 0, 0, 0, 33555182, 0, 100355, 0, 150994982, 536870932, 1040, 0);

INSERT INTO `ace_object` (`baseAceObjectId`, `weenieClassId`, `landblock`, `cell`, `posX`, `posY`, `posZ`, `qW`, `qX`, `qY`, `qZ`)
VALUES (1965174784, 509, 21027, 22, 57.6865, 123.988, 0.9497502, 0.5790079, 0, 0, -0.8153219);

