INSERT INTO `base_ace_object` (`baseAceObjectId`, `name`, `typeId`, `paletteId`, `ammoType`, `blipColor`, `bitField`, `burden`, `combatUse`, `cooldownDuration`, `cooldownId`, `effects`, `containersCapacity`, `header`, `hookTypeId`, `iconId`, `iconOverlayId`, `iconUnderlayId`, `hookItemTypes`, `itemsCapacity`, `location`, `materialType`, `maxStackSize`, `maxStructure`, `radar`, `pscript`, `spellId`, `stackSize`, `structure`, `targetTypeId`, `usability`, `useRadius`, `validLocations`, `value`, `workmanship`, `animationFrameId`, `defaultScript`, `defaultScriptIntensity`, `elasticity`, `friction`, `locationId`, `modelTableId`, `objectScale`, `physicsBitField`, `physicsTableId`, `motionTableId`, `soundTableId`, `physicsState`, `translucency`)
VALUES (1996050893, 'House Portal', 65536, 0, 0, 0, 262164, 0, 0, 0, 0, 0, 0, 41943088, 0, 100667499, 0, 0, 0, 0, 0, 0, 0, 0, 4, 0, 0, 0, 0, 0, 32, 0.75, 0, 0, 0, 0, 0, 0, 0, 0, 0, 33554867, 0, 98307, 0, 150994947, 0, 3076, 0);

INSERT INTO `ace_object` (`baseAceObjectId`, `weenieClassId`, `landblock`, `cell`, `posX`, `posY`, `posZ`, `qW`, `qX`, `qY`, `qZ`)
VALUES (1996050893, 11730, 28565, 426, 104.853, 131.257, 35.137, 0.4108079, 0, 0, -0.9117219);

INSERT INTO `base_ace_object` (`baseAceObjectId`, `name`, `typeId`, `paletteId`, `ammoType`, `blipColor`, `bitField`, `burden`, `combatUse`, `cooldownDuration`, `cooldownId`, `effects`, `containersCapacity`, `header`, `hookTypeId`, `iconId`, `iconOverlayId`, `iconUnderlayId`, `hookItemTypes`, `itemsCapacity`, `location`, `materialType`, `maxStackSize`, `maxStructure`, `radar`, `pscript`, `spellId`, `stackSize`, `structure`, `targetTypeId`, `usability`, `useRadius`, `validLocations`, `value`, `workmanship`, `animationFrameId`, `defaultScript`, `defaultScriptIntensity`, `elasticity`, `friction`, `locationId`, `modelTableId`, `objectScale`, `physicsBitField`, `physicsTableId`, `motionTableId`, `soundTableId`, `physicsState`, `translucency`)
VALUES (1894490131, 'Portal to Town Network', 65536, 0, 0, 0, 262164, 0, 0, 0, 0, 0, 0, 8388656, 0, 100667499, 0, 0, 0, 0, 0, 0, 0, 0, 4, 0, 0, 0, 0, 0, 32, -0.1, 0, 0, 0, 0, 0, 0, 0, 0, 0, 33554867, 0, 98307, 0, 150994947, 0, 3084, 0);

INSERT INTO `ace_object` (`baseAceObjectId`, `weenieClassId`, `landblock`, `cell`, `posX`, `posY`, `posZ`, `qW`, `qX`, `qY`, `qZ`)
VALUES (1894490131, 42852, 3770, 35, 118.522, 52.621, 2.198001, -0.5394529, 0, 0, 0.8420158);

INSERT INTO `base_ace_object` (`baseAceObjectId`, `name`, `typeId`, `paletteId`, `ammoType`, `blipColor`, `bitField`, `burden`, `combatUse`, `cooldownDuration`, `cooldownId`, `effects`, `containersCapacity`, `header`, `hookTypeId`, `iconId`, `iconOverlayId`, `iconUnderlayId`, `hookItemTypes`, `itemsCapacity`, `location`, `materialType`, `maxStackSize`, `maxStructure`, `radar`, `pscript`, `spellId`, `stackSize`, `structure`, `targetTypeId`, `usability`, `useRadius`, `validLocations`, `value`, `workmanship`, `animationFrameId`, `defaultScript`, `defaultScriptIntensity`, `elasticity`, `friction`, `locationId`, `modelTableId`, `objectScale`, `physicsBitField`, `physicsTableId`, `motionTableId`, `soundTableId`, `physicsState`, `translucency`)
VALUES (2077016064, 'Vesayen Isles Portal', 65536, 0, 0, 0, 262164, 0, 0, 0, 0, 0, 0, 8388656, 0, 100667499, 0, 0, 0, 0, 0, 0, 0, 0, 4, 0, 0, 0, 0, 0, 32, -0.1, 0, 0, 0, 0, 0, 0, 0, 0, 0, 33554867, 0, 98307, 0, 150994947, 0, 3084, 0);

INSERT INTO `ace_object` (`baseAceObjectId`, `weenieClassId`, `landblock`, `cell`, `posX`, `posY`, `posZ`, `qW`, `qX`, `qY`, `qZ`)
VALUES (2077016064, 8618, 48332, 13, 25.2407, 104.076, 310.5066, -0.9999676, 0, 0, -0.008051127);

INSERT INTO `base_ace_object` (`baseAceObjectId`, `name`, `typeId`, `paletteId`, `ammoType`, `blipColor`, `bitField`, `burden`, `combatUse`, `cooldownDuration`, `cooldownId`, `effects`, `containersCapacity`, `header`, `hookTypeId`, `iconId`, `iconOverlayId`, `iconUnderlayId`, `hookItemTypes`, `itemsCapacity`, `location`, `materialType`, `maxStackSize`, `maxStructure`, `radar`, `pscript`, `spellId`, `stackSize`, `structure`, `targetTypeId`, `usability`, `useRadius`, `validLocations`, `value`, `workmanship`, `animationFrameId`, `defaultScript`, `defaultScriptIntensity`, `elasticity`, `friction`, `locationId`, `modelTableId`, `objectScale`, `physicsBitField`, `physicsTableId`, `motionTableId`, `soundTableId`, `physicsState`, `translucency`)
VALUES (2119319552, 'Mud Cave', 65536, 0, 0, 0, 262164, 0, 0, 0, 0, 0, 0, 8388656, 0, 100667499, 0, 0, 0, 0, 0, 0, 0, 0, 4, 0, 0, 0, 0, 0, 32, -0.1, 0, 0, 0, 0, 0, 0, 0, 0, 0, 33555922, 0, 98307, 0, 150994947, 0, 3084, 0);

INSERT INTO `ace_object` (`baseAceObjectId`, `weenieClassId`, `landblock`, `cell`, `posX`, `posY`, `posZ`, `qW`, `qX`, `qY`, `qZ`)
VALUES (2119319552, 8474, 58660, 256, 23.0794, 23.9524, -5.263, 0.9304417, 0, 0, -0.3664399);

INSERT INTO `base_ace_object` (`baseAceObjectId`, `name`, `typeId`, `paletteId`, `ammoType`, `blipColor`, `bitField`, `burden`, `combatUse`, `cooldownDuration`, `cooldownId`, `effects`, `containersCapacity`, `header`, `hookTypeId`, `iconId`, `iconOverlayId`, `iconUnderlayId`, `hookItemTypes`, `itemsCapacity`, `location`, `materialType`, `maxStackSize`, `maxStructure`, `radar`, `pscript`, `spellId`, `stackSize`, `structure`, `targetTypeId`, `usability`, `useRadius`, `validLocations`, `value`, `workmanship`, `animationFrameId`, `defaultScript`, `defaultScriptIntensity`, `elasticity`, `friction`, `locationId`, `modelTableId`, `objectScale`, `physicsBitField`, `physicsTableId`, `motionTableId`, `soundTableId`, `physicsState`, `translucency`)
VALUES (2120368128, 'Eastham Beach Portal', 65536, 0, 0, 0, 262164, 0, 0, 0, 0, 0, 0, 8388656, 0, 100667499, 0, 0, 0, 0, 0, 0, 0, 0, 4, 0, 0, 0, 0, 0, 32, -0.1, 0, 0, 0, 0, 0, 0, 0, 0, 0, 33554867, 0, 98307, 0, 150994947, 0, 3084, 0);

INSERT INTO `ace_object` (`baseAceObjectId`, `weenieClassId`, `landblock`, `cell`, `posX`, `posY`, `posZ`, `qW`, `qX`, `qY`, `qZ`)
VALUES (2120368128, 8616, 58916, 16, 27.8504, 189.678, -0.06299996, 0.9630882, 0, 0, 0.269186);

INSERT INTO `base_ace_object` (`baseAceObjectId`, `name`, `typeId`, `paletteId`, `ammoType`, `blipColor`, `bitField`, `burden`, `combatUse`, `cooldownDuration`, `cooldownId`, `effects`, `containersCapacity`, `header`, `hookTypeId`, `iconId`, `iconOverlayId`, `iconUnderlayId`, `hookItemTypes`, `itemsCapacity`, `location`, `materialType`, `maxStackSize`, `maxStructure`, `radar`, `pscript`, `spellId`, `stackSize`, `structure`, `targetTypeId`, `usability`, `useRadius`, `validLocations`, `value`, `workmanship`, `animationFrameId`, `defaultScript`, `defaultScriptIntensity`, `elasticity`, `friction`, `locationId`, `modelTableId`, `objectScale`, `physicsBitField`, `physicsTableId`, `motionTableId`, `soundTableId`, `physicsState`, `translucency`)
VALUES (2127683584, 'Mosswart Nest', 65536, 0, 0, 0, 262164, 0, 0, 0, 0, 0, 0, 8388656, 0, 100667499, 0, 0, 0, 0, 0, 0, 0, 0, 4, 0, 0, 0, 0, 0, 32, -0.1, 0, 0, 0, 0, 0, 0, 0, 0, 0, 33554867, 0, 98307, 0, 150994947, 0, 3084, 0);

INSERT INTO `ace_object` (`baseAceObjectId`, `weenieClassId`, `landblock`, `cell`, `posX`, `posY`, `posZ`, `qW`, `qX`, `qY`, `qZ`)
VALUES (2127683584, 8486, 60702, 20, 53.678, 76.4603, 21.66678, 0.3097419, 0, 0, 0.9508207);

INSERT INTO `base_ace_object` (`baseAceObjectId`, `name`, `typeId`, `paletteId`, `ammoType`, `blipColor`, `bitField`, `burden`, `combatUse`, `cooldownDuration`, `cooldownId`, `effects`, `containersCapacity`, `header`, `hookTypeId`, `iconId`, `iconOverlayId`, `iconUnderlayId`, `hookItemTypes`, `itemsCapacity`, `location`, `materialType`, `maxStackSize`, `maxStructure`, `radar`, `pscript`, `spellId`, `stackSize`, `structure`, `targetTypeId`, `usability`, `useRadius`, `validLocations`, `value`, `workmanship`, `animationFrameId`, `defaultScript`, `defaultScriptIntensity`, `elasticity`, `friction`, `locationId`, `modelTableId`, `objectScale`, `physicsBitField`, `physicsTableId`, `motionTableId`, `soundTableId`, `physicsState`, `translucency`)
VALUES (2128740352, 'Rumuba''s Hidey-Hole', 65536, 0, 0, 0, 262164, 0, 0, 0, 0, 0, 0, 8388656, 0, 100667499, 0, 0, 0, 0, 0, 0, 0, 0, 4, 0, 0, 0, 0, 0, 32, -0.1, 0, 0, 0, 0, 0, 0, 0, 0, 0, 33554867, 0, 98307, 0, 150994947, 0, 3084, 0);

INSERT INTO `ace_object` (`baseAceObjectId`, `weenieClassId`, `landblock`, `cell`, `posX`, `posY`, `posZ`, `qW`, `qX`, `qY`, `qZ`)
VALUES (2128740352, 8576, 60960, 61, 174.736, 113.311, 19.05183, 0.3826829, 0, 0, -0.9238797);

INSERT INTO `base_ace_object` (`baseAceObjectId`, `name`, `typeId`, `paletteId`, `ammoType`, `blipColor`, `bitField`, `burden`, `combatUse`, `cooldownDuration`, `cooldownId`, `effects`, `containersCapacity`, `header`, `hookTypeId`, `iconId`, `iconOverlayId`, `iconUnderlayId`, `hookItemTypes`, `itemsCapacity`, `location`, `materialType`, `maxStackSize`, `maxStructure`, `radar`, `pscript`, `spellId`, `stackSize`, `structure`, `targetTypeId`, `usability`, `useRadius`, `validLocations`, `value`, `workmanship`, `animationFrameId`, `defaultScript`, `defaultScriptIntensity`, `elasticity`, `friction`, `locationId`, `modelTableId`, `objectScale`, `physicsBitField`, `physicsTableId`, `motionTableId`, `soundTableId`, `physicsState`, `translucency`)
VALUES (2126663703, 'Idol Spawning Grounds', 65536, 0, 0, 0, 262164, 0, 0, 0, 0, 0, 0, 8388656, 0, 100667499, 0, 0, 0, 0, 0, 0, 0, 0, 4, 0, 0, 0, 0, 0, 32, -0.1, 0, 0, 0, 0, 0, 0, 0, 0, 0, 33554867, 0, 98307, 0, 150994947, 0, 3084, 0);

INSERT INTO `ace_object` (`baseAceObjectId`, `weenieClassId`, `landblock`, `cell`, `posX`, `posY`, `posZ`, `qW`, `qX`, `qY`, `qZ`)
VALUES (2126663703, 8586, 60453, 49, 149.609, 20.2516, -0.06299996, 0.9949929, 0, 0, -0.0999454);

INSERT INTO `base_ace_object` (`baseAceObjectId`, `name`, `typeId`, `paletteId`, `ammoType`, `blipColor`, `bitField`, `burden`, `combatUse`, `cooldownDuration`, `cooldownId`, `effects`, `containersCapacity`, `header`, `hookTypeId`, `iconId`, `iconOverlayId`, `iconUnderlayId`, `hookItemTypes`, `itemsCapacity`, `location`, `materialType`, `maxStackSize`, `maxStructure`, `radar`, `pscript`, `spellId`, `stackSize`, `structure`, `targetTypeId`, `usability`, `useRadius`, `validLocations`, `value`, `workmanship`, `animationFrameId`, `defaultScript`, `defaultScriptIntensity`, `elasticity`, `friction`, `locationId`, `modelTableId`, `objectScale`, `physicsBitField`, `physicsTableId`, `motionTableId`, `soundTableId`, `physicsState`, `translucency`)
VALUES (2130857984, 'Desert Northern Edge Portal', 65536, 0, 0, 0, 262164, 0, 0, 0, 0, 0, 0, 8388656, 0, 100667499, 0, 0, 0, 0, 0, 0, 0, 0, 4, 0, 0, 0, 0, 0, 32, -0.1, 0, 0, 0, 0, 0, 0, 0, 0, 0, 33554867, 0, 98307, 0, 150994947, 0, 3084, 0);

INSERT INTO `ace_object` (`baseAceObjectId`, `weenieClassId`, `landblock`, `cell`, `posX`, `posY`, `posZ`, `qW`, `qX`, `qY`, `qZ`)
VALUES (2130857984, 8615, 61477, 42, 140.374, 42.6341, -0.06299996, 0.9689642, 0, 0, 0.2472011);

INSERT INTO `base_ace_object` (`baseAceObjectId`, `name`, `typeId`, `paletteId`, `ammoType`, `blipColor`, `bitField`, `burden`, `combatUse`, `cooldownDuration`, `cooldownId`, `effects`, `containersCapacity`, `header`, `hookTypeId`, `iconId`, `iconOverlayId`, `iconUnderlayId`, `hookItemTypes`, `itemsCapacity`, `location`, `materialType`, `maxStackSize`, `maxStructure`, `radar`, `pscript`, `spellId`, `stackSize`, `structure`, `targetTypeId`, `usability`, `useRadius`, `validLocations`, `value`, `workmanship`, `animationFrameId`, `defaultScript`, `defaultScriptIntensity`, `elasticity`, `friction`, `locationId`, `modelTableId`, `objectScale`, `physicsBitField`, `physicsTableId`, `motionTableId`, `soundTableId`, `physicsState`, `translucency`)
VALUES (2130853888, 'A Mosswart Hideout', 65536, 0, 0, 0, 262164, 0, 0, 0, 0, 0, 0, 8388656, 0, 100667499, 0, 0, 0, 0, 0, 0, 0, 0, 4, 0, 0, 0, 0, 0, 32, -0.1, 0, 0, 0, 0, 0, 0, 0, 0, 0, 33554867, 0, 98307, 0, 150994947, 0, 3084, 0);

INSERT INTO `ace_object` (`baseAceObjectId`, `weenieClassId`, `landblock`, `cell`, `posX`, `posY`, `posZ`, `qW`, `qX`, `qY`, `qZ`)
VALUES (2130853888, 8578, 61476, 53, 161.856, 105.417, 21.937, 0.9996146, 0, 0, -0.02776169);

INSERT INTO `base_ace_object` (`baseAceObjectId`, `name`, `typeId`, `paletteId`, `ammoType`, `blipColor`, `bitField`, `burden`, `combatUse`, `cooldownDuration`, `cooldownId`, `effects`, `containersCapacity`, `header`, `hookTypeId`, `iconId`, `iconOverlayId`, `iconUnderlayId`, `hookItemTypes`, `itemsCapacity`, `location`, `materialType`, `maxStackSize`, `maxStructure`, `radar`, `pscript`, `spellId`, `stackSize`, `structure`, `targetTypeId`, `usability`, `useRadius`, `validLocations`, `value`, `workmanship`, `animationFrameId`, `defaultScript`, `defaultScriptIntensity`, `elasticity`, `friction`, `locationId`, `modelTableId`, `objectScale`, `physicsBitField`, `physicsTableId`, `motionTableId`, `soundTableId`, `physicsState`, `translucency`)
VALUES (2136109056, 'Slithis Pit', 65536, 0, 0, 0, 262164, 0, 0, 0, 0, 0, 0, 8388656, 0, 100667499, 0, 0, 0, 0, 0, 0, 0, 0, 4, 0, 0, 0, 0, 0, 32, -0.1, 0, 0, 0, 0, 0, 0, 0, 0, 0, 33554867, 0, 98307, 0, 150994947, 0, 3084, 0);

INSERT INTO `ace_object` (`baseAceObjectId`, `weenieClassId`, `landblock`, `cell`, `posX`, `posY`, `posZ`, `qW`, `qX`, `qY`, `qZ`)
VALUES (2136109056, 8458, 62759, 22, 66.1479, 136.829, 21.82709, -0.3328091, 0, 0, 0.9429942);

INSERT INTO `base_ace_object` (`baseAceObjectId`, `name`, `typeId`, `paletteId`, `ammoType`, `blipColor`, `bitField`, `burden`, `combatUse`, `cooldownDuration`, `cooldownId`, `effects`, `containersCapacity`, `header`, `hookTypeId`, `iconId`, `iconOverlayId`, `iconUnderlayId`, `hookItemTypes`, `itemsCapacity`, `location`, `materialType`, `maxStackSize`, `maxStructure`, `radar`, `pscript`, `spellId`, `stackSize`, `structure`, `targetTypeId`, `usability`, `useRadius`, `validLocations`, `value`, `workmanship`, `animationFrameId`, `defaultScript`, `defaultScriptIntensity`, `elasticity`, `friction`, `locationId`, `modelTableId`, `objectScale`, `physicsBitField`, `physicsTableId`, `motionTableId`, `soundTableId`, `physicsState`, `translucency`)
VALUES (2139209728, 'Mayoi Beach Portal', 65536, 0, 0, 0, 262164, 0, 0, 0, 0, 0, 0, 8388656, 0, 100667499, 0, 0, 0, 0, 0, 0, 0, 0, 4, 0, 0, 0, 0, 0, 32, -0.1, 0, 0, 0, 0, 0, 0, 0, 0, 0, 33554867, 0, 98307, 0, 150994947, 0, 3084, 0);

INSERT INTO `ace_object` (`baseAceObjectId`, `weenieClassId`, `landblock`, `cell`, `posX`, `posY`, `posZ`, `qW`, `qX`, `qY`, `qZ`)
VALUES (2139209728, 8617, 63516, 36, 104.966, 85.0501, -0.06299996, 0.9836707, 0, 0, -0.1799779);

INSERT INTO `base_ace_object` (`baseAceObjectId`, `name`, `typeId`, `paletteId`, `ammoType`, `blipColor`, `bitField`, `burden`, `combatUse`, `cooldownDuration`, `cooldownId`, `effects`, `containersCapacity`, `header`, `hookTypeId`, `iconId`, `iconOverlayId`, `iconUnderlayId`, `hookItemTypes`, `itemsCapacity`, `location`, `materialType`, `maxStackSize`, `maxStructure`, `radar`, `pscript`, `spellId`, `stackSize`, `structure`, `targetTypeId`, `usability`, `useRadius`, `validLocations`, `value`, `workmanship`, `animationFrameId`, `defaultScript`, `defaultScriptIntensity`, `elasticity`, `friction`, `locationId`, `modelTableId`, `objectScale`, `physicsBitField`, `physicsTableId`, `motionTableId`, `soundTableId`, `physicsState`, `translucency`)
VALUES (2080715133, 'House Portal', 65536, 0, 0, 0, 262164, 0, 0, 0, 0, 0, 0, 41943088, 0, 100667499, 0, 0, 0, 0, 0, 0, 0, 0, 4, 0, 0, 0, 0, 0, 32, 0.75, 0, 0, 0, 0, 0, 0, 0, 0, 0, 33554867, 0, 98307, 0, 150994947, 0, 3076, 0);

INSERT INTO `ace_object` (`baseAceObjectId`, `weenieClassId`, `landblock`, `cell`, `posX`, `posY`, `posZ`, `qW`, `qX`, `qY`, `qZ`)
VALUES (2080715133, 11730, 49235, 280, 38.7361, 33.0637, 25.137, 0.7185428, 0, 0, -0.6954828);

INSERT INTO `base_ace_object` (`baseAceObjectId`, `name`, `typeId`, `paletteId`, `ammoType`, `blipColor`, `bitField`, `burden`, `combatUse`, `cooldownDuration`, `cooldownId`, `effects`, `containersCapacity`, `header`, `hookTypeId`, `iconId`, `iconOverlayId`, `iconUnderlayId`, `hookItemTypes`, `itemsCapacity`, `location`, `materialType`, `maxStackSize`, `maxStructure`, `radar`, `pscript`, `spellId`, `stackSize`, `structure`, `targetTypeId`, `usability`, `useRadius`, `validLocations`, `value`, `workmanship`, `animationFrameId`, `defaultScript`, `defaultScriptIntensity`, `elasticity`, `friction`, `locationId`, `modelTableId`, `objectScale`, `physicsBitField`, `physicsTableId`, `motionTableId`, `soundTableId`, `physicsState`, `translucency`)
VALUES (2080715141, 'House Portal', 65536, 0, 0, 0, 262164, 0, 0, 0, 0, 0, 0, 41943088, 0, 100667499, 0, 0, 0, 0, 0, 0, 0, 0, 4, 0, 0, 0, 0, 0, 32, 0.75, 0, 0, 0, 0, 0, 0, 0, 0, 0, 33554867, 0, 98307, 0, 150994947, 0, 3076, 0);

INSERT INTO `ace_object` (`baseAceObjectId`, `weenieClassId`, `landblock`, `cell`, `posX`, `posY`, `posZ`, `qW`, `qX`, `qY`, `qZ`)
VALUES (2080715141, 11730, 49235, 311, 159.977, 158.483, 23.137, -0.9999066, 0, 0, 0.01366719);

INSERT INTO `base_ace_object` (`baseAceObjectId`, `name`, `typeId`, `paletteId`, `ammoType`, `blipColor`, `bitField`, `burden`, `combatUse`, `cooldownDuration`, `cooldownId`, `effects`, `containersCapacity`, `header`, `hookTypeId`, `iconId`, `iconOverlayId`, `iconUnderlayId`, `hookItemTypes`, `itemsCapacity`, `location`, `materialType`, `maxStackSize`, `maxStructure`, `radar`, `pscript`, `spellId`, `stackSize`, `structure`, `targetTypeId`, `usability`, `useRadius`, `validLocations`, `value`, `workmanship`, `animationFrameId`, `defaultScript`, `defaultScriptIntensity`, `elasticity`, `friction`, `locationId`, `modelTableId`, `objectScale`, `physicsBitField`, `physicsTableId`, `motionTableId`, `soundTableId`, `physicsState`, `translucency`)
VALUES (2080715137, 'House Portal', 65536, 0, 0, 0, 262164, 0, 0, 0, 0, 0, 0, 8388656, 0, 100667499, 0, 0, 0, 0, 0, 0, 0, 0, 4, 0, 0, 0, 0, 0, 32, 0.75, 0, 0, 0, 0, 0, 0, 0, 0, 0, 33554867, 0, 98307, 0, 150994947, 0, 3076, 0);

INSERT INTO `ace_object` (`baseAceObjectId`, `weenieClassId`, `landblock`, `cell`, `posX`, `posY`, `posZ`, `qW`, `qX`, `qY`, `qZ`)
VALUES (2080715137, 11730, 49235, 342, 159.195, 38.1454, 17.137, 0.9999723, 0, 0, -0.007447232);

INSERT INTO `base_ace_object` (`baseAceObjectId`, `name`, `typeId`, `paletteId`, `ammoType`, `blipColor`, `bitField`, `burden`, `combatUse`, `cooldownDuration`, `cooldownId`, `effects`, `containersCapacity`, `header`, `hookTypeId`, `iconId`, `iconOverlayId`, `iconUnderlayId`, `hookItemTypes`, `itemsCapacity`, `location`, `materialType`, `maxStackSize`, `maxStructure`, `radar`, `pscript`, `spellId`, `stackSize`, `structure`, `targetTypeId`, `usability`, `useRadius`, `validLocations`, `value`, `workmanship`, `animationFrameId`, `defaultScript`, `defaultScriptIntensity`, `elasticity`, `friction`, `locationId`, `modelTableId`, `objectScale`, `physicsBitField`, `physicsTableId`, `motionTableId`, `soundTableId`, `physicsState`, `translucency`)
VALUES (2080715139, 'House Portal', 65536, 0, 0, 0, 262164, 0, 0, 0, 0, 0, 0, 8388656, 0, 100667499, 0, 0, 0, 0, 0, 0, 0, 0, 4, 0, 0, 0, 0, 0, 32, 0.75, 0, 0, 0, 0, 0, 0, 0, 0, 0, 33554867, 0, 98307, 0, 150994947, 0, 3076, 0);

INSERT INTO `ace_object` (`baseAceObjectId`, `weenieClassId`, `landblock`, `cell`, `posX`, `posY`, `posZ`, `qW`, `qX`, `qY`, `qZ`)
VALUES (2080715139, 11730, 49235, 373, 156.423, 92.7675, 23.137, 0.9990987, 0, 0, -0.04244808);

INSERT INTO `base_ace_object` (`baseAceObjectId`, `name`, `typeId`, `paletteId`, `ammoType`, `blipColor`, `bitField`, `burden`, `combatUse`, `cooldownDuration`, `cooldownId`, `effects`, `containersCapacity`, `header`, `hookTypeId`, `iconId`, `iconOverlayId`, `iconUnderlayId`, `hookItemTypes`, `itemsCapacity`, `location`, `materialType`, `maxStackSize`, `maxStructure`, `radar`, `pscript`, `spellId`, `stackSize`, `structure`, `targetTypeId`, `usability`, `useRadius`, `validLocations`, `value`, `workmanship`, `animationFrameId`, `defaultScript`, `defaultScriptIntensity`, `elasticity`, `friction`, `locationId`, `modelTableId`, `objectScale`, `physicsBitField`, `physicsTableId`, `motionTableId`, `soundTableId`, `physicsState`, `translucency`)
VALUES (2080715135, 'House Portal', 65536, 0, 0, 0, 262164, 0, 0, 0, 0, 0, 0, 8388656, 0, 100667499, 0, 0, 0, 0, 0, 0, 0, 0, 4, 0, 0, 0, 0, 0, 32, 0.75, 0, 0, 0, 0, 0, 0, 0, 0, 0, 33554867, 0, 98307, 0, 150994947, 0, 3076, 0);

INSERT INTO `ace_object` (`baseAceObjectId`, `weenieClassId`, `landblock`, `cell`, `posX`, `posY`, `posZ`, `qW`, `qX`, `qY`, `qZ`)
VALUES (2080715135, 11730, 49235, 401, 93.7964, 156.289, 23.137, 0.7535731, 0, 0, -0.6573641);

INSERT INTO `base_ace_object` (`baseAceObjectId`, `name`, `typeId`, `paletteId`, `ammoType`, `blipColor`, `bitField`, `burden`, `combatUse`, `cooldownDuration`, `cooldownId`, `effects`, `containersCapacity`, `header`, `hookTypeId`, `iconId`, `iconOverlayId`, `iconUnderlayId`, `hookItemTypes`, `itemsCapacity`, `location`, `materialType`, `maxStackSize`, `maxStructure`, `radar`, `pscript`, `spellId`, `stackSize`, `structure`, `targetTypeId`, `usability`, `useRadius`, `validLocations`, `value`, `workmanship`, `animationFrameId`, `defaultScript`, `defaultScriptIntensity`, `elasticity`, `friction`, `locationId`, `modelTableId`, `objectScale`, `physicsBitField`, `physicsTableId`, `motionTableId`, `soundTableId`, `physicsState`, `translucency`)
VALUES (2081767887, 'House Portal', 65536, 0, 0, 0, 262164, 0, 0, 0, 0, 0, 0, 41943088, 0, 100667499, 0, 0, 0, 0, 0, 0, 0, 0, 4, 0, 0, 0, 0, 0, 32, 0.75, 0, 0, 0, 0, 0, 0, 0, 0, 0, 33554867, 0, 98307, 0, 150994947, 0, 3076, 0);

INSERT INTO `ace_object` (`baseAceObjectId`, `weenieClassId`, `landblock`, `cell`, `posX`, `posY`, `posZ`, `qW`, `qX`, `qY`, `qZ`)
VALUES (2081767887, 11730, 49492, 280, 35.4077, 45.4218, 23.137, 0.99953, 0, 0, -0.0306555);

INSERT INTO `base_ace_object` (`baseAceObjectId`, `name`, `typeId`, `paletteId`, `ammoType`, `blipColor`, `bitField`, `burden`, `combatUse`, `cooldownDuration`, `cooldownId`, `effects`, `containersCapacity`, `header`, `hookTypeId`, `iconId`, `iconOverlayId`, `iconUnderlayId`, `hookItemTypes`, `itemsCapacity`, `location`, `materialType`, `maxStackSize`, `maxStructure`, `radar`, `pscript`, `spellId`, `stackSize`, `structure`, `targetTypeId`, `usability`, `useRadius`, `validLocations`, `value`, `workmanship`, `animationFrameId`, `defaultScript`, `defaultScriptIntensity`, `elasticity`, `friction`, `locationId`, `modelTableId`, `objectScale`, `physicsBitField`, `physicsTableId`, `motionTableId`, `soundTableId`, `physicsState`, `translucency`)
VALUES (2081767889, 'House Portal', 65536, 0, 0, 0, 262164, 0, 0, 0, 0, 0, 0, 8388656, 0, 100667499, 0, 0, 0, 0, 0, 0, 0, 0, 4, 0, 0, 0, 0, 0, 32, 0.75, 0, 0, 0, 0, 0, 0, 0, 0, 0, 33554867, 0, 98307, 0, 150994947, 0, 3076, 0);

INSERT INTO `ace_object` (`baseAceObjectId`, `weenieClassId`, `landblock`, `cell`, `posX`, `posY`, `posZ`, `qW`, `qX`, `qY`, `qZ`)
VALUES (2081767889, 11730, 49492, 308, 38.2442, 81.1655, 23.137, -0.7055691, 0, 0, 0.7086411);

INSERT INTO `base_ace_object` (`baseAceObjectId`, `name`, `typeId`, `paletteId`, `ammoType`, `blipColor`, `bitField`, `burden`, `combatUse`, `cooldownDuration`, `cooldownId`, `effects`, `containersCapacity`, `header`, `hookTypeId`, `iconId`, `iconOverlayId`, `iconUnderlayId`, `hookItemTypes`, `itemsCapacity`, `location`, `materialType`, `maxStackSize`, `maxStructure`, `radar`, `pscript`, `spellId`, `stackSize`, `structure`, `targetTypeId`, `usability`, `useRadius`, `validLocations`, `value`, `workmanship`, `animationFrameId`, `defaultScript`, `defaultScriptIntensity`, `elasticity`, `friction`, `locationId`, `modelTableId`, `objectScale`, `physicsBitField`, `physicsTableId`, `motionTableId`, `soundTableId`, `physicsState`, `translucency`)
VALUES (2081767891, 'House Portal', 65536, 0, 0, 0, 262164, 0, 0, 0, 0, 0, 0, 41943088, 0, 100667499, 0, 0, 0, 0, 0, 0, 0, 0, 4, 0, 0, 0, 0, 0, 32, 0.75, 0, 0, 0, 0, 0, 0, 0, 0, 0, 33554867, 0, 98307, 0, 150994947, 0, 3076, 0);

INSERT INTO `ace_object` (`baseAceObjectId`, `weenieClassId`, `landblock`, `cell`, `posX`, `posY`, `posZ`, `qW`, `qX`, `qY`, `qZ`)
VALUES (2081767891, 11730, 49492, 339, 46.008, 156.038, 23.137, 0.6906587, 0, 0, -0.7231808);

INSERT INTO `base_ace_object` (`baseAceObjectId`, `name`, `typeId`, `paletteId`, `ammoType`, `blipColor`, `bitField`, `burden`, `combatUse`, `cooldownDuration`, `cooldownId`, `effects`, `containersCapacity`, `header`, `hookTypeId`, `iconId`, `iconOverlayId`, `iconUnderlayId`, `hookItemTypes`, `itemsCapacity`, `location`, `materialType`, `maxStackSize`, `maxStructure`, `radar`, `pscript`, `spellId`, `stackSize`, `structure`, `targetTypeId`, `usability`, `useRadius`, `validLocations`, `value`, `workmanship`, `animationFrameId`, `defaultScript`, `defaultScriptIntensity`, `elasticity`, `friction`, `locationId`, `modelTableId`, `objectScale`, `physicsBitField`, `physicsTableId`, `motionTableId`, `soundTableId`, `physicsState`, `translucency`)
VALUES (2081767893, 'House Portal', 65536, 0, 0, 0, 262164, 0, 0, 0, 0, 0, 0, 41943088, 0, 100667499, 0, 0, 0, 0, 0, 0, 0, 0, 4, 0, 0, 0, 0, 0, 32, 0.75, 0, 0, 0, 0, 0, 0, 0, 0, 0, 33554867, 0, 98307, 0, 150994947, 0, 3076, 0);

INSERT INTO `ace_object` (`baseAceObjectId`, `weenieClassId`, `landblock`, `cell`, `posX`, `posY`, `posZ`, `qW`, `qX`, `qY`, `qZ`)
VALUES (2081767893, 11730, 49492, 367, 152.914, 154.257, 21.137, 0.05269793, 0, 0, 0.9986105);

INSERT INTO `base_ace_object` (`baseAceObjectId`, `name`, `typeId`, `paletteId`, `ammoType`, `blipColor`, `bitField`, `burden`, `combatUse`, `cooldownDuration`, `cooldownId`, `effects`, `containersCapacity`, `header`, `hookTypeId`, `iconId`, `iconOverlayId`, `iconUnderlayId`, `hookItemTypes`, `itemsCapacity`, `location`, `materialType`, `maxStackSize`, `maxStructure`, `radar`, `pscript`, `spellId`, `stackSize`, `structure`, `targetTypeId`, `usability`, `useRadius`, `validLocations`, `value`, `workmanship`, `animationFrameId`, `defaultScript`, `defaultScriptIntensity`, `elasticity`, `friction`, `locationId`, `modelTableId`, `objectScale`, `physicsBitField`, `physicsTableId`, `motionTableId`, `soundTableId`, `physicsState`, `translucency`)
VALUES (2081767895, 'House Portal', 65536, 0, 0, 0, 262164, 0, 0, 0, 0, 0, 0, 41943088, 0, 100667499, 0, 0, 0, 0, 0, 0, 0, 0, 4, 0, 0, 0, 0, 0, 32, 0.75, 0, 0, 0, 0, 0, 0, 0, 0, 0, 33554867, 0, 98307, 0, 150994947, 0, 3076, 0);

INSERT INTO `ace_object` (`baseAceObjectId`, `weenieClassId`, `landblock`, `cell`, `posX`, `posY`, `posZ`, `qW`, `qX`, `qY`, `qZ`)
VALUES (2081767895, 11730, 49492, 398, 155.901, 98.7743, 21.137, 0.0594547, 0, 0, 0.998231);

INSERT INTO `base_ace_object` (`baseAceObjectId`, `name`, `typeId`, `paletteId`, `ammoType`, `blipColor`, `bitField`, `burden`, `combatUse`, `cooldownDuration`, `cooldownId`, `effects`, `containersCapacity`, `header`, `hookTypeId`, `iconId`, `iconOverlayId`, `iconUnderlayId`, `hookItemTypes`, `itemsCapacity`, `location`, `materialType`, `maxStackSize`, `maxStructure`, `radar`, `pscript`, `spellId`, `stackSize`, `structure`, `targetTypeId`, `usability`, `useRadius`, `validLocations`, `value`, `workmanship`, `animationFrameId`, `defaultScript`, `defaultScriptIntensity`, `elasticity`, `friction`, `locationId`, `modelTableId`, `objectScale`, `physicsBitField`, `physicsTableId`, `motionTableId`, `soundTableId`, `physicsState`, `translucency`)
VALUES (2081767897, 'House Portal', 65536, 0, 0, 0, 262164, 0, 0, 0, 0, 0, 0, 41943088, 0, 100667499, 0, 0, 0, 0, 0, 0, 0, 0, 4, 0, 0, 0, 0, 0, 32, 0.75, 0, 0, 0, 0, 0, 0, 0, 0, 0, 33554867, 0, 98307, 0, 150994947, 0, 3076, 0);

INSERT INTO `ace_object` (`baseAceObjectId`, `weenieClassId`, `landblock`, `cell`, `posX`, `posY`, `posZ`, `qW`, `qX`, `qY`, `qZ`)
VALUES (2081767897, 11730, 49492, 426, 153.276, 38.7062, 17.137, -0.7259069, 0, 0, -0.687793);

INSERT INTO `base_ace_object` (`baseAceObjectId`, `name`, `typeId`, `paletteId`, `ammoType`, `blipColor`, `bitField`, `burden`, `combatUse`, `cooldownDuration`, `cooldownId`, `effects`, `containersCapacity`, `header`, `hookTypeId`, `iconId`, `iconOverlayId`, `iconUnderlayId`, `hookItemTypes`, `itemsCapacity`, `location`, `materialType`, `maxStackSize`, `maxStructure`, `radar`, `pscript`, `spellId`, `stackSize`, `structure`, `targetTypeId`, `usability`, `useRadius`, `validLocations`, `value`, `workmanship`, `animationFrameId`, `defaultScript`, `defaultScriptIntensity`, `elasticity`, `friction`, `locationId`, `modelTableId`, `objectScale`, `physicsBitField`, `physicsTableId`, `motionTableId`, `soundTableId`, `physicsState`, `translucency`)
VALUES (2080829505, 'House Portal', 65536, 0, 0, 0, 262164, 0, 0, 0, 0, 0, 0, 41943088, 0, 100667499, 0, 0, 0, 0, 0, 0, 0, 0, 4, 0, 0, 0, 0, 0, 32, 0.75, 0, 0, 0, 0, 0, 0, 0, 0, 0, 33554867, 0, 98307, 0, 150994947, 0, 3076, 0);

INSERT INTO `ace_object` (`baseAceObjectId`, `weenieClassId`, `landblock`, `cell`, `posX`, `posY`, `posZ`, `qW`, `qX`, `qY`, `qZ`)
VALUES (2080829505, 11730, 49263, 338, 90.8557, 151.067, 17.937, -0.6894942, 0, 0, 0.7242912);

INSERT INTO `base_ace_object` (`baseAceObjectId`, `name`, `typeId`, `paletteId`, `ammoType`, `blipColor`, `bitField`, `burden`, `combatUse`, `cooldownDuration`, `cooldownId`, `effects`, `containersCapacity`, `header`, `hookTypeId`, `iconId`, `iconOverlayId`, `iconUnderlayId`, `hookItemTypes`, `itemsCapacity`, `location`, `materialType`, `maxStackSize`, `maxStructure`, `radar`, `pscript`, `spellId`, `stackSize`, `structure`, `targetTypeId`, `usability`, `useRadius`, `validLocations`, `value`, `workmanship`, `animationFrameId`, `defaultScript`, `defaultScriptIntensity`, `elasticity`, `friction`, `locationId`, `modelTableId`, `objectScale`, `physicsBitField`, `physicsTableId`, `motionTableId`, `soundTableId`, `physicsState`, `translucency`)
VALUES (2086141952, 'Forgotten Temple Portal', 65536, 0, 0, 0, 262164, 0, 0, 0, 0, 0, 0, 8388656, 0, 100667499, 0, 0, 0, 0, 0, 0, 0, 0, 4, 0, 0, 0, 0, 0, 32, -0.1, 0, 0, 0, 0, 0, 0, 0, 0, 0, 33554867, 0, 98307, 0, 150994947, 0, 3084, 0);

INSERT INTO `ace_object` (`baseAceObjectId`, `weenieClassId`, `landblock`, `cell`, `posX`, `posY`, `posZ`, `qW`, `qX`, `qY`, `qZ`)
VALUES (2086141952, 4961, 50560, 258, 51.603, 108, 30.737, 0.7071068, 0, 0, -0.7071068);

INSERT INTO `base_ace_object` (`baseAceObjectId`, `name`, `typeId`, `paletteId`, `ammoType`, `blipColor`, `bitField`, `burden`, `combatUse`, `cooldownDuration`, `cooldownId`, `effects`, `containersCapacity`, `header`, `hookTypeId`, `iconId`, `iconOverlayId`, `iconUnderlayId`, `hookItemTypes`, `itemsCapacity`, `location`, `materialType`, `maxStackSize`, `maxStructure`, `radar`, `pscript`, `spellId`, `stackSize`, `structure`, `targetTypeId`, `usability`, `useRadius`, `validLocations`, `value`, `workmanship`, `animationFrameId`, `defaultScript`, `defaultScriptIntensity`, `elasticity`, `friction`, `locationId`, `modelTableId`, `objectScale`, `physicsBitField`, `physicsTableId`, `motionTableId`, `soundTableId`, `physicsState`, `translucency`)
VALUES (2086154310, 'House Portal', 65536, 0, 0, 0, 262164, 0, 0, 0, 0, 0, 0, 8388656, 0, 100667499, 0, 0, 0, 0, 0, 0, 0, 0, 4, 0, 0, 0, 0, 0, 32, 0.75, 0, 0, 0, 0, 0, 0, 0, 0, 0, 33554867, 0, 98307, 0, 150994947, 0, 3076, 0);

INSERT INTO `ace_object` (`baseAceObjectId`, `weenieClassId`, `landblock`, `cell`, `posX`, `posY`, `posZ`, `qW`, `qX`, `qY`, `qZ`)
VALUES (2086154310, 11730, 50563, 338, 42.3328, 102.93, 45.937, -0.690469, 0, 0, 0.723362);

INSERT INTO `base_ace_object` (`baseAceObjectId`, `name`, `typeId`, `paletteId`, `ammoType`, `blipColor`, `bitField`, `burden`, `combatUse`, `cooldownDuration`, `cooldownId`, `effects`, `containersCapacity`, `header`, `hookTypeId`, `iconId`, `iconOverlayId`, `iconUnderlayId`, `hookItemTypes`, `itemsCapacity`, `location`, `materialType`, `maxStackSize`, `maxStructure`, `radar`, `pscript`, `spellId`, `stackSize`, `structure`, `targetTypeId`, `usability`, `useRadius`, `validLocations`, `value`, `workmanship`, `animationFrameId`, `defaultScript`, `defaultScriptIntensity`, `elasticity`, `friction`, `locationId`, `modelTableId`, `objectScale`, `physicsBitField`, `physicsTableId`, `motionTableId`, `soundTableId`, `physicsState`, `translucency`)
VALUES (2004775007, 'Frozen Fortress', 65536, 0, 0, 0, 262164, 0, 0, 0, 0, 0, 0, 8388656, 0, 100667499, 0, 0, 0, 0, 0, 0, 0, 0, 4, 0, 0, 0, 0, 0, 32, -0.1, 0, 0, 0, 0, 0, 0, 0, 0, 0, 33555925, 0, 98307, 0, 150994947, 0, 3084, 0);

INSERT INTO `ace_object` (`baseAceObjectId`, `weenieClassId`, `landblock`, `cell`, `posX`, `posY`, `posZ`, `qW`, `qX`, `qY`, `qZ`)
VALUES (2004775007, 51319, 30695, 22, 67.4172, 126.961, 105.937, 0.210945, 0, 0, -0.9774979);

INSERT INTO `base_ace_object` (`baseAceObjectId`, `name`, `typeId`, `paletteId`, `ammoType`, `blipColor`, `bitField`, `burden`, `combatUse`, `cooldownDuration`, `cooldownId`, `effects`, `containersCapacity`, `header`, `hookTypeId`, `iconId`, `iconOverlayId`, `iconUnderlayId`, `hookItemTypes`, `itemsCapacity`, `location`, `materialType`, `maxStackSize`, `maxStructure`, `radar`, `pscript`, `spellId`, `stackSize`, `structure`, `targetTypeId`, `usability`, `useRadius`, `validLocations`, `value`, `workmanship`, `animationFrameId`, `defaultScript`, `defaultScriptIntensity`, `elasticity`, `friction`, `locationId`, `modelTableId`, `objectScale`, `physicsBitField`, `physicsTableId`, `motionTableId`, `soundTableId`, `physicsState`, `translucency`)
VALUES (1881055400, 'Surface', 65536, 0, 0, 0, 262164, 0, 0, 0, 0, 0, 0, 8388656, 0, 100667499, 0, 0, 0, 0, 0, 0, 0, 0, 4, 0, 0, 0, 0, 0, 32, -0.1, 0, 0, 0, 0, 0, 0, 0, 0, 0, 33554867, 0, 98307, 0, 150994947, 0, 3084, 0);

INSERT INTO `ace_object` (`baseAceObjectId`, `weenieClassId`, `landblock`, `cell`, `posX`, `posY`, `posZ`, `qW`, `qX`, `qY`, `qZ`)
VALUES (1881055400, 1097, 490, 1049, 50.0936, -61.8056, 53.937, 0.3352459, 0, 0, 0.9421307);

INSERT INTO `base_ace_object` (`baseAceObjectId`, `name`, `typeId`, `paletteId`, `ammoType`, `blipColor`, `bitField`, `burden`, `combatUse`, `cooldownDuration`, `cooldownId`, `effects`, `containersCapacity`, `header`, `hookTypeId`, `iconId`, `iconOverlayId`, `iconUnderlayId`, `hookItemTypes`, `itemsCapacity`, `location`, `materialType`, `maxStackSize`, `maxStructure`, `radar`, `pscript`, `spellId`, `stackSize`, `structure`, `targetTypeId`, `usability`, `useRadius`, `validLocations`, `value`, `workmanship`, `animationFrameId`, `defaultScript`, `defaultScriptIntensity`, `elasticity`, `friction`, `locationId`, `modelTableId`, `objectScale`, `physicsBitField`, `physicsTableId`, `motionTableId`, `soundTableId`, `physicsState`, `translucency`)
VALUES (1881055401, 'Surface', 65536, 0, 0, 0, 262164, 0, 0, 0, 0, 0, 0, 8388656, 0, 100667499, 0, 0, 0, 0, 0, 0, 0, 0, 4, 0, 0, 0, 0, 0, 32, -0.1, 0, 0, 0, 0, 0, 0, 0, 0, 0, 33554867, 0, 98307, 0, 150994947, 0, 3084, 0);

INSERT INTO `ace_object` (`baseAceObjectId`, `weenieClassId`, `landblock`, `cell`, `posX`, `posY`, `posZ`, `qW`, `qX`, `qY`, `qZ`)
VALUES (1881055401, 1097, 490, 1053, 58.1944, -50.0936, 53.937, -0.9032418, 0, 0, -0.4291319);

INSERT INTO `base_ace_object` (`baseAceObjectId`, `name`, `typeId`, `paletteId`, `ammoType`, `blipColor`, `bitField`, `burden`, `combatUse`, `cooldownDuration`, `cooldownId`, `effects`, `containersCapacity`, `header`, `hookTypeId`, `iconId`, `iconOverlayId`, `iconUnderlayId`, `hookItemTypes`, `itemsCapacity`, `location`, `materialType`, `maxStackSize`, `maxStructure`, `radar`, `pscript`, `spellId`, `stackSize`, `structure`, `targetTypeId`, `usability`, `useRadius`, `validLocations`, `value`, `workmanship`, `animationFrameId`, `defaultScript`, `defaultScriptIntensity`, `elasticity`, `friction`, `locationId`, `modelTableId`, `objectScale`, `physicsBitField`, `physicsTableId`, `motionTableId`, `soundTableId`, `physicsState`, `translucency`)
VALUES (1881055404, 'Surface', 65536, 0, 0, 0, 262164, 0, 0, 0, 0, 0, 0, 8388656, 0, 100667499, 0, 0, 0, 0, 0, 0, 0, 0, 4, 0, 0, 0, 0, 0, 32, -0.1, 0, 0, 0, 0, 0, 0, 0, 0, 0, 33554867, 0, 98307, 0, 150994947, 0, 3084, 0);

INSERT INTO `ace_object` (`baseAceObjectId`, `weenieClassId`, `landblock`, `cell`, `posX`, `posY`, `posZ`, `qW`, `qX`, `qY`, `qZ`)
VALUES (1881055404, 1097, 490, 1059, 69.9064, -58.1944, 53.937, -0.9421307, 0, 0, 0.3352459);

INSERT INTO `base_ace_object` (`baseAceObjectId`, `name`, `typeId`, `paletteId`, `ammoType`, `blipColor`, `bitField`, `burden`, `combatUse`, `cooldownDuration`, `cooldownId`, `effects`, `containersCapacity`, `header`, `hookTypeId`, `iconId`, `iconOverlayId`, `iconUnderlayId`, `hookItemTypes`, `itemsCapacity`, `location`, `materialType`, `maxStackSize`, `maxStructure`, `radar`, `pscript`, `spellId`, `stackSize`, `structure`, `targetTypeId`, `usability`, `useRadius`, `validLocations`, `value`, `workmanship`, `animationFrameId`, `defaultScript`, `defaultScriptIntensity`, `elasticity`, `friction`, `locationId`, `modelTableId`, `objectScale`, `physicsBitField`, `physicsTableId`, `motionTableId`, `soundTableId`, `physicsState`, `translucency`)
VALUES (1881055403, 'Surface', 65536, 0, 0, 0, 262164, 0, 0, 0, 0, 0, 0, 8388656, 0, 100667499, 0, 0, 0, 0, 0, 0, 0, 0, 4, 0, 0, 0, 0, 0, 32, -0.1, 0, 0, 0, 0, 0, 0, 0, 0, 0, 33554867, 0, 98307, 0, 150994947, 0, 3084, 0);

INSERT INTO `ace_object` (`baseAceObjectId`, `weenieClassId`, `landblock`, `cell`, `posX`, `posY`, `posZ`, `qW`, `qX`, `qY`, `qZ`)
VALUES (1881055403, 1097, 490, 1055, 61.8056, -69.9064, 53.937, -0.4291319, 0, 0, 0.9032418);

INSERT INTO `base_ace_object` (`baseAceObjectId`, `name`, `typeId`, `paletteId`, `ammoType`, `blipColor`, `bitField`, `burden`, `combatUse`, `cooldownDuration`, `cooldownId`, `effects`, `containersCapacity`, `header`, `hookTypeId`, `iconId`, `iconOverlayId`, `iconUnderlayId`, `hookItemTypes`, `itemsCapacity`, `location`, `materialType`, `maxStackSize`, `maxStructure`, `radar`, `pscript`, `spellId`, `stackSize`, `structure`, `targetTypeId`, `usability`, `useRadius`, `validLocations`, `value`, `workmanship`, `animationFrameId`, `defaultScript`, `defaultScriptIntensity`, `elasticity`, `friction`, `locationId`, `modelTableId`, `objectScale`, `physicsBitField`, `physicsTableId`, `motionTableId`, `soundTableId`, `physicsState`, `translucency`)
VALUES (1972809831, 'Asheron''s Castle', 65536, 0, 0, 0, 262164, 0, 0, 0, 0, 0, 0, 8388656, 0, 100674152, 0, 0, 0, 0, 0, 0, 0, 0, 4, 0, 0, 0, 0, 0, 32, 0.8, 0, 0, 0, 0, 0, 0, 0, 0, 0, 33558268, 0, 34817, 0, 0, 536871008, 66580, 0);

INSERT INTO `ace_object` (`baseAceObjectId`, `weenieClassId`, `landblock`, `cell`, `posX`, `posY`, `posZ`, `qW`, `qX`, `qY`, `qZ`)
VALUES (1972809831, 35293, 22891, 302, 18.0665, -121.125, 6, 0.707107, 0, 0, -0.707107);

INSERT INTO `base_ace_object` (`baseAceObjectId`, `name`, `typeId`, `paletteId`, `ammoType`, `blipColor`, `bitField`, `burden`, `combatUse`, `cooldownDuration`, `cooldownId`, `effects`, `containersCapacity`, `header`, `hookTypeId`, `iconId`, `iconOverlayId`, `iconUnderlayId`, `hookItemTypes`, `itemsCapacity`, `location`, `materialType`, `maxStackSize`, `maxStructure`, `radar`, `pscript`, `spellId`, `stackSize`, `structure`, `targetTypeId`, `usability`, `useRadius`, `validLocations`, `value`, `workmanship`, `animationFrameId`, `defaultScript`, `defaultScriptIntensity`, `elasticity`, `friction`, `locationId`, `modelTableId`, `objectScale`, `physicsBitField`, `physicsTableId`, `motionTableId`, `soundTableId`, `physicsState`, `translucency`)
VALUES (1972809829, 'Portal to Shoushi', 65536, 0, 0, 0, 262164, 0, 0, 0, 0, 0, 0, 8388656, 0, 100667499, 0, 0, 0, 0, 0, 0, 0, 0, 4, 0, 0, 0, 0, 0, 32, -0.1, 0, 0, 0, 0, 0, 0, 0, 0, 0, 33554867, 0, 98307, 0, 150994947, 0, 3084, 0);

INSERT INTO `ace_object` (`baseAceObjectId`, `weenieClassId`, `landblock`, `cell`, `posX`, `posY`, `posZ`, `qW`, `qX`, `qY`, `qZ`)
VALUES (1972809829, 42840, 22891, 303, 23.2912, -126.561, 5.937, 0.7071068, 0, 0, -0.7071068);

INSERT INTO `base_ace_object` (`baseAceObjectId`, `name`, `typeId`, `paletteId`, `ammoType`, `blipColor`, `bitField`, `burden`, `combatUse`, `cooldownDuration`, `cooldownId`, `effects`, `containersCapacity`, `header`, `hookTypeId`, `iconId`, `iconOverlayId`, `iconUnderlayId`, `hookItemTypes`, `itemsCapacity`, `location`, `materialType`, `maxStackSize`, `maxStructure`, `radar`, `pscript`, `spellId`, `stackSize`, `structure`, `targetTypeId`, `usability`, `useRadius`, `validLocations`, `value`, `workmanship`, `animationFrameId`, `defaultScript`, `defaultScriptIntensity`, `elasticity`, `friction`, `locationId`, `modelTableId`, `objectScale`, `physicsBitField`, `physicsTableId`, `motionTableId`, `soundTableId`, `physicsState`, `translucency`)
VALUES (1972809830, 'Portal to Sanamar', 65536, 0, 0, 0, 262164, 0, 0, 0, 0, 0, 0, 8388656, 0, 100667499, 0, 0, 0, 0, 0, 0, 0, 0, 4, 0, 0, 0, 0, 0, 32, -0.1, 0, 0, 0, 0, 0, 0, 0, 0, 0, 33554867, 0, 98307, 0, 150994947, 0, 3084, 0);

INSERT INTO `ace_object` (`baseAceObjectId`, `weenieClassId`, `landblock`, `cell`, `posX`, `posY`, `posZ`, `qW`, `qX`, `qY`, `qZ`)
VALUES (1972809830, 42835, 22891, 303, 23.2205, -131.937, 5.937, 0.7071068, 0, 0, -0.7071068);

INSERT INTO `base_ace_object` (`baseAceObjectId`, `name`, `typeId`, `paletteId`, `ammoType`, `blipColor`, `bitField`, `burden`, `combatUse`, `cooldownDuration`, `cooldownId`, `effects`, `containersCapacity`, `header`, `hookTypeId`, `iconId`, `iconOverlayId`, `iconUnderlayId`, `hookItemTypes`, `itemsCapacity`, `location`, `materialType`, `maxStackSize`, `maxStructure`, `radar`, `pscript`, `spellId`, `stackSize`, `structure`, `targetTypeId`, `usability`, `useRadius`, `validLocations`, `value`, `workmanship`, `animationFrameId`, `defaultScript`, `defaultScriptIntensity`, `elasticity`, `friction`, `locationId`, `modelTableId`, `objectScale`, `physicsBitField`, `physicsTableId`, `motionTableId`, `soundTableId`, `physicsState`, `translucency`)
VALUES (1972809825, 'Portal to Holtburg', 65536, 0, 0, 0, 262164, 0, 0, 0, 0, 0, 0, 8388656, 0, 100667499, 0, 0, 0, 0, 0, 0, 0, 0, 4, 0, 0, 0, 0, 0, 32, -0.1, 0, 0, 0, 0, 0, 0, 0, 0, 0, 33554867, 0, 98307, 0, 150994947, 0, 3084, 0);

INSERT INTO `ace_object` (`baseAceObjectId`, `weenieClassId`, `landblock`, `cell`, `posX`, `posY`, `posZ`, `qW`, `qX`, `qY`, `qZ`)
VALUES (1972809825, 42820, 22891, 297, -3.4271, -131.86, 5.937, -0.7071068, 0, 0, -0.7071068);

INSERT INTO `base_ace_object` (`baseAceObjectId`, `name`, `typeId`, `paletteId`, `ammoType`, `blipColor`, `bitField`, `burden`, `combatUse`, `cooldownDuration`, `cooldownId`, `effects`, `containersCapacity`, `header`, `hookTypeId`, `iconId`, `iconOverlayId`, `iconUnderlayId`, `hookItemTypes`, `itemsCapacity`, `location`, `materialType`, `maxStackSize`, `maxStructure`, `radar`, `pscript`, `spellId`, `stackSize`, `structure`, `targetTypeId`, `usability`, `useRadius`, `validLocations`, `value`, `workmanship`, `animationFrameId`, `defaultScript`, `defaultScriptIntensity`, `elasticity`, `friction`, `locationId`, `modelTableId`, `objectScale`, `physicsBitField`, `physicsTableId`, `motionTableId`, `soundTableId`, `physicsState`, `translucency`)
VALUES (1972809826, 'Portal to Yaraq', 65536, 0, 0, 0, 262164, 0, 0, 0, 0, 0, 0, 8388656, 0, 100667499, 0, 0, 0, 0, 0, 0, 0, 0, 4, 0, 0, 0, 0, 0, 32, -0.1, 0, 0, 0, 0, 0, 0, 0, 0, 0, 33554867, 0, 98307, 0, 150994947, 0, 3084, 0);

INSERT INTO `ace_object` (`baseAceObjectId`, `weenieClassId`, `landblock`, `cell`, `posX`, `posY`, `posZ`, `qW`, `qX`, `qY`, `qZ`)
VALUES (1972809826, 42824, 22891, 297, -3.50864, -126.716, 5.937, -0.7071068, 0, 0, -0.7071068);

INSERT INTO `base_ace_object` (`baseAceObjectId`, `name`, `typeId`, `paletteId`, `ammoType`, `blipColor`, `bitField`, `burden`, `combatUse`, `cooldownDuration`, `cooldownId`, `effects`, `containersCapacity`, `header`, `hookTypeId`, `iconId`, `iconOverlayId`, `iconUnderlayId`, `hookItemTypes`, `itemsCapacity`, `location`, `materialType`, `maxStackSize`, `maxStructure`, `radar`, `pscript`, `spellId`, `stackSize`, `structure`, `targetTypeId`, `usability`, `useRadius`, `validLocations`, `value`, `workmanship`, `animationFrameId`, `defaultScript`, `defaultScriptIntensity`, `elasticity`, `friction`, `locationId`, `modelTableId`, `objectScale`, `physicsBitField`, `physicsTableId`, `motionTableId`, `soundTableId`, `physicsState`, `translucency`)
VALUES (2017554501, 'House Portal', 65536, 0, 0, 0, 262164, 0, 0, 0, 0, 0, 0, 41943088, 0, 100667499, 0, 0, 0, 0, 0, 0, 0, 0, 4, 0, 0, 0, 0, 0, 32, 0.75, 0, 0, 0, 0, 0, 0, 0, 0, 0, 33554867, 0, 98307, 0, 150994947, 0, 3076, 0);

INSERT INTO `ace_object` (`baseAceObjectId`, `weenieClassId`, `landblock`, `cell`, `posX`, `posY`, `posZ`, `qW`, `qX`, `qY`, `qZ`)
VALUES (2017554501, 11730, 33815, 338, 40.9016, 90.2404, 183.937, -0.9999971, 0, 0, 0.00241028);

INSERT INTO `base_ace_object` (`baseAceObjectId`, `name`, `typeId`, `paletteId`, `ammoType`, `blipColor`, `bitField`, `burden`, `combatUse`, `cooldownDuration`, `cooldownId`, `effects`, `containersCapacity`, `header`, `hookTypeId`, `iconId`, `iconOverlayId`, `iconUnderlayId`, `hookItemTypes`, `itemsCapacity`, `location`, `materialType`, `maxStackSize`, `maxStructure`, `radar`, `pscript`, `spellId`, `stackSize`, `structure`, `targetTypeId`, `usability`, `useRadius`, `validLocations`, `value`, `workmanship`, `animationFrameId`, `defaultScript`, `defaultScriptIntensity`, `elasticity`, `friction`, `locationId`, `modelTableId`, `objectScale`, `physicsBitField`, `physicsTableId`, `motionTableId`, `soundTableId`, `physicsState`, `translucency`)
VALUES (2780083874, 'Grael''s Chamber', 65536, 0, 0, 0, 262164, 0, 0, 0, 0, 0, 0, 8388656, 0, 100667499, 0, 0, 0, 0, 0, 0, 0, 0, 4, 0, 0, 0, 0, 0, 32, -0.1, 0, 0, 0, 0, 0, 0, 0, 0, 0, 33555925, 0, 98307, 0, 150994947, 0, 3084, 0);

INSERT INTO `ace_object` (`baseAceObjectId`, `weenieClassId`, `landblock`, `cell`, `posX`, `posY`, `posZ`, `qW`, `qX`, `qY`, `qZ`)
VALUES (2780083874, 33772, 51948, 268, 62, -3.58, 57.937, 0.7071068, 0, 0, -0.7071068);

INSERT INTO `base_ace_object` (`baseAceObjectId`, `name`, `typeId`, `paletteId`, `ammoType`, `blipColor`, `bitField`, `burden`, `combatUse`, `cooldownDuration`, `cooldownId`, `effects`, `containersCapacity`, `header`, `hookTypeId`, `iconId`, `iconOverlayId`, `iconUnderlayId`, `hookItemTypes`, `itemsCapacity`, `location`, `materialType`, `maxStackSize`, `maxStructure`, `radar`, `pscript`, `spellId`, `stackSize`, `structure`, `targetTypeId`, `usability`, `useRadius`, `validLocations`, `value`, `workmanship`, `animationFrameId`, `defaultScript`, `defaultScriptIntensity`, `elasticity`, `friction`, `locationId`, `modelTableId`, `objectScale`, `physicsBitField`, `physicsTableId`, `motionTableId`, `soundTableId`, `physicsState`, `translucency`)
VALUES (1969524755, 'Surface', 65536, 0, 0, 0, 262164, 0, 0, 0, 0, 0, 0, 8388656, 0, 100667499, 0, 0, 0, 0, 0, 0, 0, 0, 4, 0, 0, 0, 0, 0, 32, -0.1, 0, 0, 0, 0, 0, 0, 0, 0, 0, 33554867, 0, 98307, 0, 150994947, 0, 3084, 0);

INSERT INTO `ace_object` (`baseAceObjectId`, `weenieClassId`, `landblock`, `cell`, `posX`, `posY`, `posZ`, `qW`, `qX`, `qY`, `qZ`)
VALUES (1969524755, 23077, 22089, 319, 50, -50, -0.06299996, 0.714421, 0, 0, 0.699716);

INSERT INTO `base_ace_object` (`baseAceObjectId`, `name`, `typeId`, `paletteId`, `ammoType`, `blipColor`, `bitField`, `burden`, `combatUse`, `cooldownDuration`, `cooldownId`, `effects`, `containersCapacity`, `header`, `hookTypeId`, `iconId`, `iconOverlayId`, `iconUnderlayId`, `hookItemTypes`, `itemsCapacity`, `location`, `materialType`, `maxStackSize`, `maxStructure`, `radar`, `pscript`, `spellId`, `stackSize`, `structure`, `targetTypeId`, `usability`, `useRadius`, `validLocations`, `value`, `workmanship`, `animationFrameId`, `defaultScript`, `defaultScriptIntensity`, `elasticity`, `friction`, `locationId`, `modelTableId`, `objectScale`, `physicsBitField`, `physicsTableId`, `motionTableId`, `soundTableId`, `physicsState`, `translucency`)
VALUES (1969524841, 'Surface', 65536, 0, 0, 0, 262164, 0, 0, 0, 0, 0, 0, 8388656, 0, 100667499, 0, 0, 0, 0, 0, 0, 0, 0, 4, 0, 0, 0, 0, 0, 32, -0.1, 0, 0, 0, 0, 0, 0, 0, 0, 0, 33554867, 0, 98307, 0, 150994947, 0, 3084, 0);

INSERT INTO `ace_object` (`baseAceObjectId`, `weenieClassId`, `landblock`, `cell`, `posX`, `posY`, `posZ`, `qW`, `qX`, `qY`, `qZ`)
VALUES (1969524841, 23077, 22089, 588, 212.563, -109.861, -0.06299996, -0.6945151, 0, 0, -0.7194781);

INSERT INTO `base_ace_object` (`baseAceObjectId`, `name`, `typeId`, `paletteId`, `ammoType`, `blipColor`, `bitField`, `burden`, `combatUse`, `cooldownDuration`, `cooldownId`, `effects`, `containersCapacity`, `header`, `hookTypeId`, `iconId`, `iconOverlayId`, `iconUnderlayId`, `hookItemTypes`, `itemsCapacity`, `location`, `materialType`, `maxStackSize`, `maxStructure`, `radar`, `pscript`, `spellId`, `stackSize`, `structure`, `targetTypeId`, `usability`, `useRadius`, `validLocations`, `value`, `workmanship`, `animationFrameId`, `defaultScript`, `defaultScriptIntensity`, `elasticity`, `friction`, `locationId`, `modelTableId`, `objectScale`, `physicsBitField`, `physicsTableId`, `motionTableId`, `soundTableId`, `physicsState`, `translucency`)
VALUES (2098806784, 'Seaside Lair', 65536, 0, 0, 0, 262164, 0, 0, 0, 0, 0, 0, 8388656, 0, 100667499, 0, 0, 0, 0, 0, 0, 0, 0, 4, 0, 0, 0, 0, 0, 32, -0.1, 0, 0, 0, 0, 0, 0, 0, 0, 0, 33554867, 0, 98307, 0, 150994947, 0, 3084, 0);

INSERT INTO `ace_object` (`baseAceObjectId`, `weenieClassId`, `landblock`, `cell`, `posX`, `posY`, `posZ`, `qW`, `qX`, `qY`, `qZ`)
VALUES (2098806784, 2091, 53652, 56, 150.579, 182.796, -0.06299996, 0.174095, 0, 0, -0.9847289);

INSERT INTO `base_ace_object` (`baseAceObjectId`, `name`, `typeId`, `paletteId`, `ammoType`, `blipColor`, `bitField`, `burden`, `combatUse`, `cooldownDuration`, `cooldownId`, `effects`, `containersCapacity`, `header`, `hookTypeId`, `iconId`, `iconOverlayId`, `iconUnderlayId`, `hookItemTypes`, `itemsCapacity`, `location`, `materialType`, `maxStackSize`, `maxStructure`, `radar`, `pscript`, `spellId`, `stackSize`, `structure`, `targetTypeId`, `usability`, `useRadius`, `validLocations`, `value`, `workmanship`, `animationFrameId`, `defaultScript`, `defaultScriptIntensity`, `elasticity`, `friction`, `locationId`, `modelTableId`, `objectScale`, `physicsBitField`, `physicsTableId`, `motionTableId`, `soundTableId`, `physicsState`, `translucency`)
VALUES (1880510491, 'Surface Portal', 65536, 0, 0, 0, 262164, 0, 0, 0, 0, 0, 0, 8388656, 0, 100667499, 0, 0, 0, 0, 0, 0, 0, 0, 4, 0, 0, 0, 0, 0, 32, -0.1, 0, 0, 0, 0, 0, 0, 0, 0, 0, 33554867, 0, 98307, 0, 150994947, 0, 3084, 0);

INSERT INTO `ace_object` (`baseAceObjectId`, `weenieClassId`, `landblock`, `cell`, `posX`, `posY`, `posZ`, `qW`, `qX`, `qY`, `qZ`)
VALUES (1880510491, 4934, 357, 357, 52.4491, -30.1362, -0.06299996, -0.7071068, 0, 0, -0.7071068);

INSERT INTO `base_ace_object` (`baseAceObjectId`, `name`, `typeId`, `paletteId`, `ammoType`, `blipColor`, `bitField`, `burden`, `combatUse`, `cooldownDuration`, `cooldownId`, `effects`, `containersCapacity`, `header`, `hookTypeId`, `iconId`, `iconOverlayId`, `iconUnderlayId`, `hookItemTypes`, `itemsCapacity`, `location`, `materialType`, `maxStackSize`, `maxStructure`, `radar`, `pscript`, `spellId`, `stackSize`, `structure`, `targetTypeId`, `usability`, `useRadius`, `validLocations`, `value`, `workmanship`, `animationFrameId`, `defaultScript`, `defaultScriptIntensity`, `elasticity`, `friction`, `locationId`, `modelTableId`, `objectScale`, `physicsBitField`, `physicsTableId`, `motionTableId`, `soundTableId`, `physicsState`, `translucency`)
VALUES (2079842304, 'Lost Distillery Portal', 65536, 0, 0, 0, 262164, 0, 0, 0, 0, 0, 0, 8388656, 0, 100667499, 0, 0, 0, 0, 0, 0, 0, 0, 4, 0, 0, 0, 0, 0, 32, -0.1, 0, 0, 0, 0, 0, 0, 0, 0, 0, 33555923, 0, 98307, 0, 150994947, 0, 3084, 0);

INSERT INTO `ace_object` (`baseAceObjectId`, `weenieClassId`, `landblock`, `cell`, `posX`, `posY`, `posZ`, `qW`, `qX`, `qY`, `qZ`)
VALUES (2079842304, 4895, 49022, 258, 84, 93, 22.737, -4.37114E-08, 0, 0, -1);

INSERT INTO `base_ace_object` (`baseAceObjectId`, `name`, `typeId`, `paletteId`, `ammoType`, `blipColor`, `bitField`, `burden`, `combatUse`, `cooldownDuration`, `cooldownId`, `effects`, `containersCapacity`, `header`, `hookTypeId`, `iconId`, `iconOverlayId`, `iconUnderlayId`, `hookItemTypes`, `itemsCapacity`, `location`, `materialType`, `maxStackSize`, `maxStructure`, `radar`, `pscript`, `spellId`, `stackSize`, `structure`, `targetTypeId`, `usability`, `useRadius`, `validLocations`, `value`, `workmanship`, `animationFrameId`, `defaultScript`, `defaultScriptIntensity`, `elasticity`, `friction`, `locationId`, `modelTableId`, `objectScale`, `physicsBitField`, `physicsTableId`, `motionTableId`, `soundTableId`, `physicsState`, `translucency`)
VALUES (2078785536, 'Hollow Lair near Lytelthorpe', 65536, 0, 0, 0, 262164, 0, 0, 0, 0, 0, 0, 8388656, 0, 100667499, 0, 0, 0, 0, 0, 0, 0, 0, 4, 0, 0, 0, 0, 0, 32, -0.1, 0, 0, 0, 0, 0, 0, 0, 0, 0, 33555923, 0, 98307, 0, 150994947, 0, 3084, 0);

INSERT INTO `ace_object` (`baseAceObjectId`, `weenieClassId`, `landblock`, `cell`, `posX`, `posY`, `posZ`, `qW`, `qX`, `qY`, `qZ`)
VALUES (2078785536, 12692, 48764, 54, 166.942, 130.946, 30.93733, 0.840713, 0, 0, 0.541481);

INSERT INTO `base_ace_object` (`baseAceObjectId`, `name`, `typeId`, `paletteId`, `ammoType`, `blipColor`, `bitField`, `burden`, `combatUse`, `cooldownDuration`, `cooldownId`, `effects`, `containersCapacity`, `header`, `hookTypeId`, `iconId`, `iconOverlayId`, `iconUnderlayId`, `hookItemTypes`, `itemsCapacity`, `location`, `materialType`, `maxStackSize`, `maxStructure`, `radar`, `pscript`, `spellId`, `stackSize`, `structure`, `targetTypeId`, `usability`, `useRadius`, `validLocations`, `value`, `workmanship`, `animationFrameId`, `defaultScript`, `defaultScriptIntensity`, `elasticity`, `friction`, `locationId`, `modelTableId`, `objectScale`, `physicsBitField`, `physicsTableId`, `motionTableId`, `soundTableId`, `physicsState`, `translucency`)
VALUES (1882832944, 'Exit Portal', 65536, 0, 0, 0, 262164, 0, 0, 0, 0, 0, 0, 8388656, 0, 100667499, 0, 0, 0, 0, 0, 0, 0, 0, 4, 0, 0, 0, 0, 0, 32, -0.1, 0, 0, 0, 0, 0, 0, 0, 0, 0, 33554867, 0, 98307, 0, 150994947, 0, 3084, 0);

INSERT INTO `ace_object` (`baseAceObjectId`, `weenieClassId`, `landblock`, `cell`, `posX`, `posY`, `posZ`, `qW`, `qX`, `qY`, `qZ`)
VALUES (1882832944, 12693, 924, 512, 90.0029, -42.2002, -0.06299996, -0.02613681, 0, 0, 0.9996583);

INSERT INTO `base_ace_object` (`baseAceObjectId`, `name`, `typeId`, `paletteId`, `ammoType`, `blipColor`, `bitField`, `burden`, `combatUse`, `cooldownDuration`, `cooldownId`, `effects`, `containersCapacity`, `header`, `hookTypeId`, `iconId`, `iconOverlayId`, `iconUnderlayId`, `hookItemTypes`, `itemsCapacity`, `location`, `materialType`, `maxStackSize`, `maxStructure`, `radar`, `pscript`, `spellId`, `stackSize`, `structure`, `targetTypeId`, `usability`, `useRadius`, `validLocations`, `value`, `workmanship`, `animationFrameId`, `defaultScript`, `defaultScriptIntensity`, `elasticity`, `friction`, `locationId`, `modelTableId`, `objectScale`, `physicsBitField`, `physicsTableId`, `motionTableId`, `soundTableId`, `physicsState`, `translucency`)
VALUES (1882832919, 'Arcanum Furniture Shop', 65536, 0, 0, 0, 262164, 0, 0, 0, 0, 0, 0, 8388656, 0, 100667499, 0, 0, 0, 0, 0, 0, 0, 0, 4, 0, 0, 0, 0, 0, 32, -0.1, 0, 0, 0, 0, 0, 0, 0, 0, 0, 33554867, 0, 98307, 0, 150994947, 0, 3084, 0);

INSERT INTO `ace_object` (`baseAceObjectId`, `weenieClassId`, `landblock`, `cell`, `posX`, `posY`, `posZ`, `qW`, `qX`, `qY`, `qZ`)
VALUES (1882832919, 12696, 924, 403, 94.6842, -72.9782, -6.063, 0.01273, 0, 0, 0.999919);

INSERT INTO `base_ace_object` (`baseAceObjectId`, `name`, `typeId`, `paletteId`, `ammoType`, `blipColor`, `bitField`, `burden`, `combatUse`, `cooldownDuration`, `cooldownId`, `effects`, `containersCapacity`, `header`, `hookTypeId`, `iconId`, `iconOverlayId`, `iconUnderlayId`, `hookItemTypes`, `itemsCapacity`, `location`, `materialType`, `maxStackSize`, `maxStructure`, `radar`, `pscript`, `spellId`, `stackSize`, `structure`, `targetTypeId`, `usability`, `useRadius`, `validLocations`, `value`, `workmanship`, `animationFrameId`, `defaultScript`, `defaultScriptIntensity`, `elasticity`, `friction`, `locationId`, `modelTableId`, `objectScale`, `physicsBitField`, `physicsTableId`, `motionTableId`, `soundTableId`, `physicsState`, `translucency`)
VALUES (1966493886, 'Sanctum Residential Halls Portal', 65536, 0, 0, 0, 262164, 0, 0, 0, 0, 0, 0, 8388656, 0, 100667499, 0, 0, 0, 0, 0, 0, 0, 0, 4, 0, 0, 0, 0, 0, 32, -0.1, 0, 0, 0, 0, 0, 0, 0, 0, 0, 33554867, 0, 98307, 0, 150994947, 0, 3084, 0);

INSERT INTO `ace_object` (`baseAceObjectId`, `weenieClassId`, `landblock`, `cell`, `posX`, `posY`, `posZ`, `qW`, `qX`, `qY`, `qZ`)
VALUES (1966493886, 15837, 21349, 545, 100.101, -109.943, -0.06299996, -0.9055052, 0, 0, -0.4243351);

INSERT INTO `base_ace_object` (`baseAceObjectId`, `name`, `typeId`, `paletteId`, `ammoType`, `blipColor`, `bitField`, `burden`, `combatUse`, `cooldownDuration`, `cooldownId`, `effects`, `containersCapacity`, `header`, `hookTypeId`, `iconId`, `iconOverlayId`, `iconUnderlayId`, `hookItemTypes`, `itemsCapacity`, `location`, `materialType`, `maxStackSize`, `maxStructure`, `radar`, `pscript`, `spellId`, `stackSize`, `structure`, `targetTypeId`, `usability`, `useRadius`, `validLocations`, `value`, `workmanship`, `animationFrameId`, `defaultScript`, `defaultScriptIntensity`, `elasticity`, `friction`, `locationId`, `modelTableId`, `objectScale`, `physicsBitField`, `physicsTableId`, `motionTableId`, `soundTableId`, `physicsState`, `translucency`)
VALUES (1923846144, 'Crumbling Empyrean Mansion', 65536, 0, 0, 0, 262164, 0, 0, 0, 0, 0, 0, 8388656, 0, 100667499, 0, 0, 0, 0, 0, 0, 0, 0, 4, 0, 0, 0, 0, 0, 32, -0.1, 0, 0, 0, 0, 0, 0, 0, 0, 0, 33555923, 0, 98307, 0, 150994947, 0, 3084, 0);

INSERT INTO `ace_object` (`baseAceObjectId`, `weenieClassId`, `landblock`, `cell`, `posX`, `posY`, `posZ`, `qW`, `qX`, `qY`, `qZ`)
VALUES (1923846144, 27587, 10937, 40, 112.55, 180.457, 19.937, 0.3846879, 0, 0, -0.9230467);

INSERT INTO `base_ace_object` (`baseAceObjectId`, `name`, `typeId`, `paletteId`, `ammoType`, `blipColor`, `bitField`, `burden`, `combatUse`, `cooldownDuration`, `cooldownId`, `effects`, `containersCapacity`, `header`, `hookTypeId`, `iconId`, `iconOverlayId`, `iconUnderlayId`, `hookItemTypes`, `itemsCapacity`, `location`, `materialType`, `maxStackSize`, `maxStructure`, `radar`, `pscript`, `spellId`, `stackSize`, `structure`, `targetTypeId`, `usability`, `useRadius`, `validLocations`, `value`, `workmanship`, `animationFrameId`, `defaultScript`, `defaultScriptIntensity`, `elasticity`, `friction`, `locationId`, `modelTableId`, `objectScale`, `physicsBitField`, `physicsTableId`, `motionTableId`, `soundTableId`, `physicsState`, `translucency`)
VALUES (1986498650, 'Surface Exit', 65536, 0, 0, 0, 262164, 0, 0, 0, 0, 0, 0, 8388656, 0, 100667499, 0, 0, 0, 0, 0, 0, 0, 0, 4, 0, 0, 0, 0, 0, 32, -0.1, 0, 0, 0, 0, 0, 0, 0, 0, 0, 33554867, 0, 98307, 0, 150994947, 0, 3084, 0);

INSERT INTO `ace_object` (`baseAceObjectId`, `weenieClassId`, `landblock`, `cell`, `posX`, `posY`, `posZ`, `qW`, `qX`, `qY`, `qZ`)
VALUES (1986498650, 27588, 26233, 630, 21.1979, -66.3692, -0.06299996, 0.9997158, 0, 0, 0.0238394);

INSERT INTO `base_ace_object` (`baseAceObjectId`, `name`, `typeId`, `paletteId`, `ammoType`, `blipColor`, `bitField`, `burden`, `combatUse`, `cooldownDuration`, `cooldownId`, `effects`, `containersCapacity`, `header`, `hookTypeId`, `iconId`, `iconOverlayId`, `iconUnderlayId`, `hookItemTypes`, `itemsCapacity`, `location`, `materialType`, `maxStackSize`, `maxStructure`, `radar`, `pscript`, `spellId`, `stackSize`, `structure`, `targetTypeId`, `usability`, `useRadius`, `validLocations`, `value`, `workmanship`, `animationFrameId`, `defaultScript`, `defaultScriptIntensity`, `elasticity`, `friction`, `locationId`, `modelTableId`, `objectScale`, `physicsBitField`, `physicsTableId`, `motionTableId`, `soundTableId`, `physicsState`, `translucency`)
VALUES (2019999771, 'Mammet Foundry Portal', 65536, 0, 0, 0, 262164, 0, 0, 0, 0, 0, 0, 8388656, 0, 100667499, 0, 0, 0, 0, 0, 0, 0, 0, 4, 0, 0, 0, 0, 0, 32, -0.1, 0, 0, 0, 0, 0, 0, 0, 0, 0, 33554867, 0, 98307, 0, 150994947, 0, 3084, 0);

INSERT INTO `ace_object` (`baseAceObjectId`, `weenieClassId`, `landblock`, `cell`, `posX`, `posY`, `posZ`, `qW`, `qX`, `qY`, `qZ`)
VALUES (2019999771, 19716, 34412, 266, 134.402, 149.122, 4.737, -0.332007, 0, 0, 0.9432769);

INSERT INTO `base_ace_object` (`baseAceObjectId`, `name`, `typeId`, `paletteId`, `ammoType`, `blipColor`, `bitField`, `burden`, `combatUse`, `cooldownDuration`, `cooldownId`, `effects`, `containersCapacity`, `header`, `hookTypeId`, `iconId`, `iconOverlayId`, `iconUnderlayId`, `hookItemTypes`, `itemsCapacity`, `location`, `materialType`, `maxStackSize`, `maxStructure`, `radar`, `pscript`, `spellId`, `stackSize`, `structure`, `targetTypeId`, `usability`, `useRadius`, `validLocations`, `value`, `workmanship`, `animationFrameId`, `defaultScript`, `defaultScriptIntensity`, `elasticity`, `friction`, `locationId`, `modelTableId`, `objectScale`, `physicsBitField`, `physicsTableId`, `motionTableId`, `soundTableId`, `physicsState`, `translucency`)
VALUES (2019999779, 'Portal to Town Network', 65536, 0, 0, 0, 262164, 0, 0, 0, 0, 0, 0, 8388656, 0, 100667499, 0, 0, 0, 0, 0, 0, 0, 0, 4, 0, 0, 0, 0, 0, 32, -0.1, 0, 0, 0, 0, 0, 0, 0, 0, 0, 33554867, 0, 98307, 0, 150994947, 0, 3084, 0);

INSERT INTO `ace_object` (`baseAceObjectId`, `weenieClassId`, `landblock`, `cell`, `posX`, `posY`, `posZ`, `qW`, `qX`, `qY`, `qZ`)
VALUES (2019999779, 43066, 34412, 47, 139.232, 162.06, 10.198, 0.9283586, 0, 0, -0.3716859);

INSERT INTO `base_ace_object` (`baseAceObjectId`, `name`, `typeId`, `paletteId`, `ammoType`, `blipColor`, `bitField`, `burden`, `combatUse`, `cooldownDuration`, `cooldownId`, `effects`, `containersCapacity`, `header`, `hookTypeId`, `iconId`, `iconOverlayId`, `iconUnderlayId`, `hookItemTypes`, `itemsCapacity`, `location`, `materialType`, `maxStackSize`, `maxStructure`, `radar`, `pscript`, `spellId`, `stackSize`, `structure`, `targetTypeId`, `usability`, `useRadius`, `validLocations`, `value`, `workmanship`, `animationFrameId`, `defaultScript`, `defaultScriptIntensity`, `elasticity`, `friction`, `locationId`, `modelTableId`, `objectScale`, `physicsBitField`, `physicsTableId`, `motionTableId`, `soundTableId`, `physicsState`, `translucency`)
VALUES (2018955264, 'Tufa Meeting Hall Portal', 65536, 0, 0, 0, 262164, 0, 0, 0, 0, 0, 0, 8388656, 0, 100667499, 0, 0, 0, 0, 0, 0, 0, 0, 4, 0, 0, 0, 0, 0, 32, -0.1, 0, 0, 0, 0, 0, 0, 0, 0, 0, 33554867, 0, 98307, 0, 150994947, 0, 3084, 0);

INSERT INTO `ace_object` (`baseAceObjectId`, `weenieClassId`, `landblock`, `cell`, `posX`, `posY`, `posZ`, `qW`, `qX`, `qY`, `qZ`)
VALUES (2018955264, 6108, 34157, 257, 128.866, 177.097, 15.937, -0.3696942, 0, 0, -0.9291535);

INSERT INTO `base_ace_object` (`baseAceObjectId`, `name`, `typeId`, `paletteId`, `ammoType`, `blipColor`, `bitField`, `burden`, `combatUse`, `cooldownDuration`, `cooldownId`, `effects`, `containersCapacity`, `header`, `hookTypeId`, `iconId`, `iconOverlayId`, `iconUnderlayId`, `hookItemTypes`, `itemsCapacity`, `location`, `materialType`, `maxStackSize`, `maxStructure`, `radar`, `pscript`, `spellId`, `stackSize`, `structure`, `targetTypeId`, `usability`, `useRadius`, `validLocations`, `value`, `workmanship`, `animationFrameId`, `defaultScript`, `defaultScriptIntensity`, `elasticity`, `friction`, `locationId`, `modelTableId`, `objectScale`, `physicsBitField`, `physicsTableId`, `motionTableId`, `soundTableId`, `physicsState`, `translucency`)
VALUES (2033696768, 'Mnemosyne Collection Site', 65536, 0, 0, 0, 262164, 0, 0, 0, 0, 0, 0, 8388656, 0, 100667499, 0, 0, 0, 0, 0, 0, 0, 0, 4, 0, 0, 0, 0, 0, 32, -0.1, 0, 0, 0, 0, 0, 0, 0, 0, 0, 33554867, 0, 98307, 0, 150994947, 0, 3084, 0);

INSERT INTO `ace_object` (`baseAceObjectId`, `weenieClassId`, `landblock`, `cell`, `posX`, `posY`, `posZ`, `qW`, `qX`, `qY`, `qZ`)
VALUES (2033696768, 9322, 37756, 59, 177.777, 50.028, 35.937, 0.6932669, 0, 0, 0.720681);

INSERT INTO `base_ace_object` (`baseAceObjectId`, `name`, `typeId`, `paletteId`, `ammoType`, `blipColor`, `bitField`, `burden`, `combatUse`, `cooldownDuration`, `cooldownId`, `effects`, `containersCapacity`, `header`, `hookTypeId`, `iconId`, `iconOverlayId`, `iconUnderlayId`, `hookItemTypes`, `itemsCapacity`, `location`, `materialType`, `maxStackSize`, `maxStructure`, `radar`, `pscript`, `spellId`, `stackSize`, `structure`, `targetTypeId`, `usability`, `useRadius`, `validLocations`, `value`, `workmanship`, `animationFrameId`, `defaultScript`, `defaultScriptIntensity`, `elasticity`, `friction`, `locationId`, `modelTableId`, `objectScale`, `physicsBitField`, `physicsTableId`, `motionTableId`, `soundTableId`, `physicsState`, `translucency`)
VALUES (1881788416, 'Exit', 65536, 0, 0, 0, 262164, 0, 0, 0, 0, 0, 0, 8388656, 0, 100667499, 0, 0, 0, 0, 0, 0, 0, 0, 4, 0, 0, 0, 0, 0, 32, -0.1, 0, 0, 0, 0, 0, 0, 0, 0, 0, 33554867, 0, 98307, 0, 150994947, 0, 3084, 0);

INSERT INTO `ace_object` (`baseAceObjectId`, `weenieClassId`, `landblock`, `cell`, `posX`, `posY`, `posZ`, `qW`, `qX`, `qY`, `qZ`)
VALUES (1881788416, 9323, 669, 259, 5.42385, 1.48456, -0.06299996, -0.9999966, 0, 0, 0.002616979);

INSERT INTO `base_ace_object` (`baseAceObjectId`, `name`, `typeId`, `paletteId`, `ammoType`, `blipColor`, `bitField`, `burden`, `combatUse`, `cooldownDuration`, `cooldownId`, `effects`, `containersCapacity`, `header`, `hookTypeId`, `iconId`, `iconOverlayId`, `iconUnderlayId`, `hookItemTypes`, `itemsCapacity`, `location`, `materialType`, `maxStackSize`, `maxStructure`, `radar`, `pscript`, `spellId`, `stackSize`, `structure`, `targetTypeId`, `usability`, `useRadius`, `validLocations`, `value`, `workmanship`, `animationFrameId`, `defaultScript`, `defaultScriptIntensity`, `elasticity`, `friction`, `locationId`, `modelTableId`, `objectScale`, `physicsBitField`, `physicsTableId`, `motionTableId`, `soundTableId`, `physicsState`, `translucency`)
VALUES (1881788419, 'Small Mnemosyne Collection Site', 65536, 0, 0, 0, 262164, 0, 0, 0, 0, 0, 0, 8388656, 0, 100667499, 0, 0, 0, 0, 0, 0, 0, 0, 4, 0, 0, 0, 0, 0, 32, -0.1, 0, 0, 0, 0, 0, 0, 0, 0, 0, 33554867, 0, 98307, 0, 150994947, 0, 3084, 0);

INSERT INTO `ace_object` (`baseAceObjectId`, `weenieClassId`, `landblock`, `cell`, `posX`, `posY`, `posZ`, `qW`, `qX`, `qY`, `qZ`)
VALUES (1881788419, 9320, 669, 261, 5.12844, -22.0209, -0.06299996, -0.113192, 0, 0, -0.9935731);

INSERT INTO `base_ace_object` (`baseAceObjectId`, `name`, `typeId`, `paletteId`, `ammoType`, `blipColor`, `bitField`, `burden`, `combatUse`, `cooldownDuration`, `cooldownId`, `effects`, `containersCapacity`, `header`, `hookTypeId`, `iconId`, `iconOverlayId`, `iconUnderlayId`, `hookItemTypes`, `itemsCapacity`, `location`, `materialType`, `maxStackSize`, `maxStructure`, `radar`, `pscript`, `spellId`, `stackSize`, `structure`, `targetTypeId`, `usability`, `useRadius`, `validLocations`, `value`, `workmanship`, `animationFrameId`, `defaultScript`, `defaultScriptIntensity`, `elasticity`, `friction`, `locationId`, `modelTableId`, `objectScale`, `physicsBitField`, `physicsTableId`, `motionTableId`, `soundTableId`, `physicsState`, `translucency`)
VALUES (1883234359, 'Surface', 65536, 0, 0, 0, 262164, 0, 0, 0, 0, 0, 0, 8388656, 0, 100667499, 0, 0, 0, 0, 0, 0, 0, 0, 4, 0, 0, 0, 0, 0, 32, -0.1, 0, 0, 0, 0, 0, 0, 0, 0, 0, 33554867, 0, 98307, 0, 150994947, 0, 3084, 0);

INSERT INTO `ace_object` (`baseAceObjectId`, `weenieClassId`, `landblock`, `cell`, `posX`, `posY`, `posZ`, `qW`, `qX`, `qY`, `qZ`)
VALUES (1883234359, 28834, 1022, 553, 149.919, -216.194, 5.937, 0.009921948, 0, 0, -0.9999508);

INSERT INTO `base_ace_object` (`baseAceObjectId`, `name`, `typeId`, `paletteId`, `ammoType`, `blipColor`, `bitField`, `burden`, `combatUse`, `cooldownDuration`, `cooldownId`, `effects`, `containersCapacity`, `header`, `hookTypeId`, `iconId`, `iconOverlayId`, `iconUnderlayId`, `hookItemTypes`, `itemsCapacity`, `location`, `materialType`, `maxStackSize`, `maxStructure`, `radar`, `pscript`, `spellId`, `stackSize`, `structure`, `targetTypeId`, `usability`, `useRadius`, `validLocations`, `value`, `workmanship`, `animationFrameId`, `defaultScript`, `defaultScriptIntensity`, `elasticity`, `friction`, `locationId`, `modelTableId`, `objectScale`, `physicsBitField`, `physicsTableId`, `motionTableId`, `soundTableId`, `physicsState`, `translucency`)
VALUES (1883234309, 'Surface', 65536, 0, 0, 0, 262164, 0, 0, 0, 0, 0, 0, 8388656, 0, 100667499, 0, 0, 0, 0, 0, 0, 0, 0, 4, 0, 0, 0, 0, 0, 32, -0.1, 0, 0, 0, 0, 0, 0, 0, 0, 0, 33554867, 0, 98307, 0, 150994947, 0, 3084, 0);

INSERT INTO `ace_object` (`baseAceObjectId`, `weenieClassId`, `landblock`, `cell`, `posX`, `posY`, `posZ`, `qW`, `qX`, `qY`, `qZ`)
VALUES (1883234309, 28834, 1022, 267, -3.57161, -8.08897, -15.69451, 0.6099771, 0, 0, 0.7924191);

INSERT INTO `base_ace_object` (`baseAceObjectId`, `name`, `typeId`, `paletteId`, `ammoType`, `blipColor`, `bitField`, `burden`, `combatUse`, `cooldownDuration`, `cooldownId`, `effects`, `containersCapacity`, `header`, `hookTypeId`, `iconId`, `iconOverlayId`, `iconUnderlayId`, `hookItemTypes`, `itemsCapacity`, `location`, `materialType`, `maxStackSize`, `maxStructure`, `radar`, `pscript`, `spellId`, `stackSize`, `structure`, `targetTypeId`, `usability`, `useRadius`, `validLocations`, `value`, `workmanship`, `animationFrameId`, `defaultScript`, `defaultScriptIntensity`, `elasticity`, `friction`, `locationId`, `modelTableId`, `objectScale`, `physicsBitField`, `physicsTableId`, `motionTableId`, `soundTableId`, `physicsState`, `translucency`)
VALUES (2036846592, 'Destroyed Portal to Holtburg', 65536, 0, 0, 0, 262164, 0, 0, 0, 0, 0, 0, 48, 0, 100667499, 0, 0, 0, 0, 0, 0, 0, 0, 0, 0, 0, 0, 0, 0, 1, -0.1, 0, 0, 0, 0, 0, 0, 0, 0, 0, 33561060, 0, 98307, 0, 150995314, 0, 3092, 0);

INSERT INTO `ace_object` (`baseAceObjectId`, `weenieClassId`, `landblock`, `cell`, `posX`, `posY`, `posZ`, `qW`, `qX`, `qY`, `qZ`)
VALUES (2036846592, 1020, 38525, 28, 83.7214, 92.0664, 19.46237, 0.3826829, 0, 0, -0.9238797);

INSERT INTO `base_ace_object` (`baseAceObjectId`, `name`, `typeId`, `paletteId`, `ammoType`, `blipColor`, `bitField`, `burden`, `combatUse`, `cooldownDuration`, `cooldownId`, `effects`, `containersCapacity`, `header`, `hookTypeId`, `iconId`, `iconOverlayId`, `iconUnderlayId`, `hookItemTypes`, `itemsCapacity`, `location`, `materialType`, `maxStackSize`, `maxStructure`, `radar`, `pscript`, `spellId`, `stackSize`, `structure`, `targetTypeId`, `usability`, `useRadius`, `validLocations`, `value`, `workmanship`, `animationFrameId`, `defaultScript`, `defaultScriptIntensity`, `elasticity`, `friction`, `locationId`, `modelTableId`, `objectScale`, `physicsBitField`, `physicsTableId`, `motionTableId`, `soundTableId`, `physicsState`, `translucency`)
VALUES (1881788420, 'Exit', 65536, 0, 0, 0, 262164, 0, 0, 0, 0, 0, 0, 8388656, 0, 100667499, 0, 0, 0, 0, 0, 0, 0, 0, 4, 0, 0, 0, 0, 0, 32, -0.1, 0, 0, 0, 0, 0, 0, 0, 0, 0, 33554867, 0, 98307, 0, 150994947, 0, 3084, 0);

INSERT INTO `ace_object` (`baseAceObjectId`, `weenieClassId`, `landblock`, `cell`, `posX`, `posY`, `posZ`, `qW`, `qX`, `qY`, `qZ`)
VALUES (1881788420, 9323, 669, 262, 53.4596, -47.7185, -0.06299996, 0.9992141, 0, 0, -0.03963801);

INSERT INTO `base_ace_object` (`baseAceObjectId`, `name`, `typeId`, `paletteId`, `ammoType`, `blipColor`, `bitField`, `burden`, `combatUse`, `cooldownDuration`, `cooldownId`, `effects`, `containersCapacity`, `header`, `hookTypeId`, `iconId`, `iconOverlayId`, `iconUnderlayId`, `hookItemTypes`, `itemsCapacity`, `location`, `materialType`, `maxStackSize`, `maxStructure`, `radar`, `pscript`, `spellId`, `stackSize`, `structure`, `targetTypeId`, `usability`, `useRadius`, `validLocations`, `value`, `workmanship`, `animationFrameId`, `defaultScript`, `defaultScriptIntensity`, `elasticity`, `friction`, `locationId`, `modelTableId`, `objectScale`, `physicsBitField`, `physicsTableId`, `motionTableId`, `soundTableId`, `physicsState`, `translucency`)
VALUES (1881788422, 'Large Mnemosyne Collection Site', 65536, 0, 0, 0, 262164, 0, 0, 0, 0, 0, 0, 8388656, 0, 100667499, 0, 0, 0, 0, 0, 0, 0, 0, 4, 0, 0, 0, 0, 0, 32, -0.1, 0, 0, 0, 0, 0, 0, 0, 0, 0, 33554867, 0, 98307, 0, 150994947, 0, 3084, 0);

INSERT INTO `ace_object` (`baseAceObjectId`, `weenieClassId`, `landblock`, `cell`, `posX`, `posY`, `posZ`, `qW`, `qX`, `qY`, `qZ`)
VALUES (1881788422, 9321, 669, 267, 55.2758, -72.6808, -0.06299996, -0.006670038, 0, 0, -0.9999778);

INSERT INTO `base_ace_object` (`baseAceObjectId`, `name`, `typeId`, `paletteId`, `ammoType`, `blipColor`, `bitField`, `burden`, `combatUse`, `cooldownDuration`, `cooldownId`, `effects`, `containersCapacity`, `header`, `hookTypeId`, `iconId`, `iconOverlayId`, `iconUnderlayId`, `hookItemTypes`, `itemsCapacity`, `location`, `materialType`, `maxStackSize`, `maxStructure`, `radar`, `pscript`, `spellId`, `stackSize`, `structure`, `targetTypeId`, `usability`, `useRadius`, `validLocations`, `value`, `workmanship`, `animationFrameId`, `defaultScript`, `defaultScriptIntensity`, `elasticity`, `friction`, `locationId`, `modelTableId`, `objectScale`, `physicsBitField`, `physicsTableId`, `motionTableId`, `soundTableId`, `physicsState`, `translucency`)
VALUES (2062147605, 'Witshire Dungeon Portal', 65536, 0, 0, 0, 262164, 0, 0, 0, 0, 0, 0, 8388656, 0, 100667499, 0, 0, 0, 0, 0, 0, 0, 0, 4, 0, 0, 0, 0, 0, 32, -0.1, 0, 0, 0, 0, 0, 0, 0, 0, 0, 33555922, 0, 98307, 0, 150994947, 0, 3084, 0);

INSERT INTO `ace_object` (`baseAceObjectId`, `weenieClassId`, `landblock`, `cell`, `posX`, `posY`, `posZ`, `qW`, `qX`, `qY`, `qZ`)
VALUES (2062147605, 2095, 44702, 264, 105.445, 110.079, 89.937, -0.7071068, 0, 0, -0.7071068);

INSERT INTO `base_ace_object` (`baseAceObjectId`, `name`, `typeId`, `paletteId`, `ammoType`, `blipColor`, `bitField`, `burden`, `combatUse`, `cooldownDuration`, `cooldownId`, `effects`, `containersCapacity`, `header`, `hookTypeId`, `iconId`, `iconOverlayId`, `iconUnderlayId`, `hookItemTypes`, `itemsCapacity`, `location`, `materialType`, `maxStackSize`, `maxStructure`, `radar`, `pscript`, `spellId`, `stackSize`, `structure`, `targetTypeId`, `usability`, `useRadius`, `validLocations`, `value`, `workmanship`, `animationFrameId`, `defaultScript`, `defaultScriptIntensity`, `elasticity`, `friction`, `locationId`, `modelTableId`, `objectScale`, `physicsBitField`, `physicsTableId`, `motionTableId`, `soundTableId`, `physicsState`, `translucency`)
VALUES (1880891477, 'Fort Witshire Surface', 65536, 0, 0, 0, 262164, 0, 0, 0, 0, 0, 0, 8388656, 0, 100667499, 0, 0, 0, 0, 0, 0, 0, 0, 4, 0, 0, 0, 0, 0, 32, -0.1, 0, 0, 0, 0, 0, 0, 0, 0, 0, 33554867, 0, 98307, 0, 150994947, 0, 3084, 0);

INSERT INTO `ace_object` (`baseAceObjectId`, `weenieClassId`, `landblock`, `cell`, `posX`, `posY`, `posZ`, `qW`, `qX`, `qY`, `qZ`)
VALUES (1880891477, 2096, 450, 443, 50, 0, -0.06299996, -4.37114E-08, 0, 0, -1);

INSERT INTO `base_ace_object` (`baseAceObjectId`, `name`, `typeId`, `paletteId`, `ammoType`, `blipColor`, `bitField`, `burden`, `combatUse`, `cooldownDuration`, `cooldownId`, `effects`, `containersCapacity`, `header`, `hookTypeId`, `iconId`, `iconOverlayId`, `iconUnderlayId`, `hookItemTypes`, `itemsCapacity`, `location`, `materialType`, `maxStackSize`, `maxStructure`, `radar`, `pscript`, `spellId`, `stackSize`, `structure`, `targetTypeId`, `usability`, `useRadius`, `validLocations`, `value`, `workmanship`, `animationFrameId`, `defaultScript`, `defaultScriptIntensity`, `elasticity`, `friction`, `locationId`, `modelTableId`, `objectScale`, `physicsBitField`, `physicsTableId`, `motionTableId`, `soundTableId`, `physicsState`, `translucency`)
VALUES (1880891552, 'Portal to Holtburg', 65536, 0, 0, 0, 262164, 0, 0, 0, 0, 0, 0, 8388656, 0, 100667499, 0, 0, 0, 0, 0, 0, 0, 0, 4, 0, 0, 0, 0, 0, 32, -0.1, 0, 0, 0, 0, 0, 0, 0, 0, 0, 33554867, 0, 98307, 0, 150994947, 0, 3084, 0);

INSERT INTO `ace_object` (`baseAceObjectId`, `weenieClassId`, `landblock`, `cell`, `posX`, `posY`, `posZ`, `qW`, `qX`, `qY`, `qZ`)
VALUES (1880891552, 42820, 450, 287, 80, -50, -24.063, 0.714424, 0, 0, -0.699713);

INSERT INTO `base_ace_object` (`baseAceObjectId`, `name`, `typeId`, `paletteId`, `ammoType`, `blipColor`, `bitField`, `burden`, `combatUse`, `cooldownDuration`, `cooldownId`, `effects`, `containersCapacity`, `header`, `hookTypeId`, `iconId`, `iconOverlayId`, `iconUnderlayId`, `hookItemTypes`, `itemsCapacity`, `location`, `materialType`, `maxStackSize`, `maxStructure`, `radar`, `pscript`, `spellId`, `stackSize`, `structure`, `targetTypeId`, `usability`, `useRadius`, `validLocations`, `value`, `workmanship`, `animationFrameId`, `defaultScript`, `defaultScriptIntensity`, `elasticity`, `friction`, `locationId`, `modelTableId`, `objectScale`, `physicsBitField`, `physicsTableId`, `motionTableId`, `soundTableId`, `physicsState`, `translucency`)
VALUES (1965514781, 'Surface Portal', 65536, 0, 0, 0, 262164, 0, 0, 0, 0, 0, 0, 8388656, 0, 100667499, 0, 0, 0, 0, 0, 0, 0, 0, 4, 0, 0, 0, 0, 0, 32, -0.1, 0, 0, 0, 0, 0, 0, 0, 0, 0, 33554867, 0, 98307, 0, 150994947, 0, 3084, 0);

INSERT INTO `ace_object` (`baseAceObjectId`, `weenieClassId`, `landblock`, `cell`, `posX`, `posY`, `posZ`, `qW`, `qX`, `qY`, `qZ`)
VALUES (1965514781, 14448, 21110, 494, 50.4115, -207.391, 11.937, 0.9950041, 0, 0, 0.09983401);

INSERT INTO `base_ace_object` (`baseAceObjectId`, `name`, `typeId`, `paletteId`, `ammoType`, `blipColor`, `bitField`, `burden`, `combatUse`, `cooldownDuration`, `cooldownId`, `effects`, `containersCapacity`, `header`, `hookTypeId`, `iconId`, `iconOverlayId`, `iconUnderlayId`, `hookItemTypes`, `itemsCapacity`, `location`, `materialType`, `maxStackSize`, `maxStructure`, `radar`, `pscript`, `spellId`, `stackSize`, `structure`, `targetTypeId`, `usability`, `useRadius`, `validLocations`, `value`, `workmanship`, `animationFrameId`, `defaultScript`, `defaultScriptIntensity`, `elasticity`, `friction`, `locationId`, `modelTableId`, `objectScale`, `physicsBitField`, `physicsTableId`, `motionTableId`, `soundTableId`, `physicsState`, `translucency`)
VALUES (1965514768, 'Surface Portal', 65536, 0, 0, 0, 262164, 0, 0, 0, 0, 0, 0, 8388656, 0, 100667499, 0, 0, 0, 0, 0, 0, 0, 0, 4, 0, 0, 0, 0, 0, 32, -0.1, 0, 0, 0, 0, 0, 0, 0, 0, 0, 33554867, 0, 98307, 0, 150994947, 0, 3084, 0);

INSERT INTO `ace_object` (`baseAceObjectId`, `weenieClassId`, `landblock`, `cell`, `posX`, `posY`, `posZ`, `qW`, `qX`, `qY`, `qZ`)
VALUES (1965514768, 14448, 21110, 378, 50, -90, 5.937, 0.7316888, 0, 0, 0.6816388);

INSERT INTO `base_ace_object` (`baseAceObjectId`, `name`, `typeId`, `paletteId`, `ammoType`, `blipColor`, `bitField`, `burden`, `combatUse`, `cooldownDuration`, `cooldownId`, `effects`, `containersCapacity`, `header`, `hookTypeId`, `iconId`, `iconOverlayId`, `iconUnderlayId`, `hookItemTypes`, `itemsCapacity`, `location`, `materialType`, `maxStackSize`, `maxStructure`, `radar`, `pscript`, `spellId`, `stackSize`, `structure`, `targetTypeId`, `usability`, `useRadius`, `validLocations`, `value`, `workmanship`, `animationFrameId`, `defaultScript`, `defaultScriptIntensity`, `elasticity`, `friction`, `locationId`, `modelTableId`, `objectScale`, `physicsBitField`, `physicsTableId`, `motionTableId`, `soundTableId`, `physicsState`, `translucency`)
VALUES (1880461359, 'Surface Portal', 65536, 0, 0, 0, 262164, 0, 0, 0, 0, 0, 0, 8388656, 0, 100667499, 0, 0, 0, 0, 0, 0, 0, 0, 4, 0, 0, 0, 0, 0, 32, -0.1, 0, 0, 0, 0, 0, 0, 0, 0, 0, 33554867, 0, 98307, 0, 150994947, 0, 3084, 0);

INSERT INTO `ace_object` (`baseAceObjectId`, `weenieClassId`, `landblock`, `cell`, `posX`, `posY`, `posZ`, `qW`, `qX`, `qY`, `qZ`)
VALUES (1880461359, 4944, 345, 405, 180, -62, -0.06299996, 1, 0, 0, 0);

INSERT INTO `base_ace_object` (`baseAceObjectId`, `name`, `typeId`, `paletteId`, `ammoType`, `blipColor`, `bitField`, `burden`, `combatUse`, `cooldownDuration`, `cooldownId`, `effects`, `containersCapacity`, `header`, `hookTypeId`, `iconId`, `iconOverlayId`, `iconUnderlayId`, `hookItemTypes`, `itemsCapacity`, `location`, `materialType`, `maxStackSize`, `maxStructure`, `radar`, `pscript`, `spellId`, `stackSize`, `structure`, `targetTypeId`, `usability`, `useRadius`, `validLocations`, `value`, `workmanship`, `animationFrameId`, `defaultScript`, `defaultScriptIntensity`, `elasticity`, `friction`, `locationId`, `modelTableId`, `objectScale`, `physicsBitField`, `physicsTableId`, `motionTableId`, `soundTableId`, `physicsState`, `translucency`)
VALUES (1880444953, 'Surface Portal', 65536, 0, 0, 0, 262164, 0, 0, 0, 0, 0, 0, 8388656, 0, 100667499, 0, 0, 0, 0, 0, 0, 0, 0, 4, 0, 0, 0, 0, 0, 32, -0.1, 0, 0, 0, 0, 0, 0, 0, 0, 0, 33554867, 0, 98307, 0, 150994947, 0, 3084, 0);

INSERT INTO `ace_object` (`baseAceObjectId`, `weenieClassId`, `landblock`, `cell`, `posX`, `posY`, `posZ`, `qW`, `qX`, `qY`, `qZ`)
VALUES (1880444953, 5203, 341, 405, 20, 0, 11.937, -4.37114E-08, 0, 0, -1);

INSERT INTO `base_ace_object` (`baseAceObjectId`, `name`, `typeId`, `paletteId`, `ammoType`, `blipColor`, `bitField`, `burden`, `combatUse`, `cooldownDuration`, `cooldownId`, `effects`, `containersCapacity`, `header`, `hookTypeId`, `iconId`, `iconOverlayId`, `iconUnderlayId`, `hookItemTypes`, `itemsCapacity`, `location`, `materialType`, `maxStackSize`, `maxStructure`, `radar`, `pscript`, `spellId`, `stackSize`, `structure`, `targetTypeId`, `usability`, `useRadius`, `validLocations`, `value`, `workmanship`, `animationFrameId`, `defaultScript`, `defaultScriptIntensity`, `elasticity`, `friction`, `locationId`, `modelTableId`, `objectScale`, `physicsBitField`, `physicsTableId`, `motionTableId`, `soundTableId`, `physicsState`, `translucency`)
VALUES (1880522779, 'Surface Portal', 65536, 0, 0, 0, 262164, 0, 0, 0, 0, 0, 0, 8388656, 0, 100667499, 0, 0, 0, 0, 0, 0, 0, 0, 4, 0, 0, 0, 0, 0, 32, -0.1, 0, 0, 0, 0, 0, 0, 0, 0, 0, 33554867, 0, 98307, 0, 150994947, 0, 3084, 0);

INSERT INTO `ace_object` (`baseAceObjectId`, `weenieClassId`, `landblock`, `cell`, `posX`, `posY`, `posZ`, `qW`, `qX`, `qY`, `qZ`)
VALUES (1880522779, 4924, 360, 387, 50.0032, -4.08276, 5.937, 0, 0, 0, -1);

INSERT INTO `base_ace_object` (`baseAceObjectId`, `name`, `typeId`, `paletteId`, `ammoType`, `blipColor`, `bitField`, `burden`, `combatUse`, `cooldownDuration`, `cooldownId`, `effects`, `containersCapacity`, `header`, `hookTypeId`, `iconId`, `iconOverlayId`, `iconUnderlayId`, `hookItemTypes`, `itemsCapacity`, `location`, `materialType`, `maxStackSize`, `maxStructure`, `radar`, `pscript`, `spellId`, `stackSize`, `structure`, `targetTypeId`, `usability`, `useRadius`, `validLocations`, `value`, `workmanship`, `animationFrameId`, `defaultScript`, `defaultScriptIntensity`, `elasticity`, `friction`, `locationId`, `modelTableId`, `objectScale`, `physicsBitField`, `physicsTableId`, `motionTableId`, `soundTableId`, `physicsState`, `translucency`)
VALUES (1915424768, 'Northern Manumet Plains Portal', 65536, 0, 0, 0, 262164, 0, 0, 0, 0, 0, 0, 8388656, 0, 100667499, 0, 0, 0, 0, 0, 0, 0, 0, 4, 0, 0, 0, 0, 0, 32, -0.1, 0, 0, 0, 0, 0, 0, 0, 0, 0, 33555923, 0, 98307, 0, 150994947, 0, 3084, 0);

INSERT INTO `ace_object` (`baseAceObjectId`, `weenieClassId`, `landblock`, `cell`, `posX`, `posY`, `posZ`, `qW`, `qX`, `qY`, `qZ`)
VALUES (1915424768, 11956, 8881, 20, 58.284, 90.315, -0.06299996, -0.9195372, 0, 0, -0.393003);

INSERT INTO `base_ace_object` (`baseAceObjectId`, `name`, `typeId`, `paletteId`, `ammoType`, `blipColor`, `bitField`, `burden`, `combatUse`, `cooldownDuration`, `cooldownId`, `effects`, `containersCapacity`, `header`, `hookTypeId`, `iconId`, `iconOverlayId`, `iconUnderlayId`, `hookItemTypes`, `itemsCapacity`, `location`, `materialType`, `maxStackSize`, `maxStructure`, `radar`, `pscript`, `spellId`, `stackSize`, `structure`, `targetTypeId`, `usability`, `useRadius`, `validLocations`, `value`, `workmanship`, `animationFrameId`, `defaultScript`, `defaultScriptIntensity`, `elasticity`, `friction`, `locationId`, `modelTableId`, `objectScale`, `physicsBitField`, `physicsTableId`, `motionTableId`, `soundTableId`, `physicsState`, `translucency`)
VALUES (1913327616, 'Destroyed Ahurenga Portal', 65536, 0, 0, 0, 262164, 0, 0, 0, 0, 0, 0, 48, 0, 100667499, 0, 0, 0, 0, 0, 0, 0, 0, 0, 0, 0, 0, 0, 0, 1, -0.1, 0, 0, 0, 0, 0, 0, 0, 0, 0, 33561060, 0, 98307, 0, 150995314, 0, 3092, 0);

INSERT INTO `ace_object` (`baseAceObjectId`, `weenieClassId`, `landblock`, `cell`, `posX`, `posY`, `posZ`, `qW`, `qX`, `qY`, `qZ`)
VALUES (1913327616, 10982, 8369, 21, 66.776, 115.996, -0.20983, -0.8775818, 0, 0, -0.4794269);

INSERT INTO `base_ace_object` (`baseAceObjectId`, `name`, `typeId`, `paletteId`, `ammoType`, `blipColor`, `bitField`, `burden`, `combatUse`, `cooldownDuration`, `cooldownId`, `effects`, `containersCapacity`, `header`, `hookTypeId`, `iconId`, `iconOverlayId`, `iconUnderlayId`, `hookItemTypes`, `itemsCapacity`, `location`, `materialType`, `maxStackSize`, `maxStructure`, `radar`, `pscript`, `spellId`, `stackSize`, `structure`, `targetTypeId`, `usability`, `useRadius`, `validLocations`, `value`, `workmanship`, `animationFrameId`, `defaultScript`, `defaultScriptIntensity`, `elasticity`, `friction`, `locationId`, `modelTableId`, `objectScale`, `physicsBitField`, `physicsTableId`, `motionTableId`, `soundTableId`, `physicsState`, `translucency`)
VALUES (1880776827, 'Surface', 65536, 0, 0, 0, 262164, 0, 0, 0, 0, 0, 0, 8388656, 0, 100667499, 0, 0, 0, 0, 0, 0, 0, 0, 4, 0, 0, 0, 0, 0, 32, -0.1, 0, 0, 0, 0, 0, 0, 0, 0, 0, 33554867, 0, 98307, 0, 150994947, 0, 3084, 0);

INSERT INTO `ace_object` (`baseAceObjectId`, `weenieClassId`, `landblock`, `cell`, `posX`, `posY`, `posZ`, `qW`, `qX`, `qY`, `qZ`)
VALUES (1880776827, 2386, 422, 529, 90, -17.51, -0.06299996, -4.37114E-08, 0, 0, -1);

INSERT INTO `base_ace_object` (`baseAceObjectId`, `name`, `typeId`, `paletteId`, `ammoType`, `blipColor`, `bitField`, `burden`, `combatUse`, `cooldownDuration`, `cooldownId`, `effects`, `containersCapacity`, `header`, `hookTypeId`, `iconId`, `iconOverlayId`, `iconUnderlayId`, `hookItemTypes`, `itemsCapacity`, `location`, `materialType`, `maxStackSize`, `maxStructure`, `radar`, `pscript`, `spellId`, `stackSize`, `structure`, `targetTypeId`, `usability`, `useRadius`, `validLocations`, `value`, `workmanship`, `animationFrameId`, `defaultScript`, `defaultScriptIntensity`, `elasticity`, `friction`, `locationId`, `modelTableId`, `objectScale`, `physicsBitField`, `physicsTableId`, `motionTableId`, `soundTableId`, `physicsState`, `translucency`)
VALUES (1882099768, 'Surface Portal', 65536, 0, 0, 0, 262164, 0, 0, 0, 0, 0, 0, 8388656, 0, 100667499, 0, 0, 0, 0, 0, 0, 0, 0, 4, 0, 0, 0, 0, 0, 32, -0.1, 0, 0, 0, 0, 0, 0, 0, 0, 0, 33554867, 0, 98307, 0, 150994947, 0, 3084, 0);

INSERT INTO `ace_object` (`baseAceObjectId`, `weenieClassId`, `landblock`, `cell`, `posX`, `posY`, `posZ`, `qW`, `qX`, `qY`, `qZ`)
VALUES (1882099768, 7609, 745, 511, 142.5, -8.55714E-08, -0.06299996, -0.7071068, 0, 0, -0.7071068);

INSERT INTO `base_ace_object` (`baseAceObjectId`, `name`, `typeId`, `paletteId`, `ammoType`, `blipColor`, `bitField`, `burden`, `combatUse`, `cooldownDuration`, `cooldownId`, `effects`, `containersCapacity`, `header`, `hookTypeId`, `iconId`, `iconOverlayId`, `iconUnderlayId`, `hookItemTypes`, `itemsCapacity`, `location`, `materialType`, `maxStackSize`, `maxStructure`, `radar`, `pscript`, `spellId`, `stackSize`, `structure`, `targetTypeId`, `usability`, `useRadius`, `validLocations`, `value`, `workmanship`, `animationFrameId`, `defaultScript`, `defaultScriptIntensity`, `elasticity`, `friction`, `locationId`, `modelTableId`, `objectScale`, `physicsBitField`, `physicsTableId`, `motionTableId`, `soundTableId`, `physicsState`, `translucency`)
VALUES (1882099718, 'Surface Portal', 65536, 0, 0, 0, 262164, 0, 0, 0, 0, 0, 0, 8388656, 0, 100667499, 0, 0, 0, 0, 0, 0, 0, 0, 4, 0, 0, 0, 0, 0, 32, -0.1, 0, 0, 0, 0, 0, 0, 0, 0, 0, 33554867, 0, 98307, 0, 150994947, 0, 3084, 0);

INSERT INTO `ace_object` (`baseAceObjectId`, `weenieClassId`, `landblock`, `cell`, `posX`, `posY`, `posZ`, `qW`, `qX`, `qY`, `qZ`)
VALUES (1882099718, 7609, 745, 267, 60, -480, -12.063, -0.7071068, 0, 0, -0.7071068);

INSERT INTO `base_ace_object` (`baseAceObjectId`, `name`, `typeId`, `paletteId`, `ammoType`, `blipColor`, `bitField`, `burden`, `combatUse`, `cooldownDuration`, `cooldownId`, `effects`, `containersCapacity`, `header`, `hookTypeId`, `iconId`, `iconOverlayId`, `iconUnderlayId`, `hookItemTypes`, `itemsCapacity`, `location`, `materialType`, `maxStackSize`, `maxStructure`, `radar`, `pscript`, `spellId`, `stackSize`, `structure`, `targetTypeId`, `usability`, `useRadius`, `validLocations`, `value`, `workmanship`, `animationFrameId`, `defaultScript`, `defaultScriptIntensity`, `elasticity`, `friction`, `locationId`, `modelTableId`, `objectScale`, `physicsBitField`, `physicsTableId`, `motionTableId`, `soundTableId`, `physicsState`, `translucency`)
VALUES (2063740928, 'Lugian Mines Portal', 65536, 0, 0, 0, 262164, 0, 0, 0, 0, 0, 0, 8388656, 0, 100667499, 0, 0, 0, 0, 0, 0, 0, 0, 4, 0, 0, 0, 0, 0, 32, -0.1, 0, 0, 0, 0, 0, 0, 0, 0, 0, 33554867, 0, 98307, 0, 150994947, 0, 3084, 0);

INSERT INTO `ace_object` (`baseAceObjectId`, `weenieClassId`, `landblock`, `cell`, `posX`, `posY`, `posZ`, `qW`, `qX`, `qY`, `qZ`)
VALUES (2063740928, 7608, 45091, 9, 31.4629, 18.2046, 279.454, 0.9544941, 0, 0, 0.29823);

INSERT INTO `base_ace_object` (`baseAceObjectId`, `name`, `typeId`, `paletteId`, `ammoType`, `blipColor`, `bitField`, `burden`, `combatUse`, `cooldownDuration`, `cooldownId`, `effects`, `containersCapacity`, `header`, `hookTypeId`, `iconId`, `iconOverlayId`, `iconUnderlayId`, `hookItemTypes`, `itemsCapacity`, `location`, `materialType`, `maxStackSize`, `maxStructure`, `radar`, `pscript`, `spellId`, `stackSize`, `structure`, `targetTypeId`, `usability`, `useRadius`, `validLocations`, `value`, `workmanship`, `animationFrameId`, `defaultScript`, `defaultScriptIntensity`, `elasticity`, `friction`, `locationId`, `modelTableId`, `objectScale`, `physicsBitField`, `physicsTableId`, `motionTableId`, `soundTableId`, `physicsState`, `translucency`)
VALUES (1880911878, 'Surface', 65536, 0, 0, 0, 262164, 0, 0, 0, 0, 0, 0, 8388656, 0, 100667499, 0, 0, 0, 0, 0, 0, 0, 0, 4, 0, 0, 0, 0, 0, 32, -0.1, 0, 0, 0, 0, 0, 0, 0, 0, 0, 33554867, 0, 98307, 0, 150994947, 0, 3084, 0);

INSERT INTO `ace_object` (`baseAceObjectId`, `weenieClassId`, `landblock`, `cell`, `posX`, `posY`, `posZ`, `qW`, `qX`, `qY`, `qZ`)
VALUES (1880911878, 1591, 455, 295, 48.038, -50.2586, -0.06299996, 0.7071068, 0, 0, -0.7071068);

INSERT INTO `base_ace_object` (`baseAceObjectId`, `name`, `typeId`, `paletteId`, `ammoType`, `blipColor`, `bitField`, `burden`, `combatUse`, `cooldownDuration`, `cooldownId`, `effects`, `containersCapacity`, `header`, `hookTypeId`, `iconId`, `iconOverlayId`, `iconUnderlayId`, `hookItemTypes`, `itemsCapacity`, `location`, `materialType`, `maxStackSize`, `maxStructure`, `radar`, `pscript`, `spellId`, `stackSize`, `structure`, `targetTypeId`, `usability`, `useRadius`, `validLocations`, `value`, `workmanship`, `animationFrameId`, `defaultScript`, `defaultScriptIntensity`, `elasticity`, `friction`, `locationId`, `modelTableId`, `objectScale`, `physicsBitField`, `physicsTableId`, `motionTableId`, `soundTableId`, `physicsState`, `translucency`)
VALUES (1881677877, 'Surface Exit', 65536, 0, 0, 0, 262164, 0, 0, 0, 0, 0, 0, 8388656, 0, 100667499, 0, 0, 0, 0, 0, 0, 0, 0, 4, 0, 0, 0, 0, 0, 32, -0.1, 0, 0, 0, 0, 0, 0, 0, 0, 0, 33554867, 0, 98307, 0, 150994947, 0, 3084, 0);

INSERT INTO `ace_object` (`baseAceObjectId`, `weenieClassId`, `landblock`, `cell`, `posX`, `posY`, `posZ`, `qW`, `qX`, `qY`, `qZ`)
VALUES (1881677877, 10856, 642, 513, 91.2913, -21.8468, -0.06299996, 0.8775823, 0, 0, 0.4794261);

INSERT INTO `base_ace_object` (`baseAceObjectId`, `name`, `typeId`, `paletteId`, `ammoType`, `blipColor`, `bitField`, `burden`, `combatUse`, `cooldownDuration`, `cooldownId`, `effects`, `containersCapacity`, `header`, `hookTypeId`, `iconId`, `iconOverlayId`, `iconUnderlayId`, `hookItemTypes`, `itemsCapacity`, `location`, `materialType`, `maxStackSize`, `maxStructure`, `radar`, `pscript`, `spellId`, `stackSize`, `structure`, `targetTypeId`, `usability`, `useRadius`, `validLocations`, `value`, `workmanship`, `animationFrameId`, `defaultScript`, `defaultScriptIntensity`, `elasticity`, `friction`, `locationId`, `modelTableId`, `objectScale`, `physicsBitField`, `physicsTableId`, `motionTableId`, `soundTableId`, `physicsState`, `translucency`)
VALUES (1881677829, 'Surface Exit', 65536, 0, 0, 0, 262164, 0, 0, 0, 0, 0, 0, 8388656, 0, 100667499, 0, 0, 0, 0, 0, 0, 0, 0, 4, 0, 0, 0, 0, 0, 32, -0.1, 0, 0, 0, 0, 0, 0, 0, 0, 0, 33554867, 0, 98307, 0, 150994947, 0, 3084, 0);

INSERT INTO `ace_object` (`baseAceObjectId`, `weenieClassId`, `landblock`, `cell`, `posX`, `posY`, `posZ`, `qW`, `qX`, `qY`, `qZ`)
VALUES (1881677829, 10856, 642, 270, 20, -110, -12.063, -0.6847088, 0, 0, 0.7288167);

INSERT INTO `base_ace_object` (`baseAceObjectId`, `name`, `typeId`, `paletteId`, `ammoType`, `blipColor`, `bitField`, `burden`, `combatUse`, `cooldownDuration`, `cooldownId`, `effects`, `containersCapacity`, `header`, `hookTypeId`, `iconId`, `iconOverlayId`, `iconUnderlayId`, `hookItemTypes`, `itemsCapacity`, `location`, `materialType`, `maxStackSize`, `maxStructure`, `radar`, `pscript`, `spellId`, `stackSize`, `structure`, `targetTypeId`, `usability`, `useRadius`, `validLocations`, `value`, `workmanship`, `animationFrameId`, `defaultScript`, `defaultScriptIntensity`, `elasticity`, `friction`, `locationId`, `modelTableId`, `objectScale`, `physicsBitField`, `physicsTableId`, `motionTableId`, `soundTableId`, `physicsState`, `translucency`)
VALUES (2008645647, 'North Desert Edge', 65536, 0, 0, 0, 262164, 0, 0, 0, 0, 0, 0, 8388656, 0, 100667499, 0, 0, 0, 0, 0, 0, 0, 0, 4, 0, 0, 0, 0, 0, 32, -0.1, 0, 0, 0, 0, 0, 0, 0, 0, 0, 33554867, 0, 98307, 0, 150994947, 0, 3084, 0);

INSERT INTO `ace_object` (`baseAceObjectId`, `weenieClassId`, `landblock`, `cell`, `posX`, `posY`, `posZ`, `qW`, `qX`, `qY`, `qZ`)
VALUES (2008645647, 1905, 31640, 18, 60.4623, 42.8194, 112.9755, -0.9913085, 0, 0, -0.1315581);

INSERT INTO `base_ace_object` (`baseAceObjectId`, `name`, `typeId`, `paletteId`, `ammoType`, `blipColor`, `bitField`, `burden`, `combatUse`, `cooldownDuration`, `cooldownId`, `effects`, `containersCapacity`, `header`, `hookTypeId`, `iconId`, `iconOverlayId`, `iconUnderlayId`, `hookItemTypes`, `itemsCapacity`, `location`, `materialType`, `maxStackSize`, `maxStructure`, `radar`, `pscript`, `spellId`, `stackSize`, `structure`, `targetTypeId`, `usability`, `useRadius`, `validLocations`, `value`, `workmanship`, `animationFrameId`, `defaultScript`, `defaultScriptIntensity`, `elasticity`, `friction`, `locationId`, `modelTableId`, `objectScale`, `physicsBitField`, `physicsTableId`, `motionTableId`, `soundTableId`, `physicsState`, `translucency`)
VALUES (2006589745, 'House Portal', 65536, 0, 0, 0, 262164, 0, 0, 0, 0, 0, 0, 8388656, 0, 100667499, 0, 0, 0, 0, 0, 0, 0, 0, 4, 0, 0, 0, 0, 0, 32, 0.75, 0, 0, 0, 0, 0, 0, 0, 0, 0, 33554867, 0, 98307, 0, 150994947, 0, 3076, 0);

INSERT INTO `ace_object` (`baseAceObjectId`, `weenieClassId`, `landblock`, `cell`, `posX`, `posY`, `posZ`, `qW`, `qX`, `qY`, `qZ`)
VALUES (2006589745, 11730, 31138, 280, 105.006, 130.637, 25.137, -0.01657599, 0, 0, 0.9998626);

INSERT INTO `base_ace_object` (`baseAceObjectId`, `name`, `typeId`, `paletteId`, `ammoType`, `blipColor`, `bitField`, `burden`, `combatUse`, `cooldownDuration`, `cooldownId`, `effects`, `containersCapacity`, `header`, `hookTypeId`, `iconId`, `iconOverlayId`, `iconUnderlayId`, `hookItemTypes`, `itemsCapacity`, `location`, `materialType`, `maxStackSize`, `maxStructure`, `radar`, `pscript`, `spellId`, `stackSize`, `structure`, `targetTypeId`, `usability`, `useRadius`, `validLocations`, `value`, `workmanship`, `animationFrameId`, `defaultScript`, `defaultScriptIntensity`, `elasticity`, `friction`, `locationId`, `modelTableId`, `objectScale`, `physicsBitField`, `physicsTableId`, `motionTableId`, `soundTableId`, `physicsState`, `translucency`)
VALUES (2006589749, 'House Portal', 65536, 0, 0, 0, 262164, 0, 0, 0, 0, 0, 0, 8388656, 0, 100667499, 0, 0, 0, 0, 0, 0, 0, 0, 4, 0, 0, 0, 0, 0, 32, 0.75, 0, 0, 0, 0, 0, 0, 0, 0, 0, 33554867, 0, 98307, 0, 150994947, 0, 3076, 0);

INSERT INTO `ace_object` (`baseAceObjectId`, `weenieClassId`, `landblock`, `cell`, `posX`, `posY`, `posZ`, `qW`, `qX`, `qY`, `qZ`)
VALUES (2006589749, 11730, 31138, 311, 35.3188, 118.205, 39.137, 0.9999341, 0, 0, -0.0114809);

INSERT INTO `base_ace_object` (`baseAceObjectId`, `name`, `typeId`, `paletteId`, `ammoType`, `blipColor`, `bitField`, `burden`, `combatUse`, `cooldownDuration`, `cooldownId`, `effects`, `containersCapacity`, `header`, `hookTypeId`, `iconId`, `iconOverlayId`, `iconUnderlayId`, `hookItemTypes`, `itemsCapacity`, `location`, `materialType`, `maxStackSize`, `maxStructure`, `radar`, `pscript`, `spellId`, `stackSize`, `structure`, `targetTypeId`, `usability`, `useRadius`, `validLocations`, `value`, `workmanship`, `animationFrameId`, `defaultScript`, `defaultScriptIntensity`, `elasticity`, `friction`, `locationId`, `modelTableId`, `objectScale`, `physicsBitField`, `physicsTableId`, `motionTableId`, `soundTableId`, `physicsState`, `translucency`)
VALUES (2006589751, 'House Portal', 65536, 0, 0, 0, 262164, 0, 0, 0, 0, 0, 0, 8388656, 0, 100667499, 0, 0, 0, 0, 0, 0, 0, 0, 4, 0, 0, 0, 0, 0, 32, 0.75, 0, 0, 0, 0, 0, 0, 0, 0, 0, 33554867, 0, 98307, 0, 150994947, 0, 3076, 0);

INSERT INTO `ace_object` (`baseAceObjectId`, `weenieClassId`, `landblock`, `cell`, `posX`, `posY`, `posZ`, `qW`, `qX`, `qY`, `qZ`)
VALUES (2006589751, 11730, 31138, 339, 38.4544, 153.822, 33.137, -0.7191111, 0, 0, 0.6948951);

INSERT INTO `base_ace_object` (`baseAceObjectId`, `name`, `typeId`, `paletteId`, `ammoType`, `blipColor`, `bitField`, `burden`, `combatUse`, `cooldownDuration`, `cooldownId`, `effects`, `containersCapacity`, `header`, `hookTypeId`, `iconId`, `iconOverlayId`, `iconUnderlayId`, `hookItemTypes`, `itemsCapacity`, `location`, `materialType`, `maxStackSize`, `maxStructure`, `radar`, `pscript`, `spellId`, `stackSize`, `structure`, `targetTypeId`, `usability`, `useRadius`, `validLocations`, `value`, `workmanship`, `animationFrameId`, `defaultScript`, `defaultScriptIntensity`, `elasticity`, `friction`, `locationId`, `modelTableId`, `objectScale`, `physicsBitField`, `physicsTableId`, `motionTableId`, `soundTableId`, `physicsState`, `translucency`)
VALUES (2006589747, 'House Portal', 65536, 0, 0, 0, 262164, 0, 0, 0, 0, 0, 0, 41943088, 0, 100667499, 0, 0, 0, 0, 0, 0, 0, 0, 4, 0, 0, 0, 0, 0, 32, 0.75, 0, 0, 0, 0, 0, 0, 0, 0, 0, 33554867, 0, 98307, 0, 150994947, 0, 3076, 0);

INSERT INTO `ace_object` (`baseAceObjectId`, `weenieClassId`, `landblock`, `cell`, `posX`, `posY`, `posZ`, `qW`, `qX`, `qY`, `qZ`)
VALUES (2006589747, 11730, 31138, 370, 49.9027, 59.1539, 45.137, -0.733405, 0, 0, -0.679792);

INSERT INTO `base_ace_object` (`baseAceObjectId`, `name`, `typeId`, `paletteId`, `ammoType`, `blipColor`, `bitField`, `burden`, `combatUse`, `cooldownDuration`, `cooldownId`, `effects`, `containersCapacity`, `header`, `hookTypeId`, `iconId`, `iconOverlayId`, `iconUnderlayId`, `hookItemTypes`, `itemsCapacity`, `location`, `materialType`, `maxStackSize`, `maxStructure`, `radar`, `pscript`, `spellId`, `stackSize`, `structure`, `targetTypeId`, `usability`, `useRadius`, `validLocations`, `value`, `workmanship`, `animationFrameId`, `defaultScript`, `defaultScriptIntensity`, `elasticity`, `friction`, `locationId`, `modelTableId`, `objectScale`, `physicsBitField`, `physicsTableId`, `motionTableId`, `soundTableId`, `physicsState`, `translucency`)
VALUES (2007638483, 'House Portal', 65536, 0, 0, 0, 262164, 0, 0, 0, 0, 0, 0, 8388656, 0, 100667499, 0, 0, 0, 0, 0, 0, 0, 0, 4, 0, 0, 0, 0, 0, 32, 0.75, 0, 0, 0, 0, 0, 0, 0, 0, 0, 33554867, 0, 98307, 0, 150994947, 0, 3076, 0);

INSERT INTO `ace_object` (`baseAceObjectId`, `weenieClassId`, `landblock`, `cell`, `posX`, `posY`, `posZ`, `qW`, `qX`, `qY`, `qZ`)
VALUES (2007638483, 11730, 31394, 280, 86.6229, 37.8136, 65.137, -0.9993463, 0, 0, -0.03615311);

INSERT INTO `base_ace_object` (`baseAceObjectId`, `name`, `typeId`, `paletteId`, `ammoType`, `blipColor`, `bitField`, `burden`, `combatUse`, `cooldownDuration`, `cooldownId`, `effects`, `containersCapacity`, `header`, `hookTypeId`, `iconId`, `iconOverlayId`, `iconUnderlayId`, `hookItemTypes`, `itemsCapacity`, `location`, `materialType`, `maxStackSize`, `maxStructure`, `radar`, `pscript`, `spellId`, `stackSize`, `structure`, `targetTypeId`, `usability`, `useRadius`, `validLocations`, `value`, `workmanship`, `animationFrameId`, `defaultScript`, `defaultScriptIntensity`, `elasticity`, `friction`, `locationId`, `modelTableId`, `objectScale`, `physicsBitField`, `physicsTableId`, `motionTableId`, `soundTableId`, `physicsState`, `translucency`)
VALUES (2007638473, 'House Portal', 65536, 0, 0, 0, 262164, 0, 0, 0, 0, 0, 0, 8388656, 0, 100667499, 0, 0, 0, 0, 0, 0, 0, 0, 4, 0, 0, 0, 0, 0, 32, 0.75, 0, 0, 0, 0, 0, 0, 0, 0, 0, 33554867, 0, 98307, 0, 150994947, 0, 3076, 0);

INSERT INTO `ace_object` (`baseAceObjectId`, `weenieClassId`, `landblock`, `cell`, `posX`, `posY`, `posZ`, `qW`, `qX`, `qY`, `qZ`)
VALUES (2007638473, 11730, 31394, 311, 25.777, 35.542, 57.137, -0.7217274, 0, 0, -0.6921774);

INSERT INTO `base_ace_object` (`baseAceObjectId`, `name`, `typeId`, `paletteId`, `ammoType`, `blipColor`, `bitField`, `burden`, `combatUse`, `cooldownDuration`, `cooldownId`, `effects`, `containersCapacity`, `header`, `hookTypeId`, `iconId`, `iconOverlayId`, `iconUnderlayId`, `hookItemTypes`, `itemsCapacity`, `location`, `materialType`, `maxStackSize`, `maxStructure`, `radar`, `pscript`, `spellId`, `stackSize`, `structure`, `targetTypeId`, `usability`, `useRadius`, `validLocations`, `value`, `workmanship`, `animationFrameId`, `defaultScript`, `defaultScriptIntensity`, `elasticity`, `friction`, `locationId`, `modelTableId`, `objectScale`, `physicsBitField`, `physicsTableId`, `motionTableId`, `soundTableId`, `physicsState`, `translucency`)
VALUES (2007638475, 'House Portal', 65536, 0, 0, 0, 262164, 0, 0, 0, 0, 0, 0, 8388656, 0, 100667499, 0, 0, 0, 0, 0, 0, 0, 0, 4, 0, 0, 0, 0, 0, 32, 0.75, 0, 0, 0, 0, 0, 0, 0, 0, 0, 33554867, 0, 98307, 0, 150994947, 0, 3076, 0);

INSERT INTO `ace_object` (`baseAceObjectId`, `weenieClassId`, `landblock`, `cell`, `posX`, `posY`, `posZ`, `qW`, `qX`, `qY`, `qZ`)
VALUES (2007638475, 11730, 31394, 339, 33.5459, 106.586, 51.137, -0.4115652, 0, 0, 0.9113804);

INSERT INTO `base_ace_object` (`baseAceObjectId`, `name`, `typeId`, `paletteId`, `ammoType`, `blipColor`, `bitField`, `burden`, `combatUse`, `cooldownDuration`, `cooldownId`, `effects`, `containersCapacity`, `header`, `hookTypeId`, `iconId`, `iconOverlayId`, `iconUnderlayId`, `hookItemTypes`, `itemsCapacity`, `location`, `materialType`, `maxStackSize`, `maxStructure`, `radar`, `pscript`, `spellId`, `stackSize`, `structure`, `targetTypeId`, `usability`, `useRadius`, `validLocations`, `value`, `workmanship`, `animationFrameId`, `defaultScript`, `defaultScriptIntensity`, `elasticity`, `friction`, `locationId`, `modelTableId`, `objectScale`, `physicsBitField`, `physicsTableId`, `motionTableId`, `soundTableId`, `physicsState`, `translucency`)
VALUES (2007638477, 'House Portal', 65536, 0, 0, 0, 262164, 0, 0, 0, 0, 0, 0, 8388656, 0, 100667499, 0, 0, 0, 0, 0, 0, 0, 0, 4, 0, 0, 0, 0, 0, 32, 0.75, 0, 0, 0, 0, 0, 0, 0, 0, 0, 33554867, 0, 98307, 0, 150994947, 0, 3076, 0);

INSERT INTO `ace_object` (`baseAceObjectId`, `weenieClassId`, `landblock`, `cell`, `posX`, `posY`, `posZ`, `qW`, `qX`, `qY`, `qZ`)
VALUES (2007638477, 11730, 31394, 370, 117.264, 133.31, 53.137, 0.943241, 0, 0, -0.332109);

INSERT INTO `base_ace_object` (`baseAceObjectId`, `name`, `typeId`, `paletteId`, `ammoType`, `blipColor`, `bitField`, `burden`, `combatUse`, `cooldownDuration`, `cooldownId`, `effects`, `containersCapacity`, `header`, `hookTypeId`, `iconId`, `iconOverlayId`, `iconUnderlayId`, `hookItemTypes`, `itemsCapacity`, `location`, `materialType`, `maxStackSize`, `maxStructure`, `radar`, `pscript`, `spellId`, `stackSize`, `structure`, `targetTypeId`, `usability`, `useRadius`, `validLocations`, `value`, `workmanship`, `animationFrameId`, `defaultScript`, `defaultScriptIntensity`, `elasticity`, `friction`, `locationId`, `modelTableId`, `objectScale`, `physicsBitField`, `physicsTableId`, `motionTableId`, `soundTableId`, `physicsState`, `translucency`)
VALUES (2007638479, 'House Portal', 65536, 0, 0, 0, 262164, 0, 0, 0, 0, 0, 0, 8388656, 0, 100667499, 0, 0, 0, 0, 0, 0, 0, 0, 4, 0, 0, 0, 0, 0, 32, 0.75, 0, 0, 0, 0, 0, 0, 0, 0, 0, 33554867, 0, 98307, 0, 150994947, 0, 3076, 0);

INSERT INTO `ace_object` (`baseAceObjectId`, `weenieClassId`, `landblock`, `cell`, `posX`, `posY`, `posZ`, `qW`, `qX`, `qY`, `qZ`)
VALUES (2007638479, 11730, 31394, 398, 154.022, 110.782, 55.137, 0.6996574, 0, 0, 0.7144784);

INSERT INTO `base_ace_object` (`baseAceObjectId`, `name`, `typeId`, `paletteId`, `ammoType`, `blipColor`, `bitField`, `burden`, `combatUse`, `cooldownDuration`, `cooldownId`, `effects`, `containersCapacity`, `header`, `hookTypeId`, `iconId`, `iconOverlayId`, `iconUnderlayId`, `hookItemTypes`, `itemsCapacity`, `location`, `materialType`, `maxStackSize`, `maxStructure`, `radar`, `pscript`, `spellId`, `stackSize`, `structure`, `targetTypeId`, `usability`, `useRadius`, `validLocations`, `value`, `workmanship`, `animationFrameId`, `defaultScript`, `defaultScriptIntensity`, `elasticity`, `friction`, `locationId`, `modelTableId`, `objectScale`, `physicsBitField`, `physicsTableId`, `motionTableId`, `soundTableId`, `physicsState`, `translucency`)
VALUES (2007638481, 'House Portal', 65536, 0, 0, 0, 262164, 0, 0, 0, 0, 0, 0, 8388656, 0, 100667499, 0, 0, 0, 0, 0, 0, 0, 0, 4, 0, 0, 0, 0, 0, 32, 0.75, 0, 0, 0, 0, 0, 0, 0, 0, 0, 33554867, 0, 98307, 0, 150994947, 0, 3076, 0);

INSERT INTO `ace_object` (`baseAceObjectId`, `weenieClassId`, `landblock`, `cell`, `posX`, `posY`, `posZ`, `qW`, `qX`, `qY`, `qZ`)
VALUES (2007638481, 11730, 31394, 429, 145.786, 36.2483, 77.137, 0.719868, 0, 0, 0.694111);

INSERT INTO `base_ace_object` (`baseAceObjectId`, `name`, `typeId`, `paletteId`, `ammoType`, `blipColor`, `bitField`, `burden`, `combatUse`, `cooldownDuration`, `cooldownId`, `effects`, `containersCapacity`, `header`, `hookTypeId`, `iconId`, `iconOverlayId`, `iconUnderlayId`, `hookItemTypes`, `itemsCapacity`, `location`, `materialType`, `maxStackSize`, `maxStructure`, `radar`, `pscript`, `spellId`, `stackSize`, `structure`, `targetTypeId`, `usability`, `useRadius`, `validLocations`, `value`, `workmanship`, `animationFrameId`, `defaultScript`, `defaultScriptIntensity`, `elasticity`, `friction`, `locationId`, `modelTableId`, `objectScale`, `physicsBitField`, `physicsTableId`, `motionTableId`, `soundTableId`, `physicsState`, `translucency`)
VALUES (2002432381, 'House Portal', 65536, 0, 0, 0, 262164, 0, 0, 0, 0, 0, 0, 8388656, 0, 100667499, 0, 0, 0, 0, 0, 0, 0, 0, 4, 0, 0, 0, 0, 0, 32, 0.75, 0, 0, 0, 0, 0, 0, 0, 0, 0, 33554867, 0, 98307, 0, 150994947, 0, 3076, 0);

INSERT INTO `ace_object` (`baseAceObjectId`, `weenieClassId`, `landblock`, `cell`, `posX`, `posY`, `posZ`, `qW`, `qX`, `qY`, `qZ`)
VALUES (2002432381, 11730, 30123, 280, 154.104, 37.5487, 77.137, 0.377609, 0, 0, 0.9259651);

INSERT INTO `base_ace_object` (`baseAceObjectId`, `name`, `typeId`, `paletteId`, `ammoType`, `blipColor`, `bitField`, `burden`, `combatUse`, `cooldownDuration`, `cooldownId`, `effects`, `containersCapacity`, `header`, `hookTypeId`, `iconId`, `iconOverlayId`, `iconUnderlayId`, `hookItemTypes`, `itemsCapacity`, `location`, `materialType`, `maxStackSize`, `maxStructure`, `radar`, `pscript`, `spellId`, `stackSize`, `structure`, `targetTypeId`, `usability`, `useRadius`, `validLocations`, `value`, `workmanship`, `animationFrameId`, `defaultScript`, `defaultScriptIntensity`, `elasticity`, `friction`, `locationId`, `modelTableId`, `objectScale`, `physicsBitField`, `physicsTableId`, `motionTableId`, `soundTableId`, `physicsState`, `translucency`)
VALUES (2002432383, 'House Portal', 65536, 0, 0, 0, 262164, 0, 0, 0, 0, 0, 0, 8388656, 0, 100667499, 0, 0, 0, 0, 0, 0, 0, 0, 4, 0, 0, 0, 0, 0, 32, 0.75, 0, 0, 0, 0, 0, 0, 0, 0, 0, 33554867, 0, 98307, 0, 150994947, 0, 3076, 0);

INSERT INTO `ace_object` (`baseAceObjectId`, `weenieClassId`, `landblock`, `cell`, `posX`, `posY`, `posZ`, `qW`, `qX`, `qY`, `qZ`)
VALUES (2002432383, 11730, 30123, 311, 156.131, 98.6614, 77.137, 0.0103796, 0, 0, 0.9999461);

INSERT INTO `base_ace_object` (`baseAceObjectId`, `name`, `typeId`, `paletteId`, `ammoType`, `blipColor`, `bitField`, `burden`, `combatUse`, `cooldownDuration`, `cooldownId`, `effects`, `containersCapacity`, `header`, `hookTypeId`, `iconId`, `iconOverlayId`, `iconUnderlayId`, `hookItemTypes`, `itemsCapacity`, `location`, `materialType`, `maxStackSize`, `maxStructure`, `radar`, `pscript`, `spellId`, `stackSize`, `structure`, `targetTypeId`, `usability`, `useRadius`, `validLocations`, `value`, `workmanship`, `animationFrameId`, `defaultScript`, `defaultScriptIntensity`, `elasticity`, `friction`, `locationId`, `modelTableId`, `objectScale`, `physicsBitField`, `physicsTableId`, `motionTableId`, `soundTableId`, `physicsState`, `translucency`)
VALUES (2002432385, 'House Portal', 65536, 0, 0, 0, 262164, 0, 0, 0, 0, 0, 0, 8388656, 0, 100667499, 0, 0, 0, 0, 0, 0, 0, 0, 4, 0, 0, 0, 0, 0, 32, 0.75, 0, 0, 0, 0, 0, 0, 0, 0, 0, 33554867, 0, 98307, 0, 150994947, 0, 3076, 0);

INSERT INTO `ace_object` (`baseAceObjectId`, `weenieClassId`, `landblock`, `cell`, `posX`, `posY`, `posZ`, `qW`, `qX`, `qY`, `qZ`)
VALUES (2002432385, 11730, 30123, 339, 106.37, 130.188, 79.137, 0.07375266, 0, 0, -0.9972765);

INSERT INTO `base_ace_object` (`baseAceObjectId`, `name`, `typeId`, `paletteId`, `ammoType`, `blipColor`, `bitField`, `burden`, `combatUse`, `cooldownDuration`, `cooldownId`, `effects`, `containersCapacity`, `header`, `hookTypeId`, `iconId`, `iconOverlayId`, `iconUnderlayId`, `hookItemTypes`, `itemsCapacity`, `location`, `materialType`, `maxStackSize`, `maxStructure`, `radar`, `pscript`, `spellId`, `stackSize`, `structure`, `targetTypeId`, `usability`, `useRadius`, `validLocations`, `value`, `workmanship`, `animationFrameId`, `defaultScript`, `defaultScriptIntensity`, `elasticity`, `friction`, `locationId`, `modelTableId`, `objectScale`, `physicsBitField`, `physicsTableId`, `motionTableId`, `soundTableId`, `physicsState`, `translucency`)
VALUES (2002432387, 'House Portal', 65536, 0, 0, 0, 262164, 0, 0, 0, 0, 0, 0, 8388656, 0, 100667499, 0, 0, 0, 0, 0, 0, 0, 0, 4, 0, 0, 0, 0, 0, 32, 0.75, 0, 0, 0, 0, 0, 0, 0, 0, 0, 33554867, 0, 98307, 0, 150994947, 0, 3076, 0);

INSERT INTO `ace_object` (`baseAceObjectId`, `weenieClassId`, `landblock`, `cell`, `posX`, `posY`, `posZ`, `qW`, `qX`, `qY`, `qZ`)
VALUES (2002432387, 11730, 30123, 370, 69.3441, 131.559, 83.137, 0.7129832, 0, 0, -0.7011811);

INSERT INTO `base_ace_object` (`baseAceObjectId`, `name`, `typeId`, `paletteId`, `ammoType`, `blipColor`, `bitField`, `burden`, `combatUse`, `cooldownDuration`, `cooldownId`, `effects`, `containersCapacity`, `header`, `hookTypeId`, `iconId`, `iconOverlayId`, `iconUnderlayId`, `hookItemTypes`, `itemsCapacity`, `location`, `materialType`, `maxStackSize`, `maxStructure`, `radar`, `pscript`, `spellId`, `stackSize`, `structure`, `targetTypeId`, `usability`, `useRadius`, `validLocations`, `value`, `workmanship`, `animationFrameId`, `defaultScript`, `defaultScriptIntensity`, `elasticity`, `friction`, `locationId`, `modelTableId`, `objectScale`, `physicsBitField`, `physicsTableId`, `motionTableId`, `soundTableId`, `physicsState`, `translucency`)
VALUES (2002432389, 'House Portal', 65536, 0, 0, 0, 262164, 0, 0, 0, 0, 0, 0, 8388656, 0, 100667499, 0, 0, 0, 0, 0, 0, 0, 0, 4, 0, 0, 0, 0, 0, 32, 0.75, 0, 0, 0, 0, 0, 0, 0, 0, 0, 33554867, 0, 98307, 0, 150994947, 0, 3076, 0);

INSERT INTO `ace_object` (`baseAceObjectId`, `weenieClassId`, `landblock`, `cell`, `posX`, `posY`, `posZ`, `qW`, `qX`, `qY`, `qZ`)
VALUES (2002432389, 11730, 30123, 398, 62.0878, 62.3311, 77.137, -0.9997973, 0, 0, -0.02013321);

INSERT INTO `base_ace_object` (`baseAceObjectId`, `name`, `typeId`, `paletteId`, `ammoType`, `blipColor`, `bitField`, `burden`, `combatUse`, `cooldownDuration`, `cooldownId`, `effects`, `containersCapacity`, `header`, `hookTypeId`, `iconId`, `iconOverlayId`, `iconUnderlayId`, `hookItemTypes`, `itemsCapacity`, `location`, `materialType`, `maxStackSize`, `maxStructure`, `radar`, `pscript`, `spellId`, `stackSize`, `structure`, `targetTypeId`, `usability`, `useRadius`, `validLocations`, `value`, `workmanship`, `animationFrameId`, `defaultScript`, `defaultScriptIntensity`, `elasticity`, `friction`, `locationId`, `modelTableId`, `objectScale`, `physicsBitField`, `physicsTableId`, `motionTableId`, `soundTableId`, `physicsState`, `translucency`)
VALUES (2001383883, 'House Portal', 65536, 0, 0, 0, 262164, 0, 0, 0, 0, 0, 0, 8388656, 0, 100667499, 0, 0, 0, 0, 0, 0, 0, 0, 4, 0, 0, 0, 0, 0, 32, 0.75, 0, 0, 0, 0, 0, 0, 0, 0, 0, 33554867, 0, 98307, 0, 150994947, 0, 3076, 0);

INSERT INTO `ace_object` (`baseAceObjectId`, `weenieClassId`, `landblock`, `cell`, `posX`, `posY`, `posZ`, `qW`, `qX`, `qY`, `qZ`)
VALUES (2001383883, 11730, 29867, 280, 62.1817, 38.8197, 83.137, 0.9986618, 0, 0, 0.05171679);

INSERT INTO `base_ace_object` (`baseAceObjectId`, `name`, `typeId`, `paletteId`, `ammoType`, `blipColor`, `bitField`, `burden`, `combatUse`, `cooldownDuration`, `cooldownId`, `effects`, `containersCapacity`, `header`, `hookTypeId`, `iconId`, `iconOverlayId`, `iconUnderlayId`, `hookItemTypes`, `itemsCapacity`, `location`, `materialType`, `maxStackSize`, `maxStructure`, `radar`, `pscript`, `spellId`, `stackSize`, `structure`, `targetTypeId`, `usability`, `useRadius`, `validLocations`, `value`, `workmanship`, `animationFrameId`, `defaultScript`, `defaultScriptIntensity`, `elasticity`, `friction`, `locationId`, `modelTableId`, `objectScale`, `physicsBitField`, `physicsTableId`, `motionTableId`, `soundTableId`, `physicsState`, `translucency`)
VALUES (2001383885, 'House Portal', 65536, 0, 0, 0, 262164, 0, 0, 0, 0, 0, 0, 41943088, 0, 100667499, 0, 0, 0, 0, 0, 0, 0, 0, 4, 0, 0, 0, 0, 0, 32, 0.75, 0, 0, 0, 0, 0, 0, 0, 0, 0, 33554867, 0, 98307, 0, 150994947, 0, 3076, 0);

INSERT INTO `ace_object` (`baseAceObjectId`, `weenieClassId`, `landblock`, `cell`, `posX`, `posY`, `posZ`, `qW`, `qX`, `qY`, `qZ`)
VALUES (2001383885, 11730, 29867, 311, 46.1055, 84.7507, 71.137, -0.7336782, 0, 0, 0.6794971);

INSERT INTO `base_ace_object` (`baseAceObjectId`, `name`, `typeId`, `paletteId`, `ammoType`, `blipColor`, `bitField`, `burden`, `combatUse`, `cooldownDuration`, `cooldownId`, `effects`, `containersCapacity`, `header`, `hookTypeId`, `iconId`, `iconOverlayId`, `iconUnderlayId`, `hookItemTypes`, `itemsCapacity`, `location`, `materialType`, `maxStackSize`, `maxStructure`, `radar`, `pscript`, `spellId`, `stackSize`, `structure`, `targetTypeId`, `usability`, `useRadius`, `validLocations`, `value`, `workmanship`, `animationFrameId`, `defaultScript`, `defaultScriptIntensity`, `elasticity`, `friction`, `locationId`, `modelTableId`, `objectScale`, `physicsBitField`, `physicsTableId`, `motionTableId`, `soundTableId`, `physicsState`, `translucency`)
VALUES (2001383887, 'House Portal', 65536, 0, 0, 0, 262164, 0, 0, 0, 0, 0, 0, 41943088, 0, 100667499, 0, 0, 0, 0, 0, 0, 0, 0, 4, 0, 0, 0, 0, 0, 32, 0.75, 0, 0, 0, 0, 0, 0, 0, 0, 0, 33554867, 0, 98307, 0, 150994947, 0, 3076, 0);

INSERT INTO `ace_object` (`baseAceObjectId`, `weenieClassId`, `landblock`, `cell`, `posX`, `posY`, `posZ`, `qW`, `qX`, `qY`, `qZ`)
VALUES (2001383887, 11730, 29867, 339, 33.5946, 154.189, 65.137, 0.00421503, 0, 0, -0.9999911);

INSERT INTO `base_ace_object` (`baseAceObjectId`, `name`, `typeId`, `paletteId`, `ammoType`, `blipColor`, `bitField`, `burden`, `combatUse`, `cooldownDuration`, `cooldownId`, `effects`, `containersCapacity`, `header`, `hookTypeId`, `iconId`, `iconOverlayId`, `iconUnderlayId`, `hookItemTypes`, `itemsCapacity`, `location`, `materialType`, `maxStackSize`, `maxStructure`, `radar`, `pscript`, `spellId`, `stackSize`, `structure`, `targetTypeId`, `usability`, `useRadius`, `validLocations`, `value`, `workmanship`, `animationFrameId`, `defaultScript`, `defaultScriptIntensity`, `elasticity`, `friction`, `locationId`, `modelTableId`, `objectScale`, `physicsBitField`, `physicsTableId`, `motionTableId`, `soundTableId`, `physicsState`, `translucency`)
VALUES (2001383889, 'House Portal', 65536, 0, 0, 0, 262164, 0, 0, 0, 0, 0, 0, 41943088, 0, 100667499, 0, 0, 0, 0, 0, 0, 0, 0, 4, 0, 0, 0, 0, 0, 32, 0.75, 0, 0, 0, 0, 0, 0, 0, 0, 0, 33554867, 0, 98307, 0, 150994947, 0, 3076, 0);

INSERT INTO `ace_object` (`baseAceObjectId`, `weenieClassId`, `landblock`, `cell`, `posX`, `posY`, `posZ`, `qW`, `qX`, `qY`, `qZ`)
VALUES (2001383889, 11730, 29867, 370, 156.943, 145.88, 87.137, 0.0348665, 0, 0, 0.999392);

INSERT INTO `base_ace_object` (`baseAceObjectId`, `name`, `typeId`, `paletteId`, `ammoType`, `blipColor`, `bitField`, `burden`, `combatUse`, `cooldownDuration`, `cooldownId`, `effects`, `containersCapacity`, `header`, `hookTypeId`, `iconId`, `iconOverlayId`, `iconUnderlayId`, `hookItemTypes`, `itemsCapacity`, `location`, `materialType`, `maxStackSize`, `maxStructure`, `radar`, `pscript`, `spellId`, `stackSize`, `structure`, `targetTypeId`, `usability`, `useRadius`, `validLocations`, `value`, `workmanship`, `animationFrameId`, `defaultScript`, `defaultScriptIntensity`, `elasticity`, `friction`, `locationId`, `modelTableId`, `objectScale`, `physicsBitField`, `physicsTableId`, `motionTableId`, `soundTableId`, `physicsState`, `translucency`)
VALUES (2001383898, 'House Portal', 65536, 0, 0, 0, 262164, 0, 0, 0, 0, 0, 0, 41943088, 0, 100667499, 0, 0, 0, 0, 0, 0, 0, 0, 4, 0, 0, 0, 0, 0, 32, 0.75, 0, 0, 0, 0, 0, 0, 0, 0, 0, 33554867, 0, 98307, 0, 150994947, 0, 3076, 0);

INSERT INTO `ace_object` (`baseAceObjectId`, `weenieClassId`, `landblock`, `cell`, `posX`, `posY`, `posZ`, `qW`, `qX`, `qY`, `qZ`)
VALUES (2001383898, 11730, 29867, 398, 154.824, 110.387, 79.137, -0.3698698, 0, 0, -0.9290836);

INSERT INTO `base_ace_object` (`baseAceObjectId`, `name`, `typeId`, `paletteId`, `ammoType`, `blipColor`, `bitField`, `burden`, `combatUse`, `cooldownDuration`, `cooldownId`, `effects`, `containersCapacity`, `header`, `hookTypeId`, `iconId`, `iconOverlayId`, `iconUnderlayId`, `hookItemTypes`, `itemsCapacity`, `location`, `materialType`, `maxStackSize`, `maxStructure`, `radar`, `pscript`, `spellId`, `stackSize`, `structure`, `targetTypeId`, `usability`, `useRadius`, `validLocations`, `value`, `workmanship`, `animationFrameId`, `defaultScript`, `defaultScriptIntensity`, `elasticity`, `friction`, `locationId`, `modelTableId`, `objectScale`, `physicsBitField`, `physicsTableId`, `motionTableId`, `soundTableId`, `physicsState`, `translucency`)
VALUES (2001383881, 'House Portal', 65536, 0, 0, 0, 262164, 0, 0, 0, 0, 0, 0, 41943088, 0, 100667499, 0, 0, 0, 0, 0, 0, 0, 0, 4, 0, 0, 0, 0, 0, 32, 0.75, 0, 0, 0, 0, 0, 0, 0, 0, 0, 33554867, 0, 98307, 0, 150994947, 0, 3076, 0);

INSERT INTO `ace_object` (`baseAceObjectId`, `weenieClassId`, `landblock`, `cell`, `posX`, `posY`, `posZ`, `qW`, `qX`, `qY`, `qZ`)
VALUES (2001383881, 11730, 29867, 429, 146.576, 35.1766, 83.137, -0.742149, 0, 0, -0.670235);

INSERT INTO `base_ace_object` (`baseAceObjectId`, `name`, `typeId`, `paletteId`, `ammoType`, `blipColor`, `bitField`, `burden`, `combatUse`, `cooldownDuration`, `cooldownId`, `effects`, `containersCapacity`, `header`, `hookTypeId`, `iconId`, `iconOverlayId`, `iconUnderlayId`, `hookItemTypes`, `itemsCapacity`, `location`, `materialType`, `maxStackSize`, `maxStructure`, `radar`, `pscript`, `spellId`, `stackSize`, `structure`, `targetTypeId`, `usability`, `useRadius`, `validLocations`, `value`, `workmanship`, `animationFrameId`, `defaultScript`, `defaultScriptIntensity`, `elasticity`, `friction`, `locationId`, `modelTableId`, `objectScale`, `physicsBitField`, `physicsTableId`, `motionTableId`, `soundTableId`, `physicsState`, `translucency`)
VALUES (2000351691, 'House Portal', 65536, 0, 0, 0, 262164, 0, 0, 0, 0, 0, 0, 8388656, 0, 100667499, 0, 0, 0, 0, 0, 0, 0, 0, 4, 0, 0, 0, 0, 0, 32, 0.75, 0, 0, 0, 0, 0, 0, 0, 0, 0, 33554867, 0, 98307, 0, 150994947, 0, 3076, 0);

INSERT INTO `ace_object` (`baseAceObjectId`, `weenieClassId`, `landblock`, `cell`, `posX`, `posY`, `posZ`, `qW`, `qX`, `qY`, `qZ`)
VALUES (2000351691, 11730, 29615, 280, 38.1825, 38.812, 83.137, 0.9987594, 0, 0, 0.04979512);

INSERT INTO `base_ace_object` (`baseAceObjectId`, `name`, `typeId`, `paletteId`, `ammoType`, `blipColor`, `bitField`, `burden`, `combatUse`, `cooldownDuration`, `cooldownId`, `effects`, `containersCapacity`, `header`, `hookTypeId`, `iconId`, `iconOverlayId`, `iconUnderlayId`, `hookItemTypes`, `itemsCapacity`, `location`, `materialType`, `maxStackSize`, `maxStructure`, `radar`, `pscript`, `spellId`, `stackSize`, `structure`, `targetTypeId`, `usability`, `useRadius`, `validLocations`, `value`, `workmanship`, `animationFrameId`, `defaultScript`, `defaultScriptIntensity`, `elasticity`, `friction`, `locationId`, `modelTableId`, `objectScale`, `physicsBitField`, `physicsTableId`, `motionTableId`, `soundTableId`, `physicsState`, `translucency`)
VALUES (2000351693, 'House Portal', 65536, 0, 0, 0, 262164, 0, 0, 0, 0, 0, 0, 8388656, 0, 100667499, 0, 0, 0, 0, 0, 0, 0, 0, 4, 0, 0, 0, 0, 0, 32, 0.75, 0, 0, 0, 0, 0, 0, 0, 0, 0, 33554867, 0, 98307, 0, 150994947, 0, 3076, 0);

INSERT INTO `ace_object` (`baseAceObjectId`, `weenieClassId`, `landblock`, `cell`, `posX`, `posY`, `posZ`, `qW`, `qX`, `qY`, `qZ`)
VALUES (2000351693, 11730, 29615, 311, 69.189, 84.7362, 85.137, 0.6966552, 0, 0, -0.7174062);

INSERT INTO `base_ace_object` (`baseAceObjectId`, `name`, `typeId`, `paletteId`, `ammoType`, `blipColor`, `bitField`, `burden`, `combatUse`, `cooldownDuration`, `cooldownId`, `effects`, `containersCapacity`, `header`, `hookTypeId`, `iconId`, `iconOverlayId`, `iconUnderlayId`, `hookItemTypes`, `itemsCapacity`, `location`, `materialType`, `maxStackSize`, `maxStructure`, `radar`, `pscript`, `spellId`, `stackSize`, `structure`, `targetTypeId`, `usability`, `useRadius`, `validLocations`, `value`, `workmanship`, `animationFrameId`, `defaultScript`, `defaultScriptIntensity`, `elasticity`, `friction`, `locationId`, `modelTableId`, `objectScale`, `physicsBitField`, `physicsTableId`, `motionTableId`, `soundTableId`, `physicsState`, `translucency`)
VALUES (2000351695, 'House Portal', 65536, 0, 0, 0, 262164, 0, 0, 0, 0, 0, 0, 8388656, 0, 100667499, 0, 0, 0, 0, 0, 0, 0, 0, 4, 0, 0, 0, 0, 0, 32, 0.75, 0, 0, 0, 0, 0, 0, 0, 0, 0, 33554867, 0, 98307, 0, 150994947, 0, 3076, 0);

INSERT INTO `ace_object` (`baseAceObjectId`, `weenieClassId`, `landblock`, `cell`, `posX`, `posY`, `posZ`, `qW`, `qX`, `qY`, `qZ`)
VALUES (2000351695, 11730, 29615, 339, 37.8136, 153.877, 103.137, -0.7212641, 0, 0, 0.6926602);

INSERT INTO `base_ace_object` (`baseAceObjectId`, `name`, `typeId`, `paletteId`, `ammoType`, `blipColor`, `bitField`, `burden`, `combatUse`, `cooldownDuration`, `cooldownId`, `effects`, `containersCapacity`, `header`, `hookTypeId`, `iconId`, `iconOverlayId`, `iconUnderlayId`, `hookItemTypes`, `itemsCapacity`, `location`, `materialType`, `maxStackSize`, `maxStructure`, `radar`, `pscript`, `spellId`, `stackSize`, `structure`, `targetTypeId`, `usability`, `useRadius`, `validLocations`, `value`, `workmanship`, `animationFrameId`, `defaultScript`, `defaultScriptIntensity`, `elasticity`, `friction`, `locationId`, `modelTableId`, `objectScale`, `physicsBitField`, `physicsTableId`, `motionTableId`, `soundTableId`, `physicsState`, `translucency`)
VALUES (2000351697, 'House Portal', 65536, 0, 0, 0, 262164, 0, 0, 0, 0, 0, 0, 8388656, 0, 100667499, 0, 0, 0, 0, 0, 0, 0, 0, 4, 0, 0, 0, 0, 0, 32, 0.75, 0, 0, 0, 0, 0, 0, 0, 0, 0, 33554867, 0, 98307, 0, 150994947, 0, 3076, 0);

INSERT INTO `ace_object` (`baseAceObjectId`, `weenieClassId`, `landblock`, `cell`, `posX`, `posY`, `posZ`, `qW`, `qX`, `qY`, `qZ`)
VALUES (2000351697, 11730, 29615, 370, 157.037, 146.764, 105.137, 0.02498479, 0, 0, -0.9996879);

INSERT INTO `base_ace_object` (`baseAceObjectId`, `name`, `typeId`, `paletteId`, `ammoType`, `blipColor`, `bitField`, `burden`, `combatUse`, `cooldownDuration`, `cooldownId`, `effects`, `containersCapacity`, `header`, `hookTypeId`, `iconId`, `iconOverlayId`, `iconUnderlayId`, `hookItemTypes`, `itemsCapacity`, `location`, `materialType`, `maxStackSize`, `maxStructure`, `radar`, `pscript`, `spellId`, `stackSize`, `structure`, `targetTypeId`, `usability`, `useRadius`, `validLocations`, `value`, `workmanship`, `animationFrameId`, `defaultScript`, `defaultScriptIntensity`, `elasticity`, `friction`, `locationId`, `modelTableId`, `objectScale`, `physicsBitField`, `physicsTableId`, `motionTableId`, `soundTableId`, `physicsState`, `translucency`)
VALUES (2000351699, 'House Portal', 65536, 0, 0, 0, 262164, 0, 0, 0, 0, 0, 0, 8388656, 0, 100667499, 0, 0, 0, 0, 0, 0, 0, 0, 4, 0, 0, 0, 0, 0, 32, 0.75, 0, 0, 0, 0, 0, 0, 0, 0, 0, 33554867, 0, 98307, 0, 150994947, 0, 3076, 0);

INSERT INTO `ace_object` (`baseAceObjectId`, `weenieClassId`, `landblock`, `cell`, `posX`, `posY`, `posZ`, `qW`, `qX`, `qY`, `qZ`)
VALUES (2000351699, 11730, 29615, 398, 130.175, 106.156, 95.137, 0.01411761, 0, 0, 0.9999003);

INSERT INTO `base_ace_object` (`baseAceObjectId`, `name`, `typeId`, `paletteId`, `ammoType`, `blipColor`, `bitField`, `burden`, `combatUse`, `cooldownDuration`, `cooldownId`, `effects`, `containersCapacity`, `header`, `hookTypeId`, `iconId`, `iconOverlayId`, `iconUnderlayId`, `hookItemTypes`, `itemsCapacity`, `location`, `materialType`, `maxStackSize`, `maxStructure`, `radar`, `pscript`, `spellId`, `stackSize`, `structure`, `targetTypeId`, `usability`, `useRadius`, `validLocations`, `value`, `workmanship`, `animationFrameId`, `defaultScript`, `defaultScriptIntensity`, `elasticity`, `friction`, `locationId`, `modelTableId`, `objectScale`, `physicsBitField`, `physicsTableId`, `motionTableId`, `soundTableId`, `physicsState`, `translucency`)
VALUES (2000351689, 'House Portal', 65536, 0, 0, 0, 262164, 0, 0, 0, 0, 0, 0, 8388656, 0, 100667499, 0, 0, 0, 0, 0, 0, 0, 0, 4, 0, 0, 0, 0, 0, 32, 0.75, 0, 0, 0, 0, 0, 0, 0, 0, 0, 33554867, 0, 98307, 0, 150994947, 0, 3076, 0);

INSERT INTO `ace_object` (`baseAceObjectId`, `weenieClassId`, `landblock`, `cell`, `posX`, `posY`, `posZ`, `qW`, `qX`, `qY`, `qZ`)
VALUES (2000351689, 11730, 29615, 429, 157.29, 25.9651, 87.137, 0.0436013, 0, 0, -0.999049);

INSERT INTO `base_ace_object` (`baseAceObjectId`, `name`, `typeId`, `paletteId`, `ammoType`, `blipColor`, `bitField`, `burden`, `combatUse`, `cooldownDuration`, `cooldownId`, `effects`, `containersCapacity`, `header`, `hookTypeId`, `iconId`, `iconOverlayId`, `iconUnderlayId`, `hookItemTypes`, `itemsCapacity`, `location`, `materialType`, `maxStackSize`, `maxStructure`, `radar`, `pscript`, `spellId`, `stackSize`, `structure`, `targetTypeId`, `usability`, `useRadius`, `validLocations`, `value`, `workmanship`, `animationFrameId`, `defaultScript`, `defaultScriptIntensity`, `elasticity`, `friction`, `locationId`, `modelTableId`, `objectScale`, `physicsBitField`, `physicsTableId`, `motionTableId`, `soundTableId`, `physicsState`, `translucency`)
VALUES (3627970386, 'Direlands Southeast Shore', 65536, 0, 0, 0, 262164, 0, 0, 0, 0, 0, 0, 8388656, 0, 100667499, 0, 0, 0, 0, 0, 0, 0, 0, 4, 0, 0, 0, 0, 0, 32, -0.1, 0, 0, 0, 0, 0, 0, 0, 0, 0, 33555926, 0, 98307, 0, 150994947, 0, 3084, 0);

INSERT INTO `ace_object` (`baseAceObjectId`, `weenieClassId`, `landblock`, `cell`, `posX`, `posY`, `posZ`, `qW`, `qX`, `qY`, `qZ`)
VALUES (3627970386, 8385, 29108, 60, 171.2741, 89.30206, 96.84562, 0.9537169, 0, 0, -0.3007058);

INSERT INTO `base_ace_object` (`baseAceObjectId`, `name`, `typeId`, `paletteId`, `ammoType`, `blipColor`, `bitField`, `burden`, `combatUse`, `cooldownDuration`, `cooldownId`, `effects`, `containersCapacity`, `header`, `hookTypeId`, `iconId`, `iconOverlayId`, `iconUnderlayId`, `hookItemTypes`, `itemsCapacity`, `location`, `materialType`, `maxStackSize`, `maxStructure`, `radar`, `pscript`, `spellId`, `stackSize`, `structure`, `targetTypeId`, `usability`, `useRadius`, `validLocations`, `value`, `workmanship`, `animationFrameId`, `defaultScript`, `defaultScriptIntensity`, `elasticity`, `friction`, `locationId`, `modelTableId`, `objectScale`, `physicsBitField`, `physicsTableId`, `motionTableId`, `soundTableId`, `physicsState`, `translucency`)
VALUES (2002485252, 'Bandit Castle Portal', 65536, 0, 0, 0, 262164, 0, 0, 0, 0, 0, 0, 8388656, 0, 100667499, 0, 0, 0, 0, 0, 0, 0, 0, 4, 0, 0, 0, 0, 0, 32, -0.1, 0, 0, 0, 0, 0, 0, 0, 0, 0, 33554867, 0, 98307, 0, 150994947, 0, 3084, 0);

INSERT INTO `ace_object` (`baseAceObjectId`, `weenieClassId`, `landblock`, `cell`, `posX`, `posY`, `posZ`, `qW`, `qX`, `qY`, `qZ`)
VALUES (2002485252, 1102, 30136, 30, 91.8084, 139.439, 119.8754, 0.3161612, 0, 0, -0.9487055);

INSERT INTO `base_ace_object` (`baseAceObjectId`, `name`, `typeId`, `paletteId`, `ammoType`, `blipColor`, `bitField`, `burden`, `combatUse`, `cooldownDuration`, `cooldownId`, `effects`, `containersCapacity`, `header`, `hookTypeId`, `iconId`, `iconOverlayId`, `iconUnderlayId`, `hookItemTypes`, `itemsCapacity`, `location`, `materialType`, `maxStackSize`, `maxStructure`, `radar`, `pscript`, `spellId`, `stackSize`, `structure`, `targetTypeId`, `usability`, `useRadius`, `validLocations`, `value`, `workmanship`, `animationFrameId`, `defaultScript`, `defaultScriptIntensity`, `elasticity`, `friction`, `locationId`, `modelTableId`, `objectScale`, `physicsBitField`, `physicsTableId`, `motionTableId`, `soundTableId`, `physicsState`, `translucency`)
VALUES (2041737243, 'House Portal', 65536, 0, 0, 0, 262164, 0, 0, 0, 0, 0, 0, 41943088, 0, 100667499, 0, 0, 0, 0, 0, 0, 0, 0, 4, 0, 0, 0, 0, 0, 32, 0.75, 0, 0, 0, 0, 0, 0, 0, 0, 0, 33554867, 0, 98307, 0, 150994947, 0, 3076, 0);

INSERT INTO `ace_object` (`baseAceObjectId`, `weenieClassId`, `landblock`, `cell`, `posX`, `posY`, `posZ`, `qW`, `qX`, `qY`, `qZ`)
VALUES (2041737243, 11730, 39719, 280, 26.4724, 36.2113, 171.137, -0.7155547, 0, 0, -0.6985567);

INSERT INTO `base_ace_object` (`baseAceObjectId`, `name`, `typeId`, `paletteId`, `ammoType`, `blipColor`, `bitField`, `burden`, `combatUse`, `cooldownDuration`, `cooldownId`, `effects`, `containersCapacity`, `header`, `hookTypeId`, `iconId`, `iconOverlayId`, `iconUnderlayId`, `hookItemTypes`, `itemsCapacity`, `location`, `materialType`, `maxStackSize`, `maxStructure`, `radar`, `pscript`, `spellId`, `stackSize`, `structure`, `targetTypeId`, `usability`, `useRadius`, `validLocations`, `value`, `workmanship`, `animationFrameId`, `defaultScript`, `defaultScriptIntensity`, `elasticity`, `friction`, `locationId`, `modelTableId`, `objectScale`, `physicsBitField`, `physicsTableId`, `motionTableId`, `soundTableId`, `physicsState`, `translucency`)
VALUES (2043834368, 'Ridge Citadel Portal', 65536, 0, 0, 0, 262164, 0, 0, 0, 0, 0, 0, 8388656, 0, 100667499, 0, 0, 0, 0, 0, 0, 0, 0, 4, 0, 0, 0, 0, 0, 32, -0.1, 0, 0, 0, 0, 0, 0, 0, 0, 0, 33555926, 0, 98307, 0, 150994947, 0, 3084, 0);

INSERT INTO `ace_object` (`baseAceObjectId`, `weenieClassId`, `landblock`, `cell`, `posX`, `posY`, `posZ`, `qW`, `qX`, `qY`, `qZ`)
VALUES (2043834368, 7319, 40231, 46, 138.092, 135.141, 246.7064, -0.715855, 0, 0, -0.698249);

INSERT INTO `base_ace_object` (`baseAceObjectId`, `name`, `typeId`, `paletteId`, `ammoType`, `blipColor`, `bitField`, `burden`, `combatUse`, `cooldownDuration`, `cooldownId`, `effects`, `containersCapacity`, `header`, `hookTypeId`, `iconId`, `iconOverlayId`, `iconUnderlayId`, `hookItemTypes`, `itemsCapacity`, `location`, `materialType`, `maxStackSize`, `maxStructure`, `radar`, `pscript`, `spellId`, `stackSize`, `structure`, `targetTypeId`, `usability`, `useRadius`, `validLocations`, `value`, `workmanship`, `animationFrameId`, `defaultScript`, `defaultScriptIntensity`, `elasticity`, `friction`, `locationId`, `modelTableId`, `objectScale`, `physicsBitField`, `physicsTableId`, `motionTableId`, `soundTableId`, `physicsState`, `translucency`)
VALUES (1882132502, 'Surface', 65536, 0, 0, 0, 262164, 0, 0, 0, 0, 0, 0, 8388656, 0, 100667499, 0, 0, 0, 0, 0, 0, 0, 0, 4, 0, 0, 0, 0, 0, 32, -0.1, 0, 0, 0, 0, 0, 0, 0, 0, 0, 33554867, 0, 98307, 0, 150994947, 0, 3084, 0);

INSERT INTO `ace_object` (`baseAceObjectId`, `weenieClassId`, `landblock`, `cell`, `posX`, `posY`, `posZ`, `qW`, `qX`, `qY`, `qZ`)
VALUES (1882132502, 7320, 753, 351, 160, -126, -0.06299996, -4.37114E-08, 0, 0, -1);

INSERT INTO `base_ace_object` (`baseAceObjectId`, `name`, `typeId`, `paletteId`, `ammoType`, `blipColor`, `bitField`, `burden`, `combatUse`, `cooldownDuration`, `cooldownId`, `effects`, `containersCapacity`, `header`, `hookTypeId`, `iconId`, `iconOverlayId`, `iconUnderlayId`, `hookItemTypes`, `itemsCapacity`, `location`, `materialType`, `maxStackSize`, `maxStructure`, `radar`, `pscript`, `spellId`, `stackSize`, `structure`, `targetTypeId`, `usability`, `useRadius`, `validLocations`, `value`, `workmanship`, `animationFrameId`, `defaultScript`, `defaultScriptIntensity`, `elasticity`, `friction`, `locationId`, `modelTableId`, `objectScale`, `physicsBitField`, `physicsTableId`, `motionTableId`, `soundTableId`, `physicsState`, `translucency`)
VALUES (1882153124, 'Surface Portal', 65536, 0, 0, 0, 262164, 0, 0, 0, 0, 0, 0, 8388656, 0, 100667499, 0, 0, 0, 0, 0, 0, 0, 0, 4, 0, 0, 0, 0, 0, 32, -0.1, 0, 0, 0, 0, 0, 0, 0, 0, 0, 33554867, 0, 98307, 0, 150994947, 0, 3084, 0);

INSERT INTO `ace_object` (`baseAceObjectId`, `weenieClassId`, `landblock`, `cell`, `posX`, `posY`, `posZ`, `qW`, `qX`, `qY`, `qZ`)
VALUES (1882153124, 7288, 758, 1051, 150, -320, -0.06299996, 0.7071068, 0, 0, -0.7071068);

INSERT INTO `base_ace_object` (`baseAceObjectId`, `name`, `typeId`, `paletteId`, `ammoType`, `blipColor`, `bitField`, `burden`, `combatUse`, `cooldownDuration`, `cooldownId`, `effects`, `containersCapacity`, `header`, `hookTypeId`, `iconId`, `iconOverlayId`, `iconUnderlayId`, `hookItemTypes`, `itemsCapacity`, `location`, `materialType`, `maxStackSize`, `maxStructure`, `radar`, `pscript`, `spellId`, `stackSize`, `structure`, `targetTypeId`, `usability`, `useRadius`, `validLocations`, `value`, `workmanship`, `animationFrameId`, `defaultScript`, `defaultScriptIntensity`, `elasticity`, `friction`, `locationId`, `modelTableId`, `objectScale`, `physicsBitField`, `physicsTableId`, `motionTableId`, `soundTableId`, `physicsState`, `translucency`)
VALUES (1882152960, 'Surface Portal', 65536, 0, 0, 0, 262164, 0, 0, 0, 0, 0, 0, 8388656, 0, 100667499, 0, 0, 0, 0, 0, 0, 0, 0, 4, 0, 0, 0, 0, 0, 32, -0.1, 0, 0, 0, 0, 0, 0, 0, 0, 0, 33554867, 0, 98307, 0, 150994947, 0, 3084, 0);

INSERT INTO `ace_object` (`baseAceObjectId`, `weenieClassId`, `landblock`, `cell`, `posX`, `posY`, `posZ`, `qW`, `qX`, `qY`, `qZ`)
VALUES (1882152960, 7288, 758, 256, 50.05, -190, -29.86748, 0.7071068, 0, 0, -0.7071068);

INSERT INTO `base_ace_object` (`baseAceObjectId`, `name`, `typeId`, `paletteId`, `ammoType`, `blipColor`, `bitField`, `burden`, `combatUse`, `cooldownDuration`, `cooldownId`, `effects`, `containersCapacity`, `header`, `hookTypeId`, `iconId`, `iconOverlayId`, `iconUnderlayId`, `hookItemTypes`, `itemsCapacity`, `location`, `materialType`, `maxStackSize`, `maxStructure`, `radar`, `pscript`, `spellId`, `stackSize`, `structure`, `targetTypeId`, `usability`, `useRadius`, `validLocations`, `value`, `workmanship`, `animationFrameId`, `defaultScript`, `defaultScriptIntensity`, `elasticity`, `friction`, `locationId`, `modelTableId`, `objectScale`, `physicsBitField`, `physicsTableId`, `motionTableId`, `soundTableId`, `physicsState`, `translucency`)
VALUES (1907707904, 'Sclavus Cathedral', 65536, 0, 0, 0, 262164, 0, 0, 0, 0, 0, 0, 8388656, 0, 100667499, 0, 0, 0, 0, 0, 0, 0, 0, 4, 0, 0, 0, 0, 0, 32, -0.1, 0, 0, 0, 0, 0, 0, 0, 0, 0, 33554867, 0, 98307, 0, 150994947, 0, 3084, 0);

INSERT INTO `ace_object` (`baseAceObjectId`, `weenieClassId`, `landblock`, `cell`, `posX`, `posY`, `posZ`, `qW`, `qX`, `qY`, `qZ`)
VALUES (1907707904, 7287, 6997, 22, 56.0953, 123.311, -0.06299996, -0.649599, 0, 0, 0.760277);

INSERT INTO `base_ace_object` (`baseAceObjectId`, `name`, `typeId`, `paletteId`, `ammoType`, `blipColor`, `bitField`, `burden`, `combatUse`, `cooldownDuration`, `cooldownId`, `effects`, `containersCapacity`, `header`, `hookTypeId`, `iconId`, `iconOverlayId`, `iconUnderlayId`, `hookItemTypes`, `itemsCapacity`, `location`, `materialType`, `maxStackSize`, `maxStructure`, `radar`, `pscript`, `spellId`, `stackSize`, `structure`, `targetTypeId`, `usability`, `useRadius`, `validLocations`, `value`, `workmanship`, `animationFrameId`, `defaultScript`, `defaultScriptIntensity`, `elasticity`, `friction`, `locationId`, `modelTableId`, `objectScale`, `physicsBitField`, `physicsTableId`, `motionTableId`, `soundTableId`, `physicsState`, `translucency`)
VALUES (1880174632, 'Surface Portal', 65536, 0, 0, 0, 262164, 0, 0, 0, 0, 0, 0, 8388656, 0, 100667499, 0, 0, 0, 0, 0, 0, 0, 0, 4, 0, 0, 0, 0, 0, 32, -0.1, 0, 0, 0, 0, 0, 0, 0, 0, 0, 33554867, 0, 98307, 0, 150994947, 0, 3084, 0);

INSERT INTO `ace_object` (`baseAceObjectId`, `weenieClassId`, `landblock`, `cell`, `posX`, `posY`, `posZ`, `qW`, `qX`, `qY`, `qZ`)
VALUES (1880174632, 6780, 275, 540, 50, -16.359, 5.937, 1, 0, 0, 0);

INSERT INTO `base_ace_object` (`baseAceObjectId`, `name`, `typeId`, `paletteId`, `ammoType`, `blipColor`, `bitField`, `burden`, `combatUse`, `cooldownDuration`, `cooldownId`, `effects`, `containersCapacity`, `header`, `hookTypeId`, `iconId`, `iconOverlayId`, `iconUnderlayId`, `hookItemTypes`, `itemsCapacity`, `location`, `materialType`, `maxStackSize`, `maxStructure`, `radar`, `pscript`, `spellId`, `stackSize`, `structure`, `targetTypeId`, `usability`, `useRadius`, `validLocations`, `value`, `workmanship`, `animationFrameId`, `defaultScript`, `defaultScriptIntensity`, `elasticity`, `friction`, `locationId`, `modelTableId`, `objectScale`, `physicsBitField`, `physicsTableId`, `motionTableId`, `soundTableId`, `physicsState`, `translucency`)
VALUES (2058792960, 'Amiantos Bethel Portal', 65536, 0, 0, 0, 262164, 0, 0, 0, 0, 0, 0, 8388656, 0, 100667499, 0, 0, 0, 0, 0, 0, 0, 0, 4, 0, 0, 0, 0, 0, 32, -0.1, 0, 0, 0, 0, 0, 0, 0, 0, 0, 33554867, 0, 98307, 0, 150994947, 0, 2060, 0);

INSERT INTO `ace_object` (`baseAceObjectId`, `weenieClassId`, `landblock`, `cell`, `posX`, `posY`, `posZ`, `qW`, `qX`, `qY`, `qZ`)
VALUES (2058792960, 6779, 43883, 17, 66.9624, 16.6595, 52.806, -0.3715791, 0, 0, -0.9284013);

INSERT INTO `base_ace_object` (`baseAceObjectId`, `name`, `typeId`, `paletteId`, `ammoType`, `blipColor`, `bitField`, `burden`, `combatUse`, `cooldownDuration`, `cooldownId`, `effects`, `containersCapacity`, `header`, `hookTypeId`, `iconId`, `iconOverlayId`, `iconUnderlayId`, `hookItemTypes`, `itemsCapacity`, `location`, `materialType`, `maxStackSize`, `maxStructure`, `radar`, `pscript`, `spellId`, `stackSize`, `structure`, `targetTypeId`, `usability`, `useRadius`, `validLocations`, `value`, `workmanship`, `animationFrameId`, `defaultScript`, `defaultScriptIntensity`, `elasticity`, `friction`, `locationId`, `modelTableId`, `objectScale`, `physicsBitField`, `physicsTableId`, `motionTableId`, `soundTableId`, `physicsState`, `translucency`)
VALUES (2029342727, 'Tarn Vinara Villas Portal', 65536, 0, 0, 0, 262164, 0, 0, 0, 0, 0, 0, 8388656, 0, 100667499, 0, 0, 0, 0, 0, 0, 0, 0, 4, 0, 0, 0, 0, 0, 32, -0.1, 0, 0, 0, 0, 0, 0, 0, 0, 0, 33554867, 0, 98307, 0, 150994947, 0, 3084, 0);

INSERT INTO `ace_object` (`baseAceObjectId`, `weenieClassId`, `landblock`, `cell`, `posX`, `posY`, `posZ`, `qW`, `qX`, `qY`, `qZ`)
VALUES (2029342727, 14673, 36693, 62, 172.43, 123.544, 14.23233, -0.8200734, 0, 0, 0.5722583);

INSERT INTO `base_ace_object` (`baseAceObjectId`, `name`, `typeId`, `paletteId`, `ammoType`, `blipColor`, `bitField`, `burden`, `combatUse`, `cooldownDuration`, `cooldownId`, `effects`, `containersCapacity`, `header`, `hookTypeId`, `iconId`, `iconOverlayId`, `iconUnderlayId`, `hookItemTypes`, `itemsCapacity`, `location`, `materialType`, `maxStackSize`, `maxStructure`, `radar`, `pscript`, `spellId`, `stackSize`, `structure`, `targetTypeId`, `usability`, `useRadius`, `validLocations`, `value`, `workmanship`, `animationFrameId`, `defaultScript`, `defaultScriptIntensity`, `elasticity`, `friction`, `locationId`, `modelTableId`, `objectScale`, `physicsBitField`, `physicsTableId`, `motionTableId`, `soundTableId`, `physicsState`, `translucency`)
VALUES (2029342728, 'Djinaya Wind Cottages Portal', 65536, 0, 0, 0, 262164, 0, 0, 0, 0, 0, 0, 8388656, 0, 100667499, 0, 0, 0, 0, 0, 0, 0, 0, 4, 0, 0, 0, 0, 0, 32, -0.1, 0, 0, 0, 0, 0, 0, 0, 0, 0, 33554867, 0, 98307, 0, 150994947, 0, 3084, 0);

INSERT INTO `ace_object` (`baseAceObjectId`, `weenieClassId`, `landblock`, `cell`, `posX`, `posY`, `posZ`, `qW`, `qX`, `qY`, `qZ`)
VALUES (2029342728, 14621, 36693, 62, 170.123, 131.161, 15.62025, -0.9147462, 0, 0, 0.4040291);

INSERT INTO `base_ace_object` (`baseAceObjectId`, `name`, `typeId`, `paletteId`, `ammoType`, `blipColor`, `bitField`, `burden`, `combatUse`, `cooldownDuration`, `cooldownId`, `effects`, `containersCapacity`, `header`, `hookTypeId`, `iconId`, `iconOverlayId`, `iconUnderlayId`, `hookItemTypes`, `itemsCapacity`, `location`, `materialType`, `maxStackSize`, `maxStructure`, `radar`, `pscript`, `spellId`, `stackSize`, `structure`, `targetTypeId`, `usability`, `useRadius`, `validLocations`, `value`, `workmanship`, `animationFrameId`, `defaultScript`, `defaultScriptIntensity`, `elasticity`, `friction`, `locationId`, `modelTableId`, `objectScale`, `physicsBitField`, `physicsTableId`, `motionTableId`, `soundTableId`, `physicsState`, `translucency`)
VALUES (2059902997, 'Nuhmudira''s Dungeon', 65536, 0, 0, 0, 262164, 0, 0, 0, 0, 0, 0, 8388656, 0, 100667499, 0, 0, 0, 0, 0, 0, 0, 0, 4, 0, 0, 0, 0, 0, 32, -0.1, 0, 0, 0, 0, 0, 0, 0, 0, 0, 33554867, 0, 98307, 0, 150994947, 0, 3084, 0);

INSERT INTO `ace_object` (`baseAceObjectId`, `weenieClassId`, `landblock`, `cell`, `posX`, `posY`, `posZ`, `qW`, `qX`, `qY`, `qZ`)
VALUES (2059902997, 15275, 44154, 338, 67.9402, 78.7834, -4.063001, 0.7119581, 0, 0, -0.702222);

INSERT INTO `base_ace_object` (`baseAceObjectId`, `name`, `typeId`, `paletteId`, `ammoType`, `blipColor`, `bitField`, `burden`, `combatUse`, `cooldownDuration`, `cooldownId`, `effects`, `containersCapacity`, `header`, `hookTypeId`, `iconId`, `iconOverlayId`, `iconUnderlayId`, `hookItemTypes`, `itemsCapacity`, `location`, `materialType`, `maxStackSize`, `maxStructure`, `radar`, `pscript`, `spellId`, `stackSize`, `structure`, `targetTypeId`, `usability`, `useRadius`, `validLocations`, `value`, `workmanship`, `animationFrameId`, `defaultScript`, `defaultScriptIntensity`, `elasticity`, `friction`, `locationId`, `modelTableId`, `objectScale`, `physicsBitField`, `physicsTableId`, `motionTableId`, `soundTableId`, `physicsState`, `translucency`)
VALUES (3628020575, 'Qalaba''r Portal', 65536, 0, 0, 0, 262164, 0, 0, 0, 0, 0, 0, 8388656, 0, 100667499, 0, 0, 0, 0, 0, 0, 0, 0, 4, 0, 0, 0, 0, 0, 32, -0.1, 0, 0, 0, 0, 0, 0, 0, 0, 0, 33554867, 0, 98307, 0, 150994947, 0, 3084, 0);

INSERT INTO `ace_object` (`baseAceObjectId`, `weenieClassId`, `landblock`, `cell`, `posX`, `posY`, `posZ`, `qW`, `qX`, `qY`, `qZ`)
VALUES (3628020575, 42833, 33926, 38, 107.7128, 124.0304, 155.6011, 0.9238795, 0, 0, -0.3826835);

INSERT INTO `base_ace_object` (`baseAceObjectId`, `name`, `typeId`, `paletteId`, `ammoType`, `blipColor`, `bitField`, `burden`, `combatUse`, `cooldownDuration`, `cooldownId`, `effects`, `containersCapacity`, `header`, `hookTypeId`, `iconId`, `iconOverlayId`, `iconUnderlayId`, `hookItemTypes`, `itemsCapacity`, `location`, `materialType`, `maxStackSize`, `maxStructure`, `radar`, `pscript`, `spellId`, `stackSize`, `structure`, `targetTypeId`, `usability`, `useRadius`, `validLocations`, `value`, `workmanship`, `animationFrameId`, `defaultScript`, `defaultScriptIntensity`, `elasticity`, `friction`, `locationId`, `modelTableId`, `objectScale`, `physicsBitField`, `physicsTableId`, `motionTableId`, `soundTableId`, `physicsState`, `translucency`)
VALUES (2082189312, 'Olthoi Tunnels', 65536, 0, 0, 0, 262164, 0, 0, 0, 0, 0, 0, 8388656, 0, 100667499, 0, 0, 0, 0, 0, 0, 0, 0, 4, 0, 0, 0, 0, 0, 32, -0.1, 0, 0, 0, 0, 0, 0, 0, 0, 0, 33555923, 0, 98307, 0, 150994947, 0, 3084, 0);

INSERT INTO `ace_object` (`baseAceObjectId`, `weenieClassId`, `landblock`, `cell`, `posX`, `posY`, `posZ`, `qW`, `qX`, `qY`, `qZ`)
VALUES (2082189312, 3649, 49595, 45, 128.309, 100.343, 151.5751, 0.4409499, 0, 0, 0.8975317);

INSERT INTO `base_ace_object` (`baseAceObjectId`, `name`, `typeId`, `paletteId`, `ammoType`, `blipColor`, `bitField`, `burden`, `combatUse`, `cooldownDuration`, `cooldownId`, `effects`, `containersCapacity`, `header`, `hookTypeId`, `iconId`, `iconOverlayId`, `iconUnderlayId`, `hookItemTypes`, `itemsCapacity`, `location`, `materialType`, `maxStackSize`, `maxStructure`, `radar`, `pscript`, `spellId`, `stackSize`, `structure`, `targetTypeId`, `usability`, `useRadius`, `validLocations`, `value`, `workmanship`, `animationFrameId`, `defaultScript`, `defaultScriptIntensity`, `elasticity`, `friction`, `locationId`, `modelTableId`, `objectScale`, `physicsBitField`, `physicsTableId`, `motionTableId`, `soundTableId`, `physicsState`, `translucency`)
VALUES (1880674348, 'Surface', 65536, 0, 0, 0, 262164, 0, 0, 0, 0, 0, 0, 8388656, 0, 100667499, 0, 0, 0, 0, 0, 0, 0, 0, 4, 0, 0, 0, 0, 0, 32, -0.1, 0, 0, 0, 0, 0, 0, 0, 0, 0, 33554867, 0, 98307, 0, 150994947, 0, 3084, 0);

INSERT INTO `ace_object` (`baseAceObjectId`, `weenieClassId`, `landblock`, `cell`, `posX`, `posY`, `posZ`, `qW`, `qX`, `qY`, `qZ`)
VALUES (1880674348, 3650, 397, 450, 60, -10, -18.063, -4.37114E-08, 0, 0, -1);

INSERT INTO `base_ace_object` (`baseAceObjectId`, `name`, `typeId`, `paletteId`, `ammoType`, `blipColor`, `bitField`, `burden`, `combatUse`, `cooldownDuration`, `cooldownId`, `effects`, `containersCapacity`, `header`, `hookTypeId`, `iconId`, `iconOverlayId`, `iconUnderlayId`, `hookItemTypes`, `itemsCapacity`, `location`, `materialType`, `maxStackSize`, `maxStructure`, `radar`, `pscript`, `spellId`, `stackSize`, `structure`, `targetTypeId`, `usability`, `useRadius`, `validLocations`, `value`, `workmanship`, `animationFrameId`, `defaultScript`, `defaultScriptIntensity`, `elasticity`, `friction`, `locationId`, `modelTableId`, `objectScale`, `physicsBitField`, `physicsTableId`, `motionTableId`, `soundTableId`, `physicsState`, `translucency`)
VALUES (1880674356, 'Deeper Catacombs', 65536, 0, 0, 0, 262164, 0, 0, 0, 0, 0, 0, 8388656, 0, 100667499, 0, 0, 0, 0, 0, 0, 0, 0, 4, 0, 0, 0, 0, 0, 32, -0.1, 0, 0, 0, 0, 0, 0, 0, 0, 0, 33554867, 0, 98307, 0, 150994947, 0, 3084, 0);

INSERT INTO `ace_object` (`baseAceObjectId`, `weenieClassId`, `landblock`, `cell`, `posX`, `posY`, `posZ`, `qW`, `qX`, `qY`, `qZ`)
VALUES (1880674356, 24233, 397, 265, 140, -10, -48.063, 1, 0, 0, 0);

INSERT INTO `base_ace_object` (`baseAceObjectId`, `name`, `typeId`, `paletteId`, `ammoType`, `blipColor`, `bitField`, `burden`, `combatUse`, `cooldownDuration`, `cooldownId`, `effects`, `containersCapacity`, `header`, `hookTypeId`, `iconId`, `iconOverlayId`, `iconUnderlayId`, `hookItemTypes`, `itemsCapacity`, `location`, `materialType`, `maxStackSize`, `maxStructure`, `radar`, `pscript`, `spellId`, `stackSize`, `structure`, `targetTypeId`, `usability`, `useRadius`, `validLocations`, `value`, `workmanship`, `animationFrameId`, `defaultScript`, `defaultScriptIntensity`, `elasticity`, `friction`, `locationId`, `modelTableId`, `objectScale`, `physicsBitField`, `physicsTableId`, `motionTableId`, `soundTableId`, `physicsState`, `translucency`)
VALUES (2081120256, 'Renegade Garrison', 65536, 0, 0, 0, 262164, 0, 0, 0, 0, 0, 0, 8388656, 0, 100667499, 0, 0, 0, 0, 0, 0, 0, 0, 4, 0, 0, 0, 0, 0, 32, -0.1, 0, 0, 0, 0, 0, 0, 0, 0, 0, 33555924, 0, 98307, 0, 150994947, 0, 3084, 0);

INSERT INTO `ace_object` (`baseAceObjectId`, `weenieClassId`, `landblock`, `cell`, `posX`, `posY`, `posZ`, `qW`, `qX`, `qY`, `qZ`)
VALUES (2081120256, 25496, 49334, 23, 70.2141, 166.339, 211.7989, 0.9294147, 0, 0, -0.3690369);

INSERT INTO `base_ace_object` (`baseAceObjectId`, `name`, `typeId`, `paletteId`, `ammoType`, `blipColor`, `bitField`, `burden`, `combatUse`, `cooldownDuration`, `cooldownId`, `effects`, `containersCapacity`, `header`, `hookTypeId`, `iconId`, `iconOverlayId`, `iconUnderlayId`, `hookItemTypes`, `itemsCapacity`, `location`, `materialType`, `maxStackSize`, `maxStructure`, `radar`, `pscript`, `spellId`, `stackSize`, `structure`, `targetTypeId`, `usability`, `useRadius`, `validLocations`, `value`, `workmanship`, `animationFrameId`, `defaultScript`, `defaultScriptIntensity`, `elasticity`, `friction`, `locationId`, `modelTableId`, `objectScale`, `physicsBitField`, `physicsTableId`, `motionTableId`, `soundTableId`, `physicsState`, `translucency`)
VALUES (1881780284, 'Surface Portal', 65536, 0, 0, 0, 262164, 0, 0, 0, 0, 0, 0, 8388656, 0, 100667499, 0, 0, 0, 0, 0, 0, 0, 0, 4, 0, 0, 0, 0, 0, 32, -0.1, 0, 0, 0, 0, 0, 0, 0, 0, 0, 33554867, 0, 98307, 0, 150994947, 0, 3084, 0);

INSERT INTO `ace_object` (`baseAceObjectId`, `weenieClassId`, `landblock`, `cell`, `posX`, `posY`, `posZ`, `qW`, `qX`, `qY`, `qZ`)
VALUES (1881780284, 9509, 667, 757, 290, -270, -0.06299996, 0.9238793, 0, 0, -0.3826841);

INSERT INTO `base_ace_object` (`baseAceObjectId`, `name`, `typeId`, `paletteId`, `ammoType`, `blipColor`, `bitField`, `burden`, `combatUse`, `cooldownDuration`, `cooldownId`, `effects`, `containersCapacity`, `header`, `hookTypeId`, `iconId`, `iconOverlayId`, `iconUnderlayId`, `hookItemTypes`, `itemsCapacity`, `location`, `materialType`, `maxStackSize`, `maxStructure`, `radar`, `pscript`, `spellId`, `stackSize`, `structure`, `targetTypeId`, `usability`, `useRadius`, `validLocations`, `value`, `workmanship`, `animationFrameId`, `defaultScript`, `defaultScriptIntensity`, `elasticity`, `friction`, `locationId`, `modelTableId`, `objectScale`, `physicsBitField`, `physicsTableId`, `motionTableId`, `soundTableId`, `physicsState`, `translucency`)
VALUES (1881780281, 'Surface Portal', 65536, 0, 0, 0, 262164, 0, 0, 0, 0, 0, 0, 8388656, 0, 100667499, 0, 0, 0, 0, 0, 0, 0, 0, 4, 0, 0, 0, 0, 0, 32, -0.1, 0, 0, 0, 0, 0, 0, 0, 0, 0, 33554867, 0, 98307, 0, 150994947, 0, 3084, 0);

INSERT INTO `ace_object` (`baseAceObjectId`, `weenieClassId`, `landblock`, `cell`, `posX`, `posY`, `posZ`, `qW`, `qX`, `qY`, `qZ`)
VALUES (1881780281, 9509, 667, 739, 270, -270, -0.06299996, -0.9238797, 0, 0, -0.3826829);

INSERT INTO `base_ace_object` (`baseAceObjectId`, `name`, `typeId`, `paletteId`, `ammoType`, `blipColor`, `bitField`, `burden`, `combatUse`, `cooldownDuration`, `cooldownId`, `effects`, `containersCapacity`, `header`, `hookTypeId`, `iconId`, `iconOverlayId`, `iconUnderlayId`, `hookItemTypes`, `itemsCapacity`, `location`, `materialType`, `maxStackSize`, `maxStructure`, `radar`, `pscript`, `spellId`, `stackSize`, `structure`, `targetTypeId`, `usability`, `useRadius`, `validLocations`, `value`, `workmanship`, `animationFrameId`, `defaultScript`, `defaultScriptIntensity`, `elasticity`, `friction`, `locationId`, `modelTableId`, `objectScale`, `physicsBitField`, `physicsTableId`, `motionTableId`, `soundTableId`, `physicsState`, `translucency`)
VALUES (1881780297, 'The Envoy''s Chamber', 65536, 0, 0, 0, 262164, 0, 0, 0, 0, 0, 0, 8388656, 0, 100667499, 0, 0, 0, 0, 0, 0, 0, 0, 4, 0, 0, 0, 0, 0, 32, -0.1, 0, 0, 0, 0, 0, 0, 0, 0, 0, 33555923, 0, 98307, 0, 150994947, 0, 3084, 0);

INSERT INTO `ace_object` (`baseAceObjectId`, `weenieClassId`, `landblock`, `cell`, `posX`, `posY`, `posZ`, `qW`, `qX`, `qY`, `qZ`)
VALUES (1881780297, 9388, 667, 856, 280, -530, 29.937, 1, 0, 0, 0);

INSERT INTO `base_ace_object` (`baseAceObjectId`, `name`, `typeId`, `paletteId`, `ammoType`, `blipColor`, `bitField`, `burden`, `combatUse`, `cooldownDuration`, `cooldownId`, `effects`, `containersCapacity`, `header`, `hookTypeId`, `iconId`, `iconOverlayId`, `iconUnderlayId`, `hookItemTypes`, `itemsCapacity`, `location`, `materialType`, `maxStackSize`, `maxStructure`, `radar`, `pscript`, `spellId`, `stackSize`, `structure`, `targetTypeId`, `usability`, `useRadius`, `validLocations`, `value`, `workmanship`, `animationFrameId`, `defaultScript`, `defaultScriptIntensity`, `elasticity`, `friction`, `locationId`, `modelTableId`, `objectScale`, `physicsBitField`, `physicsTableId`, `motionTableId`, `soundTableId`, `physicsState`, `translucency`)
VALUES (1881776171, 'Gredaline Consulate', 65536, 0, 0, 0, 262164, 0, 0, 0, 0, 0, 0, 8388656, 0, 100667499, 0, 0, 0, 0, 0, 0, 0, 0, 4, 0, 0, 0, 0, 0, 32, -0.1, 0, 0, 0, 0, 0, 0, 0, 0, 0, 33554867, 0, 98307, 0, 150994947, 0, 3084, 0);

INSERT INTO `ace_object` (`baseAceObjectId`, `weenieClassId`, `landblock`, `cell`, `posX`, `posY`, `posZ`, `qW`, `qX`, `qY`, `qZ`)
VALUES (1881776171, 9507, 666, 498, 170, -230, -0.06299996, 1, 0, 0, -4.37114E-08);

INSERT INTO `base_ace_object` (`baseAceObjectId`, `name`, `typeId`, `paletteId`, `ammoType`, `blipColor`, `bitField`, `burden`, `combatUse`, `cooldownDuration`, `cooldownId`, `effects`, `containersCapacity`, `header`, `hookTypeId`, `iconId`, `iconOverlayId`, `iconUnderlayId`, `hookItemTypes`, `itemsCapacity`, `location`, `materialType`, `maxStackSize`, `maxStructure`, `radar`, `pscript`, `spellId`, `stackSize`, `structure`, `targetTypeId`, `usability`, `useRadius`, `validLocations`, `value`, `workmanship`, `animationFrameId`, `defaultScript`, `defaultScriptIntensity`, `elasticity`, `friction`, `locationId`, `modelTableId`, `objectScale`, `physicsBitField`, `physicsTableId`, `motionTableId`, `soundTableId`, `physicsState`, `translucency`)
VALUES (1881776134, 'Surface Portal', 65536, 0, 0, 0, 262164, 0, 0, 0, 0, 0, 0, 8388656, 0, 100667499, 0, 0, 0, 0, 0, 0, 0, 0, 4, 0, 0, 0, 0, 0, 32, -0.1, 0, 0, 0, 0, 0, 0, 0, 0, 0, 33554867, 0, 98307, 0, 150994947, 0, 3084, 0);

INSERT INTO `ace_object` (`baseAceObjectId`, `weenieClassId`, `landblock`, `cell`, `posX`, `posY`, `posZ`, `qW`, `qX`, `qY`, `qZ`)
VALUES (1881776134, 9509, 666, 304, 250, -200, -6.063, 1, 0, 0, -4.37114E-08);

INSERT INTO `base_ace_object` (`baseAceObjectId`, `name`, `typeId`, `paletteId`, `ammoType`, `blipColor`, `bitField`, `burden`, `combatUse`, `cooldownDuration`, `cooldownId`, `effects`, `containersCapacity`, `header`, `hookTypeId`, `iconId`, `iconOverlayId`, `iconUnderlayId`, `hookItemTypes`, `itemsCapacity`, `location`, `materialType`, `maxStackSize`, `maxStructure`, `radar`, `pscript`, `spellId`, `stackSize`, `structure`, `targetTypeId`, `usability`, `useRadius`, `validLocations`, `value`, `workmanship`, `animationFrameId`, `defaultScript`, `defaultScriptIntensity`, `elasticity`, `friction`, `locationId`, `modelTableId`, `objectScale`, `physicsBitField`, `physicsTableId`, `motionTableId`, `soundTableId`, `physicsState`, `translucency`)
VALUES (2051219456, 'Gredaline Consulate', 65536, 0, 0, 0, 262164, 0, 0, 0, 0, 0, 0, 8388656, 0, 100667499, 0, 0, 0, 0, 0, 0, 0, 0, 4, 0, 0, 0, 0, 0, 32, -0.1, 0, 0, 0, 0, 0, 0, 0, 0, 0, 33555923, 0, 98307, 0, 150994947, 0, 3084, 0);

INSERT INTO `ace_object` (`baseAceObjectId`, `weenieClassId`, `landblock`, `cell`, `posX`, `posY`, `posZ`, `qW`, `qX`, `qY`, `qZ`)
VALUES (2051219456, 9508, 42034, 4, 10.281, 84.7743, 154.0661, -0.3302821, 0, 0, 0.9438823);

INSERT INTO `base_ace_object` (`baseAceObjectId`, `name`, `typeId`, `paletteId`, `ammoType`, `blipColor`, `bitField`, `burden`, `combatUse`, `cooldownDuration`, `cooldownId`, `effects`, `containersCapacity`, `header`, `hookTypeId`, `iconId`, `iconOverlayId`, `iconUnderlayId`, `hookItemTypes`, `itemsCapacity`, `location`, `materialType`, `maxStackSize`, `maxStructure`, `radar`, `pscript`, `spellId`, `stackSize`, `structure`, `targetTypeId`, `usability`, `useRadius`, `validLocations`, `value`, `workmanship`, `animationFrameId`, `defaultScript`, `defaultScriptIntensity`, `elasticity`, `friction`, `locationId`, `modelTableId`, `objectScale`, `physicsBitField`, `physicsTableId`, `motionTableId`, `soundTableId`, `physicsState`, `translucency`)
VALUES (2073473039, 'Destroyed Portal to Redspire', 65536, 0, 0, 0, 262164, 0, 0, 0, 0, 0, 0, 48, 0, 100667499, 0, 0, 0, 0, 0, 0, 0, 0, 0, 0, 0, 0, 0, 0, 1, -0.1, 0, 0, 0, 0, 0, 0, 0, 0, 0, 33561060, 0, 98307, 0, 150995314, 0, 3092, 0);

INSERT INTO `ace_object` (`baseAceObjectId`, `weenieClassId`, `landblock`, `cell`, `posX`, `posY`, `posZ`, `qW`, `qX`, `qY`, `qZ`)
VALUES (2073473039, 11960, 47467, 53, 156.023, 107.709, 6.303172, 0.8660253, 0, 0, -0.5000002);

INSERT INTO `base_ace_object` (`baseAceObjectId`, `name`, `typeId`, `paletteId`, `ammoType`, `blipColor`, `bitField`, `burden`, `combatUse`, `cooldownDuration`, `cooldownId`, `effects`, `containersCapacity`, `header`, `hookTypeId`, `iconId`, `iconOverlayId`, `iconUnderlayId`, `hookItemTypes`, `itemsCapacity`, `location`, `materialType`, `maxStackSize`, `maxStructure`, `radar`, `pscript`, `spellId`, `stackSize`, `structure`, `targetTypeId`, `usability`, `useRadius`, `validLocations`, `value`, `workmanship`, `animationFrameId`, `defaultScript`, `defaultScriptIntensity`, `elasticity`, `friction`, `locationId`, `modelTableId`, `objectScale`, `physicsBitField`, `physicsTableId`, `motionTableId`, `soundTableId`, `physicsState`, `translucency`)
VALUES (1880514586, 'Surface Portal', 65536, 0, 0, 0, 262164, 0, 0, 0, 0, 0, 0, 8388656, 0, 100667499, 0, 0, 0, 0, 0, 0, 0, 0, 4, 0, 0, 0, 0, 0, 32, -0.1, 0, 0, 0, 0, 0, 0, 0, 0, 0, 33554867, 0, 98307, 0, 150994947, 0, 3084, 0);

INSERT INTO `ace_object` (`baseAceObjectId`, `weenieClassId`, `landblock`, `cell`, `posX`, `posY`, `posZ`, `qW`, `qX`, `qY`, `qZ`)
VALUES (1880514586, 4932, 358, 343, -3.14275, -29.8196, 17.937, 0.7071068, 0, 0, -0.7071068);

INSERT INTO `base_ace_object` (`baseAceObjectId`, `name`, `typeId`, `paletteId`, `ammoType`, `blipColor`, `bitField`, `burden`, `combatUse`, `cooldownDuration`, `cooldownId`, `effects`, `containersCapacity`, `header`, `hookTypeId`, `iconId`, `iconOverlayId`, `iconUnderlayId`, `hookItemTypes`, `itemsCapacity`, `location`, `materialType`, `maxStackSize`, `maxStructure`, `radar`, `pscript`, `spellId`, `stackSize`, `structure`, `targetTypeId`, `usability`, `useRadius`, `validLocations`, `value`, `workmanship`, `animationFrameId`, `defaultScript`, `defaultScriptIntensity`, `elasticity`, `friction`, `locationId`, `modelTableId`, `objectScale`, `physicsBitField`, `physicsTableId`, `motionTableId`, `soundTableId`, `physicsState`, `translucency`)
VALUES (1881915419, 'Surface', 65536, 0, 0, 0, 262164, 0, 0, 0, 0, 0, 0, 8388656, 0, 100667499, 0, 0, 0, 0, 0, 0, 0, 0, 4, 0, 0, 0, 0, 0, 32, -0.1, 0, 0, 0, 0, 0, 0, 0, 0, 0, 33554867, 0, 98307, 0, 150994947, 0, 3084, 0);

INSERT INTO `ace_object` (`baseAceObjectId`, `weenieClassId`, `landblock`, `cell`, `posX`, `posY`, `posZ`, `qW`, `qX`, `qY`, `qZ`)
VALUES (1881915419, 8487, 700, 327, 122.201, -47.5941, -0.06299996, 0.9253971, 0, 0, -0.378999);

INSERT INTO `base_ace_object` (`baseAceObjectId`, `name`, `typeId`, `paletteId`, `ammoType`, `blipColor`, `bitField`, `burden`, `combatUse`, `cooldownDuration`, `cooldownId`, `effects`, `containersCapacity`, `header`, `hookTypeId`, `iconId`, `iconOverlayId`, `iconUnderlayId`, `hookItemTypes`, `itemsCapacity`, `location`, `materialType`, `maxStackSize`, `maxStructure`, `radar`, `pscript`, `spellId`, `stackSize`, `structure`, `targetTypeId`, `usability`, `useRadius`, `validLocations`, `value`, `workmanship`, `animationFrameId`, `defaultScript`, `defaultScriptIntensity`, `elasticity`, `friction`, `locationId`, `modelTableId`, `objectScale`, `physicsBitField`, `physicsTableId`, `motionTableId`, `soundTableId`, `physicsState`, `translucency`)
VALUES (2007773188, 'Desert Ridge Border', 65536, 0, 0, 0, 262164, 0, 0, 0, 0, 0, 0, 8388656, 0, 100667499, 0, 0, 0, 0, 0, 0, 0, 0, 4, 0, 0, 0, 0, 0, 32, -0.1, 0, 0, 0, 0, 0, 0, 0, 0, 0, 33554867, 0, 98307, 0, 150994947, 0, 3084, 0);

INSERT INTO `ace_object` (`baseAceObjectId`, `weenieClassId`, `landblock`, `cell`, `posX`, `posY`, `posZ`, `qW`, `qX`, `qY`, `qZ`)
VALUES (2007773188, 1903, 31427, 11, 36.2469, 68.8212, 232.8753, 0.5200132, 0, 0, 0.8541583);

INSERT INTO `base_ace_object` (`baseAceObjectId`, `name`, `typeId`, `paletteId`, `ammoType`, `blipColor`, `bitField`, `burden`, `combatUse`, `cooldownDuration`, `cooldownId`, `effects`, `containersCapacity`, `header`, `hookTypeId`, `iconId`, `iconOverlayId`, `iconUnderlayId`, `hookItemTypes`, `itemsCapacity`, `location`, `materialType`, `maxStackSize`, `maxStructure`, `radar`, `pscript`, `spellId`, `stackSize`, `structure`, `targetTypeId`, `usability`, `useRadius`, `validLocations`, `value`, `workmanship`, `animationFrameId`, `defaultScript`, `defaultScriptIntensity`, `elasticity`, `friction`, `locationId`, `modelTableId`, `objectScale`, `physicsBitField`, `physicsTableId`, `motionTableId`, `soundTableId`, `physicsState`, `translucency`)
VALUES (2007773190, 'Destroyed Mayoi Portal', 65536, 0, 0, 0, 262164, 0, 0, 0, 0, 0, 0, 48, 0, 100667499, 0, 0, 0, 0, 0, 0, 0, 0, 0, 0, 0, 0, 0, 0, 1, -0.1, 0, 0, 0, 0, 0, 0, 0, 0, 0, 33561060, 0, 98307, 0, 150995314, 0, 3092, 0);

INSERT INTO `ace_object` (`baseAceObjectId`, `weenieClassId`, `landblock`, `cell`, `posX`, `posY`, `posZ`, `qW`, `qX`, `qY`, `qZ`)
VALUES (2007773190, 1022, 31427, 20, 53.3458, 84.0209, 229.4555, 0.0366308, 0, 0, 0.9993289);

INSERT INTO `base_ace_object` (`baseAceObjectId`, `name`, `typeId`, `paletteId`, `ammoType`, `blipColor`, `bitField`, `burden`, `combatUse`, `cooldownDuration`, `cooldownId`, `effects`, `containersCapacity`, `header`, `hookTypeId`, `iconId`, `iconOverlayId`, `iconUnderlayId`, `hookItemTypes`, `itemsCapacity`, `location`, `materialType`, `maxStackSize`, `maxStructure`, `radar`, `pscript`, `spellId`, `stackSize`, `structure`, `targetTypeId`, `usability`, `useRadius`, `validLocations`, `value`, `workmanship`, `animationFrameId`, `defaultScript`, `defaultScriptIntensity`, `elasticity`, `friction`, `locationId`, `modelTableId`, `objectScale`, `physicsBitField`, `physicsTableId`, `motionTableId`, `soundTableId`, `physicsState`, `translucency`)
VALUES (2007773189, 'Destroyed Portal to Holtburg', 65536, 0, 0, 0, 262164, 0, 0, 0, 0, 0, 0, 48, 0, 100667499, 0, 0, 0, 0, 0, 0, 0, 0, 0, 0, 0, 0, 0, 0, 1, -0.1, 0, 0, 0, 0, 0, 0, 0, 0, 0, 33561060, 0, 98307, 0, 150995314, 0, 3092, 0);

INSERT INTO `ace_object` (`baseAceObjectId`, `weenieClassId`, `landblock`, `cell`, `posX`, `posY`, `posZ`, `qW`, `qX`, `qY`, `qZ`)
VALUES (2007773189, 1020, 31427, 18, 60.4821, 41.6248, 225.7322, -0.9978693, 0, 0, -0.06524552);

INSERT INTO `base_ace_object` (`baseAceObjectId`, `name`, `typeId`, `paletteId`, `ammoType`, `blipColor`, `bitField`, `burden`, `combatUse`, `cooldownDuration`, `cooldownId`, `effects`, `containersCapacity`, `header`, `hookTypeId`, `iconId`, `iconOverlayId`, `iconUnderlayId`, `hookItemTypes`, `itemsCapacity`, `location`, `materialType`, `maxStackSize`, `maxStructure`, `radar`, `pscript`, `spellId`, `stackSize`, `structure`, `targetTypeId`, `usability`, `useRadius`, `validLocations`, `value`, `workmanship`, `animationFrameId`, `defaultScript`, `defaultScriptIntensity`, `elasticity`, `friction`, `locationId`, `modelTableId`, `objectScale`, `physicsBitField`, `physicsTableId`, `motionTableId`, `soundTableId`, `physicsState`, `translucency`)
VALUES (2007801864, 'Hilltop', 65536, 0, 0, 0, 262164, 0, 0, 0, 0, 0, 0, 8388656, 0, 100667499, 0, 0, 0, 0, 0, 0, 0, 0, 4, 0, 0, 0, 0, 0, 32, -0.1, 0, 0, 0, 0, 0, 0, 0, 0, 0, 33554867, 0, 98307, 0, 150994947, 0, 3084, 0);

INSERT INTO `ace_object` (`baseAceObjectId`, `weenieClassId`, `landblock`, `cell`, `posX`, `posY`, `posZ`, `qW`, `qX`, `qY`, `qZ`)
VALUES (2007801864, 1902, 31434, 25, 75.1481, 16.3678, 199.937, -4.37114E-08, 0, 0, -1);

INSERT INTO `base_ace_object` (`baseAceObjectId`, `name`, `typeId`, `paletteId`, `ammoType`, `blipColor`, `bitField`, `burden`, `combatUse`, `cooldownDuration`, `cooldownId`, `effects`, `containersCapacity`, `header`, `hookTypeId`, `iconId`, `iconOverlayId`, `iconUnderlayId`, `hookItemTypes`, `itemsCapacity`, `location`, `materialType`, `maxStackSize`, `maxStructure`, `radar`, `pscript`, `spellId`, `stackSize`, `structure`, `targetTypeId`, `usability`, `useRadius`, `validLocations`, `value`, `workmanship`, `animationFrameId`, `defaultScript`, `defaultScriptIntensity`, `elasticity`, `friction`, `locationId`, `modelTableId`, `objectScale`, `physicsBitField`, `physicsTableId`, `motionTableId`, `soundTableId`, `physicsState`, `translucency`)
VALUES (3353487585, 'Small Hive Portal', 65536, 0, 0, 0, 262164, 0, 0, 0, 0, 0, 0, 8388656, 0, 100667499, 0, 0, 0, 0, 0, 0, 0, 0, 4, 0, 0, 0, 0, 0, 32, -0.1, 0, 0, 0, 0, 0, 0, 0, 0, 0, 33555926, 0, 98307, 0, 150994947, 0, 3084, 0);

INSERT INTO `ace_object` (`baseAceObjectId`, `weenieClassId`, `landblock`, `cell`, `posX`, `posY`, `posZ`, `qW`, `qX`, `qY`, `qZ`)
VALUES (3353487585, 11221, 8631, 35, 110.83, 52.95733, 93.937, 1, 0, 0, 0);

INSERT INTO `base_ace_object` (`baseAceObjectId`, `name`, `typeId`, `paletteId`, `ammoType`, `blipColor`, `bitField`, `burden`, `combatUse`, `cooldownDuration`, `cooldownId`, `effects`, `containersCapacity`, `header`, `hookTypeId`, `iconId`, `iconOverlayId`, `iconUnderlayId`, `hookItemTypes`, `itemsCapacity`, `location`, `materialType`, `maxStackSize`, `maxStructure`, `radar`, `pscript`, `spellId`, `stackSize`, `structure`, `targetTypeId`, `usability`, `useRadius`, `validLocations`, `value`, `workmanship`, `animationFrameId`, `defaultScript`, `defaultScriptIntensity`, `elasticity`, `friction`, `locationId`, `modelTableId`, `objectScale`, `physicsBitField`, `physicsTableId`, `motionTableId`, `soundTableId`, `physicsState`, `translucency`)
VALUES (3352874367, 'Small Hive Portal', 65536, 0, 0, 0, 262164, 0, 0, 0, 0, 0, 0, 8388656, 0, 100667499, 0, 0, 0, 0, 0, 0, 0, 0, 4, 0, 0, 0, 0, 0, 32, -0.1, 0, 0, 0, 0, 0, 0, 0, 0, 0, 33555926, 0, 98307, 0, 150994947, 0, 3084, 0);

INSERT INTO `ace_object` (`baseAceObjectId`, `weenieClassId`, `landblock`, `cell`, `posX`, `posY`, `posZ`, `qW`, `qX`, `qY`, `qZ`)
VALUES (3352874367, 11221, 8633, 1, 5.673937, 5.906037, 89.937, 1, 0, 0, 0);

INSERT INTO `base_ace_object` (`baseAceObjectId`, `name`, `typeId`, `paletteId`, `ammoType`, `blipColor`, `bitField`, `burden`, `combatUse`, `cooldownDuration`, `cooldownId`, `effects`, `containersCapacity`, `header`, `hookTypeId`, `iconId`, `iconOverlayId`, `iconUnderlayId`, `hookItemTypes`, `itemsCapacity`, `location`, `materialType`, `maxStackSize`, `maxStructure`, `radar`, `pscript`, `spellId`, `stackSize`, `structure`, `targetTypeId`, `usability`, `useRadius`, `validLocations`, `value`, `workmanship`, `animationFrameId`, `defaultScript`, `defaultScriptIntensity`, `elasticity`, `friction`, `locationId`, `modelTableId`, `objectScale`, `physicsBitField`, `physicsTableId`, `motionTableId`, `soundTableId`, `physicsState`, `translucency`)
VALUES (3352247638, 'Small Hive Portal', 65536, 0, 0, 0, 262164, 0, 0, 0, 0, 0, 0, 8388656, 0, 100667499, 0, 0, 0, 0, 0, 0, 0, 0, 4, 0, 0, 0, 0, 0, 32, -0.1, 0, 0, 0, 0, 0, 0, 0, 0, 0, 33555926, 0, 98307, 0, 150994947, 0, 3084, 0);

INSERT INTO `ace_object` (`baseAceObjectId`, `weenieClassId`, `landblock`, `cell`, `posX`, `posY`, `posZ`, `qW`, `qX`, `qY`, `qZ`)
VALUES (3352247638, 11221, 8633, 1, 3.785798, 0.582016, 89.937, 1, 0, 0, 0);

INSERT INTO `base_ace_object` (`baseAceObjectId`, `name`, `typeId`, `paletteId`, `ammoType`, `blipColor`, `bitField`, `burden`, `combatUse`, `cooldownDuration`, `cooldownId`, `effects`, `containersCapacity`, `header`, `hookTypeId`, `iconId`, `iconOverlayId`, `iconUnderlayId`, `hookItemTypes`, `itemsCapacity`, `location`, `materialType`, `maxStackSize`, `maxStructure`, `radar`, `pscript`, `spellId`, `stackSize`, `structure`, `targetTypeId`, `usability`, `useRadius`, `validLocations`, `value`, `workmanship`, `animationFrameId`, `defaultScript`, `defaultScriptIntensity`, `elasticity`, `friction`, `locationId`, `modelTableId`, `objectScale`, `physicsBitField`, `physicsTableId`, `motionTableId`, `soundTableId`, `physicsState`, `translucency`)
VALUES (3352570033, 'Small Hive Portal', 65536, 0, 0, 0, 262164, 0, 0, 0, 0, 0, 0, 8388656, 0, 100667499, 0, 0, 0, 0, 0, 0, 0, 0, 4, 0, 0, 0, 0, 0, 32, -0.1, 0, 0, 0, 0, 0, 0, 0, 0, 0, 33555926, 0, 98307, 0, 150994947, 0, 3084, 0);

INSERT INTO `ace_object` (`baseAceObjectId`, `weenieClassId`, `landblock`, `cell`, `posX`, `posY`, `posZ`, `qW`, `qX`, `qY`, `qZ`)
VALUES (3352570033, 11221, 8635, 7, 14.43757, 147.7221, 95.937, 1, 0, 0, 0);

INSERT INTO `base_ace_object` (`baseAceObjectId`, `name`, `typeId`, `paletteId`, `ammoType`, `blipColor`, `bitField`, `burden`, `combatUse`, `cooldownDuration`, `cooldownId`, `effects`, `containersCapacity`, `header`, `hookTypeId`, `iconId`, `iconOverlayId`, `iconUnderlayId`, `hookItemTypes`, `itemsCapacity`, `location`, `materialType`, `maxStackSize`, `maxStructure`, `radar`, `pscript`, `spellId`, `stackSize`, `structure`, `targetTypeId`, `usability`, `useRadius`, `validLocations`, `value`, `workmanship`, `animationFrameId`, `defaultScript`, `defaultScriptIntensity`, `elasticity`, `friction`, `locationId`, `modelTableId`, `objectScale`, `physicsBitField`, `physicsTableId`, `motionTableId`, `soundTableId`, `physicsState`, `translucency`)
VALUES (3353215856, 'New Hive Portal', 65536, 0, 0, 0, 262164, 0, 0, 0, 0, 0, 0, 8388656, 0, 100667499, 0, 0, 0, 0, 0, 0, 0, 0, 4, 0, 0, 0, 0, 0, 32, -0.1, 0, 0, 0, 0, 0, 0, 0, 0, 0, 33555925, 0, 98307, 0, 150994947, 0, 3084, 0);

INSERT INTO `ace_object` (`baseAceObjectId`, `weenieClassId`, `landblock`, `cell`, `posX`, `posY`, `posZ`, `qW`, `qX`, `qY`, `qZ`)
VALUES (3353215856, 11227, 8891, 33, 116.2155, 4.370072, 104.3012, 1, 0, 0, 0);

INSERT INTO `base_ace_object` (`baseAceObjectId`, `name`, `typeId`, `paletteId`, `ammoType`, `blipColor`, `bitField`, `burden`, `combatUse`, `cooldownDuration`, `cooldownId`, `effects`, `containersCapacity`, `header`, `hookTypeId`, `iconId`, `iconOverlayId`, `iconUnderlayId`, `hookItemTypes`, `itemsCapacity`, `location`, `materialType`, `maxStackSize`, `maxStructure`, `radar`, `pscript`, `spellId`, `stackSize`, `structure`, `targetTypeId`, `usability`, `useRadius`, `validLocations`, `value`, `workmanship`, `animationFrameId`, `defaultScript`, `defaultScriptIntensity`, `elasticity`, `friction`, `locationId`, `modelTableId`, `objectScale`, `physicsBitField`, `physicsTableId`, `motionTableId`, `soundTableId`, `physicsState`, `translucency`)
VALUES (3353375621, 'Shallow Hive Portal', 65536, 0, 0, 0, 262164, 0, 0, 0, 0, 0, 0, 8388656, 0, 100667499, 0, 0, 0, 0, 0, 0, 0, 0, 4, 0, 0, 0, 0, 0, 32, -0.1, 0, 0, 0, 0, 0, 0, 0, 0, 0, 33555925, 0, 98307, 0, 150994947, 0, 3084, 0);

INSERT INTO `ace_object` (`baseAceObjectId`, `weenieClassId`, `landblock`, `cell`, `posX`, `posY`, `posZ`, `qW`, `qX`, `qY`, `qZ`)
VALUES (3353375621, 11225, 8636, 45, 128.7265, 104.8653, 120.1418, 1, 0, 0, 0);

INSERT INTO `base_ace_object` (`baseAceObjectId`, `name`, `typeId`, `paletteId`, `ammoType`, `blipColor`, `bitField`, `burden`, `combatUse`, `cooldownDuration`, `cooldownId`, `effects`, `containersCapacity`, `header`, `hookTypeId`, `iconId`, `iconOverlayId`, `iconUnderlayId`, `hookItemTypes`, `itemsCapacity`, `location`, `materialType`, `maxStackSize`, `maxStructure`, `radar`, `pscript`, `spellId`, `stackSize`, `structure`, `targetTypeId`, `usability`, `useRadius`, `validLocations`, `value`, `workmanship`, `animationFrameId`, `defaultScript`, `defaultScriptIntensity`, `elasticity`, `friction`, `locationId`, `modelTableId`, `objectScale`, `physicsBitField`, `physicsTableId`, `motionTableId`, `soundTableId`, `physicsState`, `translucency`)
VALUES (3352496789, 'Shallow Hive Portal', 65536, 0, 0, 0, 262164, 0, 0, 0, 0, 0, 0, 8388656, 0, 100667499, 0, 0, 0, 0, 0, 0, 0, 0, 4, 0, 0, 0, 0, 0, 32, -0.1, 0, 0, 0, 0, 0, 0, 0, 0, 0, 33555925, 0, 98307, 0, 150994947, 0, 3084, 0);

INSERT INTO `ace_object` (`baseAceObjectId`, `weenieClassId`, `landblock`, `cell`, `posX`, `posY`, `posZ`, `qW`, `qX`, `qY`, `qZ`)
VALUES (3352496789, 11225, 8893, 7, 9.694448, 150.5894, 105.8825, 1, 0, 0, 0);

INSERT INTO `base_ace_object` (`baseAceObjectId`, `name`, `typeId`, `paletteId`, `ammoType`, `blipColor`, `bitField`, `burden`, `combatUse`, `cooldownDuration`, `cooldownId`, `effects`, `containersCapacity`, `header`, `hookTypeId`, `iconId`, `iconOverlayId`, `iconUnderlayId`, `hookItemTypes`, `itemsCapacity`, `location`, `materialType`, `maxStackSize`, `maxStructure`, `radar`, `pscript`, `spellId`, `stackSize`, `structure`, `targetTypeId`, `usability`, `useRadius`, `validLocations`, `value`, `workmanship`, `animationFrameId`, `defaultScript`, `defaultScriptIntensity`, `elasticity`, `friction`, `locationId`, `modelTableId`, `objectScale`, `physicsBitField`, `physicsTableId`, `motionTableId`, `soundTableId`, `physicsState`, `translucency`)
VALUES (3353489938, 'New Hive Portal', 65536, 0, 0, 0, 262164, 0, 0, 0, 0, 0, 0, 8388656, 0, 100667499, 0, 0, 0, 0, 0, 0, 0, 0, 4, 0, 0, 0, 0, 0, 32, -0.1, 0, 0, 0, 0, 0, 0, 0, 0, 0, 33555925, 0, 98307, 0, 150994947, 0, 3084, 0);

INSERT INTO `ace_object` (`baseAceObjectId`, `weenieClassId`, `landblock`, `cell`, `posX`, `posY`, `posZ`, `qW`, `qX`, `qY`, `qZ`)
VALUES (3353489938, 11227, 8125, 40, 96.92881, 170.9084, 89.937, 1, 0, 0, 0);

INSERT INTO `base_ace_object` (`baseAceObjectId`, `name`, `typeId`, `paletteId`, `ammoType`, `blipColor`, `bitField`, `burden`, `combatUse`, `cooldownDuration`, `cooldownId`, `effects`, `containersCapacity`, `header`, `hookTypeId`, `iconId`, `iconOverlayId`, `iconUnderlayId`, `hookItemTypes`, `itemsCapacity`, `location`, `materialType`, `maxStackSize`, `maxStructure`, `radar`, `pscript`, `spellId`, `stackSize`, `structure`, `targetTypeId`, `usability`, `useRadius`, `validLocations`, `value`, `workmanship`, `animationFrameId`, `defaultScript`, `defaultScriptIntensity`, `elasticity`, `friction`, `locationId`, `modelTableId`, `objectScale`, `physicsBitField`, `physicsTableId`, `motionTableId`, `soundTableId`, `physicsState`, `translucency`)
VALUES (3353193616, 'Shallow Hive Portal', 65536, 0, 0, 0, 262164, 0, 0, 0, 0, 0, 0, 8388656, 0, 100667499, 0, 0, 0, 0, 0, 0, 0, 0, 4, 0, 0, 0, 0, 0, 32, -0.1, 0, 0, 0, 0, 0, 0, 0, 0, 0, 33555925, 0, 98307, 0, 150994947, 0, 3084, 0);

INSERT INTO `ace_object` (`baseAceObjectId`, `weenieClassId`, `landblock`, `cell`, `posX`, `posY`, `posZ`, `qW`, `qX`, `qY`, `qZ`)
VALUES (3353193616, 11225, 7869, 48, 135.5014, 187.6768, 73.46441, 1, 0, 0, 0);

INSERT INTO `base_ace_object` (`baseAceObjectId`, `name`, `typeId`, `paletteId`, `ammoType`, `blipColor`, `bitField`, `burden`, `combatUse`, `cooldownDuration`, `cooldownId`, `effects`, `containersCapacity`, `header`, `hookTypeId`, `iconId`, `iconOverlayId`, `iconUnderlayId`, `hookItemTypes`, `itemsCapacity`, `location`, `materialType`, `maxStackSize`, `maxStructure`, `radar`, `pscript`, `spellId`, `stackSize`, `structure`, `targetTypeId`, `usability`, `useRadius`, `validLocations`, `value`, `workmanship`, `animationFrameId`, `defaultScript`, `defaultScriptIntensity`, `elasticity`, `friction`, `locationId`, `modelTableId`, `objectScale`, `physicsBitField`, `physicsTableId`, `motionTableId`, `soundTableId`, `physicsState`, `translucency`)
VALUES (1917566976, 'Palenqual''s Caverns', 65536, 0, 0, 0, 262164, 0, 0, 0, 0, 0, 0, 8388656, 0, 100667499, 0, 0, 0, 0, 0, 0, 0, 0, 4, 0, 0, 0, 0, 0, 32, -0.1, 0, 0, 0, 0, 0, 0, 0, 0, 0, 33555923, 0, 98307, 0, 150994947, 0, 3084, 0);

INSERT INTO `ace_object` (`baseAceObjectId`, `weenieClassId`, `landblock`, `cell`, `posX`, `posY`, `posZ`, `qW`, `qX`, `qY`, `qZ`)
VALUES (1917566976, 11442, 9404, 260, 145.798, 107.862, 49.24009, -0.70001, 0, 0, -0.714133);

INSERT INTO `base_ace_object` (`baseAceObjectId`, `name`, `typeId`, `paletteId`, `ammoType`, `blipColor`, `bitField`, `burden`, `combatUse`, `cooldownDuration`, `cooldownId`, `effects`, `containersCapacity`, `header`, `hookTypeId`, `iconId`, `iconOverlayId`, `iconUnderlayId`, `hookItemTypes`, `itemsCapacity`, `location`, `materialType`, `maxStackSize`, `maxStructure`, `radar`, `pscript`, `spellId`, `stackSize`, `structure`, `targetTypeId`, `usability`, `useRadius`, `validLocations`, `value`, `workmanship`, `animationFrameId`, `defaultScript`, `defaultScriptIntensity`, `elasticity`, `friction`, `locationId`, `modelTableId`, `objectScale`, `physicsBitField`, `physicsTableId`, `motionTableId`, `soundTableId`, `physicsState`, `translucency`)
VALUES (1917571072, 'Breached Hive', 65536, 0, 0, 0, 262164, 0, 0, 0, 0, 0, 0, 8388656, 0, 100667499, 0, 0, 0, 0, 0, 0, 0, 0, 4, 0, 0, 0, 0, 0, 32, -0.1, 0, 0, 0, 0, 0, 0, 0, 0, 0, 33555926, 0, 98307, 0, 150994947, 0, 3084, 0);

INSERT INTO `ace_object` (`baseAceObjectId`, `weenieClassId`, `landblock`, `cell`, `posX`, `posY`, `posZ`, `qW`, `qX`, `qY`, `qZ`)
VALUES (1917571072, 32104, 9405, 7, 6.41872, 158.673, 198.8672, -0.9731907, 0, 0, 0.2299999);

INSERT INTO `base_ace_object` (`baseAceObjectId`, `name`, `typeId`, `paletteId`, `ammoType`, `blipColor`, `bitField`, `burden`, `combatUse`, `cooldownDuration`, `cooldownId`, `effects`, `containersCapacity`, `header`, `hookTypeId`, `iconId`, `iconOverlayId`, `iconUnderlayId`, `hookItemTypes`, `itemsCapacity`, `location`, `materialType`, `maxStackSize`, `maxStructure`, `radar`, `pscript`, `spellId`, `stackSize`, `structure`, `targetTypeId`, `usability`, `useRadius`, `validLocations`, `value`, `workmanship`, `animationFrameId`, `defaultScript`, `defaultScriptIntensity`, `elasticity`, `friction`, `locationId`, `modelTableId`, `objectScale`, `physicsBitField`, `physicsTableId`, `motionTableId`, `soundTableId`, `physicsState`, `translucency`)
VALUES (3353378932, 'Tiny Hive Portal', 65536, 0, 0, 0, 262164, 0, 0, 0, 0, 0, 0, 8388656, 0, 100667499, 0, 0, 0, 0, 0, 0, 0, 0, 4, 0, 0, 0, 0, 0, 32, -0.1, 0, 0, 0, 0, 0, 0, 0, 0, 0, 33555923, 0, 98307, 0, 150994947, 0, 3084, 0);

INSERT INTO `ace_object` (`baseAceObjectId`, `weenieClassId`, `landblock`, `cell`, `posX`, `posY`, `posZ`, `qW`, `qX`, `qY`, `qZ`)
VALUES (3353378932, 11219, 9405, 47, 120.7113, 155.017, 127.7116, 1, 0, 0, 0);

INSERT INTO `base_ace_object` (`baseAceObjectId`, `name`, `typeId`, `paletteId`, `ammoType`, `blipColor`, `bitField`, `burden`, `combatUse`, `cooldownDuration`, `cooldownId`, `effects`, `containersCapacity`, `header`, `hookTypeId`, `iconId`, `iconOverlayId`, `iconUnderlayId`, `hookItemTypes`, `itemsCapacity`, `location`, `materialType`, `maxStackSize`, `maxStructure`, `radar`, `pscript`, `spellId`, `stackSize`, `structure`, `targetTypeId`, `usability`, `useRadius`, `validLocations`, `value`, `workmanship`, `animationFrameId`, `defaultScript`, `defaultScriptIntensity`, `elasticity`, `friction`, `locationId`, `modelTableId`, `objectScale`, `physicsBitField`, `physicsTableId`, `motionTableId`, `soundTableId`, `physicsState`, `translucency`)
VALUES (3353381091, 'New Hive Portal', 65536, 0, 0, 0, 262164, 0, 0, 0, 0, 0, 0, 8388656, 0, 100667499, 0, 0, 0, 0, 0, 0, 0, 0, 4, 0, 0, 0, 0, 0, 32, -0.1, 0, 0, 0, 0, 0, 0, 0, 0, 0, 33555925, 0, 98307, 0, 150994947, 0, 3084, 0);

INSERT INTO `ace_object` (`baseAceObjectId`, `weenieClassId`, `landblock`, `cell`, `posX`, `posY`, `posZ`, `qW`, `qX`, `qY`, `qZ`)
VALUES (3353381091, 11227, 9401, 12, 37.13248, 73.03732, 114.772, 1, 0, 0, 0);

INSERT INTO `base_ace_object` (`baseAceObjectId`, `name`, `typeId`, `paletteId`, `ammoType`, `blipColor`, `bitField`, `burden`, `combatUse`, `cooldownDuration`, `cooldownId`, `effects`, `containersCapacity`, `header`, `hookTypeId`, `iconId`, `iconOverlayId`, `iconUnderlayId`, `hookItemTypes`, `itemsCapacity`, `location`, `materialType`, `maxStackSize`, `maxStructure`, `radar`, `pscript`, `spellId`, `stackSize`, `structure`, `targetTypeId`, `usability`, `useRadius`, `validLocations`, `value`, `workmanship`, `animationFrameId`, `defaultScript`, `defaultScriptIntensity`, `elasticity`, `friction`, `locationId`, `modelTableId`, `objectScale`, `physicsBitField`, `physicsTableId`, `motionTableId`, `soundTableId`, `physicsState`, `translucency`)
VALUES (3353326960, 'Tiny Hive Portal', 65536, 0, 0, 0, 262164, 0, 0, 0, 0, 0, 0, 8388656, 0, 100667499, 0, 0, 0, 0, 0, 0, 0, 0, 4, 0, 0, 0, 0, 0, 32, -0.1, 0, 0, 0, 0, 0, 0, 0, 0, 0, 33555923, 0, 98307, 0, 150994947, 0, 3084, 0);

INSERT INTO `ace_object` (`baseAceObjectId`, `weenieClassId`, `landblock`, `cell`, `posX`, `posY`, `posZ`, `qW`, `qX`, `qY`, `qZ`)
VALUES (3353326960, 11219, 9400, 22, 62.4003, 141.9119, 118.3371, 1, 0, 0, 0);

INSERT INTO `base_ace_object` (`baseAceObjectId`, `name`, `typeId`, `paletteId`, `ammoType`, `blipColor`, `bitField`, `burden`, `combatUse`, `cooldownDuration`, `cooldownId`, `effects`, `containersCapacity`, `header`, `hookTypeId`, `iconId`, `iconOverlayId`, `iconUnderlayId`, `hookItemTypes`, `itemsCapacity`, `location`, `materialType`, `maxStackSize`, `maxStructure`, `radar`, `pscript`, `spellId`, `stackSize`, `structure`, `targetTypeId`, `usability`, `useRadius`, `validLocations`, `value`, `workmanship`, `animationFrameId`, `defaultScript`, `defaultScriptIntensity`, `elasticity`, `friction`, `locationId`, `modelTableId`, `objectScale`, `physicsBitField`, `physicsTableId`, `motionTableId`, `soundTableId`, `physicsState`, `translucency`)
VALUES (3353437684, 'Simple Hive Portal', 65536, 0, 0, 0, 262164, 0, 0, 0, 0, 0, 0, 8388656, 0, 100667499, 0, 0, 0, 0, 0, 0, 0, 0, 4, 0, 0, 0, 0, 0, 32, -0.1, 0, 0, 0, 0, 0, 0, 0, 0, 0, 33555926, 0, 98307, 0, 150994947, 0, 3084, 0);

INSERT INTO `ace_object` (`baseAceObjectId`, `weenieClassId`, `landblock`, `cell`, `posX`, `posY`, `posZ`, `qW`, `qX`, `qY`, `qZ`)
VALUES (3353437684, 11223, 9400, 1, 17.46725, 20.15322, 118.802, 1, 0, 0, 0);

INSERT INTO `base_ace_object` (`baseAceObjectId`, `name`, `typeId`, `paletteId`, `ammoType`, `blipColor`, `bitField`, `burden`, `combatUse`, `cooldownDuration`, `cooldownId`, `effects`, `containersCapacity`, `header`, `hookTypeId`, `iconId`, `iconOverlayId`, `iconUnderlayId`, `hookItemTypes`, `itemsCapacity`, `location`, `materialType`, `maxStackSize`, `maxStructure`, `radar`, `pscript`, `spellId`, `stackSize`, `structure`, `targetTypeId`, `usability`, `useRadius`, `validLocations`, `value`, `workmanship`, `animationFrameId`, `defaultScript`, `defaultScriptIntensity`, `elasticity`, `friction`, `locationId`, `modelTableId`, `objectScale`, `physicsBitField`, `physicsTableId`, `motionTableId`, `soundTableId`, `physicsState`, `translucency`)
VALUES (3352269106, 'Shallow Hive Portal', 65536, 0, 0, 0, 262164, 0, 0, 0, 0, 0, 0, 8388656, 0, 100667499, 0, 0, 0, 0, 0, 0, 0, 0, 4, 0, 0, 0, 0, 0, 32, -0.1, 0, 0, 0, 0, 0, 0, 0, 0, 0, 33555925, 0, 98307, 0, 150994947, 0, 3084, 0);

INSERT INTO `ace_object` (`baseAceObjectId`, `weenieClassId`, `landblock`, `cell`, `posX`, `posY`, `posZ`, `qW`, `qX`, `qY`, `qZ`)
VALUES (3352269106, 11225, 9399, 47, 121.7845, 160.8366, 107.937, 1, 0, 0, 0);

INSERT INTO `base_ace_object` (`baseAceObjectId`, `name`, `typeId`, `paletteId`, `ammoType`, `blipColor`, `bitField`, `burden`, `combatUse`, `cooldownDuration`, `cooldownId`, `effects`, `containersCapacity`, `header`, `hookTypeId`, `iconId`, `iconOverlayId`, `iconUnderlayId`, `hookItemTypes`, `itemsCapacity`, `location`, `materialType`, `maxStackSize`, `maxStructure`, `radar`, `pscript`, `spellId`, `stackSize`, `structure`, `targetTypeId`, `usability`, `useRadius`, `validLocations`, `value`, `workmanship`, `animationFrameId`, `defaultScript`, `defaultScriptIntensity`, `elasticity`, `friction`, `locationId`, `modelTableId`, `objectScale`, `physicsBitField`, `physicsTableId`, `motionTableId`, `soundTableId`, `physicsState`, `translucency`)
VALUES (3353218423, 'Tiny Hive Portal', 65536, 0, 0, 0, 262164, 0, 0, 0, 0, 0, 0, 8388656, 0, 100667499, 0, 0, 0, 0, 0, 0, 0, 0, 4, 0, 0, 0, 0, 0, 32, -0.1, 0, 0, 0, 0, 0, 0, 0, 0, 0, 33555923, 0, 98307, 0, 150994947, 0, 3084, 0);

INSERT INTO `ace_object` (`baseAceObjectId`, `weenieClassId`, `landblock`, `cell`, `posX`, `posY`, `posZ`, `qW`, `qX`, `qY`, `qZ`)
VALUES (3353218423, 11219, 9655, 54, 151.8405, 133.2086, 85.48506, 1, 0, 0, 0);

INSERT INTO `base_ace_object` (`baseAceObjectId`, `name`, `typeId`, `paletteId`, `ammoType`, `blipColor`, `bitField`, `burden`, `combatUse`, `cooldownDuration`, `cooldownId`, `effects`, `containersCapacity`, `header`, `hookTypeId`, `iconId`, `iconOverlayId`, `iconUnderlayId`, `hookItemTypes`, `itemsCapacity`, `location`, `materialType`, `maxStackSize`, `maxStructure`, `radar`, `pscript`, `spellId`, `stackSize`, `structure`, `targetTypeId`, `usability`, `useRadius`, `validLocations`, `value`, `workmanship`, `animationFrameId`, `defaultScript`, `defaultScriptIntensity`, `elasticity`, `friction`, `locationId`, `modelTableId`, `objectScale`, `physicsBitField`, `physicsTableId`, `motionTableId`, `soundTableId`, `physicsState`, `translucency`)
VALUES (3353614505, 'Shallow Hive Portal', 65536, 0, 0, 0, 262164, 0, 0, 0, 0, 0, 0, 8388656, 0, 100667499, 0, 0, 0, 0, 0, 0, 0, 0, 4, 0, 0, 0, 0, 0, 32, -0.1, 0, 0, 0, 0, 0, 0, 0, 0, 0, 33555925, 0, 98307, 0, 150994947, 0, 3084, 0);

INSERT INTO `ace_object` (`baseAceObjectId`, `weenieClassId`, `landblock`, `cell`, `posX`, `posY`, `posZ`, `qW`, `qX`, `qY`, `qZ`)
VALUES (3353614505, 11225, 9656, 17, 70.96036, 8.403356, 105.3376, 1, 0, 0, 0);

INSERT INTO `base_ace_object` (`baseAceObjectId`, `name`, `typeId`, `paletteId`, `ammoType`, `blipColor`, `bitField`, `burden`, `combatUse`, `cooldownDuration`, `cooldownId`, `effects`, `containersCapacity`, `header`, `hookTypeId`, `iconId`, `iconOverlayId`, `iconUnderlayId`, `hookItemTypes`, `itemsCapacity`, `location`, `materialType`, `maxStackSize`, `maxStructure`, `radar`, `pscript`, `spellId`, `stackSize`, `structure`, `targetTypeId`, `usability`, `useRadius`, `validLocations`, `value`, `workmanship`, `animationFrameId`, `defaultScript`, `defaultScriptIntensity`, `elasticity`, `friction`, `locationId`, `modelTableId`, `objectScale`, `physicsBitField`, `physicsTableId`, `motionTableId`, `soundTableId`, `physicsState`, `translucency`)
VALUES (3352876822, 'Small Hive Portal', 65536, 0, 0, 0, 262164, 0, 0, 0, 0, 0, 0, 8388656, 0, 100667499, 0, 0, 0, 0, 0, 0, 0, 0, 4, 0, 0, 0, 0, 0, 32, -0.1, 0, 0, 0, 0, 0, 0, 0, 0, 0, 33555926, 0, 98307, 0, 150994947, 0, 3084, 0);

INSERT INTO `ace_object` (`baseAceObjectId`, `weenieClassId`, `landblock`, `cell`, `posX`, `posY`, `posZ`, `qW`, `qX`, `qY`, `qZ`)
VALUES (3352876822, 11221, 9658, 50, 150.1884, 38.48925, 95.87419, 1, 0, 0, 0);

INSERT INTO `base_ace_object` (`baseAceObjectId`, `name`, `typeId`, `paletteId`, `ammoType`, `blipColor`, `bitField`, `burden`, `combatUse`, `cooldownDuration`, `cooldownId`, `effects`, `containersCapacity`, `header`, `hookTypeId`, `iconId`, `iconOverlayId`, `iconUnderlayId`, `hookItemTypes`, `itemsCapacity`, `location`, `materialType`, `maxStackSize`, `maxStructure`, `radar`, `pscript`, `spellId`, `stackSize`, `structure`, `targetTypeId`, `usability`, `useRadius`, `validLocations`, `value`, `workmanship`, `animationFrameId`, `defaultScript`, `defaultScriptIntensity`, `elasticity`, `friction`, `locationId`, `modelTableId`, `objectScale`, `physicsBitField`, `physicsTableId`, `motionTableId`, `soundTableId`, `physicsState`, `translucency`)
VALUES (3353071430, 'Shallow Hive Portal', 65536, 0, 0, 0, 262164, 0, 0, 0, 0, 0, 0, 8388656, 0, 100667499, 0, 0, 0, 0, 0, 0, 0, 0, 4, 0, 0, 0, 0, 0, 32, -0.1, 0, 0, 0, 0, 0, 0, 0, 0, 0, 33555925, 0, 98307, 0, 150994947, 0, 3084, 0);

INSERT INTO `ace_object` (`baseAceObjectId`, `weenieClassId`, `landblock`, `cell`, `posX`, `posY`, `posZ`, `qW`, `qX`, `qY`, `qZ`)
VALUES (3353071430, 11225, 9914, 5, 21.38476, 110.9466, 82.37288, 1, 0, 0, 0);

INSERT INTO `base_ace_object` (`baseAceObjectId`, `name`, `typeId`, `paletteId`, `ammoType`, `blipColor`, `bitField`, `burden`, `combatUse`, `cooldownDuration`, `cooldownId`, `effects`, `containersCapacity`, `header`, `hookTypeId`, `iconId`, `iconOverlayId`, `iconUnderlayId`, `hookItemTypes`, `itemsCapacity`, `location`, `materialType`, `maxStackSize`, `maxStructure`, `radar`, `pscript`, `spellId`, `stackSize`, `structure`, `targetTypeId`, `usability`, `useRadius`, `validLocations`, `value`, `workmanship`, `animationFrameId`, `defaultScript`, `defaultScriptIntensity`, `elasticity`, `friction`, `locationId`, `modelTableId`, `objectScale`, `physicsBitField`, `physicsTableId`, `motionTableId`, `soundTableId`, `physicsState`, `translucency`)
VALUES (1916518400, 'Hive Eviscerator Burrow', 65536, 0, 0, 0, 262164, 0, 0, 0, 0, 0, 0, 8388656, 0, 100667499, 0, 0, 0, 0, 0, 0, 0, 0, 4, 0, 0, 0, 0, 0, 32, -0.1, 0, 0, 0, 0, 0, 0, 0, 0, 0, 33555925, 0, 98307, 0, 150994947, 0, 3084, 0);

INSERT INTO `ace_object` (`baseAceObjectId`, `weenieClassId`, `landblock`, `cell`, `posX`, `posY`, `posZ`, `qW`, `qX`, `qY`, `qZ`)
VALUES (1916518400, 51321, 9148, 26, 94.3487, 32.966, 144.3498, 0.8881389, 0, 0, 0.459575);

INSERT INTO `base_ace_object` (`baseAceObjectId`, `name`, `typeId`, `paletteId`, `ammoType`, `blipColor`, `bitField`, `burden`, `combatUse`, `cooldownDuration`, `cooldownId`, `effects`, `containersCapacity`, `header`, `hookTypeId`, `iconId`, `iconOverlayId`, `iconUnderlayId`, `hookItemTypes`, `itemsCapacity`, `location`, `materialType`, `maxStackSize`, `maxStructure`, `radar`, `pscript`, `spellId`, `stackSize`, `structure`, `targetTypeId`, `usability`, `useRadius`, `validLocations`, `value`, `workmanship`, `animationFrameId`, `defaultScript`, `defaultScriptIntensity`, `elasticity`, `friction`, `locationId`, `modelTableId`, `objectScale`, `physicsBitField`, `physicsTableId`, `motionTableId`, `soundTableId`, `physicsState`, `translucency`)
VALUES (3353253649, 'Small Hive Portal', 65536, 0, 0, 0, 262164, 0, 0, 0, 0, 0, 0, 8388656, 0, 100667499, 0, 0, 0, 0, 0, 0, 0, 0, 4, 0, 0, 0, 0, 0, 32, -0.1, 0, 0, 0, 0, 0, 0, 0, 0, 0, 33555926, 0, 98307, 0, 150994947, 0, 3084, 0);

INSERT INTO `ace_object` (`baseAceObjectId`, `weenieClassId`, `landblock`, `cell`, `posX`, `posY`, `posZ`, `qW`, `qX`, `qY`, `qZ`)
VALUES (3353253649, 11221, 8121, 55, 160.9788, 152.386, 89.937, 1, 0, 0, 0);

INSERT INTO `base_ace_object` (`baseAceObjectId`, `name`, `typeId`, `paletteId`, `ammoType`, `blipColor`, `bitField`, `burden`, `combatUse`, `cooldownDuration`, `cooldownId`, `effects`, `containersCapacity`, `header`, `hookTypeId`, `iconId`, `iconOverlayId`, `iconUnderlayId`, `hookItemTypes`, `itemsCapacity`, `location`, `materialType`, `maxStackSize`, `maxStructure`, `radar`, `pscript`, `spellId`, `stackSize`, `structure`, `targetTypeId`, `usability`, `useRadius`, `validLocations`, `value`, `workmanship`, `animationFrameId`, `defaultScript`, `defaultScriptIntensity`, `elasticity`, `friction`, `locationId`, `modelTableId`, `objectScale`, `physicsBitField`, `physicsTableId`, `motionTableId`, `soundTableId`, `physicsState`, `translucency`)
VALUES (3352118897, 'Simple Hive Portal', 65536, 0, 0, 0, 262164, 0, 0, 0, 0, 0, 0, 8388656, 0, 100667499, 0, 0, 0, 0, 0, 0, 0, 0, 4, 0, 0, 0, 0, 0, 32, -0.1, 0, 0, 0, 0, 0, 0, 0, 0, 0, 33555926, 0, 98307, 0, 150994947, 0, 3084, 0);

INSERT INTO `ace_object` (`baseAceObjectId`, `weenieClassId`, `landblock`, `cell`, `posX`, `posY`, `posZ`, `qW`, `qX`, `qY`, `qZ`)
VALUES (3352118897, 11223, 7867, 49, 149.9486, 13.82086, 92.65643, 1, 0, 0, 0);

INSERT INTO `base_ace_object` (`baseAceObjectId`, `name`, `typeId`, `paletteId`, `ammoType`, `blipColor`, `bitField`, `burden`, `combatUse`, `cooldownDuration`, `cooldownId`, `effects`, `containersCapacity`, `header`, `hookTypeId`, `iconId`, `iconOverlayId`, `iconUnderlayId`, `hookItemTypes`, `itemsCapacity`, `location`, `materialType`, `maxStackSize`, `maxStructure`, `radar`, `pscript`, `spellId`, `stackSize`, `structure`, `targetTypeId`, `usability`, `useRadius`, `validLocations`, `value`, `workmanship`, `animationFrameId`, `defaultScript`, `defaultScriptIntensity`, `elasticity`, `friction`, `locationId`, `modelTableId`, `objectScale`, `physicsBitField`, `physicsTableId`, `motionTableId`, `soundTableId`, `physicsState`, `translucency`)
VALUES (3353326587, 'Tiny Hive Portal', 65536, 0, 0, 0, 262164, 0, 0, 0, 0, 0, 0, 8388656, 0, 100667499, 0, 0, 0, 0, 0, 0, 0, 0, 4, 0, 0, 0, 0, 0, 32, -0.1, 0, 0, 0, 0, 0, 0, 0, 0, 0, 33555923, 0, 98307, 0, 150994947, 0, 3084, 0);

INSERT INTO `ace_object` (`baseAceObjectId`, `weenieClassId`, `landblock`, `cell`, `posX`, `posY`, `posZ`, `qW`, `qX`, `qY`, `qZ`)
VALUES (3353326587, 11219, 8635, 7, 20.85722, 162.739, 95.937, 1, 0, 0, 0);

INSERT INTO `base_ace_object` (`baseAceObjectId`, `name`, `typeId`, `paletteId`, `ammoType`, `blipColor`, `bitField`, `burden`, `combatUse`, `cooldownDuration`, `cooldownId`, `effects`, `containersCapacity`, `header`, `hookTypeId`, `iconId`, `iconOverlayId`, `iconUnderlayId`, `hookItemTypes`, `itemsCapacity`, `location`, `materialType`, `maxStackSize`, `maxStructure`, `radar`, `pscript`, `spellId`, `stackSize`, `structure`, `targetTypeId`, `usability`, `useRadius`, `validLocations`, `value`, `workmanship`, `animationFrameId`, `defaultScript`, `defaultScriptIntensity`, `elasticity`, `friction`, `locationId`, `modelTableId`, `objectScale`, `physicsBitField`, `physicsTableId`, `motionTableId`, `soundTableId`, `physicsState`, `translucency`)
VALUES (3352878324, 'Tiny Hive Portal', 65536, 0, 0, 0, 262164, 0, 0, 0, 0, 0, 0, 8388656, 0, 100667499, 0, 0, 0, 0, 0, 0, 0, 0, 4, 0, 0, 0, 0, 0, 32, -0.1, 0, 0, 0, 0, 0, 0, 0, 0, 0, 33555923, 0, 98307, 0, 150994947, 0, 3084, 0);

INSERT INTO `ace_object` (`baseAceObjectId`, `weenieClassId`, `landblock`, `cell`, `posX`, `posY`, `posZ`, `qW`, `qX`, `qY`, `qZ`)
VALUES (3352878324, 11219, 8382, 52, 167.8542, 88.0909, 89.937, 1, 0, 0, 0);

INSERT INTO `base_ace_object` (`baseAceObjectId`, `name`, `typeId`, `paletteId`, `ammoType`, `blipColor`, `bitField`, `burden`, `combatUse`, `cooldownDuration`, `cooldownId`, `effects`, `containersCapacity`, `header`, `hookTypeId`, `iconId`, `iconOverlayId`, `iconUnderlayId`, `hookItemTypes`, `itemsCapacity`, `location`, `materialType`, `maxStackSize`, `maxStructure`, `radar`, `pscript`, `spellId`, `stackSize`, `structure`, `targetTypeId`, `usability`, `useRadius`, `validLocations`, `value`, `workmanship`, `animationFrameId`, `defaultScript`, `defaultScriptIntensity`, `elasticity`, `friction`, `locationId`, `modelTableId`, `objectScale`, `physicsBitField`, `physicsTableId`, `motionTableId`, `soundTableId`, `physicsState`, `translucency`)
VALUES (3353187297, 'Small Hive Portal', 65536, 0, 0, 0, 262164, 0, 0, 0, 0, 0, 0, 8388656, 0, 100667499, 0, 0, 0, 0, 0, 0, 0, 0, 4, 0, 0, 0, 0, 0, 32, -0.1, 0, 0, 0, 0, 0, 0, 0, 0, 0, 33555926, 0, 98307, 0, 150994947, 0, 3084, 0);

INSERT INTO `ace_object` (`baseAceObjectId`, `weenieClassId`, `landblock`, `cell`, `posX`, `posY`, `posZ`, `qW`, `qX`, `qY`, `qZ`)
VALUES (3353187297, 11221, 7870, 53, 167.4488, 117.1065, 49.72819, 1, 0, 0, 0);

INSERT INTO `base_ace_object` (`baseAceObjectId`, `name`, `typeId`, `paletteId`, `ammoType`, `blipColor`, `bitField`, `burden`, `combatUse`, `cooldownDuration`, `cooldownId`, `effects`, `containersCapacity`, `header`, `hookTypeId`, `iconId`, `iconOverlayId`, `iconUnderlayId`, `hookItemTypes`, `itemsCapacity`, `location`, `materialType`, `maxStackSize`, `maxStructure`, `radar`, `pscript`, `spellId`, `stackSize`, `structure`, `targetTypeId`, `usability`, `useRadius`, `validLocations`, `value`, `workmanship`, `animationFrameId`, `defaultScript`, `defaultScriptIntensity`, `elasticity`, `friction`, `locationId`, `modelTableId`, `objectScale`, `physicsBitField`, `physicsTableId`, `motionTableId`, `soundTableId`, `physicsState`, `translucency`)
VALUES (3353454037, 'Tiny Hive Portal', 65536, 0, 0, 0, 262164, 0, 0, 0, 0, 0, 0, 8388656, 0, 100667499, 0, 0, 0, 0, 0, 0, 0, 0, 4, 0, 0, 0, 0, 0, 32, -0.1, 0, 0, 0, 0, 0, 0, 0, 0, 0, 33555923, 0, 98307, 0, 150994947, 0, 3084, 0);

INSERT INTO `ace_object` (`baseAceObjectId`, `weenieClassId`, `landblock`, `cell`, `posX`, `posY`, `posZ`, `qW`, `qX`, `qY`, `qZ`)
VALUES (3353454037, 11219, 8382, 16, 24.07863, 185.415, 81.06071, 1, 0, 0, 0);

INSERT INTO `base_ace_object` (`baseAceObjectId`, `name`, `typeId`, `paletteId`, `ammoType`, `blipColor`, `bitField`, `burden`, `combatUse`, `cooldownDuration`, `cooldownId`, `effects`, `containersCapacity`, `header`, `hookTypeId`, `iconId`, `iconOverlayId`, `iconUnderlayId`, `hookItemTypes`, `itemsCapacity`, `location`, `materialType`, `maxStackSize`, `maxStructure`, `radar`, `pscript`, `spellId`, `stackSize`, `structure`, `targetTypeId`, `usability`, `useRadius`, `validLocations`, `value`, `workmanship`, `animationFrameId`, `defaultScript`, `defaultScriptIntensity`, `elasticity`, `friction`, `locationId`, `modelTableId`, `objectScale`, `physicsBitField`, `physicsTableId`, `motionTableId`, `soundTableId`, `physicsState`, `translucency`)
VALUES (3353645617, 'New Hive Portal', 65536, 0, 0, 0, 262164, 0, 0, 0, 0, 0, 0, 8388656, 0, 100667499, 0, 0, 0, 0, 0, 0, 0, 0, 4, 0, 0, 0, 0, 0, 32, -0.1, 0, 0, 0, 0, 0, 0, 0, 0, 0, 33555925, 0, 98307, 0, 150994947, 0, 3084, 0);

INSERT INTO `ace_object` (`baseAceObjectId`, `weenieClassId`, `landblock`, `cell`, `posX`, `posY`, `posZ`, `qW`, `qX`, `qY`, `qZ`)
VALUES (3353645617, 11227, 8894, 2, 10.54423, 27.24213, 100.3029, 1, 0, 0, 0);

INSERT INTO `base_ace_object` (`baseAceObjectId`, `name`, `typeId`, `paletteId`, `ammoType`, `blipColor`, `bitField`, `burden`, `combatUse`, `cooldownDuration`, `cooldownId`, `effects`, `containersCapacity`, `header`, `hookTypeId`, `iconId`, `iconOverlayId`, `iconUnderlayId`, `hookItemTypes`, `itemsCapacity`, `location`, `materialType`, `maxStackSize`, `maxStructure`, `radar`, `pscript`, `spellId`, `stackSize`, `structure`, `targetTypeId`, `usability`, `useRadius`, `validLocations`, `value`, `workmanship`, `animationFrameId`, `defaultScript`, `defaultScriptIntensity`, `elasticity`, `friction`, `locationId`, `modelTableId`, `objectScale`, `physicsBitField`, `physicsTableId`, `motionTableId`, `soundTableId`, `physicsState`, `translucency`)
VALUES (3353647871, 'Shallow Hive Portal', 65536, 0, 0, 0, 262164, 0, 0, 0, 0, 0, 0, 8388656, 0, 100667499, 0, 0, 0, 0, 0, 0, 0, 0, 4, 0, 0, 0, 0, 0, 32, -0.1, 0, 0, 0, 0, 0, 0, 0, 0, 0, 33555925, 0, 98307, 0, 150994947, 0, 3084, 0);

INSERT INTO `ace_object` (`baseAceObjectId`, `weenieClassId`, `landblock`, `cell`, `posX`, `posY`, `posZ`, `qW`, `qX`, `qY`, `qZ`)
VALUES (3353647871, 11225, 9153, 12, 34.88262, 72.50677, 107.937, 1, 0, 0, 0);

INSERT INTO `base_ace_object` (`baseAceObjectId`, `name`, `typeId`, `paletteId`, `ammoType`, `blipColor`, `bitField`, `burden`, `combatUse`, `cooldownDuration`, `cooldownId`, `effects`, `containersCapacity`, `header`, `hookTypeId`, `iconId`, `iconOverlayId`, `iconUnderlayId`, `hookItemTypes`, `itemsCapacity`, `location`, `materialType`, `maxStackSize`, `maxStructure`, `radar`, `pscript`, `spellId`, `stackSize`, `structure`, `targetTypeId`, `usability`, `useRadius`, `validLocations`, `value`, `workmanship`, `animationFrameId`, `defaultScript`, `defaultScriptIntensity`, `elasticity`, `friction`, `locationId`, `modelTableId`, `objectScale`, `physicsBitField`, `physicsTableId`, `motionTableId`, `soundTableId`, `physicsState`, `translucency`)
VALUES (3353355410, 'Shallow Hive Portal', 65536, 0, 0, 0, 262164, 0, 0, 0, 0, 0, 0, 8388656, 0, 100667499, 0, 0, 0, 0, 0, 0, 0, 0, 4, 0, 0, 0, 0, 0, 32, -0.1, 0, 0, 0, 0, 0, 0, 0, 0, 0, 33555925, 0, 98307, 0, 150994947, 0, 3084, 0);

INSERT INTO `ace_object` (`baseAceObjectId`, `weenieClassId`, `landblock`, `cell`, `posX`, `posY`, `posZ`, `qW`, `qX`, `qY`, `qZ`)
VALUES (3353355410, 11225, 8129, 15, 43.7843, 156.5755, 92.18643, 1, 0, 0, 0);

INSERT INTO `base_ace_object` (`baseAceObjectId`, `name`, `typeId`, `paletteId`, `ammoType`, `blipColor`, `bitField`, `burden`, `combatUse`, `cooldownDuration`, `cooldownId`, `effects`, `containersCapacity`, `header`, `hookTypeId`, `iconId`, `iconOverlayId`, `iconUnderlayId`, `hookItemTypes`, `itemsCapacity`, `location`, `materialType`, `maxStackSize`, `maxStructure`, `radar`, `pscript`, `spellId`, `stackSize`, `structure`, `targetTypeId`, `usability`, `useRadius`, `validLocations`, `value`, `workmanship`, `animationFrameId`, `defaultScript`, `defaultScriptIntensity`, `elasticity`, `friction`, `locationId`, `modelTableId`, `objectScale`, `physicsBitField`, `physicsTableId`, `motionTableId`, `soundTableId`, `physicsState`, `translucency`)
VALUES (3353455731, 'New Hive Portal', 65536, 0, 0, 0, 262164, 0, 0, 0, 0, 0, 0, 8388656, 0, 100667499, 0, 0, 0, 0, 0, 0, 0, 0, 4, 0, 0, 0, 0, 0, 32, -0.1, 0, 0, 0, 0, 0, 0, 0, 0, 0, 33555925, 0, 98307, 0, 150994947, 0, 3084, 0);

INSERT INTO `ace_object` (`baseAceObjectId`, `weenieClassId`, `landblock`, `cell`, `posX`, `posY`, `posZ`, `qW`, `qX`, `qY`, `qZ`)
VALUES (3353455731, 11227, 7617, 35, 118.1798, 48.7207, 75.937, 1, 0, 0, 0);

INSERT INTO `base_ace_object` (`baseAceObjectId`, `name`, `typeId`, `paletteId`, `ammoType`, `blipColor`, `bitField`, `burden`, `combatUse`, `cooldownDuration`, `cooldownId`, `effects`, `containersCapacity`, `header`, `hookTypeId`, `iconId`, `iconOverlayId`, `iconUnderlayId`, `hookItemTypes`, `itemsCapacity`, `location`, `materialType`, `maxStackSize`, `maxStructure`, `radar`, `pscript`, `spellId`, `stackSize`, `structure`, `targetTypeId`, `usability`, `useRadius`, `validLocations`, `value`, `workmanship`, `animationFrameId`, `defaultScript`, `defaultScriptIntensity`, `elasticity`, `friction`, `locationId`, `modelTableId`, `objectScale`, `physicsBitField`, `physicsTableId`, `motionTableId`, `soundTableId`, `physicsState`, `translucency`)
VALUES (3352482575, 'Shallow Hive Portal', 65536, 0, 0, 0, 262164, 0, 0, 0, 0, 0, 0, 8388656, 0, 100667499, 0, 0, 0, 0, 0, 0, 0, 0, 4, 0, 0, 0, 0, 0, 32, -0.1, 0, 0, 0, 0, 0, 0, 0, 0, 0, 33555925, 0, 98307, 0, 150994947, 0, 3084, 0);

INSERT INTO `ace_object` (`baseAceObjectId`, `weenieClassId`, `landblock`, `cell`, `posX`, `posY`, `posZ`, `qW`, `qX`, `qY`, `qZ`)
VALUES (3352482575, 11225, 7614, 64, 179.0375, 179.1671, 74.60802, 1, 0, 0, 0);

INSERT INTO `base_ace_object` (`baseAceObjectId`, `name`, `typeId`, `paletteId`, `ammoType`, `blipColor`, `bitField`, `burden`, `combatUse`, `cooldownDuration`, `cooldownId`, `effects`, `containersCapacity`, `header`, `hookTypeId`, `iconId`, `iconOverlayId`, `iconUnderlayId`, `hookItemTypes`, `itemsCapacity`, `location`, `materialType`, `maxStackSize`, `maxStructure`, `radar`, `pscript`, `spellId`, `stackSize`, `structure`, `targetTypeId`, `usability`, `useRadius`, `validLocations`, `value`, `workmanship`, `animationFrameId`, `defaultScript`, `defaultScriptIntensity`, `elasticity`, `friction`, `locationId`, `modelTableId`, `objectScale`, `physicsBitField`, `physicsTableId`, `motionTableId`, `soundTableId`, `physicsState`, `translucency`)
VALUES (3353167952, 'Simple Hive Portal', 65536, 0, 0, 0, 262164, 0, 0, 0, 0, 0, 0, 8388656, 0, 100667499, 0, 0, 0, 0, 0, 0, 0, 0, 4, 0, 0, 0, 0, 0, 32, -0.1, 0, 0, 0, 0, 0, 0, 0, 0, 0, 33555926, 0, 98307, 0, 150994947, 0, 3084, 0);

INSERT INTO `ace_object` (`baseAceObjectId`, `weenieClassId`, `landblock`, `cell`, `posX`, `posY`, `posZ`, `qW`, `qX`, `qY`, `qZ`)
VALUES (3353167952, 11223, 8382, 44, 141.2372, 80.23693, 89.937, 1, 0, 0, 0);

INSERT INTO `base_ace_object` (`baseAceObjectId`, `name`, `typeId`, `paletteId`, `ammoType`, `blipColor`, `bitField`, `burden`, `combatUse`, `cooldownDuration`, `cooldownId`, `effects`, `containersCapacity`, `header`, `hookTypeId`, `iconId`, `iconOverlayId`, `iconUnderlayId`, `hookItemTypes`, `itemsCapacity`, `location`, `materialType`, `maxStackSize`, `maxStructure`, `radar`, `pscript`, `spellId`, `stackSize`, `structure`, `targetTypeId`, `usability`, `useRadius`, `validLocations`, `value`, `workmanship`, `animationFrameId`, `defaultScript`, `defaultScriptIntensity`, `elasticity`, `friction`, `locationId`, `modelTableId`, `objectScale`, `physicsBitField`, `physicsTableId`, `motionTableId`, `soundTableId`, `physicsState`, `translucency`)
VALUES (3353217077, 'Simple Hive Portal', 65536, 0, 0, 0, 262164, 0, 0, 0, 0, 0, 0, 8388656, 0, 100667499, 0, 0, 0, 0, 0, 0, 0, 0, 4, 0, 0, 0, 0, 0, 32, -0.1, 0, 0, 0, 0, 0, 0, 0, 0, 0, 33555926, 0, 98307, 0, 150994947, 0, 3084, 0);

INSERT INTO `ace_object` (`baseAceObjectId`, `weenieClassId`, `landblock`, `cell`, `posX`, `posY`, `posZ`, `qW`, `qX`, `qY`, `qZ`)
VALUES (3353217077, 11223, 8894, 2, 10.71222, 43.20107, 98.52219, 1, 0, 0, 0);

INSERT INTO `base_ace_object` (`baseAceObjectId`, `name`, `typeId`, `paletteId`, `ammoType`, `blipColor`, `bitField`, `burden`, `combatUse`, `cooldownDuration`, `cooldownId`, `effects`, `containersCapacity`, `header`, `hookTypeId`, `iconId`, `iconOverlayId`, `iconUnderlayId`, `hookItemTypes`, `itemsCapacity`, `location`, `materialType`, `maxStackSize`, `maxStructure`, `radar`, `pscript`, `spellId`, `stackSize`, `structure`, `targetTypeId`, `usability`, `useRadius`, `validLocations`, `value`, `workmanship`, `animationFrameId`, `defaultScript`, `defaultScriptIntensity`, `elasticity`, `friction`, `locationId`, `modelTableId`, `objectScale`, `physicsBitField`, `physicsTableId`, `motionTableId`, `soundTableId`, `physicsState`, `translucency`)
VALUES (3353461348, 'New Hive Portal', 65536, 0, 0, 0, 262164, 0, 0, 0, 0, 0, 0, 8388656, 0, 100667499, 0, 0, 0, 0, 0, 0, 0, 0, 4, 0, 0, 0, 0, 0, 32, -0.1, 0, 0, 0, 0, 0, 0, 0, 0, 0, 33555925, 0, 98307, 0, 150994947, 0, 3084, 0);

INSERT INTO `ace_object` (`baseAceObjectId`, `weenieClassId`, `landblock`, `cell`, `posX`, `posY`, `posZ`, `qW`, `qX`, `qY`, `qZ`)
VALUES (3353461348, 11227, 9150, 49, 163.7096, 7.075043, 168.9505, 1, 0, 0, 0);

INSERT INTO `base_ace_object` (`baseAceObjectId`, `name`, `typeId`, `paletteId`, `ammoType`, `blipColor`, `bitField`, `burden`, `combatUse`, `cooldownDuration`, `cooldownId`, `effects`, `containersCapacity`, `header`, `hookTypeId`, `iconId`, `iconOverlayId`, `iconUnderlayId`, `hookItemTypes`, `itemsCapacity`, `location`, `materialType`, `maxStackSize`, `maxStructure`, `radar`, `pscript`, `spellId`, `stackSize`, `structure`, `targetTypeId`, `usability`, `useRadius`, `validLocations`, `value`, `workmanship`, `animationFrameId`, `defaultScript`, `defaultScriptIntensity`, `elasticity`, `friction`, `locationId`, `modelTableId`, `objectScale`, `physicsBitField`, `physicsTableId`, `motionTableId`, `soundTableId`, `physicsState`, `translucency`)
VALUES (3353333366, 'Shallow Hive Portal', 65536, 0, 0, 0, 262164, 0, 0, 0, 0, 0, 0, 8388656, 0, 100667499, 0, 0, 0, 0, 0, 0, 0, 0, 4, 0, 0, 0, 0, 0, 32, -0.1, 0, 0, 0, 0, 0, 0, 0, 0, 0, 33555925, 0, 98307, 0, 150994947, 0, 3084, 0);

INSERT INTO `ace_object` (`baseAceObjectId`, `weenieClassId`, `landblock`, `cell`, `posX`, `posY`, `posZ`, `qW`, `qX`, `qY`, `qZ`)
VALUES (3353333366, 11225, 9403, 55, 160.9945, 166.7599, 111.2144, 1, 0, 0, 0);

INSERT INTO `base_ace_object` (`baseAceObjectId`, `name`, `typeId`, `paletteId`, `ammoType`, `blipColor`, `bitField`, `burden`, `combatUse`, `cooldownDuration`, `cooldownId`, `effects`, `containersCapacity`, `header`, `hookTypeId`, `iconId`, `iconOverlayId`, `iconUnderlayId`, `hookItemTypes`, `itemsCapacity`, `location`, `materialType`, `maxStackSize`, `maxStructure`, `radar`, `pscript`, `spellId`, `stackSize`, `structure`, `targetTypeId`, `usability`, `useRadius`, `validLocations`, `value`, `workmanship`, `animationFrameId`, `defaultScript`, `defaultScriptIntensity`, `elasticity`, `friction`, `locationId`, `modelTableId`, `objectScale`, `physicsBitField`, `physicsTableId`, `motionTableId`, `soundTableId`, `physicsState`, `translucency`)
VALUES (3353414112, 'Shallow Hive Portal', 65536, 0, 0, 0, 262164, 0, 0, 0, 0, 0, 0, 8388656, 0, 100667499, 0, 0, 0, 0, 0, 0, 0, 0, 4, 0, 0, 0, 0, 0, 32, -0.1, 0, 0, 0, 0, 0, 0, 0, 0, 0, 33555925, 0, 98307, 0, 150994947, 0, 3084, 0);

INSERT INTO `ace_object` (`baseAceObjectId`, `weenieClassId`, `landblock`, `cell`, `posX`, `posY`, `posZ`, `qW`, `qX`, `qY`, `qZ`)
VALUES (3353414112, 11225, 9659, 33, 114.955, 13.58426, 110.6213, 1, 0, 0, 0);

INSERT INTO `base_ace_object` (`baseAceObjectId`, `name`, `typeId`, `paletteId`, `ammoType`, `blipColor`, `bitField`, `burden`, `combatUse`, `cooldownDuration`, `cooldownId`, `effects`, `containersCapacity`, `header`, `hookTypeId`, `iconId`, `iconOverlayId`, `iconUnderlayId`, `hookItemTypes`, `itemsCapacity`, `location`, `materialType`, `maxStackSize`, `maxStructure`, `radar`, `pscript`, `spellId`, `stackSize`, `structure`, `targetTypeId`, `usability`, `useRadius`, `validLocations`, `value`, `workmanship`, `animationFrameId`, `defaultScript`, `defaultScriptIntensity`, `elasticity`, `friction`, `locationId`, `modelTableId`, `objectScale`, `physicsBitField`, `physicsTableId`, `motionTableId`, `soundTableId`, `physicsState`, `translucency`)
VALUES (3351929987, 'Simple Hive Portal', 65536, 0, 0, 0, 262164, 0, 0, 0, 0, 0, 0, 8388656, 0, 100667499, 0, 0, 0, 0, 0, 0, 0, 0, 4, 0, 0, 0, 0, 0, 32, -0.1, 0, 0, 0, 0, 0, 0, 0, 0, 0, 33555926, 0, 98307, 0, 150994947, 0, 3084, 0);

INSERT INTO `ace_object` (`baseAceObjectId`, `weenieClassId`, `landblock`, `cell`, `posX`, `posY`, `posZ`, `qW`, `qX`, `qY`, `qZ`)
VALUES (3351929987, 11223, 8119, 51, 149.4468, 59.8823, 89.937, 1, 0, 0, 0);

INSERT INTO `base_ace_object` (`baseAceObjectId`, `name`, `typeId`, `paletteId`, `ammoType`, `blipColor`, `bitField`, `burden`, `combatUse`, `cooldownDuration`, `cooldownId`, `effects`, `containersCapacity`, `header`, `hookTypeId`, `iconId`, `iconOverlayId`, `iconUnderlayId`, `hookItemTypes`, `itemsCapacity`, `location`, `materialType`, `maxStackSize`, `maxStructure`, `radar`, `pscript`, `spellId`, `stackSize`, `structure`, `targetTypeId`, `usability`, `useRadius`, `validLocations`, `value`, `workmanship`, `animationFrameId`, `defaultScript`, `defaultScriptIntensity`, `elasticity`, `friction`, `locationId`, `modelTableId`, `objectScale`, `physicsBitField`, `physicsTableId`, `motionTableId`, `soundTableId`, `physicsState`, `translucency`)
VALUES (3353669426, 'Small Hive Portal', 65536, 0, 0, 0, 262164, 0, 0, 0, 0, 0, 0, 8388656, 0, 100667499, 0, 0, 0, 0, 0, 0, 0, 0, 4, 0, 0, 0, 0, 0, 32, -0.1, 0, 0, 0, 0, 0, 0, 0, 0, 0, 33555926, 0, 98307, 0, 150994947, 0, 3084, 0);

INSERT INTO `ace_object` (`baseAceObjectId`, `weenieClassId`, `landblock`, `cell`, `posX`, `posY`, `posZ`, `qW`, `qX`, `qY`, `qZ`)
VALUES (3353669426, 11221, 8119, 52, 167.9293, 86.53928, 89.937, 1, 0, 0, 0);

INSERT INTO `base_ace_object` (`baseAceObjectId`, `name`, `typeId`, `paletteId`, `ammoType`, `blipColor`, `bitField`, `burden`, `combatUse`, `cooldownDuration`, `cooldownId`, `effects`, `containersCapacity`, `header`, `hookTypeId`, `iconId`, `iconOverlayId`, `iconUnderlayId`, `hookItemTypes`, `itemsCapacity`, `location`, `materialType`, `maxStackSize`, `maxStructure`, `radar`, `pscript`, `spellId`, `stackSize`, `structure`, `targetTypeId`, `usability`, `useRadius`, `validLocations`, `value`, `workmanship`, `animationFrameId`, `defaultScript`, `defaultScriptIntensity`, `elasticity`, `friction`, `locationId`, `modelTableId`, `objectScale`, `physicsBitField`, `physicsTableId`, `motionTableId`, `soundTableId`, `physicsState`, `translucency`)
VALUES (1880182821, 'Destroyed Portal to Cragstone', 65536, 0, 0, 0, 262164, 0, 0, 0, 0, 0, 0, 48, 0, 100667499, 0, 0, 0, 0, 0, 0, 0, 0, 0, 0, 0, 0, 0, 0, 1, -0.1, 0, 0, 0, 0, 0, 0, 0, 0, 0, 33561060, 0, 98307, 0, 150995314, 0, 3092, 0);

INSERT INTO `ace_object` (`baseAceObjectId`, `weenieClassId`, `landblock`, `cell`, `posX`, `posY`, `posZ`, `qW`, `qX`, `qY`, `qZ`)
VALUES (1880182821, 1014, 277, 380, 70, -60, 5.79017, -0.7071068, 0, 0, -0.7071068);

INSERT INTO `base_ace_object` (`baseAceObjectId`, `name`, `typeId`, `paletteId`, `ammoType`, `blipColor`, `bitField`, `burden`, `combatUse`, `cooldownDuration`, `cooldownId`, `effects`, `containersCapacity`, `header`, `hookTypeId`, `iconId`, `iconOverlayId`, `iconUnderlayId`, `hookItemTypes`, `itemsCapacity`, `location`, `materialType`, `maxStackSize`, `maxStructure`, `radar`, `pscript`, `spellId`, `stackSize`, `structure`, `targetTypeId`, `usability`, `useRadius`, `validLocations`, `value`, `workmanship`, `animationFrameId`, `defaultScript`, `defaultScriptIntensity`, `elasticity`, `friction`, `locationId`, `modelTableId`, `objectScale`, `physicsBitField`, `physicsTableId`, `motionTableId`, `soundTableId`, `physicsState`, `translucency`)
VALUES (1880182822, 'South Direlands Portal', 65536, 0, 0, 0, 262164, 0, 0, 0, 0, 0, 0, 8388656, 0, 100667499, 0, 0, 0, 0, 0, 0, 0, 0, 4, 0, 0, 0, 0, 0, 32, -0.1, 0, 0, 0, 0, 0, 0, 0, 0, 0, 33555923, 0, 98307, 0, 150994947, 0, 3084, 0);

INSERT INTO `ace_object` (`baseAceObjectId`, `weenieClassId`, `landblock`, `cell`, `posX`, `posY`, `posZ`, `qW`, `qX`, `qY`, `qZ`)
VALUES (1880182822, 1107, 277, 383, 70, -70, 5.937, -0.7071068, 0, 0, -0.7071068);

INSERT INTO `base_ace_object` (`baseAceObjectId`, `name`, `typeId`, `paletteId`, `ammoType`, `blipColor`, `bitField`, `burden`, `combatUse`, `cooldownDuration`, `cooldownId`, `effects`, `containersCapacity`, `header`, `hookTypeId`, `iconId`, `iconOverlayId`, `iconUnderlayId`, `hookItemTypes`, `itemsCapacity`, `location`, `materialType`, `maxStackSize`, `maxStructure`, `radar`, `pscript`, `spellId`, `stackSize`, `structure`, `targetTypeId`, `usability`, `useRadius`, `validLocations`, `value`, `workmanship`, `animationFrameId`, `defaultScript`, `defaultScriptIntensity`, `elasticity`, `friction`, `locationId`, `modelTableId`, `objectScale`, `physicsBitField`, `physicsTableId`, `motionTableId`, `soundTableId`, `physicsState`, `translucency`)
VALUES (1880182818, 'Destroyed Portal to Zaikhal', 65536, 0, 0, 0, 262164, 0, 0, 0, 0, 0, 0, 48, 0, 100667499, 0, 0, 0, 0, 0, 0, 0, 0, 0, 0, 0, 0, 0, 0, 1, -0.1, 0, 0, 0, 0, 0, 0, 0, 0, 0, 33561060, 0, 98307, 0, 150995314, 0, 3092, 0);

INSERT INTO `ace_object` (`baseAceObjectId`, `weenieClassId`, `landblock`, `cell`, `posX`, `posY`, `posZ`, `qW`, `qX`, `qY`, `qZ`)
VALUES (1880182818, 1032, 277, 343, 50, -60, 5.79017, 0.7071068, 0, 0, -0.7071068);

INSERT INTO `base_ace_object` (`baseAceObjectId`, `name`, `typeId`, `paletteId`, `ammoType`, `blipColor`, `bitField`, `burden`, `combatUse`, `cooldownDuration`, `cooldownId`, `effects`, `containersCapacity`, `header`, `hookTypeId`, `iconId`, `iconOverlayId`, `iconUnderlayId`, `hookItemTypes`, `itemsCapacity`, `location`, `materialType`, `maxStackSize`, `maxStructure`, `radar`, `pscript`, `spellId`, `stackSize`, `structure`, `targetTypeId`, `usability`, `useRadius`, `validLocations`, `value`, `workmanship`, `animationFrameId`, `defaultScript`, `defaultScriptIntensity`, `elasticity`, `friction`, `locationId`, `modelTableId`, `objectScale`, `physicsBitField`, `physicsTableId`, `motionTableId`, `soundTableId`, `physicsState`, `translucency`)
VALUES (1880182819, 'North Direlands Portal', 65536, 0, 0, 0, 262164, 0, 0, 0, 0, 0, 0, 8388656, 0, 100667499, 0, 0, 0, 0, 0, 0, 0, 0, 4, 0, 0, 0, 0, 0, 32, -0.1, 0, 0, 0, 0, 0, 0, 0, 0, 0, 33555923, 0, 98307, 0, 150994947, 0, 3084, 0);

INSERT INTO `ace_object` (`baseAceObjectId`, `weenieClassId`, `landblock`, `cell`, `posX`, `posY`, `posZ`, `qW`, `qX`, `qY`, `qZ`)
VALUES (1880182819, 1104, 277, 346, 50, -70, 5.937, 0.7071068, 0, 0, -0.7071068);

INSERT INTO `base_ace_object` (`baseAceObjectId`, `name`, `typeId`, `paletteId`, `ammoType`, `blipColor`, `bitField`, `burden`, `combatUse`, `cooldownDuration`, `cooldownId`, `effects`, `containersCapacity`, `header`, `hookTypeId`, `iconId`, `iconOverlayId`, `iconUnderlayId`, `hookItemTypes`, `itemsCapacity`, `location`, `materialType`, `maxStackSize`, `maxStructure`, `radar`, `pscript`, `spellId`, `stackSize`, `structure`, `targetTypeId`, `usability`, `useRadius`, `validLocations`, `value`, `workmanship`, `animationFrameId`, `defaultScript`, `defaultScriptIntensity`, `elasticity`, `friction`, `locationId`, `modelTableId`, `objectScale`, `physicsBitField`, `physicsTableId`, `motionTableId`, `soundTableId`, `physicsState`, `translucency`)
VALUES (1880182820, 'Destroyed Portal to Hebian-To', 65536, 0, 0, 0, 262164, 0, 0, 0, 0, 0, 0, 48, 0, 100667499, 0, 0, 0, 0, 0, 0, 0, 0, 0, 0, 0, 0, 0, 0, 1, -0.1, 0, 0, 0, 0, 0, 0, 0, 0, 0, 33561060, 0, 98307, 0, 150995314, 0, 3092, 0);

INSERT INTO `ace_object` (`baseAceObjectId`, `weenieClassId`, `landblock`, `cell`, `posX`, `posY`, `posZ`, `qW`, `qX`, `qY`, `qZ`)
VALUES (1880182820, 1018, 277, 371, 60, -80, 5.79017, 1, 0, 0, 0);

INSERT INTO `base_ace_object` (`baseAceObjectId`, `name`, `typeId`, `paletteId`, `ammoType`, `blipColor`, `bitField`, `burden`, `combatUse`, `cooldownDuration`, `cooldownId`, `effects`, `containersCapacity`, `header`, `hookTypeId`, `iconId`, `iconOverlayId`, `iconUnderlayId`, `hookItemTypes`, `itemsCapacity`, `location`, `materialType`, `maxStackSize`, `maxStructure`, `radar`, `pscript`, `spellId`, `stackSize`, `structure`, `targetTypeId`, `usability`, `useRadius`, `validLocations`, `value`, `workmanship`, `animationFrameId`, `defaultScript`, `defaultScriptIntensity`, `elasticity`, `friction`, `locationId`, `modelTableId`, `objectScale`, `physicsBitField`, `physicsTableId`, `motionTableId`, `soundTableId`, `physicsState`, `translucency`)
VALUES (1880338512, 'Surface Portal', 65536, 0, 0, 0, 262164, 0, 0, 0, 0, 0, 0, 8388656, 0, 100667499, 0, 0, 0, 0, 0, 0, 0, 0, 4, 0, 0, 0, 0, 0, 32, -0.1, 0, 0, 0, 0, 0, 0, 0, 0, 0, 33554867, 0, 98307, 0, 150994947, 0, 3084, 0);

INSERT INTO `ace_object` (`baseAceObjectId`, `weenieClassId`, `landblock`, `cell`, `posX`, `posY`, `posZ`, `qW`, `qX`, `qY`, `qZ`)
VALUES (1880338512, 5607, 315, 808, 47.5694, -80.0055, -0.06299996, 0.7071068, 0, 0, -0.7071068);

INSERT INTO `base_ace_object` (`baseAceObjectId`, `name`, `typeId`, `paletteId`, `ammoType`, `blipColor`, `bitField`, `burden`, `combatUse`, `cooldownDuration`, `cooldownId`, `effects`, `containersCapacity`, `header`, `hookTypeId`, `iconId`, `iconOverlayId`, `iconUnderlayId`, `hookItemTypes`, `itemsCapacity`, `location`, `materialType`, `maxStackSize`, `maxStructure`, `radar`, `pscript`, `spellId`, `stackSize`, `structure`, `targetTypeId`, `usability`, `useRadius`, `validLocations`, `value`, `workmanship`, `animationFrameId`, `defaultScript`, `defaultScriptIntensity`, `elasticity`, `friction`, `locationId`, `modelTableId`, `objectScale`, `physicsBitField`, `physicsTableId`, `motionTableId`, `soundTableId`, `physicsState`, `translucency`)
VALUES (1880338475, 'Surface Portal', 65536, 0, 0, 0, 262164, 0, 0, 0, 0, 0, 0, 8388656, 0, 100667499, 0, 0, 0, 0, 0, 0, 0, 0, 4, 0, 0, 0, 0, 0, 32, -0.1, 0, 0, 0, 0, 0, 0, 0, 0, 0, 33554867, 0, 98307, 0, 150994947, 0, 3084, 0);

INSERT INTO `ace_object` (`baseAceObjectId`, `weenieClassId`, `landblock`, `cell`, `posX`, `posY`, `posZ`, `qW`, `qX`, `qY`, `qZ`)
VALUES (1880338475, 5607, 315, 602, 49.82, -93.1304, -18.063, 1, 0, 0, 0);

INSERT INTO `base_ace_object` (`baseAceObjectId`, `name`, `typeId`, `paletteId`, `ammoType`, `blipColor`, `bitField`, `burden`, `combatUse`, `cooldownDuration`, `cooldownId`, `effects`, `containersCapacity`, `header`, `hookTypeId`, `iconId`, `iconOverlayId`, `iconUnderlayId`, `hookItemTypes`, `itemsCapacity`, `location`, `materialType`, `maxStackSize`, `maxStructure`, `radar`, `pscript`, `spellId`, `stackSize`, `structure`, `targetTypeId`, `usability`, `useRadius`, `validLocations`, `value`, `workmanship`, `animationFrameId`, `defaultScript`, `defaultScriptIntensity`, `elasticity`, `friction`, `locationId`, `modelTableId`, `objectScale`, `physicsBitField`, `physicsTableId`, `motionTableId`, `soundTableId`, `physicsState`, `translucency`)
VALUES (2012229720, 'Central Courtyard', 65536, 0, 0, 0, 262164, 0, 0, 0, 0, 0, 0, 8388656, 0, 100667499, 0, 0, 0, 0, 0, 0, 0, 0, 4, 0, 0, 0, 0, 0, 32, -0.1, 0, 0, 0, 0, 0, 0, 0, 0, 0, 33554867, 0, 98307, 0, 150994947, 0, 3084, 0);

INSERT INTO `ace_object` (`baseAceObjectId`, `weenieClassId`, `landblock`, `cell`, `posX`, `posY`, `posZ`, `qW`, `qX`, `qY`, `qZ`)
VALUES (2012229720, 31061, 32515, 627, 70, -40, -0.06299996, 1, 0, 0, 0);

INSERT INTO `base_ace_object` (`baseAceObjectId`, `name`, `typeId`, `paletteId`, `ammoType`, `blipColor`, `bitField`, `burden`, `combatUse`, `cooldownDuration`, `cooldownId`, `effects`, `containersCapacity`, `header`, `hookTypeId`, `iconId`, `iconOverlayId`, `iconUnderlayId`, `hookItemTypes`, `itemsCapacity`, `location`, `materialType`, `maxStackSize`, `maxStructure`, `radar`, `pscript`, `spellId`, `stackSize`, `structure`, `targetTypeId`, `usability`, `useRadius`, `validLocations`, `value`, `workmanship`, `animationFrameId`, `defaultScript`, `defaultScriptIntensity`, `elasticity`, `friction`, `locationId`, `modelTableId`, `objectScale`, `physicsBitField`, `physicsTableId`, `motionTableId`, `soundTableId`, `physicsState`, `translucency`)
VALUES (2012229738, 'Outer Courtyard', 65536, 0, 0, 0, 262164, 0, 0, 0, 0, 0, 0, 8388656, 0, 100667499, 0, 0, 0, 0, 0, 0, 0, 0, 4, 0, 0, 0, 0, 0, 32, -0.1, 0, 0, 0, 0, 0, 0, 0, 0, 0, 33554867, 0, 98307, 0, 150994947, 0, 3084, 0);

INSERT INTO `ace_object` (`baseAceObjectId`, `weenieClassId`, `landblock`, `cell`, `posX`, `posY`, `posZ`, `qW`, `qX`, `qY`, `qZ`)
VALUES (2012229738, 29334, 32515, 817, 90, -60, 11.937, -0.7071068, 0, 0, -0.7071068);

INSERT INTO `base_ace_object` (`baseAceObjectId`, `name`, `typeId`, `paletteId`, `ammoType`, `blipColor`, `bitField`, `burden`, `combatUse`, `cooldownDuration`, `cooldownId`, `effects`, `containersCapacity`, `header`, `hookTypeId`, `iconId`, `iconOverlayId`, `iconUnderlayId`, `hookItemTypes`, `itemsCapacity`, `location`, `materialType`, `maxStackSize`, `maxStructure`, `radar`, `pscript`, `spellId`, `stackSize`, `structure`, `targetTypeId`, `usability`, `useRadius`, `validLocations`, `value`, `workmanship`, `animationFrameId`, `defaultScript`, `defaultScriptIntensity`, `elasticity`, `friction`, `locationId`, `modelTableId`, `objectScale`, `physicsBitField`, `physicsTableId`, `motionTableId`, `soundTableId`, `physicsState`, `translucency`)
VALUES (2012229650, 'Exit to Shoushi', 65536, 0, 0, 0, 262164, 0, 0, 0, 0, 0, 0, 8388656, 0, 100667499, 0, 0, 0, 0, 0, 0, 0, 0, 4, 0, 0, 0, 0, 0, 32, -0.1, 0, 0, 0, 0, 0, 0, 0, 0, 0, 33554867, 0, 98307, 0, 150994947, 0, 3084, 0);

INSERT INTO `ace_object` (`baseAceObjectId`, `weenieClassId`, `landblock`, `cell`, `posX`, `posY`, `posZ`, `qW`, `qX`, `qY`, `qZ`)
VALUES (2012229650, 29337, 32515, 361, 158.641, -149.516, -6.063, 0.7071068, 0, 0, -0.7071068);

INSERT INTO `base_ace_object` (`baseAceObjectId`, `name`, `typeId`, `paletteId`, `ammoType`, `blipColor`, `bitField`, `burden`, `combatUse`, `cooldownDuration`, `cooldownId`, `effects`, `containersCapacity`, `header`, `hookTypeId`, `iconId`, `iconOverlayId`, `iconUnderlayId`, `hookItemTypes`, `itemsCapacity`, `location`, `materialType`, `maxStackSize`, `maxStructure`, `radar`, `pscript`, `spellId`, `stackSize`, `structure`, `targetTypeId`, `usability`, `useRadius`, `validLocations`, `value`, `workmanship`, `animationFrameId`, `defaultScript`, `defaultScriptIntensity`, `elasticity`, `friction`, `locationId`, `modelTableId`, `objectScale`, `physicsBitField`, `physicsTableId`, `motionTableId`, `soundTableId`, `physicsState`, `translucency`)
VALUES (2105921546, 'Dungeon Muddy', 65536, 0, 0, 0, 262164, 0, 0, 0, 0, 0, 0, 8388656, 0, 100667499, 0, 0, 0, 0, 0, 0, 0, 0, 4, 0, 0, 0, 0, 0, 32, -0.1, 0, 0, 0, 0, 0, 0, 0, 0, 0, 33555922, 0, 98307, 0, 150994947, 0, 3084, 0);

INSERT INTO `ace_object` (`baseAceObjectId`, `weenieClassId`, `landblock`, `cell`, `posX`, `posY`, `posZ`, `qW`, `qX`, `qY`, `qZ`)
VALUES (2105921546, 2072, 55389, 14, 32.049, 125.312, 11.937, -0.8913667, 0, 0, -0.4532829);

INSERT INTO `base_ace_object` (`baseAceObjectId`, `name`, `typeId`, `paletteId`, `ammoType`, `blipColor`, `bitField`, `burden`, `combatUse`, `cooldownDuration`, `cooldownId`, `effects`, `containersCapacity`, `header`, `hookTypeId`, `iconId`, `iconOverlayId`, `iconUnderlayId`, `hookItemTypes`, `itemsCapacity`, `location`, `materialType`, `maxStackSize`, `maxStructure`, `radar`, `pscript`, `spellId`, `stackSize`, `structure`, `targetTypeId`, `usability`, `useRadius`, `validLocations`, `value`, `workmanship`, `animationFrameId`, `defaultScript`, `defaultScriptIntensity`, `elasticity`, `friction`, `locationId`, `modelTableId`, `objectScale`, `physicsBitField`, `physicsTableId`, `motionTableId`, `soundTableId`, `physicsState`, `translucency`)
VALUES (1880842242, 'Surface', 65536, 0, 0, 0, 262164, 0, 0, 0, 0, 0, 0, 8388656, 0, 100667499, 0, 0, 0, 0, 0, 0, 0, 0, 4, 0, 0, 0, 0, 0, 32, -0.1, 0, 0, 0, 0, 0, 0, 0, 0, 0, 33554867, 0, 98307, 0, 150994947, 0, 3084, 0);

INSERT INTO `ace_object` (`baseAceObjectId`, `weenieClassId`, `landblock`, `cell`, `posX`, `posY`, `posZ`, `qW`, `qX`, `qY`, `qZ`)
VALUES (1880842242, 2073, 438, 270, 10, 0, -0.06299996, -0.7071068, 0, 0, -0.7071068);

INSERT INTO `base_ace_object` (`baseAceObjectId`, `name`, `typeId`, `paletteId`, `ammoType`, `blipColor`, `bitField`, `burden`, `combatUse`, `cooldownDuration`, `cooldownId`, `effects`, `containersCapacity`, `header`, `hookTypeId`, `iconId`, `iconOverlayId`, `iconUnderlayId`, `hookItemTypes`, `itemsCapacity`, `location`, `materialType`, `maxStackSize`, `maxStructure`, `radar`, `pscript`, `spellId`, `stackSize`, `structure`, `targetTypeId`, `usability`, `useRadius`, `validLocations`, `value`, `workmanship`, `animationFrameId`, `defaultScript`, `defaultScriptIntensity`, `elasticity`, `friction`, `locationId`, `modelTableId`, `objectScale`, `physicsBitField`, `physicsTableId`, `motionTableId`, `soundTableId`, `physicsState`, `translucency`)
VALUES (2031263920, 'House Portal', 65536, 0, 0, 0, 262164, 0, 0, 0, 0, 0, 0, 41943088, 0, 100667499, 0, 0, 0, 0, 0, 0, 0, 0, 4, 0, 0, 0, 0, 0, 32, 0.75, 0, 0, 0, 0, 0, 0, 0, 0, 0, 33554867, 0, 98307, 0, 150994947, 0, 3076, 0);

INSERT INTO `ace_object` (`baseAceObjectId`, `weenieClassId`, `landblock`, `cell`, `posX`, `posY`, `posZ`, `qW`, `qX`, `qY`, `qZ`)
VALUES (2031263920, 11730, 37162, 280, 46.223, 109.566, -4.863, 0.6429066, 0, 0, -0.7659445);

INSERT INTO `base_ace_object` (`baseAceObjectId`, `name`, `typeId`, `paletteId`, `ammoType`, `blipColor`, `bitField`, `burden`, `combatUse`, `cooldownDuration`, `cooldownId`, `effects`, `containersCapacity`, `header`, `hookTypeId`, `iconId`, `iconOverlayId`, `iconUnderlayId`, `hookItemTypes`, `itemsCapacity`, `location`, `materialType`, `maxStackSize`, `maxStructure`, `radar`, `pscript`, `spellId`, `stackSize`, `structure`, `targetTypeId`, `usability`, `useRadius`, `validLocations`, `value`, `workmanship`, `animationFrameId`, `defaultScript`, `defaultScriptIntensity`, `elasticity`, `friction`, `locationId`, `modelTableId`, `objectScale`, `physicsBitField`, `physicsTableId`, `motionTableId`, `soundTableId`, `physicsState`, `translucency`)
VALUES (2031263918, 'House Portal', 65536, 0, 0, 0, 262164, 0, 0, 0, 0, 0, 0, 41943088, 0, 100667499, 0, 0, 0, 0, 0, 0, 0, 0, 4, 0, 0, 0, 0, 0, 32, 0.75, 0, 0, 0, 0, 0, 0, 0, 0, 0, 33554867, 0, 98307, 0, 150994947, 0, 3076, 0);

INSERT INTO `ace_object` (`baseAceObjectId`, `weenieClassId`, `landblock`, `cell`, `posX`, `posY`, `posZ`, `qW`, `qX`, `qY`, `qZ`)
VALUES (2031263918, 11730, 37162, 308, 81.157, 133.752, -4.863, 0.733707, 0, 0, 0.679466);

INSERT INTO `base_ace_object` (`baseAceObjectId`, `name`, `typeId`, `paletteId`, `ammoType`, `blipColor`, `bitField`, `burden`, `combatUse`, `cooldownDuration`, `cooldownId`, `effects`, `containersCapacity`, `header`, `hookTypeId`, `iconId`, `iconOverlayId`, `iconUnderlayId`, `hookItemTypes`, `itemsCapacity`, `location`, `materialType`, `maxStackSize`, `maxStructure`, `radar`, `pscript`, `spellId`, `stackSize`, `structure`, `targetTypeId`, `usability`, `useRadius`, `validLocations`, `value`, `workmanship`, `animationFrameId`, `defaultScript`, `defaultScriptIntensity`, `elasticity`, `friction`, `locationId`, `modelTableId`, `objectScale`, `physicsBitField`, `physicsTableId`, `motionTableId`, `soundTableId`, `physicsState`, `translucency`)
VALUES (2031263916, 'House Portal', 65536, 0, 0, 0, 262164, 0, 0, 0, 0, 0, 0, 41943088, 0, 100667499, 0, 0, 0, 0, 0, 0, 0, 0, 4, 0, 0, 0, 0, 0, 32, 0.75, 0, 0, 0, 0, 0, 0, 0, 0, 0, 33554867, 0, 98307, 0, 150994947, 0, 3076, 0);

INSERT INTO `ace_object` (`baseAceObjectId`, `weenieClassId`, `landblock`, `cell`, `posX`, `posY`, `posZ`, `qW`, `qX`, `qY`, `qZ`)
VALUES (2031263916, 11730, 37162, 339, 166.223, 156.755, -4.863, 0.6832539, 0, 0, -0.7301809);

INSERT INTO `base_ace_object` (`baseAceObjectId`, `name`, `typeId`, `paletteId`, `ammoType`, `blipColor`, `bitField`, `burden`, `combatUse`, `cooldownDuration`, `cooldownId`, `effects`, `containersCapacity`, `header`, `hookTypeId`, `iconId`, `iconOverlayId`, `iconUnderlayId`, `hookItemTypes`, `itemsCapacity`, `location`, `materialType`, `maxStackSize`, `maxStructure`, `radar`, `pscript`, `spellId`, `stackSize`, `structure`, `targetTypeId`, `usability`, `useRadius`, `validLocations`, `value`, `workmanship`, `animationFrameId`, `defaultScript`, `defaultScriptIntensity`, `elasticity`, `friction`, `locationId`, `modelTableId`, `objectScale`, `physicsBitField`, `physicsTableId`, `motionTableId`, `soundTableId`, `physicsState`, `translucency`)
VALUES (2031263914, 'House Portal', 65536, 0, 0, 0, 262164, 0, 0, 0, 0, 0, 0, 41943088, 0, 100667499, 0, 0, 0, 0, 0, 0, 0, 0, 4, 0, 0, 0, 0, 0, 32, 0.75, 0, 0, 0, 0, 0, 0, 0, 0, 0, 33554867, 0, 98307, 0, 150994947, 0, 3076, 0);

INSERT INTO `ace_object` (`baseAceObjectId`, `weenieClassId`, `landblock`, `cell`, `posX`, `posY`, `posZ`, `qW`, `qX`, `qY`, `qZ`)
VALUES (2031263914, 11730, 37162, 367, 129.157, 38.9223, 31.137, 0.6797473, 0, 0, 0.7334464);

INSERT INTO `base_ace_object` (`baseAceObjectId`, `name`, `typeId`, `paletteId`, `ammoType`, `blipColor`, `bitField`, `burden`, `combatUse`, `cooldownDuration`, `cooldownId`, `effects`, `containersCapacity`, `header`, `hookTypeId`, `iconId`, `iconOverlayId`, `iconUnderlayId`, `hookItemTypes`, `itemsCapacity`, `location`, `materialType`, `maxStackSize`, `maxStructure`, `radar`, `pscript`, `spellId`, `stackSize`, `structure`, `targetTypeId`, `usability`, `useRadius`, `validLocations`, `value`, `workmanship`, `animationFrameId`, `defaultScript`, `defaultScriptIntensity`, `elasticity`, `friction`, `locationId`, `modelTableId`, `objectScale`, `physicsBitField`, `physicsTableId`, `motionTableId`, `soundTableId`, `physicsState`, `translucency`)
VALUES (2031263912, 'House Portal', 65536, 0, 0, 0, 262164, 0, 0, 0, 0, 0, 0, 41943088, 0, 100667499, 0, 0, 0, 0, 0, 0, 0, 0, 4, 0, 0, 0, 0, 0, 32, 0.75, 0, 0, 0, 0, 0, 0, 0, 0, 0, 33554867, 0, 98307, 0, 150994947, 0, 3076, 0);

INSERT INTO `ace_object` (`baseAceObjectId`, `weenieClassId`, `landblock`, `cell`, `posX`, `posY`, `posZ`, `qW`, `qX`, `qY`, `qZ`)
VALUES (2031263912, 11730, 37162, 398, 73.777, 60.3921, 11.137, -0.7316989, 0, 0, -0.6816279);

INSERT INTO `base_ace_object` (`baseAceObjectId`, `name`, `typeId`, `paletteId`, `ammoType`, `blipColor`, `bitField`, `burden`, `combatUse`, `cooldownDuration`, `cooldownId`, `effects`, `containersCapacity`, `header`, `hookTypeId`, `iconId`, `iconOverlayId`, `iconUnderlayId`, `hookItemTypes`, `itemsCapacity`, `location`, `materialType`, `maxStackSize`, `maxStructure`, `radar`, `pscript`, `spellId`, `stackSize`, `structure`, `targetTypeId`, `usability`, `useRadius`, `validLocations`, `value`, `workmanship`, `animationFrameId`, `defaultScript`, `defaultScriptIntensity`, `elasticity`, `friction`, `locationId`, `modelTableId`, `objectScale`, `physicsBitField`, `physicsTableId`, `motionTableId`, `soundTableId`, `physicsState`, `translucency`)
VALUES (2031263910, 'House Portal', 65536, 0, 0, 0, 262164, 0, 0, 0, 0, 0, 0, 41943088, 0, 100667499, 0, 0, 0, 0, 0, 0, 0, 0, 4, 0, 0, 0, 0, 0, 32, 0.75, 0, 0, 0, 0, 0, 0, 0, 0, 0, 33554867, 0, 98307, 0, 150994947, 0, 3076, 0);

INSERT INTO `ace_object` (`baseAceObjectId`, `weenieClassId`, `landblock`, `cell`, `posX`, `posY`, `posZ`, `qW`, `qX`, `qY`, `qZ`)
VALUES (2031263910, 11730, 37162, 426, 37.9563, 38.843, 15.137, 0.9999178, 0, 0, -0.0128221);

INSERT INTO `base_ace_object` (`baseAceObjectId`, `name`, `typeId`, `paletteId`, `ammoType`, `blipColor`, `bitField`, `burden`, `combatUse`, `cooldownDuration`, `cooldownId`, `effects`, `containersCapacity`, `header`, `hookTypeId`, `iconId`, `iconOverlayId`, `iconUnderlayId`, `hookItemTypes`, `itemsCapacity`, `location`, `materialType`, `maxStackSize`, `maxStructure`, `radar`, `pscript`, `spellId`, `stackSize`, `structure`, `targetTypeId`, `usability`, `useRadius`, `validLocations`, `value`, `workmanship`, `animationFrameId`, `defaultScript`, `defaultScriptIntensity`, `elasticity`, `friction`, `locationId`, `modelTableId`, `objectScale`, `physicsBitField`, `physicsTableId`, `motionTableId`, `soundTableId`, `physicsState`, `translucency`)
VALUES (2141712384, 'Tusker Lodge', 65536, 0, 0, 0, 262164, 0, 0, 0, 0, 0, 0, 8388656, 0, 100667499, 0, 0, 0, 0, 0, 0, 0, 0, 4, 0, 0, 0, 0, 0, 32, -0.1, 0, 0, 0, 0, 0, 0, 0, 0, 0, 33555922, 0, 98307, 0, 150994947, 0, 3084, 0);

INSERT INTO `ace_object` (`baseAceObjectId`, `weenieClassId`, `landblock`, `cell`, `posX`, `posY`, `posZ`, `qW`, `qX`, `qY`, `qZ`)
VALUES (2141712384, 22688, 64127, 6, 7.6049, 120.782, 45.36843, 0.6267281, 0, 0, -0.779238);

INSERT INTO `base_ace_object` (`baseAceObjectId`, `name`, `typeId`, `paletteId`, `ammoType`, `blipColor`, `bitField`, `burden`, `combatUse`, `cooldownDuration`, `cooldownId`, `effects`, `containersCapacity`, `header`, `hookTypeId`, `iconId`, `iconOverlayId`, `iconUnderlayId`, `hookItemTypes`, `itemsCapacity`, `location`, `materialType`, `maxStackSize`, `maxStructure`, `radar`, `pscript`, `spellId`, `stackSize`, `structure`, `targetTypeId`, `usability`, `useRadius`, `validLocations`, `value`, `workmanship`, `animationFrameId`, `defaultScript`, `defaultScriptIntensity`, `elasticity`, `friction`, `locationId`, `modelTableId`, `objectScale`, `physicsBitField`, `physicsTableId`, `motionTableId`, `soundTableId`, `physicsState`, `translucency`)
VALUES (2140672000, 'Tusker Burrow', 65536, 0, 0, 0, 262164, 0, 0, 0, 0, 0, 0, 8388656, 0, 100667499, 0, 0, 0, 0, 0, 0, 0, 0, 4, 0, 0, 0, 0, 0, 32, -0.1, 0, 0, 0, 0, 0, 0, 0, 0, 0, 33554867, 0, 98307, 0, 150994947, 0, 3084, 0);

INSERT INTO `ace_object` (`baseAceObjectId`, `weenieClassId`, `landblock`, `cell`, `posX`, `posY`, `posZ`, `qW`, `qX`, `qY`, `qZ`)
VALUES (2140672000, 22663, 63873, 64, 176.323, 186.044, 12.43333, 0.783702, 0, 0, -0.621137);

INSERT INTO `base_ace_object` (`baseAceObjectId`, `name`, `typeId`, `paletteId`, `ammoType`, `blipColor`, `bitField`, `burden`, `combatUse`, `cooldownDuration`, `cooldownId`, `effects`, `containersCapacity`, `header`, `hookTypeId`, `iconId`, `iconOverlayId`, `iconUnderlayId`, `hookItemTypes`, `itemsCapacity`, `location`, `materialType`, `maxStackSize`, `maxStructure`, `radar`, `pscript`, `spellId`, `stackSize`, `structure`, `targetTypeId`, `usability`, `useRadius`, `validLocations`, `value`, `workmanship`, `animationFrameId`, `defaultScript`, `defaultScriptIntensity`, `elasticity`, `friction`, `locationId`, `modelTableId`, `objectScale`, `physicsBitField`, `physicsTableId`, `motionTableId`, `soundTableId`, `physicsState`, `translucency`)
VALUES (2140663808, 'Tusker Cave', 65536, 0, 0, 0, 262164, 0, 0, 0, 0, 0, 0, 8388656, 0, 100667499, 0, 0, 0, 0, 0, 0, 0, 0, 4, 0, 0, 0, 0, 0, 32, -0.1, 0, 0, 0, 0, 0, 0, 0, 0, 0, 33555923, 0, 98307, 0, 150994947, 0, 3084, 0);

INSERT INTO `ace_object` (`baseAceObjectId`, `weenieClassId`, `landblock`, `cell`, `posX`, `posY`, `posZ`, `qW`, `qX`, `qY`, `qZ`)
VALUES (2140663808, 22665, 63871, 16, 30.2914, 181.197, 19.18507, -0.9507274, 0, 0, 0.3100281);

INSERT INTO `base_ace_object` (`baseAceObjectId`, `name`, `typeId`, `paletteId`, `ammoType`, `blipColor`, `bitField`, `burden`, `combatUse`, `cooldownDuration`, `cooldownId`, `effects`, `containersCapacity`, `header`, `hookTypeId`, `iconId`, `iconOverlayId`, `iconUnderlayId`, `hookItemTypes`, `itemsCapacity`, `location`, `materialType`, `maxStackSize`, `maxStructure`, `radar`, `pscript`, `spellId`, `stackSize`, `structure`, `targetTypeId`, `usability`, `useRadius`, `validLocations`, `value`, `workmanship`, `animationFrameId`, `defaultScript`, `defaultScriptIntensity`, `elasticity`, `friction`, `locationId`, `modelTableId`, `objectScale`, `physicsBitField`, `physicsTableId`, `motionTableId`, `soundTableId`, `physicsState`, `translucency`)
VALUES (1904943104, 'Destroyed Portal to Greenspire', 65536, 0, 0, 0, 262164, 0, 0, 0, 0, 0, 0, 48, 0, 100667499, 0, 0, 0, 0, 0, 0, 0, 0, 0, 0, 0, 0, 0, 0, 1, -0.1, 0, 0, 0, 0, 0, 0, 0, 0, 0, 33561060, 0, 98307, 0, 150995314, 0, 3092, 0);

INSERT INTO `ace_object` (`baseAceObjectId`, `weenieClassId`, `landblock`, `cell`, `posX`, `posY`, `posZ`, `qW`, `qX`, `qY`, `qZ`)
VALUES (1904943104, 11954, 6322, 26, 81.775, 31.56, 45.16017, 0.5374467, 0, 0, -0.8432977);

INSERT INTO `base_ace_object` (`baseAceObjectId`, `name`, `typeId`, `paletteId`, `ammoType`, `blipColor`, `bitField`, `burden`, `combatUse`, `cooldownDuration`, `cooldownId`, `effects`, `containersCapacity`, `header`, `hookTypeId`, `iconId`, `iconOverlayId`, `iconUnderlayId`, `hookItemTypes`, `itemsCapacity`, `location`, `materialType`, `maxStackSize`, `maxStructure`, `radar`, `pscript`, `spellId`, `stackSize`, `structure`, `targetTypeId`, `usability`, `useRadius`, `validLocations`, `value`, `workmanship`, `animationFrameId`, `defaultScript`, `defaultScriptIntensity`, `elasticity`, `friction`, `locationId`, `modelTableId`, `objectScale`, `physicsBitField`, `physicsTableId`, `motionTableId`, `soundTableId`, `physicsState`, `translucency`)
VALUES (2037538816, 'Lugian Post', 65536, 0, 0, 0, 262164, 0, 0, 0, 0, 0, 0, 8388656, 0, 100667499, 0, 0, 0, 0, 0, 0, 0, 0, 4, 0, 0, 0, 0, 0, 32, -0.1, 0, 0, 0, 0, 0, 0, 0, 0, 0, 33554867, 0, 98307, 0, 150994947, 0, 3084, 0);

INSERT INTO `ace_object` (`baseAceObjectId`, `weenieClassId`, `landblock`, `cell`, `posX`, `posY`, `posZ`, `qW`, `qX`, `qY`, `qZ`)
VALUES (2037538816, 1592, 38694, 12, 38.723, 74.0666, 140.7101, -0.3204061, 0, 0, -0.9472803);

INSERT INTO `base_ace_object` (`baseAceObjectId`, `name`, `typeId`, `paletteId`, `ammoType`, `blipColor`, `bitField`, `burden`, `combatUse`, `cooldownDuration`, `cooldownId`, `effects`, `containersCapacity`, `header`, `hookTypeId`, `iconId`, `iconOverlayId`, `iconUnderlayId`, `hookItemTypes`, `itemsCapacity`, `location`, `materialType`, `maxStackSize`, `maxStructure`, `radar`, `pscript`, `spellId`, `stackSize`, `structure`, `targetTypeId`, `usability`, `useRadius`, `validLocations`, `value`, `workmanship`, `animationFrameId`, `defaultScript`, `defaultScriptIntensity`, `elasticity`, `friction`, `locationId`, `modelTableId`, `objectScale`, `physicsBitField`, `physicsTableId`, `motionTableId`, `soundTableId`, `physicsState`, `translucency`)
VALUES (1880915970, 'Surface', 65536, 0, 0, 0, 262164, 0, 0, 0, 0, 0, 0, 8388656, 0, 100667499, 0, 0, 0, 0, 0, 0, 0, 0, 4, 0, 0, 0, 0, 0, 32, -0.1, 0, 0, 0, 0, 0, 0, 0, 0, 0, 33554867, 0, 98307, 0, 150994947, 0, 3084, 0);

INSERT INTO `ace_object` (`baseAceObjectId`, `weenieClassId`, `landblock`, `cell`, `posX`, `posY`, `posZ`, `qW`, `qX`, `qY`, `qZ`)
VALUES (1880915970, 1593, 456, 267, 7.39135, -58.3264, -0.06299996, -0.7071068, 0, 0, -0.7071068);

INSERT INTO `base_ace_object` (`baseAceObjectId`, `name`, `typeId`, `paletteId`, `ammoType`, `blipColor`, `bitField`, `burden`, `combatUse`, `cooldownDuration`, `cooldownId`, `effects`, `containersCapacity`, `header`, `hookTypeId`, `iconId`, `iconOverlayId`, `iconUnderlayId`, `hookItemTypes`, `itemsCapacity`, `location`, `materialType`, `maxStackSize`, `maxStructure`, `radar`, `pscript`, `spellId`, `stackSize`, `structure`, `targetTypeId`, `usability`, `useRadius`, `validLocations`, `value`, `workmanship`, `animationFrameId`, `defaultScript`, `defaultScriptIntensity`, `elasticity`, `friction`, `locationId`, `modelTableId`, `objectScale`, `physicsBitField`, `physicsTableId`, `motionTableId`, `soundTableId`, `physicsState`, `translucency`)
VALUES (2930389070, 'Heart of Innocence', 65536, 0, 0, 0, 262164, 0, 0, 0, 0, 0, 0, 8388656, 0, 100667499, 0, 0, 0, 0, 0, 0, 0, 0, 4, 0, 0, 0, 0, 0, 32, -0.1, 0, 0, 0, 0, 0, 0, 0, 0, 0, 33555925, 0, 98307, 0, 150994947, 0, 3084, 0);

INSERT INTO `ace_object` (`baseAceObjectId`, `weenieClassId`, `landblock`, `cell`, `posX`, `posY`, `posZ`, `qW`, `qX`, `qY`, `qZ`)
VALUES (2930389070, 24185, 45225, 6, 18.46191, 141.8709, 87.937, 0.0466763, 0, 0, 0.9989101);

INSERT INTO `base_ace_object` (`baseAceObjectId`, `name`, `typeId`, `paletteId`, `ammoType`, `blipColor`, `bitField`, `burden`, `combatUse`, `cooldownDuration`, `cooldownId`, `effects`, `containersCapacity`, `header`, `hookTypeId`, `iconId`, `iconOverlayId`, `iconUnderlayId`, `hookItemTypes`, `itemsCapacity`, `location`, `materialType`, `maxStackSize`, `maxStructure`, `radar`, `pscript`, `spellId`, `stackSize`, `structure`, `targetTypeId`, `usability`, `useRadius`, `validLocations`, `value`, `workmanship`, `animationFrameId`, `defaultScript`, `defaultScriptIntensity`, `elasticity`, `friction`, `locationId`, `modelTableId`, `objectScale`, `physicsBitField`, `physicsTableId`, `motionTableId`, `soundTableId`, `physicsState`, `translucency`)
VALUES (1881972805, 'Surface Portal', 65536, 0, 0, 0, 262164, 0, 0, 0, 0, 0, 0, 8388656, 0, 100667499, 0, 0, 0, 0, 0, 0, 0, 0, 4, 0, 0, 0, 0, 0, 32, -0.1, 0, 0, 0, 0, 0, 0, 0, 0, 0, 33554867, 0, 98307, 0, 150994947, 0, 3084, 0);

INSERT INTO `ace_object` (`baseAceObjectId`, `weenieClassId`, `landblock`, `cell`, `posX`, `posY`, `posZ`, `qW`, `qX`, `qY`, `qZ`)
VALUES (1881972805, 8368, 714, 696, 196.677, -60.084, -0.06299996, -0.7071068, 0, 0, -0.7071068);

INSERT INTO `base_ace_object` (`baseAceObjectId`, `name`, `typeId`, `paletteId`, `ammoType`, `blipColor`, `bitField`, `burden`, `combatUse`, `cooldownDuration`, `cooldownId`, `effects`, `containersCapacity`, `header`, `hookTypeId`, `iconId`, `iconOverlayId`, `iconUnderlayId`, `hookItemTypes`, `itemsCapacity`, `location`, `materialType`, `maxStackSize`, `maxStructure`, `radar`, `pscript`, `spellId`, `stackSize`, `structure`, `targetTypeId`, `usability`, `useRadius`, `validLocations`, `value`, `workmanship`, `animationFrameId`, `defaultScript`, `defaultScriptIntensity`, `elasticity`, `friction`, `locationId`, `modelTableId`, `objectScale`, `physicsBitField`, `physicsTableId`, `motionTableId`, `soundTableId`, `physicsState`, `translucency`)
VALUES (1880375308, 'Surface Portal', 65536, 0, 0, 0, 262164, 0, 0, 0, 0, 0, 0, 8388656, 0, 100667499, 0, 0, 0, 0, 0, 0, 0, 0, 4, 0, 0, 0, 0, 0, 32, -0.1, 0, 0, 0, 0, 0, 0, 0, 0, 0, 33554867, 0, 98307, 0, 150994947, 0, 3084, 0);

INSERT INTO `ace_object` (`baseAceObjectId`, `weenieClassId`, `landblock`, `cell`, `posX`, `posY`, `posZ`, `qW`, `qX`, `qY`, `qZ`)
VALUES (1880375308, 4972, 324, 318, -0.575356, -60.4207, 5.937, 0.7071068, 0, 0, -0.7071068);

INSERT INTO `base_ace_object` (`baseAceObjectId`, `name`, `typeId`, `paletteId`, `ammoType`, `blipColor`, `bitField`, `burden`, `combatUse`, `cooldownDuration`, `cooldownId`, `effects`, `containersCapacity`, `header`, `hookTypeId`, `iconId`, `iconOverlayId`, `iconUnderlayId`, `hookItemTypes`, `itemsCapacity`, `location`, `materialType`, `maxStackSize`, `maxStructure`, `radar`, `pscript`, `spellId`, `stackSize`, `structure`, `targetTypeId`, `usability`, `useRadius`, `validLocations`, `value`, `workmanship`, `animationFrameId`, `defaultScript`, `defaultScriptIntensity`, `elasticity`, `friction`, `locationId`, `modelTableId`, `objectScale`, `physicsBitField`, `physicsTableId`, `motionTableId`, `soundTableId`, `physicsState`, `translucency`)
VALUES (2072432649, 'Mossy Cave', 65536, 0, 0, 0, 262164, 0, 0, 0, 0, 0, 0, 8388656, 0, 100667499, 0, 0, 0, 0, 0, 0, 0, 0, 4, 0, 0, 0, 0, 0, 32, -0.1, 0, 0, 0, 0, 0, 0, 0, 0, 0, 33555923, 0, 98307, 0, 150994947, 0, 3084, 0);

INSERT INTO `ace_object` (`baseAceObjectId`, `weenieClassId`, `landblock`, `cell`, `posX`, `posY`, `posZ`, `qW`, `qX`, `qY`, `qZ`)
VALUES (2072432649, 28261, 47213, 62, 175.751, 142.413, -0.9629999, -0.8042411, 0, 0, 0.5943031);

INSERT INTO `base_ace_object` (`baseAceObjectId`, `name`, `typeId`, `paletteId`, `ammoType`, `blipColor`, `bitField`, `burden`, `combatUse`, `cooldownDuration`, `cooldownId`, `effects`, `containersCapacity`, `header`, `hookTypeId`, `iconId`, `iconOverlayId`, `iconUnderlayId`, `hookItemTypes`, `itemsCapacity`, `location`, `materialType`, `maxStackSize`, `maxStructure`, `radar`, `pscript`, `spellId`, `stackSize`, `structure`, `targetTypeId`, `usability`, `useRadius`, `validLocations`, `value`, `workmanship`, `animationFrameId`, `defaultScript`, `defaultScriptIntensity`, `elasticity`, `friction`, `locationId`, `modelTableId`, `objectScale`, `physicsBitField`, `physicsTableId`, `motionTableId`, `soundTableId`, `physicsState`, `translucency`)
VALUES (2073481216, 'Destroyed Portal to Shoushi', 65536, 0, 0, 0, 262164, 0, 0, 0, 0, 0, 0, 48, 0, 100667499, 0, 0, 0, 0, 0, 0, 0, 0, 0, 0, 0, 0, 0, 0, 1, -0.1, 0, 0, 0, 0, 0, 0, 0, 0, 0, 33561060, 0, 98307, 0, 150995314, 0, 3092, 0);

INSERT INTO `ace_object` (`baseAceObjectId`, `weenieClassId`, `landblock`, `cell`, `posX`, `posY`, `posZ`, `qW`, `qX`, `qY`, `qZ`)
VALUES (2073481216, 1027, 47469, 33, 119.5, 7.4, 9.748504, 1, 0, 0, 0);

INSERT INTO `base_ace_object` (`baseAceObjectId`, `name`, `typeId`, `paletteId`, `ammoType`, `blipColor`, `bitField`, `burden`, `combatUse`, `cooldownDuration`, `cooldownId`, `effects`, `containersCapacity`, `header`, `hookTypeId`, `iconId`, `iconOverlayId`, `iconUnderlayId`, `hookItemTypes`, `itemsCapacity`, `location`, `materialType`, `maxStackSize`, `maxStructure`, `radar`, `pscript`, `spellId`, `stackSize`, `structure`, `targetTypeId`, `usability`, `useRadius`, `validLocations`, `value`, `workmanship`, `animationFrameId`, `defaultScript`, `defaultScriptIntensity`, `elasticity`, `friction`, `locationId`, `modelTableId`, `objectScale`, `physicsBitField`, `physicsTableId`, `motionTableId`, `soundTableId`, `physicsState`, `translucency`)
VALUES (1880584209, 'Exit to Surface', 65536, 0, 0, 0, 262164, 0, 0, 0, 0, 0, 0, 8388656, 0, 100667499, 0, 0, 0, 0, 0, 0, 0, 0, 4, 0, 0, 0, 0, 0, 32, -0.1, 0, 0, 0, 0, 0, 0, 0, 0, 0, 33554867, 0, 98307, 0, 150994947, 0, 3084, 0);

INSERT INTO `ace_object` (`baseAceObjectId`, `weenieClassId`, `landblock`, `cell`, `posX`, `posY`, `posZ`, `qW`, `qX`, `qY`, `qZ`)
VALUES (1880584209, 28262, 375, 336, 29.8557, -46.72753, -0.06299996, -0.02755611, 0, 0, -0.9996203);

INSERT INTO `base_ace_object` (`baseAceObjectId`, `name`, `typeId`, `paletteId`, `ammoType`, `blipColor`, `bitField`, `burden`, `combatUse`, `cooldownDuration`, `cooldownId`, `effects`, `containersCapacity`, `header`, `hookTypeId`, `iconId`, `iconOverlayId`, `iconUnderlayId`, `hookItemTypes`, `itemsCapacity`, `location`, `materialType`, `maxStackSize`, `maxStructure`, `radar`, `pscript`, `spellId`, `stackSize`, `structure`, `targetTypeId`, `usability`, `useRadius`, `validLocations`, `value`, `workmanship`, `animationFrameId`, `defaultScript`, `defaultScriptIntensity`, `elasticity`, `friction`, `locationId`, `modelTableId`, `objectScale`, `physicsBitField`, `physicsTableId`, `motionTableId`, `soundTableId`, `physicsState`, `translucency`)
VALUES (2061963264, 'Desert Ridge Border', 65536, 0, 0, 0, 262164, 0, 0, 0, 0, 0, 0, 8388656, 0, 100667499, 0, 0, 0, 0, 0, 0, 0, 0, 4, 0, 0, 0, 0, 0, 32, -0.1, 0, 0, 0, 0, 0, 0, 0, 0, 0, 33554867, 0, 98307, 0, 150994947, 0, 3084, 0);

INSERT INTO `ace_object` (`baseAceObjectId`, `weenieClassId`, `landblock`, `cell`, `posX`, `posY`, `posZ`, `qW`, `qX`, `qY`, `qZ`)
VALUES (2061963264, 1903, 44657, 12, 36.9392, 83.8978, 20.85873, 0.8371019, 0, 0, 0.547047);

INSERT INTO `base_ace_object` (`baseAceObjectId`, `name`, `typeId`, `paletteId`, `ammoType`, `blipColor`, `bitField`, `burden`, `combatUse`, `cooldownDuration`, `cooldownId`, `effects`, `containersCapacity`, `header`, `hookTypeId`, `iconId`, `iconOverlayId`, `iconUnderlayId`, `hookItemTypes`, `itemsCapacity`, `location`, `materialType`, `maxStackSize`, `maxStructure`, `radar`, `pscript`, `spellId`, `stackSize`, `structure`, `targetTypeId`, `usability`, `useRadius`, `validLocations`, `value`, `workmanship`, `animationFrameId`, `defaultScript`, `defaultScriptIntensity`, `elasticity`, `friction`, `locationId`, `modelTableId`, `objectScale`, `physicsBitField`, `physicsTableId`, `motionTableId`, `soundTableId`, `physicsState`, `translucency`)
VALUES (2061963268, 'The Colosseum', 65536, 0, 0, 0, 262164, 0, 0, 0, 0, 0, 0, 8388656, 0, 100674152, 0, 0, 0, 0, 0, 0, 0, 0, 4, 0, 0, 0, 0, 0, 32, 0.8, 0, 0, 0, 0, 0, 0, 0, 0, 0, 33558268, 0, 34817, 0, 0, 536871008, 66580, 0);

INSERT INTO `ace_object` (`baseAceObjectId`, `weenieClassId`, `landblock`, `cell`, `posX`, `posY`, `posZ`, `qW`, `qX`, `qY`, `qZ`)
VALUES (2061963268, 34508, 44657, 20, 69.4794, 74.5075, 20, 0.0265479, 0, 0, 0.999648);

INSERT INTO `base_ace_object` (`baseAceObjectId`, `name`, `typeId`, `paletteId`, `ammoType`, `blipColor`, `bitField`, `burden`, `combatUse`, `cooldownDuration`, `cooldownId`, `effects`, `containersCapacity`, `header`, `hookTypeId`, `iconId`, `iconOverlayId`, `iconUnderlayId`, `hookItemTypes`, `itemsCapacity`, `location`, `materialType`, `maxStackSize`, `maxStructure`, `radar`, `pscript`, `spellId`, `stackSize`, `structure`, `targetTypeId`, `usability`, `useRadius`, `validLocations`, `value`, `workmanship`, `animationFrameId`, `defaultScript`, `defaultScriptIntensity`, `elasticity`, `friction`, `locationId`, `modelTableId`, `objectScale`, `physicsBitField`, `physicsTableId`, `motionTableId`, `soundTableId`, `physicsState`, `translucency`)
VALUES (2061963267, 'Abandoned Arena', 65536, 0, 0, 0, 262164, 0, 0, 0, 0, 0, 0, 8388656, 0, 100667499, 0, 0, 0, 0, 0, 0, 0, 0, 4, 0, 0, 0, 0, 0, 32, -0.1, 0, 0, 0, 0, 0, 0, 0, 0, 0, 33554867, 0, 98307, 0, 150994947, 0, 3084, 0);

INSERT INTO `ace_object` (`baseAceObjectId`, `weenieClassId`, `landblock`, `cell`, `posX`, `posY`, `posZ`, `qW`, `qX`, `qY`, `qZ`)
VALUES (2061963267, 2391, 44657, 19, 60, 65, 21.937, 1, 0, 0, 0);

INSERT INTO `base_ace_object` (`baseAceObjectId`, `name`, `typeId`, `paletteId`, `ammoType`, `blipColor`, `bitField`, `burden`, `combatUse`, `cooldownDuration`, `cooldownId`, `effects`, `containersCapacity`, `header`, `hookTypeId`, `iconId`, `iconOverlayId`, `iconUnderlayId`, `hookItemTypes`, `itemsCapacity`, `location`, `materialType`, `maxStackSize`, `maxStructure`, `radar`, `pscript`, `spellId`, `stackSize`, `structure`, `targetTypeId`, `usability`, `useRadius`, `validLocations`, `value`, `workmanship`, `animationFrameId`, `defaultScript`, `defaultScriptIntensity`, `elasticity`, `friction`, `locationId`, `modelTableId`, `objectScale`, `physicsBitField`, `physicsTableId`, `motionTableId`, `soundTableId`, `physicsState`, `translucency`)
VALUES (2061963266, 'North Desert Edge', 65536, 0, 0, 0, 262164, 0, 0, 0, 0, 0, 0, 8388656, 0, 100667499, 0, 0, 0, 0, 0, 0, 0, 0, 4, 0, 0, 0, 0, 0, 32, -0.1, 0, 0, 0, 0, 0, 0, 0, 0, 0, 33554867, 0, 98307, 0, 150994947, 0, 3084, 0);

INSERT INTO `ace_object` (`baseAceObjectId`, `weenieClassId`, `landblock`, `cell`, `posX`, `posY`, `posZ`, `qW`, `qX`, `qY`, `qZ`)
VALUES (2061963266, 1905, 44657, 18, 59.998, 29.575, 20.93717, -0.7650111, 0, 0, -0.6440171);

INSERT INTO `base_ace_object` (`baseAceObjectId`, `name`, `typeId`, `paletteId`, `ammoType`, `blipColor`, `bitField`, `burden`, `combatUse`, `cooldownDuration`, `cooldownId`, `effects`, `containersCapacity`, `header`, `hookTypeId`, `iconId`, `iconOverlayId`, `iconUnderlayId`, `hookItemTypes`, `itemsCapacity`, `location`, `materialType`, `maxStackSize`, `maxStructure`, `radar`, `pscript`, `spellId`, `stackSize`, `structure`, `targetTypeId`, `usability`, `useRadius`, `validLocations`, `value`, `workmanship`, `animationFrameId`, `defaultScript`, `defaultScriptIntensity`, `elasticity`, `friction`, `locationId`, `modelTableId`, `objectScale`, `physicsBitField`, `physicsTableId`, `motionTableId`, `soundTableId`, `physicsState`, `translucency`)
VALUES (2061963265, 'Riverbend', 65536, 0, 0, 0, 262164, 0, 0, 0, 0, 0, 0, 8388656, 0, 100667499, 0, 0, 0, 0, 0, 0, 0, 0, 4, 0, 0, 0, 0, 0, 32, -0.1, 0, 0, 0, 0, 0, 0, 0, 0, 0, 33554867, 0, 98307, 0, 150994947, 0, 3084, 0);

INSERT INTO `ace_object` (`baseAceObjectId`, `weenieClassId`, `landblock`, `cell`, `posX`, `posY`, `posZ`, `qW`, `qX`, `qY`, `qZ`)
VALUES (2061963265, 1906, 44657, 26, 76.372, 41.902, 19.937, 0.2309329, 0, 0, -0.9729697);

INSERT INTO `base_ace_object` (`baseAceObjectId`, `name`, `typeId`, `paletteId`, `ammoType`, `blipColor`, `bitField`, `burden`, `combatUse`, `cooldownDuration`, `cooldownId`, `effects`, `containersCapacity`, `header`, `hookTypeId`, `iconId`, `iconOverlayId`, `iconUnderlayId`, `hookItemTypes`, `itemsCapacity`, `location`, `materialType`, `maxStackSize`, `maxStructure`, `radar`, `pscript`, `spellId`, `stackSize`, `structure`, `targetTypeId`, `usability`, `useRadius`, `validLocations`, `value`, `workmanship`, `animationFrameId`, `defaultScript`, `defaultScriptIntensity`, `elasticity`, `friction`, `locationId`, `modelTableId`, `objectScale`, `physicsBitField`, `physicsTableId`, `motionTableId`, `soundTableId`, `physicsState`, `translucency`)
VALUES (1880784925, 'Surface', 65536, 0, 0, 0, 262164, 0, 0, 0, 0, 0, 0, 8388656, 0, 100667499, 0, 0, 0, 0, 0, 0, 0, 0, 4, 0, 0, 0, 0, 0, 32, -0.1, 0, 0, 0, 0, 0, 0, 0, 0, 0, 33554867, 0, 98307, 0, 150994947, 0, 3084, 0);

INSERT INTO `ace_object` (`baseAceObjectId`, `weenieClassId`, `landblock`, `cell`, `posX`, `posY`, `posZ`, `qW`, `qX`, `qY`, `qZ`)
VALUES (1880784925, 2392, 424, 339, 40, 0, -0.06299996, -4.37114E-08, 0, 0, -1);

INSERT INTO `base_ace_object` (`baseAceObjectId`, `name`, `typeId`, `paletteId`, `ammoType`, `blipColor`, `bitField`, `burden`, `combatUse`, `cooldownDuration`, `cooldownId`, `effects`, `containersCapacity`, `header`, `hookTypeId`, `iconId`, `iconOverlayId`, `iconUnderlayId`, `hookItemTypes`, `itemsCapacity`, `location`, `materialType`, `maxStackSize`, `maxStructure`, `radar`, `pscript`, `spellId`, `stackSize`, `structure`, `targetTypeId`, `usability`, `useRadius`, `validLocations`, `value`, `workmanship`, `animationFrameId`, `defaultScript`, `defaultScriptIntensity`, `elasticity`, `friction`, `locationId`, `modelTableId`, `objectScale`, `physicsBitField`, `physicsTableId`, `motionTableId`, `soundTableId`, `physicsState`, `translucency`)
VALUES (2100584618, 'House Portal', 65536, 0, 0, 0, 262164, 0, 0, 0, 0, 0, 0, 41943088, 0, 100667499, 0, 0, 0, 0, 0, 0, 0, 0, 4, 0, 0, 0, 0, 0, 32, 0.75, 0, 0, 0, 0, 0, 0, 0, 0, 0, 33554867, 0, 98307, 0, 150994947, 0, 3076, 0);

INSERT INTO `ace_object` (`baseAceObjectId`, `weenieClassId`, `landblock`, `cell`, `posX`, `posY`, `posZ`, `qW`, `qX`, `qY`, `qZ`)
VALUES (2100584618, 11730, 54086, 280, 33.454, 153.527, 31.137, -0.02301101, 0, 0, 0.9997352);

INSERT INTO `base_ace_object` (`baseAceObjectId`, `name`, `typeId`, `paletteId`, `ammoType`, `blipColor`, `bitField`, `burden`, `combatUse`, `cooldownDuration`, `cooldownId`, `effects`, `containersCapacity`, `header`, `hookTypeId`, `iconId`, `iconOverlayId`, `iconUnderlayId`, `hookItemTypes`, `itemsCapacity`, `location`, `materialType`, `maxStackSize`, `maxStructure`, `radar`, `pscript`, `spellId`, `stackSize`, `structure`, `targetTypeId`, `usability`, `useRadius`, `validLocations`, `value`, `workmanship`, `animationFrameId`, `defaultScript`, `defaultScriptIntensity`, `elasticity`, `friction`, `locationId`, `modelTableId`, `objectScale`, `physicsBitField`, `physicsTableId`, `motionTableId`, `soundTableId`, `physicsState`, `translucency`)
VALUES (2100584624, 'House Portal', 65536, 0, 0, 0, 262164, 0, 0, 0, 0, 0, 0, 8388656, 0, 100667499, 0, 0, 0, 0, 0, 0, 0, 0, 4, 0, 0, 0, 0, 0, 32, 0.75, 0, 0, 0, 0, 0, 0, 0, 0, 0, 33554867, 0, 98307, 0, 150994947, 0, 3076, 0);

INSERT INTO `ace_object` (`baseAceObjectId`, `weenieClassId`, `landblock`, `cell`, `posX`, `posY`, `posZ`, `qW`, `qX`, `qY`, `qZ`)
VALUES (2100584624, 11730, 54086, 311, 117.553, 155.341, 29.137, 0.6581649, 0, 0, -0.7528738);

INSERT INTO `base_ace_object` (`baseAceObjectId`, `name`, `typeId`, `paletteId`, `ammoType`, `blipColor`, `bitField`, `burden`, `combatUse`, `cooldownDuration`, `cooldownId`, `effects`, `containersCapacity`, `header`, `hookTypeId`, `iconId`, `iconOverlayId`, `iconUnderlayId`, `hookItemTypes`, `itemsCapacity`, `location`, `materialType`, `maxStackSize`, `maxStructure`, `radar`, `pscript`, `spellId`, `stackSize`, `structure`, `targetTypeId`, `usability`, `useRadius`, `validLocations`, `value`, `workmanship`, `animationFrameId`, `defaultScript`, `defaultScriptIntensity`, `elasticity`, `friction`, `locationId`, `modelTableId`, `objectScale`, `physicsBitField`, `physicsTableId`, `motionTableId`, `soundTableId`, `physicsState`, `translucency`)
VALUES (2100584622, 'House Portal', 65536, 0, 0, 0, 262164, 0, 0, 0, 0, 0, 0, 41943088, 0, 100667499, 0, 0, 0, 0, 0, 0, 0, 0, 4, 0, 0, 0, 0, 0, 32, 0.75, 0, 0, 0, 0, 0, 0, 0, 0, 0, 33554867, 0, 98307, 0, 150994947, 0, 3076, 0);

INSERT INTO `ace_object` (`baseAceObjectId`, `weenieClassId`, `landblock`, `cell`, `posX`, `posY`, `posZ`, `qW`, `qX`, `qY`, `qZ`)
VALUES (2100584622, 11730, 54086, 339, 153.847, 111.555, 31.137, 0.7171268, 0, 0, 0.6969427);

INSERT INTO `base_ace_object` (`baseAceObjectId`, `name`, `typeId`, `paletteId`, `ammoType`, `blipColor`, `bitField`, `burden`, `combatUse`, `cooldownDuration`, `cooldownId`, `effects`, `containersCapacity`, `header`, `hookTypeId`, `iconId`, `iconOverlayId`, `iconUnderlayId`, `hookItemTypes`, `itemsCapacity`, `location`, `materialType`, `maxStackSize`, `maxStructure`, `radar`, `pscript`, `spellId`, `stackSize`, `structure`, `targetTypeId`, `usability`, `useRadius`, `validLocations`, `value`, `workmanship`, `animationFrameId`, `defaultScript`, `defaultScriptIntensity`, `elasticity`, `friction`, `locationId`, `modelTableId`, `objectScale`, `physicsBitField`, `physicsTableId`, `motionTableId`, `soundTableId`, `physicsState`, `translucency`)
VALUES (2100584620, 'House Portal', 65536, 0, 0, 0, 262164, 0, 0, 0, 0, 0, 0, 41943088, 0, 100667499, 0, 0, 0, 0, 0, 0, 0, 0, 4, 0, 0, 0, 0, 0, 32, 0.75, 0, 0, 0, 0, 0, 0, 0, 0, 0, 33554867, 0, 98307, 0, 150994947, 0, 3076, 0);

INSERT INTO `ace_object` (`baseAceObjectId`, `weenieClassId`, `landblock`, `cell`, `posX`, `posY`, `posZ`, `qW`, `qX`, `qY`, `qZ`)
VALUES (2100584620, 11730, 54086, 370, 122.514, 36.0444, 37.137, 0.6833639, 0, 0, 0.7300779);

INSERT INTO `base_ace_object` (`baseAceObjectId`, `name`, `typeId`, `paletteId`, `ammoType`, `blipColor`, `bitField`, `burden`, `combatUse`, `cooldownDuration`, `cooldownId`, `effects`, `containersCapacity`, `header`, `hookTypeId`, `iconId`, `iconOverlayId`, `iconUnderlayId`, `hookItemTypes`, `itemsCapacity`, `location`, `materialType`, `maxStackSize`, `maxStructure`, `radar`, `pscript`, `spellId`, `stackSize`, `structure`, `targetTypeId`, `usability`, `useRadius`, `validLocations`, `value`, `workmanship`, `animationFrameId`, `defaultScript`, `defaultScriptIntensity`, `elasticity`, `friction`, `locationId`, `modelTableId`, `objectScale`, `physicsBitField`, `physicsTableId`, `motionTableId`, `soundTableId`, `physicsState`, `translucency`)
VALUES (2100584614, 'House Portal', 65536, 0, 0, 0, 262164, 0, 0, 0, 0, 0, 0, 41943088, 0, 100667499, 0, 0, 0, 0, 0, 0, 0, 0, 4, 0, 0, 0, 0, 0, 32, 0.75, 0, 0, 0, 0, 0, 0, 0, 0, 0, 33554867, 0, 98307, 0, 150994947, 0, 3076, 0);

INSERT INTO `ace_object` (`baseAceObjectId`, `weenieClassId`, `landblock`, `cell`, `posX`, `posY`, `posZ`, `qW`, `qX`, `qY`, `qZ`)
VALUES (2100584614, 11730, 54086, 398, 62.8964, 38.1498, 35.137, 0.9998189, 0, 0, 0.0190323);

INSERT INTO `base_ace_object` (`baseAceObjectId`, `name`, `typeId`, `paletteId`, `ammoType`, `blipColor`, `bitField`, `burden`, `combatUse`, `cooldownDuration`, `cooldownId`, `effects`, `containersCapacity`, `header`, `hookTypeId`, `iconId`, `iconOverlayId`, `iconUnderlayId`, `hookItemTypes`, `itemsCapacity`, `location`, `materialType`, `maxStackSize`, `maxStructure`, `radar`, `pscript`, `spellId`, `stackSize`, `structure`, `targetTypeId`, `usability`, `useRadius`, `validLocations`, `value`, `workmanship`, `animationFrameId`, `defaultScript`, `defaultScriptIntensity`, `elasticity`, `friction`, `locationId`, `modelTableId`, `objectScale`, `physicsBitField`, `physicsTableId`, `motionTableId`, `soundTableId`, `physicsState`, `translucency`)
VALUES (2100584616, 'House Portal', 65536, 0, 0, 0, 262164, 0, 0, 0, 0, 0, 0, 8388656, 0, 100667499, 0, 0, 0, 0, 0, 0, 0, 0, 4, 0, 0, 0, 0, 0, 32, 0.75, 0, 0, 0, 0, 0, 0, 0, 0, 0, 33554867, 0, 98307, 0, 150994947, 0, 3076, 0);

INSERT INTO `ace_object` (`baseAceObjectId`, `weenieClassId`, `landblock`, `cell`, `posX`, `posY`, `posZ`, `qW`, `qX`, `qY`, `qZ`)
VALUES (2100584616, 11730, 54086, 429, 45.5394, 83.2251, 35.137, 0.7453521, 0, 0, -0.666671);

INSERT INTO `base_ace_object` (`baseAceObjectId`, `name`, `typeId`, `paletteId`, `ammoType`, `blipColor`, `bitField`, `burden`, `combatUse`, `cooldownDuration`, `cooldownId`, `effects`, `containersCapacity`, `header`, `hookTypeId`, `iconId`, `iconOverlayId`, `iconUnderlayId`, `hookItemTypes`, `itemsCapacity`, `location`, `materialType`, `maxStackSize`, `maxStructure`, `radar`, `pscript`, `spellId`, `stackSize`, `structure`, `targetTypeId`, `usability`, `useRadius`, `validLocations`, `value`, `workmanship`, `animationFrameId`, `defaultScript`, `defaultScriptIntensity`, `elasticity`, `friction`, `locationId`, `modelTableId`, `objectScale`, `physicsBitField`, `physicsTableId`, `motionTableId`, `soundTableId`, `physicsState`, `translucency`)
VALUES (2100596736, 'Murk Warrens', 65536, 0, 0, 0, 262164, 0, 0, 0, 0, 0, 0, 8388656, 0, 100667499, 0, 0, 0, 0, 0, 0, 0, 0, 4, 0, 0, 0, 0, 0, 32, -0.1, 0, 0, 0, 0, 0, 0, 0, 0, 0, 33554867, 0, 98307, 0, 150994947, 0, 3084, 0);

INSERT INTO `ace_object` (`baseAceObjectId`, `weenieClassId`, `landblock`, `cell`, `posX`, `posY`, `posZ`, `qW`, `qX`, `qY`, `qZ`)
VALUES (2100596736, 7252, 54089, 12, 43.9883, 82.9734, 37.60269, 0.7021822, 0, 0, -0.7119973);

INSERT INTO `base_ace_object` (`baseAceObjectId`, `name`, `typeId`, `paletteId`, `ammoType`, `blipColor`, `bitField`, `burden`, `combatUse`, `cooldownDuration`, `cooldownId`, `effects`, `containersCapacity`, `header`, `hookTypeId`, `iconId`, `iconOverlayId`, `iconUnderlayId`, `hookItemTypes`, `itemsCapacity`, `location`, `materialType`, `maxStackSize`, `maxStructure`, `radar`, `pscript`, `spellId`, `stackSize`, `structure`, `targetTypeId`, `usability`, `useRadius`, `validLocations`, `value`, `workmanship`, `animationFrameId`, `defaultScript`, `defaultScriptIntensity`, `elasticity`, `friction`, `locationId`, `modelTableId`, `objectScale`, `physicsBitField`, `physicsTableId`, `motionTableId`, `soundTableId`, `physicsState`, `translucency`)
VALUES (1880096775, 'Surface Portal', 65536, 0, 0, 0, 262164, 0, 0, 0, 0, 0, 0, 8388656, 0, 100667499, 0, 0, 0, 0, 0, 0, 0, 0, 4, 0, 0, 0, 0, 0, 32, -0.1, 0, 0, 0, 0, 0, 0, 0, 0, 0, 33554867, 0, 98307, 0, 150994947, 0, 3084, 0);

INSERT INTO `ace_object` (`baseAceObjectId`, `weenieClassId`, `landblock`, `cell`, `posX`, `posY`, `posZ`, `qW`, `qX`, `qY`, `qZ`)
VALUES (1880096775, 7253, 256, 277, 40, -210, -0.06299996, 1, 0, 0, 0);

INSERT INTO `base_ace_object` (`baseAceObjectId`, `name`, `typeId`, `paletteId`, `ammoType`, `blipColor`, `bitField`, `burden`, `combatUse`, `cooldownDuration`, `cooldownId`, `effects`, `containersCapacity`, `header`, `hookTypeId`, `iconId`, `iconOverlayId`, `iconUnderlayId`, `hookItemTypes`, `itemsCapacity`, `location`, `materialType`, `maxStackSize`, `maxStructure`, `radar`, `pscript`, `spellId`, `stackSize`, `structure`, `targetTypeId`, `usability`, `useRadius`, `validLocations`, `value`, `workmanship`, `animationFrameId`, `defaultScript`, `defaultScriptIntensity`, `elasticity`, `friction`, `locationId`, `modelTableId`, `objectScale`, `physicsBitField`, `physicsTableId`, `motionTableId`, `soundTableId`, `physicsState`, `translucency`)
VALUES (2056917061, 'House Portal', 65536, 0, 0, 0, 262164, 0, 0, 0, 0, 0, 0, 8388656, 0, 100667499, 0, 0, 0, 0, 0, 0, 0, 0, 4, 0, 0, 0, 0, 0, 32, 0.75, 0, 0, 0, 0, 0, 0, 0, 0, 0, 33554867, 0, 98307, 0, 150994947, 0, 3076, 0);

INSERT INTO `ace_object` (`baseAceObjectId`, `weenieClassId`, `landblock`, `cell`, `posX`, `posY`, `posZ`, `qW`, `qX`, `qY`, `qZ`)
VALUES (2056917061, 11730, 43425, 338, 67.5839, 150.839, 117.937, 0.684814, 0, 0, -0.7287179);

INSERT INTO `base_ace_object` (`baseAceObjectId`, `name`, `typeId`, `paletteId`, `ammoType`, `blipColor`, `bitField`, `burden`, `combatUse`, `cooldownDuration`, `cooldownId`, `effects`, `containersCapacity`, `header`, `hookTypeId`, `iconId`, `iconOverlayId`, `iconUnderlayId`, `hookItemTypes`, `itemsCapacity`, `location`, `materialType`, `maxStackSize`, `maxStructure`, `radar`, `pscript`, `spellId`, `stackSize`, `structure`, `targetTypeId`, `usability`, `useRadius`, `validLocations`, `value`, `workmanship`, `animationFrameId`, `defaultScript`, `defaultScriptIntensity`, `elasticity`, `friction`, `locationId`, `modelTableId`, `objectScale`, `physicsBitField`, `physicsTableId`, `motionTableId`, `soundTableId`, `physicsState`, `translucency`)
VALUES (2019143749, 'House Portal', 65536, 0, 0, 0, 262164, 0, 0, 0, 0, 0, 0, 8388656, 0, 100667499, 0, 0, 0, 0, 0, 0, 0, 0, 4, 0, 0, 0, 0, 0, 32, 0.75, 0, 0, 0, 0, 0, 0, 0, 0, 0, 33554867, 0, 98307, 0, 150994947, 0, 3076, 0);

INSERT INTO `ace_object` (`baseAceObjectId`, `weenieClassId`, `landblock`, `cell`, `posX`, `posY`, `posZ`, `qW`, `qX`, `qY`, `qZ`)
VALUES (2019143749, 11730, 34203, 338, 115.657, 127.052, 89.937, 0.7054744, 0, 0, -0.7087354);

INSERT INTO `base_ace_object` (`baseAceObjectId`, `name`, `typeId`, `paletteId`, `ammoType`, `blipColor`, `bitField`, `burden`, `combatUse`, `cooldownDuration`, `cooldownId`, `effects`, `containersCapacity`, `header`, `hookTypeId`, `iconId`, `iconOverlayId`, `iconUnderlayId`, `hookItemTypes`, `itemsCapacity`, `location`, `materialType`, `maxStackSize`, `maxStructure`, `radar`, `pscript`, `spellId`, `stackSize`, `structure`, `targetTypeId`, `usability`, `useRadius`, `validLocations`, `value`, `workmanship`, `animationFrameId`, `defaultScript`, `defaultScriptIntensity`, `elasticity`, `friction`, `locationId`, `modelTableId`, `objectScale`, `physicsBitField`, `physicsTableId`, `motionTableId`, `soundTableId`, `physicsState`, `translucency`)
VALUES (2013859840, 'Destroyed Portal to Cragstone', 65536, 0, 0, 0, 262164, 0, 0, 0, 0, 0, 0, 48, 0, 100667499, 0, 0, 0, 0, 0, 0, 0, 0, 0, 0, 0, 0, 0, 0, 1, -0.1, 0, 0, 0, 0, 0, 0, 0, 0, 0, 33561060, 0, 98307, 0, 150995314, 0, 3092, 0);

INSERT INTO `ace_object` (`baseAceObjectId`, `weenieClassId`, `landblock`, `cell`, `posX`, `posY`, `posZ`, `qW`, `qX`, `qY`, `qZ`)
VALUES (2013859840, 1014, 32913, 24, 57.6433, 185.034, 64.95117, -0.7143988, 0, 0, -0.6997388);

INSERT INTO `base_ace_object` (`baseAceObjectId`, `name`, `typeId`, `paletteId`, `ammoType`, `blipColor`, `bitField`, `burden`, `combatUse`, `cooldownDuration`, `cooldownId`, `effects`, `containersCapacity`, `header`, `hookTypeId`, `iconId`, `iconOverlayId`, `iconUnderlayId`, `hookItemTypes`, `itemsCapacity`, `location`, `materialType`, `maxStackSize`, `maxStructure`, `radar`, `pscript`, `spellId`, `stackSize`, `structure`, `targetTypeId`, `usability`, `useRadius`, `validLocations`, `value`, `workmanship`, `animationFrameId`, `defaultScript`, `defaultScriptIntensity`, `elasticity`, `friction`, `locationId`, `modelTableId`, `objectScale`, `physicsBitField`, `physicsTableId`, `motionTableId`, `soundTableId`, `physicsState`, `translucency`)
VALUES (1881026566, 'North Glenden Prison', 65536, 0, 0, 0, 262164, 0, 0, 0, 0, 0, 0, 8388656, 0, 100667499, 0, 0, 0, 0, 0, 0, 0, 0, 4, 0, 0, 0, 0, 0, 32, -0.1, 0, 0, 0, 0, 0, 0, 0, 0, 0, 33555925, 0, 98307, 0, 150994947, 0, 3084, 0);

INSERT INTO `ace_object` (`baseAceObjectId`, `weenieClassId`, `landblock`, `cell`, `posX`, `posY`, `posZ`, `qW`, `qX`, `qY`, `qZ`)
VALUES (1881026566, 1311, 483, 261, 82.411, -36.9036, -30.063, 0.8550249, 0, 0, -0.5185869);

INSERT INTO `base_ace_object` (`baseAceObjectId`, `name`, `typeId`, `paletteId`, `ammoType`, `blipColor`, `bitField`, `burden`, `combatUse`, `cooldownDuration`, `cooldownId`, `effects`, `containersCapacity`, `header`, `hookTypeId`, `iconId`, `iconOverlayId`, `iconUnderlayId`, `hookItemTypes`, `itemsCapacity`, `location`, `materialType`, `maxStackSize`, `maxStructure`, `radar`, `pscript`, `spellId`, `stackSize`, `structure`, `targetTypeId`, `usability`, `useRadius`, `validLocations`, `value`, `workmanship`, `animationFrameId`, `defaultScript`, `defaultScriptIntensity`, `elasticity`, `friction`, `locationId`, `modelTableId`, `objectScale`, `physicsBitField`, `physicsTableId`, `motionTableId`, `soundTableId`, `physicsState`, `translucency`)
VALUES (1881030716, 'Surface', 65536, 0, 0, 0, 262164, 0, 0, 0, 0, 0, 0, 8388656, 0, 100667499, 0, 0, 0, 0, 0, 0, 0, 0, 4, 0, 0, 0, 0, 0, 32, -0.1, 0, 0, 0, 0, 0, 0, 0, 0, 0, 33554867, 0, 98307, 0, 150994947, 0, 3084, 0);

INSERT INTO `ace_object` (`baseAceObjectId`, `weenieClassId`, `landblock`, `cell`, `posX`, `posY`, `posZ`, `qW`, `qX`, `qY`, `qZ`)
VALUES (1881030716, 1312, 484, 518, 50.567, -6.54278, 5.937, 1, 0, 0, 0);

INSERT INTO `base_ace_object` (`baseAceObjectId`, `name`, `typeId`, `paletteId`, `ammoType`, `blipColor`, `bitField`, `burden`, `combatUse`, `cooldownDuration`, `cooldownId`, `effects`, `containersCapacity`, `header`, `hookTypeId`, `iconId`, `iconOverlayId`, `iconUnderlayId`, `hookItemTypes`, `itemsCapacity`, `location`, `materialType`, `maxStackSize`, `maxStructure`, `radar`, `pscript`, `spellId`, `stackSize`, `structure`, `targetTypeId`, `usability`, `useRadius`, `validLocations`, `value`, `workmanship`, `animationFrameId`, `defaultScript`, `defaultScriptIntensity`, `elasticity`, `friction`, `locationId`, `modelTableId`, `objectScale`, `physicsBitField`, `physicsTableId`, `motionTableId`, `soundTableId`, `physicsState`, `translucency`)
VALUES (1881030887, 'Commander''s Quarters', 65536, 0, 0, 0, 262164, 0, 0, 0, 0, 0, 0, 8388656, 0, 100667499, 0, 0, 0, 0, 0, 0, 0, 0, 4, 0, 0, 0, 0, 0, 32, -0.1, 0, 0, 0, 0, 0, 0, 0, 0, 0, 33555925, 0, 98307, 0, 150994947, 0, 3084, 0);

INSERT INTO `ace_object` (`baseAceObjectId`, `weenieClassId`, `landblock`, `cell`, `posX`, `posY`, `posZ`, `qW`, `qX`, `qY`, `qZ`)
VALUES (1881030887, 32292, 484, 384, 49, -22, -12.063, -0.009023002, 0, 0, -0.9999593);

INSERT INTO `base_ace_object` (`baseAceObjectId`, `name`, `typeId`, `paletteId`, `ammoType`, `blipColor`, `bitField`, `burden`, `combatUse`, `cooldownDuration`, `cooldownId`, `effects`, `containersCapacity`, `header`, `hookTypeId`, `iconId`, `iconOverlayId`, `iconUnderlayId`, `hookItemTypes`, `itemsCapacity`, `location`, `materialType`, `maxStackSize`, `maxStructure`, `radar`, `pscript`, `spellId`, `stackSize`, `structure`, `targetTypeId`, `usability`, `useRadius`, `validLocations`, `value`, `workmanship`, `animationFrameId`, `defaultScript`, `defaultScriptIntensity`, `elasticity`, `friction`, `locationId`, `modelTableId`, `objectScale`, `physicsBitField`, `physicsTableId`, `motionTableId`, `soundTableId`, `physicsState`, `translucency`)
VALUES (1880240134, 'Glenden Wood Portal', 65536, 0, 0, 0, 262164, 0, 0, 0, 0, 0, 0, 8388656, 0, 100667499, 0, 0, 0, 0, 0, 0, 0, 0, 4, 0, 0, 0, 0, 0, 32, -0.1, 0, 0, 0, 0, 0, 0, 0, 0, 0, 33554867, 0, 98307, 0, 150994947, 0, 3084, 0);

INSERT INTO `ace_object` (`baseAceObjectId`, `weenieClassId`, `landblock`, `cell`, `posX`, `posY`, `posZ`, `qW`, `qX`, `qY`, `qZ`)
VALUES (1880240134, 42814, 291, 294, 30, -63.132, 5.937, 0, 0, 0, -1);

INSERT INTO `base_ace_object` (`baseAceObjectId`, `name`, `typeId`, `paletteId`, `ammoType`, `blipColor`, `bitField`, `burden`, `combatUse`, `cooldownDuration`, `cooldownId`, `effects`, `containersCapacity`, `header`, `hookTypeId`, `iconId`, `iconOverlayId`, `iconUnderlayId`, `hookItemTypes`, `itemsCapacity`, `location`, `materialType`, `maxStackSize`, `maxStructure`, `radar`, `pscript`, `spellId`, `stackSize`, `structure`, `targetTypeId`, `usability`, `useRadius`, `validLocations`, `value`, `workmanship`, `animationFrameId`, `defaultScript`, `defaultScriptIntensity`, `elasticity`, `friction`, `locationId`, `modelTableId`, `objectScale`, `physicsBitField`, `physicsTableId`, `motionTableId`, `soundTableId`, `physicsState`, `translucency`)
VALUES (1880342559, 'Surface Portal', 65536, 0, 0, 0, 262164, 0, 0, 0, 0, 0, 0, 8388656, 0, 100667499, 0, 0, 0, 0, 0, 0, 0, 0, 4, 0, 0, 0, 0, 0, 32, -0.1, 0, 0, 0, 0, 0, 0, 0, 0, 0, 33554867, 0, 98307, 0, 150994947, 0, 3084, 0);

INSERT INTO `ace_object` (`baseAceObjectId`, `weenieClassId`, `landblock`, `cell`, `posX`, `posY`, `posZ`, `qW`, `qX`, `qY`, `qZ`)
VALUES (1880342559, 5605, 316, 509, 0.90337, -33.7106, 5.937, 0, 0, 0, -1);

INSERT INTO `base_ace_object` (`baseAceObjectId`, `name`, `typeId`, `paletteId`, `ammoType`, `blipColor`, `bitField`, `burden`, `combatUse`, `cooldownDuration`, `cooldownId`, `effects`, `containersCapacity`, `header`, `hookTypeId`, `iconId`, `iconOverlayId`, `iconUnderlayId`, `hookItemTypes`, `itemsCapacity`, `location`, `materialType`, `maxStackSize`, `maxStructure`, `radar`, `pscript`, `spellId`, `stackSize`, `structure`, `targetTypeId`, `usability`, `useRadius`, `validLocations`, `value`, `workmanship`, `animationFrameId`, `defaultScript`, `defaultScriptIntensity`, `elasticity`, `friction`, `locationId`, `modelTableId`, `objectScale`, `physicsBitField`, `physicsTableId`, `motionTableId`, `soundTableId`, `physicsState`, `translucency`)
VALUES (1880342554, 'Surface Portal', 65536, 0, 0, 0, 262164, 0, 0, 0, 0, 0, 0, 8388656, 0, 100667499, 0, 0, 0, 0, 0, 0, 0, 0, 4, 0, 0, 0, 0, 0, 32, -0.1, 0, 0, 0, 0, 0, 0, 0, 0, 0, 33554867, 0, 98307, 0, 150994947, 0, 3084, 0);

INSERT INTO `ace_object` (`baseAceObjectId`, `weenieClassId`, `landblock`, `cell`, `posX`, `posY`, `posZ`, `qW`, `qX`, `qY`, `qZ`)
VALUES (1880342554, 5605, 316, 498, 219.867, -106.46, -0.06299996, 0.9966641, 0, 0, -0.081613);

INSERT INTO `base_ace_object` (`baseAceObjectId`, `name`, `typeId`, `paletteId`, `ammoType`, `blipColor`, `bitField`, `burden`, `combatUse`, `cooldownDuration`, `cooldownId`, `effects`, `containersCapacity`, `header`, `hookTypeId`, `iconId`, `iconOverlayId`, `iconUnderlayId`, `hookItemTypes`, `itemsCapacity`, `location`, `materialType`, `maxStackSize`, `maxStructure`, `radar`, `pscript`, `spellId`, `stackSize`, `structure`, `targetTypeId`, `usability`, `useRadius`, `validLocations`, `value`, `workmanship`, `animationFrameId`, `defaultScript`, `defaultScriptIntensity`, `elasticity`, `friction`, `locationId`, `modelTableId`, `objectScale`, `physicsBitField`, `physicsTableId`, `motionTableId`, `soundTableId`, `physicsState`, `translucency`)
VALUES (1880281094, 'Portal to Samsur', 65536, 0, 0, 0, 262164, 0, 0, 0, 0, 0, 0, 8388656, 0, 100667499, 0, 0, 0, 0, 0, 0, 0, 0, 4, 0, 0, 0, 0, 0, 32, -0.1, 0, 0, 0, 0, 0, 0, 0, 0, 0, 33554867, 0, 98307, 0, 150994947, 0, 3084, 0);

INSERT INTO `ace_object` (`baseAceObjectId`, `weenieClassId`, `landblock`, `cell`, `posX`, `posY`, `posZ`, `qW`, `qX`, `qY`, `qZ`)
VALUES (1880281094, 42834, 301, 294, 30, -63.132, 5.937, 0, 0, 0, -1);

INSERT INTO `base_ace_object` (`baseAceObjectId`, `name`, `typeId`, `paletteId`, `ammoType`, `blipColor`, `bitField`, `burden`, `combatUse`, `cooldownDuration`, `cooldownId`, `effects`, `containersCapacity`, `header`, `hookTypeId`, `iconId`, `iconOverlayId`, `iconUnderlayId`, `hookItemTypes`, `itemsCapacity`, `location`, `materialType`, `maxStackSize`, `maxStructure`, `radar`, `pscript`, `spellId`, `stackSize`, `structure`, `targetTypeId`, `usability`, `useRadius`, `validLocations`, `value`, `workmanship`, `animationFrameId`, `defaultScript`, `defaultScriptIntensity`, `elasticity`, `friction`, `locationId`, `modelTableId`, `objectScale`, `physicsBitField`, `physicsTableId`, `motionTableId`, `soundTableId`, `physicsState`, `translucency`)
VALUES (1985257625, 'Exit to Surface', 65536, 0, 0, 0, 262164, 0, 0, 0, 0, 0, 0, 8388656, 0, 100667499, 0, 0, 0, 0, 0, 0, 0, 0, 4, 0, 0, 0, 0, 0, 32, -0.1, 0, 0, 0, 0, 0, 0, 0, 0, 0, 33554867, 0, 98307, 0, 150994947, 0, 3084, 0);

INSERT INTO `ace_object` (`baseAceObjectId`, `weenieClassId`, `landblock`, `cell`, `posX`, `posY`, `posZ`, `qW`, `qX`, `qY`, `qZ`)
VALUES (1985257625, 27699, 25930, 322, 90, -86, -0.06299996, -4.37114E-08, 0, 0, -1);

INSERT INTO `base_ace_object` (`baseAceObjectId`, `name`, `typeId`, `paletteId`, `ammoType`, `blipColor`, `bitField`, `burden`, `combatUse`, `cooldownDuration`, `cooldownId`, `effects`, `containersCapacity`, `header`, `hookTypeId`, `iconId`, `iconOverlayId`, `iconUnderlayId`, `hookItemTypes`, `itemsCapacity`, `location`, `materialType`, `maxStackSize`, `maxStructure`, `radar`, `pscript`, `spellId`, `stackSize`, `structure`, `targetTypeId`, `usability`, `useRadius`, `validLocations`, `value`, `workmanship`, `animationFrameId`, `defaultScript`, `defaultScriptIntensity`, `elasticity`, `friction`, `locationId`, `modelTableId`, `objectScale`, `physicsBitField`, `physicsTableId`, `motionTableId`, `soundTableId`, `physicsState`, `translucency`)
VALUES (2874692625, 'Renegade Stronghold', 65536, 0, 0, 0, 262164, 0, 0, 0, 0, 0, 0, 8388656, 0, 100667499, 0, 0, 0, 0, 0, 0, 0, 0, 4, 0, 0, 0, 0, 0, 32, -0.1, 0, 0, 0, 0, 0, 0, 0, 0, 0, 33555926, 0, 98307, 0, 150994947, 0, 3084, 0);

INSERT INTO `ace_object` (`baseAceObjectId`, `weenieClassId`, `landblock`, `cell`, `posX`, `posY`, `posZ`, `qW`, `qX`, `qY`, `qZ`)
VALUES (2874692625, 27698, 34410, 50, 152.685, 38.7557, 10.70736, 0.5211619, 0, 0, 0.8534578);

INSERT INTO `base_ace_object` (`baseAceObjectId`, `name`, `typeId`, `paletteId`, `ammoType`, `blipColor`, `bitField`, `burden`, `combatUse`, `cooldownDuration`, `cooldownId`, `effects`, `containersCapacity`, `header`, `hookTypeId`, `iconId`, `iconOverlayId`, `iconUnderlayId`, `hookItemTypes`, `itemsCapacity`, `location`, `materialType`, `maxStackSize`, `maxStructure`, `radar`, `pscript`, `spellId`, `stackSize`, `structure`, `targetTypeId`, `usability`, `useRadius`, `validLocations`, `value`, `workmanship`, `animationFrameId`, `defaultScript`, `defaultScriptIntensity`, `elasticity`, `friction`, `locationId`, `modelTableId`, `objectScale`, `physicsBitField`, `physicsTableId`, `motionTableId`, `soundTableId`, `physicsState`, `translucency`)
VALUES (1880297478, 'Tufa Portal', 65536, 0, 0, 0, 262164, 0, 0, 0, 0, 0, 0, 8388656, 0, 100667499, 0, 0, 0, 0, 0, 0, 0, 0, 4, 0, 0, 0, 0, 0, 32, -0.1, 0, 0, 0, 0, 0, 0, 0, 0, 0, 33554867, 0, 98307, 0, 150994947, 0, 3084, 0);

INSERT INTO `ace_object` (`baseAceObjectId`, `weenieClassId`, `landblock`, `cell`, `posX`, `posY`, `posZ`, `qW`, `qX`, `qY`, `qZ`)
VALUES (1880297478, 42829, 305, 294, 30, -63.132, 5.937, 0, 0, 0, -1);

INSERT INTO `base_ace_object` (`baseAceObjectId`, `name`, `typeId`, `paletteId`, `ammoType`, `blipColor`, `bitField`, `burden`, `combatUse`, `cooldownDuration`, `cooldownId`, `effects`, `containersCapacity`, `header`, `hookTypeId`, `iconId`, `iconOverlayId`, `iconUnderlayId`, `hookItemTypes`, `itemsCapacity`, `location`, `materialType`, `maxStackSize`, `maxStructure`, `radar`, `pscript`, `spellId`, `stackSize`, `structure`, `targetTypeId`, `usability`, `useRadius`, `validLocations`, `value`, `workmanship`, `animationFrameId`, `defaultScript`, `defaultScriptIntensity`, `elasticity`, `friction`, `locationId`, `modelTableId`, `objectScale`, `physicsBitField`, `physicsTableId`, `motionTableId`, `soundTableId`, `physicsState`, `translucency`)
VALUES (2033496079, 'Surface Portal', 65536, 0, 0, 0, 262164, 0, 0, 0, 0, 0, 0, 8388656, 0, 100667499, 0, 0, 0, 0, 0, 0, 0, 0, 4, 0, 0, 0, 0, 0, 32, -0.1, 0, 0, 0, 0, 0, 0, 0, 0, 0, 33554867, 0, 98307, 0, 150994947, 0, 3084, 0);

INSERT INTO `ace_object` (`baseAceObjectId`, `weenieClassId`, `landblock`, `cell`, `posX`, `posY`, `posZ`, `qW`, `qX`, `qY`, `qZ`)
VALUES (2033496079, 8219, 37707, 308, 187.988, 28.043, -31.663, 0, 0, 0, -1);

INSERT INTO `base_ace_object` (`baseAceObjectId`, `name`, `typeId`, `paletteId`, `ammoType`, `blipColor`, `bitField`, `burden`, `combatUse`, `cooldownDuration`, `cooldownId`, `effects`, `containersCapacity`, `header`, `hookTypeId`, `iconId`, `iconOverlayId`, `iconUnderlayId`, `hookItemTypes`, `itemsCapacity`, `location`, `materialType`, `maxStackSize`, `maxStructure`, `radar`, `pscript`, `spellId`, `stackSize`, `structure`, `targetTypeId`, `usability`, `useRadius`, `validLocations`, `value`, `workmanship`, `animationFrameId`, `defaultScript`, `defaultScriptIntensity`, `elasticity`, `friction`, `locationId`, `modelTableId`, `objectScale`, `physicsBitField`, `physicsTableId`, `motionTableId`, `soundTableId`, `physicsState`, `translucency`)
VALUES (2033496078, 'Uninhabited Area Portal', 65536, 0, 0, 0, 262164, 0, 0, 0, 0, 0, 0, 8388656, 0, 100667499, 0, 0, 0, 0, 0, 0, 0, 0, 4, 0, 0, 0, 0, 0, 32, -0.1, 0, 0, 0, 0, 0, 0, 0, 0, 0, 33554867, 0, 98307, 0, 150994947, 0, 3084, 0);

INSERT INTO `ace_object` (`baseAceObjectId`, `weenieClassId`, `landblock`, `cell`, `posX`, `posY`, `posZ`, `qW`, `qX`, `qY`, `qZ`)
VALUES (2033496078, 8220, 37707, 307, 154.812, 84.995, -31.663, 0.7071068, 0, 0, -0.7071068);

INSERT INTO `base_ace_object` (`baseAceObjectId`, `name`, `typeId`, `paletteId`, `ammoType`, `blipColor`, `bitField`, `burden`, `combatUse`, `cooldownDuration`, `cooldownId`, `effects`, `containersCapacity`, `header`, `hookTypeId`, `iconId`, `iconOverlayId`, `iconUnderlayId`, `hookItemTypes`, `itemsCapacity`, `location`, `materialType`, `maxStackSize`, `maxStructure`, `radar`, `pscript`, `spellId`, `stackSize`, `structure`, `targetTypeId`, `usability`, `useRadius`, `validLocations`, `value`, `workmanship`, `animationFrameId`, `defaultScript`, `defaultScriptIntensity`, `elasticity`, `friction`, `locationId`, `modelTableId`, `objectScale`, `physicsBitField`, `physicsTableId`, `motionTableId`, `soundTableId`, `physicsState`, `translucency`)
VALUES (1880252422, 'Portal to Khayyaban', 65536, 0, 0, 0, 262164, 0, 0, 0, 0, 0, 0, 8388656, 0, 100667499, 0, 0, 0, 0, 0, 0, 0, 0, 4, 0, 0, 0, 0, 0, 32, -0.1, 0, 0, 0, 0, 0, 0, 0, 0, 0, 33555923, 0, 98307, 0, 150994947, 0, 3084, 0);

INSERT INTO `ace_object` (`baseAceObjectId`, `weenieClassId`, `landblock`, `cell`, `posX`, `posY`, `posZ`, `qW`, `qX`, `qY`, `qZ`)
VALUES (1880252422, 42822, 294, 294, 30, -63.132, 5.937, 0, 0, 0, -1);

INSERT INTO `base_ace_object` (`baseAceObjectId`, `name`, `typeId`, `paletteId`, `ammoType`, `blipColor`, `bitField`, `burden`, `combatUse`, `cooldownDuration`, `cooldownId`, `effects`, `containersCapacity`, `header`, `hookTypeId`, `iconId`, `iconOverlayId`, `iconUnderlayId`, `hookItemTypes`, `itemsCapacity`, `location`, `materialType`, `maxStackSize`, `maxStructure`, `radar`, `pscript`, `spellId`, `stackSize`, `structure`, `targetTypeId`, `usability`, `useRadius`, `validLocations`, `value`, `workmanship`, `animationFrameId`, `defaultScript`, `defaultScriptIntensity`, `elasticity`, `friction`, `locationId`, `modelTableId`, `objectScale`, `physicsBitField`, `physicsTableId`, `motionTableId`, `soundTableId`, `physicsState`, `translucency`)
VALUES (1880854536, 'Destroyed Portal to Samsur', 65536, 0, 0, 0, 262164, 0, 0, 0, 0, 0, 0, 48, 0, 100667499, 0, 0, 0, 0, 0, 0, 0, 0, 0, 0, 0, 0, 0, 0, 1, -0.1, 0, 0, 0, 0, 0, 0, 0, 0, 0, 33561060, 0, 98307, 0, 150995314, 0, 3092, 0);

INSERT INTO `ace_object` (`baseAceObjectId`, `weenieClassId`, `landblock`, `cell`, `posX`, `posY`, `posZ`, `qW`, `qX`, `qY`, `qZ`)
VALUES (1880854536, 1026, 441, 288, 0, -20, -0.20983, 1, 0, 0, 0);

INSERT INTO `base_ace_object` (`baseAceObjectId`, `name`, `typeId`, `paletteId`, `ammoType`, `blipColor`, `bitField`, `burden`, `combatUse`, `cooldownDuration`, `cooldownId`, `effects`, `containersCapacity`, `header`, `hookTypeId`, `iconId`, `iconOverlayId`, `iconUnderlayId`, `hookItemTypes`, `itemsCapacity`, `location`, `materialType`, `maxStackSize`, `maxStructure`, `radar`, `pscript`, `spellId`, `stackSize`, `structure`, `targetTypeId`, `usability`, `useRadius`, `validLocations`, `value`, `workmanship`, `animationFrameId`, `defaultScript`, `defaultScriptIntensity`, `elasticity`, `friction`, `locationId`, `modelTableId`, `objectScale`, `physicsBitField`, `physicsTableId`, `motionTableId`, `soundTableId`, `physicsState`, `translucency`)
VALUES (1880301574, 'Uziz Portal', 65536, 0, 0, 0, 262164, 0, 0, 0, 0, 0, 0, 8388656, 0, 100667499, 0, 0, 0, 0, 0, 0, 0, 0, 4, 0, 0, 0, 0, 0, 32, -0.1, 0, 0, 0, 0, 0, 0, 0, 0, 0, 33554867, 0, 98307, 0, 150994947, 0, 3084, 0);

INSERT INTO `ace_object` (`baseAceObjectId`, `weenieClassId`, `landblock`, `cell`, `posX`, `posY`, `posZ`, `qW`, `qX`, `qY`, `qZ`)
VALUES (1880301574, 42821, 306, 294, 30, -63.132, 5.937, 0, 0, 0, -1);

INSERT INTO `base_ace_object` (`baseAceObjectId`, `name`, `typeId`, `paletteId`, `ammoType`, `blipColor`, `bitField`, `burden`, `combatUse`, `cooldownDuration`, `cooldownId`, `effects`, `containersCapacity`, `header`, `hookTypeId`, `iconId`, `iconOverlayId`, `iconUnderlayId`, `hookItemTypes`, `itemsCapacity`, `location`, `materialType`, `maxStackSize`, `maxStructure`, `radar`, `pscript`, `spellId`, `stackSize`, `structure`, `targetTypeId`, `usability`, `useRadius`, `validLocations`, `value`, `workmanship`, `animationFrameId`, `defaultScript`, `defaultScriptIntensity`, `elasticity`, `friction`, `locationId`, `modelTableId`, `objectScale`, `physicsBitField`, `physicsTableId`, `motionTableId`, `soundTableId`, `physicsState`, `translucency`)
VALUES (1880215558, 'Portal to Al-Arqas', 65536, 0, 0, 0, 262164, 0, 0, 0, 0, 0, 0, 8388656, 0, 100667499, 0, 0, 0, 0, 0, 0, 0, 0, 4, 0, 0, 0, 0, 0, 32, -0.1, 0, 0, 0, 0, 0, 0, 0, 0, 0, 33554867, 0, 98307, 0, 150994947, 0, 3084, 0);

INSERT INTO `ace_object` (`baseAceObjectId`, `weenieClassId`, `landblock`, `cell`, `posX`, `posY`, `posZ`, `qW`, `qX`, `qY`, `qZ`)
VALUES (1880215558, 42823, 285, 294, 30, -63.132, 5.937, 0, 0, 0, -1);

INSERT INTO `base_ace_object` (`baseAceObjectId`, `name`, `typeId`, `paletteId`, `ammoType`, `blipColor`, `bitField`, `burden`, `combatUse`, `cooldownDuration`, `cooldownId`, `effects`, `containersCapacity`, `header`, `hookTypeId`, `iconId`, `iconOverlayId`, `iconUnderlayId`, `hookItemTypes`, `itemsCapacity`, `location`, `materialType`, `maxStackSize`, `maxStructure`, `radar`, `pscript`, `spellId`, `stackSize`, `structure`, `targetTypeId`, `usability`, `useRadius`, `validLocations`, `value`, `workmanship`, `animationFrameId`, `defaultScript`, `defaultScriptIntensity`, `elasticity`, `friction`, `locationId`, `modelTableId`, `objectScale`, `physicsBitField`, `physicsTableId`, `motionTableId`, `soundTableId`, `physicsState`, `translucency`)
VALUES (1880379436, 'Surface', 65536, 0, 0, 0, 262164, 0, 0, 0, 0, 0, 0, 8388656, 0, 100667499, 0, 0, 0, 0, 0, 0, 0, 0, 4, 0, 0, 0, 0, 0, 32, -0.1, 0, 0, 0, 0, 0, 0, 0, 0, 0, 33554867, 0, 98307, 0, 150994947, 0, 3084, 0);

INSERT INTO `ace_object` (`baseAceObjectId`, `weenieClassId`, `landblock`, `cell`, `posX`, `posY`, `posZ`, `qW`, `qX`, `qY`, `qZ`)
VALUES (1880379436, 4918, 325, 419, 100.362, -46.4276, 5.937, -4.37114E-08, 0, 0, -1);

INSERT INTO `base_ace_object` (`baseAceObjectId`, `name`, `typeId`, `paletteId`, `ammoType`, `blipColor`, `bitField`, `burden`, `combatUse`, `cooldownDuration`, `cooldownId`, `effects`, `containersCapacity`, `header`, `hookTypeId`, `iconId`, `iconOverlayId`, `iconUnderlayId`, `hookItemTypes`, `itemsCapacity`, `location`, `materialType`, `maxStackSize`, `maxStructure`, `radar`, `pscript`, `spellId`, `stackSize`, `structure`, `targetTypeId`, `usability`, `useRadius`, `validLocations`, `value`, `workmanship`, `animationFrameId`, `defaultScript`, `defaultScriptIntensity`, `elasticity`, `friction`, `locationId`, `modelTableId`, `objectScale`, `physicsBitField`, `physicsTableId`, `motionTableId`, `soundTableId`, `physicsState`, `translucency`)
VALUES (1880379430, 'Surface', 65536, 0, 0, 0, 262164, 0, 0, 0, 0, 0, 0, 8388656, 0, 100667499, 0, 0, 0, 0, 0, 0, 0, 0, 4, 0, 0, 0, 0, 0, 32, -0.1, 0, 0, 0, 0, 0, 0, 0, 0, 0, 33554867, 0, 98307, 0, 150994947, 0, 3084, 0);

INSERT INTO `ace_object` (`baseAceObjectId`, `weenieClassId`, `landblock`, `cell`, `posX`, `posY`, `posZ`, `qW`, `qX`, `qY`, `qZ`)
VALUES (1880379430, 4918, 325, 392, 40, -40, 5.937, -0.7071068, 0, 0, -0.7071068);

INSERT INTO `base_ace_object` (`baseAceObjectId`, `name`, `typeId`, `paletteId`, `ammoType`, `blipColor`, `bitField`, `burden`, `combatUse`, `cooldownDuration`, `cooldownId`, `effects`, `containersCapacity`, `header`, `hookTypeId`, `iconId`, `iconOverlayId`, `iconUnderlayId`, `hookItemTypes`, `itemsCapacity`, `location`, `materialType`, `maxStackSize`, `maxStructure`, `radar`, `pscript`, `spellId`, `stackSize`, `structure`, `targetTypeId`, `usability`, `useRadius`, `validLocations`, `value`, `workmanship`, `animationFrameId`, `defaultScript`, `defaultScriptIntensity`, `elasticity`, `friction`, `locationId`, `modelTableId`, `objectScale`, `physicsBitField`, `physicsTableId`, `motionTableId`, `soundTableId`, `physicsState`, `translucency`)
VALUES (1882861568, 'Surface', 65536, 0, 0, 0, 262164, 0, 0, 0, 0, 0, 0, 8388656, 0, 100667499, 0, 0, 0, 0, 0, 0, 0, 0, 4, 0, 0, 0, 0, 0, 32, -0.1, 0, 0, 0, 0, 0, 0, 0, 0, 0, 33554867, 0, 98307, 0, 150994947, 0, 3084, 0);

INSERT INTO `ace_object` (`baseAceObjectId`, `weenieClassId`, `landblock`, `cell`, `posX`, `posY`, `posZ`, `qW`, `qX`, `qY`, `qZ`)
VALUES (1882861568, 12151, 931, 256, 0, -40, -6.063, 0.7071068, 0, 0, -0.7071068);

INSERT INTO `base_ace_object` (`baseAceObjectId`, `name`, `typeId`, `paletteId`, `ammoType`, `blipColor`, `bitField`, `burden`, `combatUse`, `cooldownDuration`, `cooldownId`, `effects`, `containersCapacity`, `header`, `hookTypeId`, `iconId`, `iconOverlayId`, `iconUnderlayId`, `hookItemTypes`, `itemsCapacity`, `location`, `materialType`, `maxStackSize`, `maxStructure`, `radar`, `pscript`, `spellId`, `stackSize`, `structure`, `targetTypeId`, `usability`, `useRadius`, `validLocations`, `value`, `workmanship`, `animationFrameId`, `defaultScript`, `defaultScriptIntensity`, `elasticity`, `friction`, `locationId`, `modelTableId`, `objectScale`, `physicsBitField`, `physicsTableId`, `motionTableId`, `soundTableId`, `physicsState`, `translucency`)
VALUES (1882857472, 'Surface', 65536, 0, 0, 0, 262164, 0, 0, 0, 0, 0, 0, 8388656, 0, 100667499, 0, 0, 0, 0, 0, 0, 0, 0, 4, 0, 0, 0, 0, 0, 32, -0.1, 0, 0, 0, 0, 0, 0, 0, 0, 0, 33554867, 0, 98307, 0, 150994947, 0, 3084, 0);

INSERT INTO `ace_object` (`baseAceObjectId`, `weenieClassId`, `landblock`, `cell`, `posX`, `posY`, `posZ`, `qW`, `qX`, `qY`, `qZ`)
VALUES (1882857472, 12153, 930, 256, 0, -300, -0.06299996, 1, 0, 0, -4.37114E-08);

INSERT INTO `base_ace_object` (`baseAceObjectId`, `name`, `typeId`, `paletteId`, `ammoType`, `blipColor`, `bitField`, `burden`, `combatUse`, `cooldownDuration`, `cooldownId`, `effects`, `containersCapacity`, `header`, `hookTypeId`, `iconId`, `iconOverlayId`, `iconUnderlayId`, `hookItemTypes`, `itemsCapacity`, `location`, `materialType`, `maxStackSize`, `maxStructure`, `radar`, `pscript`, `spellId`, `stackSize`, `structure`, `targetTypeId`, `usability`, `useRadius`, `validLocations`, `value`, `workmanship`, `animationFrameId`, `defaultScript`, `defaultScriptIntensity`, `elasticity`, `friction`, `locationId`, `modelTableId`, `objectScale`, `physicsBitField`, `physicsTableId`, `motionTableId`, `soundTableId`, `physicsState`, `translucency`)
VALUES (2035752960, 'The Asteliary', 65536, 0, 0, 0, 262164, 0, 0, 0, 0, 0, 0, 8388656, 0, 100667499, 0, 0, 0, 0, 0, 0, 0, 0, 4, 0, 0, 0, 0, 0, 32, -0.1, 0, 0, 0, 0, 0, 0, 0, 0, 0, 33555926, 0, 98307, 0, 150994947, 0, 3084, 0);

INSERT INTO `ace_object` (`baseAceObjectId`, `weenieClassId`, `landblock`, `cell`, `posX`, `posY`, `posZ`, `qW`, `qX`, `qY`, `qZ`)
VALUES (2035752960, 12148, 38258, 22, 60.2935, 129.85, 157.1162, -0.7118552, 0, 0, -0.7023262);

INSERT INTO `base_ace_object` (`baseAceObjectId`, `name`, `typeId`, `paletteId`, `ammoType`, `blipColor`, `bitField`, `burden`, `combatUse`, `cooldownDuration`, `cooldownId`, `effects`, `containersCapacity`, `header`, `hookTypeId`, `iconId`, `iconOverlayId`, `iconUnderlayId`, `hookItemTypes`, `itemsCapacity`, `location`, `materialType`, `maxStackSize`, `maxStructure`, `radar`, `pscript`, `spellId`, `stackSize`, `structure`, `targetTypeId`, `usability`, `useRadius`, `validLocations`, `value`, `workmanship`, `animationFrameId`, `defaultScript`, `defaultScriptIntensity`, `elasticity`, `friction`, `locationId`, `modelTableId`, `objectScale`, `physicsBitField`, `physicsTableId`, `motionTableId`, `soundTableId`, `physicsState`, `translucency`)
VALUES (1882865671, 'Surface', 65536, 0, 0, 0, 262164, 0, 0, 0, 0, 0, 0, 8388656, 0, 100667499, 0, 0, 0, 0, 0, 0, 0, 0, 4, 0, 0, 0, 0, 0, 32, -0.1, 0, 0, 0, 0, 0, 0, 0, 0, 0, 33554867, 0, 98307, 0, 150994947, 0, 3084, 0);

INSERT INTO `ace_object` (`baseAceObjectId`, `weenieClassId`, `landblock`, `cell`, `posX`, `posY`, `posZ`, `qW`, `qX`, `qY`, `qZ`)
VALUES (1882865671, 12149, 932, 297, 18, -10, -6.063, 0.7071068, 0, 0, -0.7071068);

INSERT INTO `base_ace_object` (`baseAceObjectId`, `name`, `typeId`, `paletteId`, `ammoType`, `blipColor`, `bitField`, `burden`, `combatUse`, `cooldownDuration`, `cooldownId`, `effects`, `containersCapacity`, `header`, `hookTypeId`, `iconId`, `iconOverlayId`, `iconUnderlayId`, `hookItemTypes`, `itemsCapacity`, `location`, `materialType`, `maxStackSize`, `maxStructure`, `radar`, `pscript`, `spellId`, `stackSize`, `structure`, `targetTypeId`, `usability`, `useRadius`, `validLocations`, `value`, `workmanship`, `animationFrameId`, `defaultScript`, `defaultScriptIntensity`, `elasticity`, `friction`, `locationId`, `modelTableId`, `objectScale`, `physicsBitField`, `physicsTableId`, `motionTableId`, `soundTableId`, `physicsState`, `translucency`)
VALUES (1882865665, 'Surface', 65536, 0, 0, 0, 262164, 0, 0, 0, 0, 0, 0, 8388656, 0, 100667499, 0, 0, 0, 0, 0, 0, 0, 0, 4, 0, 0, 0, 0, 0, 32, -0.1, 0, 0, 0, 0, 0, 0, 0, 0, 0, 33554867, 0, 98307, 0, 150994947, 0, 3084, 0);

INSERT INTO `ace_object` (`baseAceObjectId`, `weenieClassId`, `landblock`, `cell`, `posX`, `posY`, `posZ`, `qW`, `qX`, `qY`, `qZ`)
VALUES (1882865665, 12149, 932, 265, 90, -410, -18.063, 1, 0, 0, -4.37114E-08);

INSERT INTO `base_ace_object` (`baseAceObjectId`, `name`, `typeId`, `paletteId`, `ammoType`, `blipColor`, `bitField`, `burden`, `combatUse`, `cooldownDuration`, `cooldownId`, `effects`, `containersCapacity`, `header`, `hookTypeId`, `iconId`, `iconOverlayId`, `iconUnderlayId`, `hookItemTypes`, `itemsCapacity`, `location`, `materialType`, `maxStackSize`, `maxStructure`, `radar`, `pscript`, `spellId`, `stackSize`, `structure`, `targetTypeId`, `usability`, `useRadius`, `validLocations`, `value`, `workmanship`, `animationFrameId`, `defaultScript`, `defaultScriptIntensity`, `elasticity`, `friction`, `locationId`, `modelTableId`, `objectScale`, `physicsBitField`, `physicsTableId`, `motionTableId`, `soundTableId`, `physicsState`, `translucency`)
VALUES (2110595102, 'House Portal', 65536, 0, 0, 0, 262164, 0, 0, 0, 0, 0, 0, 41943088, 0, 100667499, 0, 0, 0, 0, 0, 0, 0, 0, 4, 0, 0, 0, 0, 0, 32, 0.75, 0, 0, 0, 0, 0, 0, 0, 0, 0, 33554867, 0, 98307, 0, 150994947, 0, 3076, 0);

INSERT INTO `ace_object` (`baseAceObjectId`, `weenieClassId`, `landblock`, `cell`, `posX`, `posY`, `posZ`, `qW`, `qX`, `qY`, `qZ`)
VALUES (2110595102, 11730, 56530, 280, 104.864, 129.842, -0.8630005, -0.009762073, 0, 0, -0.9999524);

INSERT INTO `base_ace_object` (`baseAceObjectId`, `name`, `typeId`, `paletteId`, `ammoType`, `blipColor`, `bitField`, `burden`, `combatUse`, `cooldownDuration`, `cooldownId`, `effects`, `containersCapacity`, `header`, `hookTypeId`, `iconId`, `iconOverlayId`, `iconUnderlayId`, `hookItemTypes`, `itemsCapacity`, `location`, `materialType`, `maxStackSize`, `maxStructure`, `radar`, `pscript`, `spellId`, `stackSize`, `structure`, `targetTypeId`, `usability`, `useRadius`, `validLocations`, `value`, `workmanship`, `animationFrameId`, `defaultScript`, `defaultScriptIntensity`, `elasticity`, `friction`, `locationId`, `modelTableId`, `objectScale`, `physicsBitField`, `physicsTableId`, `motionTableId`, `soundTableId`, `physicsState`, `translucency`)
VALUES (2876487818, 'Passage to Olthoi Island', 65536, 67109370, 0, 0, 262164, 0, 0, 0, 0, 0, 0, 8388656, 0, 100667499, 0, 0, 0, 0, 0, 0, 0, 0, 4, 0, 0, 0, 0, 0, 32, -0.1, 0, 0, 0, 0, 0, 0, 0, 0, 0, 33554867, 0, 98307, 0, 150994947, 0, 3084, 0);

INSERT INTO `ace_object` (`baseAceObjectId`, `weenieClassId`, `landblock`, `cell`, `posX`, `posY`, `posZ`, `qW`, `qX`, `qY`, `qZ`)
VALUES (2876487818, 43536, 56783, 57, 174.152, 10.8512, 1.424334, 1, 0, 0, 0);

INSERT INTO `ace_object_palette_changes` (`baseAceObjectId`, `subPaletteId`, `offset`, `length`)
VALUES (2876487818, 67111849, 8, 2040);

INSERT INTO `base_ace_object` (`baseAceObjectId`, `name`, `typeId`, `paletteId`, `ammoType`, `blipColor`, `bitField`, `burden`, `combatUse`, `cooldownDuration`, `cooldownId`, `effects`, `containersCapacity`, `header`, `hookTypeId`, `iconId`, `iconOverlayId`, `iconUnderlayId`, `hookItemTypes`, `itemsCapacity`, `location`, `materialType`, `maxStackSize`, `maxStructure`, `radar`, `pscript`, `spellId`, `stackSize`, `structure`, `targetTypeId`, `usability`, `useRadius`, `validLocations`, `value`, `workmanship`, `animationFrameId`, `defaultScript`, `defaultScriptIntensity`, `elasticity`, `friction`, `locationId`, `modelTableId`, `objectScale`, `physicsBitField`, `physicsTableId`, `motionTableId`, `soundTableId`, `physicsState`, `translucency`)
VALUES (2876418363, 'Passage to Olthoi Island', 65536, 67109370, 0, 0, 262164, 0, 0, 0, 0, 0, 0, 8388656, 0, 100667499, 0, 0, 0, 0, 0, 0, 0, 0, 4, 0, 0, 0, 0, 0, 32, -0.1, 0, 0, 0, 0, 0, 0, 0, 0, 0, 33554867, 0, 98307, 0, 150994947, 0, 3084, 0);

INSERT INTO `ace_object` (`baseAceObjectId`, `weenieClassId`, `landblock`, `cell`, `posX`, `posY`, `posZ`, `qW`, `qX`, `qY`, `qZ`)
VALUES (2876418363, 43580, 57038, 59, 171.725, 65.2007, 1.937, 1, 0, 0, 0);

INSERT INTO `ace_object_palette_changes` (`baseAceObjectId`, `subPaletteId`, `offset`, `length`)
VALUES (2876418363, 67111849, 8, 2040);

INSERT INTO `base_ace_object` (`baseAceObjectId`, `name`, `typeId`, `paletteId`, `ammoType`, `blipColor`, `bitField`, `burden`, `combatUse`, `cooldownDuration`, `cooldownId`, `effects`, `containersCapacity`, `header`, `hookTypeId`, `iconId`, `iconOverlayId`, `iconUnderlayId`, `hookItemTypes`, `itemsCapacity`, `location`, `materialType`, `maxStackSize`, `maxStructure`, `radar`, `pscript`, `spellId`, `stackSize`, `structure`, `targetTypeId`, `usability`, `useRadius`, `validLocations`, `value`, `workmanship`, `animationFrameId`, `defaultScript`, `defaultScriptIntensity`, `elasticity`, `friction`, `locationId`, `modelTableId`, `objectScale`, `physicsBitField`, `physicsTableId`, `motionTableId`, `soundTableId`, `physicsState`, `translucency`)
VALUES (2104205431, 'House Portal', 65536, 0, 0, 0, 262164, 0, 0, 0, 0, 0, 0, 41943088, 0, 100667499, 0, 0, 0, 0, 0, 0, 0, 0, 4, 0, 0, 0, 0, 0, 32, 0.75, 0, 0, 0, 0, 0, 0, 0, 0, 0, 33554867, 0, 98307, 0, 150994947, 0, 3076, 0);

INSERT INTO `ace_object` (`baseAceObjectId`, `weenieClassId`, `landblock`, `cell`, `posX`, `posY`, `posZ`, `qW`, `qX`, `qY`, `qZ`)
VALUES (2104205431, 11730, 54970, 280, 85.113, 86.072, 39.137, 1, 0, 0, 0);

INSERT INTO `base_ace_object` (`baseAceObjectId`, `name`, `typeId`, `paletteId`, `ammoType`, `blipColor`, `bitField`, `burden`, `combatUse`, `cooldownDuration`, `cooldownId`, `effects`, `containersCapacity`, `header`, `hookTypeId`, `iconId`, `iconOverlayId`, `iconUnderlayId`, `hookItemTypes`, `itemsCapacity`, `location`, `materialType`, `maxStackSize`, `maxStructure`, `radar`, `pscript`, `spellId`, `stackSize`, `structure`, `targetTypeId`, `usability`, `useRadius`, `validLocations`, `value`, `workmanship`, `animationFrameId`, `defaultScript`, `defaultScriptIntensity`, `elasticity`, `friction`, `locationId`, `modelTableId`, `objectScale`, `physicsBitField`, `physicsTableId`, `motionTableId`, `soundTableId`, `physicsState`, `translucency`)
VALUES (2104205434, 'House Portal', 65536, 0, 0, 0, 262164, 0, 0, 0, 0, 0, 0, 41943088, 0, 100667499, 0, 0, 0, 0, 0, 0, 0, 0, 4, 0, 0, 0, 0, 0, 32, 0.75, 0, 0, 0, 0, 0, 0, 0, 0, 0, 33554867, 0, 98307, 0, 150994947, 0, 3076, 0);

INSERT INTO `ace_object` (`baseAceObjectId`, `weenieClassId`, `landblock`, `cell`, `posX`, `posY`, `posZ`, `qW`, `qX`, `qY`, `qZ`)
VALUES (2104205434, 11730, 54970, 311, 117.745, 157.378, 37.137, 0.7071068, 0, 0, -0.7071068);

INSERT INTO `base_ace_object` (`baseAceObjectId`, `name`, `typeId`, `paletteId`, `ammoType`, `blipColor`, `bitField`, `burden`, `combatUse`, `cooldownDuration`, `cooldownId`, `effects`, `containersCapacity`, `header`, `hookTypeId`, `iconId`, `iconOverlayId`, `iconUnderlayId`, `hookItemTypes`, `itemsCapacity`, `location`, `materialType`, `maxStackSize`, `maxStructure`, `radar`, `pscript`, `spellId`, `stackSize`, `structure`, `targetTypeId`, `usability`, `useRadius`, `validLocations`, `value`, `workmanship`, `animationFrameId`, `defaultScript`, `defaultScriptIntensity`, `elasticity`, `friction`, `locationId`, `modelTableId`, `objectScale`, `physicsBitField`, `physicsTableId`, `motionTableId`, `soundTableId`, `physicsState`, `translucency`)
VALUES (2104205433, 'House Portal', 65536, 0, 0, 0, 262164, 0, 0, 0, 0, 0, 0, 41943088, 0, 100667499, 0, 0, 0, 0, 0, 0, 0, 0, 4, 0, 0, 0, 0, 0, 32, 0.75, 0, 0, 0, 0, 0, 0, 0, 0, 0, 33554867, 0, 98307, 0, 150994947, 0, 3076, 0);

INSERT INTO `ace_object` (`baseAceObjectId`, `weenieClassId`, `landblock`, `cell`, `posX`, `posY`, `posZ`, `qW`, `qX`, `qY`, `qZ`)
VALUES (2104205433, 11730, 54970, 339, 157.059, 98.692, 37.137, -4.37114E-08, 0, 0, -1);

INSERT INTO `base_ace_object` (`baseAceObjectId`, `name`, `typeId`, `paletteId`, `ammoType`, `blipColor`, `bitField`, `burden`, `combatUse`, `cooldownDuration`, `cooldownId`, `effects`, `containersCapacity`, `header`, `hookTypeId`, `iconId`, `iconOverlayId`, `iconUnderlayId`, `hookItemTypes`, `itemsCapacity`, `location`, `materialType`, `maxStackSize`, `maxStructure`, `radar`, `pscript`, `spellId`, `stackSize`, `structure`, `targetTypeId`, `usability`, `useRadius`, `validLocations`, `value`, `workmanship`, `animationFrameId`, `defaultScript`, `defaultScriptIntensity`, `elasticity`, `friction`, `locationId`, `modelTableId`, `objectScale`, `physicsBitField`, `physicsTableId`, `motionTableId`, `soundTableId`, `physicsState`, `translucency`)
VALUES (2104205432, 'House Portal', 65536, 0, 0, 0, 262164, 0, 0, 0, 0, 0, 0, 41943088, 0, 100667499, 0, 0, 0, 0, 0, 0, 0, 0, 4, 0, 0, 0, 0, 0, 32, 0.75, 0, 0, 0, 0, 0, 0, 0, 0, 0, 33554867, 0, 98307, 0, 150994947, 0, 3076, 0);

INSERT INTO `ace_object` (`baseAceObjectId`, `weenieClassId`, `landblock`, `cell`, `posX`, `posY`, `posZ`, `qW`, `qX`, `qY`, `qZ`)
VALUES (2104205432, 11730, 54970, 367, 157.848, 38.157, 35.137, 1, 0, 0, 0);

INSERT INTO `base_ace_object` (`baseAceObjectId`, `name`, `typeId`, `paletteId`, `ammoType`, `blipColor`, `bitField`, `burden`, `combatUse`, `cooldownDuration`, `cooldownId`, `effects`, `containersCapacity`, `header`, `hookTypeId`, `iconId`, `iconOverlayId`, `iconUnderlayId`, `hookItemTypes`, `itemsCapacity`, `location`, `materialType`, `maxStackSize`, `maxStructure`, `radar`, `pscript`, `spellId`, `stackSize`, `structure`, `targetTypeId`, `usability`, `useRadius`, `validLocations`, `value`, `workmanship`, `animationFrameId`, `defaultScript`, `defaultScriptIntensity`, `elasticity`, `friction`, `locationId`, `modelTableId`, `objectScale`, `physicsBitField`, `physicsTableId`, `motionTableId`, `soundTableId`, `physicsState`, `translucency`)
VALUES (2096758790, 'High Mountain Valley', 65536, 0, 0, 0, 262164, 0, 0, 0, 0, 0, 0, 8388656, 0, 100667499, 0, 0, 0, 0, 0, 0, 0, 0, 4, 0, 0, 0, 0, 0, 32, -0.1, 0, 0, 0, 0, 0, 0, 0, 0, 0, 33554867, 0, 98307, 0, 150994947, 0, 3084, 0);

INSERT INTO `ace_object` (`baseAceObjectId`, `weenieClassId`, `landblock`, `cell`, `posX`, `posY`, `posZ`, `qW`, `qX`, `qY`, `qZ`)
VALUES (2096758790, 1901, 53152, 264, 47.7108, 72.0798, 1.137, 1, 0, 0, 0);

INSERT INTO `base_ace_object` (`baseAceObjectId`, `name`, `typeId`, `paletteId`, `ammoType`, `blipColor`, `bitField`, `burden`, `combatUse`, `cooldownDuration`, `cooldownId`, `effects`, `containersCapacity`, `header`, `hookTypeId`, `iconId`, `iconOverlayId`, `iconUnderlayId`, `hookItemTypes`, `itemsCapacity`, `location`, `materialType`, `maxStackSize`, `maxStructure`, `radar`, `pscript`, `spellId`, `stackSize`, `structure`, `targetTypeId`, `usability`, `useRadius`, `validLocations`, `value`, `workmanship`, `animationFrameId`, `defaultScript`, `defaultScriptIntensity`, `elasticity`, `friction`, `locationId`, `modelTableId`, `objectScale`, `physicsBitField`, `physicsTableId`, `motionTableId`, `soundTableId`, `physicsState`, `translucency`)
VALUES (2096758788, 'Destroyed Portal to Arwic', 65536, 0, 0, 0, 262164, 0, 0, 0, 0, 0, 0, 48, 0, 100667499, 0, 0, 0, 0, 0, 0, 0, 0, 0, 0, 0, 0, 0, 0, 1, -0.1, 0, 0, 0, 0, 0, 0, 0, 0, 0, 33561060, 0, 98307, 0, 150995314, 0, 3092, 0);

INSERT INTO `ace_object` (`baseAceObjectId`, `weenieClassId`, `landblock`, `cell`, `posX`, `posY`, `posZ`, `qW`, `qX`, `qY`, `qZ`)
VALUES (2096758788, 1013, 53152, 267, 48.153, 48.548, 0.9901696, 1, 0, 0, 0);

INSERT INTO `base_ace_object` (`baseAceObjectId`, `name`, `typeId`, `paletteId`, `ammoType`, `blipColor`, `bitField`, `burden`, `combatUse`, `cooldownDuration`, `cooldownId`, `effects`, `containersCapacity`, `header`, `hookTypeId`, `iconId`, `iconOverlayId`, `iconUnderlayId`, `hookItemTypes`, `itemsCapacity`, `location`, `materialType`, `maxStackSize`, `maxStructure`, `radar`, `pscript`, `spellId`, `stackSize`, `structure`, `targetTypeId`, `usability`, `useRadius`, `validLocations`, `value`, `workmanship`, `animationFrameId`, `defaultScript`, `defaultScriptIntensity`, `elasticity`, `friction`, `locationId`, `modelTableId`, `objectScale`, `physicsBitField`, `physicsTableId`, `motionTableId`, `soundTableId`, `physicsState`, `translucency`)
VALUES (2104016926, 'House Portal', 65536, 0, 0, 0, 262164, 0, 0, 0, 0, 0, 0, 41943088, 0, 100667499, 0, 0, 0, 0, 0, 0, 0, 0, 4, 0, 0, 0, 0, 0, 32, 0.75, 0, 0, 0, 0, 0, 0, 0, 0, 0, 33554867, 0, 98307, 0, 150994947, 0, 3076, 0);

INSERT INTO `ace_object` (`baseAceObjectId`, `weenieClassId`, `landblock`, `cell`, `posX`, `posY`, `posZ`, `qW`, `qX`, `qY`, `qZ`)
VALUES (2104016926, 11730, 54924, 280, 61.8084, 129.266, 9.136999, 0.6491443, 0, 0, -0.7606653);

INSERT INTO `base_ace_object` (`baseAceObjectId`, `name`, `typeId`, `paletteId`, `ammoType`, `blipColor`, `bitField`, `burden`, `combatUse`, `cooldownDuration`, `cooldownId`, `effects`, `containersCapacity`, `header`, `hookTypeId`, `iconId`, `iconOverlayId`, `iconUnderlayId`, `hookItemTypes`, `itemsCapacity`, `location`, `materialType`, `maxStackSize`, `maxStructure`, `radar`, `pscript`, `spellId`, `stackSize`, `structure`, `targetTypeId`, `usability`, `useRadius`, `validLocations`, `value`, `workmanship`, `animationFrameId`, `defaultScript`, `defaultScriptIntensity`, `elasticity`, `friction`, `locationId`, `modelTableId`, `objectScale`, `physicsBitField`, `physicsTableId`, `motionTableId`, `soundTableId`, `physicsState`, `translucency`)
VALUES (2112331922, 'House Portal', 65536, 0, 0, 0, 262164, 0, 0, 0, 0, 0, 0, 41943088, 0, 100667499, 0, 0, 0, 0, 0, 0, 0, 0, 4, 0, 0, 0, 0, 0, 32, 0.75, 0, 0, 0, 0, 0, 0, 0, 0, 0, 33554867, 0, 98307, 0, 150994947, 0, 3076, 0);

INSERT INTO `ace_object` (`baseAceObjectId`, `weenieClassId`, `landblock`, `cell`, `posX`, `posY`, `posZ`, `qW`, `qX`, `qY`, `qZ`)
VALUES (2112331922, 11730, 56954, 280, 62.1901, 105.934, 1.137, -0.7198808, 0, 0, 0.6940978);

INSERT INTO `base_ace_object` (`baseAceObjectId`, `name`, `typeId`, `paletteId`, `ammoType`, `blipColor`, `bitField`, `burden`, `combatUse`, `cooldownDuration`, `cooldownId`, `effects`, `containersCapacity`, `header`, `hookTypeId`, `iconId`, `iconOverlayId`, `iconUnderlayId`, `hookItemTypes`, `itemsCapacity`, `location`, `materialType`, `maxStackSize`, `maxStructure`, `radar`, `pscript`, `spellId`, `stackSize`, `structure`, `targetTypeId`, `usability`, `useRadius`, `validLocations`, `value`, `workmanship`, `animationFrameId`, `defaultScript`, `defaultScriptIntensity`, `elasticity`, `friction`, `locationId`, `modelTableId`, `objectScale`, `physicsBitField`, `physicsTableId`, `motionTableId`, `soundTableId`, `physicsState`, `translucency`)
VALUES (2112331920, 'House Portal', 65536, 0, 0, 0, 262164, 0, 0, 0, 0, 0, 0, 41943088, 0, 100667499, 0, 0, 0, 0, 0, 0, 0, 0, 4, 0, 0, 0, 0, 0, 32, 0.75, 0, 0, 0, 0, 0, 0, 0, 0, 0, 33554867, 0, 98307, 0, 150994947, 0, 3076, 0);

INSERT INTO `ace_object` (`baseAceObjectId`, `weenieClassId`, `landblock`, `cell`, `posX`, `posY`, `posZ`, `qW`, `qX`, `qY`, `qZ`)
VALUES (2112331920, 11730, 56954, 311, 93.5238, 155.814, 1.137, -0.6894501, 0, 0, 0.7243331);

INSERT INTO `base_ace_object` (`baseAceObjectId`, `name`, `typeId`, `paletteId`, `ammoType`, `blipColor`, `bitField`, `burden`, `combatUse`, `cooldownDuration`, `cooldownId`, `effects`, `containersCapacity`, `header`, `hookTypeId`, `iconId`, `iconOverlayId`, `iconUnderlayId`, `hookItemTypes`, `itemsCapacity`, `location`, `materialType`, `maxStackSize`, `maxStructure`, `radar`, `pscript`, `spellId`, `stackSize`, `structure`, `targetTypeId`, `usability`, `useRadius`, `validLocations`, `value`, `workmanship`, `animationFrameId`, `defaultScript`, `defaultScriptIntensity`, `elasticity`, `friction`, `locationId`, `modelTableId`, `objectScale`, `physicsBitField`, `physicsTableId`, `motionTableId`, `soundTableId`, `physicsState`, `translucency`)
VALUES (2112331918, 'House Portal', 65536, 0, 0, 0, 262164, 0, 0, 0, 0, 0, 0, 41943088, 0, 100667499, 0, 0, 0, 0, 0, 0, 0, 0, 4, 0, 0, 0, 0, 0, 32, 0.75, 0, 0, 0, 0, 0, 0, 0, 0, 0, 33554867, 0, 98307, 0, 150994947, 0, 3076, 0);

INSERT INTO `ace_object` (`baseAceObjectId`, `weenieClassId`, `landblock`, `cell`, `posX`, `posY`, `posZ`, `qW`, `qX`, `qY`, `qZ`)
VALUES (2112331918, 11730, 56954, 339, 152.578, 153.829, -0.8630002, 0.0267105, 0, 0, 0.9996432);

INSERT INTO `base_ace_object` (`baseAceObjectId`, `name`, `typeId`, `paletteId`, `ammoType`, `blipColor`, `bitField`, `burden`, `combatUse`, `cooldownDuration`, `cooldownId`, `effects`, `containersCapacity`, `header`, `hookTypeId`, `iconId`, `iconOverlayId`, `iconUnderlayId`, `hookItemTypes`, `itemsCapacity`, `location`, `materialType`, `maxStackSize`, `maxStructure`, `radar`, `pscript`, `spellId`, `stackSize`, `structure`, `targetTypeId`, `usability`, `useRadius`, `validLocations`, `value`, `workmanship`, `animationFrameId`, `defaultScript`, `defaultScriptIntensity`, `elasticity`, `friction`, `locationId`, `modelTableId`, `objectScale`, `physicsBitField`, `physicsTableId`, `motionTableId`, `soundTableId`, `physicsState`, `translucency`)
VALUES (2112331916, 'House Portal', 65536, 0, 0, 0, 262164, 0, 0, 0, 0, 0, 0, 41943088, 0, 100667499, 0, 0, 0, 0, 0, 0, 0, 0, 4, 0, 0, 0, 0, 0, 32, 0.75, 0, 0, 0, 0, 0, 0, 0, 0, 0, 33554867, 0, 98307, 0, 150994947, 0, 3076, 0);

INSERT INTO `ace_object` (`baseAceObjectId`, `weenieClassId`, `landblock`, `cell`, `posX`, `posY`, `posZ`, `qW`, `qX`, `qY`, `qZ`)
VALUES (2112331916, 11730, 56954, 370, 154.097, 86.6622, -0.8630002, 0.706435, 0, 0, 0.7077779);

INSERT INTO `base_ace_object` (`baseAceObjectId`, `name`, `typeId`, `paletteId`, `ammoType`, `blipColor`, `bitField`, `burden`, `combatUse`, `cooldownDuration`, `cooldownId`, `effects`, `containersCapacity`, `header`, `hookTypeId`, `iconId`, `iconOverlayId`, `iconUnderlayId`, `hookItemTypes`, `itemsCapacity`, `location`, `materialType`, `maxStackSize`, `maxStructure`, `radar`, `pscript`, `spellId`, `stackSize`, `structure`, `targetTypeId`, `usability`, `useRadius`, `validLocations`, `value`, `workmanship`, `animationFrameId`, `defaultScript`, `defaultScriptIntensity`, `elasticity`, `friction`, `locationId`, `modelTableId`, `objectScale`, `physicsBitField`, `physicsTableId`, `motionTableId`, `soundTableId`, `physicsState`, `translucency`)
VALUES (2112331924, 'House Portal', 65536, 0, 0, 0, 262164, 0, 0, 0, 0, 0, 0, 8388656, 0, 100667499, 0, 0, 0, 0, 0, 0, 0, 0, 4, 0, 0, 0, 0, 0, 32, 0.75, 0, 0, 0, 0, 0, 0, 0, 0, 0, 33554867, 0, 98307, 0, 150994947, 0, 3076, 0);

INSERT INTO `ace_object` (`baseAceObjectId`, `weenieClassId`, `landblock`, `cell`, `posX`, `posY`, `posZ`, `qW`, `qX`, `qY`, `qZ`)
VALUES (2112331924, 11730, 56954, 401, 74.5138, 35.5892, -0.8630002, -0.6886038, 0, 0, -0.7251378);

INSERT INTO `base_ace_object` (`baseAceObjectId`, `name`, `typeId`, `paletteId`, `ammoType`, `blipColor`, `bitField`, `burden`, `combatUse`, `cooldownDuration`, `cooldownId`, `effects`, `containersCapacity`, `header`, `hookTypeId`, `iconId`, `iconOverlayId`, `iconUnderlayId`, `hookItemTypes`, `itemsCapacity`, `location`, `materialType`, `maxStackSize`, `maxStructure`, `radar`, `pscript`, `spellId`, `stackSize`, `structure`, `targetTypeId`, `usability`, `useRadius`, `validLocations`, `value`, `workmanship`, `animationFrameId`, `defaultScript`, `defaultScriptIntensity`, `elasticity`, `friction`, `locationId`, `modelTableId`, `objectScale`, `physicsBitField`, `physicsTableId`, `motionTableId`, `soundTableId`, `physicsState`, `translucency`)
VALUES (2125713408, 'Lytaway Portal', 65536, 0, 0, 0, 262164, 0, 0, 0, 0, 0, 0, 8388656, 0, 100667499, 0, 0, 0, 0, 0, 0, 0, 0, 4, 0, 0, 0, 0, 0, 32, -0.1, 0, 0, 0, 0, 0, 0, 0, 0, 0, 33555922, 0, 98307, 0, 150994947, 0, 3084, 0);

INSERT INTO `ace_object` (`baseAceObjectId`, `weenieClassId`, `landblock`, `cell`, `posX`, `posY`, `posZ`, `qW`, `qX`, `qY`, `qZ`)
VALUES (2125713408, 4953, 60221, 258, 149, 155, 70.737, 1, 0, 0, 0);

INSERT INTO `base_ace_object` (`baseAceObjectId`, `name`, `typeId`, `paletteId`, `ammoType`, `blipColor`, `bitField`, `burden`, `combatUse`, `cooldownDuration`, `cooldownId`, `effects`, `containersCapacity`, `header`, `hookTypeId`, `iconId`, `iconOverlayId`, `iconUnderlayId`, `hookItemTypes`, `itemsCapacity`, `location`, `materialType`, `maxStackSize`, `maxStructure`, `radar`, `pscript`, `spellId`, `stackSize`, `structure`, `targetTypeId`, `usability`, `useRadius`, `validLocations`, `value`, `workmanship`, `animationFrameId`, `defaultScript`, `defaultScriptIntensity`, `elasticity`, `friction`, `locationId`, `modelTableId`, `objectScale`, `physicsBitField`, `physicsTableId`, `motionTableId`, `soundTableId`, `physicsState`, `translucency`)
VALUES (2125701150, 'House Portal', 65536, 0, 0, 0, 262164, 0, 0, 0, 0, 0, 0, 8388656, 0, 100667499, 0, 0, 0, 0, 0, 0, 0, 0, 4, 0, 0, 0, 0, 0, 32, 0.75, 0, 0, 0, 0, 0, 0, 0, 0, 0, 33554867, 0, 98307, 0, 150994947, 0, 3076, 0);

INSERT INTO `ace_object` (`baseAceObjectId`, `weenieClassId`, `landblock`, `cell`, `posX`, `posY`, `posZ`, `qW`, `qX`, `qY`, `qZ`)
VALUES (2125701150, 11730, 60218, 280, 111.054, 62.1182, 67.137, 0.999827, 0, 0, 0.0186021);

INSERT INTO `base_ace_object` (`baseAceObjectId`, `name`, `typeId`, `paletteId`, `ammoType`, `blipColor`, `bitField`, `burden`, `combatUse`, `cooldownDuration`, `cooldownId`, `effects`, `containersCapacity`, `header`, `hookTypeId`, `iconId`, `iconOverlayId`, `iconUnderlayId`, `hookItemTypes`, `itemsCapacity`, `location`, `materialType`, `maxStackSize`, `maxStructure`, `radar`, `pscript`, `spellId`, `stackSize`, `structure`, `targetTypeId`, `usability`, `useRadius`, `validLocations`, `value`, `workmanship`, `animationFrameId`, `defaultScript`, `defaultScriptIntensity`, `elasticity`, `friction`, `locationId`, `modelTableId`, `objectScale`, `physicsBitField`, `physicsTableId`, `motionTableId`, `soundTableId`, `physicsState`, `translucency`)
VALUES (2123550720, 'Vesayen Isles Portal', 65536, 0, 0, 0, 262164, 0, 0, 0, 0, 0, 0, 8388656, 0, 100667499, 0, 0, 0, 0, 0, 0, 0, 0, 4, 0, 0, 0, 0, 0, 32, -0.1, 0, 0, 0, 0, 0, 0, 0, 0, 0, 33554867, 0, 98307, 0, 150994947, 0, 3084, 0);

INSERT INTO `ace_object` (`baseAceObjectId`, `weenieClassId`, `landblock`, `cell`, `posX`, `posY`, `posZ`, `qW`, `qX`, `qY`, `qZ`)
VALUES (2123550720, 8618, 59693, 35, 104.535, 50.8087, 6.037307, 0.9524887, 0, 0, 0.3045739);

INSERT INTO `base_ace_object` (`baseAceObjectId`, `name`, `typeId`, `paletteId`, `ammoType`, `blipColor`, `bitField`, `burden`, `combatUse`, `cooldownDuration`, `cooldownId`, `effects`, `containersCapacity`, `header`, `hookTypeId`, `iconId`, `iconOverlayId`, `iconUnderlayId`, `hookItemTypes`, `itemsCapacity`, `location`, `materialType`, `maxStackSize`, `maxStructure`, `radar`, `pscript`, `spellId`, `stackSize`, `structure`, `targetTypeId`, `usability`, `useRadius`, `validLocations`, `value`, `workmanship`, `animationFrameId`, `defaultScript`, `defaultScriptIntensity`, `elasticity`, `friction`, `locationId`, `modelTableId`, `objectScale`, `physicsBitField`, `physicsTableId`, `motionTableId`, `soundTableId`, `physicsState`, `translucency`)
VALUES (2876520185, 'Humming Crystal Portal', 65536, 67109370, 0, 0, 262164, 0, 0, 0, 0, 0, 0, 8388656, 0, 100667499, 0, 0, 0, 0, 0, 0, 0, 0, 4, 0, 0, 0, 0, 0, 32, -0.1, 0, 0, 0, 0, 0, 0, 0, 0, 0, 33554867, 0, 98307, 0, 150994947, 0, 3084, 0);

INSERT INTO `ace_object` (`baseAceObjectId`, `weenieClassId`, `landblock`, `cell`, `posX`, `posY`, `posZ`, `qW`, `qX`, `qY`, `qZ`)
VALUES (2876520185, 9071, 56613, 59, 191.608, 69.92365, -0.06299996, -0.9570307, 0, 0, -0.2899867);

INSERT INTO `ace_object_palette_changes` (`baseAceObjectId`, `subPaletteId`, `offset`, `length`)
VALUES (2876520185, 67111849, 8, 2040);

INSERT INTO `base_ace_object` (`baseAceObjectId`, `name`, `typeId`, `paletteId`, `ammoType`, `blipColor`, `bitField`, `burden`, `combatUse`, `cooldownDuration`, `cooldownId`, `effects`, `containersCapacity`, `header`, `hookTypeId`, `iconId`, `iconOverlayId`, `iconUnderlayId`, `hookItemTypes`, `itemsCapacity`, `location`, `materialType`, `maxStackSize`, `maxStructure`, `radar`, `pscript`, `spellId`, `stackSize`, `structure`, `targetTypeId`, `usability`, `useRadius`, `validLocations`, `value`, `workmanship`, `animationFrameId`, `defaultScript`, `defaultScriptIntensity`, `elasticity`, `friction`, `locationId`, `modelTableId`, `objectScale`, `physicsBitField`, `physicsTableId`, `motionTableId`, `soundTableId`, `physicsState`, `translucency`)
VALUES (2096201731, 'Destroyed Baishi Portal', 65536, 0, 0, 0, 262164, 0, 0, 0, 0, 0, 0, 48, 0, 100667499, 0, 0, 0, 0, 0, 0, 0, 0, 0, 0, 0, 0, 0, 0, 1, -0.1, 0, 0, 0, 0, 0, 0, 0, 0, 0, 33561060, 0, 98307, 0, 150995314, 0, 3092, 0);

INSERT INTO `ace_object` (`baseAceObjectId`, `weenieClassId`, `landblock`, `cell`, `posX`, `posY`, `posZ`, `qW`, `qX`, `qY`, `qZ`)
VALUES (2096201731, 4037, 53016, 10, 27.8148, 31.9718, 55.47227, 0.08084508, 0, 0, 0.9967267);

INSERT INTO `base_ace_object` (`baseAceObjectId`, `name`, `typeId`, `paletteId`, `ammoType`, `blipColor`, `bitField`, `burden`, `combatUse`, `cooldownDuration`, `cooldownId`, `effects`, `containersCapacity`, `header`, `hookTypeId`, `iconId`, `iconOverlayId`, `iconUnderlayId`, `hookItemTypes`, `itemsCapacity`, `location`, `materialType`, `maxStackSize`, `maxStructure`, `radar`, `pscript`, `spellId`, `stackSize`, `structure`, `targetTypeId`, `usability`, `useRadius`, `validLocations`, `value`, `workmanship`, `animationFrameId`, `defaultScript`, `defaultScriptIntensity`, `elasticity`, `friction`, `locationId`, `modelTableId`, `objectScale`, `physicsBitField`, `physicsTableId`, `motionTableId`, `soundTableId`, `physicsState`, `translucency`)
VALUES (2096201730, 'Destroyed Sawato Portal', 65536, 0, 0, 0, 262164, 0, 0, 0, 0, 0, 0, 48, 0, 100667499, 0, 0, 0, 0, 0, 0, 0, 0, 0, 0, 0, 0, 0, 0, 1, -0.1, 0, 0, 0, 0, 0, 0, 0, 0, 0, 33561060, 0, 98307, 0, 150995314, 0, 3092, 0);

INSERT INTO `ace_object` (`baseAceObjectId`, `weenieClassId`, `landblock`, `cell`, `posX`, `posY`, `posZ`, `qW`, `qX`, `qY`, `qZ`)
VALUES (2096201730, 4043, 53016, 11, 30.0411, 68.4665, 55.79017, 0.6675647, 0, 0, 0.7445518);

INSERT INTO `base_ace_object` (`baseAceObjectId`, `name`, `typeId`, `paletteId`, `ammoType`, `blipColor`, `bitField`, `burden`, `combatUse`, `cooldownDuration`, `cooldownId`, `effects`, `containersCapacity`, `header`, `hookTypeId`, `iconId`, `iconOverlayId`, `iconUnderlayId`, `hookItemTypes`, `itemsCapacity`, `location`, `materialType`, `maxStackSize`, `maxStructure`, `radar`, `pscript`, `spellId`, `stackSize`, `structure`, `targetTypeId`, `usability`, `useRadius`, `validLocations`, `value`, `workmanship`, `animationFrameId`, `defaultScript`, `defaultScriptIntensity`, `elasticity`, `friction`, `locationId`, `modelTableId`, `objectScale`, `physicsBitField`, `physicsTableId`, `motionTableId`, `soundTableId`, `physicsState`, `translucency`)
VALUES (2090954821, 'House Portal', 65536, 0, 0, 0, 262164, 0, 0, 0, 0, 0, 0, 8388656, 0, 100667499, 0, 0, 0, 0, 0, 0, 0, 0, 4, 0, 0, 0, 0, 0, 32, 0.75, 0, 0, 0, 0, 0, 0, 0, 0, 0, 33554867, 0, 98307, 0, 150994947, 0, 3076, 0);

INSERT INTO `ace_object` (`baseAceObjectId`, `weenieClassId`, `landblock`, `cell`, `posX`, `posY`, `posZ`, `qW`, `qX`, `qY`, `qZ`)
VALUES (2090954821, 11730, 51735, 338, 66.5564, 151.044, -10.063, -0.6977998, 0, 0, 0.7162928);

INSERT INTO `base_ace_object` (`baseAceObjectId`, `name`, `typeId`, `paletteId`, `ammoType`, `blipColor`, `bitField`, `burden`, `combatUse`, `cooldownDuration`, `cooldownId`, `effects`, `containersCapacity`, `header`, `hookTypeId`, `iconId`, `iconOverlayId`, `iconUnderlayId`, `hookItemTypes`, `itemsCapacity`, `location`, `materialType`, `maxStackSize`, `maxStructure`, `radar`, `pscript`, `spellId`, `stackSize`, `structure`, `targetTypeId`, `usability`, `useRadius`, `validLocations`, `value`, `workmanship`, `animationFrameId`, `defaultScript`, `defaultScriptIntensity`, `elasticity`, `friction`, `locationId`, `modelTableId`, `objectScale`, `physicsBitField`, `physicsTableId`, `motionTableId`, `soundTableId`, `physicsState`, `translucency`)
VALUES (2079412345, 'House Portal', 65536, 0, 0, 0, 262164, 0, 0, 0, 0, 0, 0, 41943088, 0, 100667499, 0, 0, 0, 0, 0, 0, 0, 0, 4, 0, 0, 0, 0, 0, 32, 0.75, 0, 0, 0, 0, 0, 0, 0, 0, 0, 33554867, 0, 98307, 0, 150994947, 0, 3076, 0);

INSERT INTO `ace_object` (`baseAceObjectId`, `weenieClassId`, `landblock`, `cell`, `posX`, `posY`, `posZ`, `qW`, `qX`, `qY`, `qZ`)
VALUES (2079412345, 11730, 48917, 280, 158.544, 38.1445, 135.137, 0.9988601, 0, 0, -0.04773311);

INSERT INTO `base_ace_object` (`baseAceObjectId`, `name`, `typeId`, `paletteId`, `ammoType`, `blipColor`, `bitField`, `burden`, `combatUse`, `cooldownDuration`, `cooldownId`, `effects`, `containersCapacity`, `header`, `hookTypeId`, `iconId`, `iconOverlayId`, `iconUnderlayId`, `hookItemTypes`, `itemsCapacity`, `location`, `materialType`, `maxStackSize`, `maxStructure`, `radar`, `pscript`, `spellId`, `stackSize`, `structure`, `targetTypeId`, `usability`, `useRadius`, `validLocations`, `value`, `workmanship`, `animationFrameId`, `defaultScript`, `defaultScriptIntensity`, `elasticity`, `friction`, `locationId`, `modelTableId`, `objectScale`, `physicsBitField`, `physicsTableId`, `motionTableId`, `soundTableId`, `physicsState`, `translucency`)
VALUES (2079412341, 'House Portal', 65536, 0, 0, 0, 262164, 0, 0, 0, 0, 0, 0, 8388656, 0, 100667499, 0, 0, 0, 0, 0, 0, 0, 0, 4, 0, 0, 0, 0, 0, 32, 0.75, 0, 0, 0, 0, 0, 0, 0, 0, 0, 33554867, 0, 98307, 0, 150994947, 0, 3076, 0);

INSERT INTO `ace_object` (`baseAceObjectId`, `weenieClassId`, `landblock`, `cell`, `posX`, `posY`, `posZ`, `qW`, `qX`, `qY`, `qZ`)
VALUES (2079412341, 11730, 48917, 311, 165.512, 156.418, 133.137, -0.7156313, 0, 0, 0.6984782);

INSERT INTO `base_ace_object` (`baseAceObjectId`, `name`, `typeId`, `paletteId`, `ammoType`, `blipColor`, `bitField`, `burden`, `combatUse`, `cooldownDuration`, `cooldownId`, `effects`, `containersCapacity`, `header`, `hookTypeId`, `iconId`, `iconOverlayId`, `iconUnderlayId`, `hookItemTypes`, `itemsCapacity`, `location`, `materialType`, `maxStackSize`, `maxStructure`, `radar`, `pscript`, `spellId`, `stackSize`, `structure`, `targetTypeId`, `usability`, `useRadius`, `validLocations`, `value`, `workmanship`, `animationFrameId`, `defaultScript`, `defaultScriptIntensity`, `elasticity`, `friction`, `locationId`, `modelTableId`, `objectScale`, `physicsBitField`, `physicsTableId`, `motionTableId`, `soundTableId`, `physicsState`, `translucency`)
VALUES (2079412339, 'House Portal', 65536, 0, 0, 0, 262164, 0, 0, 0, 0, 0, 0, 8388656, 0, 100667499, 0, 0, 0, 0, 0, 0, 0, 0, 4, 0, 0, 0, 0, 0, 32, 0.75, 0, 0, 0, 0, 0, 0, 0, 0, 0, 33554867, 0, 98307, 0, 150994947, 0, 3076, 0);

INSERT INTO `ace_object` (`baseAceObjectId`, `weenieClassId`, `landblock`, `cell`, `posX`, `posY`, `posZ`, `qW`, `qX`, `qY`, `qZ`)
VALUES (2079412339, 11730, 48917, 339, 105.278, 153.852, 103.137, -0.02651681, 0, 0, 0.9996484);

INSERT INTO `base_ace_object` (`baseAceObjectId`, `name`, `typeId`, `paletteId`, `ammoType`, `blipColor`, `bitField`, `burden`, `combatUse`, `cooldownDuration`, `cooldownId`, `effects`, `containersCapacity`, `header`, `hookTypeId`, `iconId`, `iconOverlayId`, `iconUnderlayId`, `hookItemTypes`, `itemsCapacity`, `location`, `materialType`, `maxStackSize`, `maxStructure`, `radar`, `pscript`, `spellId`, `stackSize`, `structure`, `targetTypeId`, `usability`, `useRadius`, `validLocations`, `value`, `workmanship`, `animationFrameId`, `defaultScript`, `defaultScriptIntensity`, `elasticity`, `friction`, `locationId`, `modelTableId`, `objectScale`, `physicsBitField`, `physicsTableId`, `motionTableId`, `soundTableId`, `physicsState`, `translucency`)
VALUES (2079412335, 'House Portal', 65536, 0, 0, 0, 262164, 0, 0, 0, 0, 0, 0, 8388656, 0, 100667499, 0, 0, 0, 0, 0, 0, 0, 0, 4, 0, 0, 0, 0, 0, 32, 0.75, 0, 0, 0, 0, 0, 0, 0, 0, 0, 33554867, 0, 98307, 0, 150994947, 0, 3076, 0);

INSERT INTO `ace_object` (`baseAceObjectId`, `weenieClassId`, `landblock`, `cell`, `posX`, `posY`, `posZ`, `qW`, `qX`, `qY`, `qZ`)
VALUES (2079412335, 11730, 48917, 370, 45.553, 84.2558, 73.137, -0.696819, 0, 0, 0.717247);

INSERT INTO `base_ace_object` (`baseAceObjectId`, `name`, `typeId`, `paletteId`, `ammoType`, `blipColor`, `bitField`, `burden`, `combatUse`, `cooldownDuration`, `cooldownId`, `effects`, `containersCapacity`, `header`, `hookTypeId`, `iconId`, `iconOverlayId`, `iconUnderlayId`, `hookItemTypes`, `itemsCapacity`, `location`, `materialType`, `maxStackSize`, `maxStructure`, `radar`, `pscript`, `spellId`, `stackSize`, `structure`, `targetTypeId`, `usability`, `useRadius`, `validLocations`, `value`, `workmanship`, `animationFrameId`, `defaultScript`, `defaultScriptIntensity`, `elasticity`, `friction`, `locationId`, `modelTableId`, `objectScale`, `physicsBitField`, `physicsTableId`, `motionTableId`, `soundTableId`, `physicsState`, `translucency`)
VALUES (2877002941, 'Direlands Desert Northeast Portal', 65536, 0, 0, 0, 262164, 0, 0, 0, 0, 0, 0, 8388656, 0, 100667499, 0, 0, 0, 0, 0, 0, 0, 0, 4, 0, 0, 0, 0, 0, 32, -0.1, 0, 0, 0, 0, 0, 0, 0, 0, 0, 33555926, 0, 98307, 0, 150994947, 0, 3084, 0);

INSERT INTO `ace_object` (`baseAceObjectId`, `weenieClassId`, `landblock`, `cell`, `posX`, `posY`, `posZ`, `qW`, `qX`, `qY`, `qZ`)
VALUES (2877002941, 8383, 44557, 31, 79.4172, 157.8025, 3.036662, 0.9537169, 0, 0, -0.3007058);

INSERT INTO `base_ace_object` (`baseAceObjectId`, `name`, `typeId`, `paletteId`, `ammoType`, `blipColor`, `bitField`, `burden`, `combatUse`, `cooldownDuration`, `cooldownId`, `effects`, `containersCapacity`, `header`, `hookTypeId`, `iconId`, `iconOverlayId`, `iconUnderlayId`, `hookItemTypes`, `itemsCapacity`, `location`, `materialType`, `maxStackSize`, `maxStructure`, `radar`, `pscript`, `spellId`, `stackSize`, `structure`, `targetTypeId`, `usability`, `useRadius`, `validLocations`, `value`, `workmanship`, `animationFrameId`, `defaultScript`, `defaultScriptIntensity`, `elasticity`, `friction`, `locationId`, `modelTableId`, `objectScale`, `physicsBitField`, `physicsTableId`, `motionTableId`, `soundTableId`, `physicsState`, `translucency`)
VALUES (2877009450, 'Humming Crystal Portal', 65536, 67109370, 0, 0, 262164, 0, 0, 0, 0, 0, 0, 8388656, 0, 100667499, 0, 0, 0, 0, 0, 0, 0, 0, 4, 0, 0, 0, 0, 0, 32, -0.1, 0, 0, 0, 0, 0, 0, 0, 0, 0, 33554867, 0, 98307, 0, 150994947, 0, 3084, 0);

INSERT INTO `ace_object` (`baseAceObjectId`, `weenieClassId`, `landblock`, `cell`, `posX`, `posY`, `posZ`, `qW`, `qX`, `qY`, `qZ`)
VALUES (2877009450, 9071, 33552, 62, 185.6464, 122.4974, -0.5129999, 0.7504933, 0, 0, -0.660878);

INSERT INTO `ace_object_palette_changes` (`baseAceObjectId`, `subPaletteId`, `offset`, `length`)
VALUES (2877009450, 67111849, 8, 2040);

INSERT INTO `base_ace_object` (`baseAceObjectId`, `name`, `typeId`, `paletteId`, `ammoType`, `blipColor`, `bitField`, `burden`, `combatUse`, `cooldownDuration`, `cooldownId`, `effects`, `containersCapacity`, `header`, `hookTypeId`, `iconId`, `iconOverlayId`, `iconUnderlayId`, `hookItemTypes`, `itemsCapacity`, `location`, `materialType`, `maxStackSize`, `maxStructure`, `radar`, `pscript`, `spellId`, `stackSize`, `structure`, `targetTypeId`, `usability`, `useRadius`, `validLocations`, `value`, `workmanship`, `animationFrameId`, `defaultScript`, `defaultScriptIntensity`, `elasticity`, `friction`, `locationId`, `modelTableId`, `objectScale`, `physicsBitField`, `physicsTableId`, `motionTableId`, `soundTableId`, `physicsState`, `translucency`)
VALUES (2013900918, 'House Portal', 65536, 0, 0, 0, 262164, 0, 0, 0, 0, 0, 0, 41943088, 0, 100667499, 0, 0, 0, 0, 0, 0, 0, 0, 4, 0, 0, 0, 0, 0, 32, 0.75, 0, 0, 0, 0, 0, 0, 0, 0, 0, 33554867, 0, 98307, 0, 150994947, 0, 3076, 0);

INSERT INTO `ace_object` (`baseAceObjectId`, `weenieClassId`, `landblock`, `cell`, `posX`, `posY`, `posZ`, `qW`, `qX`, `qY`, `qZ`)
VALUES (2013900918, 11730, 32923, 280, 152.446, 153.819, 235.137, -0.02751661, 0, 0, -0.9996213);

INSERT INTO `base_ace_object` (`baseAceObjectId`, `name`, `typeId`, `paletteId`, `ammoType`, `blipColor`, `bitField`, `burden`, `combatUse`, `cooldownDuration`, `cooldownId`, `effects`, `containersCapacity`, `header`, `hookTypeId`, `iconId`, `iconOverlayId`, `iconUnderlayId`, `hookItemTypes`, `itemsCapacity`, `location`, `materialType`, `maxStackSize`, `maxStructure`, `radar`, `pscript`, `spellId`, `stackSize`, `structure`, `targetTypeId`, `usability`, `useRadius`, `validLocations`, `value`, `workmanship`, `animationFrameId`, `defaultScript`, `defaultScriptIntensity`, `elasticity`, `friction`, `locationId`, `modelTableId`, `objectScale`, `physicsBitField`, `physicsTableId`, `motionTableId`, `soundTableId`, `physicsState`, `translucency`)
VALUES (2013900917, 'House Portal', 65536, 0, 0, 0, 262164, 0, 0, 0, 0, 0, 0, 8388656, 0, 100667499, 0, 0, 0, 0, 0, 0, 0, 0, 4, 0, 0, 0, 0, 0, 32, 0.75, 0, 0, 0, 0, 0, 0, 0, 0, 0, 33554867, 0, 98307, 0, 150994947, 0, 3076, 0);

INSERT INTO `ace_object` (`baseAceObjectId`, `weenieClassId`, `landblock`, `cell`, `posX`, `posY`, `posZ`, `qW`, `qX`, `qY`, `qZ`)
VALUES (2013900917, 11730, 32923, 311, 62.1494, 153.118, 235.137, 0.6803398, 0, 0, -0.7328968);

INSERT INTO `base_ace_object` (`baseAceObjectId`, `name`, `typeId`, `paletteId`, `ammoType`, `blipColor`, `bitField`, `burden`, `combatUse`, `cooldownDuration`, `cooldownId`, `effects`, `containersCapacity`, `header`, `hookTypeId`, `iconId`, `iconOverlayId`, `iconUnderlayId`, `hookItemTypes`, `itemsCapacity`, `location`, `materialType`, `maxStackSize`, `maxStructure`, `radar`, `pscript`, `spellId`, `stackSize`, `structure`, `targetTypeId`, `usability`, `useRadius`, `validLocations`, `value`, `workmanship`, `animationFrameId`, `defaultScript`, `defaultScriptIntensity`, `elasticity`, `friction`, `locationId`, `modelTableId`, `objectScale`, `physicsBitField`, `physicsTableId`, `motionTableId`, `soundTableId`, `physicsState`, `translucency`)
VALUES (2013900920, 'House Portal', 65536, 0, 0, 0, 262164, 0, 0, 0, 0, 0, 0, 41943088, 0, 100667499, 0, 0, 0, 0, 0, 0, 0, 0, 4, 0, 0, 0, 0, 0, 32, 0.75, 0, 0, 0, 0, 0, 0, 0, 0, 0, 33554867, 0, 98307, 0, 150994947, 0, 3076, 0);

INSERT INTO `ace_object` (`baseAceObjectId`, `weenieClassId`, `landblock`, `cell`, `posX`, `posY`, `posZ`, `qW`, `qX`, `qY`, `qZ`)
VALUES (2013900920, 11730, 32923, 342, 98.4733, 107.698, 235.137, 0.7066101, 0, 0, 0.7076031);

INSERT INTO `base_ace_object` (`baseAceObjectId`, `name`, `typeId`, `paletteId`, `ammoType`, `blipColor`, `bitField`, `burden`, `combatUse`, `cooldownDuration`, `cooldownId`, `effects`, `containersCapacity`, `header`, `hookTypeId`, `iconId`, `iconOverlayId`, `iconUnderlayId`, `hookItemTypes`, `itemsCapacity`, `location`, `materialType`, `maxStackSize`, `maxStructure`, `radar`, `pscript`, `spellId`, `stackSize`, `structure`, `targetTypeId`, `usability`, `useRadius`, `validLocations`, `value`, `workmanship`, `animationFrameId`, `defaultScript`, `defaultScriptIntensity`, `elasticity`, `friction`, `locationId`, `modelTableId`, `objectScale`, `physicsBitField`, `physicsTableId`, `motionTableId`, `soundTableId`, `physicsState`, `translucency`)
VALUES (2013900923, 'House Portal', 65536, 0, 0, 0, 262164, 0, 0, 0, 0, 0, 0, 8388656, 0, 100667499, 0, 0, 0, 0, 0, 0, 0, 0, 4, 0, 0, 0, 0, 0, 32, 0.75, 0, 0, 0, 0, 0, 0, 0, 0, 0, 33554867, 0, 98307, 0, 150994947, 0, 3076, 0);

INSERT INTO `ace_object` (`baseAceObjectId`, `weenieClassId`, `landblock`, `cell`, `posX`, `posY`, `posZ`, `qW`, `qX`, `qY`, `qZ`)
VALUES (2013900923, 11730, 32923, 370, 81.0264, 34.6187, 235.137, -0.03341868, 0, 0, -0.9994414);

INSERT INTO `base_ace_object` (`baseAceObjectId`, `name`, `typeId`, `paletteId`, `ammoType`, `blipColor`, `bitField`, `burden`, `combatUse`, `cooldownDuration`, `cooldownId`, `effects`, `containersCapacity`, `header`, `hookTypeId`, `iconId`, `iconOverlayId`, `iconUnderlayId`, `hookItemTypes`, `itemsCapacity`, `location`, `materialType`, `maxStackSize`, `maxStructure`, `radar`, `pscript`, `spellId`, `stackSize`, `structure`, `targetTypeId`, `usability`, `useRadius`, `validLocations`, `value`, `workmanship`, `animationFrameId`, `defaultScript`, `defaultScriptIntensity`, `elasticity`, `friction`, `locationId`, `modelTableId`, `objectScale`, `physicsBitField`, `physicsTableId`, `motionTableId`, `soundTableId`, `physicsState`, `translucency`)
VALUES (1969508480, 'Surface', 65536, 0, 0, 0, 262164, 0, 0, 0, 0, 0, 0, 8388656, 0, 100667499, 0, 0, 0, 0, 0, 0, 0, 0, 4, 0, 0, 0, 0, 0, 32, -0.1, 0, 0, 0, 0, 0, 0, 0, 0, 0, 33554867, 0, 98307, 0, 150994947, 0, 3084, 0);

INSERT INTO `ace_object` (`baseAceObjectId`, `weenieClassId`, `landblock`, `cell`, `posX`, `posY`, `posZ`, `qW`, `qX`, `qY`, `qZ`)
VALUES (1969508480, 23368, 22085, 288, 69.1946, -20.0768, -42.063, 0.9984804, 0, 0, -0.05510702);

INSERT INTO `base_ace_object` (`baseAceObjectId`, `name`, `typeId`, `paletteId`, `ammoType`, `blipColor`, `bitField`, `burden`, `combatUse`, `cooldownDuration`, `cooldownId`, `effects`, `containersCapacity`, `header`, `hookTypeId`, `iconId`, `iconOverlayId`, `iconUnderlayId`, `hookItemTypes`, `itemsCapacity`, `location`, `materialType`, `maxStackSize`, `maxStructure`, `radar`, `pscript`, `spellId`, `stackSize`, `structure`, `targetTypeId`, `usability`, `useRadius`, `validLocations`, `value`, `workmanship`, `animationFrameId`, `defaultScript`, `defaultScriptIntensity`, `elasticity`, `friction`, `locationId`, `modelTableId`, `objectScale`, `physicsBitField`, `physicsTableId`, `motionTableId`, `soundTableId`, `physicsState`, `translucency`)
VALUES (1992384512, 'Abandoned Armory Portal', 65536, 0, 0, 0, 262164, 0, 0, 0, 0, 0, 0, 8388656, 0, 100667499, 0, 0, 0, 0, 0, 0, 0, 0, 4, 0, 0, 0, 0, 0, 32, -0.1, 0, 0, 0, 0, 0, 0, 0, 0, 0, 33554867, 0, 98307, 0, 150994947, 0, 3084, 0);

INSERT INTO `ace_object` (`baseAceObjectId`, `weenieClassId`, `landblock`, `cell`, `posX`, `posY`, `posZ`, `qW`, `qX`, `qY`, `qZ`)
VALUES (1992384512, 23367, 27670, 56, 166.439, 184.711, 3.937, 0.714421, 0, 0, -0.699716);

INSERT INTO `base_ace_object` (`baseAceObjectId`, `name`, `typeId`, `paletteId`, `ammoType`, `blipColor`, `bitField`, `burden`, `combatUse`, `cooldownDuration`, `cooldownId`, `effects`, `containersCapacity`, `header`, `hookTypeId`, `iconId`, `iconOverlayId`, `iconUnderlayId`, `hookItemTypes`, `itemsCapacity`, `location`, `materialType`, `maxStackSize`, `maxStructure`, `radar`, `pscript`, `spellId`, `stackSize`, `structure`, `targetTypeId`, `usability`, `useRadius`, `validLocations`, `value`, `workmanship`, `animationFrameId`, `defaultScript`, `defaultScriptIntensity`, `elasticity`, `friction`, `locationId`, `modelTableId`, `objectScale`, `physicsBitField`, `physicsTableId`, `motionTableId`, `soundTableId`, `physicsState`, `translucency`)
VALUES (1969508481, 'Surface', 65536, 0, 0, 0, 262164, 0, 0, 0, 0, 0, 0, 8388656, 0, 100667499, 0, 0, 0, 0, 0, 0, 0, 0, 4, 0, 0, 0, 0, 0, 32, -0.1, 0, 0, 0, 0, 0, 0, 0, 0, 0, 33554867, 0, 98307, 0, 150994947, 0, 3084, 0);

INSERT INTO `ace_object` (`baseAceObjectId`, `weenieClassId`, `landblock`, `cell`, `posX`, `posY`, `posZ`, `qW`, `qX`, `qY`, `qZ`)
VALUES (1969508481, 23368, 22085, 302, 111.183, -60.7497, -42.063, 0.9999852, 0, 0, -0.005436001);

INSERT INTO `base_ace_object` (`baseAceObjectId`, `name`, `typeId`, `paletteId`, `ammoType`, `blipColor`, `bitField`, `burden`, `combatUse`, `cooldownDuration`, `cooldownId`, `effects`, `containersCapacity`, `header`, `hookTypeId`, `iconId`, `iconOverlayId`, `iconUnderlayId`, `hookItemTypes`, `itemsCapacity`, `location`, `materialType`, `maxStackSize`, `maxStructure`, `radar`, `pscript`, `spellId`, `stackSize`, `structure`, `targetTypeId`, `usability`, `useRadius`, `validLocations`, `value`, `workmanship`, `animationFrameId`, `defaultScript`, `defaultScriptIntensity`, `elasticity`, `friction`, `locationId`, `modelTableId`, `objectScale`, `physicsBitField`, `physicsTableId`, `motionTableId`, `soundTableId`, `physicsState`, `translucency`)
VALUES (1956196474, 'House Portal', 65536, 0, 0, 0, 262164, 0, 0, 0, 0, 0, 0, 8388656, 0, 100667499, 0, 0, 0, 0, 0, 0, 0, 0, 4, 0, 0, 0, 0, 0, 32, 0.75, 0, 0, 0, 0, 0, 0, 0, 0, 0, 33554867, 0, 98307, 0, 150994947, 0, 3076, 0);

INSERT INTO `ace_object` (`baseAceObjectId`, `weenieClassId`, `landblock`, `cell`, `posX`, `posY`, `posZ`, `qW`, `qX`, `qY`, `qZ`)
VALUES (1956196474, 11730, 18835, 338, 88.8996, 138.379, -20.063, 0.9994606, 0, 0, -0.03284198);

INSERT INTO `base_ace_object` (`baseAceObjectId`, `name`, `typeId`, `paletteId`, `ammoType`, `blipColor`, `bitField`, `burden`, `combatUse`, `cooldownDuration`, `cooldownId`, `effects`, `containersCapacity`, `header`, `hookTypeId`, `iconId`, `iconOverlayId`, `iconUnderlayId`, `hookItemTypes`, `itemsCapacity`, `location`, `materialType`, `maxStackSize`, `maxStructure`, `radar`, `pscript`, `spellId`, `stackSize`, `structure`, `targetTypeId`, `usability`, `useRadius`, `validLocations`, `value`, `workmanship`, `animationFrameId`, `defaultScript`, `defaultScriptIntensity`, `elasticity`, `friction`, `locationId`, `modelTableId`, `objectScale`, `physicsBitField`, `physicsTableId`, `motionTableId`, `soundTableId`, `physicsState`, `translucency`)
VALUES (1944731654, 'Destroyed Plateau Portal', 65536, 0, 0, 0, 262164, 0, 0, 0, 0, 0, 0, 48, 0, 100667499, 0, 0, 0, 0, 0, 0, 0, 0, 0, 0, 0, 0, 0, 0, 1, -0.1, 0, 0, 0, 0, 0, 0, 0, 0, 0, 33561060, 0, 98307, 0, 150995314, 0, 3092, 0);

INSERT INTO `ace_object` (`baseAceObjectId`, `weenieClassId`, `landblock`, `cell`, `posX`, `posY`, `posZ`, `qW`, `qX`, `qY`, `qZ`)
VALUES (1944731654, 4042, 16036, 25, 93.0624, 22.1705, -0.05737174, 0.532675, 0, 0, -0.8463199);

INSERT INTO `base_ace_object` (`baseAceObjectId`, `name`, `typeId`, `paletteId`, `ammoType`, `blipColor`, `bitField`, `burden`, `combatUse`, `cooldownDuration`, `cooldownId`, `effects`, `containersCapacity`, `header`, `hookTypeId`, `iconId`, `iconOverlayId`, `iconUnderlayId`, `hookItemTypes`, `itemsCapacity`, `location`, `materialType`, `maxStackSize`, `maxStructure`, `radar`, `pscript`, `spellId`, `stackSize`, `structure`, `targetTypeId`, `usability`, `useRadius`, `validLocations`, `value`, `workmanship`, `animationFrameId`, `defaultScript`, `defaultScriptIntensity`, `elasticity`, `friction`, `locationId`, `modelTableId`, `objectScale`, `physicsBitField`, `physicsTableId`, `motionTableId`, `soundTableId`, `physicsState`, `translucency`)
VALUES (1944764443, 'House Portal', 65536, 0, 0, 0, 262164, 0, 0, 0, 0, 0, 0, 41943088, 0, 100667499, 0, 0, 0, 0, 0, 0, 0, 0, 4, 0, 0, 0, 0, 0, 32, 0.75, 0, 0, 0, 0, 0, 0, 0, 0, 0, 33554867, 0, 98307, 0, 150994947, 0, 3076, 0);

INSERT INTO `ace_object` (`baseAceObjectId`, `weenieClassId`, `landblock`, `cell`, `posX`, `posY`, `posZ`, `qW`, `qX`, `qY`, `qZ`)
VALUES (1944764443, 11730, 16044, 280, 146.772, 108.135, 13.137, 0.688832, 0, 0, 0.724921);

INSERT INTO `base_ace_object` (`baseAceObjectId`, `name`, `typeId`, `paletteId`, `ammoType`, `blipColor`, `bitField`, `burden`, `combatUse`, `cooldownDuration`, `cooldownId`, `effects`, `containersCapacity`, `header`, `hookTypeId`, `iconId`, `iconOverlayId`, `iconUnderlayId`, `hookItemTypes`, `itemsCapacity`, `location`, `materialType`, `maxStackSize`, `maxStructure`, `radar`, `pscript`, `spellId`, `stackSize`, `structure`, `targetTypeId`, `usability`, `useRadius`, `validLocations`, `value`, `workmanship`, `animationFrameId`, `defaultScript`, `defaultScriptIntensity`, `elasticity`, `friction`, `locationId`, `modelTableId`, `objectScale`, `physicsBitField`, `physicsTableId`, `motionTableId`, `soundTableId`, `physicsState`, `translucency`)
VALUES (1955299328, 'Plateau Top', 65536, 0, 0, 0, 262164, 0, 0, 0, 0, 0, 0, 8388656, 0, 100667499, 0, 0, 0, 0, 0, 0, 0, 0, 4, 0, 0, 0, 0, 0, 32, -0.1, 0, 0, 0, 0, 0, 0, 0, 0, 0, 33554867, 0, 98307, 0, 150994947, 0, 3084, 0);

INSERT INTO `ace_object` (`baseAceObjectId`, `weenieClassId`, `landblock`, `cell`, `posX`, `posY`, `posZ`, `qW`, `qX`, `qY`, `qZ`)
VALUES (1955299328, 2549, 18616, 9, 29.4835, 3.41051, 100.2825, 0.4119979, 0, 0, -0.9111848);

INSERT INTO `base_ace_object` (`baseAceObjectId`, `name`, `typeId`, `paletteId`, `ammoType`, `blipColor`, `bitField`, `burden`, `combatUse`, `cooldownDuration`, `cooldownId`, `effects`, `containersCapacity`, `header`, `hookTypeId`, `iconId`, `iconOverlayId`, `iconUnderlayId`, `hookItemTypes`, `itemsCapacity`, `location`, `materialType`, `maxStackSize`, `maxStructure`, `radar`, `pscript`, `spellId`, `stackSize`, `structure`, `targetTypeId`, `usability`, `useRadius`, `validLocations`, `value`, `workmanship`, `animationFrameId`, `defaultScript`, `defaultScriptIntensity`, `elasticity`, `friction`, `locationId`, `modelTableId`, `objectScale`, `physicsBitField`, `physicsTableId`, `motionTableId`, `soundTableId`, `physicsState`, `translucency`)
VALUES (1946939570, 'House Portal', 65536, 0, 0, 0, 262164, 0, 0, 0, 0, 0, 0, 41943088, 0, 100667499, 0, 0, 0, 0, 0, 0, 0, 0, 4, 0, 0, 0, 0, 0, 32, 0.75, 0, 0, 0, 0, 0, 0, 0, 0, 0, 33554867, 0, 98307, 0, 150994947, 0, 3076, 0);

INSERT INTO `ace_object` (`baseAceObjectId`, `weenieClassId`, `landblock`, `cell`, `posX`, `posY`, `posZ`, `qW`, `qX`, `qY`, `qZ`)
VALUES (1946939570, 11730, 16575, 280, 85.289, 146.622, 1.137, -4.37114E-08, 0, 0, -1);

INSERT INTO `base_ace_object` (`baseAceObjectId`, `name`, `typeId`, `paletteId`, `ammoType`, `blipColor`, `bitField`, `burden`, `combatUse`, `cooldownDuration`, `cooldownId`, `effects`, `containersCapacity`, `header`, `hookTypeId`, `iconId`, `iconOverlayId`, `iconUnderlayId`, `hookItemTypes`, `itemsCapacity`, `location`, `materialType`, `maxStackSize`, `maxStructure`, `radar`, `pscript`, `spellId`, `stackSize`, `structure`, `targetTypeId`, `usability`, `useRadius`, `validLocations`, `value`, `workmanship`, `animationFrameId`, `defaultScript`, `defaultScriptIntensity`, `elasticity`, `friction`, `locationId`, `modelTableId`, `objectScale`, `physicsBitField`, `physicsTableId`, `motionTableId`, `soundTableId`, `physicsState`, `translucency`)
VALUES (1946939571, 'House Portal', 65536, 0, 0, 0, 262164, 0, 0, 0, 0, 0, 0, 41943088, 0, 100667499, 0, 0, 0, 0, 0, 0, 0, 0, 4, 0, 0, 0, 0, 0, 32, 0.75, 0, 0, 0, 0, 0, 0, 0, 0, 0, 33554867, 0, 98307, 0, 150994947, 0, 3076, 0);

INSERT INTO `ace_object` (`baseAceObjectId`, `weenieClassId`, `landblock`, `cell`, `posX`, `posY`, `posZ`, `qW`, `qX`, `qY`, `qZ`)
VALUES (1946939571, 11730, 16575, 308, 154.533, 153.86, 3.137, -4.37114E-08, 0, 0, -1);

INSERT INTO `base_ace_object` (`baseAceObjectId`, `name`, `typeId`, `paletteId`, `ammoType`, `blipColor`, `bitField`, `burden`, `combatUse`, `cooldownDuration`, `cooldownId`, `effects`, `containersCapacity`, `header`, `hookTypeId`, `iconId`, `iconOverlayId`, `iconUnderlayId`, `hookItemTypes`, `itemsCapacity`, `location`, `materialType`, `maxStackSize`, `maxStructure`, `radar`, `pscript`, `spellId`, `stackSize`, `structure`, `targetTypeId`, `usability`, `useRadius`, `validLocations`, `value`, `workmanship`, `animationFrameId`, `defaultScript`, `defaultScriptIntensity`, `elasticity`, `friction`, `locationId`, `modelTableId`, `objectScale`, `physicsBitField`, `physicsTableId`, `motionTableId`, `soundTableId`, `physicsState`, `translucency`)
VALUES (1946939572, 'House Portal', 65536, 0, 0, 0, 262164, 0, 0, 0, 0, 0, 0, 41943088, 0, 100667499, 0, 0, 0, 0, 0, 0, 0, 0, 4, 0, 0, 0, 0, 0, 32, 0.75, 0, 0, 0, 0, 0, 0, 0, 0, 0, 33554867, 0, 98307, 0, 150994947, 0, 3076, 0);

INSERT INTO `ace_object` (`baseAceObjectId`, `weenieClassId`, `landblock`, `cell`, `posX`, `posY`, `posZ`, `qW`, `qX`, `qY`, `qZ`)
VALUES (1946939572, 11730, 16575, 339, 153.639, 86.386, 3.137, -0.7071068, 0, 0, -0.7071068);

INSERT INTO `base_ace_object` (`baseAceObjectId`, `name`, `typeId`, `paletteId`, `ammoType`, `blipColor`, `bitField`, `burden`, `combatUse`, `cooldownDuration`, `cooldownId`, `effects`, `containersCapacity`, `header`, `hookTypeId`, `iconId`, `iconOverlayId`, `iconUnderlayId`, `hookItemTypes`, `itemsCapacity`, `location`, `materialType`, `maxStackSize`, `maxStructure`, `radar`, `pscript`, `spellId`, `stackSize`, `structure`, `targetTypeId`, `usability`, `useRadius`, `validLocations`, `value`, `workmanship`, `animationFrameId`, `defaultScript`, `defaultScriptIntensity`, `elasticity`, `friction`, `locationId`, `modelTableId`, `objectScale`, `physicsBitField`, `physicsTableId`, `motionTableId`, `soundTableId`, `physicsState`, `translucency`)
VALUES (1946939574, 'House Portal', 65536, 0, 0, 0, 262164, 0, 0, 0, 0, 0, 0, 41943088, 0, 100667499, 0, 0, 0, 0, 0, 0, 0, 0, 4, 0, 0, 0, 0, 0, 32, 0.75, 0, 0, 0, 0, 0, 0, 0, 0, 0, 33554867, 0, 98307, 0, 150994947, 0, 3076, 0);

INSERT INTO `ace_object` (`baseAceObjectId`, `weenieClassId`, `landblock`, `cell`, `posX`, `posY`, `posZ`, `qW`, `qX`, `qY`, `qZ`)
VALUES (1946939574, 11730, 16575, 370, 35.115, 45.328, 3.137, 1, 0, 0, 0);

INSERT INTO `base_ace_object` (`baseAceObjectId`, `name`, `typeId`, `paletteId`, `ammoType`, `blipColor`, `bitField`, `burden`, `combatUse`, `cooldownDuration`, `cooldownId`, `effects`, `containersCapacity`, `header`, `hookTypeId`, `iconId`, `iconOverlayId`, `iconUnderlayId`, `hookItemTypes`, `itemsCapacity`, `location`, `materialType`, `maxStackSize`, `maxStructure`, `radar`, `pscript`, `spellId`, `stackSize`, `structure`, `targetTypeId`, `usability`, `useRadius`, `validLocations`, `value`, `workmanship`, `animationFrameId`, `defaultScript`, `defaultScriptIntensity`, `elasticity`, `friction`, `locationId`, `modelTableId`, `objectScale`, `physicsBitField`, `physicsTableId`, `motionTableId`, `soundTableId`, `physicsState`, `translucency`)
VALUES (1946939575, 'House Portal', 65536, 0, 0, 0, 262164, 0, 0, 0, 0, 0, 0, 41943088, 0, 100667499, 0, 0, 0, 0, 0, 0, 0, 0, 4, 0, 0, 0, 0, 0, 32, 0.75, 0, 0, 0, 0, 0, 0, 0, 0, 0, 33554867, 0, 98307, 0, 150994947, 0, 3076, 0);

INSERT INTO `ace_object` (`baseAceObjectId`, `weenieClassId`, `landblock`, `cell`, `posX`, `posY`, `posZ`, `qW`, `qX`, `qY`, `qZ`)
VALUES (1946939575, 11730, 16575, 398, 34.433, 105.492, -0.8630004, -4.37114E-08, 0, 0, -1);

INSERT INTO `base_ace_object` (`baseAceObjectId`, `name`, `typeId`, `paletteId`, `ammoType`, `blipColor`, `bitField`, `burden`, `combatUse`, `cooldownDuration`, `cooldownId`, `effects`, `containersCapacity`, `header`, `hookTypeId`, `iconId`, `iconOverlayId`, `iconUnderlayId`, `hookItemTypes`, `itemsCapacity`, `location`, `materialType`, `maxStackSize`, `maxStructure`, `radar`, `pscript`, `spellId`, `stackSize`, `structure`, `targetTypeId`, `usability`, `useRadius`, `validLocations`, `value`, `workmanship`, `animationFrameId`, `defaultScript`, `defaultScriptIntensity`, `elasticity`, `friction`, `locationId`, `modelTableId`, `objectScale`, `physicsBitField`, `physicsTableId`, `motionTableId`, `soundTableId`, `physicsState`, `translucency`)
VALUES (1946939573, 'House Portal', 65536, 0, 0, 0, 262164, 0, 0, 0, 0, 0, 0, 41943088, 0, 100667499, 0, 0, 0, 0, 0, 0, 0, 0, 4, 0, 0, 0, 0, 0, 32, 0.75, 0, 0, 0, 0, 0, 0, 0, 0, 0, 33554867, 0, 98307, 0, 150994947, 0, 3076, 0);

INSERT INTO `ace_object` (`baseAceObjectId`, `weenieClassId`, `landblock`, `cell`, `posX`, `posY`, `posZ`, `qW`, `qX`, `qY`, `qZ`)
VALUES (1946939573, 11730, 16575, 429, 122.038, 34.634, 9.136999, -0.7071068, 0, 0, -0.7071068);

INSERT INTO `base_ace_object` (`baseAceObjectId`, `name`, `typeId`, `paletteId`, `ammoType`, `blipColor`, `bitField`, `burden`, `combatUse`, `cooldownDuration`, `cooldownId`, `effects`, `containersCapacity`, `header`, `hookTypeId`, `iconId`, `iconOverlayId`, `iconUnderlayId`, `hookItemTypes`, `itemsCapacity`, `location`, `materialType`, `maxStackSize`, `maxStructure`, `radar`, `pscript`, `spellId`, `stackSize`, `structure`, `targetTypeId`, `usability`, `useRadius`, `validLocations`, `value`, `workmanship`, `animationFrameId`, `defaultScript`, `defaultScriptIntensity`, `elasticity`, `friction`, `locationId`, `modelTableId`, `objectScale`, `physicsBitField`, `physicsTableId`, `motionTableId`, `soundTableId`, `physicsState`, `translucency`)
VALUES (1960575366, 'House Portal', 65536, 0, 0, 0, 262164, 0, 0, 0, 0, 0, 0, 41943088, 0, 100667499, 0, 0, 0, 0, 0, 0, 0, 0, 4, 0, 0, 0, 0, 0, 32, 0.75, 0, 0, 0, 0, 0, 0, 0, 0, 0, 33554867, 0, 98307, 0, 150994947, 0, 3076, 0);

INSERT INTO `ace_object` (`baseAceObjectId`, `weenieClassId`, `landblock`, `cell`, `posX`, `posY`, `posZ`, `qW`, `qX`, `qY`, `qZ`)
VALUES (1960575366, 11730, 19904, 280, 110.449, 38.8045, 3.137, 0.9999141, 0, 0, 0.0131067);

INSERT INTO `base_ace_object` (`baseAceObjectId`, `name`, `typeId`, `paletteId`, `ammoType`, `blipColor`, `bitField`, `burden`, `combatUse`, `cooldownDuration`, `cooldownId`, `effects`, `containersCapacity`, `header`, `hookTypeId`, `iconId`, `iconOverlayId`, `iconUnderlayId`, `hookItemTypes`, `itemsCapacity`, `location`, `materialType`, `maxStackSize`, `maxStructure`, `radar`, `pscript`, `spellId`, `stackSize`, `structure`, `targetTypeId`, `usability`, `useRadius`, `validLocations`, `value`, `workmanship`, `animationFrameId`, `defaultScript`, `defaultScriptIntensity`, `elasticity`, `friction`, `locationId`, `modelTableId`, `objectScale`, `physicsBitField`, `physicsTableId`, `motionTableId`, `soundTableId`, `physicsState`, `translucency`)
VALUES (1960575367, 'House Portal', 65536, 0, 0, 0, 262164, 0, 0, 0, 0, 0, 0, 41943088, 0, 100667499, 0, 0, 0, 0, 0, 0, 0, 0, 4, 0, 0, 0, 0, 0, 32, 0.75, 0, 0, 0, 0, 0, 0, 0, 0, 0, 33554867, 0, 98307, 0, 150994947, 0, 3076, 0);

INSERT INTO `ace_object` (`baseAceObjectId`, `weenieClassId`, `landblock`, `cell`, `posX`, `posY`, `posZ`, `qW`, `qX`, `qY`, `qZ`)
VALUES (1960575367, 11730, 19904, 311, 35.5229, 92.7789, 1.136999, 0.9995506, 0, 0, -0.02997499);

INSERT INTO `base_ace_object` (`baseAceObjectId`, `name`, `typeId`, `paletteId`, `ammoType`, `blipColor`, `bitField`, `burden`, `combatUse`, `cooldownDuration`, `cooldownId`, `effects`, `containersCapacity`, `header`, `hookTypeId`, `iconId`, `iconOverlayId`, `iconUnderlayId`, `hookItemTypes`, `itemsCapacity`, `location`, `materialType`, `maxStackSize`, `maxStructure`, `radar`, `pscript`, `spellId`, `stackSize`, `structure`, `targetTypeId`, `usability`, `useRadius`, `validLocations`, `value`, `workmanship`, `animationFrameId`, `defaultScript`, `defaultScriptIntensity`, `elasticity`, `friction`, `locationId`, `modelTableId`, `objectScale`, `physicsBitField`, `physicsTableId`, `motionTableId`, `soundTableId`, `physicsState`, `translucency`)
VALUES (1960575368, 'House Portal', 65536, 0, 0, 0, 262164, 0, 0, 0, 0, 0, 0, 41943088, 0, 100667499, 0, 0, 0, 0, 0, 0, 0, 0, 4, 0, 0, 0, 0, 0, 32, 0.75, 0, 0, 0, 0, 0, 0, 0, 0, 0, 33554867, 0, 98307, 0, 150994947, 0, 3076, 0);

INSERT INTO `ace_object` (`baseAceObjectId`, `weenieClassId`, `landblock`, `cell`, `posX`, `posY`, `posZ`, `qW`, `qX`, `qY`, `qZ`)
VALUES (1960575368, 11730, 19904, 339, 80.3509, 154.969, 1.136999, -0.04975433, 0, 0, 0.9987615);

INSERT INTO `base_ace_object` (`baseAceObjectId`, `name`, `typeId`, `paletteId`, `ammoType`, `blipColor`, `bitField`, `burden`, `combatUse`, `cooldownDuration`, `cooldownId`, `effects`, `containersCapacity`, `header`, `hookTypeId`, `iconId`, `iconOverlayId`, `iconUnderlayId`, `hookItemTypes`, `itemsCapacity`, `location`, `materialType`, `maxStackSize`, `maxStructure`, `radar`, `pscript`, `spellId`, `stackSize`, `structure`, `targetTypeId`, `usability`, `useRadius`, `validLocations`, `value`, `workmanship`, `animationFrameId`, `defaultScript`, `defaultScriptIntensity`, `elasticity`, `friction`, `locationId`, `modelTableId`, `objectScale`, `physicsBitField`, `physicsTableId`, `motionTableId`, `soundTableId`, `physicsState`, `translucency`)
VALUES (1960575369, 'House Portal', 65536, 0, 0, 0, 262164, 0, 0, 0, 0, 0, 0, 41943088, 0, 100667499, 0, 0, 0, 0, 0, 0, 0, 0, 4, 0, 0, 0, 0, 0, 32, 0.75, 0, 0, 0, 0, 0, 0, 0, 0, 0, 33554867, 0, 98307, 0, 150994947, 0, 3076, 0);

INSERT INTO `ace_object` (`baseAceObjectId`, `weenieClassId`, `landblock`, `cell`, `posX`, `posY`, `posZ`, `qW`, `qX`, `qY`, `qZ`)
VALUES (1960575369, 11730, 19904, 370, 156.422, 146.46, 5.137, -0.0133613, 0, 0, -0.9999107);

INSERT INTO `base_ace_object` (`baseAceObjectId`, `name`, `typeId`, `paletteId`, `ammoType`, `blipColor`, `bitField`, `burden`, `combatUse`, `cooldownDuration`, `cooldownId`, `effects`, `containersCapacity`, `header`, `hookTypeId`, `iconId`, `iconOverlayId`, `iconUnderlayId`, `hookItemTypes`, `itemsCapacity`, `location`, `materialType`, `maxStackSize`, `maxStructure`, `radar`, `pscript`, `spellId`, `stackSize`, `structure`, `targetTypeId`, `usability`, `useRadius`, `validLocations`, `value`, `workmanship`, `animationFrameId`, `defaultScript`, `defaultScriptIntensity`, `elasticity`, `friction`, `locationId`, `modelTableId`, `objectScale`, `physicsBitField`, `physicsTableId`, `motionTableId`, `soundTableId`, `physicsState`, `translucency`)
VALUES (1960575370, 'House Portal', 65536, 0, 0, 0, 262164, 0, 0, 0, 0, 0, 0, 41943088, 0, 100667499, 0, 0, 0, 0, 0, 0, 0, 0, 4, 0, 0, 0, 0, 0, 32, 0.75, 0, 0, 0, 0, 0, 0, 0, 0, 0, 33554867, 0, 98307, 0, 150994947, 0, 3076, 0);

INSERT INTO `ace_object` (`baseAceObjectId`, `weenieClassId`, `landblock`, `cell`, `posX`, `posY`, `posZ`, `qW`, `qX`, `qY`, `qZ`)
VALUES (1960575370, 11730, 19904, 398, 156.681, 74.5492, 7.137, 0.05530109, 0, 0, 0.9984697);

INSERT INTO `base_ace_object` (`baseAceObjectId`, `name`, `typeId`, `paletteId`, `ammoType`, `blipColor`, `bitField`, `burden`, `combatUse`, `cooldownDuration`, `cooldownId`, `effects`, `containersCapacity`, `header`, `hookTypeId`, `iconId`, `iconOverlayId`, `iconUnderlayId`, `hookItemTypes`, `itemsCapacity`, `location`, `materialType`, `maxStackSize`, `maxStructure`, `radar`, `pscript`, `spellId`, `stackSize`, `structure`, `targetTypeId`, `usability`, `useRadius`, `validLocations`, `value`, `workmanship`, `animationFrameId`, `defaultScript`, `defaultScriptIntensity`, `elasticity`, `friction`, `locationId`, `modelTableId`, `objectScale`, `physicsBitField`, `physicsTableId`, `motionTableId`, `soundTableId`, `physicsState`, `translucency`)
VALUES (1944911941, 'House Portal', 65536, 0, 0, 0, 262164, 0, 0, 0, 0, 0, 0, 41943088, 0, 100667499, 0, 0, 0, 0, 0, 0, 0, 0, 4, 0, 0, 0, 0, 0, 32, 0.75, 0, 0, 0, 0, 0, 0, 0, 0, 0, 33554867, 0, 98307, 0, 150994947, 0, 3076, 0);

INSERT INTO `ace_object` (`baseAceObjectId`, `weenieClassId`, `landblock`, `cell`, `posX`, `posY`, `posZ`, `qW`, `qX`, `qY`, `qZ`)
VALUES (1944911941, 11730, 16080, 338, 114.043, 102.847, 13.937, 0.7037504, 0, 0, -0.7104474);

INSERT INTO `base_ace_object` (`baseAceObjectId`, `name`, `typeId`, `paletteId`, `ammoType`, `blipColor`, `bitField`, `burden`, `combatUse`, `cooldownDuration`, `cooldownId`, `effects`, `containersCapacity`, `header`, `hookTypeId`, `iconId`, `iconOverlayId`, `iconUnderlayId`, `hookItemTypes`, `itemsCapacity`, `location`, `materialType`, `maxStackSize`, `maxStructure`, `radar`, `pscript`, `spellId`, `stackSize`, `structure`, `targetTypeId`, `usability`, `useRadius`, `validLocations`, `value`, `workmanship`, `animationFrameId`, `defaultScript`, `defaultScriptIntensity`, `elasticity`, `friction`, `locationId`, `modelTableId`, `objectScale`, `physicsBitField`, `physicsTableId`, `motionTableId`, `soundTableId`, `physicsState`, `translucency`)
VALUES (1960735179, 'House Portal', 65536, 0, 0, 0, 262164, 0, 0, 0, 0, 0, 0, 41943088, 0, 100667499, 0, 0, 0, 0, 0, 0, 0, 0, 4, 0, 0, 0, 0, 0, 32, 0.75, 0, 0, 0, 0, 0, 0, 0, 0, 0, 33554867, 0, 98307, 0, 150994947, 0, 3076, 0);

INSERT INTO `ace_object` (`baseAceObjectId`, `weenieClassId`, `landblock`, `cell`, `posX`, `posY`, `posZ`, `qW`, `qX`, `qY`, `qZ`)
VALUES (1960735179, 11730, 19943, 280, 156.097, 146.137, 5.137, -0.04388329, 0, 0, -0.9990367);

INSERT INTO `base_ace_object` (`baseAceObjectId`, `name`, `typeId`, `paletteId`, `ammoType`, `blipColor`, `bitField`, `burden`, `combatUse`, `cooldownDuration`, `cooldownId`, `effects`, `containersCapacity`, `header`, `hookTypeId`, `iconId`, `iconOverlayId`, `iconUnderlayId`, `hookItemTypes`, `itemsCapacity`, `location`, `materialType`, `maxStackSize`, `maxStructure`, `radar`, `pscript`, `spellId`, `stackSize`, `structure`, `targetTypeId`, `usability`, `useRadius`, `validLocations`, `value`, `workmanship`, `animationFrameId`, `defaultScript`, `defaultScriptIntensity`, `elasticity`, `friction`, `locationId`, `modelTableId`, `objectScale`, `physicsBitField`, `physicsTableId`, `motionTableId`, `soundTableId`, `physicsState`, `translucency`)
VALUES (1960735177, 'House Portal', 65536, 0, 0, 0, 262164, 0, 0, 0, 0, 0, 0, 41943088, 0, 100667499, 0, 0, 0, 0, 0, 0, 0, 0, 4, 0, 0, 0, 0, 0, 32, 0.75, 0, 0, 0, 0, 0, 0, 0, 0, 0, 33554867, 0, 98307, 0, 150994947, 0, 3076, 0);

INSERT INTO `ace_object` (`baseAceObjectId`, `weenieClassId`, `landblock`, `cell`, `posX`, `posY`, `posZ`, `qW`, `qX`, `qY`, `qZ`)
VALUES (1960735177, 11730, 19943, 308, 49.777, 156.359, -2.863, 0.702927, 0, 0, 0.711262);

INSERT INTO `base_ace_object` (`baseAceObjectId`, `name`, `typeId`, `paletteId`, `ammoType`, `blipColor`, `bitField`, `burden`, `combatUse`, `cooldownDuration`, `cooldownId`, `effects`, `containersCapacity`, `header`, `hookTypeId`, `iconId`, `iconOverlayId`, `iconUnderlayId`, `hookItemTypes`, `itemsCapacity`, `location`, `materialType`, `maxStackSize`, `maxStructure`, `radar`, `pscript`, `spellId`, `stackSize`, `structure`, `targetTypeId`, `usability`, `useRadius`, `validLocations`, `value`, `workmanship`, `animationFrameId`, `defaultScript`, `defaultScriptIntensity`, `elasticity`, `friction`, `locationId`, `modelTableId`, `objectScale`, `physicsBitField`, `physicsTableId`, `motionTableId`, `soundTableId`, `physicsState`, `translucency`)
VALUES (1960735185, 'House Portal', 65536, 0, 0, 0, 262164, 0, 0, 0, 0, 0, 0, 8388656, 0, 100667499, 0, 0, 0, 0, 0, 0, 0, 0, 4, 0, 0, 0, 0, 0, 32, 0.75, 0, 0, 0, 0, 0, 0, 0, 0, 0, 33554867, 0, 98307, 0, 150994947, 0, 3076, 0);

INSERT INTO `ace_object` (`baseAceObjectId`, `weenieClassId`, `landblock`, `cell`, `posX`, `posY`, `posZ`, `qW`, `qX`, `qY`, `qZ`)
VALUES (1960735185, 11730, 19943, 336, 153.254, 105.421, 5.137, 0.01785449, 0, 0, 0.9998406);

INSERT INTO `base_ace_object` (`baseAceObjectId`, `name`, `typeId`, `paletteId`, `ammoType`, `blipColor`, `bitField`, `burden`, `combatUse`, `cooldownDuration`, `cooldownId`, `effects`, `containersCapacity`, `header`, `hookTypeId`, `iconId`, `iconOverlayId`, `iconUnderlayId`, `hookItemTypes`, `itemsCapacity`, `location`, `materialType`, `maxStackSize`, `maxStructure`, `radar`, `pscript`, `spellId`, `stackSize`, `structure`, `targetTypeId`, `usability`, `useRadius`, `validLocations`, `value`, `workmanship`, `animationFrameId`, `defaultScript`, `defaultScriptIntensity`, `elasticity`, `friction`, `locationId`, `modelTableId`, `objectScale`, `physicsBitField`, `physicsTableId`, `motionTableId`, `soundTableId`, `physicsState`, `translucency`)
VALUES (1960735184, 'House Portal', 65536, 0, 0, 0, 262164, 0, 0, 0, 0, 0, 0, 8388656, 0, 100667499, 0, 0, 0, 0, 0, 0, 0, 0, 4, 0, 0, 0, 0, 0, 32, 0.75, 0, 0, 0, 0, 0, 0, 0, 0, 0, 33554867, 0, 98307, 0, 150994947, 0, 3076, 0);

INSERT INTO `ace_object` (`baseAceObjectId`, `weenieClassId`, `landblock`, `cell`, `posX`, `posY`, `posZ`, `qW`, `qX`, `qY`, `qZ`)
VALUES (1960735184, 11730, 19943, 367, 62.2958, 62.843, -2.863, -0.9993133, 0, 0, 0.03705301);

INSERT INTO `base_ace_object` (`baseAceObjectId`, `name`, `typeId`, `paletteId`, `ammoType`, `blipColor`, `bitField`, `burden`, `combatUse`, `cooldownDuration`, `cooldownId`, `effects`, `containersCapacity`, `header`, `hookTypeId`, `iconId`, `iconOverlayId`, `iconUnderlayId`, `hookItemTypes`, `itemsCapacity`, `location`, `materialType`, `maxStackSize`, `maxStructure`, `radar`, `pscript`, `spellId`, `stackSize`, `structure`, `targetTypeId`, `usability`, `useRadius`, `validLocations`, `value`, `workmanship`, `animationFrameId`, `defaultScript`, `defaultScriptIntensity`, `elasticity`, `friction`, `locationId`, `modelTableId`, `objectScale`, `physicsBitField`, `physicsTableId`, `motionTableId`, `soundTableId`, `physicsState`, `translucency`)
VALUES (1960735186, 'House Portal', 65536, 0, 0, 0, 262164, 0, 0, 0, 0, 0, 0, 41943088, 0, 100667499, 0, 0, 0, 0, 0, 0, 0, 0, 4, 0, 0, 0, 0, 0, 32, 0.75, 0, 0, 0, 0, 0, 0, 0, 0, 0, 33554867, 0, 98307, 0, 150994947, 0, 3076, 0);

INSERT INTO `ace_object` (`baseAceObjectId`, `weenieClassId`, `landblock`, `cell`, `posX`, `posY`, `posZ`, `qW`, `qX`, `qY`, `qZ`)
VALUES (1960735186, 11730, 19943, 398, 146.184, 35.756, 3.137, -0.7092191, 0, 0, -0.7049881);

INSERT INTO `base_ace_object` (`baseAceObjectId`, `name`, `typeId`, `paletteId`, `ammoType`, `blipColor`, `bitField`, `burden`, `combatUse`, `cooldownDuration`, `cooldownId`, `effects`, `containersCapacity`, `header`, `hookTypeId`, `iconId`, `iconOverlayId`, `iconUnderlayId`, `hookItemTypes`, `itemsCapacity`, `location`, `materialType`, `maxStackSize`, `maxStructure`, `radar`, `pscript`, `spellId`, `stackSize`, `structure`, `targetTypeId`, `usability`, `useRadius`, `validLocations`, `value`, `workmanship`, `animationFrameId`, `defaultScript`, `defaultScriptIntensity`, `elasticity`, `friction`, `locationId`, `modelTableId`, `objectScale`, `physicsBitField`, `physicsTableId`, `motionTableId`, `soundTableId`, `physicsState`, `translucency`)
VALUES (1960735182, 'House Portal', 65536, 0, 0, 0, 262164, 0, 0, 0, 0, 0, 0, 41943088, 0, 100667499, 0, 0, 0, 0, 0, 0, 0, 0, 4, 0, 0, 0, 0, 0, 32, 0.75, 0, 0, 0, 0, 0, 0, 0, 0, 0, 33554867, 0, 98307, 0, 150994947, 0, 3076, 0);

INSERT INTO `ace_object` (`baseAceObjectId`, `weenieClassId`, `landblock`, `cell`, `posX`, `posY`, `posZ`, `qW`, `qX`, `qY`, `qZ`)
VALUES (1960735182, 11730, 19943, 426, 110.982, 85.7159, 1.137, -0.9993228, 0, 0, -0.03679609);

INSERT INTO `base_ace_object` (`baseAceObjectId`, `name`, `typeId`, `paletteId`, `ammoType`, `blipColor`, `bitField`, `burden`, `combatUse`, `cooldownDuration`, `cooldownId`, `effects`, `containersCapacity`, `header`, `hookTypeId`, `iconId`, `iconOverlayId`, `iconUnderlayId`, `hookItemTypes`, `itemsCapacity`, `location`, `materialType`, `maxStackSize`, `maxStructure`, `radar`, `pscript`, `spellId`, `stackSize`, `structure`, `targetTypeId`, `usability`, `useRadius`, `validLocations`, `value`, `workmanship`, `animationFrameId`, `defaultScript`, `defaultScriptIntensity`, `elasticity`, `friction`, `locationId`, `modelTableId`, `objectScale`, `physicsBitField`, `physicsTableId`, `motionTableId`, `soundTableId`, `physicsState`, `translucency`)
VALUES (1961783605, 'House Portal', 65536, 0, 0, 0, 262164, 0, 0, 0, 0, 0, 0, 41943088, 0, 100667499, 0, 0, 0, 0, 0, 0, 0, 0, 4, 0, 0, 0, 0, 0, 32, 0.75, 0, 0, 0, 0, 0, 0, 0, 0, 0, 33554867, 0, 98307, 0, 150994947, 0, 3076, 0);

INSERT INTO `ace_object` (`baseAceObjectId`, `weenieClassId`, `landblock`, `cell`, `posX`, `posY`, `posZ`, `qW`, `qX`, `qY`, `qZ`)
VALUES (1961783605, 11730, 20199, 280, 157.907, 158.467, 15.137, 0.9998738, 0, 0, 0.0158866);

INSERT INTO `base_ace_object` (`baseAceObjectId`, `name`, `typeId`, `paletteId`, `ammoType`, `blipColor`, `bitField`, `burden`, `combatUse`, `cooldownDuration`, `cooldownId`, `effects`, `containersCapacity`, `header`, `hookTypeId`, `iconId`, `iconOverlayId`, `iconUnderlayId`, `hookItemTypes`, `itemsCapacity`, `location`, `materialType`, `maxStackSize`, `maxStructure`, `radar`, `pscript`, `spellId`, `stackSize`, `structure`, `targetTypeId`, `usability`, `useRadius`, `validLocations`, `value`, `workmanship`, `animationFrameId`, `defaultScript`, `defaultScriptIntensity`, `elasticity`, `friction`, `locationId`, `modelTableId`, `objectScale`, `physicsBitField`, `physicsTableId`, `motionTableId`, `soundTableId`, `physicsState`, `translucency`)
VALUES (1961783603, 'House Portal', 65536, 0, 0, 0, 262164, 0, 0, 0, 0, 0, 0, 41943088, 0, 100667499, 0, 0, 0, 0, 0, 0, 0, 0, 4, 0, 0, 0, 0, 0, 32, 0.75, 0, 0, 0, 0, 0, 0, 0, 0, 0, 33554867, 0, 98307, 0, 150994947, 0, 3076, 0);

INSERT INTO `ace_object` (`baseAceObjectId`, `weenieClassId`, `landblock`, `cell`, `posX`, `posY`, `posZ`, `qW`, `qX`, `qY`, `qZ`)
VALUES (1961783603, 11730, 20199, 311, 98.8366, 155.249, 15.137, 0.6947511, 0, 0, 0.7192502);

INSERT INTO `base_ace_object` (`baseAceObjectId`, `name`, `typeId`, `paletteId`, `ammoType`, `blipColor`, `bitField`, `burden`, `combatUse`, `cooldownDuration`, `cooldownId`, `effects`, `containersCapacity`, `header`, `hookTypeId`, `iconId`, `iconOverlayId`, `iconUnderlayId`, `hookItemTypes`, `itemsCapacity`, `location`, `materialType`, `maxStackSize`, `maxStructure`, `radar`, `pscript`, `spellId`, `stackSize`, `structure`, `targetTypeId`, `usability`, `useRadius`, `validLocations`, `value`, `workmanship`, `animationFrameId`, `defaultScript`, `defaultScriptIntensity`, `elasticity`, `friction`, `locationId`, `modelTableId`, `objectScale`, `physicsBitField`, `physicsTableId`, `motionTableId`, `soundTableId`, `physicsState`, `translucency`)
VALUES (1961783601, 'House Portal', 65536, 0, 0, 0, 262164, 0, 0, 0, 0, 0, 0, 8388656, 0, 100667499, 0, 0, 0, 0, 0, 0, 0, 0, 4, 0, 0, 0, 0, 0, 32, 0.75, 0, 0, 0, 0, 0, 0, 0, 0, 0, 33554867, 0, 98307, 0, 150994947, 0, 3076, 0);

INSERT INTO `ace_object` (`baseAceObjectId`, `weenieClassId`, `landblock`, `cell`, `posX`, `posY`, `posZ`, `qW`, `qX`, `qY`, `qZ`)
VALUES (1961783601, 11730, 20199, 339, 106.149, 81.3421, 19.137, 0.03354351, 0, 0, 0.9994373);

INSERT INTO `base_ace_object` (`baseAceObjectId`, `name`, `typeId`, `paletteId`, `ammoType`, `blipColor`, `bitField`, `burden`, `combatUse`, `cooldownDuration`, `cooldownId`, `effects`, `containersCapacity`, `header`, `hookTypeId`, `iconId`, `iconOverlayId`, `iconUnderlayId`, `hookItemTypes`, `itemsCapacity`, `location`, `materialType`, `maxStackSize`, `maxStructure`, `radar`, `pscript`, `spellId`, `stackSize`, `structure`, `targetTypeId`, `usability`, `useRadius`, `validLocations`, `value`, `workmanship`, `animationFrameId`, `defaultScript`, `defaultScriptIntensity`, `elasticity`, `friction`, `locationId`, `modelTableId`, `objectScale`, `physicsBitField`, `physicsTableId`, `motionTableId`, `soundTableId`, `physicsState`, `translucency`)
VALUES (1961783607, 'House Portal', 65536, 0, 0, 0, 262164, 0, 0, 0, 0, 0, 0, 41943088, 0, 100667499, 0, 0, 0, 0, 0, 0, 0, 0, 4, 0, 0, 0, 0, 0, 32, 0.75, 0, 0, 0, 0, 0, 0, 0, 0, 0, 33554867, 0, 98307, 0, 150994947, 0, 3076, 0);

INSERT INTO `ace_object` (`baseAceObjectId`, `weenieClassId`, `landblock`, `cell`, `posX`, `posY`, `posZ`, `qW`, `qX`, `qY`, `qZ`)
VALUES (1961783607, 11730, 20199, 370, 165.455, 85.4575, 23.137, -0.7010369, 0, 0, 0.7131249);

INSERT INTO `base_ace_object` (`baseAceObjectId`, `name`, `typeId`, `paletteId`, `ammoType`, `blipColor`, `bitField`, `burden`, `combatUse`, `cooldownDuration`, `cooldownId`, `effects`, `containersCapacity`, `header`, `hookTypeId`, `iconId`, `iconOverlayId`, `iconUnderlayId`, `hookItemTypes`, `itemsCapacity`, `location`, `materialType`, `maxStackSize`, `maxStructure`, `radar`, `pscript`, `spellId`, `stackSize`, `structure`, `targetTypeId`, `usability`, `useRadius`, `validLocations`, `value`, `workmanship`, `animationFrameId`, `defaultScript`, `defaultScriptIntensity`, `elasticity`, `friction`, `locationId`, `modelTableId`, `objectScale`, `physicsBitField`, `physicsTableId`, `motionTableId`, `soundTableId`, `physicsState`, `translucency`)
VALUES (1976475649, 'Destroyed Stonehold Portal', 65536, 0, 0, 0, 262164, 0, 0, 0, 0, 0, 0, 48, 0, 100667499, 0, 0, 0, 0, 0, 0, 0, 0, 0, 0, 0, 0, 0, 0, 1, -0.1, 0, 0, 0, 0, 0, 0, 0, 0, 0, 33561060, 0, 98307, 0, 150995314, 0, 3092, 0);

INSERT INTO `ace_object` (`baseAceObjectId`, `weenieClassId`, `landblock`, `cell`, `posX`, `posY`, `posZ`, `qW`, `qX`, `qY`, `qZ`)
VALUES (1976475649, 4044, 23786, 62, 182.162, 139.079, 14.61034, -0.2778611, 0, 0, 0.9606213);

INSERT INTO `base_ace_object` (`baseAceObjectId`, `name`, `typeId`, `paletteId`, `ammoType`, `blipColor`, `bitField`, `burden`, `combatUse`, `cooldownDuration`, `cooldownId`, `effects`, `containersCapacity`, `header`, `hookTypeId`, `iconId`, `iconOverlayId`, `iconUnderlayId`, `hookItemTypes`, `itemsCapacity`, `location`, `materialType`, `maxStackSize`, `maxStructure`, `radar`, `pscript`, `spellId`, `stackSize`, `structure`, `targetTypeId`, `usability`, `useRadius`, `validLocations`, `value`, `workmanship`, `animationFrameId`, `defaultScript`, `defaultScriptIntensity`, `elasticity`, `friction`, `locationId`, `modelTableId`, `objectScale`, `physicsBitField`, `physicsTableId`, `motionTableId`, `soundTableId`, `physicsState`, `translucency`)
VALUES (2010083355, 'House Portal', 65536, 0, 0, 0, 262164, 0, 0, 0, 0, 0, 0, 41943088, 0, 100667499, 0, 0, 0, 0, 0, 0, 0, 0, 4, 0, 0, 0, 0, 0, 32, 0.75, 0, 0, 0, 0, 0, 0, 0, 0, 0, 33554867, 0, 98307, 0, 150994947, 0, 3076, 0);

INSERT INTO `ace_object` (`baseAceObjectId`, `weenieClassId`, `landblock`, `cell`, `posX`, `posY`, `posZ`, `qW`, `qX`, `qY`, `qZ`)
VALUES (2010083355, 11730, 31991, 280, 117.519, 156.619, -2.863, -0.7145497, 0, 0, 0.6995847);

INSERT INTO `base_ace_object` (`baseAceObjectId`, `name`, `typeId`, `paletteId`, `ammoType`, `blipColor`, `bitField`, `burden`, `combatUse`, `cooldownDuration`, `cooldownId`, `effects`, `containersCapacity`, `header`, `hookTypeId`, `iconId`, `iconOverlayId`, `iconUnderlayId`, `hookItemTypes`, `itemsCapacity`, `location`, `materialType`, `maxStackSize`, `maxStructure`, `radar`, `pscript`, `spellId`, `stackSize`, `structure`, `targetTypeId`, `usability`, `useRadius`, `validLocations`, `value`, `workmanship`, `animationFrameId`, `defaultScript`, `defaultScriptIntensity`, `elasticity`, `friction`, `locationId`, `modelTableId`, `objectScale`, `physicsBitField`, `physicsTableId`, `motionTableId`, `soundTableId`, `physicsState`, `translucency`)
VALUES (1880997913, 'Surface', 65536, 0, 0, 0, 262164, 0, 0, 0, 0, 0, 0, 8388656, 0, 100667499, 0, 0, 0, 0, 0, 0, 0, 0, 4, 0, 0, 0, 0, 0, 32, -0.1, 0, 0, 0, 0, 0, 0, 0, 0, 0, 33554867, 0, 98307, 0, 150994947, 0, 3084, 0);

INSERT INTO `ace_object` (`baseAceObjectId`, `weenieClassId`, `landblock`, `cell`, `posX`, `posY`, `posZ`, `qW`, `qX`, `qY`, `qZ`)
VALUES (1880997913, 1338, 476, 341, 39.759, -70.2726, -0.06299996, 1, 0, 0, 0);

INSERT INTO `base_ace_object` (`baseAceObjectId`, `name`, `typeId`, `paletteId`, `ammoType`, `blipColor`, `bitField`, `burden`, `combatUse`, `cooldownDuration`, `cooldownId`, `effects`, `containersCapacity`, `header`, `hookTypeId`, `iconId`, `iconOverlayId`, `iconUnderlayId`, `hookItemTypes`, `itemsCapacity`, `location`, `materialType`, `maxStackSize`, `maxStructure`, `radar`, `pscript`, `spellId`, `stackSize`, `structure`, `targetTypeId`, `usability`, `useRadius`, `validLocations`, `value`, `workmanship`, `animationFrameId`, `defaultScript`, `defaultScriptIntensity`, `elasticity`, `friction`, `locationId`, `modelTableId`, `objectScale`, `physicsBitField`, `physicsTableId`, `motionTableId`, `soundTableId`, `physicsState`, `translucency`)
VALUES (1881010176, 'Surface', 65536, 0, 0, 0, 262164, 0, 0, 0, 0, 0, 0, 8388656, 0, 100667499, 0, 0, 0, 0, 0, 0, 0, 0, 4, 0, 0, 0, 0, 0, 32, -0.1, 0, 0, 0, 0, 0, 0, 0, 0, 0, 33554867, 0, 98307, 0, 150994947, 0, 3084, 0);

INSERT INTO `ace_object` (`baseAceObjectId`, `weenieClassId`, `landblock`, `cell`, `posX`, `posY`, `posZ`, `qW`, `qX`, `qY`, `qZ`)
VALUES (1881010176, 1334, 479, 263, 7.30568, -38.4194, -0.06299996, -4.37114E-08, 0, 0, -1);

INSERT INTO `base_ace_object` (`baseAceObjectId`, `name`, `typeId`, `paletteId`, `ammoType`, `blipColor`, `bitField`, `burden`, `combatUse`, `cooldownDuration`, `cooldownId`, `effects`, `containersCapacity`, `header`, `hookTypeId`, `iconId`, `iconOverlayId`, `iconUnderlayId`, `hookItemTypes`, `itemsCapacity`, `location`, `materialType`, `maxStackSize`, `maxStructure`, `radar`, `pscript`, `spellId`, `stackSize`, `structure`, `targetTypeId`, `usability`, `useRadius`, `validLocations`, `value`, `workmanship`, `animationFrameId`, `defaultScript`, `defaultScriptIntensity`, `elasticity`, `friction`, `locationId`, `modelTableId`, `objectScale`, `physicsBitField`, `physicsTableId`, `motionTableId`, `soundTableId`, `physicsState`, `translucency`)
VALUES (2093293568, 'A Mosswart Nest', 65536, 0, 0, 0, 262164, 0, 0, 0, 0, 0, 0, 8388656, 0, 100667499, 0, 0, 0, 0, 0, 0, 0, 0, 4, 0, 0, 0, 0, 0, 32, -0.1, 0, 0, 0, 0, 0, 0, 0, 0, 0, 33554867, 0, 98307, 0, 150994947, 0, 3084, 0);

INSERT INTO `ace_object` (`baseAceObjectId`, `weenieClassId`, `landblock`, `cell`, `posX`, `posY`, `posZ`, `qW`, `qX`, `qY`, `qZ`)
VALUES (2093293568, 1333, 52306, 58, 179.643, 38.143, 54.23467, 0.6801121, 0, 0, 0.7331081);

INSERT INTO `base_ace_object` (`baseAceObjectId`, `name`, `typeId`, `paletteId`, `ammoType`, `blipColor`, `bitField`, `burden`, `combatUse`, `cooldownDuration`, `cooldownId`, `effects`, `containersCapacity`, `header`, `hookTypeId`, `iconId`, `iconOverlayId`, `iconUnderlayId`, `hookItemTypes`, `itemsCapacity`, `location`, `materialType`, `maxStackSize`, `maxStructure`, `radar`, `pscript`, `spellId`, `stackSize`, `structure`, `targetTypeId`, `usability`, `useRadius`, `validLocations`, `value`, `workmanship`, `animationFrameId`, `defaultScript`, `defaultScriptIntensity`, `elasticity`, `friction`, `locationId`, `modelTableId`, `objectScale`, `physicsBitField`, `physicsTableId`, `motionTableId`, `soundTableId`, `physicsState`, `translucency`)
VALUES (2074537984, 'A Ruin', 65536, 0, 0, 0, 262164, 0, 0, 0, 0, 0, 0, 8388656, 0, 100667499, 0, 0, 0, 0, 0, 0, 0, 0, 4, 0, 0, 0, 0, 0, 32, -0.1, 0, 0, 0, 0, 0, 0, 0, 0, 0, 33554867, 0, 98307, 0, 150994947, 0, 3084, 0);

INSERT INTO `ace_object` (`baseAceObjectId`, `weenieClassId`, `landblock`, `cell`, `posX`, `posY`, `posZ`, `qW`, `qX`, `qY`, `qZ`)
VALUES (2074537984, 1343, 47727, 34, 114, 45.77, 9.437, -0.694658, 0, 0, -0.7193401);

INSERT INTO `base_ace_object` (`baseAceObjectId`, `name`, `typeId`, `paletteId`, `ammoType`, `blipColor`, `bitField`, `burden`, `combatUse`, `cooldownDuration`, `cooldownId`, `effects`, `containersCapacity`, `header`, `hookTypeId`, `iconId`, `iconOverlayId`, `iconUnderlayId`, `hookItemTypes`, `itemsCapacity`, `location`, `materialType`, `maxStackSize`, `maxStructure`, `radar`, `pscript`, `spellId`, `stackSize`, `structure`, `targetTypeId`, `usability`, `useRadius`, `validLocations`, `value`, `workmanship`, `animationFrameId`, `defaultScript`, `defaultScriptIntensity`, `elasticity`, `friction`, `locationId`, `modelTableId`, `objectScale`, `physicsBitField`, `physicsTableId`, `motionTableId`, `soundTableId`, `physicsState`, `translucency`)
VALUES (1880391699, 'Surface Portal', 65536, 0, 0, 0, 262164, 0, 0, 0, 0, 0, 0, 8388656, 0, 100667499, 0, 0, 0, 0, 0, 0, 0, 0, 4, 0, 0, 0, 0, 0, 32, -0.1, 0, 0, 0, 0, 0, 0, 0, 0, 0, 33554867, 0, 98307, 0, 150994947, 0, 3084, 0);

INSERT INTO `ace_object` (`baseAceObjectId`, `weenieClassId`, `landblock`, `cell`, `posX`, `posY`, `posZ`, `qW`, `qX`, `qY`, `qZ`)
VALUES (1880391699, 5522, 328, 330, 70, -30, -0.06299996, 1, 0, 0, 0);

INSERT INTO `base_ace_object` (`baseAceObjectId`, `name`, `typeId`, `paletteId`, `ammoType`, `blipColor`, `bitField`, `burden`, `combatUse`, `cooldownDuration`, `cooldownId`, `effects`, `containersCapacity`, `header`, `hookTypeId`, `iconId`, `iconOverlayId`, `iconUnderlayId`, `hookItemTypes`, `itemsCapacity`, `location`, `materialType`, `maxStackSize`, `maxStructure`, `radar`, `pscript`, `spellId`, `stackSize`, `structure`, `targetTypeId`, `usability`, `useRadius`, `validLocations`, `value`, `workmanship`, `animationFrameId`, `defaultScript`, `defaultScriptIntensity`, `elasticity`, `friction`, `locationId`, `modelTableId`, `objectScale`, `physicsBitField`, `physicsTableId`, `motionTableId`, `soundTableId`, `physicsState`, `translucency`)
VALUES (2104737792, 'A Small Ruin Portal', 65536, 0, 0, 0, 262164, 0, 0, 0, 0, 0, 0, 8388656, 0, 100667499, 0, 0, 0, 0, 0, 0, 0, 0, 4, 0, 0, 0, 0, 0, 32, -0.1, 0, 0, 0, 0, 0, 0, 0, 0, 0, 33555923, 0, 98307, 0, 150994947, 0, 3084, 0);

INSERT INTO `ace_object` (`baseAceObjectId`, `weenieClassId`, `landblock`, `cell`, `posX`, `posY`, `posZ`, `qW`, `qX`, `qY`, `qZ`)
VALUES (2104737792, 5521, 55100, 60, 190.205, 76.4793, 98.68356, 0.78033, 0, 0, 0.625368);

INSERT INTO `base_ace_object` (`baseAceObjectId`, `name`, `typeId`, `paletteId`, `ammoType`, `blipColor`, `bitField`, `burden`, `combatUse`, `cooldownDuration`, `cooldownId`, `effects`, `containersCapacity`, `header`, `hookTypeId`, `iconId`, `iconOverlayId`, `iconUnderlayId`, `hookItemTypes`, `itemsCapacity`, `location`, `materialType`, `maxStackSize`, `maxStructure`, `radar`, `pscript`, `spellId`, `stackSize`, `structure`, `targetTypeId`, `usability`, `useRadius`, `validLocations`, `value`, `workmanship`, `animationFrameId`, `defaultScript`, `defaultScriptIntensity`, `elasticity`, `friction`, `locationId`, `modelTableId`, `objectScale`, `physicsBitField`, `physicsTableId`, `motionTableId`, `soundTableId`, `physicsState`, `translucency`)
VALUES (1880199243, 'Surface Portal', 65536, 0, 0, 0, 262164, 0, 0, 0, 0, 0, 0, 8388656, 0, 100667499, 0, 0, 0, 0, 0, 0, 0, 0, 4, 0, 0, 0, 0, 0, 32, -0.1, 0, 0, 0, 0, 0, 0, 0, 0, 0, 33554867, 0, 98307, 0, 150994947, 0, 3084, 0);

INSERT INTO `ace_object` (`baseAceObjectId`, `weenieClassId`, `landblock`, `cell`, `posX`, `posY`, `posZ`, `qW`, `qX`, `qY`, `qZ`)
VALUES (1880199243, 6390, 281, 814, 50, -90, 23.937, 1, 0, 0, 0);

INSERT INTO `base_ace_object` (`baseAceObjectId`, `name`, `typeId`, `paletteId`, `ammoType`, `blipColor`, `bitField`, `burden`, `combatUse`, `cooldownDuration`, `cooldownId`, `effects`, `containersCapacity`, `header`, `hookTypeId`, `iconId`, `iconOverlayId`, `iconUnderlayId`, `hookItemTypes`, `itemsCapacity`, `location`, `materialType`, `maxStackSize`, `maxStructure`, `radar`, `pscript`, `spellId`, `stackSize`, `structure`, `targetTypeId`, `usability`, `useRadius`, `validLocations`, `value`, `workmanship`, `animationFrameId`, `defaultScript`, `defaultScriptIntensity`, `elasticity`, `friction`, `locationId`, `modelTableId`, `objectScale`, `physicsBitField`, `physicsTableId`, `motionTableId`, `soundTableId`, `physicsState`, `translucency`)
VALUES (1880199237, 'Surface Portal', 65536, 0, 0, 0, 262164, 0, 0, 0, 0, 0, 0, 8388656, 0, 100667499, 0, 0, 0, 0, 0, 0, 0, 0, 4, 0, 0, 0, 0, 0, 32, -0.1, 0, 0, 0, 0, 0, 0, 0, 0, 0, 33554867, 0, 98307, 0, 150994947, 0, 3084, 0);

INSERT INTO `ace_object` (`baseAceObjectId`, `weenieClassId`, `landblock`, `cell`, `posX`, `posY`, `posZ`, `qW`, `qX`, `qY`, `qZ`)
VALUES (1880199237, 6390, 281, 741, 50, -90, -6.063, 1, 0, 0, 0);

INSERT INTO `base_ace_object` (`baseAceObjectId`, `name`, `typeId`, `paletteId`, `ammoType`, `blipColor`, `bitField`, `burden`, `combatUse`, `cooldownDuration`, `cooldownId`, `effects`, `containersCapacity`, `header`, `hookTypeId`, `iconId`, `iconOverlayId`, `iconUnderlayId`, `hookItemTypes`, `itemsCapacity`, `location`, `materialType`, `maxStackSize`, `maxStructure`, `radar`, `pscript`, `spellId`, `stackSize`, `structure`, `targetTypeId`, `usability`, `useRadius`, `validLocations`, `value`, `workmanship`, `animationFrameId`, `defaultScript`, `defaultScriptIntensity`, `elasticity`, `friction`, `locationId`, `modelTableId`, `objectScale`, `physicsBitField`, `physicsTableId`, `motionTableId`, `soundTableId`, `physicsState`, `translucency`)
VALUES (1880199224, 'Surface Portal', 65536, 0, 0, 0, 262164, 0, 0, 0, 0, 0, 0, 8388656, 0, 100667499, 0, 0, 0, 0, 0, 0, 0, 0, 4, 0, 0, 0, 0, 0, 32, -0.1, 0, 0, 0, 0, 0, 0, 0, 0, 0, 33554867, 0, 98307, 0, 150994947, 0, 3084, 0);

INSERT INTO `ace_object` (`baseAceObjectId`, `weenieClassId`, `landblock`, `cell`, `posX`, `posY`, `posZ`, `qW`, `qX`, `qY`, `qZ`)
VALUES (1880199224, 6390, 281, 578, 50, -90, -60.063, 1, 0, 0, 0);

INSERT INTO `base_ace_object` (`baseAceObjectId`, `name`, `typeId`, `paletteId`, `ammoType`, `blipColor`, `bitField`, `burden`, `combatUse`, `cooldownDuration`, `cooldownId`, `effects`, `containersCapacity`, `header`, `hookTypeId`, `iconId`, `iconOverlayId`, `iconUnderlayId`, `hookItemTypes`, `itemsCapacity`, `location`, `materialType`, `maxStackSize`, `maxStructure`, `radar`, `pscript`, `spellId`, `stackSize`, `structure`, `targetTypeId`, `usability`, `useRadius`, `validLocations`, `value`, `workmanship`, `animationFrameId`, `defaultScript`, `defaultScriptIntensity`, `elasticity`, `friction`, `locationId`, `modelTableId`, `objectScale`, `physicsBitField`, `physicsTableId`, `motionTableId`, `soundTableId`, `physicsState`, `translucency`)
VALUES (1880199171, 'Surface Portal', 65536, 0, 0, 0, 262164, 0, 0, 0, 0, 0, 0, 8388656, 0, 100667499, 0, 0, 0, 0, 0, 0, 0, 0, 4, 0, 0, 0, 0, 0, 32, -0.1, 0, 0, 0, 0, 0, 0, 0, 0, 0, 33554867, 0, 98307, 0, 150994947, 0, 3084, 0);

INSERT INTO `ace_object` (`baseAceObjectId`, `weenieClassId`, `landblock`, `cell`, `posX`, `posY`, `posZ`, `qW`, `qX`, `qY`, `qZ`)
VALUES (1880199171, 6390, 281, 260, 20, -12.975, -78.063, 1, 0, 0, 0);

INSERT INTO `base_ace_object` (`baseAceObjectId`, `name`, `typeId`, `paletteId`, `ammoType`, `blipColor`, `bitField`, `burden`, `combatUse`, `cooldownDuration`, `cooldownId`, `effects`, `containersCapacity`, `header`, `hookTypeId`, `iconId`, `iconOverlayId`, `iconUnderlayId`, `hookItemTypes`, `itemsCapacity`, `location`, `materialType`, `maxStackSize`, `maxStructure`, `radar`, `pscript`, `spellId`, `stackSize`, `structure`, `targetTypeId`, `usability`, `useRadius`, `validLocations`, `value`, `workmanship`, `animationFrameId`, `defaultScript`, `defaultScriptIntensity`, `elasticity`, `friction`, `locationId`, `modelTableId`, `objectScale`, `physicsBitField`, `physicsTableId`, `motionTableId`, `soundTableId`, `physicsState`, `translucency`)
VALUES (2033799170, 'North Gemm', 65536, 0, 0, 0, 262164, 0, 0, 0, 0, 0, 0, 8388656, 0, 100667499, 0, 0, 0, 0, 0, 0, 0, 0, 4, 0, 0, 0, 0, 0, 32, -0.1, 0, 0, 0, 0, 0, 0, 0, 0, 0, 33554867, 0, 98307, 0, 150994947, 0, 3084, 0);

INSERT INTO `ace_object` (`baseAceObjectId`, `weenieClassId`, `landblock`, `cell`, `posX`, `posY`, `posZ`, `qW`, `qX`, `qY`, `qZ`)
VALUES (2033799170, 435, 37781, 25, 76.2, 1.7, 223.937, -0.3173048, 0, 0, -0.9483236);

INSERT INTO `base_ace_object` (`baseAceObjectId`, `name`, `typeId`, `paletteId`, `ammoType`, `blipColor`, `bitField`, `burden`, `combatUse`, `cooldownDuration`, `cooldownId`, `effects`, `containersCapacity`, `header`, `hookTypeId`, `iconId`, `iconOverlayId`, `iconUnderlayId`, `hookItemTypes`, `itemsCapacity`, `location`, `materialType`, `maxStackSize`, `maxStructure`, `radar`, `pscript`, `spellId`, `stackSize`, `structure`, `targetTypeId`, `usability`, `useRadius`, `validLocations`, `value`, `workmanship`, `animationFrameId`, `defaultScript`, `defaultScriptIntensity`, `elasticity`, `friction`, `locationId`, `modelTableId`, `objectScale`, `physicsBitField`, `physicsTableId`, `motionTableId`, `soundTableId`, `physicsState`, `translucency`)
VALUES (2031693824, 'South Bellig', 65536, 0, 0, 0, 262164, 0, 0, 0, 0, 0, 0, 8388656, 0, 100667499, 0, 0, 0, 0, 0, 0, 0, 0, 4, 0, 0, 0, 0, 0, 32, -0.1, 0, 0, 0, 0, 0, 0, 0, 0, 0, 33554867, 0, 98307, 0, 150994947, 0, 3084, 0);

INSERT INTO `ace_object` (`baseAceObjectId`, `weenieClassId`, `landblock`, `cell`, `posX`, `posY`, `posZ`, `qW`, `qX`, `qY`, `qZ`)
VALUES (2031693824, 436, 37267, 55, 165.8, 166.7, 223.937, 0.9426414, 0, 0, -0.3338071);

INSERT INTO `base_ace_object` (`baseAceObjectId`, `name`, `typeId`, `paletteId`, `ammoType`, `blipColor`, `bitField`, `burden`, `combatUse`, `cooldownDuration`, `cooldownId`, `effects`, `containersCapacity`, `header`, `hookTypeId`, `iconId`, `iconOverlayId`, `iconUnderlayId`, `hookItemTypes`, `itemsCapacity`, `location`, `materialType`, `maxStackSize`, `maxStructure`, `radar`, `pscript`, `spellId`, `stackSize`, `structure`, `targetTypeId`, `usability`, `useRadius`, `validLocations`, `value`, `workmanship`, `animationFrameId`, `defaultScript`, `defaultScriptIntensity`, `elasticity`, `friction`, `locationId`, `modelTableId`, `objectScale`, `physicsBitField`, `physicsTableId`, `motionTableId`, `soundTableId`, `physicsState`, `translucency`)
VALUES (2031693825, 'North Dalt', 65536, 0, 0, 0, 262164, 0, 0, 0, 0, 0, 0, 8388656, 0, 100667499, 0, 0, 0, 0, 0, 0, 0, 0, 4, 0, 0, 0, 0, 0, 32, -0.1, 0, 0, 0, 0, 0, 0, 0, 0, 0, 33554867, 0, 98307, 0, 150994947, 0, 3084, 0);

INSERT INTO `ace_object` (`baseAceObjectId`, `weenieClassId`, `landblock`, `cell`, `posX`, `posY`, `posZ`, `qW`, `qX`, `qY`, `qZ`)
VALUES (2031693825, 437, 37267, 9, 28, 1.2, 223.937, -0.3583682, 0, 0, -0.9335803);

INSERT INTO `base_ace_object` (`baseAceObjectId`, `name`, `typeId`, `paletteId`, `ammoType`, `blipColor`, `bitField`, `burden`, `combatUse`, `cooldownDuration`, `cooldownId`, `effects`, `containersCapacity`, `header`, `hookTypeId`, `iconId`, `iconOverlayId`, `iconUnderlayId`, `hookItemTypes`, `itemsCapacity`, `location`, `materialType`, `maxStackSize`, `maxStructure`, `radar`, `pscript`, `spellId`, `stackSize`, `structure`, `targetTypeId`, `usability`, `useRadius`, `validLocations`, `value`, `workmanship`, `animationFrameId`, `defaultScript`, `defaultScriptIntensity`, `elasticity`, `friction`, `locationId`, `modelTableId`, `objectScale`, `physicsBitField`, `physicsTableId`, `motionTableId`, `soundTableId`, `physicsState`, `translucency`)
VALUES (2029588480, 'South Gemm', 65536, 0, 0, 0, 262164, 0, 0, 0, 0, 0, 0, 8388656, 0, 100667499, 0, 0, 0, 0, 0, 0, 0, 0, 4, 0, 0, 0, 0, 0, 32, -0.1, 0, 0, 0, 0, 0, 0, 0, 0, 0, 33554867, 0, 98307, 0, 150994947, 0, 3084, 0);

INSERT INTO `ace_object` (`baseAceObjectId`, `weenieClassId`, `landblock`, `cell`, `posX`, `posY`, `posZ`, `qW`, `qX`, `qY`, `qZ`)
VALUES (2029588480, 438, 36753, 62, 191, 140.2, 223.937, 0.9271837, 0, 0, -0.3746069);

INSERT INTO `base_ace_object` (`baseAceObjectId`, `name`, `typeId`, `paletteId`, `ammoType`, `blipColor`, `bitField`, `burden`, `combatUse`, `cooldownDuration`, `cooldownId`, `effects`, `containersCapacity`, `header`, `hookTypeId`, `iconId`, `iconOverlayId`, `iconUnderlayId`, `hookItemTypes`, `itemsCapacity`, `location`, `materialType`, `maxStackSize`, `maxStructure`, `radar`, `pscript`, `spellId`, `stackSize`, `structure`, `targetTypeId`, `usability`, `useRadius`, `validLocations`, `value`, `workmanship`, `animationFrameId`, `defaultScript`, `defaultScriptIntensity`, `elasticity`, `friction`, `locationId`, `modelTableId`, `objectScale`, `physicsBitField`, `physicsTableId`, `motionTableId`, `soundTableId`, `physicsState`, `translucency`)
VALUES (2029588481, 'North Syliph', 65536, 0, 0, 0, 262164, 0, 0, 0, 0, 0, 0, 8388656, 0, 100667499, 0, 0, 0, 0, 0, 0, 0, 0, 4, 0, 0, 0, 0, 0, 32, -0.1, 0, 0, 0, 0, 0, 0, 0, 0, 0, 33554867, 0, 98307, 0, 150994947, 0, 3084, 0);

INSERT INTO `ace_object` (`baseAceObjectId`, `weenieClassId`, `landblock`, `cell`, `posX`, `posY`, `posZ`, `qW`, `qX`, `qY`, `qZ`)
VALUES (2029588481, 439, 36753, 17, 51.9, 0.9, 223.937, -0.258819, 0, 0, -0.9659259);

INSERT INTO `base_ace_object` (`baseAceObjectId`, `name`, `typeId`, `paletteId`, `ammoType`, `blipColor`, `bitField`, `burden`, `combatUse`, `cooldownDuration`, `cooldownId`, `effects`, `containersCapacity`, `header`, `hookTypeId`, `iconId`, `iconOverlayId`, `iconUnderlayId`, `hookItemTypes`, `itemsCapacity`, `location`, `materialType`, `maxStackSize`, `maxStructure`, `radar`, `pscript`, `spellId`, `stackSize`, `structure`, `targetTypeId`, `usability`, `useRadius`, `validLocations`, `value`, `workmanship`, `animationFrameId`, `defaultScript`, `defaultScriptIntensity`, `elasticity`, `friction`, `locationId`, `modelTableId`, `objectScale`, `physicsBitField`, `physicsTableId`, `motionTableId`, `soundTableId`, `physicsState`, `translucency`)
VALUES (2027479040, 'Syliph Tower', 65536, 0, 0, 0, 262164, 0, 0, 0, 0, 0, 0, 8388656, 0, 100667499, 0, 0, 0, 0, 0, 0, 0, 0, 4, 0, 0, 0, 0, 0, 32, -0.1, 0, 0, 0, 0, 0, 0, 0, 0, 0, 33554867, 0, 98307, 0, 150994947, 0, 3084, 0);

INSERT INTO `ace_object` (`baseAceObjectId`, `weenieClassId`, `landblock`, `cell`, `posX`, `posY`, `posZ`, `qW`, `qX`, `qY`, `qZ`)
VALUES (2027479040, 426, 36238, 55, 153.4, 163.4, 223.937, -0.5948228, 0, 0, -0.8038568);

INSERT INTO `base_ace_object` (`baseAceObjectId`, `name`, `typeId`, `paletteId`, `ammoType`, `blipColor`, `bitField`, `burden`, `combatUse`, `cooldownDuration`, `cooldownId`, `effects`, `containersCapacity`, `header`, `hookTypeId`, `iconId`, `iconOverlayId`, `iconUnderlayId`, `hookItemTypes`, `itemsCapacity`, `location`, `materialType`, `maxStackSize`, `maxStructure`, `radar`, `pscript`, `spellId`, `stackSize`, `structure`, `targetTypeId`, `usability`, `useRadius`, `validLocations`, `value`, `workmanship`, `animationFrameId`, `defaultScript`, `defaultScriptIntensity`, `elasticity`, `friction`, `locationId`, `modelTableId`, `objectScale`, `physicsBitField`, `physicsTableId`, `motionTableId`, `soundTableId`, `physicsState`, `translucency`)
VALUES (1880969232, 'To Top of Mt. Syliph', 65536, 0, 0, 0, 262164, 0, 0, 0, 0, 0, 0, 8388656, 0, 100667499, 0, 0, 0, 0, 0, 0, 0, 0, 4, 0, 0, 0, 0, 0, 32, -0.1, 0, 0, 0, 0, 0, 0, 0, 0, 0, 33554867, 0, 98307, 0, 150994947, 0, 3084, 0);

INSERT INTO `ace_object` (`baseAceObjectId`, `weenieClassId`, `landblock`, `cell`, `posX`, `posY`, `posZ`, `qW`, `qX`, `qY`, `qZ`)
VALUES (1880969232, 427, 469, 447, 30.7804, -19.1971, 65.937, 0.9238793, 0, 0, -0.3826841);

INSERT INTO `base_ace_object` (`baseAceObjectId`, `name`, `typeId`, `paletteId`, `ammoType`, `blipColor`, `bitField`, `burden`, `combatUse`, `cooldownDuration`, `cooldownId`, `effects`, `containersCapacity`, `header`, `hookTypeId`, `iconId`, `iconOverlayId`, `iconUnderlayId`, `hookItemTypes`, `itemsCapacity`, `location`, `materialType`, `maxStackSize`, `maxStructure`, `radar`, `pscript`, `spellId`, `stackSize`, `structure`, `targetTypeId`, `usability`, `useRadius`, `validLocations`, `value`, `workmanship`, `animationFrameId`, `defaultScript`, `defaultScriptIntensity`, `elasticity`, `friction`, `locationId`, `modelTableId`, `objectScale`, `physicsBitField`, `physicsTableId`, `motionTableId`, `soundTableId`, `physicsState`, `translucency`)
VALUES (1880969217, 'Exit', 65536, 0, 0, 0, 262164, 0, 0, 0, 0, 0, 0, 8388656, 0, 100667499, 0, 0, 0, 0, 0, 0, 0, 0, 4, 0, 0, 0, 0, 0, 32, -0.1, 0, 0, 0, 0, 0, 0, 0, 0, 0, 33554867, 0, 98307, 0, 150994947, 0, 3084, 0);

INSERT INTO `ace_object` (`baseAceObjectId`, `weenieClassId`, `landblock`, `cell`, `posX`, `posY`, `posZ`, `qW`, `qX`, `qY`, `qZ`)
VALUES (1880969217, 430, 469, 258, 0.942725, -18.6326, 5.937, 0.9537169, 0, 0, -0.300706);

INSERT INTO `base_ace_object` (`baseAceObjectId`, `name`, `typeId`, `paletteId`, `ammoType`, `blipColor`, `bitField`, `burden`, `combatUse`, `cooldownDuration`, `cooldownId`, `effects`, `containersCapacity`, `header`, `hookTypeId`, `iconId`, `iconOverlayId`, `iconUnderlayId`, `hookItemTypes`, `itemsCapacity`, `location`, `materialType`, `maxStackSize`, `maxStructure`, `radar`, `pscript`, `spellId`, `stackSize`, `structure`, `targetTypeId`, `usability`, `useRadius`, `validLocations`, `value`, `workmanship`, `animationFrameId`, `defaultScript`, `defaultScriptIntensity`, `elasticity`, `friction`, `locationId`, `modelTableId`, `objectScale`, `physicsBitField`, `physicsTableId`, `motionTableId`, `soundTableId`, `physicsState`, `translucency`)
VALUES (2020295043, 'House Portal', 65536, 0, 0, 0, 262164, 0, 0, 0, 0, 0, 0, 8388656, 0, 100667499, 0, 0, 0, 0, 0, 0, 0, 0, 4, 0, 0, 0, 0, 0, 32, 0.75, 0, 0, 0, 0, 0, 0, 0, 0, 0, 33554867, 0, 98307, 0, 150994947, 0, 3076, 0);

INSERT INTO `ace_object` (`baseAceObjectId`, `weenieClassId`, `landblock`, `cell`, `posX`, `posY`, `posZ`, `qW`, `qX`, `qY`, `qZ`)
VALUES (2020295043, 11730, 34484, 280, 153.965, 111.078, 65.137, 0.714706, 0, 0, 0.699425);

INSERT INTO `base_ace_object` (`baseAceObjectId`, `name`, `typeId`, `paletteId`, `ammoType`, `blipColor`, `bitField`, `burden`, `combatUse`, `cooldownDuration`, `cooldownId`, `effects`, `containersCapacity`, `header`, `hookTypeId`, `iconId`, `iconOverlayId`, `iconUnderlayId`, `hookItemTypes`, `itemsCapacity`, `location`, `materialType`, `maxStackSize`, `maxStructure`, `radar`, `pscript`, `spellId`, `stackSize`, `structure`, `targetTypeId`, `usability`, `useRadius`, `validLocations`, `value`, `workmanship`, `animationFrameId`, `defaultScript`, `defaultScriptIntensity`, `elasticity`, `friction`, `locationId`, `modelTableId`, `objectScale`, `physicsBitField`, `physicsTableId`, `motionTableId`, `soundTableId`, `physicsState`, `translucency`)
VALUES (2020295041, 'House Portal', 65536, 0, 0, 0, 262164, 0, 0, 0, 0, 0, 0, 8388656, 0, 100667499, 0, 0, 0, 0, 0, 0, 0, 0, 4, 0, 0, 0, 0, 0, 32, 0.75, 0, 0, 0, 0, 0, 0, 0, 0, 0, 33554867, 0, 98307, 0, 150994947, 0, 3076, 0);

INSERT INTO `ace_object` (`baseAceObjectId`, `weenieClassId`, `landblock`, `cell`, `posX`, `posY`, `posZ`, `qW`, `qX`, `qY`, `qZ`)
VALUES (2020295041, 11730, 34484, 311, 145.899, 155.568, 63.137, 0.7099072, 0, 0, 0.7042952);

INSERT INTO `base_ace_object` (`baseAceObjectId`, `name`, `typeId`, `paletteId`, `ammoType`, `blipColor`, `bitField`, `burden`, `combatUse`, `cooldownDuration`, `cooldownId`, `effects`, `containersCapacity`, `header`, `hookTypeId`, `iconId`, `iconOverlayId`, `iconUnderlayId`, `hookItemTypes`, `itemsCapacity`, `location`, `materialType`, `maxStackSize`, `maxStructure`, `radar`, `pscript`, `spellId`, `stackSize`, `structure`, `targetTypeId`, `usability`, `useRadius`, `validLocations`, `value`, `workmanship`, `animationFrameId`, `defaultScript`, `defaultScriptIntensity`, `elasticity`, `friction`, `locationId`, `modelTableId`, `objectScale`, `physicsBitField`, `physicsTableId`, `motionTableId`, `soundTableId`, `physicsState`, `translucency`)
VALUES (2020295039, 'House Portal', 65536, 0, 0, 0, 262164, 0, 0, 0, 0, 0, 0, 8388656, 0, 100667499, 0, 0, 0, 0, 0, 0, 0, 0, 4, 0, 0, 0, 0, 0, 32, 0.75, 0, 0, 0, 0, 0, 0, 0, 0, 0, 33554867, 0, 98307, 0, 150994947, 0, 3076, 0);

INSERT INTO `ace_object` (`baseAceObjectId`, `weenieClassId`, `landblock`, `cell`, `posX`, `posY`, `posZ`, `qW`, `qX`, `qY`, `qZ`)
VALUES (2020295039, 11730, 34484, 339, 105.343, 153.24, 59.137, -0.03742613, 0, 0, -0.9992994);

INSERT INTO `base_ace_object` (`baseAceObjectId`, `name`, `typeId`, `paletteId`, `ammoType`, `blipColor`, `bitField`, `burden`, `combatUse`, `cooldownDuration`, `cooldownId`, `effects`, `containersCapacity`, `header`, `hookTypeId`, `iconId`, `iconOverlayId`, `iconUnderlayId`, `hookItemTypes`, `itemsCapacity`, `location`, `materialType`, `maxStackSize`, `maxStructure`, `radar`, `pscript`, `spellId`, `stackSize`, `structure`, `targetTypeId`, `usability`, `useRadius`, `validLocations`, `value`, `workmanship`, `animationFrameId`, `defaultScript`, `defaultScriptIntensity`, `elasticity`, `friction`, `locationId`, `modelTableId`, `objectScale`, `physicsBitField`, `physicsTableId`, `motionTableId`, `soundTableId`, `physicsState`, `translucency`)
VALUES (2020295045, 'House Portal', 65536, 0, 0, 0, 262164, 0, 0, 0, 0, 0, 0, 8388656, 0, 100667499, 0, 0, 0, 0, 0, 0, 0, 0, 4, 0, 0, 0, 0, 0, 32, 0.75, 0, 0, 0, 0, 0, 0, 0, 0, 0, 33554867, 0, 98307, 0, 150994947, 0, 3076, 0);

INSERT INTO `ace_object` (`baseAceObjectId`, `weenieClassId`, `landblock`, `cell`, `posX`, `posY`, `posZ`, `qW`, `qX`, `qY`, `qZ`)
VALUES (2020295045, 11730, 34484, 370, 165.208, 36.4393, 71.137, 0.6921549, 0, 0, -0.7217489);

INSERT INTO `base_ace_object` (`baseAceObjectId`, `name`, `typeId`, `paletteId`, `ammoType`, `blipColor`, `bitField`, `burden`, `combatUse`, `cooldownDuration`, `cooldownId`, `effects`, `containersCapacity`, `header`, `hookTypeId`, `iconId`, `iconOverlayId`, `iconUnderlayId`, `hookItemTypes`, `itemsCapacity`, `location`, `materialType`, `maxStackSize`, `maxStructure`, `radar`, `pscript`, `spellId`, `stackSize`, `structure`, `targetTypeId`, `usability`, `useRadius`, `validLocations`, `value`, `workmanship`, `animationFrameId`, `defaultScript`, `defaultScriptIntensity`, `elasticity`, `friction`, `locationId`, `modelTableId`, `objectScale`, `physicsBitField`, `physicsTableId`, `motionTableId`, `soundTableId`, `physicsState`, `translucency`)
VALUES (2020295037, 'House Portal', 65536, 0, 0, 0, 262164, 0, 0, 0, 0, 0, 0, 8388656, 0, 100667499, 0, 0, 0, 0, 0, 0, 0, 0, 4, 0, 0, 0, 0, 0, 32, 0.75, 0, 0, 0, 0, 0, 0, 0, 0, 0, 33554867, 0, 98307, 0, 150994947, 0, 3076, 0);

INSERT INTO `ace_object` (`baseAceObjectId`, `weenieClassId`, `landblock`, `cell`, `posX`, `posY`, `posZ`, `qW`, `qX`, `qY`, `qZ`)
VALUES (2020295037, 11730, 34484, 398, 60.3658, 121.885, 61.137, 0.02495039, 0, 0, -0.9996887);

INSERT INTO `base_ace_object` (`baseAceObjectId`, `name`, `typeId`, `paletteId`, `ammoType`, `blipColor`, `bitField`, `burden`, `combatUse`, `cooldownDuration`, `cooldownId`, `effects`, `containersCapacity`, `header`, `hookTypeId`, `iconId`, `iconOverlayId`, `iconUnderlayId`, `hookItemTypes`, `itemsCapacity`, `location`, `materialType`, `maxStackSize`, `maxStructure`, `radar`, `pscript`, `spellId`, `stackSize`, `structure`, `targetTypeId`, `usability`, `useRadius`, `validLocations`, `value`, `workmanship`, `animationFrameId`, `defaultScript`, `defaultScriptIntensity`, `elasticity`, `friction`, `locationId`, `modelTableId`, `objectScale`, `physicsBitField`, `physicsTableId`, `motionTableId`, `soundTableId`, `physicsState`, `translucency`)
VALUES (2026582138, 'House Portal', 65536, 0, 0, 0, 262164, 0, 0, 0, 0, 0, 0, 41943088, 0, 100667499, 0, 0, 0, 0, 0, 0, 0, 0, 4, 0, 0, 0, 0, 0, 32, 0.75, 0, 0, 0, 0, 0, 0, 0, 0, 0, 33554867, 0, 98307, 0, 150994947, 0, 3076, 0);

INSERT INTO `ace_object` (`baseAceObjectId`, `weenieClassId`, `landblock`, `cell`, `posX`, `posY`, `posZ`, `qW`, `qX`, `qY`, `qZ`)
VALUES (2026582138, 11730, 36019, 338, 91.4239, 126.507, 49.937, 0.726766, 0, 0, -0.6868851);

INSERT INTO `base_ace_object` (`baseAceObjectId`, `name`, `typeId`, `paletteId`, `ammoType`, `blipColor`, `bitField`, `burden`, `combatUse`, `cooldownDuration`, `cooldownId`, `effects`, `containersCapacity`, `header`, `hookTypeId`, `iconId`, `iconOverlayId`, `iconUnderlayId`, `hookItemTypes`, `itemsCapacity`, `location`, `materialType`, `maxStackSize`, `maxStructure`, `radar`, `pscript`, `spellId`, `stackSize`, `structure`, `targetTypeId`, `usability`, `useRadius`, `validLocations`, `value`, `workmanship`, `animationFrameId`, `defaultScript`, `defaultScriptIntensity`, `elasticity`, `friction`, `locationId`, `modelTableId`, `objectScale`, `physicsBitField`, `physicsTableId`, `motionTableId`, `soundTableId`, `physicsState`, `translucency`)
VALUES (2059083776, 'Destroyed Portal to Sanamar', 65536, 0, 0, 0, 262164, 0, 0, 0, 0, 0, 0, 48, 0, 100667499, 0, 0, 0, 0, 0, 0, 0, 0, 0, 0, 0, 0, 0, 0, 1, -0.1, 0, 0, 0, 0, 0, 0, 0, 0, 0, 33561060, 0, 98307, 0, 150995314, 0, 3092, 0);

INSERT INTO `ace_object` (`baseAceObjectId`, `weenieClassId`, `landblock`, `cell`, `posX`, `posY`, `posZ`, `qW`, `qX`, `qY`, `qZ`)
VALUES (2059083776, 28709, 43954, 54, 154, 128, 65.79017, 0.9238797, 0, 0, -0.3826829);

INSERT INTO `base_ace_object` (`baseAceObjectId`, `name`, `typeId`, `paletteId`, `ammoType`, `blipColor`, `bitField`, `burden`, `combatUse`, `cooldownDuration`, `cooldownId`, `effects`, `containersCapacity`, `header`, `hookTypeId`, `iconId`, `iconOverlayId`, `iconUnderlayId`, `hookItemTypes`, `itemsCapacity`, `location`, `materialType`, `maxStackSize`, `maxStructure`, `radar`, `pscript`, `spellId`, `stackSize`, `structure`, `targetTypeId`, `usability`, `useRadius`, `validLocations`, `value`, `workmanship`, `animationFrameId`, `defaultScript`, `defaultScriptIntensity`, `elasticity`, `friction`, `locationId`, `modelTableId`, `objectScale`, `physicsBitField`, `physicsTableId`, `motionTableId`, `soundTableId`, `physicsState`, `translucency`)
VALUES (1882148878, 'Surface Portal', 65536, 0, 0, 0, 262164, 0, 0, 0, 0, 0, 0, 8388656, 0, 100667499, 0, 0, 0, 0, 0, 0, 0, 0, 4, 0, 0, 0, 0, 0, 32, -0.1, 0, 0, 0, 0, 0, 0, 0, 0, 0, 33554867, 0, 98307, 0, 150994947, 0, 3084, 0);

INSERT INTO `ace_object` (`baseAceObjectId`, `weenieClassId`, `landblock`, `cell`, `posX`, `posY`, `posZ`, `qW`, `qX`, `qY`, `qZ`)
VALUES (1882148878, 7296, 757, 353, 120, -320, -48.063, 1, 0, 0, -4.37114E-08);

INSERT INTO `base_ace_object` (`baseAceObjectId`, `name`, `typeId`, `paletteId`, `ammoType`, `blipColor`, `bitField`, `burden`, `combatUse`, `cooldownDuration`, `cooldownId`, `effects`, `containersCapacity`, `header`, `hookTypeId`, `iconId`, `iconOverlayId`, `iconUnderlayId`, `hookItemTypes`, `itemsCapacity`, `location`, `materialType`, `maxStackSize`, `maxStructure`, `radar`, `pscript`, `spellId`, `stackSize`, `structure`, `targetTypeId`, `usability`, `useRadius`, `validLocations`, `value`, `workmanship`, `animationFrameId`, `defaultScript`, `defaultScriptIntensity`, `elasticity`, `friction`, `locationId`, `modelTableId`, `objectScale`, `physicsBitField`, `physicsTableId`, `motionTableId`, `soundTableId`, `physicsState`, `translucency`)
VALUES (1881051136, 'Surface', 65536, 0, 0, 0, 262164, 0, 0, 0, 0, 0, 0, 8388656, 0, 100667499, 0, 0, 0, 0, 0, 0, 0, 0, 4, 0, 0, 0, 0, 0, 32, -0.1, 0, 0, 0, 0, 0, 0, 0, 0, 0, 33554867, 0, 98307, 0, 150994947, 0, 3084, 0);

INSERT INTO `ace_object` (`baseAceObjectId`, `weenieClassId`, `landblock`, `cell`, `posX`, `posY`, `posZ`, `qW`, `qX`, `qY`, `qZ`)
VALUES (1881051136, 1100, 489, 256, 59.6924, -138.729, -18.063, -4.37114E-08, 0, 0, -1);

INSERT INTO `base_ace_object` (`baseAceObjectId`, `name`, `typeId`, `paletteId`, `ammoType`, `blipColor`, `bitField`, `burden`, `combatUse`, `cooldownDuration`, `cooldownId`, `effects`, `containersCapacity`, `header`, `hookTypeId`, `iconId`, `iconOverlayId`, `iconUnderlayId`, `hookItemTypes`, `itemsCapacity`, `location`, `materialType`, `maxStackSize`, `maxStructure`, `radar`, `pscript`, `spellId`, `stackSize`, `structure`, `targetTypeId`, `usability`, `useRadius`, `validLocations`, `value`, `workmanship`, `animationFrameId`, `defaultScript`, `defaultScriptIntensity`, `elasticity`, `friction`, `locationId`, `modelTableId`, `objectScale`, `physicsBitField`, `physicsTableId`, `motionTableId`, `soundTableId`, `physicsState`, `translucency`)
VALUES (1881051323, 'Hidden Dungeon Portal', 65536, 0, 0, 0, 262164, 0, 0, 0, 0, 0, 0, 8388656, 0, 100667499, 0, 0, 0, 0, 0, 0, 0, 0, 4, 0, 0, 0, 0, 0, 32, -0.1, 0, 0, 0, 0, 0, 0, 0, 0, 0, 33554867, 0, 98307, 0, 150994947, 0, 3084, 0);

INSERT INTO `ace_object` (`baseAceObjectId`, `weenieClassId`, `landblock`, `cell`, `posX`, `posY`, `posZ`, `qW`, `qX`, `qY`, `qZ`)
VALUES (1881051323, 15823, 489, 450, 149.667, 0.894006, -12.063, 0.9997275, 0, 0, -0.02334099);

INSERT INTO `base_ace_object` (`baseAceObjectId`, `name`, `typeId`, `paletteId`, `ammoType`, `blipColor`, `bitField`, `burden`, `combatUse`, `cooldownDuration`, `cooldownId`, `effects`, `containersCapacity`, `header`, `hookTypeId`, `iconId`, `iconOverlayId`, `iconUnderlayId`, `hookItemTypes`, `itemsCapacity`, `location`, `materialType`, `maxStackSize`, `maxStructure`, `radar`, `pscript`, `spellId`, `stackSize`, `structure`, `targetTypeId`, `usability`, `useRadius`, `validLocations`, `value`, `workmanship`, `animationFrameId`, `defaultScript`, `defaultScriptIntensity`, `elasticity`, `friction`, `locationId`, `modelTableId`, `objectScale`, `physicsBitField`, `physicsTableId`, `motionTableId`, `soundTableId`, `physicsState`, `translucency`)
VALUES (2087149716, 'House Portal', 65536, 0, 0, 0, 262164, 0, 0, 0, 0, 0, 0, 41943088, 0, 100667499, 0, 0, 0, 0, 0, 0, 0, 0, 4, 0, 0, 0, 0, 0, 32, 0.75, 0, 0, 0, 0, 0, 0, 0, 0, 0, 33554867, 0, 98307, 0, 150994947, 0, 3076, 0);

INSERT INTO `ace_object` (`baseAceObjectId`, `weenieClassId`, `landblock`, `cell`, `posX`, `posY`, `posZ`, `qW`, `qX`, `qY`, `qZ`)
VALUES (2087149716, 11730, 50806, 280, 129.843, 86.6565, 15.137, 0.7251889, 0, 0, 0.6885499);

INSERT INTO `base_ace_object` (`baseAceObjectId`, `name`, `typeId`, `paletteId`, `ammoType`, `blipColor`, `bitField`, `burden`, `combatUse`, `cooldownDuration`, `cooldownId`, `effects`, `containersCapacity`, `header`, `hookTypeId`, `iconId`, `iconOverlayId`, `iconUnderlayId`, `hookItemTypes`, `itemsCapacity`, `location`, `materialType`, `maxStackSize`, `maxStructure`, `radar`, `pscript`, `spellId`, `stackSize`, `structure`, `targetTypeId`, `usability`, `useRadius`, `validLocations`, `value`, `workmanship`, `animationFrameId`, `defaultScript`, `defaultScriptIntensity`, `elasticity`, `friction`, `locationId`, `modelTableId`, `objectScale`, `physicsBitField`, `physicsTableId`, `motionTableId`, `soundTableId`, `physicsState`, `translucency`)
VALUES (2087149714, 'House Portal', 65536, 0, 0, 0, 262164, 0, 0, 0, 0, 0, 0, 41943088, 0, 100667499, 0, 0, 0, 0, 0, 0, 0, 0, 4, 0, 0, 0, 0, 0, 32, 0.75, 0, 0, 0, 0, 0, 0, 0, 0, 0, 33554867, 0, 98307, 0, 150994947, 0, 3076, 0);

INSERT INTO `ace_object` (`baseAceObjectId`, `weenieClassId`, `landblock`, `cell`, `posX`, `posY`, `posZ`, `qW`, `qX`, `qY`, `qZ`)
VALUES (2087149714, 11730, 50806, 311, 59.5473, 93.8434, 17.137, 0.9998212, 0, 0, -0.0189117);

INSERT INTO `base_ace_object` (`baseAceObjectId`, `name`, `typeId`, `paletteId`, `ammoType`, `blipColor`, `bitField`, `burden`, `combatUse`, `cooldownDuration`, `cooldownId`, `effects`, `containersCapacity`, `header`, `hookTypeId`, `iconId`, `iconOverlayId`, `iconUnderlayId`, `hookItemTypes`, `itemsCapacity`, `location`, `materialType`, `maxStackSize`, `maxStructure`, `radar`, `pscript`, `spellId`, `stackSize`, `structure`, `targetTypeId`, `usability`, `useRadius`, `validLocations`, `value`, `workmanship`, `animationFrameId`, `defaultScript`, `defaultScriptIntensity`, `elasticity`, `friction`, `locationId`, `modelTableId`, `objectScale`, `physicsBitField`, `physicsTableId`, `motionTableId`, `soundTableId`, `physicsState`, `translucency`)
VALUES (2087149712, 'House Portal', 65536, 0, 0, 0, 262164, 0, 0, 0, 0, 0, 0, 41943088, 0, 100667499, 0, 0, 0, 0, 0, 0, 0, 0, 4, 0, 0, 0, 0, 0, 32, 0.75, 0, 0, 0, 0, 0, 0, 0, 0, 0, 33554867, 0, 98307, 0, 150994947, 0, 3076, 0);

INSERT INTO `ace_object` (`baseAceObjectId`, `weenieClassId`, `landblock`, `cell`, `posX`, `posY`, `posZ`, `qW`, `qX`, `qY`, `qZ`)
VALUES (2087149712, 11730, 50806, 339, 38.1573, 153.457, 13.137, -0.7108011, 0, 0, 0.703393);

INSERT INTO `base_ace_object` (`baseAceObjectId`, `name`, `typeId`, `paletteId`, `ammoType`, `blipColor`, `bitField`, `burden`, `combatUse`, `cooldownDuration`, `cooldownId`, `effects`, `containersCapacity`, `header`, `hookTypeId`, `iconId`, `iconOverlayId`, `iconUnderlayId`, `hookItemTypes`, `itemsCapacity`, `location`, `materialType`, `maxStackSize`, `maxStructure`, `radar`, `pscript`, `spellId`, `stackSize`, `structure`, `targetTypeId`, `usability`, `useRadius`, `validLocations`, `value`, `workmanship`, `animationFrameId`, `defaultScript`, `defaultScriptIntensity`, `elasticity`, `friction`, `locationId`, `modelTableId`, `objectScale`, `physicsBitField`, `physicsTableId`, `motionTableId`, `soundTableId`, `physicsState`, `translucency`)
VALUES (2087149710, 'House Portal', 65536, 0, 0, 0, 262164, 0, 0, 0, 0, 0, 0, 41943088, 0, 100667499, 0, 0, 0, 0, 0, 0, 0, 0, 4, 0, 0, 0, 0, 0, 32, 0.75, 0, 0, 0, 0, 0, 0, 0, 0, 0, 33554867, 0, 98307, 0, 150994947, 0, 3076, 0);

INSERT INTO `ace_object` (`baseAceObjectId`, `weenieClassId`, `landblock`, `cell`, `posX`, `posY`, `posZ`, `qW`, `qX`, `qY`, `qZ`)
VALUES (2087149710, 11730, 50806, 370, 98.4741, 155.769, 13.137, 0.7061106, 0, 0, 0.7081016);

INSERT INTO `base_ace_object` (`baseAceObjectId`, `name`, `typeId`, `paletteId`, `ammoType`, `blipColor`, `bitField`, `burden`, `combatUse`, `cooldownDuration`, `cooldownId`, `effects`, `containersCapacity`, `header`, `hookTypeId`, `iconId`, `iconOverlayId`, `iconUnderlayId`, `hookItemTypes`, `itemsCapacity`, `location`, `materialType`, `maxStackSize`, `maxStructure`, `radar`, `pscript`, `spellId`, `stackSize`, `structure`, `targetTypeId`, `usability`, `useRadius`, `validLocations`, `value`, `workmanship`, `animationFrameId`, `defaultScript`, `defaultScriptIntensity`, `elasticity`, `friction`, `locationId`, `modelTableId`, `objectScale`, `physicsBitField`, `physicsTableId`, `motionTableId`, `soundTableId`, `physicsState`, `translucency`)
VALUES (2087149708, 'House Portal', 65536, 0, 0, 0, 262164, 0, 0, 0, 0, 0, 0, 41943088, 0, 100667499, 0, 0, 0, 0, 0, 0, 0, 0, 4, 0, 0, 0, 0, 0, 32, 0.75, 0, 0, 0, 0, 0, 0, 0, 0, 0, 33554867, 0, 98307, 0, 150994947, 0, 3076, 0);

INSERT INTO `ace_object` (`baseAceObjectId`, `weenieClassId`, `landblock`, `cell`, `posX`, `posY`, `posZ`, `qW`, `qX`, `qY`, `qZ`)
VALUES (2087149708, 11730, 50806, 398, 158.904, 158.188, 13.137, -0.9992692, 0, 0, 0.03822211);

INSERT INTO `base_ace_object` (`baseAceObjectId`, `name`, `typeId`, `paletteId`, `ammoType`, `blipColor`, `bitField`, `burden`, `combatUse`, `cooldownDuration`, `cooldownId`, `effects`, `containersCapacity`, `header`, `hookTypeId`, `iconId`, `iconOverlayId`, `iconUnderlayId`, `hookItemTypes`, `itemsCapacity`, `location`, `materialType`, `maxStackSize`, `maxStructure`, `radar`, `pscript`, `spellId`, `stackSize`, `structure`, `targetTypeId`, `usability`, `useRadius`, `validLocations`, `value`, `workmanship`, `animationFrameId`, `defaultScript`, `defaultScriptIntensity`, `elasticity`, `friction`, `locationId`, `modelTableId`, `objectScale`, `physicsBitField`, `physicsTableId`, `motionTableId`, `soundTableId`, `physicsState`, `translucency`)
VALUES (1966514229, 'The Underground City', 65536, 0, 0, 0, 262164, 0, 0, 0, 0, 0, 0, 8388656, 0, 100667499, 0, 0, 0, 0, 0, 0, 0, 0, 4, 0, 0, 0, 0, 0, 32, -0.1, 0, 0, 0, 0, 0, 0, 0, 0, 0, 33554867, 0, 98307, 0, 150994947, 0, 3084, 0);

INSERT INTO `ace_object` (`baseAceObjectId`, `weenieClassId`, `landblock`, `cell`, `posX`, `posY`, `posZ`, `qW`, `qX`, `qY`, `qZ`)
VALUES (1966514229, 15824, 21354, 572, 7.69978, -151.691, -6.063, 0.3277071, 0, 0, 0.9447793);

INSERT INTO `base_ace_object` (`baseAceObjectId`, `name`, `typeId`, `paletteId`, `ammoType`, `blipColor`, `bitField`, `burden`, `combatUse`, `cooldownDuration`, `cooldownId`, `effects`, `containersCapacity`, `header`, `hookTypeId`, `iconId`, `iconOverlayId`, `iconUnderlayId`, `hookItemTypes`, `itemsCapacity`, `location`, `materialType`, `maxStackSize`, `maxStructure`, `radar`, `pscript`, `spellId`, `stackSize`, `structure`, `targetTypeId`, `usability`, `useRadius`, `validLocations`, `value`, `workmanship`, `animationFrameId`, `defaultScript`, `defaultScriptIntensity`, `elasticity`, `friction`, `locationId`, `modelTableId`, `objectScale`, `physicsBitField`, `physicsTableId`, `motionTableId`, `soundTableId`, `physicsState`, `translucency`)
VALUES (1966514237, 'The Underground City', 65536, 0, 0, 0, 262164, 0, 0, 0, 0, 0, 0, 8388656, 0, 100667499, 0, 0, 0, 0, 0, 0, 0, 0, 4, 0, 0, 0, 0, 0, 32, -0.1, 0, 0, 0, 0, 0, 0, 0, 0, 0, 33554867, 0, 98307, 0, 150994947, 0, 3084, 0);

INSERT INTO `ace_object` (`baseAceObjectId`, `weenieClassId`, `landblock`, `cell`, `posX`, `posY`, `posZ`, `qW`, `qX`, `qY`, `qZ`)
VALUES (1966514237, 15824, 21354, 259, 190.331, -380.176, -36.063, 0.6975638, 0, 0, 0.7165228);

INSERT INTO `base_ace_object` (`baseAceObjectId`, `name`, `typeId`, `paletteId`, `ammoType`, `blipColor`, `bitField`, `burden`, `combatUse`, `cooldownDuration`, `cooldownId`, `effects`, `containersCapacity`, `header`, `hookTypeId`, `iconId`, `iconOverlayId`, `iconUnderlayId`, `hookItemTypes`, `itemsCapacity`, `location`, `materialType`, `maxStackSize`, `maxStructure`, `radar`, `pscript`, `spellId`, `stackSize`, `structure`, `targetTypeId`, `usability`, `useRadius`, `validLocations`, `value`, `workmanship`, `animationFrameId`, `defaultScript`, `defaultScriptIntensity`, `elasticity`, `friction`, `locationId`, `modelTableId`, `objectScale`, `physicsBitField`, `physicsTableId`, `motionTableId`, `soundTableId`, `physicsState`, `translucency`)
VALUES (1881772032, 'Surface Portal', 65536, 0, 0, 0, 262164, 0, 0, 0, 0, 0, 0, 8388656, 0, 100667499, 0, 0, 0, 0, 0, 0, 0, 0, 4, 0, 0, 0, 0, 0, 32, -0.1, 0, 0, 0, 0, 0, 0, 0, 0, 0, 33554867, 0, 98307, 0, 150994947, 0, 3084, 0);

INSERT INTO `ace_object` (`baseAceObjectId`, `weenieClassId`, `landblock`, `cell`, `posX`, `posY`, `posZ`, `qW`, `qX`, `qY`, `qZ`)
VALUES (1881772032, 9530, 665, 280, 72.722, -96.997, -0.06299996, -0.7071068, 0, 0, -0.7071068);

INSERT INTO `base_ace_object` (`baseAceObjectId`, `name`, `typeId`, `paletteId`, `ammoType`, `blipColor`, `bitField`, `burden`, `combatUse`, `cooldownDuration`, `cooldownId`, `effects`, `containersCapacity`, `header`, `hookTypeId`, `iconId`, `iconOverlayId`, `iconUnderlayId`, `hookItemTypes`, `itemsCapacity`, `location`, `materialType`, `maxStackSize`, `maxStructure`, `radar`, `pscript`, `spellId`, `stackSize`, `structure`, `targetTypeId`, `usability`, `useRadius`, `validLocations`, `value`, `workmanship`, `animationFrameId`, `defaultScript`, `defaultScriptIntensity`, `elasticity`, `friction`, `locationId`, `modelTableId`, `objectScale`, `physicsBitField`, `physicsTableId`, `motionTableId`, `soundTableId`, `physicsState`, `translucency`)
VALUES (2067337285, 'House Portal', 65536, 0, 0, 0, 262164, 0, 0, 0, 0, 0, 0, 8388656, 0, 100667499, 0, 0, 0, 0, 0, 0, 0, 0, 4, 0, 0, 0, 0, 0, 32, 0.75, 0, 0, 0, 0, 0, 0, 0, 0, 0, 33554867, 0, 98307, 0, 150994947, 0, 3076, 0);

INSERT INTO `ace_object` (`baseAceObjectId`, `weenieClassId`, `landblock`, `cell`, `posX`, `posY`, `posZ`, `qW`, `qX`, `qY`, `qZ`)
VALUES (2067337285, 11730, 45969, 338, 91.6549, 55.1486, 51.937, -0.7137122, 0, 0, 0.7004392);

INSERT INTO `base_ace_object` (`baseAceObjectId`, `name`, `typeId`, `paletteId`, `ammoType`, `blipColor`, `bitField`, `burden`, `combatUse`, `cooldownDuration`, `cooldownId`, `effects`, `containersCapacity`, `header`, `hookTypeId`, `iconId`, `iconOverlayId`, `iconUnderlayId`, `hookItemTypes`, `itemsCapacity`, `location`, `materialType`, `maxStackSize`, `maxStructure`, `radar`, `pscript`, `spellId`, `stackSize`, `structure`, `targetTypeId`, `usability`, `useRadius`, `validLocations`, `value`, `workmanship`, `animationFrameId`, `defaultScript`, `defaultScriptIntensity`, `elasticity`, `friction`, `locationId`, `modelTableId`, `objectScale`, `physicsBitField`, `physicsTableId`, `motionTableId`, `soundTableId`, `physicsState`, `translucency`)
VALUES (2882193014, 'Heart of Innocence', 65536, 0, 0, 0, 262164, 0, 0, 0, 0, 0, 0, 8388656, 0, 100667499, 0, 0, 0, 0, 0, 0, 0, 0, 4, 0, 0, 0, 0, 0, 32, -0.1, 0, 0, 0, 0, 0, 0, 0, 0, 0, 33555925, 0, 98307, 0, 150994947, 0, 3084, 0);

INSERT INTO `ace_object` (`baseAceObjectId`, `weenieClassId`, `landblock`, `cell`, `posX`, `posY`, `posZ`, `qW`, `qX`, `qY`, `qZ`)
VALUES (2882193014, 24185, 44969, 56, 163.284, 175.746, 118.8, 0.0466763, 0, 0, 0.9989101);

INSERT INTO `base_ace_object` (`baseAceObjectId`, `name`, `typeId`, `paletteId`, `ammoType`, `blipColor`, `bitField`, `burden`, `combatUse`, `cooldownDuration`, `cooldownId`, `effects`, `containersCapacity`, `header`, `hookTypeId`, `iconId`, `iconOverlayId`, `iconUnderlayId`, `hookItemTypes`, `itemsCapacity`, `location`, `materialType`, `maxStackSize`, `maxStructure`, `radar`, `pscript`, `spellId`, `stackSize`, `structure`, `targetTypeId`, `usability`, `useRadius`, `validLocations`, `value`, `workmanship`, `animationFrameId`, `defaultScript`, `defaultScriptIntensity`, `elasticity`, `friction`, `locationId`, `modelTableId`, `objectScale`, `physicsBitField`, `physicsTableId`, `motionTableId`, `soundTableId`, `physicsState`, `translucency`)
VALUES (1881784391, 'Portal to Linvak Tukal', 65536, 0, 0, 0, 262164, 0, 0, 0, 0, 0, 0, 8388656, 0, 100667499, 0, 0, 0, 0, 0, 0, 0, 0, 4, 0, 0, 0, 0, 0, 32, -0.1, 0, 0, 0, 0, 0, 0, 0, 0, 0, 33555926, 0, 98307, 0, 150994947, 0, 3084, 0);

INSERT INTO `ace_object` (`baseAceObjectId`, `weenieClassId`, `landblock`, `cell`, `posX`, `posY`, `posZ`, `qW`, `qX`, `qY`, `qZ`)
VALUES (1881784391, 42838, 668, 679, 64.9552, -439.713, 11.937, -0.6879891, 0, 0, -0.7257211);

INSERT INTO `base_ace_object` (`baseAceObjectId`, `name`, `typeId`, `paletteId`, `ammoType`, `blipColor`, `bitField`, `burden`, `combatUse`, `cooldownDuration`, `cooldownId`, `effects`, `containersCapacity`, `header`, `hookTypeId`, `iconId`, `iconOverlayId`, `iconUnderlayId`, `hookItemTypes`, `itemsCapacity`, `location`, `materialType`, `maxStackSize`, `maxStructure`, `radar`, `pscript`, `spellId`, `stackSize`, `structure`, `targetTypeId`, `usability`, `useRadius`, `validLocations`, `value`, `workmanship`, `animationFrameId`, `defaultScript`, `defaultScriptIntensity`, `elasticity`, `friction`, `locationId`, `modelTableId`, `objectScale`, `physicsBitField`, `physicsTableId`, `motionTableId`, `soundTableId`, `physicsState`, `translucency`)
VALUES (1967497233, 'Portal to Nanto', 65536, 0, 0, 0, 262164, 0, 0, 0, 0, 0, 0, 8388656, 0, 100667499, 0, 0, 0, 0, 0, 0, 0, 0, 4, 0, 0, 0, 0, 0, 32, -0.1, 0, 0, 0, 0, 0, 0, 0, 0, 0, 33554867, 0, 98307, 0, 150994947, 0, 3084, 0);

INSERT INTO `ace_object` (`baseAceObjectId`, `weenieClassId`, `landblock`, `cell`, `posX`, `posY`, `posZ`, `qW`, `qX`, `qY`, `qZ`)
VALUES (1967497233, 19135, 21594, 308, 2.75147, -29.7375, 5.937, 0.6967069, 0, 0, 0.7173559);

INSERT INTO `base_ace_object` (`baseAceObjectId`, `name`, `typeId`, `paletteId`, `ammoType`, `blipColor`, `bitField`, `burden`, `combatUse`, `cooldownDuration`, `cooldownId`, `effects`, `containersCapacity`, `header`, `hookTypeId`, `iconId`, `iconOverlayId`, `iconUnderlayId`, `hookItemTypes`, `itemsCapacity`, `location`, `materialType`, `maxStackSize`, `maxStructure`, `radar`, `pscript`, `spellId`, `stackSize`, `structure`, `targetTypeId`, `usability`, `useRadius`, `validLocations`, `value`, `workmanship`, `animationFrameId`, `defaultScript`, `defaultScriptIntensity`, `elasticity`, `friction`, `locationId`, `modelTableId`, `objectScale`, `physicsBitField`, `physicsTableId`, `motionTableId`, `soundTableId`, `physicsState`, `translucency`)
VALUES (1881788424, 'Exit', 65536, 0, 0, 0, 262164, 0, 0, 0, 0, 0, 0, 8388656, 0, 100667499, 0, 0, 0, 0, 0, 0, 0, 0, 4, 0, 0, 0, 0, 0, 32, -0.1, 0, 0, 0, 0, 0, 0, 0, 0, 0, 33554867, 0, 98307, 0, 150994947, 0, 3084, 0);

INSERT INTO `ace_object` (`baseAceObjectId`, `weenieClassId`, `landblock`, `cell`, `posX`, `posY`, `posZ`, `qW`, `qX`, `qY`, `qZ`)
VALUES (1881788424, 9323, 669, 273, 105.928, -21.6028, -0.06299996, 0.040441, 0, 0, 0.9991819);

INSERT INTO `base_ace_object` (`baseAceObjectId`, `name`, `typeId`, `paletteId`, `ammoType`, `blipColor`, `bitField`, `burden`, `combatUse`, `cooldownDuration`, `cooldownId`, `effects`, `containersCapacity`, `header`, `hookTypeId`, `iconId`, `iconOverlayId`, `iconUnderlayId`, `hookItemTypes`, `itemsCapacity`, `location`, `materialType`, `maxStackSize`, `maxStructure`, `radar`, `pscript`, `spellId`, `stackSize`, `structure`, `targetTypeId`, `usability`, `useRadius`, `validLocations`, `value`, `workmanship`, `animationFrameId`, `defaultScript`, `defaultScriptIntensity`, `elasticity`, `friction`, `locationId`, `modelTableId`, `objectScale`, `physicsBitField`, `physicsTableId`, `motionTableId`, `soundTableId`, `physicsState`, `translucency`)
VALUES (1880162372, 'Surface Portal', 65536, 0, 0, 0, 262164, 0, 0, 0, 0, 0, 0, 8388656, 0, 100667499, 0, 0, 0, 0, 0, 0, 0, 0, 4, 0, 0, 0, 0, 0, 32, -0.1, 0, 0, 0, 0, 0, 0, 0, 0, 0, 33554867, 0, 98307, 0, 150994947, 0, 3084, 0);

INSERT INTO `ace_object` (`baseAceObjectId`, `weenieClassId`, `landblock`, `cell`, `posX`, `posY`, `posZ`, `qW`, `qX`, `qY`, `qZ`)
VALUES (1880162372, 6796, 272, 607, 40, -30, -6.063, 1, 0, 0, 0);

INSERT INTO `base_ace_object` (`baseAceObjectId`, `name`, `typeId`, `paletteId`, `ammoType`, `blipColor`, `bitField`, `burden`, `combatUse`, `cooldownDuration`, `cooldownId`, `effects`, `containersCapacity`, `header`, `hookTypeId`, `iconId`, `iconOverlayId`, `iconUnderlayId`, `hookItemTypes`, `itemsCapacity`, `location`, `materialType`, `maxStackSize`, `maxStructure`, `radar`, `pscript`, `spellId`, `stackSize`, `structure`, `targetTypeId`, `usability`, `useRadius`, `validLocations`, `value`, `workmanship`, `animationFrameId`, `defaultScript`, `defaultScriptIntensity`, `elasticity`, `friction`, `locationId`, `modelTableId`, `objectScale`, `physicsBitField`, `physicsTableId`, `motionTableId`, `soundTableId`, `physicsState`, `translucency`)
VALUES (1881763865, 'Surface Portal', 65536, 0, 0, 0, 262164, 0, 0, 0, 0, 0, 0, 8388656, 0, 100667499, 0, 0, 0, 0, 0, 0, 0, 0, 4, 0, 0, 0, 0, 0, 32, -0.1, 0, 0, 0, 0, 0, 0, 0, 0, 0, 33554867, 0, 98307, 0, 150994947, 0, 3084, 0);

INSERT INTO `ace_object` (`baseAceObjectId`, `weenieClassId`, `landblock`, `cell`, `posX`, `posY`, `posZ`, `qW`, `qX`, `qY`, `qZ`)
VALUES (1881763865, 10719, 663, 535, 190, -90, -12.063, -0.7071068, 0, 0, -0.7071068);

INSERT INTO `base_ace_object` (`baseAceObjectId`, `name`, `typeId`, `paletteId`, `ammoType`, `blipColor`, `bitField`, `burden`, `combatUse`, `cooldownDuration`, `cooldownId`, `effects`, `containersCapacity`, `header`, `hookTypeId`, `iconId`, `iconOverlayId`, `iconUnderlayId`, `hookItemTypes`, `itemsCapacity`, `location`, `materialType`, `maxStackSize`, `maxStructure`, `radar`, `pscript`, `spellId`, `stackSize`, `structure`, `targetTypeId`, `usability`, `useRadius`, `validLocations`, `value`, `workmanship`, `animationFrameId`, `defaultScript`, `defaultScriptIntensity`, `elasticity`, `friction`, `locationId`, `modelTableId`, `objectScale`, `physicsBitField`, `physicsTableId`, `motionTableId`, `soundTableId`, `physicsState`, `translucency`)
VALUES (1880191036, 'Surface Portal', 65536, 0, 0, 0, 262164, 0, 0, 0, 0, 0, 0, 8388656, 0, 100667499, 0, 0, 0, 0, 0, 0, 0, 0, 4, 0, 0, 0, 0, 0, 32, -0.1, 0, 0, 0, 0, 0, 0, 0, 0, 0, 33554867, 0, 98307, 0, 150994947, 0, 3084, 0);

INSERT INTO `ace_object` (`baseAceObjectId`, `weenieClassId`, `landblock`, `cell`, `posX`, `posY`, `posZ`, `qW`, `qX`, `qY`, `qZ`)
VALUES (1880191036, 6398, 279, 752, 123.08, -10.0368, -6.063, -0.7071068, 0, 0, -0.7071068);

INSERT INTO `base_ace_object` (`baseAceObjectId`, `name`, `typeId`, `paletteId`, `ammoType`, `blipColor`, `bitField`, `burden`, `combatUse`, `cooldownDuration`, `cooldownId`, `effects`, `containersCapacity`, `header`, `hookTypeId`, `iconId`, `iconOverlayId`, `iconUnderlayId`, `hookItemTypes`, `itemsCapacity`, `location`, `materialType`, `maxStackSize`, `maxStructure`, `radar`, `pscript`, `spellId`, `stackSize`, `structure`, `targetTypeId`, `usability`, `useRadius`, `validLocations`, `value`, `workmanship`, `animationFrameId`, `defaultScript`, `defaultScriptIntensity`, `elasticity`, `friction`, `locationId`, `modelTableId`, `objectScale`, `physicsBitField`, `physicsTableId`, `motionTableId`, `soundTableId`, `physicsState`, `translucency`)
VALUES (2027954288, 'Central Courtyard', 65536, 0, 0, 0, 262164, 0, 0, 0, 0, 0, 0, 8388656, 0, 100667499, 0, 0, 0, 0, 0, 0, 0, 0, 4, 0, 0, 0, 0, 0, 32, -0.1, 0, 0, 0, 0, 0, 0, 0, 0, 0, 33554867, 0, 98307, 0, 150994947, 0, 3084, 0);

INSERT INTO `ace_object` (`baseAceObjectId`, `weenieClassId`, `landblock`, `cell`, `posX`, `posY`, `posZ`, `qW`, `qX`, `qY`, `qZ`)
VALUES (2027954288, 31061, 36354, 627, 70, -40, -0.06299996, 1, 0, 0, 0);

INSERT INTO `base_ace_object` (`baseAceObjectId`, `name`, `typeId`, `paletteId`, `ammoType`, `blipColor`, `bitField`, `burden`, `combatUse`, `cooldownDuration`, `cooldownId`, `effects`, `containersCapacity`, `header`, `hookTypeId`, `iconId`, `iconOverlayId`, `iconUnderlayId`, `hookItemTypes`, `itemsCapacity`, `location`, `materialType`, `maxStackSize`, `maxStructure`, `radar`, `pscript`, `spellId`, `stackSize`, `structure`, `targetTypeId`, `usability`, `useRadius`, `validLocations`, `value`, `workmanship`, `animationFrameId`, `defaultScript`, `defaultScriptIntensity`, `elasticity`, `friction`, `locationId`, `modelTableId`, `objectScale`, `physicsBitField`, `physicsTableId`, `motionTableId`, `soundTableId`, `physicsState`, `translucency`)
VALUES (2027954281, 'Outer Courtyard', 65536, 0, 0, 0, 262164, 0, 0, 0, 0, 0, 0, 8388656, 0, 100667499, 0, 0, 0, 0, 0, 0, 0, 0, 4, 0, 0, 0, 0, 0, 32, -0.1, 0, 0, 0, 0, 0, 0, 0, 0, 0, 33554867, 0, 98307, 0, 150994947, 0, 3084, 0);

INSERT INTO `ace_object` (`baseAceObjectId`, `weenieClassId`, `landblock`, `cell`, `posX`, `posY`, `posZ`, `qW`, `qX`, `qY`, `qZ`)
VALUES (2027954281, 29334, 36354, 817, 90, -60, 11.937, -0.7071068, 0, 0, -0.7071068);

INSERT INTO `base_ace_object` (`baseAceObjectId`, `name`, `typeId`, `paletteId`, `ammoType`, `blipColor`, `bitField`, `burden`, `combatUse`, `cooldownDuration`, `cooldownId`, `effects`, `containersCapacity`, `header`, `hookTypeId`, `iconId`, `iconOverlayId`, `iconUnderlayId`, `hookItemTypes`, `itemsCapacity`, `location`, `materialType`, `maxStackSize`, `maxStructure`, `radar`, `pscript`, `spellId`, `stackSize`, `structure`, `targetTypeId`, `usability`, `useRadius`, `validLocations`, `value`, `workmanship`, `animationFrameId`, `defaultScript`, `defaultScriptIntensity`, `elasticity`, `friction`, `locationId`, `modelTableId`, `objectScale`, `physicsBitField`, `physicsTableId`, `motionTableId`, `soundTableId`, `physicsState`, `translucency`)
VALUES (2027954194, 'Exit to Yaraq', 65536, 0, 0, 0, 262164, 0, 0, 0, 0, 0, 0, 8388656, 0, 100667499, 0, 0, 0, 0, 0, 0, 0, 0, 4, 0, 0, 0, 0, 0, 32, -0.1, 0, 0, 0, 0, 0, 0, 0, 0, 0, 33554867, 0, 98307, 0, 150994947, 0, 3084, 0);

INSERT INTO `ace_object` (`baseAceObjectId`, `weenieClassId`, `landblock`, `cell`, `posX`, `posY`, `posZ`, `qW`, `qX`, `qY`, `qZ`)
VALUES (2027954194, 29340, 36354, 361, 158.641, -149.516, -6.063, 0.7071068, 0, 0, -0.7071068);

INSERT INTO `base_ace_object` (`baseAceObjectId`, `name`, `typeId`, `paletteId`, `ammoType`, `blipColor`, `bitField`, `burden`, `combatUse`, `cooldownDuration`, `cooldownId`, `effects`, `containersCapacity`, `header`, `hookTypeId`, `iconId`, `iconOverlayId`, `iconUnderlayId`, `hookItemTypes`, `itemsCapacity`, `location`, `materialType`, `maxStackSize`, `maxStructure`, `radar`, `pscript`, `spellId`, `stackSize`, `structure`, `targetTypeId`, `usability`, `useRadius`, `validLocations`, `value`, `workmanship`, `animationFrameId`, `defaultScript`, `defaultScriptIntensity`, `elasticity`, `friction`, `locationId`, `modelTableId`, `objectScale`, `physicsBitField`, `physicsTableId`, `motionTableId`, `soundTableId`, `physicsState`, `translucency`)
VALUES (1881759760, 'Surface Portal', 65536, 0, 0, 0, 262164, 0, 0, 0, 0, 0, 0, 8388656, 0, 100667499, 0, 0, 0, 0, 0, 0, 0, 0, 4, 0, 0, 0, 0, 0, 32, -0.1, 0, 0, 0, 0, 0, 0, 0, 0, 0, 33554867, 0, 98307, 0, 150994947, 0, 3084, 0);

INSERT INTO `ace_object` (`baseAceObjectId`, `weenieClassId`, `landblock`, `cell`, `posX`, `posY`, `posZ`, `qW`, `qX`, `qY`, `qZ`)
VALUES (1881759760, 10720, 662, 440, 20, 0, -0.06299996, 0.7071068, 0, 0, -0.7071068);

INSERT INTO `base_ace_object` (`baseAceObjectId`, `name`, `typeId`, `paletteId`, `ammoType`, `blipColor`, `bitField`, `burden`, `combatUse`, `cooldownDuration`, `cooldownId`, `effects`, `containersCapacity`, `header`, `hookTypeId`, `iconId`, `iconOverlayId`, `iconUnderlayId`, `hookItemTypes`, `itemsCapacity`, `location`, `materialType`, `maxStackSize`, `maxStructure`, `radar`, `pscript`, `spellId`, `stackSize`, `structure`, `targetTypeId`, `usability`, `useRadius`, `validLocations`, `value`, `workmanship`, `animationFrameId`, `defaultScript`, `defaultScriptIntensity`, `elasticity`, `friction`, `locationId`, `modelTableId`, `objectScale`, `physicsBitField`, `physicsTableId`, `motionTableId`, `soundTableId`, `physicsState`, `translucency`)
VALUES (1881706589, 'Surface Portal', 65536, 0, 0, 0, 262164, 0, 0, 0, 0, 0, 0, 8388656, 0, 100667499, 0, 0, 0, 0, 0, 0, 0, 0, 4, 0, 0, 0, 0, 0, 32, -0.1, 0, 0, 0, 0, 0, 0, 0, 0, 0, 33555923, 0, 98307, 0, 150994947, 0, 3084, 0);

INSERT INTO `ace_object` (`baseAceObjectId`, `weenieClassId`, `landblock`, `cell`, `posX`, `posY`, `posZ`, `qW`, `qX`, `qY`, `qZ`)
VALUES (1881706589, 11218, 649, 698, 110, -3.77927, -24.063, 1, 0, 0, 0);

INSERT INTO `base_ace_object` (`baseAceObjectId`, `name`, `typeId`, `paletteId`, `ammoType`, `blipColor`, `bitField`, `burden`, `combatUse`, `cooldownDuration`, `cooldownId`, `effects`, `containersCapacity`, `header`, `hookTypeId`, `iconId`, `iconOverlayId`, `iconUnderlayId`, `hookItemTypes`, `itemsCapacity`, `location`, `materialType`, `maxStackSize`, `maxStructure`, `radar`, `pscript`, `spellId`, `stackSize`, `structure`, `targetTypeId`, `usability`, `useRadius`, `validLocations`, `value`, `workmanship`, `animationFrameId`, `defaultScript`, `defaultScriptIntensity`, `elasticity`, `friction`, `locationId`, `modelTableId`, `objectScale`, `physicsBitField`, `physicsTableId`, `motionTableId`, `soundTableId`, `physicsState`, `translucency`)
VALUES (1882005507, 'Xarabydun Town Portal', 65536, 0, 0, 0, 262164, 0, 0, 0, 0, 0, 0, 8388656, 0, 100667499, 0, 0, 0, 0, 0, 0, 0, 0, 4, 0, 0, 0, 0, 0, 32, -0.1, 0, 0, 0, 0, 0, 0, 0, 0, 0, 33554867, 0, 98307, 0, 150994947, 0, 3084, 0);

INSERT INTO `ace_object` (`baseAceObjectId`, `weenieClassId`, `landblock`, `cell`, `posX`, `posY`, `posZ`, `qW`, `qX`, `qY`, `qZ`)
VALUES (1882005507, 8217, 722, 278, 57.068, -120.041, -0.06299996, 0.7071068, 0, 0, -0.7071068);

INSERT INTO `base_ace_object` (`baseAceObjectId`, `name`, `typeId`, `paletteId`, `ammoType`, `blipColor`, `bitField`, `burden`, `combatUse`, `cooldownDuration`, `cooldownId`, `effects`, `containersCapacity`, `header`, `hookTypeId`, `iconId`, `iconOverlayId`, `iconUnderlayId`, `hookItemTypes`, `itemsCapacity`, `location`, `materialType`, `maxStackSize`, `maxStructure`, `radar`, `pscript`, `spellId`, `stackSize`, `structure`, `targetTypeId`, `usability`, `useRadius`, `validLocations`, `value`, `workmanship`, `animationFrameId`, `defaultScript`, `defaultScriptIntensity`, `elasticity`, `friction`, `locationId`, `modelTableId`, `objectScale`, `physicsBitField`, `physicsTableId`, `motionTableId`, `soundTableId`, `physicsState`, `translucency`)
VALUES (1882005561, 'Surface Portal', 65536, 0, 0, 0, 262164, 0, 0, 0, 0, 0, 0, 8388656, 0, 100667499, 0, 0, 0, 0, 0, 0, 0, 0, 4, 0, 0, 0, 0, 0, 32, -0.1, 0, 0, 0, 0, 0, 0, 0, 0, 0, 33554867, 0, 98307, 0, 150994947, 0, 3084, 0);

INSERT INTO `ace_object` (`baseAceObjectId`, `weenieClassId`, `landblock`, `cell`, `posX`, `posY`, `posZ`, `qW`, `qX`, `qY`, `qZ`)
VALUES (1882005561, 8219, 722, 469, 110, -165.588, 11.937, -4.37114E-08, 0, 0, -1);

INSERT INTO `base_ace_object` (`baseAceObjectId`, `name`, `typeId`, `paletteId`, `ammoType`, `blipColor`, `bitField`, `burden`, `combatUse`, `cooldownDuration`, `cooldownId`, `effects`, `containersCapacity`, `header`, `hookTypeId`, `iconId`, `iconOverlayId`, `iconUnderlayId`, `hookItemTypes`, `itemsCapacity`, `location`, `materialType`, `maxStackSize`, `maxStructure`, `radar`, `pscript`, `spellId`, `stackSize`, `structure`, `targetTypeId`, `usability`, `useRadius`, `validLocations`, `value`, `workmanship`, `animationFrameId`, `defaultScript`, `defaultScriptIntensity`, `elasticity`, `friction`, `locationId`, `modelTableId`, `objectScale`, `physicsBitField`, `physicsTableId`, `motionTableId`, `soundTableId`, `physicsState`, `translucency`)
VALUES (1882005504, 'Lightless Tunnels Portal', 65536, 0, 0, 0, 262164, 0, 0, 0, 0, 0, 0, 8388656, 0, 100667499, 0, 0, 0, 0, 0, 0, 0, 0, 4, 0, 0, 0, 0, 0, 32, -0.1, 0, 0, 0, 0, 0, 0, 0, 0, 0, 33554867, 0, 98307, 0, 150994947, 0, 3084, 0);

INSERT INTO `ace_object` (`baseAceObjectId`, `weenieClassId`, `landblock`, `cell`, `posX`, `posY`, `posZ`, `qW`, `qX`, `qY`, `qZ`)
VALUES (1882005504, 8218, 722, 258, 20, -56, -18.063, -4.37114E-08, 0, 0, -1);

INSERT INTO `base_ace_object` (`baseAceObjectId`, `name`, `typeId`, `paletteId`, `ammoType`, `blipColor`, `bitField`, `burden`, `combatUse`, `cooldownDuration`, `cooldownId`, `effects`, `containersCapacity`, `header`, `hookTypeId`, `iconId`, `iconOverlayId`, `iconUnderlayId`, `hookItemTypes`, `itemsCapacity`, `location`, `materialType`, `maxStackSize`, `maxStructure`, `radar`, `pscript`, `spellId`, `stackSize`, `structure`, `targetTypeId`, `usability`, `useRadius`, `validLocations`, `value`, `workmanship`, `animationFrameId`, `defaultScript`, `defaultScriptIntensity`, `elasticity`, `friction`, `locationId`, `modelTableId`, `objectScale`, `physicsBitField`, `physicsTableId`, `motionTableId`, `soundTableId`, `physicsState`, `translucency`)
VALUES (1881956428, 'Uninhabited Area Portal', 65536, 0, 0, 0, 262164, 0, 0, 0, 0, 0, 0, 8388656, 0, 100667499, 0, 0, 0, 0, 0, 0, 0, 0, 4, 0, 0, 0, 0, 0, 32, -0.1, 0, 0, 0, 0, 0, 0, 0, 0, 0, 33554867, 0, 98307, 0, 150994947, 0, 3084, 0);

INSERT INTO `ace_object` (`baseAceObjectId`, `weenieClassId`, `landblock`, `cell`, `posX`, `posY`, `posZ`, `qW`, `qX`, `qY`, `qZ`)
VALUES (1881956428, 8220, 710, 528, 30, -66, -0.06299996, -4.37114E-08, 0, 0, -1);

INSERT INTO `base_ace_object` (`baseAceObjectId`, `name`, `typeId`, `paletteId`, `ammoType`, `blipColor`, `bitField`, `burden`, `combatUse`, `cooldownDuration`, `cooldownId`, `effects`, `containersCapacity`, `header`, `hookTypeId`, `iconId`, `iconOverlayId`, `iconUnderlayId`, `hookItemTypes`, `itemsCapacity`, `location`, `materialType`, `maxStackSize`, `maxStructure`, `radar`, `pscript`, `spellId`, `stackSize`, `structure`, `targetTypeId`, `usability`, `useRadius`, `validLocations`, `value`, `workmanship`, `animationFrameId`, `defaultScript`, `defaultScriptIntensity`, `elasticity`, `friction`, `locationId`, `modelTableId`, `objectScale`, `physicsBitField`, `physicsTableId`, `motionTableId`, `soundTableId`, `physicsState`, `translucency`)
VALUES (1881956402, 'Surface Portal', 65536, 0, 0, 0, 262164, 0, 0, 0, 0, 0, 0, 8388656, 0, 100667499, 0, 0, 0, 0, 0, 0, 0, 0, 4, 0, 0, 0, 0, 0, 32, -0.1, 0, 0, 0, 0, 0, 0, 0, 0, 0, 33554867, 0, 98307, 0, 150994947, 0, 3084, 0);

INSERT INTO `ace_object` (`baseAceObjectId`, `weenieClassId`, `landblock`, `cell`, `posX`, `posY`, `posZ`, `qW`, `qX`, `qY`, `qZ`)
VALUES (1881956402, 8219, 710, 352, 113.732, -50, -24.063, -0.7071068, 0, 0, -0.7071068);

INSERT INTO `base_ace_object` (`baseAceObjectId`, `name`, `typeId`, `paletteId`, `ammoType`, `blipColor`, `bitField`, `burden`, `combatUse`, `cooldownDuration`, `cooldownId`, `effects`, `containersCapacity`, `header`, `hookTypeId`, `iconId`, `iconOverlayId`, `iconUnderlayId`, `hookItemTypes`, `itemsCapacity`, `location`, `materialType`, `maxStackSize`, `maxStructure`, `radar`, `pscript`, `spellId`, `stackSize`, `structure`, `targetTypeId`, `usability`, `useRadius`, `validLocations`, `value`, `workmanship`, `animationFrameId`, `defaultScript`, `defaultScriptIntensity`, `elasticity`, `friction`, `locationId`, `modelTableId`, `objectScale`, `physicsBitField`, `physicsTableId`, `motionTableId`, `soundTableId`, `physicsState`, `translucency`)
VALUES (1881956357, 'Surface Portal', 65536, 0, 0, 0, 262164, 0, 0, 0, 0, 0, 0, 8388656, 0, 100667499, 0, 0, 0, 0, 0, 0, 0, 0, 4, 0, 0, 0, 0, 0, 32, -0.1, 0, 0, 0, 0, 0, 0, 0, 0, 0, 33554867, 0, 98307, 0, 150994947, 0, 3084, 0);

INSERT INTO `ace_object` (`baseAceObjectId`, `weenieClassId`, `landblock`, `cell`, `posX`, `posY`, `posZ`, `qW`, `qX`, `qY`, `qZ`)
VALUES (1881956357, 8219, 710, 286, 3.732, -60, -30.063, -0.7071068, 0, 0, -0.7071068);

INSERT INTO `base_ace_object` (`baseAceObjectId`, `name`, `typeId`, `paletteId`, `ammoType`, `blipColor`, `bitField`, `burden`, `combatUse`, `cooldownDuration`, `cooldownId`, `effects`, `containersCapacity`, `header`, `hookTypeId`, `iconId`, `iconOverlayId`, `iconUnderlayId`, `hookItemTypes`, `itemsCapacity`, `location`, `materialType`, `maxStackSize`, `maxStructure`, `radar`, `pscript`, `spellId`, `stackSize`, `structure`, `targetTypeId`, `usability`, `useRadius`, `validLocations`, `value`, `workmanship`, `animationFrameId`, `defaultScript`, `defaultScriptIntensity`, `elasticity`, `friction`, `locationId`, `modelTableId`, `objectScale`, `physicsBitField`, `physicsTableId`, `motionTableId`, `soundTableId`, `physicsState`, `translucency`)
VALUES (1881956352, 'Mid Direlands Portal', 65536, 0, 0, 0, 262164, 0, 0, 0, 0, 0, 0, 8388656, 0, 100667499, 0, 0, 0, 0, 0, 0, 0, 0, 4, 0, 0, 0, 0, 0, 32, -0.1, 0, 0, 0, 0, 0, 0, 0, 0, 0, 33555923, 0, 98307, 0, 150994947, 0, 3084, 0);

INSERT INTO `ace_object` (`baseAceObjectId`, `weenieClassId`, `landblock`, `cell`, `posX`, `posY`, `posZ`, `qW`, `qX`, `qY`, `qZ`)
VALUES (1881956352, 5487, 710, 256, 53.777, -80, -96.063, 0.7071068, 0, 0, -0.7071068);

INSERT INTO `base_ace_object` (`baseAceObjectId`, `name`, `typeId`, `paletteId`, `ammoType`, `blipColor`, `bitField`, `burden`, `combatUse`, `cooldownDuration`, `cooldownId`, `effects`, `containersCapacity`, `header`, `hookTypeId`, `iconId`, `iconOverlayId`, `iconUnderlayId`, `hookItemTypes`, `itemsCapacity`, `location`, `materialType`, `maxStackSize`, `maxStructure`, `radar`, `pscript`, `spellId`, `stackSize`, `structure`, `targetTypeId`, `usability`, `useRadius`, `validLocations`, `value`, `workmanship`, `animationFrameId`, `defaultScript`, `defaultScriptIntensity`, `elasticity`, `friction`, `locationId`, `modelTableId`, `objectScale`, `physicsBitField`, `physicsTableId`, `motionTableId`, `soundTableId`, `physicsState`, `translucency`)
VALUES (1880653909, 'Surface', 65536, 0, 0, 0, 262164, 0, 0, 0, 0, 0, 0, 8388656, 0, 100667499, 0, 0, 0, 0, 0, 0, 0, 0, 4, 0, 0, 0, 0, 0, 32, -0.1, 0, 0, 0, 0, 0, 0, 0, 0, 0, 33554867, 0, 98307, 0, 150994947, 0, 3084, 0);

INSERT INTO `ace_object` (`baseAceObjectId`, `weenieClassId`, `landblock`, `cell`, `posX`, `posY`, `posZ`, `qW`, `qX`, `qY`, `qZ`)
VALUES (1880653909, 4054, 392, 762, 19.2769, -72.5837, -0.06299996, 1, 0, 0, 0);

INSERT INTO `base_ace_object` (`baseAceObjectId`, `name`, `typeId`, `paletteId`, `ammoType`, `blipColor`, `bitField`, `burden`, `combatUse`, `cooldownDuration`, `cooldownId`, `effects`, `containersCapacity`, `header`, `hookTypeId`, `iconId`, `iconOverlayId`, `iconUnderlayId`, `hookItemTypes`, `itemsCapacity`, `location`, `materialType`, `maxStackSize`, `maxStructure`, `radar`, `pscript`, `spellId`, `stackSize`, `structure`, `targetTypeId`, `usability`, `useRadius`, `validLocations`, `value`, `workmanship`, `animationFrameId`, `defaultScript`, `defaultScriptIntensity`, `elasticity`, `friction`, `locationId`, `modelTableId`, `objectScale`, `physicsBitField`, `physicsTableId`, `motionTableId`, `soundTableId`, `physicsState`, `translucency`)
VALUES (2025865304, 'Central Courtyard', 65536, 0, 0, 0, 262164, 0, 0, 0, 0, 0, 0, 8388656, 0, 100667499, 0, 0, 0, 0, 0, 0, 0, 0, 4, 0, 0, 0, 0, 0, 32, -0.1, 0, 0, 0, 0, 0, 0, 0, 0, 0, 33554867, 0, 98307, 0, 150994947, 0, 3084, 0);

INSERT INTO `ace_object` (`baseAceObjectId`, `weenieClassId`, `landblock`, `cell`, `posX`, `posY`, `posZ`, `qW`, `qX`, `qY`, `qZ`)
VALUES (2025865304, 31061, 35844, 627, 70, -40, -0.06299996, 1, 0, 0, 0);

INSERT INTO `base_ace_object` (`baseAceObjectId`, `name`, `typeId`, `paletteId`, `ammoType`, `blipColor`, `bitField`, `burden`, `combatUse`, `cooldownDuration`, `cooldownId`, `effects`, `containersCapacity`, `header`, `hookTypeId`, `iconId`, `iconOverlayId`, `iconUnderlayId`, `hookItemTypes`, `itemsCapacity`, `location`, `materialType`, `maxStackSize`, `maxStructure`, `radar`, `pscript`, `spellId`, `stackSize`, `structure`, `targetTypeId`, `usability`, `useRadius`, `validLocations`, `value`, `workmanship`, `animationFrameId`, `defaultScript`, `defaultScriptIntensity`, `elasticity`, `friction`, `locationId`, `modelTableId`, `objectScale`, `physicsBitField`, `physicsTableId`, `motionTableId`, `soundTableId`, `physicsState`, `translucency`)
VALUES (1882841097, 'Return Portal', 65536, 0, 0, 0, 262164, 0, 0, 0, 0, 0, 0, 8388656, 0, 100667499, 0, 0, 0, 0, 0, 0, 0, 0, 4, 0, 0, 0, 0, 0, 32, -0.1, 0, 0, 0, 0, 0, 0, 0, 0, 0, 33554867, 0, 98307, 0, 150994947, 0, 3084, 0);

INSERT INTO `ace_object` (`baseAceObjectId`, `weenieClassId`, `landblock`, `cell`, `posX`, `posY`, `posZ`, `qW`, `qX`, `qY`, `qZ`)
VALUES (1882841097, 12293, 926, 295, 70, -50, -78.063, 1, 0, 0, -4.37114E-08);

INSERT INTO `base_ace_object` (`baseAceObjectId`, `name`, `typeId`, `paletteId`, `ammoType`, `blipColor`, `bitField`, `burden`, `combatUse`, `cooldownDuration`, `cooldownId`, `effects`, `containersCapacity`, `header`, `hookTypeId`, `iconId`, `iconOverlayId`, `iconUnderlayId`, `hookItemTypes`, `itemsCapacity`, `location`, `materialType`, `maxStackSize`, `maxStructure`, `radar`, `pscript`, `spellId`, `stackSize`, `structure`, `targetTypeId`, `usability`, `useRadius`, `validLocations`, `value`, `workmanship`, `animationFrameId`, `defaultScript`, `defaultScriptIntensity`, `elasticity`, `friction`, `locationId`, `modelTableId`, `objectScale`, `physicsBitField`, `physicsTableId`, `motionTableId`, `soundTableId`, `physicsState`, `translucency`)
VALUES (1968537655, 'House Portal', 65536, 0, 0, 0, 262164, 0, 0, 0, 0, 0, 0, 41943088, 0, 100667499, 0, 0, 0, 0, 0, 0, 0, 0, 4, 0, 0, 0, 0, 0, 32, 0.75, 0, 0, 0, 0, 0, 0, 0, 0, 0, 33554867, 0, 98307, 0, 150994947, 0, 3076, 0);

INSERT INTO `ace_object` (`baseAceObjectId`, `weenieClassId`, `landblock`, `cell`, `posX`, `posY`, `posZ`, `qW`, `qX`, `qY`, `qZ`)
VALUES (1968537655, 11730, 21848, 334, 50, -50, -6.063, -0.6892104, 0, 0, -0.7245613);

INSERT INTO `base_ace_object` (`baseAceObjectId`, `name`, `typeId`, `paletteId`, `ammoType`, `blipColor`, `bitField`, `burden`, `combatUse`, `cooldownDuration`, `cooldownId`, `effects`, `containersCapacity`, `header`, `hookTypeId`, `iconId`, `iconOverlayId`, `iconUnderlayId`, `hookItemTypes`, `itemsCapacity`, `location`, `materialType`, `maxStackSize`, `maxStructure`, `radar`, `pscript`, `spellId`, `stackSize`, `structure`, `targetTypeId`, `usability`, `useRadius`, `validLocations`, `value`, `workmanship`, `animationFrameId`, `defaultScript`, `defaultScriptIntensity`, `elasticity`, `friction`, `locationId`, `modelTableId`, `objectScale`, `physicsBitField`, `physicsTableId`, `motionTableId`, `soundTableId`, `physicsState`, `translucency`)
VALUES (1960951808, 'Curator of Torment''s Study', 65536, 0, 0, 0, 262164, 0, 0, 0, 0, 0, 0, 8388656, 0, 100667499, 0, 0, 0, 0, 0, 0, 0, 0, 4, 0, 0, 0, 0, 0, 32, -0.1, 0, 0, 0, 0, 0, 0, 0, 0, 0, 33555924, 0, 98307, 0, 150994947, 0, 3084, 0);

INSERT INTO `ace_object` (`baseAceObjectId`, `weenieClassId`, `landblock`, `cell`, `posX`, `posY`, `posZ`, `qW`, `qX`, `qY`, `qZ`)
VALUES (1960951808, 51402, 19996, 30, 82.6917, 140.167, 38.82798, 0.9134371, 0, 0, 0.40698);

INSERT INTO `base_ace_object` (`baseAceObjectId`, `name`, `typeId`, `paletteId`, `ammoType`, `blipColor`, `bitField`, `burden`, `combatUse`, `cooldownDuration`, `cooldownId`, `effects`, `containersCapacity`, `header`, `hookTypeId`, `iconId`, `iconOverlayId`, `iconUnderlayId`, `hookItemTypes`, `itemsCapacity`, `location`, `materialType`, `maxStackSize`, `maxStructure`, `radar`, `pscript`, `spellId`, `stackSize`, `structure`, `targetTypeId`, `usability`, `useRadius`, `validLocations`, `value`, `workmanship`, `animationFrameId`, `defaultScript`, `defaultScriptIntensity`, `elasticity`, `friction`, `locationId`, `modelTableId`, `objectScale`, `physicsBitField`, `physicsTableId`, `motionTableId`, `soundTableId`, `physicsState`, `translucency`)
VALUES (1971781634, 'Portal', 65536, 0, 0, 0, 262164, 0, 0, 0, 0, 0, 0, 8388656, 0, 100667499, 0, 0, 0, 0, 0, 0, 0, 0, 4, 0, 0, 0, 0, 0, 32, -0.1, 0, 0, 0, 0, 0, 0, 0, 0, 0, 33555924, 0, 98307, 0, 150994947, 0, 3084, 0);

INSERT INTO `ace_object` (`baseAceObjectId`, `weenieClassId`, `landblock`, `cell`, `posX`, `posY`, `posZ`, `qW`, `qX`, `qY`, `qZ`)
VALUES (1971781634, 51404, 22640, 306, 156.368, -100, -12.063, 0.7071068, 0, 0, -0.7071068);

INSERT INTO `base_ace_object` (`baseAceObjectId`, `name`, `typeId`, `paletteId`, `ammoType`, `blipColor`, `bitField`, `burden`, `combatUse`, `cooldownDuration`, `cooldownId`, `effects`, `containersCapacity`, `header`, `hookTypeId`, `iconId`, `iconOverlayId`, `iconUnderlayId`, `hookItemTypes`, `itemsCapacity`, `location`, `materialType`, `maxStackSize`, `maxStructure`, `radar`, `pscript`, `spellId`, `stackSize`, `structure`, `targetTypeId`, `usability`, `useRadius`, `validLocations`, `value`, `workmanship`, `animationFrameId`, `defaultScript`, `defaultScriptIntensity`, `elasticity`, `friction`, `locationId`, `modelTableId`, `objectScale`, `physicsBitField`, `physicsTableId`, `motionTableId`, `soundTableId`, `physicsState`, `translucency`)
VALUES (1971781872, 'Surface', 65536, 0, 0, 0, 262164, 0, 0, 0, 0, 0, 0, 8388656, 0, 100667499, 0, 0, 0, 0, 0, 0, 0, 0, 4, 0, 0, 0, 0, 0, 32, -0.1, 0, 0, 0, 0, 0, 0, 0, 0, 0, 33554867, 0, 98307, 0, 150994947, 0, 3084, 0);

INSERT INTO `ace_object` (`baseAceObjectId`, `weenieClassId`, `landblock`, `cell`, `posX`, `posY`, `posZ`, `qW`, `qX`, `qY`, `qZ`)
VALUES (1971781872, 51403, 22640, 283, 36.9671, -100, -12.063, 0.7071068, 0, 0, -0.7071068);

INSERT INTO `base_ace_object` (`baseAceObjectId`, `name`, `typeId`, `paletteId`, `ammoType`, `blipColor`, `bitField`, `burden`, `combatUse`, `cooldownDuration`, `cooldownId`, `effects`, `containersCapacity`, `header`, `hookTypeId`, `iconId`, `iconOverlayId`, `iconUnderlayId`, `hookItemTypes`, `itemsCapacity`, `location`, `materialType`, `maxStackSize`, `maxStructure`, `radar`, `pscript`, `spellId`, `stackSize`, `structure`, `targetTypeId`, `usability`, `useRadius`, `validLocations`, `value`, `workmanship`, `animationFrameId`, `defaultScript`, `defaultScriptIntensity`, `elasticity`, `friction`, `locationId`, `modelTableId`, `objectScale`, `physicsBitField`, `physicsTableId`, `motionTableId`, `soundTableId`, `physicsState`, `translucency`)
VALUES (3630575502, 'Sand Caves', 65536, 0, 0, 0, 262164, 0, 0, 0, 0, 0, 0, 8388656, 0, 100667499, 0, 0, 0, 0, 0, 0, 0, 0, 4, 0, 0, 0, 0, 0, 32, -0.1, 0, 0, 0, 0, 0, 0, 0, 0, 0, 33554867, 0, 98307, 0, 150994947, 0, 3084, 0);

INSERT INTO `ace_object` (`baseAceObjectId`, `weenieClassId`, `landblock`, `cell`, `posX`, `posY`, `posZ`, `qW`, `qX`, `qY`, `qZ`)
VALUES (3630575502, 44117, 34660, 29, 95.15, 117.7, 52.1811, 0.7071068, 0, 0, -0.7071068);

INSERT INTO `base_ace_object` (`baseAceObjectId`, `name`, `typeId`, `paletteId`, `ammoType`, `blipColor`, `bitField`, `burden`, `combatUse`, `cooldownDuration`, `cooldownId`, `effects`, `containersCapacity`, `header`, `hookTypeId`, `iconId`, `iconOverlayId`, `iconUnderlayId`, `hookItemTypes`, `itemsCapacity`, `location`, `materialType`, `maxStackSize`, `maxStructure`, `radar`, `pscript`, `spellId`, `stackSize`, `structure`, `targetTypeId`, `usability`, `useRadius`, `validLocations`, `value`, `workmanship`, `animationFrameId`, `defaultScript`, `defaultScriptIntensity`, `elasticity`, `friction`, `locationId`, `modelTableId`, `objectScale`, `physicsBitField`, `physicsTableId`, `motionTableId`, `soundTableId`, `physicsState`, `translucency`)
VALUES (3631000705, 'Temple', 65536, 0, 0, 0, 262164, 0, 0, 0, 0, 0, 0, 8388656, 0, 100667499, 0, 0, 0, 0, 0, 0, 0, 0, 4, 0, 0, 0, 0, 0, 32, -0.1, 0, 0, 0, 0, 0, 0, 0, 0, 0, 33554867, 0, 98307, 0, 150994947, 0, 3084, 0);

INSERT INTO `ace_object` (`baseAceObjectId`, `weenieClassId`, `landblock`, `cell`, `posX`, `posY`, `posZ`, `qW`, `qX`, `qY`, `qZ`)
VALUES (3631000705, 44136, 35173, 22, 66.30715, 126.7487, 60.1, 0.7071068, 0, 0, -0.7071068);

INSERT INTO `base_ace_object` (`baseAceObjectId`, `name`, `typeId`, `paletteId`, `ammoType`, `blipColor`, `bitField`, `burden`, `combatUse`, `cooldownDuration`, `cooldownId`, `effects`, `containersCapacity`, `header`, `hookTypeId`, `iconId`, `iconOverlayId`, `iconUnderlayId`, `hookItemTypes`, `itemsCapacity`, `location`, `materialType`, `maxStackSize`, `maxStructure`, `radar`, `pscript`, `spellId`, `stackSize`, `structure`, `targetTypeId`, `usability`, `useRadius`, `validLocations`, `value`, `workmanship`, `animationFrameId`, `defaultScript`, `defaultScriptIntensity`, `elasticity`, `friction`, `locationId`, `modelTableId`, `objectScale`, `physicsBitField`, `physicsTableId`, `motionTableId`, `soundTableId`, `physicsState`, `translucency`)
VALUES (2023116820, 'Deep Caves', 65536, 0, 0, 0, 262164, 0, 0, 0, 0, 0, 0, 8388656, 0, 100667499, 0, 0, 0, 0, 0, 0, 0, 0, 4, 0, 0, 0, 0, 0, 32, -0.1, 0, 0, 0, 0, 0, 0, 0, 0, 0, 33555925, 0, 98307, 0, 150994947, 0, 3084, 0);

INSERT INTO `ace_object` (`baseAceObjectId`, `weenieClassId`, `landblock`, `cell`, `posX`, `posY`, `posZ`, `qW`, `qX`, `qY`, `qZ`)
VALUES (2023116820, 45799, 35173, 45, 142.782, 110.278, 4.747167, -0.8479508, 0, 0, -0.5300749);

INSERT INTO `base_ace_object` (`baseAceObjectId`, `name`, `typeId`, `paletteId`, `ammoType`, `blipColor`, `bitField`, `burden`, `combatUse`, `cooldownDuration`, `cooldownId`, `effects`, `containersCapacity`, `header`, `hookTypeId`, `iconId`, `iconOverlayId`, `iconUnderlayId`, `hookItemTypes`, `itemsCapacity`, `location`, `materialType`, `maxStackSize`, `maxStructure`, `radar`, `pscript`, `spellId`, `stackSize`, `structure`, `targetTypeId`, `usability`, `useRadius`, `validLocations`, `value`, `workmanship`, `animationFrameId`, `defaultScript`, `defaultScriptIntensity`, `elasticity`, `friction`, `locationId`, `modelTableId`, `objectScale`, `physicsBitField`, `physicsTableId`, `motionTableId`, `soundTableId`, `physicsState`, `translucency`)
VALUES (3629901555, 'Sand Caves', 65536, 0, 0, 0, 262164, 0, 0, 0, 0, 0, 0, 8388656, 0, 100667499, 0, 0, 0, 0, 0, 0, 0, 0, 4, 0, 0, 0, 0, 0, 32, -0.1, 0, 0, 0, 0, 0, 0, 0, 0, 0, 33554867, 0, 98307, 0, 150994947, 0, 3084, 0);

INSERT INTO `ace_object` (`baseAceObjectId`, `weenieClassId`, `landblock`, `cell`, `posX`, `posY`, `posZ`, `qW`, `qX`, `qY`, `qZ`)
VALUES (3629901555, 44115, 34661, 51, 145.2, 69.566, 66.1761, 1, 0, 0, 0);

INSERT INTO `base_ace_object` (`baseAceObjectId`, `name`, `typeId`, `paletteId`, `ammoType`, `blipColor`, `bitField`, `burden`, `combatUse`, `cooldownDuration`, `cooldownId`, `effects`, `containersCapacity`, `header`, `hookTypeId`, `iconId`, `iconOverlayId`, `iconUnderlayId`, `hookItemTypes`, `itemsCapacity`, `location`, `materialType`, `maxStackSize`, `maxStructure`, `radar`, `pscript`, `spellId`, `stackSize`, `structure`, `targetTypeId`, `usability`, `useRadius`, `validLocations`, `value`, `workmanship`, `animationFrameId`, `defaultScript`, `defaultScriptIntensity`, `elasticity`, `friction`, `locationId`, `modelTableId`, `objectScale`, `physicsBitField`, `physicsTableId`, `motionTableId`, `soundTableId`, `physicsState`, `translucency`)
VALUES (1970667601, 'Surface', 65536, 0, 0, 0, 262164, 0, 0, 0, 0, 0, 0, 8388656, 0, 100667499, 0, 0, 0, 0, 0, 0, 0, 0, 4, 0, 0, 0, 0, 0, 32, -0.1, 0, 0, 0, 0, 0, 0, 0, 0, 0, 33554867, 0, 98307, 0, 150994947, 0, 3084, 0);

INSERT INTO `ace_object` (`baseAceObjectId`, `weenieClassId`, `landblock`, `cell`, `posX`, `posY`, `posZ`, `qW`, `qX`, `qY`, `qZ`)
VALUES (1970667601, 44119, 22368, 1038, 210.089, -243.03, -0.06299996, 1, 0, 0, 0);

INSERT INTO `base_ace_object` (`baseAceObjectId`, `name`, `typeId`, `paletteId`, `ammoType`, `blipColor`, `bitField`, `burden`, `combatUse`, `cooldownDuration`, `cooldownId`, `effects`, `containersCapacity`, `header`, `hookTypeId`, `iconId`, `iconOverlayId`, `iconUnderlayId`, `hookItemTypes`, `itemsCapacity`, `location`, `materialType`, `maxStackSize`, `maxStructure`, `radar`, `pscript`, `spellId`, `stackSize`, `structure`, `targetTypeId`, `usability`, `useRadius`, `validLocations`, `value`, `workmanship`, `animationFrameId`, `defaultScript`, `defaultScriptIntensity`, `elasticity`, `friction`, `locationId`, `modelTableId`, `objectScale`, `physicsBitField`, `physicsTableId`, `motionTableId`, `soundTableId`, `physicsState`, `translucency`)
VALUES (1970667602, 'Surface', 65536, 0, 0, 0, 262164, 0, 0, 0, 0, 0, 0, 8388656, 0, 100667499, 0, 0, 0, 0, 0, 0, 0, 0, 4, 0, 0, 0, 0, 0, 32, -0.1, 0, 0, 0, 0, 0, 0, 0, 0, 0, 33554867, 0, 98307, 0, 150994947, 0, 3084, 0);

INSERT INTO `ace_object` (`baseAceObjectId`, `weenieClassId`, `landblock`, `cell`, `posX`, `posY`, `posZ`, `qW`, `qX`, `qY`, `qZ`)
VALUES (1970667602, 44114, 22368, 1149, 150, -73.143, 11.937, 1, 0, 0, 0);

INSERT INTO `base_ace_object` (`baseAceObjectId`, `name`, `typeId`, `paletteId`, `ammoType`, `blipColor`, `bitField`, `burden`, `combatUse`, `cooldownDuration`, `cooldownId`, `effects`, `containersCapacity`, `header`, `hookTypeId`, `iconId`, `iconOverlayId`, `iconUnderlayId`, `hookItemTypes`, `itemsCapacity`, `location`, `materialType`, `maxStackSize`, `maxStructure`, `radar`, `pscript`, `spellId`, `stackSize`, `structure`, `targetTypeId`, `usability`, `useRadius`, `validLocations`, `value`, `workmanship`, `animationFrameId`, `defaultScript`, `defaultScriptIntensity`, `elasticity`, `friction`, `locationId`, `modelTableId`, `objectScale`, `physicsBitField`, `physicsTableId`, `motionTableId`, `soundTableId`, `physicsState`, `translucency`)
VALUES (1970667600, 'Surface', 65536, 0, 0, 0, 262164, 0, 0, 0, 0, 0, 0, 8388656, 0, 100667499, 0, 0, 0, 0, 0, 0, 0, 0, 4, 0, 0, 0, 0, 0, 32, -0.1, 0, 0, 0, 0, 0, 0, 0, 0, 0, 33554867, 0, 98307, 0, 150994947, 0, 3084, 0);

INSERT INTO `ace_object` (`baseAceObjectId`, `weenieClassId`, `landblock`, `cell`, `posX`, `posY`, `posZ`, `qW`, `qX`, `qY`, `qZ`)
VALUES (1970667600, 44118, 22368, 307, 20, -283.115, -18.063, 1, 0, 0, 0);

INSERT INTO `base_ace_object` (`baseAceObjectId`, `name`, `typeId`, `paletteId`, `ammoType`, `blipColor`, `bitField`, `burden`, `combatUse`, `cooldownDuration`, `cooldownId`, `effects`, `containersCapacity`, `header`, `hookTypeId`, `iconId`, `iconOverlayId`, `iconUnderlayId`, `hookItemTypes`, `itemsCapacity`, `location`, `materialType`, `maxStackSize`, `maxStructure`, `radar`, `pscript`, `spellId`, `stackSize`, `structure`, `targetTypeId`, `usability`, `useRadius`, `validLocations`, `value`, `workmanship`, `animationFrameId`, `defaultScript`, `defaultScriptIntensity`, `elasticity`, `friction`, `locationId`, `modelTableId`, `objectScale`, `physicsBitField`, `physicsTableId`, `motionTableId`, `soundTableId`, `physicsState`, `translucency`)
VALUES (3630024809, 'Sand Caves', 65536, 0, 0, 0, 262164, 0, 0, 0, 0, 0, 0, 8388656, 0, 100667499, 0, 0, 0, 0, 0, 0, 0, 0, 4, 0, 0, 0, 0, 0, 32, -0.1, 0, 0, 0, 0, 0, 0, 0, 0, 0, 33554867, 0, 98307, 0, 150994947, 0, 3084, 0);

INSERT INTO `ace_object` (`baseAceObjectId`, `weenieClassId`, `landblock`, `cell`, `posX`, `posY`, `posZ`, `qW`, `qX`, `qY`, `qZ`)
VALUES (3630024809, 44115, 34661, 51, 145.2, 69.566, 70, 1, 0, 0, 0);

INSERT INTO `base_ace_object` (`baseAceObjectId`, `name`, `typeId`, `paletteId`, `ammoType`, `blipColor`, `bitField`, `burden`, `combatUse`, `cooldownDuration`, `cooldownId`, `effects`, `containersCapacity`, `header`, `hookTypeId`, `iconId`, `iconOverlayId`, `iconUnderlayId`, `hookItemTypes`, `itemsCapacity`, `location`, `materialType`, `maxStackSize`, `maxStructure`, `radar`, `pscript`, `spellId`, `stackSize`, `structure`, `targetTypeId`, `usability`, `useRadius`, `validLocations`, `value`, `workmanship`, `animationFrameId`, `defaultScript`, `defaultScriptIntensity`, `elasticity`, `friction`, `locationId`, `modelTableId`, `objectScale`, `physicsBitField`, `physicsTableId`, `motionTableId`, `soundTableId`, `physicsState`, `translucency`)
VALUES (1971732488, 'Surface', 65536, 0, 0, 0, 262164, 0, 0, 0, 0, 0, 0, 8388656, 0, 100667499, 0, 0, 0, 0, 0, 0, 0, 0, 4, 0, 0, 0, 0, 0, 32, -0.1, 0, 0, 0, 0, 0, 0, 0, 0, 0, 33554867, 0, 98307, 0, 150994947, 0, 3084, 0);

INSERT INTO `ace_object` (`baseAceObjectId`, `weenieClassId`, `landblock`, `cell`, `posX`, `posY`, `posZ`, `qW`, `qX`, `qY`, `qZ`)
VALUES (1971732488, 49450, 22628, 274, 147.277, -322.672, -12.063, 0.9238793, 0, 0, -0.3826841);

INSERT INTO `base_ace_object` (`baseAceObjectId`, `name`, `typeId`, `paletteId`, `ammoType`, `blipColor`, `bitField`, `burden`, `combatUse`, `cooldownDuration`, `cooldownId`, `effects`, `containersCapacity`, `header`, `hookTypeId`, `iconId`, `iconOverlayId`, `iconUnderlayId`, `hookItemTypes`, `itemsCapacity`, `location`, `materialType`, `maxStackSize`, `maxStructure`, `radar`, `pscript`, `spellId`, `stackSize`, `structure`, `targetTypeId`, `usability`, `useRadius`, `validLocations`, `value`, `workmanship`, `animationFrameId`, `defaultScript`, `defaultScriptIntensity`, `elasticity`, `friction`, `locationId`, `modelTableId`, `objectScale`, `physicsBitField`, `physicsTableId`, `motionTableId`, `soundTableId`, `physicsState`, `translucency`)
VALUES (1971732501, 'Surface', 65536, 0, 0, 0, 262164, 0, 0, 0, 0, 0, 0, 8388656, 0, 100667499, 0, 0, 0, 0, 0, 0, 0, 0, 4, 0, 0, 0, 0, 0, 32, -0.1, 0, 0, 0, 0, 0, 0, 0, 0, 0, 33554867, 0, 98307, 0, 150994947, 0, 3084, 0);

INSERT INTO `ace_object` (`baseAceObjectId`, `weenieClassId`, `landblock`, `cell`, `posX`, `posY`, `posZ`, `qW`, `qX`, `qY`, `qZ`)
VALUES (1971732501, 49450, 22628, 290, 173.159, -323.36, -12.063, -0.9238793, 0, 0, -0.3826841);

INSERT INTO `base_ace_object` (`baseAceObjectId`, `name`, `typeId`, `paletteId`, `ammoType`, `blipColor`, `bitField`, `burden`, `combatUse`, `cooldownDuration`, `cooldownId`, `effects`, `containersCapacity`, `header`, `hookTypeId`, `iconId`, `iconOverlayId`, `iconUnderlayId`, `hookItemTypes`, `itemsCapacity`, `location`, `materialType`, `maxStackSize`, `maxStructure`, `radar`, `pscript`, `spellId`, `stackSize`, `structure`, `targetTypeId`, `usability`, `useRadius`, `validLocations`, `value`, `workmanship`, `animationFrameId`, `defaultScript`, `defaultScriptIntensity`, `elasticity`, `friction`, `locationId`, `modelTableId`, `objectScale`, `physicsBitField`, `physicsTableId`, `motionTableId`, `soundTableId`, `physicsState`, `translucency`)
VALUES (1971818594, 'Surface', 65536, 0, 0, 0, 262164, 0, 0, 0, 0, 0, 0, 8388656, 0, 100667499, 0, 0, 0, 0, 0, 0, 0, 0, 4, 0, 0, 0, 0, 0, 32, -0.1, 0, 0, 0, 0, 0, 0, 0, 0, 0, 33554867, 0, 98307, 0, 150994947, 0, 3084, 0);

INSERT INTO `ace_object` (`baseAceObjectId`, `weenieClassId`, `landblock`, `cell`, `posX`, `posY`, `posZ`, `qW`, `qX`, `qY`, `qZ`)
VALUES (1971818594, 51822, 22649, 1324, 130, -116.345, -0.06299996, 1, 0, 0, -4.37114E-08);

INSERT INTO `base_ace_object` (`baseAceObjectId`, `name`, `typeId`, `paletteId`, `ammoType`, `blipColor`, `bitField`, `burden`, `combatUse`, `cooldownDuration`, `cooldownId`, `effects`, `containersCapacity`, `header`, `hookTypeId`, `iconId`, `iconOverlayId`, `iconUnderlayId`, `hookItemTypes`, `itemsCapacity`, `location`, `materialType`, `maxStackSize`, `maxStructure`, `radar`, `pscript`, `spellId`, `stackSize`, `structure`, `targetTypeId`, `usability`, `useRadius`, `validLocations`, `value`, `workmanship`, `animationFrameId`, `defaultScript`, `defaultScriptIntensity`, `elasticity`, `friction`, `locationId`, `modelTableId`, `objectScale`, `physicsBitField`, `physicsTableId`, `motionTableId`, `soundTableId`, `physicsState`, `translucency`)
VALUES (1971818556, 'Platforms of Torment', 65536, 0, 0, 0, 262164, 0, 0, 0, 0, 0, 0, 8388656, 0, 100667499, 0, 0, 0, 0, 0, 0, 0, 0, 4, 0, 0, 0, 0, 0, 32, -0.1, 0, 0, 0, 0, 0, 0, 0, 0, 0, 33555925, 0, 98307, 0, 150994947, 0, 3084, 0);

INSERT INTO `ace_object` (`baseAceObjectId`, `weenieClassId`, `landblock`, `cell`, `posX`, `posY`, `posZ`, `qW`, `qX`, `qY`, `qZ`)
VALUES (1971818556, 51719, 22649, 951, 80, -99.9504, -17.86724, 1, 0, 0, 0);

INSERT INTO `base_ace_object` (`baseAceObjectId`, `name`, `typeId`, `paletteId`, `ammoType`, `blipColor`, `bitField`, `burden`, `combatUse`, `cooldownDuration`, `cooldownId`, `effects`, `containersCapacity`, `header`, `hookTypeId`, `iconId`, `iconOverlayId`, `iconUnderlayId`, `hookItemTypes`, `itemsCapacity`, `location`, `materialType`, `maxStackSize`, `maxStructure`, `radar`, `pscript`, `spellId`, `stackSize`, `structure`, `targetTypeId`, `usability`, `useRadius`, `validLocations`, `value`, `workmanship`, `animationFrameId`, `defaultScript`, `defaultScriptIntensity`, `elasticity`, `friction`, `locationId`, `modelTableId`, `objectScale`, `physicsBitField`, `physicsTableId`, `motionTableId`, `soundTableId`, `physicsState`, `translucency`)
VALUES (1971818561, 'Platforms of Torment', 65536, 0, 0, 0, 262164, 0, 0, 0, 0, 0, 0, 8388656, 0, 100667499, 0, 0, 0, 0, 0, 0, 0, 0, 4, 0, 0, 0, 0, 0, 32, -0.1, 0, 0, 0, 0, 0, 0, 0, 0, 0, 33555925, 0, 98307, 0, 150994947, 0, 3084, 0);

INSERT INTO `ace_object` (`baseAceObjectId`, `weenieClassId`, `landblock`, `cell`, `posX`, `posY`, `posZ`, `qW`, `qX`, `qY`, `qZ`)
VALUES (1971818561, 51719, 22649, 1004, 230, -126.409, -18.063, 1, 0, 0, -4.37114E-08);

INSERT INTO `base_ace_object` (`baseAceObjectId`, `name`, `typeId`, `paletteId`, `ammoType`, `blipColor`, `bitField`, `burden`, `combatUse`, `cooldownDuration`, `cooldownId`, `effects`, `containersCapacity`, `header`, `hookTypeId`, `iconId`, `iconOverlayId`, `iconUnderlayId`, `hookItemTypes`, `itemsCapacity`, `location`, `materialType`, `maxStackSize`, `maxStructure`, `radar`, `pscript`, `spellId`, `stackSize`, `structure`, `targetTypeId`, `usability`, `useRadius`, `validLocations`, `value`, `workmanship`, `animationFrameId`, `defaultScript`, `defaultScriptIntensity`, `elasticity`, `friction`, `locationId`, `modelTableId`, `objectScale`, `physicsBitField`, `physicsTableId`, `motionTableId`, `soundTableId`, `physicsState`, `translucency`)
VALUES (1971818532, 'Platforms of Rage', 65536, 0, 0, 0, 262164, 0, 0, 0, 0, 0, 0, 8388656, 0, 100667499, 0, 0, 0, 0, 0, 0, 0, 0, 4, 0, 0, 0, 0, 0, 32, -0.1, 0, 0, 0, 0, 0, 0, 0, 0, 0, 33555925, 0, 98307, 0, 150994947, 0, 3084, 0);

INSERT INTO `ace_object` (`baseAceObjectId`, `weenieClassId`, `landblock`, `cell`, `posX`, `posY`, `posZ`, `qW`, `qX`, `qY`, `qZ`)
VALUES (1971818532, 51720, 22649, 707, 359.987, -184.138, -30.063, 1, 0, 0, 0);

INSERT INTO `base_ace_object` (`baseAceObjectId`, `name`, `typeId`, `paletteId`, `ammoType`, `blipColor`, `bitField`, `burden`, `combatUse`, `cooldownDuration`, `cooldownId`, `effects`, `containersCapacity`, `header`, `hookTypeId`, `iconId`, `iconOverlayId`, `iconUnderlayId`, `hookItemTypes`, `itemsCapacity`, `location`, `materialType`, `maxStackSize`, `maxStructure`, `radar`, `pscript`, `spellId`, `stackSize`, `structure`, `targetTypeId`, `usability`, `useRadius`, `validLocations`, `value`, `workmanship`, `animationFrameId`, `defaultScript`, `defaultScriptIntensity`, `elasticity`, `friction`, `locationId`, `modelTableId`, `objectScale`, `physicsBitField`, `physicsTableId`, `motionTableId`, `soundTableId`, `physicsState`, `translucency`)
VALUES (1971814408, 'Portal', 65536, 0, 0, 0, 262164, 0, 0, 0, 0, 0, 0, 8388656, 0, 100667499, 0, 0, 0, 0, 0, 0, 0, 0, 4, 0, 0, 0, 0, 0, 32, -0.1, 0, 0, 0, 0, 0, 0, 0, 0, 0, 33555925, 0, 98307, 0, 150994947, 0, 3084, 0);

INSERT INTO `ace_object` (`baseAceObjectId`, `weenieClassId`, `landblock`, `cell`, `posX`, `posY`, `posZ`, `qW`, `qX`, `qY`, `qZ`)
VALUES (1971814408, 51766, 22648, 756, 220, -450, -0.06299996, 0.7071068, 0, 0, -0.7071068);

INSERT INTO `base_ace_object` (`baseAceObjectId`, `name`, `typeId`, `paletteId`, `ammoType`, `blipColor`, `bitField`, `burden`, `combatUse`, `cooldownDuration`, `cooldownId`, `effects`, `containersCapacity`, `header`, `hookTypeId`, `iconId`, `iconOverlayId`, `iconUnderlayId`, `hookItemTypes`, `itemsCapacity`, `location`, `materialType`, `maxStackSize`, `maxStructure`, `radar`, `pscript`, `spellId`, `stackSize`, `structure`, `targetTypeId`, `usability`, `useRadius`, `validLocations`, `value`, `workmanship`, `animationFrameId`, `defaultScript`, `defaultScriptIntensity`, `elasticity`, `friction`, `locationId`, `modelTableId`, `objectScale`, `physicsBitField`, `physicsTableId`, `motionTableId`, `soundTableId`, `physicsState`, `translucency`)
VALUES (1971814534, 'Surface', 65536, 0, 0, 0, 262164, 0, 0, 0, 0, 0, 0, 8388656, 0, 100667499, 0, 0, 0, 0, 0, 0, 0, 0, 4, 0, 0, 0, 0, 0, 32, -0.1, 0, 0, 0, 0, 0, 0, 0, 0, 0, 33554867, 0, 98307, 0, 150994947, 0, 3084, 0);

INSERT INTO `ace_object` (`baseAceObjectId`, `weenieClassId`, `landblock`, `cell`, `posX`, `posY`, `posZ`, `qW`, `qX`, `qY`, `qZ`)
VALUES (1971814534, 51764, 22648, 672, 130, -356.976, -18.063, 1, 0, 0, 0);

INSERT INTO `base_ace_object` (`baseAceObjectId`, `name`, `typeId`, `paletteId`, `ammoType`, `blipColor`, `bitField`, `burden`, `combatUse`, `cooldownDuration`, `cooldownId`, `effects`, `containersCapacity`, `header`, `hookTypeId`, `iconId`, `iconOverlayId`, `iconUnderlayId`, `hookItemTypes`, `itemsCapacity`, `location`, `materialType`, `maxStackSize`, `maxStructure`, `radar`, `pscript`, `spellId`, `stackSize`, `structure`, `targetTypeId`, `usability`, `useRadius`, `validLocations`, `value`, `workmanship`, `animationFrameId`, `defaultScript`, `defaultScriptIntensity`, `elasticity`, `friction`, `locationId`, `modelTableId`, `objectScale`, `physicsBitField`, `physicsTableId`, `motionTableId`, `soundTableId`, `physicsState`, `translucency`)
VALUES (1971814405, 'Portal', 65536, 0, 0, 0, 262164, 0, 0, 0, 0, 0, 0, 8388656, 0, 100667499, 0, 0, 0, 0, 0, 0, 0, 0, 4, 0, 0, 0, 0, 0, 32, -0.1, 0, 0, 0, 0, 0, 0, 0, 0, 0, 33555922, 0, 98307, 0, 150994947, 0, 3084, 0);

INSERT INTO `ace_object` (`baseAceObjectId`, `weenieClassId`, `landblock`, `cell`, `posX`, `posY`, `posZ`, `qW`, `qX`, `qY`, `qZ`)
VALUES (1971814405, 51768, 22648, 646, 130, -90, -18.063, 1, 0, 0, -4.37114E-08);

INSERT INTO `base_ace_object` (`baseAceObjectId`, `name`, `typeId`, `paletteId`, `ammoType`, `blipColor`, `bitField`, `burden`, `combatUse`, `cooldownDuration`, `cooldownId`, `effects`, `containersCapacity`, `header`, `hookTypeId`, `iconId`, `iconOverlayId`, `iconUnderlayId`, `hookItemTypes`, `itemsCapacity`, `location`, `materialType`, `maxStackSize`, `maxStructure`, `radar`, `pscript`, `spellId`, `stackSize`, `structure`, `targetTypeId`, `usability`, `useRadius`, `validLocations`, `value`, `workmanship`, `animationFrameId`, `defaultScript`, `defaultScriptIntensity`, `elasticity`, `friction`, `locationId`, `modelTableId`, `objectScale`, `physicsBitField`, `physicsTableId`, `motionTableId`, `soundTableId`, `physicsState`, `translucency`)
VALUES (1971814511, 'Surface', 65536, 0, 0, 0, 262164, 0, 0, 0, 0, 0, 0, 8388656, 0, 100667499, 0, 0, 0, 0, 0, 0, 0, 0, 4, 0, 0, 0, 0, 0, 32, -0.1, 0, 0, 0, 0, 0, 0, 0, 0, 0, 33554867, 0, 98307, 0, 150994947, 0, 3084, 0);

INSERT INTO `ace_object` (`baseAceObjectId`, `weenieClassId`, `landblock`, `cell`, `posX`, `posY`, `posZ`, `qW`, `qX`, `qY`, `qZ`)
VALUES (1971814511, 51764, 22648, 517, 290, -13.0404, -36.063, 1, 0, 0, -4.37114E-08);

INSERT INTO `base_ace_object` (`baseAceObjectId`, `name`, `typeId`, `paletteId`, `ammoType`, `blipColor`, `bitField`, `burden`, `combatUse`, `cooldownDuration`, `cooldownId`, `effects`, `containersCapacity`, `header`, `hookTypeId`, `iconId`, `iconOverlayId`, `iconUnderlayId`, `hookItemTypes`, `itemsCapacity`, `location`, `materialType`, `maxStackSize`, `maxStructure`, `radar`, `pscript`, `spellId`, `stackSize`, `structure`, `targetTypeId`, `usability`, `useRadius`, `validLocations`, `value`, `workmanship`, `animationFrameId`, `defaultScript`, `defaultScriptIntensity`, `elasticity`, `friction`, `locationId`, `modelTableId`, `objectScale`, `physicsBitField`, `physicsTableId`, `motionTableId`, `soundTableId`, `physicsState`, `translucency`)
VALUES (1971814402, 'Portal', 65536, 0, 0, 0, 262164, 0, 0, 0, 0, 0, 0, 8388656, 0, 100667499, 0, 0, 0, 0, 0, 0, 0, 0, 4, 0, 0, 0, 0, 0, 32, -0.1, 0, 0, 0, 0, 0, 0, 0, 0, 0, 33555923, 0, 98307, 0, 150994947, 0, 3084, 0);

INSERT INTO `ace_object` (`baseAceObjectId`, `weenieClassId`, `landblock`, `cell`, `posX`, `posY`, `posZ`, `qW`, `qX`, `qY`, `qZ`)
VALUES (1971814402, 51770, 22648, 444, 240, -160, -36.063, 0.7071068, 0, 0, -0.7071068);

INSERT INTO `base_ace_object` (`baseAceObjectId`, `name`, `typeId`, `paletteId`, `ammoType`, `blipColor`, `bitField`, `burden`, `combatUse`, `cooldownDuration`, `cooldownId`, `effects`, `containersCapacity`, `header`, `hookTypeId`, `iconId`, `iconOverlayId`, `iconUnderlayId`, `hookItemTypes`, `itemsCapacity`, `location`, `materialType`, `maxStackSize`, `maxStructure`, `radar`, `pscript`, `spellId`, `stackSize`, `structure`, `targetTypeId`, `usability`, `useRadius`, `validLocations`, `value`, `workmanship`, `animationFrameId`, `defaultScript`, `defaultScriptIntensity`, `elasticity`, `friction`, `locationId`, `modelTableId`, `objectScale`, `physicsBitField`, `physicsTableId`, `motionTableId`, `soundTableId`, `physicsState`, `translucency`)
VALUES (1971814493, 'Surface', 65536, 0, 0, 0, 262164, 0, 0, 0, 0, 0, 0, 8388656, 0, 100667499, 0, 0, 0, 0, 0, 0, 0, 0, 4, 0, 0, 0, 0, 0, 32, -0.1, 0, 0, 0, 0, 0, 0, 0, 0, 0, 33554867, 0, 98307, 0, 150994947, 0, 3084, 0);

INSERT INTO `ace_object` (`baseAceObjectId`, `weenieClassId`, `landblock`, `cell`, `posX`, `posY`, `posZ`, `qW`, `qX`, `qY`, `qZ`)
VALUES (1971814493, 51764, 22648, 336, 176.964, -240, -60.063, 0.7071068, 0, 0, -0.7071068);

INSERT INTO `base_ace_object` (`baseAceObjectId`, `name`, `typeId`, `paletteId`, `ammoType`, `blipColor`, `bitField`, `burden`, `combatUse`, `cooldownDuration`, `cooldownId`, `effects`, `containersCapacity`, `header`, `hookTypeId`, `iconId`, `iconOverlayId`, `iconUnderlayId`, `hookItemTypes`, `itemsCapacity`, `location`, `materialType`, `maxStackSize`, `maxStructure`, `radar`, `pscript`, `spellId`, `stackSize`, `structure`, `targetTypeId`, `usability`, `useRadius`, `validLocations`, `value`, `workmanship`, `animationFrameId`, `defaultScript`, `defaultScriptIntensity`, `elasticity`, `friction`, `locationId`, `modelTableId`, `objectScale`, `physicsBitField`, `physicsTableId`, `motionTableId`, `soundTableId`, `physicsState`, `translucency`)
VALUES (1971814400, 'Portal', 65536, 0, 0, 0, 262164, 0, 0, 0, 0, 0, 0, 8388656, 0, 100667499, 0, 0, 0, 0, 0, 0, 0, 0, 4, 0, 0, 0, 0, 0, 32, -0.1, 0, 0, 0, 0, 0, 0, 0, 0, 0, 33554867, 0, 98307, 0, 150994947, 0, 3084, 0);

INSERT INTO `ace_object` (`baseAceObjectId`, `weenieClassId`, `landblock`, `cell`, `posX`, `posY`, `posZ`, `qW`, `qX`, `qY`, `qZ`)
VALUES (1971814400, 51772, 22648, 289, 70, -250, -60.063, 1, 0, 0, -4.37114E-08);


INSERT INTO `base_ace_object` (`baseAceObjectId`, `name`, `typeId`, `paletteId`, `ammoType`, `blipColor`, `bitField`, `burden`, `combatUse`, `cooldownDuration`, `cooldownId`, `effects`, `containersCapacity`, `header`, `hookTypeId`, `iconId`, `iconOverlayId`, `iconUnderlayId`, `hookItemTypes`, `itemsCapacity`, `location`, `materialType`, `maxStackSize`, `maxStructure`, `radar`, `pscript`, `spellId`, `stackSize`, `structure`, `targetTypeId`, `usability`, `useRadius`, `validLocations`, `value`, `workmanship`, `animationFrameId`, `defaultScript`, `defaultScriptIntensity`, `elasticity`, `friction`, `locationId`, `modelTableId`, `objectScale`, `physicsBitField`, `physicsTableId`, `motionTableId`, `soundTableId`, `physicsState`, `translucency`)
VALUES (1971814447, 'Surface', 65536, 0, 0, 0, 262164, 0, 0, 0, 0, 0, 0, 8388656, 0, 100667499, 0, 0, 0, 0, 0, 0, 0, 0, 4, 0, 0, 0, 0, 0, 32, -0.1, 0, 0, 0, 0, 0, 0, 0, 0, 0, 33554867, 0, 98307, 0, 150994947, 0, 3084, 0);

INSERT INTO `ace_object` (`baseAceObjectId`, `weenieClassId`, `landblock`, `cell`, `posX`, `posY`, `posZ`, `qW`, `qX`, `qY`, `qZ`)
VALUES (1971814447, 51764, 22648, 256, 310, -320, -66.063, 1, 0, 0, 0);

INSERT INTO `base_ace_object` (`baseAceObjectId`, `name`, `typeId`, `paletteId`, `ammoType`, `blipColor`, `bitField`, `burden`, `combatUse`, `cooldownDuration`, `cooldownId`, `effects`, `containersCapacity`, `header`, `hookTypeId`, `iconId`, `iconOverlayId`, `iconUnderlayId`, `hookItemTypes`, `itemsCapacity`, `location`, `materialType`, `maxStackSize`, `maxStructure`, `radar`, `pscript`, `spellId`, `stackSize`, `structure`, `targetTypeId`, `usability`, `useRadius`, `validLocations`, `value`, `workmanship`, `animationFrameId`, `defaultScript`, `defaultScriptIntensity`, `elasticity`, `friction`, `locationId`, `modelTableId`, `objectScale`, `physicsBitField`, `physicsTableId`, `motionTableId`, `soundTableId`, `physicsState`, `translucency`)
VALUES (2023764019, 'Stronghold', 65536, 0, 0, 0, 262164, 0, 0, 0, 0, 0, 0, 8388656, 0, 100667499, 0, 0, 0, 0, 0, 0, 0, 0, 4, 0, 0, 0, 0, 0, 32, -0.1, 0, 0, 0, 0, 0, 0, 0, 0, 0, 33555925, 0, 98307, 0, 150994947, 0, 3084, 0);

INSERT INTO `ace_object` (`baseAceObjectId`, `weenieClassId`, `landblock`, `cell`, `posX`, `posY`, `posZ`, `qW`, `qX`, `qY`, `qZ`)
VALUES (2023764019, 42223, 35331, 677, 350, -226.171, -0.06299996, 1, 0, 0, 0);

INSERT INTO `base_ace_object` (`baseAceObjectId`, `name`, `typeId`, `paletteId`, `ammoType`, `blipColor`, `bitField`, `burden`, `combatUse`, `cooldownDuration`, `cooldownId`, `effects`, `containersCapacity`, `header`, `hookTypeId`, `iconId`, `iconOverlayId`, `iconUnderlayId`, `hookItemTypes`, `itemsCapacity`, `location`, `materialType`, `maxStackSize`, `maxStructure`, `radar`, `pscript`, `spellId`, `stackSize`, `structure`, `targetTypeId`, `usability`, `useRadius`, `validLocations`, `value`, `workmanship`, `animationFrameId`, `defaultScript`, `defaultScriptIntensity`, `elasticity`, `friction`, `locationId`, `modelTableId`, `objectScale`, `physicsBitField`, `physicsTableId`, `motionTableId`, `soundTableId`, `physicsState`, `translucency`)
VALUES (1881890890, 'Surface', 65536, 0, 0, 0, 262164, 0, 0, 0, 0, 0, 0, 8388656, 0, 100667499, 0, 0, 0, 0, 0, 0, 0, 0, 4, 0, 0, 0, 0, 0, 32, -0.1, 0, 0, 0, 0, 0, 0, 0, 0, 0, 33554867, 0, 98307, 0, 150994947, 0, 3084, 0);

INSERT INTO `ace_object` (`baseAceObjectId`, `weenieClassId`, `landblock`, `cell`, `posX`, `posY`, `posZ`, `qW`, `qX`, `qY`, `qZ`)
VALUES (1881890890, 8587, 694, 667, 93.531, -50.074, -0.06299996, -0.7071068, 0, 0, -0.7071068);

INSERT INTO `base_ace_object` (`baseAceObjectId`, `name`, `typeId`, `paletteId`, `ammoType`, `blipColor`, `bitField`, `burden`, `combatUse`, `cooldownDuration`, `cooldownId`, `effects`, `containersCapacity`, `header`, `hookTypeId`, `iconId`, `iconOverlayId`, `iconUnderlayId`, `hookItemTypes`, `itemsCapacity`, `location`, `materialType`, `maxStackSize`, `maxStructure`, `radar`, `pscript`, `spellId`, `stackSize`, `structure`, `targetTypeId`, `usability`, `useRadius`, `validLocations`, `value`, `workmanship`, `animationFrameId`, `defaultScript`, `defaultScriptIntensity`, `elasticity`, `friction`, `locationId`, `modelTableId`, `objectScale`, `physicsBitField`, `physicsTableId`, `motionTableId`, `soundTableId`, `physicsState`, `translucency`)
VALUES (1881890835, 'Surface', 65536, 0, 0, 0, 262164, 0, 0, 0, 0, 0, 0, 8388656, 0, 100667499, 0, 0, 0, 0, 0, 0, 0, 0, 4, 0, 0, 0, 0, 0, 32, -0.1, 0, 0, 0, 0, 0, 0, 0, 0, 0, 33554867, 0, 98307, 0, 150994947, 0, 3084, 0);

INSERT INTO `ace_object` (`baseAceObjectId`, `weenieClassId`, `landblock`, `cell`, `posX`, `posY`, `posZ`, `qW`, `qX`, `qY`, `qZ`)
VALUES (1881890835, 8587, 694, 346, 20, -430, -18.063, 1, 0, 0, 0);

INSERT INTO `base_ace_object` (`baseAceObjectId`, `name`, `typeId`, `paletteId`, `ammoType`, `blipColor`, `bitField`, `burden`, `combatUse`, `cooldownDuration`, `cooldownId`, `effects`, `containersCapacity`, `header`, `hookTypeId`, `iconId`, `iconOverlayId`, `iconUnderlayId`, `hookItemTypes`, `itemsCapacity`, `location`, `materialType`, `maxStackSize`, `maxStructure`, `radar`, `pscript`, `spellId`, `stackSize`, `structure`, `targetTypeId`, `usability`, `useRadius`, `validLocations`, `value`, `workmanship`, `animationFrameId`, `defaultScript`, `defaultScriptIntensity`, `elasticity`, `friction`, `locationId`, `modelTableId`, `objectScale`, `physicsBitField`, `physicsTableId`, `motionTableId`, `soundTableId`, `physicsState`, `translucency`)
VALUES (1881890831, 'Surface', 65536, 0, 0, 0, 262164, 0, 0, 0, 0, 0, 0, 8388656, 0, 100667499, 0, 0, 0, 0, 0, 0, 0, 0, 4, 0, 0, 0, 0, 0, 32, -0.1, 0, 0, 0, 0, 0, 0, 0, 0, 0, 33554867, 0, 98307, 0, 150994947, 0, 3084, 0);

INSERT INTO `ace_object` (`baseAceObjectId`, `weenieClassId`, `landblock`, `cell`, `posX`, `posY`, `posZ`, `qW`, `qX`, `qY`, `qZ`)
VALUES (1881890831, 8587, 694, 299, 90, -330, -42.063, 0.7071068, 0, 0, -0.7071068);

INSERT INTO `base_ace_object` (`baseAceObjectId`, `name`, `typeId`, `paletteId`, `ammoType`, `blipColor`, `bitField`, `burden`, `combatUse`, `cooldownDuration`, `cooldownId`, `effects`, `containersCapacity`, `header`, `hookTypeId`, `iconId`, `iconOverlayId`, `iconUnderlayId`, `hookItemTypes`, `itemsCapacity`, `location`, `materialType`, `maxStackSize`, `maxStructure`, `radar`, `pscript`, `spellId`, `stackSize`, `structure`, `targetTypeId`, `usability`, `useRadius`, `validLocations`, `value`, `workmanship`, `animationFrameId`, `defaultScript`, `defaultScriptIntensity`, `elasticity`, `friction`, `locationId`, `modelTableId`, `objectScale`, `physicsBitField`, `physicsTableId`, `motionTableId`, `soundTableId`, `physicsState`, `translucency`)
VALUES (3624110217, 'Direlands Northwest Shore Portal', 65536, 0, 0, 0, 262164, 0, 0, 0, 0, 0, 0, 8388656, 0, 100667499, 0, 0, 0, 0, 0, 0, 0, 0, 4, 0, 0, 0, 0, 0, 32, -0.1, 0, 0, 0, 0, 0, 0, 0, 0, 0, 33555926, 0, 98307, 0, 150994947, 0, 3084, 0);

INSERT INTO `ace_object` (`baseAceObjectId`, `weenieClassId`, `landblock`, `cell`, `posX`, `posY`, `posZ`, `qW`, `qX`, `qY`, `qZ`)
VALUES (3624110217, 8388, 38178, 35, 117.1806, 67.89835, 123.5604, 0.9537169, 0, 0, -0.3007058);

INSERT INTO `base_ace_object` (`baseAceObjectId`, `name`, `typeId`, `paletteId`, `ammoType`, `blipColor`, `bitField`, `burden`, `combatUse`, `cooldownDuration`, `cooldownId`, `effects`, `containersCapacity`, `header`, `hookTypeId`, `iconId`, `iconOverlayId`, `iconUnderlayId`, `hookItemTypes`, `itemsCapacity`, `location`, `materialType`, `maxStackSize`, `maxStructure`, `radar`, `pscript`, `spellId`, `stackSize`, `structure`, `targetTypeId`, `usability`, `useRadius`, `validLocations`, `value`, `workmanship`, `animationFrameId`, `defaultScript`, `defaultScriptIntensity`, `elasticity`, `friction`, `locationId`, `modelTableId`, `objectScale`, `physicsBitField`, `physicsTableId`, `motionTableId`, `soundTableId`, `physicsState`, `translucency`)
VALUES (1971802126, 'Portal', 65536, 0, 0, 0, 262164, 0, 0, 0, 0, 0, 0, 8388656, 0, 100667499, 0, 0, 0, 0, 0, 0, 0, 0, 4, 0, 0, 0, 0, 0, 32, -0.1, 0, 0, 0, 0, 0, 0, 0, 0, 0, 33557581, 0, 98307, 0, 150994947, 0, 3084, 0);

INSERT INTO `ace_object` (`baseAceObjectId`, `weenieClassId`, `landblock`, `cell`, `posX`, `posY`, `posZ`, `qW`, `qX`, `qY`, `qZ`)
VALUES (1971802126, 51630, 22645, 259, 360, -280, -18.063, 1, 0, 0, 0);

INSERT INTO `base_ace_object` (`baseAceObjectId`, `name`, `typeId`, `paletteId`, `ammoType`, `blipColor`, `bitField`, `burden`, `combatUse`, `cooldownDuration`, `cooldownId`, `effects`, `containersCapacity`, `header`, `hookTypeId`, `iconId`, `iconOverlayId`, `iconUnderlayId`, `hookItemTypes`, `itemsCapacity`, `location`, `materialType`, `maxStackSize`, `maxStructure`, `radar`, `pscript`, `spellId`, `stackSize`, `structure`, `targetTypeId`, `usability`, `useRadius`, `validLocations`, `value`, `workmanship`, `animationFrameId`, `defaultScript`, `defaultScriptIntensity`, `elasticity`, `friction`, `locationId`, `modelTableId`, `objectScale`, `physicsBitField`, `physicsTableId`, `motionTableId`, `soundTableId`, `physicsState`, `translucency`)
VALUES (1971802130, 'Surface', 65536, 0, 0, 0, 262164, 0, 0, 0, 0, 0, 0, 8388656, 0, 100667499, 0, 0, 0, 0, 0, 0, 0, 0, 4, 0, 0, 0, 0, 0, 32, -0.1, 0, 0, 0, 0, 0, 0, 0, 0, 0, 33554867, 0, 98307, 0, 150994947, 0, 3084, 0);

INSERT INTO `ace_object` (`baseAceObjectId`, `weenieClassId`, `landblock`, `cell`, `posX`, `posY`, `posZ`, `qW`, `qX`, `qY`, `qZ`)
VALUES (1971802130, 51616, 22645, 615, 550.027, -153.358, -0.06299996, 1, 0, 0, -4.37114E-08);

INSERT INTO `base_ace_object` (`baseAceObjectId`, `name`, `typeId`, `paletteId`, `ammoType`, `blipColor`, `bitField`, `burden`, `combatUse`, `cooldownDuration`, `cooldownId`, `effects`, `containersCapacity`, `header`, `hookTypeId`, `iconId`, `iconOverlayId`, `iconUnderlayId`, `hookItemTypes`, `itemsCapacity`, `location`, `materialType`, `maxStackSize`, `maxStructure`, `radar`, `pscript`, `spellId`, `stackSize`, `structure`, `targetTypeId`, `usability`, `useRadius`, `validLocations`, `value`, `workmanship`, `animationFrameId`, `defaultScript`, `defaultScriptIntensity`, `elasticity`, `friction`, `locationId`, `modelTableId`, `objectScale`, `physicsBitField`, `physicsTableId`, `motionTableId`, `soundTableId`, `physicsState`, `translucency`)
VALUES (3631343453, 'Portal to Hebian-To', 65536, 0, 0, 0, 262164, 0, 0, 0, 0, 0, 0, 8388656, 0, 100667499, 0, 0, 0, 0, 0, 0, 0, 0, 4, 0, 0, 0, 0, 0, 32, -0.1, 0, 0, 0, 0, 0, 0, 0, 0, 0, 33554867, 0, 98307, 0, 150994947, 0, 3084, 0);

INSERT INTO `ace_object` (`baseAceObjectId`, `weenieClassId`, `landblock`, `cell`, `posX`, `posY`, `posZ`, `qW`, `qX`, `qY`, `qZ`)
VALUES (3631343453, 42846, 11824, 7, 11.94414, 145.7254, 57.23853, 1, 0, 0, 0);

INSERT INTO `base_ace_object` (`baseAceObjectId`, `name`, `typeId`, `paletteId`, `ammoType`, `blipColor`, `bitField`, `burden`, `combatUse`, `cooldownDuration`, `cooldownId`, `effects`, `containersCapacity`, `header`, `hookTypeId`, `iconId`, `iconOverlayId`, `iconUnderlayId`, `hookItemTypes`, `itemsCapacity`, `location`, `materialType`, `maxStackSize`, `maxStructure`, `radar`, `pscript`, `spellId`, `stackSize`, `structure`, `targetTypeId`, `usability`, `useRadius`, `validLocations`, `value`, `workmanship`, `animationFrameId`, `defaultScript`, `defaultScriptIntensity`, `elasticity`, `friction`, `locationId`, `modelTableId`, `objectScale`, `physicsBitField`, `physicsTableId`, `motionTableId`, `soundTableId`, `physicsState`, `translucency`)
VALUES (3631344932, 'Portal to Cragstone', 65536, 0, 0, 0, 262164, 0, 0, 0, 0, 0, 0, 8388656, 0, 100667499, 0, 0, 0, 0, 0, 0, 0, 0, 4, 0, 0, 0, 0, 0, 32, -0.1, 0, 0, 0, 0, 0, 0, 0, 0, 0, 33554867, 0, 98307, 0, 150994947, 0, 3084, 0);

INSERT INTO `ace_object` (`baseAceObjectId`, `weenieClassId`, `landblock`, `cell`, `posX`, `posY`, `posZ`, `qW`, `qX`, `qY`, `qZ`)
VALUES (3631344932, 42818, 12337, 24, 59.32364, 185.4133, 56.85434, 1, 0, 0, 0);

INSERT INTO `base_ace_object` (`baseAceObjectId`, `name`, `typeId`, `paletteId`, `ammoType`, `blipColor`, `bitField`, `burden`, `combatUse`, `cooldownDuration`, `cooldownId`, `effects`, `containersCapacity`, `header`, `hookTypeId`, `iconId`, `iconOverlayId`, `iconUnderlayId`, `hookItemTypes`, `itemsCapacity`, `location`, `materialType`, `maxStackSize`, `maxStructure`, `radar`, `pscript`, `spellId`, `stackSize`, `structure`, `targetTypeId`, `usability`, `useRadius`, `validLocations`, `value`, `workmanship`, `animationFrameId`, `defaultScript`, `defaultScriptIntensity`, `elasticity`, `friction`, `locationId`, `modelTableId`, `objectScale`, `physicsBitField`, `physicsTableId`, `motionTableId`, `soundTableId`, `physicsState`, `translucency`)
VALUES (3631162176, 'Mayoi Portal', 65536, 0, 0, 0, 262164, 0, 0, 0, 0, 0, 0, 8388656, 0, 100667499, 0, 0, 0, 0, 0, 0, 0, 0, 4, 0, 0, 0, 0, 0, 32, -0.1, 0, 0, 0, 0, 0, 0, 0, 0, 0, 33554867, 0, 98307, 0, 150994947, 0, 3084, 0);

INSERT INTO `ace_object` (`baseAceObjectId`, `weenieClassId`, `landblock`, `cell`, `posX`, `posY`, `posZ`, `qW`, `qX`, `qY`, `qZ`)
VALUES (3631162176, 42842, 11311, 5, 23.76202, 115.4174, 101.9172, 1, 0, 0, 0);

INSERT INTO `base_ace_object` (`baseAceObjectId`, `name`, `typeId`, `paletteId`, `ammoType`, `blipColor`, `bitField`, `burden`, `combatUse`, `cooldownDuration`, `cooldownId`, `effects`, `containersCapacity`, `header`, `hookTypeId`, `iconId`, `iconOverlayId`, `iconUnderlayId`, `hookItemTypes`, `itemsCapacity`, `location`, `materialType`, `maxStackSize`, `maxStructure`, `radar`, `pscript`, `spellId`, `stackSize`, `structure`, `targetTypeId`, `usability`, `useRadius`, `validLocations`, `value`, `workmanship`, `animationFrameId`, `defaultScript`, `defaultScriptIntensity`, `elasticity`, `friction`, `locationId`, `modelTableId`, `objectScale`, `physicsBitField`, `physicsTableId`, `motionTableId`, `soundTableId`, `physicsState`, `translucency`)
VALUES (2026123264, 'Masked Preface', 65536, 0, 0, 0, 262164, 0, 0, 0, 0, 0, 0, 8388656, 0, 100667499, 0, 0, 0, 0, 0, 0, 0, 0, 4, 0, 0, 0, 0, 0, 32, -0.1, 0, 0, 0, 0, 0, 0, 0, 0, 0, 33555924, 0, 98307, 0, 150994947, 0, 3084, 0);

INSERT INTO `ace_object` (`baseAceObjectId`, `weenieClassId`, `landblock`, `cell`, `posX`, `posY`, `posZ`, `qW`, `qX`, `qY`, `qZ`)
VALUES (2026123264, 51282, 35907, 51, 148.847, 55.8422, 11.937, 0.6036263, 0, 0, 0.7972674);

INSERT INTO `base_ace_object` (`baseAceObjectId`, `name`, `typeId`, `paletteId`, `ammoType`, `blipColor`, `bitField`, `burden`, `combatUse`, `cooldownDuration`, `cooldownId`, `effects`, `containersCapacity`, `header`, `hookTypeId`, `iconId`, `iconOverlayId`, `iconUnderlayId`, `hookItemTypes`, `itemsCapacity`, `location`, `materialType`, `maxStackSize`, `maxStructure`, `radar`, `pscript`, `spellId`, `stackSize`, `structure`, `targetTypeId`, `usability`, `useRadius`, `validLocations`, `value`, `workmanship`, `animationFrameId`, `defaultScript`, `defaultScriptIntensity`, `elasticity`, `friction`, `locationId`, `modelTableId`, `objectScale`, `physicsBitField`, `physicsTableId`, `motionTableId`, `soundTableId`, `physicsState`, `translucency`)
VALUES (1971765287, 'Surface', 65536, 0, 0, 0, 262164, 0, 0, 0, 0, 0, 0, 8388656, 0, 100667499, 0, 0, 0, 0, 0, 0, 0, 0, 4, 0, 0, 0, 0, 0, 32, -0.1, 0, 0, 0, 0, 0, 0, 0, 0, 0, 33554867, 0, 98307, 0, 150994947, 0, 3084, 0);

INSERT INTO `ace_object` (`baseAceObjectId`, `weenieClassId`, `landblock`, `cell`, `posX`, `posY`, `posZ`, `qW`, `qX`, `qY`, `qZ`)
VALUES (1971765287, 51283, 22636, 1012, 213.638, -330.316, -12.063, 0.7071068, 0, 0, -0.7071068);

INSERT INTO `base_ace_object` (`baseAceObjectId`, `name`, `typeId`, `paletteId`, `ammoType`, `blipColor`, `bitField`, `burden`, `combatUse`, `cooldownDuration`, `cooldownId`, `effects`, `containersCapacity`, `header`, `hookTypeId`, `iconId`, `iconOverlayId`, `iconUnderlayId`, `hookItemTypes`, `itemsCapacity`, `location`, `materialType`, `maxStackSize`, `maxStructure`, `radar`, `pscript`, `spellId`, `stackSize`, `structure`, `targetTypeId`, `usability`, `useRadius`, `validLocations`, `value`, `workmanship`, `animationFrameId`, `defaultScript`, `defaultScriptIntensity`, `elasticity`, `friction`, `locationId`, `modelTableId`, `objectScale`, `physicsBitField`, `physicsTableId`, `motionTableId`, `soundTableId`, `physicsState`, `translucency`)
VALUES (1971765286, 'Surface', 65536, 0, 0, 0, 262164, 0, 0, 0, 0, 0, 0, 8388656, 0, 100667499, 0, 0, 0, 0, 0, 0, 0, 0, 4, 0, 0, 0, 0, 0, 32, -0.1, 0, 0, 0, 0, 0, 0, 0, 0, 0, 33554867, 0, 98307, 0, 150994947, 0, 3084, 0);

INSERT INTO `ace_object` (`baseAceObjectId`, `weenieClassId`, `landblock`, `cell`, `posX`, `posY`, `posZ`, `qW`, `qX`, `qY`, `qZ`)
VALUES (1971765286, 51283, 22636, 999, 166.361, -329.709, -12.063, -0.7071068, 0, 0, -0.7071068);

INSERT INTO `base_ace_object` (`baseAceObjectId`, `name`, `typeId`, `paletteId`, `ammoType`, `blipColor`, `bitField`, `burden`, `combatUse`, `cooldownDuration`, `cooldownId`, `effects`, `containersCapacity`, `header`, `hookTypeId`, `iconId`, `iconOverlayId`, `iconUnderlayId`, `hookItemTypes`, `itemsCapacity`, `location`, `materialType`, `maxStackSize`, `maxStructure`, `radar`, `pscript`, `spellId`, `stackSize`, `structure`, `targetTypeId`, `usability`, `useRadius`, `validLocations`, `value`, `workmanship`, `animationFrameId`, `defaultScript`, `defaultScriptIntensity`, `elasticity`, `friction`, `locationId`, `modelTableId`, `objectScale`, `physicsBitField`, `physicsTableId`, `motionTableId`, `soundTableId`, `physicsState`, `translucency`)
VALUES (1971765257, 'Masked Preface', 65536, 0, 0, 0, 262164, 0, 0, 0, 0, 0, 0, 8388656, 0, 100667499, 0, 0, 0, 0, 0, 0, 0, 0, 4, 0, 0, 0, 0, 0, 32, -0.1, 0, 0, 0, 0, 0, 0, 0, 0, 0, 33555924, 0, 98307, 0, 150994947, 0, 3084, 0);

INSERT INTO `ace_object` (`baseAceObjectId`, `weenieClassId`, `landblock`, `cell`, `posX`, `posY`, `posZ`, `qW`, `qX`, `qY`, `qZ`)
VALUES (1971765257, 51282, 22636, 727, 327.191, -443.643, -36.063, 1, 0, 0, 0);

INSERT INTO `base_ace_object` (`baseAceObjectId`, `name`, `typeId`, `paletteId`, `ammoType`, `blipColor`, `bitField`, `burden`, `combatUse`, `cooldownDuration`, `cooldownId`, `effects`, `containersCapacity`, `header`, `hookTypeId`, `iconId`, `iconOverlayId`, `iconUnderlayId`, `hookItemTypes`, `itemsCapacity`, `location`, `materialType`, `maxStackSize`, `maxStructure`, `radar`, `pscript`, `spellId`, `stackSize`, `structure`, `targetTypeId`, `usability`, `useRadius`, `validLocations`, `value`, `workmanship`, `animationFrameId`, `defaultScript`, `defaultScriptIntensity`, `elasticity`, `friction`, `locationId`, `modelTableId`, `objectScale`, `physicsBitField`, `physicsTableId`, `motionTableId`, `soundTableId`, `physicsState`, `translucency`)
VALUES (1971765252, 'Masked Preface', 65536, 0, 0, 0, 262164, 0, 0, 0, 0, 0, 0, 8388656, 0, 100667499, 0, 0, 0, 0, 0, 0, 0, 0, 4, 0, 0, 0, 0, 0, 32, -0.1, 0, 0, 0, 0, 0, 0, 0, 0, 0, 33555924, 0, 98307, 0, 150994947, 0, 3084, 0);

INSERT INTO `ace_object` (`baseAceObjectId`, `weenieClassId`, `landblock`, `cell`, `posX`, `posY`, `posZ`, `qW`, `qX`, `qY`, `qZ`)
VALUES (1971765252, 51282, 22636, 261, 12.776, -296.357, -42.063, 1, 0, 0, 0);

INSERT INTO `base_ace_object` (`baseAceObjectId`, `name`, `typeId`, `paletteId`, `ammoType`, `blipColor`, `bitField`, `burden`, `combatUse`, `cooldownDuration`, `cooldownId`, `effects`, `containersCapacity`, `header`, `hookTypeId`, `iconId`, `iconOverlayId`, `iconUnderlayId`, `hookItemTypes`, `itemsCapacity`, `location`, `materialType`, `maxStackSize`, `maxStructure`, `radar`, `pscript`, `spellId`, `stackSize`, `structure`, `targetTypeId`, `usability`, `useRadius`, `validLocations`, `value`, `workmanship`, `animationFrameId`, `defaultScript`, `defaultScriptIntensity`, `elasticity`, `friction`, `locationId`, `modelTableId`, `objectScale`, `physicsBitField`, `physicsTableId`, `motionTableId`, `soundTableId`, `physicsState`, `translucency`)
VALUES (1971765253, 'Portal', 65536, 0, 0, 0, 262164, 0, 0, 0, 0, 0, 0, 8388656, 0, 100667499, 0, 0, 0, 0, 0, 0, 0, 0, 4, 0, 0, 0, 0, 0, 32, -0.1, 0, 0, 0, 0, 0, 0, 0, 0, 0, 33556212, 0, 98307, 0, 150994947, 0, 3084, 0);

INSERT INTO `ace_object` (`baseAceObjectId`, `weenieClassId`, `landblock`, `cell`, `posX`, `posY`, `posZ`, `qW`, `qX`, `qY`, `qZ`)
VALUES (1971765253, 51296, 22636, 433, 98.9314, -106.357, -36.063, 1, 0, 0, 0);

INSERT INTO `base_ace_object` (`baseAceObjectId`, `name`, `typeId`, `paletteId`, `ammoType`, `blipColor`, `bitField`, `burden`, `combatUse`, `cooldownDuration`, `cooldownId`, `effects`, `containersCapacity`, `header`, `hookTypeId`, `iconId`, `iconOverlayId`, `iconUnderlayId`, `hookItemTypes`, `itemsCapacity`, `location`, `materialType`, `maxStackSize`, `maxStructure`, `radar`, `pscript`, `spellId`, `stackSize`, `structure`, `targetTypeId`, `usability`, `useRadius`, `validLocations`, `value`, `workmanship`, `animationFrameId`, `defaultScript`, `defaultScriptIntensity`, `elasticity`, `friction`, `locationId`, `modelTableId`, `objectScale`, `physicsBitField`, `physicsTableId`, `motionTableId`, `soundTableId`, `physicsState`, `translucency`)
VALUES (1971765256, 'Surface', 65536, 0, 0, 0, 262164, 0, 0, 0, 0, 0, 0, 8388656, 0, 100667499, 0, 0, 0, 0, 0, 0, 0, 0, 4, 0, 0, 0, 0, 0, 32, -0.1, 0, 0, 0, 0, 0, 0, 0, 0, 0, 33554867, 0, 98307, 0, 150994947, 0, 3084, 0);

INSERT INTO `ace_object` (`baseAceObjectId`, `weenieClassId`, `landblock`, `cell`, `posX`, `posY`, `posZ`, `qW`, `qX`, `qY`, `qZ`)
VALUES (1971765256, 51283, 22636, 494, 131.156, -33.643, -36.063, 1, 0, 0, -4.37114E-08);

INSERT INTO `base_ace_object` (`baseAceObjectId`, `name`, `typeId`, `paletteId`, `ammoType`, `blipColor`, `bitField`, `burden`, `combatUse`, `cooldownDuration`, `cooldownId`, `effects`, `containersCapacity`, `header`, `hookTypeId`, `iconId`, `iconOverlayId`, `iconUnderlayId`, `hookItemTypes`, `itemsCapacity`, `location`, `materialType`, `maxStackSize`, `maxStructure`, `radar`, `pscript`, `spellId`, `stackSize`, `structure`, `targetTypeId`, `usability`, `useRadius`, `validLocations`, `value`, `workmanship`, `animationFrameId`, `defaultScript`, `defaultScriptIntensity`, `elasticity`, `friction`, `locationId`, `modelTableId`, `objectScale`, `physicsBitField`, `physicsTableId`, `motionTableId`, `soundTableId`, `physicsState`, `translucency`)
VALUES (2931784948, 'Humming Crystal Portal', 65536, 67109370, 0, 0, 262164, 0, 0, 0, 0, 0, 0, 8388656, 0, 100667499, 0, 0, 0, 0, 0, 0, 0, 0, 4, 0, 0, 0, 0, 0, 32, -0.1, 0, 0, 0, 0, 0, 0, 0, 0, 0, 33554867, 0, 98307, 0, 150994947, 0, 3084, 0);

INSERT INTO `ace_object` (`baseAceObjectId`, `weenieClassId`, `landblock`, `cell`, `posX`, `posY`, `posZ`, `qW`, `qX`, `qY`, `qZ`)
VALUES (2931784948, 9071, 33726, 37, 107.6008, 102.3579, 106.9301, -0.5299283, 0, 0, -0.8480425);

INSERT INTO `ace_object_palette_changes` (`baseAceObjectId`, `subPaletteId`, `offset`, `length`)
VALUES (2931784948, 67111849, 8, 2040);

INSERT INTO `base_ace_object` (`baseAceObjectId`, `name`, `typeId`, `paletteId`, `ammoType`, `blipColor`, `bitField`, `burden`, `combatUse`, `cooldownDuration`, `cooldownId`, `effects`, `containersCapacity`, `header`, `hookTypeId`, `iconId`, `iconOverlayId`, `iconUnderlayId`, `hookItemTypes`, `itemsCapacity`, `location`, `materialType`, `maxStackSize`, `maxStructure`, `radar`, `pscript`, `spellId`, `stackSize`, `structure`, `targetTypeId`, `usability`, `useRadius`, `validLocations`, `value`, `workmanship`, `animationFrameId`, `defaultScript`, `defaultScriptIntensity`, `elasticity`, `friction`, `locationId`, `modelTableId`, `objectScale`, `physicsBitField`, `physicsTableId`, `motionTableId`, `soundTableId`, `physicsState`, `translucency`)
VALUES (2017300480, 'Viamontian Esper Mine', 65536, 0, 0, 0, 262164, 0, 0, 0, 0, 0, 0, 8388656, 0, 100667499, 0, 0, 0, 0, 0, 0, 0, 0, 4, 0, 0, 0, 0, 0, 32, -0.1, 0, 0, 0, 0, 0, 0, 0, 0, 0, 33555925, 0, 98307, 0, 150994947, 0, 3084, 0);

INSERT INTO `ace_object` (`baseAceObjectId`, `weenieClassId`, `landblock`, `cell`, `posX`, `posY`, `posZ`, `qW`, `qX`, `qY`, `qZ`)
VALUES (2017300480, 32623, 33753, 14, 42, 131.4, 221.187, -0.3355999, 0, 0, -0.9420046);

INSERT INTO `base_ace_object` (`baseAceObjectId`, `name`, `typeId`, `paletteId`, `ammoType`, `blipColor`, `bitField`, `burden`, `combatUse`, `cooldownDuration`, `cooldownId`, `effects`, `containersCapacity`, `header`, `hookTypeId`, `iconId`, `iconOverlayId`, `iconUnderlayId`, `hookItemTypes`, `itemsCapacity`, `location`, `materialType`, `maxStackSize`, `maxStructure`, `radar`, `pscript`, `spellId`, `stackSize`, `structure`, `targetTypeId`, `usability`, `useRadius`, `validLocations`, `value`, `workmanship`, `animationFrameId`, `defaultScript`, `defaultScriptIntensity`, `elasticity`, `friction`, `locationId`, `modelTableId`, `objectScale`, `physicsBitField`, `physicsTableId`, `motionTableId`, `soundTableId`, `physicsState`, `translucency`)
VALUES (1881116676, 'Outside Accursed Halls Portal', 65536, 0, 0, 0, 262164, 0, 0, 0, 0, 0, 0, 8388656, 0, 100667499, 0, 0, 0, 0, 0, 0, 0, 0, 4, 0, 0, 0, 0, 0, 32, -0.1, 0, 0, 0, 0, 0, 0, 0, 0, 0, 33554867, 0, 98307, 0, 150994947, 0, 3084, 0);

INSERT INTO `ace_object` (`baseAceObjectId`, `weenieClassId`, `landblock`, `cell`, `posX`, `posY`, `posZ`, `qW`, `qX`, `qY`, `qZ`)
VALUES (1881116676, 1087, 505, 268, 20, -140, -18.063, 1, 0, 0, 0);

INSERT INTO `base_ace_object` (`baseAceObjectId`, `name`, `typeId`, `paletteId`, `ammoType`, `blipColor`, `bitField`, `burden`, `combatUse`, `cooldownDuration`, `cooldownId`, `effects`, `containersCapacity`, `header`, `hookTypeId`, `iconId`, `iconOverlayId`, `iconUnderlayId`, `hookItemTypes`, `itemsCapacity`, `location`, `materialType`, `maxStackSize`, `maxStructure`, `radar`, `pscript`, `spellId`, `stackSize`, `structure`, `targetTypeId`, `usability`, `useRadius`, `validLocations`, `value`, `workmanship`, `animationFrameId`, `defaultScript`, `defaultScriptIntensity`, `elasticity`, `friction`, `locationId`, `modelTableId`, `objectScale`, `physicsBitField`, `physicsTableId`, `motionTableId`, `soundTableId`, `physicsState`, `translucency`)
VALUES (2085146624, 'A Ruin', 65536, 0, 0, 0, 262164, 0, 0, 0, 0, 0, 0, 8388656, 0, 100667499, 0, 0, 0, 0, 0, 0, 0, 0, 4, 0, 0, 0, 0, 0, 32, -0.1, 0, 0, 0, 0, 0, 0, 0, 0, 0, 33554867, 0, 98307, 0, 150994947, 0, 3084, 0);

INSERT INTO `ace_object` (`baseAceObjectId`, `weenieClassId`, `landblock`, `cell`, `posX`, `posY`, `posZ`, `qW`, `qX`, `qY`, `qZ`)
VALUES (2085146624, 2067, 50317, 15, 45.2677, 154.041, 15.70931, 0.4642929, 0, 0, 0.8856817);

INSERT INTO `base_ace_object` (`baseAceObjectId`, `name`, `typeId`, `paletteId`, `ammoType`, `blipColor`, `bitField`, `burden`, `combatUse`, `cooldownDuration`, `cooldownId`, `effects`, `containersCapacity`, `header`, `hookTypeId`, `iconId`, `iconOverlayId`, `iconUnderlayId`, `hookItemTypes`, `itemsCapacity`, `location`, `materialType`, `maxStackSize`, `maxStructure`, `radar`, `pscript`, `spellId`, `stackSize`, `structure`, `targetTypeId`, `usability`, `useRadius`, `validLocations`, `value`, `workmanship`, `animationFrameId`, `defaultScript`, `defaultScriptIntensity`, `elasticity`, `friction`, `locationId`, `modelTableId`, `objectScale`, `physicsBitField`, `physicsTableId`, `motionTableId`, `soundTableId`, `physicsState`, `translucency`)
VALUES (1974747482, 'Exit to Olthoi Arcade North', 65536, 0, 0, 0, 262164, 0, 0, 0, 0, 0, 0, 8388656, 0, 100667499, 0, 0, 0, 0, 0, 0, 0, 0, 4, 0, 0, 0, 0, 0, 32, -0.1, 0, 0, 0, 0, 0, 0, 0, 0, 0, 33554867, 0, 98307, 0, 150994947, 0, 3084, 0);

INSERT INTO `ace_object` (`baseAceObjectId`, `weenieClassId`, `landblock`, `cell`, `posX`, `posY`, `posZ`, `qW`, `qX`, `qY`, `qZ`)
VALUES (1974747482, 22190, 23364, 889, 30, -6.374, -12.063, 1, 0, 0, -4.37114E-08);

INSERT INTO `base_ace_object` (`baseAceObjectId`, `name`, `typeId`, `paletteId`, `ammoType`, `blipColor`, `bitField`, `burden`, `combatUse`, `cooldownDuration`, `cooldownId`, `effects`, `containersCapacity`, `header`, `hookTypeId`, `iconId`, `iconOverlayId`, `iconUnderlayId`, `hookItemTypes`, `itemsCapacity`, `location`, `materialType`, `maxStackSize`, `maxStructure`, `radar`, `pscript`, `spellId`, `stackSize`, `structure`, `targetTypeId`, `usability`, `useRadius`, `validLocations`, `value`, `workmanship`, `animationFrameId`, `defaultScript`, `defaultScriptIntensity`, `elasticity`, `friction`, `locationId`, `modelTableId`, `objectScale`, `physicsBitField`, `physicsTableId`, `motionTableId`, `soundTableId`, `physicsState`, `translucency`)
VALUES (1974747483, 'Olthoi Arcade', 65536, 0, 0, 0, 262164, 0, 0, 0, 0, 0, 0, 8388656, 0, 100667499, 0, 0, 0, 0, 0, 0, 0, 0, 4, 0, 0, 0, 0, 0, 32, -0.1, 0, 0, 0, 0, 0, 0, 0, 0, 0, 33554867, 0, 98307, 0, 150994947, 0, 3084, 0);

INSERT INTO `ace_object` (`baseAceObjectId`, `weenieClassId`, `landblock`, `cell`, `posX`, `posY`, `posZ`, `qW`, `qX`, `qY`, `qZ`)
VALUES (1974747483, 22191, 23364, 315, 130.089, -495.744, -48.063, 0.012538, 0, 0, 0.9999214);

INSERT INTO `base_ace_object` (`baseAceObjectId`, `name`, `typeId`, `paletteId`, `ammoType`, `blipColor`, `bitField`, `burden`, `combatUse`, `cooldownDuration`, `cooldownId`, `effects`, `containersCapacity`, `header`, `hookTypeId`, `iconId`, `iconOverlayId`, `iconUnderlayId`, `hookItemTypes`, `itemsCapacity`, `location`, `materialType`, `maxStackSize`, `maxStructure`, `radar`, `pscript`, `spellId`, `stackSize`, `structure`, `targetTypeId`, `usability`, `useRadius`, `validLocations`, `value`, `workmanship`, `animationFrameId`, `defaultScript`, `defaultScriptIntensity`, `elasticity`, `friction`, `locationId`, `modelTableId`, `objectScale`, `physicsBitField`, `physicsTableId`, `motionTableId`, `soundTableId`, `physicsState`, `translucency`)
VALUES (1976864923, 'Central Olthoi Arcade', 65536, 0, 0, 0, 262164, 0, 0, 0, 0, 0, 0, 8388656, 0, 100667499, 0, 0, 0, 0, 0, 0, 0, 0, 4, 0, 0, 0, 0, 0, 32, -0.1, 0, 0, 0, 0, 0, 0, 0, 0, 0, 33554867, 0, 98307, 0, 150994947, 0, 3084, 0);

INSERT INTO `ace_object` (`baseAceObjectId`, `weenieClassId`, `landblock`, `cell`, `posX`, `posY`, `posZ`, `qW`, `qX`, `qY`, `qZ`)
VALUES (1976864923, 22192, 23881, 333, 90.196, 3.6267, -0.06299996, -0.9998268, 0, 0, -0.0186082);

INSERT INTO `base_ace_object` (`baseAceObjectId`, `name`, `typeId`, `paletteId`, `ammoType`, `blipColor`, `bitField`, `burden`, `combatUse`, `cooldownDuration`, `cooldownId`, `effects`, `containersCapacity`, `header`, `hookTypeId`, `iconId`, `iconOverlayId`, `iconUnderlayId`, `hookItemTypes`, `itemsCapacity`, `location`, `materialType`, `maxStackSize`, `maxStructure`, `radar`, `pscript`, `spellId`, `stackSize`, `structure`, `targetTypeId`, `usability`, `useRadius`, `validLocations`, `value`, `workmanship`, `animationFrameId`, `defaultScript`, `defaultScriptIntensity`, `elasticity`, `friction`, `locationId`, `modelTableId`, `objectScale`, `physicsBitField`, `physicsTableId`, `motionTableId`, `soundTableId`, `physicsState`, `translucency`)
VALUES (1976864924, 'Exit to the Surface', 65536, 0, 0, 0, 262164, 0, 0, 0, 0, 0, 0, 8388656, 0, 100667499, 0, 0, 0, 0, 0, 0, 0, 0, 4, 0, 0, 0, 0, 0, 32, -0.1, 0, 0, 0, 0, 0, 0, 0, 0, 0, 33554867, 0, 98307, 0, 150994947, 0, 3084, 0);

INSERT INTO `ace_object` (`baseAceObjectId`, `weenieClassId`, `landblock`, `cell`, `posX`, `posY`, `posZ`, `qW`, `qX`, `qY`, `qZ`)
VALUES (1976864924, 22193, 23881, 902, 259.993, -656.347, 47.937, 0.006034948, 0, 0, -0.9999818);

INSERT INTO `base_ace_object` (`baseAceObjectId`, `name`, `typeId`, `paletteId`, `ammoType`, `blipColor`, `bitField`, `burden`, `combatUse`, `cooldownDuration`, `cooldownId`, `effects`, `containersCapacity`, `header`, `hookTypeId`, `iconId`, `iconOverlayId`, `iconUnderlayId`, `hookItemTypes`, `itemsCapacity`, `location`, `materialType`, `maxStackSize`, `maxStructure`, `radar`, `pscript`, `spellId`, `stackSize`, `structure`, `targetTypeId`, `usability`, `useRadius`, `validLocations`, `value`, `workmanship`, `animationFrameId`, `defaultScript`, `defaultScriptIntensity`, `elasticity`, `friction`, `locationId`, `modelTableId`, `objectScale`, `physicsBitField`, `physicsTableId`, `motionTableId`, `soundTableId`, `physicsState`, `translucency`)
VALUES (1978953733, 'Surface Portal', 65536, 0, 0, 0, 262164, 0, 0, 0, 0, 0, 0, 8388656, 0, 100667499, 0, 0, 0, 0, 0, 0, 0, 0, 4, 0, 0, 0, 0, 0, 32, -0.1, 0, 0, 0, 0, 0, 0, 0, 0, 0, 33554867, 0, 98307, 0, 150994947, 0, 3084, 0);

INSERT INTO `ace_object` (`baseAceObjectId`, `weenieClassId`, `landblock`, `cell`, `posX`, `posY`, `posZ`, `qW`, `qX`, `qY`, `qZ`)
VALUES (1978953733, 25606, 24391, 259, 59.5117, -300.2, -48.063, -0.9478079, 0, 0, -0.318842);

INSERT INTO `base_ace_object` (`baseAceObjectId`, `name`, `typeId`, `paletteId`, `ammoType`, `blipColor`, `bitField`, `burden`, `combatUse`, `cooldownDuration`, `cooldownId`, `effects`, `containersCapacity`, `header`, `hookTypeId`, `iconId`, `iconOverlayId`, `iconUnderlayId`, `hookItemTypes`, `itemsCapacity`, `location`, `materialType`, `maxStackSize`, `maxStructure`, `radar`, `pscript`, `spellId`, `stackSize`, `structure`, `targetTypeId`, `usability`, `useRadius`, `validLocations`, `value`, `workmanship`, `animationFrameId`, `defaultScript`, `defaultScriptIntensity`, `elasticity`, `friction`, `locationId`, `modelTableId`, `objectScale`, `physicsBitField`, `physicsTableId`, `motionTableId`, `soundTableId`, `physicsState`, `translucency`)
VALUES (1978953754, 'Surface Portal', 65536, 0, 0, 0, 262164, 0, 0, 0, 0, 0, 0, 8388656, 0, 100667499, 0, 0, 0, 0, 0, 0, 0, 0, 4, 0, 0, 0, 0, 0, 32, -0.1, 0, 0, 0, 0, 0, 0, 0, 0, 0, 33554867, 0, 98307, 0, 150994947, 0, 3084, 0);

INSERT INTO `ace_object` (`baseAceObjectId`, `weenieClassId`, `landblock`, `cell`, `posX`, `posY`, `posZ`, `qW`, `qX`, `qY`, `qZ`)
VALUES (1978953754, 25606, 24391, 271, 339.499, -230.502, -48.063, 0.9832686, 0, 0, 0.1821619);

INSERT INTO `base_ace_object` (`baseAceObjectId`, `name`, `typeId`, `paletteId`, `ammoType`, `blipColor`, `bitField`, `burden`, `combatUse`, `cooldownDuration`, `cooldownId`, `effects`, `containersCapacity`, `header`, `hookTypeId`, `iconId`, `iconOverlayId`, `iconUnderlayId`, `hookItemTypes`, `itemsCapacity`, `location`, `materialType`, `maxStackSize`, `maxStructure`, `radar`, `pscript`, `spellId`, `stackSize`, `structure`, `targetTypeId`, `usability`, `useRadius`, `validLocations`, `value`, `workmanship`, `animationFrameId`, `defaultScript`, `defaultScriptIntensity`, `elasticity`, `friction`, `locationId`, `modelTableId`, `objectScale`, `physicsBitField`, `physicsTableId`, `motionTableId`, `soundTableId`, `physicsState`, `translucency`)
VALUES (1978953747, 'Surface Portal', 65536, 0, 0, 0, 262164, 0, 0, 0, 0, 0, 0, 8388656, 0, 100667499, 0, 0, 0, 0, 0, 0, 0, 0, 4, 0, 0, 0, 0, 0, 32, -0.1, 0, 0, 0, 0, 0, 0, 0, 0, 0, 33554867, 0, 98307, 0, 150994947, 0, 3084, 0);

INSERT INTO `ace_object` (`baseAceObjectId`, `weenieClassId`, `landblock`, `cell`, `posX`, `posY`, `posZ`, `qW`, `qX`, `qY`, `qZ`)
VALUES (1978953747, 25606, 24391, 267, 289.374, -90.0271, -48.063, -0.9654023, 0, 0, -0.2607651);

INSERT INTO `base_ace_object` (`baseAceObjectId`, `name`, `typeId`, `paletteId`, `ammoType`, `blipColor`, `bitField`, `burden`, `combatUse`, `cooldownDuration`, `cooldownId`, `effects`, `containersCapacity`, `header`, `hookTypeId`, `iconId`, `iconOverlayId`, `iconUnderlayId`, `hookItemTypes`, `itemsCapacity`, `location`, `materialType`, `maxStackSize`, `maxStructure`, `radar`, `pscript`, `spellId`, `stackSize`, `structure`, `targetTypeId`, `usability`, `useRadius`, `validLocations`, `value`, `workmanship`, `animationFrameId`, `defaultScript`, `defaultScriptIntensity`, `elasticity`, `friction`, `locationId`, `modelTableId`, `objectScale`, `physicsBitField`, `physicsTableId`, `motionTableId`, `soundTableId`, `physicsState`, `translucency`)
VALUES (1978953742, 'Surface Portal', 65536, 0, 0, 0, 262164, 0, 0, 0, 0, 0, 0, 8388656, 0, 100667499, 0, 0, 0, 0, 0, 0, 0, 0, 4, 0, 0, 0, 0, 0, 32, -0.1, 0, 0, 0, 0, 0, 0, 0, 0, 0, 33554867, 0, 98307, 0, 150994947, 0, 3084, 0);

INSERT INTO `ace_object` (`baseAceObjectId`, `weenieClassId`, `landblock`, `cell`, `posX`, `posY`, `posZ`, `qW`, `qX`, `qY`, `qZ`)
VALUES (1978953742, 25606, 24391, 263, 89.1081, -50.2979, -48.063, -0.9902387, 0, 0, -0.139382);

INSERT INTO `base_ace_object` (`baseAceObjectId`, `name`, `typeId`, `paletteId`, `ammoType`, `blipColor`, `bitField`, `burden`, `combatUse`, `cooldownDuration`, `cooldownId`, `effects`, `containersCapacity`, `header`, `hookTypeId`, `iconId`, `iconOverlayId`, `iconUnderlayId`, `hookItemTypes`, `itemsCapacity`, `location`, `materialType`, `maxStackSize`, `maxStructure`, `radar`, `pscript`, `spellId`, `stackSize`, `structure`, `targetTypeId`, `usability`, `useRadius`, `validLocations`, `value`, `workmanship`, `animationFrameId`, `defaultScript`, `defaultScriptIntensity`, `elasticity`, `friction`, `locationId`, `modelTableId`, `objectScale`, `physicsBitField`, `physicsTableId`, `motionTableId`, `soundTableId`, `physicsState`, `translucency`)
VALUES (1880338438, 'Surface Portal', 65536, 0, 0, 0, 262164, 0, 0, 0, 0, 0, 0, 8388656, 0, 100667499, 0, 0, 0, 0, 0, 0, 0, 0, 4, 0, 0, 0, 0, 0, 32, -0.1, 0, 0, 0, 0, 0, 0, 0, 0, 0, 33554867, 0, 98307, 0, 150994947, 0, 3084, 0);

INSERT INTO `ace_object` (`baseAceObjectId`, `weenieClassId`, `landblock`, `cell`, `posX`, `posY`, `posZ`, `qW`, `qX`, `qY`, `qZ`)
VALUES (1880338438, 5607, 315, 278, 163.171, -20.2565, -78.063, -0.7071068, 0, 0, -0.7071068);

INSERT INTO `base_ace_object` (`baseAceObjectId`, `name`, `typeId`, `paletteId`, `ammoType`, `blipColor`, `bitField`, `burden`, `combatUse`, `cooldownDuration`, `cooldownId`, `effects`, `containersCapacity`, `header`, `hookTypeId`, `iconId`, `iconOverlayId`, `iconUnderlayId`, `hookItemTypes`, `itemsCapacity`, `location`, `materialType`, `maxStackSize`, `maxStructure`, `radar`, `pscript`, `spellId`, `stackSize`, `structure`, `targetTypeId`, `usability`, `useRadius`, `validLocations`, `value`, `workmanship`, `animationFrameId`, `defaultScript`, `defaultScriptIntensity`, `elasticity`, `friction`, `locationId`, `modelTableId`, `objectScale`, `physicsBitField`, `physicsTableId`, `motionTableId`, `soundTableId`, `physicsState`, `translucency`)
VALUES (1879904617, 'Surface', 65536, 0, 0, 0, 262164, 0, 0, 0, 0, 0, 0, 8388656, 0, 100667499, 0, 0, 0, 0, 0, 0, 0, 0, 4, 0, 0, 0, 0, 0, 32, -0.1, 0, 0, 0, 0, 0, 0, 0, 0, 0, 33554867, 0, 98307, 0, 150994947, 0, 3084, 0);

INSERT INTO `ace_object` (`baseAceObjectId`, `weenieClassId`, `landblock`, `cell`, `posX`, `posY`, `posZ`, `qW`, `qX`, `qY`, `qZ`)
VALUES (1879904617, 33986, 209, 3330, 53.835, -180, -6.063, -0.7071068, 0, 0, -0.7071068);

INSERT INTO `base_ace_object` (`baseAceObjectId`, `name`, `typeId`, `paletteId`, `ammoType`, `blipColor`, `bitField`, `burden`, `combatUse`, `cooldownDuration`, `cooldownId`, `effects`, `containersCapacity`, `header`, `hookTypeId`, `iconId`, `iconOverlayId`, `iconUnderlayId`, `hookItemTypes`, `itemsCapacity`, `location`, `materialType`, `maxStackSize`, `maxStructure`, `radar`, `pscript`, `spellId`, `stackSize`, `structure`, `targetTypeId`, `usability`, `useRadius`, `validLocations`, `value`, `workmanship`, `animationFrameId`, `defaultScript`, `defaultScriptIntensity`, `elasticity`, `friction`, `locationId`, `modelTableId`, `objectScale`, `physicsBitField`, `physicsTableId`, `motionTableId`, `soundTableId`, `physicsState`, `translucency`)
VALUES (1879904619, 'Surface', 65536, 0, 0, 0, 262164, 0, 0, 0, 0, 0, 0, 8388656, 0, 100667499, 0, 0, 0, 0, 0, 0, 0, 0, 4, 0, 0, 0, 0, 0, 32, -0.1, 0, 0, 0, 0, 0, 0, 0, 0, 0, 33554867, 0, 98307, 0, 150994947, 0, 3084, 0);

INSERT INTO `ace_object` (`baseAceObjectId`, `weenieClassId`, `landblock`, `cell`, `posX`, `posY`, `posZ`, `qW`, `qX`, `qY`, `qZ`)
VALUES (1879904619, 33986, 209, 3887, 185.535, -10, -6.063, 0.7071068, 0, 0, -0.7071068);

INSERT INTO `base_ace_object` (`baseAceObjectId`, `name`, `typeId`, `paletteId`, `ammoType`, `blipColor`, `bitField`, `burden`, `combatUse`, `cooldownDuration`, `cooldownId`, `effects`, `containersCapacity`, `header`, `hookTypeId`, `iconId`, `iconOverlayId`, `iconUnderlayId`, `hookItemTypes`, `itemsCapacity`, `location`, `materialType`, `maxStackSize`, `maxStructure`, `radar`, `pscript`, `spellId`, `stackSize`, `structure`, `targetTypeId`, `usability`, `useRadius`, `validLocations`, `value`, `workmanship`, `animationFrameId`, `defaultScript`, `defaultScriptIntensity`, `elasticity`, `friction`, `locationId`, `modelTableId`, `objectScale`, `physicsBitField`, `physicsTableId`, `motionTableId`, `soundTableId`, `physicsState`, `translucency`)
VALUES (1879904374, 'Deeper Caves', 65536, 0, 0, 0, 262164, 0, 0, 0, 0, 0, 0, 8388656, 0, 100667499, 0, 0, 0, 0, 0, 0, 0, 0, 4, 0, 0, 0, 0, 0, 32, -0.1, 0, 0, 0, 0, 0, 0, 0, 0, 0, 33555925, 0, 98307, 0, 150994947, 0, 3084, 0);

INSERT INTO `ace_object` (`baseAceObjectId`, `weenieClassId`, `landblock`, `cell`, `posX`, `posY`, `posZ`, `qW`, `qX`, `qY`, `qZ`)
VALUES (1879904374, 34019, 209, 4280, 292.891, -36.917, -6.063, 0.9238793, 0, 0, -0.3826841);

INSERT INTO `base_ace_object` (`baseAceObjectId`, `name`, `typeId`, `paletteId`, `ammoType`, `blipColor`, `bitField`, `burden`, `combatUse`, `cooldownDuration`, `cooldownId`, `effects`, `containersCapacity`, `header`, `hookTypeId`, `iconId`, `iconOverlayId`, `iconUnderlayId`, `hookItemTypes`, `itemsCapacity`, `location`, `materialType`, `maxStackSize`, `maxStructure`, `radar`, `pscript`, `spellId`, `stackSize`, `structure`, `targetTypeId`, `usability`, `useRadius`, `validLocations`, `value`, `workmanship`, `animationFrameId`, `defaultScript`, `defaultScriptIntensity`, `elasticity`, `friction`, `locationId`, `modelTableId`, `objectScale`, `physicsBitField`, `physicsTableId`, `motionTableId`, `soundTableId`, `physicsState`, `translucency`)
VALUES (1879904544, 'Surface', 65536, 0, 0, 0, 262164, 0, 0, 0, 0, 0, 0, 8388656, 0, 100667499, 0, 0, 0, 0, 0, 0, 0, 0, 4, 0, 0, 0, 0, 0, 32, -0.1, 0, 0, 0, 0, 0, 0, 0, 0, 0, 33554867, 0, 98307, 0, 150994947, 0, 3084, 0);

INSERT INTO `ace_object` (`baseAceObjectId`, `weenieClassId`, `landblock`, `cell`, `posX`, `posY`, `posZ`, `qW`, `qX`, `qY`, `qZ`)
VALUES (1879904544, 33986, 209, 2298, 134.167, -100, -18.063, -0.7071068, 0, 0, -0.7071068);

INSERT INTO `base_ace_object` (`baseAceObjectId`, `name`, `typeId`, `paletteId`, `ammoType`, `blipColor`, `bitField`, `burden`, `combatUse`, `cooldownDuration`, `cooldownId`, `effects`, `containersCapacity`, `header`, `hookTypeId`, `iconId`, `iconOverlayId`, `iconUnderlayId`, `hookItemTypes`, `itemsCapacity`, `location`, `materialType`, `maxStackSize`, `maxStructure`, `radar`, `pscript`, `spellId`, `stackSize`, `structure`, `targetTypeId`, `usability`, `useRadius`, `validLocations`, `value`, `workmanship`, `animationFrameId`, `defaultScript`, `defaultScriptIntensity`, `elasticity`, `friction`, `locationId`, `modelTableId`, `objectScale`, `physicsBitField`, `physicsTableId`, `motionTableId`, `soundTableId`, `physicsState`, `translucency`)
VALUES (1879904513, 'Surface', 65536, 0, 0, 0, 262164, 0, 0, 0, 0, 0, 0, 8388656, 0, 100667499, 0, 0, 0, 0, 0, 0, 0, 0, 4, 0, 0, 0, 0, 0, 32, -0.1, 0, 0, 0, 0, 0, 0, 0, 0, 0, 33554867, 0, 98307, 0, 150994947, 0, 3084, 0);

INSERT INTO `ace_object` (`baseAceObjectId`, `weenieClassId`, `landblock`, `cell`, `posX`, `posY`, `posZ`, `qW`, `qX`, `qY`, `qZ`)
VALUES (1879904513, 33986, 209, 1968, 84.422, -30, -18.063, -0.7071068, 0, 0, -0.7071068);

INSERT INTO `base_ace_object` (`baseAceObjectId`, `name`, `typeId`, `paletteId`, `ammoType`, `blipColor`, `bitField`, `burden`, `combatUse`, `cooldownDuration`, `cooldownId`, `effects`, `containersCapacity`, `header`, `hookTypeId`, `iconId`, `iconOverlayId`, `iconUnderlayId`, `hookItemTypes`, `itemsCapacity`, `location`, `materialType`, `maxStackSize`, `maxStructure`, `radar`, `pscript`, `spellId`, `stackSize`, `structure`, `targetTypeId`, `usability`, `useRadius`, `validLocations`, `value`, `workmanship`, `animationFrameId`, `defaultScript`, `defaultScriptIntensity`, `elasticity`, `friction`, `locationId`, `modelTableId`, `objectScale`, `physicsBitField`, `physicsTableId`, `motionTableId`, `soundTableId`, `physicsState`, `translucency`)
VALUES (1879904602, 'Surface', 65536, 0, 0, 0, 262164, 0, 0, 0, 0, 0, 0, 8388656, 0, 100667499, 0, 0, 0, 0, 0, 0, 0, 0, 4, 0, 0, 0, 0, 0, 32, -0.1, 0, 0, 0, 0, 0, 0, 0, 0, 0, 33554867, 0, 98307, 0, 150994947, 0, 3084, 0);

INSERT INTO `ace_object` (`baseAceObjectId`, `weenieClassId`, `landblock`, `cell`, `posX`, `posY`, `posZ`, `qW`, `qX`, `qY`, `qZ`)
VALUES (1879904602, 33986, 209, 3037, 255.885, -250, -18.063, 0.7071068, 0, 0, -0.7071068);

INSERT INTO `base_ace_object` (`baseAceObjectId`, `name`, `typeId`, `paletteId`, `ammoType`, `blipColor`, `bitField`, `burden`, `combatUse`, `cooldownDuration`, `cooldownId`, `effects`, `containersCapacity`, `header`, `hookTypeId`, `iconId`, `iconOverlayId`, `iconUnderlayId`, `hookItemTypes`, `itemsCapacity`, `location`, `materialType`, `maxStackSize`, `maxStructure`, `radar`, `pscript`, `spellId`, `stackSize`, `structure`, `targetTypeId`, `usability`, `useRadius`, `validLocations`, `value`, `workmanship`, `animationFrameId`, `defaultScript`, `defaultScriptIntensity`, `elasticity`, `friction`, `locationId`, `modelTableId`, `objectScale`, `physicsBitField`, `physicsTableId`, `motionTableId`, `soundTableId`, `physicsState`, `translucency`)
VALUES (1879904282, 'Deepest Caves', 65536, 0, 0, 0, 262164, 0, 0, 0, 0, 0, 0, 8388656, 0, 100667499, 0, 0, 0, 0, 0, 0, 0, 0, 4, 0, 0, 0, 0, 0, 32, -0.1, 0, 0, 0, 0, 0, 0, 0, 0, 0, 33555925, 0, 98307, 0, 150994947, 0, 3084, 0);

INSERT INTO `ace_object` (`baseAceObjectId`, `weenieClassId`, `landblock`, `cell`, `posX`, `posY`, `posZ`, `qW`, `qX`, `qY`, `qZ`)
VALUES (1879904282, 34020, 209, 2868, 232.592, -237.403, -18.063, 0.9238793, 0, 0, -0.3826841);

INSERT INTO `base_ace_object` (`baseAceObjectId`, `name`, `typeId`, `paletteId`, `ammoType`, `blipColor`, `bitField`, `burden`, `combatUse`, `cooldownDuration`, `cooldownId`, `effects`, `containersCapacity`, `header`, `hookTypeId`, `iconId`, `iconOverlayId`, `iconUnderlayId`, `hookItemTypes`, `itemsCapacity`, `location`, `materialType`, `maxStackSize`, `maxStructure`, `radar`, `pscript`, `spellId`, `stackSize`, `structure`, `targetTypeId`, `usability`, `useRadius`, `validLocations`, `value`, `workmanship`, `animationFrameId`, `defaultScript`, `defaultScriptIntensity`, `elasticity`, `friction`, `locationId`, `modelTableId`, `objectScale`, `physicsBitField`, `physicsTableId`, `motionTableId`, `soundTableId`, `physicsState`, `translucency`)
VALUES (1879904399, 'Surface', 65536, 0, 0, 0, 262164, 0, 0, 0, 0, 0, 0, 8388656, 0, 100667499, 0, 0, 0, 0, 0, 0, 0, 0, 4, 0, 0, 0, 0, 0, 32, -0.1, 0, 0, 0, 0, 0, 0, 0, 0, 0, 33554867, 0, 98307, 0, 150994947, 0, 3084, 0);

INSERT INTO `ace_object` (`baseAceObjectId`, `weenieClassId`, `landblock`, `cell`, `posX`, `posY`, `posZ`, `qW`, `qX`, `qY`, `qZ`)
VALUES (1879904399, 33986, 209, 408, 90, -205.997, -30.063, 1, 0, 0, -4.37114E-08);

INSERT INTO `base_ace_object` (`baseAceObjectId`, `name`, `typeId`, `paletteId`, `ammoType`, `blipColor`, `bitField`, `burden`, `combatUse`, `cooldownDuration`, `cooldownId`, `effects`, `containersCapacity`, `header`, `hookTypeId`, `iconId`, `iconOverlayId`, `iconUnderlayId`, `hookItemTypes`, `itemsCapacity`, `location`, `materialType`, `maxStackSize`, `maxStructure`, `radar`, `pscript`, `spellId`, `stackSize`, `structure`, `targetTypeId`, `usability`, `useRadius`, `validLocations`, `value`, `workmanship`, `animationFrameId`, `defaultScript`, `defaultScriptIntensity`, `elasticity`, `friction`, `locationId`, `modelTableId`, `objectScale`, `physicsBitField`, `physicsTableId`, `motionTableId`, `soundTableId`, `physicsState`, `translucency`)
VALUES (1879904465, 'Surface', 65536, 0, 0, 0, 262164, 0, 0, 0, 0, 0, 0, 8388656, 0, 100667499, 0, 0, 0, 0, 0, 0, 0, 0, 4, 0, 0, 0, 0, 0, 32, -0.1, 0, 0, 0, 0, 0, 0, 0, 0, 0, 33554867, 0, 98307, 0, 150994947, 0, 3084, 0);

INSERT INTO `ace_object` (`baseAceObjectId`, `weenieClassId`, `landblock`, `cell`, `posX`, `posY`, `posZ`, `qW`, `qX`, `qY`, `qZ`)
VALUES (1879904465, 33986, 209, 1385, 259.141, -148.964, -30.063, 0.3708049, 0, 0, -0.9287108);

INSERT INTO `base_ace_object` (`baseAceObjectId`, `name`, `typeId`, `paletteId`, `ammoType`, `blipColor`, `bitField`, `burden`, `combatUse`, `cooldownDuration`, `cooldownId`, `effects`, `containersCapacity`, `header`, `hookTypeId`, `iconId`, `iconOverlayId`, `iconUnderlayId`, `hookItemTypes`, `itemsCapacity`, `location`, `materialType`, `maxStackSize`, `maxStructure`, `radar`, `pscript`, `spellId`, `stackSize`, `structure`, `targetTypeId`, `usability`, `useRadius`, `validLocations`, `value`, `workmanship`, `animationFrameId`, `defaultScript`, `defaultScriptIntensity`, `elasticity`, `friction`, `locationId`, `modelTableId`, `objectScale`, `physicsBitField`, `physicsTableId`, `motionTableId`, `soundTableId`, `physicsState`, `translucency`)
VALUES (1879904461, 'Surface', 65536, 0, 0, 0, 262164, 0, 0, 0, 0, 0, 0, 8388656, 0, 100667499, 0, 0, 0, 0, 0, 0, 0, 0, 4, 0, 0, 0, 0, 0, 32, -0.1, 0, 0, 0, 0, 0, 0, 0, 0, 0, 33554867, 0, 98307, 0, 150994947, 0, 3084, 0);

INSERT INTO `ace_object` (`baseAceObjectId`, `weenieClassId`, `landblock`, `cell`, `posX`, `posY`, `posZ`, `qW`, `qX`, `qY`, `qZ`)
VALUES (1879904461, 33986, 209, 1334, 254.102, -100, -30.063, -0.7071068, 0, 0, -0.7071068);

INSERT INTO `base_ace_object` (`baseAceObjectId`, `name`, `typeId`, `paletteId`, `ammoType`, `blipColor`, `bitField`, `burden`, `combatUse`, `cooldownDuration`, `cooldownId`, `effects`, `containersCapacity`, `header`, `hookTypeId`, `iconId`, `iconOverlayId`, `iconUnderlayId`, `hookItemTypes`, `itemsCapacity`, `location`, `materialType`, `maxStackSize`, `maxStructure`, `radar`, `pscript`, `spellId`, `stackSize`, `structure`, `targetTypeId`, `usability`, `useRadius`, `validLocations`, `value`, `workmanship`, `animationFrameId`, `defaultScript`, `defaultScriptIntensity`, `elasticity`, `friction`, `locationId`, `modelTableId`, `objectScale`, `physicsBitField`, `physicsTableId`, `motionTableId`, `soundTableId`, `physicsState`, `translucency`)
VALUES (1998598232, 'Central Courtyard', 65536, 0, 0, 0, 262164, 0, 0, 0, 0, 0, 0, 8388656, 0, 100667499, 0, 0, 0, 0, 0, 0, 0, 0, 4, 0, 0, 0, 0, 0, 32, -0.1, 0, 0, 0, 0, 0, 0, 0, 0, 0, 33554867, 0, 98307, 0, 150994947, 0, 3084, 0);

INSERT INTO `ace_object` (`baseAceObjectId`, `weenieClassId`, `landblock`, `cell`, `posX`, `posY`, `posZ`, `qW`, `qX`, `qY`, `qZ`)
VALUES (1998598232, 31061, 29187, 627, 70, -40, -0.06299996, 1, 0, 0, 0);

INSERT INTO `base_ace_object` (`baseAceObjectId`, `name`, `typeId`, `paletteId`, `ammoType`, `blipColor`, `bitField`, `burden`, `combatUse`, `cooldownDuration`, `cooldownId`, `effects`, `containersCapacity`, `header`, `hookTypeId`, `iconId`, `iconOverlayId`, `iconUnderlayId`, `hookItemTypes`, `itemsCapacity`, `location`, `materialType`, `maxStackSize`, `maxStructure`, `radar`, `pscript`, `spellId`, `stackSize`, `structure`, `targetTypeId`, `usability`, `useRadius`, `validLocations`, `value`, `workmanship`, `animationFrameId`, `defaultScript`, `defaultScriptIntensity`, `elasticity`, `friction`, `locationId`, `modelTableId`, `objectScale`, `physicsBitField`, `physicsTableId`, `motionTableId`, `soundTableId`, `physicsState`, `translucency`)
VALUES (1998598250, 'Outer Courtyard', 65536, 0, 0, 0, 262164, 0, 0, 0, 0, 0, 0, 8388656, 0, 100667499, 0, 0, 0, 0, 0, 0, 0, 0, 4, 0, 0, 0, 0, 0, 32, -0.1, 0, 0, 0, 0, 0, 0, 0, 0, 0, 33554867, 0, 98307, 0, 150994947, 0, 3084, 0);

INSERT INTO `ace_object` (`baseAceObjectId`, `weenieClassId`, `landblock`, `cell`, `posX`, `posY`, `posZ`, `qW`, `qX`, `qY`, `qZ`)
VALUES (1998598250, 29334, 29187, 817, 90, -60, 11.937, -0.7071068, 0, 0, -0.7071068);

INSERT INTO `base_ace_object` (`baseAceObjectId`, `name`, `typeId`, `paletteId`, `ammoType`, `blipColor`, `bitField`, `burden`, `combatUse`, `cooldownDuration`, `cooldownId`, `effects`, `containersCapacity`, `header`, `hookTypeId`, `iconId`, `iconOverlayId`, `iconUnderlayId`, `hookItemTypes`, `itemsCapacity`, `location`, `materialType`, `maxStackSize`, `maxStructure`, `radar`, `pscript`, `spellId`, `stackSize`, `structure`, `targetTypeId`, `usability`, `useRadius`, `validLocations`, `value`, `workmanship`, `animationFrameId`, `defaultScript`, `defaultScriptIntensity`, `elasticity`, `friction`, `locationId`, `modelTableId`, `objectScale`, `physicsBitField`, `physicsTableId`, `motionTableId`, `soundTableId`, `physicsState`, `translucency`)
VALUES (2614428451, 'Exit to Sanamar', 65536, 0, 0, 0, 262164, 0, 0, 0, 0, 0, 0, 8388656, 0, 100667499, 0, 0, 0, 0, 0, 0, 0, 0, 4, 0, 0, 0, 0, 0, 32, -0.1, 0, 0, 0, 0, 0, 0, 0, 0, 0, 33554867, 0, 98307, 0, 150994947, 0, 3084, 0);

INSERT INTO `ace_object` (`baseAceObjectId`, `weenieClassId`, `landblock`, `cell`, `posX`, `posY`, `posZ`, `qW`, `qX`, `qY`, `qZ`)
VALUES (2614428451, 29339, 29187, 361, 158.641, -149.516, -6.063, 1, 0, 0, 0);

INSERT INTO `base_ace_object` (`baseAceObjectId`, `name`, `typeId`, `paletteId`, `ammoType`, `blipColor`, `bitField`, `burden`, `combatUse`, `cooldownDuration`, `cooldownId`, `effects`, `containersCapacity`, `header`, `hookTypeId`, `iconId`, `iconOverlayId`, `iconUnderlayId`, `hookItemTypes`, `itemsCapacity`, `location`, `materialType`, `maxStackSize`, `maxStructure`, `radar`, `pscript`, `spellId`, `stackSize`, `structure`, `targetTypeId`, `usability`, `useRadius`, `validLocations`, `value`, `workmanship`, `animationFrameId`, `defaultScript`, `defaultScriptIntensity`, `elasticity`, `friction`, `locationId`, `modelTableId`, `objectScale`, `physicsBitField`, `physicsTableId`, `motionTableId`, `soundTableId`, `physicsState`, `translucency`)
VALUES (1927127040, 'Steaming Hovel', 65536, 0, 0, 0, 262164, 0, 0, 0, 0, 0, 0, 8388656, 0, 100667499, 0, 0, 0, 0, 0, 0, 0, 0, 4, 0, 0, 0, 0, 0, 32, -0.1, 0, 0, 0, 0, 0, 0, 0, 0, 0, 33555922, 0, 98307, 0, 150994947, 0, 3084, 0);

INSERT INTO `ace_object` (`baseAceObjectId`, `weenieClassId`, `landblock`, `cell`, `posX`, `posY`, `posZ`, `qW`, `qX`, `qY`, `qZ`)
VALUES (1927127040, 29099, 11738, 256, 83.6723, 165.994, 34.737, -0.992499, 0, 0, -0.122253);

INSERT INTO `base_ace_object` (`baseAceObjectId`, `name`, `typeId`, `paletteId`, `ammoType`, `blipColor`, `bitField`, `burden`, `combatUse`, `cooldownDuration`, `cooldownId`, `effects`, `containersCapacity`, `header`, `hookTypeId`, `iconId`, `iconOverlayId`, `iconUnderlayId`, `hookItemTypes`, `itemsCapacity`, `location`, `materialType`, `maxStackSize`, `maxStructure`, `radar`, `pscript`, `spellId`, `stackSize`, `structure`, `targetTypeId`, `usability`, `useRadius`, `validLocations`, `value`, `workmanship`, `animationFrameId`, `defaultScript`, `defaultScriptIntensity`, `elasticity`, `friction`, `locationId`, `modelTableId`, `objectScale`, `physicsBitField`, `physicsTableId`, `motionTableId`, `soundTableId`, `physicsState`, `translucency`)
VALUES (1879248945, 'Surface', 65536, 0, 0, 0, 262164, 0, 0, 0, 0, 0, 0, 8388656, 0, 100667499, 0, 0, 0, 0, 0, 0, 0, 0, 4, 0, 0, 0, 0, 0, 32, -0.1, 0, 0, 0, 0, 0, 0, 0, 0, 0, 33554867, 0, 98307, 0, 150994947, 0, 3084, 0);

INSERT INTO `ace_object` (`baseAceObjectId`, `weenieClassId`, `landblock`, `cell`, `posX`, `posY`, `posZ`, `qW`, `qX`, `qY`, `qZ`)
VALUES (1879248945, 31314, 49, 262, 193.641, -151.292, -90.063, 0.7071068, 0, 0, -0.7071068);

INSERT INTO `base_ace_object` (`baseAceObjectId`, `name`, `typeId`, `paletteId`, `ammoType`, `blipColor`, `bitField`, `burden`, `combatUse`, `cooldownDuration`, `cooldownId`, `effects`, `containersCapacity`, `header`, `hookTypeId`, `iconId`, `iconOverlayId`, `iconUnderlayId`, `hookItemTypes`, `itemsCapacity`, `location`, `materialType`, `maxStackSize`, `maxStructure`, `radar`, `pscript`, `spellId`, `stackSize`, `structure`, `targetTypeId`, `usability`, `useRadius`, `validLocations`, `value`, `workmanship`, `animationFrameId`, `defaultScript`, `defaultScriptIntensity`, `elasticity`, `friction`, `locationId`, `modelTableId`, `objectScale`, `physicsBitField`, `physicsTableId`, `motionTableId`, `soundTableId`, `physicsState`, `translucency`)
VALUES (2007527424, 'Desert March Portal', 65536, 0, 0, 0, 262164, 0, 0, 0, 0, 0, 0, 8388656, 0, 100667499, 0, 0, 0, 0, 0, 0, 0, 0, 4, 0, 0, 0, 0, 0, 32, -0.1, 0, 0, 0, 0, 0, 0, 0, 0, 0, 33555923, 0, 98307, 0, 150994947, 0, 3084, 0);

INSERT INTO `ace_object` (`baseAceObjectId`, `weenieClassId`, `landblock`, `cell`, `posX`, `posY`, `posZ`, `qW`, `qX`, `qY`, `qZ`)
VALUES (2007527424, 9005, 31367, 61, 171.557, 100.805, 21.73108, -0.842348, 0, 0, 0.538934);

INSERT INTO `base_ace_object` (`baseAceObjectId`, `name`, `typeId`, `paletteId`, `ammoType`, `blipColor`, `bitField`, `burden`, `combatUse`, `cooldownDuration`, `cooldownId`, `effects`, `containersCapacity`, `header`, `hookTypeId`, `iconId`, `iconOverlayId`, `iconUnderlayId`, `hookItemTypes`, `itemsCapacity`, `location`, `materialType`, `maxStackSize`, `maxStructure`, `radar`, `pscript`, `spellId`, `stackSize`, `structure`, `targetTypeId`, `usability`, `useRadius`, `validLocations`, `value`, `workmanship`, `animationFrameId`, `defaultScript`, `defaultScriptIntensity`, `elasticity`, `friction`, `locationId`, `modelTableId`, `objectScale`, `physicsBitField`, `physicsTableId`, `motionTableId`, `soundTableId`, `physicsState`, `translucency`)
VALUES (3705836626, 'Qalaba''r Portal', 65536, 0, 0, 0, 262164, 0, 0, 0, 0, 0, 0, 8388656, 0, 100667499, 0, 0, 0, 0, 0, 0, 0, 0, 4, 0, 0, 0, 0, 0, 32, -0.1, 0, 0, 0, 0, 0, 0, 0, 0, 0, 33554867, 0, 98307, 0, 150994947, 0, 3084, 0);

INSERT INTO `ace_object` (`baseAceObjectId`, `weenieClassId`, `landblock`, `cell`, `posX`, `posY`, `posZ`, `qW`, `qX`, `qY`, `qZ`)
VALUES (3705836626, 42833, 16177, 32, 81.68371, 170.2556, 2.733851, 1, 0, 0, 0);

INSERT INTO `base_ace_object` (`baseAceObjectId`, `name`, `typeId`, `paletteId`, `ammoType`, `blipColor`, `bitField`, `burden`, `combatUse`, `cooldownDuration`, `cooldownId`, `effects`, `containersCapacity`, `header`, `hookTypeId`, `iconId`, `iconOverlayId`, `iconUnderlayId`, `hookItemTypes`, `itemsCapacity`, `location`, `materialType`, `maxStackSize`, `maxStructure`, `radar`, `pscript`, `spellId`, `stackSize`, `structure`, `targetTypeId`, `usability`, `useRadius`, `validLocations`, `value`, `workmanship`, `animationFrameId`, `defaultScript`, `defaultScriptIntensity`, `elasticity`, `friction`, `locationId`, `modelTableId`, `objectScale`, `physicsBitField`, `physicsTableId`, `motionTableId`, `soundTableId`, `physicsState`, `translucency`)
VALUES (1948573696, 'Sclavus Keep Portal', 65536, 0, 0, 0, 262164, 0, 0, 0, 0, 0, 0, 8388656, 0, 100667499, 0, 0, 0, 0, 0, 0, 0, 0, 4, 0, 0, 0, 0, 0, 32, -0.1, 0, 0, 0, 0, 0, 0, 0, 0, 0, 33555923, 0, 98307, 0, 150994947, 0, 3084, 0);

INSERT INTO `ace_object` (`baseAceObjectId`, `weenieClassId`, `landblock`, `cell`, `posX`, `posY`, `posZ`, `qW`, `qX`, `qY`, `qZ`)
VALUES (1948573696, 4140, 16974, 258, 171.571, 159.472, -4.863, -0.9820386, 0, 0, -0.1886799);

INSERT INTO `base_ace_object` (`baseAceObjectId`, `name`, `typeId`, `paletteId`, `ammoType`, `blipColor`, `bitField`, `burden`, `combatUse`, `cooldownDuration`, `cooldownId`, `effects`, `containersCapacity`, `header`, `hookTypeId`, `iconId`, `iconOverlayId`, `iconUnderlayId`, `hookItemTypes`, `itemsCapacity`, `location`, `materialType`, `maxStackSize`, `maxStructure`, `radar`, `pscript`, `spellId`, `stackSize`, `structure`, `targetTypeId`, `usability`, `useRadius`, `validLocations`, `value`, `workmanship`, `animationFrameId`, `defaultScript`, `defaultScriptIntensity`, `elasticity`, `friction`, `locationId`, `modelTableId`, `objectScale`, `physicsBitField`, `physicsTableId`, `motionTableId`, `soundTableId`, `physicsState`, `translucency`)
VALUES (3705867043, 'Plateau Portal', 65536, 0, 0, 0, 262164, 0, 0, 0, 0, 0, 0, 8388656, 0, 100667499, 0, 0, 0, 0, 0, 0, 0, 0, 4, 0, 0, 0, 0, 0, 32, -0.1, 0, 0, 0, 0, 0, 0, 0, 0, 0, 33554867, 0, 98307, 0, 150994947, 0, 3084, 0);

INSERT INTO `ace_object` (`baseAceObjectId`, `weenieClassId`, `landblock`, `cell`, `posX`, `posY`, `posZ`, `qW`, `qX`, `qY`, `qZ`)
VALUES (3705867043, 42812, 16206, 51, 167.7677, 66.11706, -0.163, 1, 0, 0, 0);

INSERT INTO `base_ace_object` (`baseAceObjectId`, `name`, `typeId`, `paletteId`, `ammoType`, `blipColor`, `bitField`, `burden`, `combatUse`, `cooldownDuration`, `cooldownId`, `effects`, `containersCapacity`, `header`, `hookTypeId`, `iconId`, `iconOverlayId`, `iconUnderlayId`, `hookItemTypes`, `itemsCapacity`, `location`, `materialType`, `maxStackSize`, `maxStructure`, `radar`, `pscript`, `spellId`, `stackSize`, `structure`, `targetTypeId`, `usability`, `useRadius`, `validLocations`, `value`, `workmanship`, `animationFrameId`, `defaultScript`, `defaultScriptIntensity`, `elasticity`, `friction`, `locationId`, `modelTableId`, `objectScale`, `physicsBitField`, `physicsTableId`, `motionTableId`, `soundTableId`, `physicsState`, `translucency`)
VALUES (1969578010, 'Portal to Tou-Tou', 65536, 0, 0, 0, 262164, 0, 0, 0, 0, 0, 0, 8388656, 0, 100667499, 0, 0, 0, 0, 0, 0, 0, 0, 4, 0, 0, 0, 0, 0, 32, -0.1, 0, 0, 0, 0, 0, 0, 0, 0, 0, 33555923, 0, 98307, 0, 150994947, 0, 3084, 0);

INSERT INTO `ace_object` (`baseAceObjectId`, `weenieClassId`, `landblock`, `cell`, `posX`, `posY`, `posZ`, `qW`, `qX`, `qY`, `qZ`)
VALUES (1969578010, 42841, 22102, 420, 56.076, -89.975, 5.937, 0.6777362, 0, 0, -0.7353052);

INSERT INTO `base_ace_object` (`baseAceObjectId`, `name`, `typeId`, `paletteId`, `ammoType`, `blipColor`, `bitField`, `burden`, `combatUse`, `cooldownDuration`, `cooldownId`, `effects`, `containersCapacity`, `header`, `hookTypeId`, `iconId`, `iconOverlayId`, `iconUnderlayId`, `hookItemTypes`, `itemsCapacity`, `location`, `materialType`, `maxStackSize`, `maxStructure`, `radar`, `pscript`, `spellId`, `stackSize`, `structure`, `targetTypeId`, `usability`, `useRadius`, `validLocations`, `value`, `workmanship`, `animationFrameId`, `defaultScript`, `defaultScriptIntensity`, `elasticity`, `friction`, `locationId`, `modelTableId`, `objectScale`, `physicsBitField`, `physicsTableId`, `motionTableId`, `soundTableId`, `physicsState`, `translucency`)
VALUES (1969578008, 'Uziz Portal', 65536, 0, 0, 0, 262164, 0, 0, 0, 0, 0, 0, 8388656, 0, 100667499, 0, 0, 0, 0, 0, 0, 0, 0, 4, 0, 0, 0, 0, 0, 32, -0.1, 0, 0, 0, 0, 0, 0, 0, 0, 0, 33554867, 0, 98307, 0, 150994947, 0, 3084, 0);

INSERT INTO `ace_object` (`baseAceObjectId`, `weenieClassId`, `landblock`, `cell`, `posX`, `posY`, `posZ`, `qW`, `qX`, `qY`, `qZ`)
VALUES (1969578008, 42821, 22102, 396, 24.281, -90.016, 5.937, -0.701861, 0, 0, -0.712314);

INSERT INTO `base_ace_object` (`baseAceObjectId`, `name`, `typeId`, `paletteId`, `ammoType`, `blipColor`, `bitField`, `burden`, `combatUse`, `cooldownDuration`, `cooldownId`, `effects`, `containersCapacity`, `header`, `hookTypeId`, `iconId`, `iconOverlayId`, `iconUnderlayId`, `hookItemTypes`, `itemsCapacity`, `location`, `materialType`, `maxStackSize`, `maxStructure`, `radar`, `pscript`, `spellId`, `stackSize`, `structure`, `targetTypeId`, `usability`, `useRadius`, `validLocations`, `value`, `workmanship`, `animationFrameId`, `defaultScript`, `defaultScriptIntensity`, `elasticity`, `friction`, `locationId`, `modelTableId`, `objectScale`, `physicsBitField`, `physicsTableId`, `motionTableId`, `soundTableId`, `physicsState`, `translucency`)
VALUES (1969577998, 'Ben Ten Lodge Portal', 65536, 0, 0, 0, 262164, 0, 0, 0, 0, 0, 0, 8388656, 0, 100667499, 0, 0, 0, 0, 0, 0, 0, 0, 4, 0, 0, 0, 0, 0, 32, -0.1, 0, 0, 0, 0, 0, 0, 0, 0, 0, 33554867, 0, 98307, 0, 150994947, 0, 3084, 0);

INSERT INTO `ace_object` (`baseAceObjectId`, `weenieClassId`, `landblock`, `cell`, `posX`, `posY`, `posZ`, `qW`, `qX`, `qY`, `qZ`)
VALUES (1969577998, 21459, 22102, 379, 70, -60, -0.06299996, 1, 0, 0, 0);

INSERT INTO `base_ace_object` (`baseAceObjectId`, `name`, `typeId`, `paletteId`, `ammoType`, `blipColor`, `bitField`, `burden`, `combatUse`, `cooldownDuration`, `cooldownId`, `effects`, `containersCapacity`, `header`, `hookTypeId`, `iconId`, `iconOverlayId`, `iconUnderlayId`, `hookItemTypes`, `itemsCapacity`, `location`, `materialType`, `maxStackSize`, `maxStructure`, `radar`, `pscript`, `spellId`, `stackSize`, `structure`, `targetTypeId`, `usability`, `useRadius`, `validLocations`, `value`, `workmanship`, `animationFrameId`, `defaultScript`, `defaultScriptIntensity`, `elasticity`, `friction`, `locationId`, `modelTableId`, `objectScale`, `physicsBitField`, `physicsTableId`, `motionTableId`, `soundTableId`, `physicsState`, `translucency`)
VALUES (1969577990, 'Celcynd Grotto Portal', 65536, 0, 0, 0, 262164, 0, 0, 0, 0, 0, 0, 8388656, 0, 100667499, 0, 0, 0, 0, 0, 0, 0, 0, 4, 0, 0, 0, 0, 0, 32, -0.1, 0, 0, 0, 0, 0, 0, 0, 0, 0, 33554867, 0, 98307, 0, 150994947, 0, 3084, 0);

INSERT INTO `ace_object` (`baseAceObjectId`, `weenieClassId`, `landblock`, `cell`, `posX`, `posY`, `posZ`, `qW`, `qX`, `qY`, `qZ`)
VALUES (1969577990, 21461, 22102, 271, 10, -60, -0.06299996, 1, 0, 0, 0);

INSERT INTO `base_ace_object` (`baseAceObjectId`, `name`, `typeId`, `paletteId`, `ammoType`, `blipColor`, `bitField`, `burden`, `combatUse`, `cooldownDuration`, `cooldownId`, `effects`, `containersCapacity`, `header`, `hookTypeId`, `iconId`, `iconOverlayId`, `iconUnderlayId`, `hookItemTypes`, `itemsCapacity`, `location`, `materialType`, `maxStackSize`, `maxStructure`, `radar`, `pscript`, `spellId`, `stackSize`, `structure`, `targetTypeId`, `usability`, `useRadius`, `validLocations`, `value`, `workmanship`, `animationFrameId`, `defaultScript`, `defaultScriptIntensity`, `elasticity`, `friction`, `locationId`, `modelTableId`, `objectScale`, `physicsBitField`, `physicsTableId`, `motionTableId`, `soundTableId`, `physicsState`, `translucency`)
VALUES (1969578009, 'Lytelthorpe Portal', 65536, 0, 0, 0, 262164, 0, 0, 0, 0, 0, 0, 8388656, 0, 100667499, 0, 0, 0, 0, 0, 0, 0, 0, 4, 0, 0, 0, 0, 0, 32, -0.1, 0, 0, 0, 0, 0, 0, 0, 0, 0, 33554867, 0, 98307, 0, 150994947, 0, 3084, 0);

INSERT INTO `ace_object` (`baseAceObjectId`, `weenieClassId`, `landblock`, `cell`, `posX`, `posY`, `posZ`, `qW`, `qX`, `qY`, `qZ`)
VALUES (1969578009, 42816, 22102, 411, 39.95, -106.069, 5.937, -0.01021, 0, 0, -0.9999479);

INSERT INTO `base_ace_object` (`baseAceObjectId`, `name`, `typeId`, `paletteId`, `ammoType`, `blipColor`, `bitField`, `burden`, `combatUse`, `cooldownDuration`, `cooldownId`, `effects`, `containersCapacity`, `header`, `hookTypeId`, `iconId`, `iconOverlayId`, `iconUnderlayId`, `hookItemTypes`, `itemsCapacity`, `location`, `materialType`, `maxStackSize`, `maxStructure`, `radar`, `pscript`, `spellId`, `stackSize`, `structure`, `targetTypeId`, `usability`, `useRadius`, `validLocations`, `value`, `workmanship`, `animationFrameId`, `defaultScript`, `defaultScriptIntensity`, `elasticity`, `friction`, `locationId`, `modelTableId`, `objectScale`, `physicsBitField`, `physicsTableId`, `motionTableId`, `soundTableId`, `physicsState`, `translucency`)
VALUES (1969578004, 'Cedraic Court Portal', 65536, 0, 0, 0, 262164, 0, 0, 0, 0, 0, 0, 8388656, 0, 100667499, 0, 0, 0, 0, 0, 0, 0, 0, 4, 0, 0, 0, 0, 0, 32, -0.1, 0, 0, 0, 0, 0, 0, 0, 0, 0, 33554867, 0, 98307, 0, 150994947, 0, 3084, 0);

INSERT INTO `ace_object` (`baseAceObjectId`, `weenieClassId`, `landblock`, `cell`, `posX`, `posY`, `posZ`, `qW`, `qX`, `qY`, `qZ`)
VALUES (1969578004, 21460, 22102, 387, 80, -50, -0.06299996, -0.7071068, 0, 0, -0.7071068);

INSERT INTO `base_ace_object` (`baseAceObjectId`, `name`, `typeId`, `paletteId`, `ammoType`, `blipColor`, `bitField`, `burden`, `combatUse`, `cooldownDuration`, `cooldownId`, `effects`, `containersCapacity`, `header`, `hookTypeId`, `iconId`, `iconOverlayId`, `iconUnderlayId`, `hookItemTypes`, `itemsCapacity`, `location`, `materialType`, `maxStackSize`, `maxStructure`, `radar`, `pscript`, `spellId`, `stackSize`, `structure`, `targetTypeId`, `usability`, `useRadius`, `validLocations`, `value`, `workmanship`, `animationFrameId`, `defaultScript`, `defaultScriptIntensity`, `elasticity`, `friction`, `locationId`, `modelTableId`, `objectScale`, `physicsBitField`, `physicsTableId`, `motionTableId`, `soundTableId`, `physicsState`, `translucency`)
VALUES (1969577986, 'Xao Wu Gardens Portal', 65536, 0, 0, 0, 262164, 0, 0, 0, 0, 0, 0, 8388656, 0, 100667499, 0, 0, 0, 0, 0, 0, 0, 0, 4, 0, 0, 0, 0, 0, 32, -0.1, 0, 0, 0, 0, 0, 0, 0, 0, 0, 33554867, 0, 98307, 0, 150994947, 0, 3084, 0);

INSERT INTO `ace_object` (`baseAceObjectId`, `weenieClassId`, `landblock`, `cell`, `posX`, `posY`, `posZ`, `qW`, `qX`, `qY`, `qZ`)
VALUES (1969577986, 21470, 22102, 257, 0.001, -49.987, -0.06299996, 0.7071068, 0, 0, -0.7071068);

INSERT INTO `base_ace_object` (`baseAceObjectId`, `name`, `typeId`, `paletteId`, `ammoType`, `blipColor`, `bitField`, `burden`, `combatUse`, `cooldownDuration`, `cooldownId`, `effects`, `containersCapacity`, `header`, `hookTypeId`, `iconId`, `iconOverlayId`, `iconUnderlayId`, `hookItemTypes`, `itemsCapacity`, `location`, `materialType`, `maxStackSize`, `maxStructure`, `radar`, `pscript`, `spellId`, `stackSize`, `structure`, `targetTypeId`, `usability`, `useRadius`, `validLocations`, `value`, `workmanship`, `animationFrameId`, `defaultScript`, `defaultScriptIntensity`, `elasticity`, `friction`, `locationId`, `modelTableId`, `objectScale`, `physicsBitField`, `physicsTableId`, `motionTableId`, `soundTableId`, `physicsState`, `translucency`)
VALUES (1969577984, 'Trothyr Hollow Portal', 65536, 0, 0, 0, 262164, 0, 0, 0, 0, 0, 0, 8388656, 0, 100667499, 0, 0, 0, 0, 0, 0, 0, 0, 4, 0, 0, 0, 0, 0, 32, -0.1, 0, 0, 0, 0, 0, 0, 0, 0, 0, 33554867, 0, 98307, 0, 150994947, 0, 3084, 0);

INSERT INTO `ace_object` (`baseAceObjectId`, `weenieClassId`, `landblock`, `cell`, `posX`, `posY`, `posZ`, `qW`, `qX`, `qY`, `qZ`)
VALUES (1969577984, 21469, 22102, 256, 0, -30, -0.06299996, 0.7071068, 0, 0, -0.7071068);

INSERT INTO `base_ace_object` (`baseAceObjectId`, `name`, `typeId`, `paletteId`, `ammoType`, `blipColor`, `bitField`, `burden`, `combatUse`, `cooldownDuration`, `cooldownId`, `effects`, `containersCapacity`, `header`, `hookTypeId`, `iconId`, `iconOverlayId`, `iconUnderlayId`, `hookItemTypes`, `itemsCapacity`, `location`, `materialType`, `maxStackSize`, `maxStructure`, `radar`, `pscript`, `spellId`, `stackSize`, `structure`, `targetTypeId`, `usability`, `useRadius`, `validLocations`, `value`, `workmanship`, `animationFrameId`, `defaultScript`, `defaultScriptIntensity`, `elasticity`, `friction`, `locationId`, `modelTableId`, `objectScale`, `physicsBitField`, `physicsTableId`, `motionTableId`, `soundTableId`, `physicsState`, `translucency`)
VALUES (1969577988, 'Jojii Gardens Portal', 65536, 0, 0, 0, 262164, 0, 0, 0, 0, 0, 0, 8388656, 0, 100667499, 0, 0, 0, 0, 0, 0, 0, 0, 4, 0, 0, 0, 0, 0, 32, -0.1, 0, 0, 0, 0, 0, 0, 0, 0, 0, 33554867, 0, 98307, 0, 150994947, 0, 3084, 0);

INSERT INTO `ace_object` (`baseAceObjectId`, `weenieClassId`, `landblock`, `cell`, `posX`, `posY`, `posZ`, `qW`, `qX`, `qY`, `qZ`)
VALUES (1969577988, 21467, 22102, 259, 9.989, -19.993, -0.06299996, 0, 0, 0, -1);

INSERT INTO `base_ace_object` (`baseAceObjectId`, `name`, `typeId`, `paletteId`, `ammoType`, `blipColor`, `bitField`, `burden`, `combatUse`, `cooldownDuration`, `cooldownId`, `effects`, `containersCapacity`, `header`, `hookTypeId`, `iconId`, `iconOverlayId`, `iconUnderlayId`, `hookItemTypes`, `itemsCapacity`, `location`, `materialType`, `maxStackSize`, `maxStructure`, `radar`, `pscript`, `spellId`, `stackSize`, `structure`, `targetTypeId`, `usability`, `useRadius`, `validLocations`, `value`, `workmanship`, `animationFrameId`, `defaultScript`, `defaultScriptIntensity`, `elasticity`, `friction`, `locationId`, `modelTableId`, `objectScale`, `physicsBitField`, `physicsTableId`, `motionTableId`, `soundTableId`, `physicsState`, `translucency`)
VALUES (1969578006, 'Dulok Court Portal', 65536, 0, 0, 0, 262164, 0, 0, 0, 0, 0, 0, 8388656, 0, 100667499, 0, 0, 0, 0, 0, 0, 0, 0, 4, 0, 0, 0, 0, 0, 32, -0.1, 0, 0, 0, 0, 0, 0, 0, 0, 0, 33554867, 0, 98307, 0, 150994947, 0, 3084, 0);

INSERT INTO `ace_object` (`baseAceObjectId`, `weenieClassId`, `landblock`, `cell`, `posX`, `posY`, `posZ`, `qW`, `qX`, `qY`, `qZ`)
VALUES (1969578006, 21463, 22102, 388, 90, -30, -0.06299996, -0.7071068, 0, 0, -0.7071068);

INSERT INTO `base_ace_object` (`baseAceObjectId`, `name`, `typeId`, `paletteId`, `ammoType`, `blipColor`, `bitField`, `burden`, `combatUse`, `cooldownDuration`, `cooldownId`, `effects`, `containersCapacity`, `header`, `hookTypeId`, `iconId`, `iconOverlayId`, `iconUnderlayId`, `hookItemTypes`, `itemsCapacity`, `location`, `materialType`, `maxStackSize`, `maxStructure`, `radar`, `pscript`, `spellId`, `stackSize`, `structure`, `targetTypeId`, `usability`, `useRadius`, `validLocations`, `value`, `workmanship`, `animationFrameId`, `defaultScript`, `defaultScriptIntensity`, `elasticity`, `friction`, `locationId`, `modelTableId`, `objectScale`, `physicsBitField`, `physicsTableId`, `motionTableId`, `soundTableId`, `physicsState`, `translucency`)
VALUES (1969578000, 'Ispar Yard Portal', 65536, 0, 0, 0, 262164, 0, 0, 0, 0, 0, 0, 8388656, 0, 100667499, 0, 0, 0, 0, 0, 0, 0, 0, 4, 0, 0, 0, 0, 0, 32, -0.1, 0, 0, 0, 0, 0, 0, 0, 0, 0, 33554867, 0, 98307, 0, 150994947, 0, 3084, 0);

INSERT INTO `ace_object` (`baseAceObjectId`, `weenieClassId`, `landblock`, `cell`, `posX`, `posY`, `posZ`, `qW`, `qX`, `qY`, `qZ`)
VALUES (1969578000, 21465, 22102, 380, 80.027, -20.001, -0.06299996, 0, 0, 0, -1);

INSERT INTO `base_ace_object` (`baseAceObjectId`, `name`, `typeId`, `paletteId`, `ammoType`, `blipColor`, `bitField`, `burden`, `combatUse`, `cooldownDuration`, `cooldownId`, `effects`, `containersCapacity`, `header`, `hookTypeId`, `iconId`, `iconOverlayId`, `iconUnderlayId`, `hookItemTypes`, `itemsCapacity`, `location`, `materialType`, `maxStackSize`, `maxStructure`, `radar`, `pscript`, `spellId`, `stackSize`, `structure`, `targetTypeId`, `usability`, `useRadius`, `validLocations`, `value`, `workmanship`, `animationFrameId`, `defaultScript`, `defaultScriptIntensity`, `elasticity`, `friction`, `locationId`, `modelTableId`, `objectScale`, `physicsBitField`, `physicsTableId`, `motionTableId`, `soundTableId`, `physicsState`, `translucency`)
VALUES (2037633101, 'House Portal', 65536, 0, 0, 0, 262164, 0, 0, 0, 0, 0, 0, 41943088, 0, 100667499, 0, 0, 0, 0, 0, 0, 0, 0, 4, 0, 0, 0, 0, 0, 32, 0.75, 0, 0, 0, 0, 0, 0, 0, 0, 0, 33554867, 0, 98307, 0, 150994947, 0, 3076, 0);

INSERT INTO `ace_object` (`baseAceObjectId`, `weenieClassId`, `landblock`, `cell`, `posX`, `posY`, `posZ`, `qW`, `qX`, `qY`, `qZ`)
VALUES (2037633101, 11730, 38717, 280, 57.7878, 62.2594, 87.137, 0.7332751, 0, 0, 0.6799321);

INSERT INTO `base_ace_object` (`baseAceObjectId`, `name`, `typeId`, `paletteId`, `ammoType`, `blipColor`, `bitField`, `burden`, `combatUse`, `cooldownDuration`, `cooldownId`, `effects`, `containersCapacity`, `header`, `hookTypeId`, `iconId`, `iconOverlayId`, `iconUnderlayId`, `hookItemTypes`, `itemsCapacity`, `location`, `materialType`, `maxStackSize`, `maxStructure`, `radar`, `pscript`, `spellId`, `stackSize`, `structure`, `targetTypeId`, `usability`, `useRadius`, `validLocations`, `value`, `workmanship`, `animationFrameId`, `defaultScript`, `defaultScriptIntensity`, `elasticity`, `friction`, `locationId`, `modelTableId`, `objectScale`, `physicsBitField`, `physicsTableId`, `motionTableId`, `soundTableId`, `physicsState`, `translucency`)
VALUES (2032398405, 'House Portal', 65536, 0, 0, 0, 262164, 0, 0, 0, 0, 0, 0, 8388656, 0, 100667499, 0, 0, 0, 0, 0, 0, 0, 0, 4, 0, 0, 0, 0, 0, 32, 0.75, 0, 0, 0, 0, 0, 0, 0, 0, 0, 33554867, 0, 98307, 0, 150994947, 0, 3076, 0);

INSERT INTO `ace_object` (`baseAceObjectId`, `weenieClassId`, `landblock`, `cell`, `posX`, `posY`, `posZ`, `qW`, `qX`, `qY`, `qZ`)
VALUES (2032398405, 11730, 37439, 338, 91.59, 102.986, 43.937, -0.7165819, 0, 0, 0.6975029);

INSERT INTO `base_ace_object` (`baseAceObjectId`, `name`, `typeId`, `paletteId`, `ammoType`, `blipColor`, `bitField`, `burden`, `combatUse`, `cooldownDuration`, `cooldownId`, `effects`, `containersCapacity`, `header`, `hookTypeId`, `iconId`, `iconOverlayId`, `iconUnderlayId`, `hookItemTypes`, `itemsCapacity`, `location`, `materialType`, `maxStackSize`, `maxStructure`, `radar`, `pscript`, `spellId`, `stackSize`, `structure`, `targetTypeId`, `usability`, `useRadius`, `validLocations`, `value`, `workmanship`, `animationFrameId`, `defaultScript`, `defaultScriptIntensity`, `elasticity`, `friction`, `locationId`, `modelTableId`, `objectScale`, `physicsBitField`, `physicsTableId`, `motionTableId`, `soundTableId`, `physicsState`, `translucency`)
VALUES (2884685562, 'Heart of Innocence', 65536, 0, 0, 0, 262164, 0, 0, 0, 0, 0, 0, 8388656, 0, 100667499, 0, 0, 0, 0, 0, 0, 0, 0, 4, 0, 0, 0, 0, 0, 32, -0.1, 0, 0, 0, 0, 0, 0, 0, 0, 0, 33555925, 0, 98307, 0, 150994947, 0, 3084, 0);

INSERT INTO `ace_object` (`baseAceObjectId`, `weenieClassId`, `landblock`, `cell`, `posX`, `posY`, `posZ`, `qW`, `qX`, `qY`, `qZ`)
VALUES (2884685562, 24185, 44969, 63, 175.6426, 144.9274, 104.4489, 0.0466763, 0, 0, 0.9989101);

INSERT INTO `base_ace_object` (`baseAceObjectId`, `name`, `typeId`, `paletteId`, `ammoType`, `blipColor`, `bitField`, `burden`, `combatUse`, `cooldownDuration`, `cooldownId`, `effects`, `containersCapacity`, `header`, `hookTypeId`, `iconId`, `iconOverlayId`, `iconUnderlayId`, `hookItemTypes`, `itemsCapacity`, `location`, `materialType`, `maxStackSize`, `maxStructure`, `radar`, `pscript`, `spellId`, `stackSize`, `structure`, `targetTypeId`, `usability`, `useRadius`, `validLocations`, `value`, `workmanship`, `animationFrameId`, `defaultScript`, `defaultScriptIntensity`, `elasticity`, `friction`, `locationId`, `modelTableId`, `objectScale`, `physicsBitField`, `physicsTableId`, `motionTableId`, `soundTableId`, `physicsState`, `translucency`)
VALUES (1899151363, 'Ishaq''s Cellar', 65536, 0, 0, 0, 262164, 0, 0, 0, 0, 0, 0, 8388656, 0, 100667499, 0, 0, 0, 0, 0, 0, 0, 0, 4, 0, 0, 0, 0, 0, 32, -0.1, 0, 0, 0, 0, 0, 0, 0, 0, 0, 33555925, 0, 98307, 0, 150994947, 0, 3084, 0);

INSERT INTO `ace_object` (`baseAceObjectId`, `weenieClassId`, `landblock`, `cell`, `posX`, `posY`, `posZ`, `qW`, `qX`, `qY`, `qZ`)
VALUES (1899151363, 29237, 4908, 15, 43.4081, 151.383, 9.937, 0.6129121, 0, 0, -0.7901511);

INSERT INTO `base_ace_object` (`baseAceObjectId`, `name`, `typeId`, `paletteId`, `ammoType`, `blipColor`, `bitField`, `burden`, `combatUse`, `cooldownDuration`, `cooldownId`, `effects`, `containersCapacity`, `header`, `hookTypeId`, `iconId`, `iconOverlayId`, `iconUnderlayId`, `hookItemTypes`, `itemsCapacity`, `location`, `materialType`, `maxStackSize`, `maxStructure`, `radar`, `pscript`, `spellId`, `stackSize`, `structure`, `targetTypeId`, `usability`, `useRadius`, `validLocations`, `value`, `workmanship`, `animationFrameId`, `defaultScript`, `defaultScriptIntensity`, `elasticity`, `friction`, `locationId`, `modelTableId`, `objectScale`, `physicsBitField`, `physicsTableId`, `motionTableId`, `soundTableId`, `physicsState`, `translucency`)
VALUES (1882103845, 'Surface', 65536, 0, 0, 0, 262164, 0, 0, 0, 0, 0, 0, 8388656, 0, 100667499, 0, 0, 0, 0, 0, 0, 0, 0, 4, 0, 0, 0, 0, 0, 32, -0.1, 0, 0, 0, 0, 0, 0, 0, 0, 0, 33554867, 0, 98307, 0, 150994947, 0, 3084, 0);

INSERT INTO `ace_object` (`baseAceObjectId`, `weenieClassId`, `landblock`, `cell`, `posX`, `posY`, `posZ`, `qW`, `qX`, `qY`, `qZ`)
VALUES (1882103845, 29236, 746, 381, -3.04243, -39.7638, 5.937, 0.7071068, 0, 0, -0.7071068);

INSERT INTO `base_ace_object` (`baseAceObjectId`, `name`, `typeId`, `paletteId`, `ammoType`, `blipColor`, `bitField`, `burden`, `combatUse`, `cooldownDuration`, `cooldownId`, `effects`, `containersCapacity`, `header`, `hookTypeId`, `iconId`, `iconOverlayId`, `iconUnderlayId`, `hookItemTypes`, `itemsCapacity`, `location`, `materialType`, `maxStackSize`, `maxStructure`, `radar`, `pscript`, `spellId`, `stackSize`, `structure`, `targetTypeId`, `usability`, `useRadius`, `validLocations`, `value`, `workmanship`, `animationFrameId`, `defaultScript`, `defaultScriptIntensity`, `elasticity`, `friction`, `locationId`, `modelTableId`, `objectScale`, `physicsBitField`, `physicsTableId`, `motionTableId`, `soundTableId`, `physicsState`, `translucency`)
VALUES (1897226240, 'Ancient Temple', 65536, 0, 0, 0, 262164, 0, 0, 0, 0, 0, 0, 8388656, 0, 100667499, 0, 0, 0, 0, 0, 0, 0, 0, 4, 0, 0, 0, 0, 0, 32, -0.1, 0, 0, 0, 0, 0, 0, 0, 0, 0, 33555925, 0, 98307, 0, 150994947, 0, 3084, 0);

INSERT INTO `ace_object` (`baseAceObjectId`, `weenieClassId`, `landblock`, `cell`, `posX`, `posY`, `posZ`, `qW`, `qX`, `qY`, `qZ`)
VALUES (1897226240, 25396, 4438, 256, 37.3063, 58.33, -0.06299996, -4.37114E-08, 0, 0, -1);

INSERT INTO `base_ace_object` (`baseAceObjectId`, `name`, `typeId`, `paletteId`, `ammoType`, `blipColor`, `bitField`, `burden`, `combatUse`, `cooldownDuration`, `cooldownId`, `effects`, `containersCapacity`, `header`, `hookTypeId`, `iconId`, `iconOverlayId`, `iconUnderlayId`, `hookItemTypes`, `itemsCapacity`, `location`, `materialType`, `maxStackSize`, `maxStructure`, `radar`, `pscript`, `spellId`, `stackSize`, `structure`, `targetTypeId`, `usability`, `useRadius`, `validLocations`, `value`, `workmanship`, `animationFrameId`, `defaultScript`, `defaultScriptIntensity`, `elasticity`, `friction`, `locationId`, `modelTableId`, `objectScale`, `physicsBitField`, `physicsTableId`, `motionTableId`, `soundTableId`, `physicsState`, `translucency`)
VALUES (1899200512, 'Black Spawn Den', 65536, 0, 0, 0, 262164, 0, 0, 0, 0, 0, 0, 8388656, 0, 100667499, 0, 0, 0, 0, 0, 0, 0, 0, 4, 0, 0, 0, 0, 0, 32, -0.1, 0, 0, 0, 0, 0, 0, 0, 0, 0, 33555923, 0, 98307, 0, 150994947, 0, 3084, 0);

INSERT INTO `ace_object` (`baseAceObjectId`, `weenieClassId`, `landblock`, `cell`, `posX`, `posY`, `posZ`, `qW`, `qX`, `qY`, `qZ`)
VALUES (1899200512, 7244, 4920, 61, 174.997, 110.955, 97.18325, -0.9998955, 0, 0, 0.01445891);

INSERT INTO `base_ace_object` (`baseAceObjectId`, `name`, `typeId`, `paletteId`, `ammoType`, `blipColor`, `bitField`, `burden`, `combatUse`, `cooldownDuration`, `cooldownId`, `effects`, `containersCapacity`, `header`, `hookTypeId`, `iconId`, `iconOverlayId`, `iconUnderlayId`, `hookItemTypes`, `itemsCapacity`, `location`, `materialType`, `maxStackSize`, `maxStructure`, `radar`, `pscript`, `spellId`, `stackSize`, `structure`, `targetTypeId`, `usability`, `useRadius`, `validLocations`, `value`, `workmanship`, `animationFrameId`, `defaultScript`, `defaultScriptIntensity`, `elasticity`, `friction`, `locationId`, `modelTableId`, `objectScale`, `physicsBitField`, `physicsTableId`, `motionTableId`, `soundTableId`, `physicsState`, `translucency`)
VALUES (1898135552, 'Whispering Blade Chapterhouse', 65536, 0, 0, 0, 262164, 0, 0, 0, 0, 0, 0, 8388656, 0, 100667499, 0, 0, 0, 0, 0, 0, 0, 0, 4, 0, 0, 0, 0, 0, 32, -0.1, 0, 0, 0, 0, 0, 0, 0, 0, 0, 33554867, 0, 98307, 0, 150994947, 0, 3084, 0);

INSERT INTO `ace_object` (`baseAceObjectId`, `weenieClassId`, `landblock`, `cell`, `posX`, `posY`, `posZ`, `qW`, `qX`, `qY`, `qZ`)
VALUES (1898135552, 32993, 4660, 29, 80, 102, -0.5129999, 0.9238797, 0, 0, -0.3826829);

INSERT INTO `base_ace_object` (`baseAceObjectId`, `name`, `typeId`, `paletteId`, `ammoType`, `blipColor`, `bitField`, `burden`, `combatUse`, `cooldownDuration`, `cooldownId`, `effects`, `containersCapacity`, `header`, `hookTypeId`, `iconId`, `iconOverlayId`, `iconUnderlayId`, `hookItemTypes`, `itemsCapacity`, `location`, `materialType`, `maxStackSize`, `maxStructure`, `radar`, `pscript`, `spellId`, `stackSize`, `structure`, `targetTypeId`, `usability`, `useRadius`, `validLocations`, `value`, `workmanship`, `animationFrameId`, `defaultScript`, `defaultScriptIntensity`, `elasticity`, `friction`, `locationId`, `modelTableId`, `objectScale`, `physicsBitField`, `physicsTableId`, `motionTableId`, `soundTableId`, `physicsState`, `translucency`)
VALUES (1913778176, 'Halls of the Lost Light', 65536, 0, 0, 0, 262164, 0, 0, 0, 0, 0, 0, 8388656, 0, 100667499, 0, 0, 0, 0, 0, 0, 0, 0, 4, 0, 0, 0, 0, 0, 32, -0.1, 0, 0, 0, 0, 0, 0, 0, 0, 0, 33554867, 0, 98307, 0, 150994947, 0, 3084, 0);

INSERT INTO `ace_object` (`baseAceObjectId`, `weenieClassId`, `landblock`, `cell`, `posX`, `posY`, `posZ`, `qW`, `qX`, `qY`, `qZ`)
VALUES (1913778176, 1430, 8479, 256, 153.9664, 155.9998, 45.937, -0.7071068, 0, 0, -0.7071068);

INSERT INTO `base_ace_object` (`baseAceObjectId`, `name`, `typeId`, `paletteId`, `ammoType`, `blipColor`, `bitField`, `burden`, `combatUse`, `cooldownDuration`, `cooldownId`, `effects`, `containersCapacity`, `header`, `hookTypeId`, `iconId`, `iconOverlayId`, `iconUnderlayId`, `hookItemTypes`, `itemsCapacity`, `location`, `materialType`, `maxStackSize`, `maxStructure`, `radar`, `pscript`, `spellId`, `stackSize`, `structure`, `targetTypeId`, `usability`, `useRadius`, `validLocations`, `value`, `workmanship`, `animationFrameId`, `defaultScript`, `defaultScriptIntensity`, `elasticity`, `friction`, `locationId`, `modelTableId`, `objectScale`, `physicsBitField`, `physicsTableId`, `motionTableId`, `soundTableId`, `physicsState`, `translucency`)
VALUES (2877332369, 'Arena 2', 65536, 0, 0, 0, 262164, 0, 0, 0, 0, 0, 0, 8388656, 0, 100677070, 0, 0, 0, 0, 0, 0, 0, 0, 4, 0, 0, 0, 0, 0, 32, 0.3, 0, 0, 0, 0, 0, 0, 0, 0, 0, 33560143, 0, 32769, 0, 0, 0, 66576, 0);

INSERT INTO `ace_object` (`baseAceObjectId`, `weenieClassId`, `landblock`, `cell`, `posX`, `posY`, `posZ`, `qW`, `qX`, `qY`, `qZ`)
VALUES (2877332369, 34517, 176, 361, 30, -1546, 0, 1, 0, 0, 0);

INSERT INTO `base_ace_object` (`baseAceObjectId`, `name`, `typeId`, `paletteId`, `ammoType`, `blipColor`, `bitField`, `burden`, `combatUse`, `cooldownDuration`, `cooldownId`, `effects`, `containersCapacity`, `header`, `hookTypeId`, `iconId`, `iconOverlayId`, `iconUnderlayId`, `hookItemTypes`, `itemsCapacity`, `location`, `materialType`, `maxStackSize`, `maxStructure`, `radar`, `pscript`, `spellId`, `stackSize`, `structure`, `targetTypeId`, `usability`, `useRadius`, `validLocations`, `value`, `workmanship`, `animationFrameId`, `defaultScript`, `defaultScriptIntensity`, `elasticity`, `friction`, `locationId`, `modelTableId`, `objectScale`, `physicsBitField`, `physicsTableId`, `motionTableId`, `soundTableId`, `physicsState`, `translucency`)
VALUES (2877332701, 'Arena 3', 65536, 0, 0, 0, 262164, 0, 0, 0, 0, 0, 0, 8388656, 0, 100677070, 0, 0, 0, 0, 0, 0, 0, 0, 4, 0, 0, 0, 0, 0, 32, 0.3, 0, 0, 0, 0, 0, 0, 0, 0, 0, 33560143, 0, 32769, 0, 0, 0, 66576, 0);

INSERT INTO `ace_object` (`baseAceObjectId`, `weenieClassId`, `landblock`, `cell`, `posX`, `posY`, `posZ`, `qW`, `qX`, `qY`, `qZ`)
VALUES (2877332701, 34518, 176, 358, 30, -1456, 0, 1, 0, 0, 0);

INSERT INTO `base_ace_object` (`baseAceObjectId`, `name`, `typeId`, `paletteId`, `ammoType`, `blipColor`, `bitField`, `burden`, `combatUse`, `cooldownDuration`, `cooldownId`, `effects`, `containersCapacity`, `header`, `hookTypeId`, `iconId`, `iconOverlayId`, `iconUnderlayId`, `hookItemTypes`, `itemsCapacity`, `location`, `materialType`, `maxStackSize`, `maxStructure`, `radar`, `pscript`, `spellId`, `stackSize`, `structure`, `targetTypeId`, `usability`, `useRadius`, `validLocations`, `value`, `workmanship`, `animationFrameId`, `defaultScript`, `defaultScriptIntensity`, `elasticity`, `friction`, `locationId`, `modelTableId`, `objectScale`, `physicsBitField`, `physicsTableId`, `motionTableId`, `soundTableId`, `physicsState`, `translucency`)
VALUES (2877289866, 'Arena 4', 65536, 0, 0, 0, 262164, 0, 0, 0, 0, 0, 0, 8388656, 0, 100677070, 0, 0, 0, 0, 0, 0, 0, 0, 4, 0, 0, 0, 0, 0, 32, 0.3, 0, 0, 0, 0, 0, 0, 0, 0, 0, 33560143, 0, 32769, 0, 0, 0, 66576, 0);

INSERT INTO `ace_object` (`baseAceObjectId`, `weenieClassId`, `landblock`, `cell`, `posX`, `posY`, `posZ`, `qW`, `qX`, `qY`, `qZ`)
VALUES (2877289866, 34519, 176, 355, 30, -1366, 0, 1, 0, 0, 0);

INSERT INTO `base_ace_object` (`baseAceObjectId`, `name`, `typeId`, `paletteId`, `ammoType`, `blipColor`, `bitField`, `burden`, `combatUse`, `cooldownDuration`, `cooldownId`, `effects`, `containersCapacity`, `header`, `hookTypeId`, `iconId`, `iconOverlayId`, `iconUnderlayId`, `hookItemTypes`, `itemsCapacity`, `location`, `materialType`, `maxStackSize`, `maxStructure`, `radar`, `pscript`, `spellId`, `stackSize`, `structure`, `targetTypeId`, `usability`, `useRadius`, `validLocations`, `value`, `workmanship`, `animationFrameId`, `defaultScript`, `defaultScriptIntensity`, `elasticity`, `friction`, `locationId`, `modelTableId`, `objectScale`, `physicsBitField`, `physicsTableId`, `motionTableId`, `soundTableId`, `physicsState`, `translucency`)
VALUES (2876403448, 'Arena 5', 65536, 0, 0, 0, 262164, 0, 0, 0, 0, 0, 0, 8388656, 0, 100677070, 0, 0, 0, 0, 0, 0, 0, 0, 4, 0, 0, 0, 0, 0, 32, 0.3, 0, 0, 0, 0, 0, 0, 0, 0, 0, 33560143, 0, 32769, 0, 0, 0, 66576, 0);

INSERT INTO `ace_object` (`baseAceObjectId`, `weenieClassId`, `landblock`, `cell`, `posX`, `posY`, `posZ`, `qW`, `qX`, `qY`, `qZ`)
VALUES (2876403448, 34520, 176, 352, 30, -1276, 0, 1, 0, 0, 0);

INSERT INTO `base_ace_object` (`baseAceObjectId`, `name`, `typeId`, `paletteId`, `ammoType`, `blipColor`, `bitField`, `burden`, `combatUse`, `cooldownDuration`, `cooldownId`, `effects`, `containersCapacity`, `header`, `hookTypeId`, `iconId`, `iconOverlayId`, `iconUnderlayId`, `hookItemTypes`, `itemsCapacity`, `location`, `materialType`, `maxStackSize`, `maxStructure`, `radar`, `pscript`, `spellId`, `stackSize`, `structure`, `targetTypeId`, `usability`, `useRadius`, `validLocations`, `value`, `workmanship`, `animationFrameId`, `defaultScript`, `defaultScriptIntensity`, `elasticity`, `friction`, `locationId`, `modelTableId`, `objectScale`, `physicsBitField`, `physicsTableId`, `motionTableId`, `soundTableId`, `physicsState`, `translucency`)
VALUES (2877331585, 'Arena 6', 65536, 0, 0, 0, 262164, 0, 0, 0, 0, 0, 0, 8388656, 0, 100677070, 0, 0, 0, 0, 0, 0, 0, 0, 4, 0, 0, 0, 0, 0, 32, 0.3, 0, 0, 0, 0, 0, 0, 0, 0, 0, 33560143, 0, 32769, 0, 0, 0, 66576, 0);

INSERT INTO `ace_object` (`baseAceObjectId`, `weenieClassId`, `landblock`, `cell`, `posX`, `posY`, `posZ`, `qW`, `qX`, `qY`, `qZ`)
VALUES (2877331585, 34521, 176, 349, 30, -1186, 0, 1, 0, 0, 0);

INSERT INTO `base_ace_object` (`baseAceObjectId`, `name`, `typeId`, `paletteId`, `ammoType`, `blipColor`, `bitField`, `burden`, `combatUse`, `cooldownDuration`, `cooldownId`, `effects`, `containersCapacity`, `header`, `hookTypeId`, `iconId`, `iconOverlayId`, `iconUnderlayId`, `hookItemTypes`, `itemsCapacity`, `location`, `materialType`, `maxStackSize`, `maxStructure`, `radar`, `pscript`, `spellId`, `stackSize`, `structure`, `targetTypeId`, `usability`, `useRadius`, `validLocations`, `value`, `workmanship`, `animationFrameId`, `defaultScript`, `defaultScriptIntensity`, `elasticity`, `friction`, `locationId`, `modelTableId`, `objectScale`, `physicsBitField`, `physicsTableId`, `motionTableId`, `soundTableId`, `physicsState`, `translucency`)
VALUES (1938751488, 'Frozen Library', 65536, 0, 0, 0, 262164, 0, 0, 0, 0, 0, 0, 8388656, 0, 100667499, 0, 0, 0, 0, 0, 0, 0, 0, 4, 0, 0, 0, 0, 0, 32, -0.1, 0, 0, 0, 0, 0, 0, 0, 0, 0, 33555924, 0, 98307, 0, 150994947, 0, 3084, 0);

INSERT INTO `ace_object` (`baseAceObjectId`, `weenieClassId`, `landblock`, `cell`, `posX`, `posY`, `posZ`, `qW`, `qX`, `qY`, `qZ`)
VALUES (1938751488, 28778, 14576, 63, 184.196, 160.102, 55.28667, -0.928966, 0, 0, 0.370165);

INSERT INTO `base_ace_object` (`baseAceObjectId`, `name`, `typeId`, `paletteId`, `ammoType`, `blipColor`, `bitField`, `burden`, `combatUse`, `cooldownDuration`, `cooldownId`, `effects`, `containersCapacity`, `header`, `hookTypeId`, `iconId`, `iconOverlayId`, `iconUnderlayId`, `hookItemTypes`, `itemsCapacity`, `location`, `materialType`, `maxStackSize`, `maxStructure`, `radar`, `pscript`, `spellId`, `stackSize`, `structure`, `targetTypeId`, `usability`, `useRadius`, `validLocations`, `value`, `workmanship`, `animationFrameId`, `defaultScript`, `defaultScriptIntensity`, `elasticity`, `friction`, `locationId`, `modelTableId`, `objectScale`, `physicsBitField`, `physicsTableId`, `motionTableId`, `soundTableId`, `physicsState`, `translucency`)
VALUES (2085994496, 'Soul Hunter''s Lair', 65536, 0, 0, 0, 262164, 0, 0, 0, 0, 0, 0, 8388656, 0, 100667499, 0, 0, 0, 0, 0, 0, 0, 0, 4, 0, 0, 0, 0, 0, 32, -0.1, 0, 0, 0, 0, 0, 0, 0, 0, 0, 33555924, 0, 98307, 0, 150994947, 0, 3084, 0);

INSERT INTO `ace_object` (`baseAceObjectId`, `weenieClassId`, `landblock`, `cell`, `posX`, `posY`, `posZ`, `qW`, `qX`, `qY`, `qZ`)
VALUES (2085994496, 34318, 50524, 15, 28, 164, 5.487, 0.7071068, 0, 0, -0.7071068);

INSERT INTO `base_ace_object` (`baseAceObjectId`, `name`, `typeId`, `paletteId`, `ammoType`, `blipColor`, `bitField`, `burden`, `combatUse`, `cooldownDuration`, `cooldownId`, `effects`, `containersCapacity`, `header`, `hookTypeId`, `iconId`, `iconOverlayId`, `iconUnderlayId`, `hookItemTypes`, `itemsCapacity`, `location`, `materialType`, `maxStackSize`, `maxStructure`, `radar`, `pscript`, `spellId`, `stackSize`, `structure`, `targetTypeId`, `usability`, `useRadius`, `validLocations`, `value`, `workmanship`, `animationFrameId`, `defaultScript`, `defaultScriptIntensity`, `elasticity`, `friction`, `locationId`, `modelTableId`, `objectScale`, `physicsBitField`, `physicsTableId`, `motionTableId`, `soundTableId`, `physicsState`, `translucency`)
VALUES (2082852864, 'Burun Burrow', 65536, 0, 0, 0, 262164, 0, 0, 0, 0, 0, 0, 8388656, 0, 100667499, 0, 0, 0, 0, 0, 0, 0, 0, 4, 0, 0, 0, 0, 0, 32, -0.1, 0, 0, 0, 0, 0, 0, 0, 0, 0, 33555924, 0, 98307, 0, 150994947, 0, 3084, 0);

INSERT INTO `ace_object` (`baseAceObjectId`, `weenieClassId`, `landblock`, `cell`, `posX`, `posY`, `posZ`, `qW`, `qX`, `qY`, `qZ`)
VALUES (2082852864, 27477, 49757, 256, 155.645, 28.3482, 0.7370002, -0.9999956, 0, 0, 0.002947369);

INSERT INTO `base_ace_object` (`baseAceObjectId`, `name`, `typeId`, `paletteId`, `ammoType`, `blipColor`, `bitField`, `burden`, `combatUse`, `cooldownDuration`, `cooldownId`, `effects`, `containersCapacity`, `header`, `hookTypeId`, `iconId`, `iconOverlayId`, `iconUnderlayId`, `hookItemTypes`, `itemsCapacity`, `location`, `materialType`, `maxStackSize`, `maxStructure`, `radar`, `pscript`, `spellId`, `stackSize`, `structure`, `targetTypeId`, `usability`, `useRadius`, `validLocations`, `value`, `workmanship`, `animationFrameId`, `defaultScript`, `defaultScriptIntensity`, `elasticity`, `friction`, `locationId`, `modelTableId`, `objectScale`, `physicsBitField`, `physicsTableId`, `motionTableId`, `soundTableId`, `physicsState`, `translucency`)
VALUES (1982099572, 'Portal to the Surface', 65536, 0, 0, 0, 262164, 0, 0, 0, 0, 0, 0, 8388656, 0, 100667499, 0, 0, 0, 0, 0, 0, 0, 0, 4, 0, 0, 0, 0, 0, 32, -0.1, 0, 0, 0, 0, 0, 0, 0, 0, 0, 33554867, 0, 98307, 0, 150994947, 0, 3084, 0);

INSERT INTO `ace_object` (`baseAceObjectId`, `weenieClassId`, `landblock`, `cell`, `posX`, `posY`, `posZ`, `qW`, `qX`, `qY`, `qZ`)
VALUES (1982099572, 27478, 25159, 262, 81.2113, -81.2918, -54.063, 0.9689124, 0, 0, 0.2474041);

INSERT INTO `base_ace_object` (`baseAceObjectId`, `name`, `typeId`, `paletteId`, `ammoType`, `blipColor`, `bitField`, `burden`, `combatUse`, `cooldownDuration`, `cooldownId`, `effects`, `containersCapacity`, `header`, `hookTypeId`, `iconId`, `iconOverlayId`, `iconUnderlayId`, `hookItemTypes`, `itemsCapacity`, `location`, `materialType`, `maxStackSize`, `maxStructure`, `radar`, `pscript`, `spellId`, `stackSize`, `structure`, `targetTypeId`, `usability`, `useRadius`, `validLocations`, `value`, `workmanship`, `animationFrameId`, `defaultScript`, `defaultScriptIntensity`, `elasticity`, `friction`, `locationId`, `modelTableId`, `objectScale`, `physicsBitField`, `physicsTableId`, `motionTableId`, `soundTableId`, `physicsState`, `translucency`)
VALUES (2000453635, 'Entrance to the pyramid', 65536, 0, 0, 0, 262164, 0, 0, 0, 0, 0, 0, 8388656, 0, 100667499, 0, 0, 0, 0, 0, 0, 0, 0, 4, 0, 0, 0, 0, 0, 32, -0.1, 0, 0, 0, 0, 0, 0, 0, 0, 0, 33560216, 0, 98307, 0, 150995314, 0, 3084, 0);

INSERT INTO `ace_object` (`baseAceObjectId`, `weenieClassId`, `landblock`, `cell`, `posX`, `posY`, `posZ`, `qW`, `qX`, `qY`, `qZ`)
VALUES (2000453635, 40250, 29640, 36, 102.306, 90.3356, 95.79017, 0.3728199, 0, 0, -0.9279037);

INSERT INTO `base_ace_object` (`baseAceObjectId`, `name`, `typeId`, `paletteId`, `ammoType`, `blipColor`, `bitField`, `burden`, `combatUse`, `cooldownDuration`, `cooldownId`, `effects`, `containersCapacity`, `header`, `hookTypeId`, `iconId`, `iconOverlayId`, `iconUnderlayId`, `hookItemTypes`, `itemsCapacity`, `location`, `materialType`, `maxStackSize`, `maxStructure`, `radar`, `pscript`, `spellId`, `stackSize`, `structure`, `targetTypeId`, `usability`, `useRadius`, `validLocations`, `value`, `workmanship`, `animationFrameId`, `defaultScript`, `defaultScriptIntensity`, `elasticity`, `friction`, `locationId`, `modelTableId`, `objectScale`, `physicsBitField`, `physicsTableId`, `motionTableId`, `soundTableId`, `physicsState`, `translucency`)
VALUES (1998356483, 'Entrance to the pyramid', 65536, 0, 0, 0, 262164, 0, 0, 0, 0, 0, 0, 8388656, 0, 100667499, 0, 0, 0, 0, 0, 0, 0, 0, 4, 0, 0, 0, 0, 0, 32, -0.1, 0, 0, 0, 0, 0, 0, 0, 0, 0, 33560216, 0, 98307, 0, 150995314, 0, 3084, 0);

INSERT INTO `ace_object` (`baseAceObjectId`, `weenieClassId`, `landblock`, `cell`, `posX`, `posY`, `posZ`, `qW`, `qX`, `qY`, `qZ`)
VALUES (1998356483, 40248, 29128, 28, 89.7187, 90.5282, 95.79017, -0.3750299, 0, 0, -0.9270127);

INSERT INTO `base_ace_object` (`baseAceObjectId`, `name`, `typeId`, `paletteId`, `ammoType`, `blipColor`, `bitField`, `burden`, `combatUse`, `cooldownDuration`, `cooldownId`, `effects`, `containersCapacity`, `header`, `hookTypeId`, `iconId`, `iconOverlayId`, `iconUnderlayId`, `hookItemTypes`, `itemsCapacity`, `location`, `materialType`, `maxStackSize`, `maxStructure`, `radar`, `pscript`, `spellId`, `stackSize`, `structure`, `targetTypeId`, `usability`, `useRadius`, `validLocations`, `value`, `workmanship`, `animationFrameId`, `defaultScript`, `defaultScriptIntensity`, `elasticity`, `friction`, `locationId`, `modelTableId`, `objectScale`, `physicsBitField`, `physicsTableId`, `motionTableId`, `soundTableId`, `physicsState`, `translucency`)
VALUES (1948110850, 'Blighted Desolation Moarsman Tunnels', 65536, 0, 0, 0, 262164, 0, 0, 0, 0, 0, 0, 8388656, 0, 100667499, 0, 0, 0, 0, 0, 0, 0, 0, 4, 0, 0, 0, 0, 0, 32, -0.1, 0, 0, 0, 0, 0, 0, 0, 0, 0, 33555925, 0, 98307, 0, 150994947, 0, 3084, 0);

INSERT INTO `ace_object` (`baseAceObjectId`, `weenieClassId`, `landblock`, `cell`, `posX`, `posY`, `posZ`, `qW`, `qX`, `qY`, `qZ`)
VALUES (1948110850, 38157, 16861, 19, 70, 60, -0.163, -0.7071068, 0, 0, -0.7071068);

INSERT INTO `base_ace_object` (`baseAceObjectId`, `name`, `typeId`, `paletteId`, `ammoType`, `blipColor`, `bitField`, `burden`, `combatUse`, `cooldownDuration`, `cooldownId`, `effects`, `containersCapacity`, `header`, `hookTypeId`, `iconId`, `iconOverlayId`, `iconUnderlayId`, `hookItemTypes`, `itemsCapacity`, `location`, `materialType`, `maxStackSize`, `maxStructure`, `radar`, `pscript`, `spellId`, `stackSize`, `structure`, `targetTypeId`, `usability`, `useRadius`, `validLocations`, `value`, `workmanship`, `animationFrameId`, `defaultScript`, `defaultScriptIntensity`, `elasticity`, `friction`, `locationId`, `modelTableId`, `objectScale`, `physicsBitField`, `physicsTableId`, `motionTableId`, `soundTableId`, `physicsState`, `translucency`)
VALUES (2081009664, 'Cragstone Portal', 65536, 0, 0, 0, 262164, 0, 0, 0, 0, 0, 0, 8388656, 0, 100667499, 0, 0, 0, 0, 0, 0, 0, 0, 4, 0, 0, 0, 0, 0, 32, -0.1, 0, 0, 0, 0, 0, 0, 0, 0, 0, 33554867, 0, 98307, 0, 150994947, 0, 3084, 0);

INSERT INTO `ace_object` (`baseAceObjectId`, `weenieClassId`, `landblock`, `cell`, `posX`, `posY`, `posZ`, `qW`, `qX`, `qY`, `qZ`)
VALUES (2081009664, 1113, 49307, 18, 61.6, 38.4, 1.837, -0.8191522, 0, 0, -0.5735762);

INSERT INTO `base_ace_object` (`baseAceObjectId`, `name`, `typeId`, `paletteId`, `ammoType`, `blipColor`, `bitField`, `burden`, `combatUse`, `cooldownDuration`, `cooldownId`, `effects`, `containersCapacity`, `header`, `hookTypeId`, `iconId`, `iconOverlayId`, `iconUnderlayId`, `hookItemTypes`, `itemsCapacity`, `location`, `materialType`, `maxStackSize`, `maxStructure`, `radar`, `pscript`, `spellId`, `stackSize`, `structure`, `targetTypeId`, `usability`, `useRadius`, `validLocations`, `value`, `workmanship`, `animationFrameId`, `defaultScript`, `defaultScriptIntensity`, `elasticity`, `friction`, `locationId`, `modelTableId`, `objectScale`, `physicsBitField`, `physicsTableId`, `motionTableId`, `soundTableId`, `physicsState`, `translucency`)
VALUES (2077876224, 'Isle of Tears Portal', 65536, 0, 0, 0, 262164, 0, 0, 0, 0, 0, 0, 8388656, 0, 100667499, 0, 0, 0, 0, 0, 0, 0, 0, 4, 0, 0, 0, 0, 0, 32, -0.1, 0, 0, 0, 0, 0, 0, 0, 0, 0, 33554867, 0, 98307, 0, 150994947, 0, 3084, 0);

INSERT INTO `ace_object` (`baseAceObjectId`, `weenieClassId`, `landblock`, `cell`, `posX`, `posY`, `posZ`, `qW`, `qX`, `qY`, `qZ`)
VALUES (2077876224, 1112, 48542, 56, 153.2, 188, 1.837, -0.398749, 0, 0, -0.9170601);

INSERT INTO `base_ace_object` (`baseAceObjectId`, `name`, `typeId`, `paletteId`, `ammoType`, `blipColor`, `bitField`, `burden`, `combatUse`, `cooldownDuration`, `cooldownId`, `effects`, `containersCapacity`, `header`, `hookTypeId`, `iconId`, `iconOverlayId`, `iconUnderlayId`, `hookItemTypes`, `itemsCapacity`, `location`, `materialType`, `maxStackSize`, `maxStructure`, `radar`, `pscript`, `spellId`, `stackSize`, `structure`, `targetTypeId`, `usability`, `useRadius`, `validLocations`, `value`, `workmanship`, `animationFrameId`, `defaultScript`, `defaultScriptIntensity`, `elasticity`, `friction`, `locationId`, `modelTableId`, `objectScale`, `physicsBitField`, `physicsTableId`, `motionTableId`, `soundTableId`, `physicsState`, `translucency`)
VALUES (1881747528, 'Exit Portal', 65536, 0, 0, 0, 262164, 0, 0, 0, 0, 0, 0, 8388656, 0, 100667499, 0, 0, 0, 0, 0, 0, 0, 0, 4, 0, 0, 0, 0, 0, 32, -0.1, 0, 0, 0, 0, 0, 0, 0, 0, 0, 33555923, 0, 98307, 0, 150994947, 0, 3084, 0);

INSERT INTO `ace_object` (`baseAceObjectId`, `weenieClassId`, `landblock`, `cell`, `posX`, `posY`, `posZ`, `qW`, `qX`, `qY`, `qZ`)
VALUES (1881747528, 10984, 659, 670, 80, -35.38, -0.06299996, 0, 0, 0, -1);

INSERT INTO `base_ace_object` (`baseAceObjectId`, `name`, `typeId`, `paletteId`, `ammoType`, `blipColor`, `bitField`, `burden`, `combatUse`, `cooldownDuration`, `cooldownId`, `effects`, `containersCapacity`, `header`, `hookTypeId`, `iconId`, `iconOverlayId`, `iconUnderlayId`, `hookItemTypes`, `itemsCapacity`, `location`, `materialType`, `maxStackSize`, `maxStructure`, `radar`, `pscript`, `spellId`, `stackSize`, `structure`, `targetTypeId`, `usability`, `useRadius`, `validLocations`, `value`, `workmanship`, `animationFrameId`, `defaultScript`, `defaultScriptIntensity`, `elasticity`, `friction`, `locationId`, `modelTableId`, `objectScale`, `physicsBitField`, `physicsTableId`, `motionTableId`, `soundTableId`, `physicsState`, `translucency`)
VALUES (2082271232, 'Olthoi Horde Nest', 65536, 0, 0, 0, 262164, 0, 0, 0, 0, 0, 0, 8388656, 0, 100667499, 0, 0, 0, 0, 0, 0, 0, 0, 4, 0, 0, 0, 0, 0, 32, -0.1, 0, 0, 0, 0, 0, 0, 0, 0, 0, 33555923, 0, 98307, 0, 150994947, 0, 3084, 0);

INSERT INTO `ace_object` (`baseAceObjectId`, `weenieClassId`, `landblock`, `cell`, `posX`, `posY`, `posZ`, `qW`, `qX`, `qY`, `qZ`)
VALUES (2082271232, 7254, 49615, 31, 76.8862, 165.883, 278.1134, -0.6782293, 0, 0, -0.7348503);

INSERT INTO `base_ace_object` (`baseAceObjectId`, `name`, `typeId`, `paletteId`, `ammoType`, `blipColor`, `bitField`, `burden`, `combatUse`, `cooldownDuration`, `cooldownId`, `effects`, `containersCapacity`, `header`, `hookTypeId`, `iconId`, `iconOverlayId`, `iconUnderlayId`, `hookItemTypes`, `itemsCapacity`, `location`, `materialType`, `maxStackSize`, `maxStructure`, `radar`, `pscript`, `spellId`, `stackSize`, `structure`, `targetTypeId`, `usability`, `useRadius`, `validLocations`, `value`, `workmanship`, `animationFrameId`, `defaultScript`, `defaultScriptIntensity`, `elasticity`, `friction`, `locationId`, `modelTableId`, `objectScale`, `physicsBitField`, `physicsTableId`, `motionTableId`, `soundTableId`, `physicsState`, `translucency`)
VALUES (1882181897, 'Surface Portal', 65536, 0, 0, 0, 262164, 0, 0, 0, 0, 0, 0, 8388656, 0, 100667499, 0, 0, 0, 0, 0, 0, 0, 0, 4, 0, 0, 0, 0, 0, 32, -0.1, 0, 0, 0, 0, 0, 0, 0, 0, 0, 33554867, 0, 98307, 0, 150994947, 0, 3084, 0);

INSERT INTO `ace_object` (`baseAceObjectId`, `weenieClassId`, `landblock`, `cell`, `posX`, `posY`, `posZ`, `qW`, `qX`, `qY`, `qZ`)
VALUES (1882181897, 7255, 765, 974, 110, -650, -0.06299996, 1, 0, 0, -4.37114E-08);

INSERT INTO `base_ace_object` (`baseAceObjectId`, `name`, `typeId`, `paletteId`, `ammoType`, `blipColor`, `bitField`, `burden`, `combatUse`, `cooldownDuration`, `cooldownId`, `effects`, `containersCapacity`, `header`, `hookTypeId`, `iconId`, `iconOverlayId`, `iconUnderlayId`, `hookItemTypes`, `itemsCapacity`, `location`, `materialType`, `maxStackSize`, `maxStructure`, `radar`, `pscript`, `spellId`, `stackSize`, `structure`, `targetTypeId`, `usability`, `useRadius`, `validLocations`, `value`, `workmanship`, `animationFrameId`, `defaultScript`, `defaultScriptIntensity`, `elasticity`, `friction`, `locationId`, `modelTableId`, `objectScale`, `physicsBitField`, `physicsTableId`, `motionTableId`, `soundTableId`, `physicsState`, `translucency`)
VALUES (1882181632, 'Surface Portal', 65536, 0, 0, 0, 262164, 0, 0, 0, 0, 0, 0, 8388656, 0, 100667499, 0, 0, 0, 0, 0, 0, 0, 0, 4, 0, 0, 0, 0, 0, 32, -0.1, 0, 0, 0, 0, 0, 0, 0, 0, 0, 33554867, 0, 98307, 0, 150994947, 0, 3084, 0);

INSERT INTO `ace_object` (`baseAceObjectId`, `weenieClassId`, `landblock`, `cell`, `posX`, `posY`, `posZ`, `qW`, `qX`, `qY`, `qZ`)
VALUES (1882181632, 7255, 765, 257, 80, -30, -24.063, -0.7071068, 0, 0, -0.7071068);

INSERT INTO `base_ace_object` (`baseAceObjectId`, `name`, `typeId`, `paletteId`, `ammoType`, `blipColor`, `bitField`, `burden`, `combatUse`, `cooldownDuration`, `cooldownId`, `effects`, `containersCapacity`, `header`, `hookTypeId`, `iconId`, `iconOverlayId`, `iconUnderlayId`, `hookItemTypes`, `itemsCapacity`, `location`, `materialType`, `maxStackSize`, `maxStructure`, `radar`, `pscript`, `spellId`, `stackSize`, `structure`, `targetTypeId`, `usability`, `useRadius`, `validLocations`, `value`, `workmanship`, `animationFrameId`, `defaultScript`, `defaultScriptIntensity`, `elasticity`, `friction`, `locationId`, `modelTableId`, `objectScale`, `physicsBitField`, `physicsTableId`, `motionTableId`, `soundTableId`, `physicsState`, `translucency`)
VALUES (1882181942, 'Deeper Catacombs', 65536, 0, 0, 0, 262164, 0, 0, 0, 0, 0, 0, 8388656, 0, 100667499, 0, 0, 0, 0, 0, 0, 0, 0, 4, 0, 0, 0, 0, 0, 32, -0.1, 0, 0, 0, 0, 0, 0, 0, 0, 0, 33554867, 0, 98307, 0, 150994947, 0, 3084, 0);

INSERT INTO `ace_object` (`baseAceObjectId`, `weenieClassId`, `landblock`, `cell`, `posX`, `posY`, `posZ`, `qW`, `qX`, `qY`, `qZ`)
VALUES (1882181942, 24229, 765, 271, 90, -40, -24.063, 1, 0, 0, 0);

INSERT INTO `base_ace_object` (`baseAceObjectId`, `name`, `typeId`, `paletteId`, `ammoType`, `blipColor`, `bitField`, `burden`, `combatUse`, `cooldownDuration`, `cooldownId`, `effects`, `containersCapacity`, `header`, `hookTypeId`, `iconId`, `iconOverlayId`, `iconUnderlayId`, `hookItemTypes`, `itemsCapacity`, `location`, `materialType`, `maxStackSize`, `maxStructure`, `radar`, `pscript`, `spellId`, `stackSize`, `structure`, `targetTypeId`, `usability`, `useRadius`, `validLocations`, `value`, `workmanship`, `animationFrameId`, `defaultScript`, `defaultScriptIntensity`, `elasticity`, `friction`, `locationId`, `modelTableId`, `objectScale`, `physicsBitField`, `physicsTableId`, `motionTableId`, `soundTableId`, `physicsState`, `translucency`)
VALUES (1970593792, 'Catacombs of Opposition', 65536, 0, 0, 0, 262164, 0, 0, 0, 0, 0, 0, 8388656, 0, 100667499, 0, 0, 0, 0, 0, 0, 0, 0, 4, 0, 0, 0, 0, 0, 32, -0.1, 0, 0, 0, 0, 0, 0, 0, 0, 0, 33554867, 0, 98307, 0, 150994947, 0, 3084, 0);

INSERT INTO `ace_object` (`baseAceObjectId`, `weenieClassId`, `landblock`, `cell`, `posX`, `posY`, `posZ`, `qW`, `qX`, `qY`, `qZ`)
VALUES (1970593792, 24227, 22350, 256, 0, -10, -30.063, 0.7071068, 0, 0, -0.7071068);

INSERT INTO `base_ace_object` (`baseAceObjectId`, `name`, `typeId`, `paletteId`, `ammoType`, `blipColor`, `bitField`, `burden`, `combatUse`, `cooldownDuration`, `cooldownId`, `effects`, `containersCapacity`, `header`, `hookTypeId`, `iconId`, `iconOverlayId`, `iconUnderlayId`, `hookItemTypes`, `itemsCapacity`, `location`, `materialType`, `maxStackSize`, `maxStructure`, `radar`, `pscript`, `spellId`, `stackSize`, `structure`, `targetTypeId`, `usability`, `useRadius`, `validLocations`, `value`, `workmanship`, `animationFrameId`, `defaultScript`, `defaultScriptIntensity`, `elasticity`, `friction`, `locationId`, `modelTableId`, `objectScale`, `physicsBitField`, `physicsTableId`, `motionTableId`, `soundTableId`, `physicsState`, `translucency`)
VALUES (2019569765, 'Outer Courtyard', 65536, 0, 0, 0, 262164, 0, 0, 0, 0, 0, 0, 8388656, 0, 100667499, 0, 0, 0, 0, 0, 0, 0, 0, 4, 0, 0, 0, 0, 0, 32, -0.1, 0, 0, 0, 0, 0, 0, 0, 0, 0, 33554867, 0, 98307, 0, 150994947, 0, 3084, 0);

INSERT INTO `ace_object` (`baseAceObjectId`, `weenieClassId`, `landblock`, `cell`, `posX`, `posY`, `posZ`, `qW`, `qX`, `qY`, `qZ`)
VALUES (2019569765, 29334, 34307, 817, 90, -60, 11.937, -0.7071068, 0, 0, -0.7071068);

INSERT INTO `base_ace_object` (`baseAceObjectId`, `name`, `typeId`, `paletteId`, `ammoType`, `blipColor`, `bitField`, `burden`, `combatUse`, `cooldownDuration`, `cooldownId`, `effects`, `containersCapacity`, `header`, `hookTypeId`, `iconId`, `iconOverlayId`, `iconUnderlayId`, `hookItemTypes`, `itemsCapacity`, `location`, `materialType`, `maxStackSize`, `maxStructure`, `radar`, `pscript`, `spellId`, `stackSize`, `structure`, `targetTypeId`, `usability`, `useRadius`, `validLocations`, `value`, `workmanship`, `animationFrameId`, `defaultScript`, `defaultScriptIntensity`, `elasticity`, `friction`, `locationId`, `modelTableId`, `objectScale`, `physicsBitField`, `physicsTableId`, `motionTableId`, `soundTableId`, `physicsState`, `translucency`)
VALUES (2019569679, 'Exit to Holtburg', 65536, 0, 0, 0, 262164, 0, 0, 0, 0, 0, 0, 8388656, 0, 100667499, 0, 0, 0, 0, 0, 0, 0, 0, 4, 0, 0, 0, 0, 0, 32, -0.1, 0, 0, 0, 0, 0, 0, 0, 0, 0, 33554867, 0, 98307, 0, 150994947, 0, 3084, 0);

INSERT INTO `ace_object` (`baseAceObjectId`, `weenieClassId`, `landblock`, `cell`, `posX`, `posY`, `posZ`, `qW`, `qX`, `qY`, `qZ`)
VALUES (2019569679, 29338, 34307, 361, 158.641, -149.516, -6.063, 0.7071068, 0, 0, -0.7071068);

INSERT INTO `base_ace_object` (`baseAceObjectId`, `name`, `typeId`, `paletteId`, `ammoType`, `blipColor`, `bitField`, `burden`, `combatUse`, `cooldownDuration`, `cooldownId`, `effects`, `containersCapacity`, `header`, `hookTypeId`, `iconId`, `iconOverlayId`, `iconUnderlayId`, `hookItemTypes`, `itemsCapacity`, `location`, `materialType`, `maxStackSize`, `maxStructure`, `radar`, `pscript`, `spellId`, `stackSize`, `structure`, `targetTypeId`, `usability`, `useRadius`, `validLocations`, `value`, `workmanship`, `animationFrameId`, `defaultScript`, `defaultScriptIntensity`, `elasticity`, `friction`, `locationId`, `modelTableId`, `objectScale`, `physicsBitField`, `physicsTableId`, `motionTableId`, `soundTableId`, `physicsState`, `translucency`)
VALUES (2099822768, 'House Portal', 65536, 0, 0, 0, 262164, 0, 0, 0, 0, 0, 0, 41943088, 0, 100667499, 0, 0, 0, 0, 0, 0, 0, 0, 4, 0, 0, 0, 0, 0, 32, 0.75, 0, 0, 0, 0, 0, 0, 0, 0, 0, 33554867, 0, 98307, 0, 150994947, 0, 3076, 0);

INSERT INTO `ace_object` (`baseAceObjectId`, `weenieClassId`, `landblock`, `cell`, `posX`, `posY`, `posZ`, `qW`, `qX`, `qY`, `qZ`)
VALUES (2099822768, 11730, 53900, 280, 129.909, 39.7971, 21.137, -0.6774999, 0, 0, -0.7355229);

INSERT INTO `base_ace_object` (`baseAceObjectId`, `name`, `typeId`, `paletteId`, `ammoType`, `blipColor`, `bitField`, `burden`, `combatUse`, `cooldownDuration`, `cooldownId`, `effects`, `containersCapacity`, `header`, `hookTypeId`, `iconId`, `iconOverlayId`, `iconUnderlayId`, `hookItemTypes`, `itemsCapacity`, `location`, `materialType`, `maxStackSize`, `maxStructure`, `radar`, `pscript`, `spellId`, `stackSize`, `structure`, `targetTypeId`, `usability`, `useRadius`, `validLocations`, `value`, `workmanship`, `animationFrameId`, `defaultScript`, `defaultScriptIntensity`, `elasticity`, `friction`, `locationId`, `modelTableId`, `objectScale`, `physicsBitField`, `physicsTableId`, `motionTableId`, `soundTableId`, `physicsState`, `translucency`)
VALUES (2099822758, 'House Portal', 65536, 0, 0, 0, 262164, 0, 0, 0, 0, 0, 0, 41943088, 0, 100667499, 0, 0, 0, 0, 0, 0, 0, 0, 4, 0, 0, 0, 0, 0, 32, 0.75, 0, 0, 0, 0, 0, 0, 0, 0, 0, 33554867, 0, 98307, 0, 150994947, 0, 3076, 0);

INSERT INTO `ace_object` (`baseAceObjectId`, `weenieClassId`, `landblock`, `cell`, `posX`, `posY`, `posZ`, `qW`, `qX`, `qY`, `qZ`)
VALUES (2099822758, 11730, 53900, 311, 36.0682, 45.535, 25.137, -0.9999986, 0, 0, 0.001661899);

INSERT INTO `base_ace_object` (`baseAceObjectId`, `name`, `typeId`, `paletteId`, `ammoType`, `blipColor`, `bitField`, `burden`, `combatUse`, `cooldownDuration`, `cooldownId`, `effects`, `containersCapacity`, `header`, `hookTypeId`, `iconId`, `iconOverlayId`, `iconUnderlayId`, `hookItemTypes`, `itemsCapacity`, `location`, `materialType`, `maxStackSize`, `maxStructure`, `radar`, `pscript`, `spellId`, `stackSize`, `structure`, `targetTypeId`, `usability`, `useRadius`, `validLocations`, `value`, `workmanship`, `animationFrameId`, `defaultScript`, `defaultScriptIntensity`, `elasticity`, `friction`, `locationId`, `modelTableId`, `objectScale`, `physicsBitField`, `physicsTableId`, `motionTableId`, `soundTableId`, `physicsState`, `translucency`)
VALUES (2099822760, 'House Portal', 65536, 0, 0, 0, 262164, 0, 0, 0, 0, 0, 0, 41943088, 0, 100667499, 0, 0, 0, 0, 0, 0, 0, 0, 4, 0, 0, 0, 0, 0, 32, 0.75, 0, 0, 0, 0, 0, 0, 0, 0, 0, 33554867, 0, 98307, 0, 150994947, 0, 3076, 0);

INSERT INTO `ace_object` (`baseAceObjectId`, `weenieClassId`, `landblock`, `cell`, `posX`, `posY`, `posZ`, `qW`, `qX`, `qY`, `qZ`)
VALUES (2099822760, 11730, 53900, 339, 38.139, 105.395, 25.137, 0.69846, 0, 0, -0.7156491);

INSERT INTO `base_ace_object` (`baseAceObjectId`, `name`, `typeId`, `paletteId`, `ammoType`, `blipColor`, `bitField`, `burden`, `combatUse`, `cooldownDuration`, `cooldownId`, `effects`, `containersCapacity`, `header`, `hookTypeId`, `iconId`, `iconOverlayId`, `iconUnderlayId`, `hookItemTypes`, `itemsCapacity`, `location`, `materialType`, `maxStackSize`, `maxStructure`, `radar`, `pscript`, `spellId`, `stackSize`, `structure`, `targetTypeId`, `usability`, `useRadius`, `validLocations`, `value`, `workmanship`, `animationFrameId`, `defaultScript`, `defaultScriptIntensity`, `elasticity`, `friction`, `locationId`, `modelTableId`, `objectScale`, `physicsBitField`, `physicsTableId`, `motionTableId`, `soundTableId`, `physicsState`, `translucency`)
VALUES (2099822762, 'House Portal', 65536, 0, 0, 0, 262164, 0, 0, 0, 0, 0, 0, 41943088, 0, 100667499, 0, 0, 0, 0, 0, 0, 0, 0, 4, 0, 0, 0, 0, 0, 32, 0.75, 0, 0, 0, 0, 0, 0, 0, 0, 0, 33554867, 0, 98307, 0, 150994947, 0, 3076, 0);

INSERT INTO `ace_object` (`baseAceObjectId`, `weenieClassId`, `landblock`, `cell`, `posX`, `posY`, `posZ`, `qW`, `qX`, `qY`, `qZ`)
VALUES (2099822762, 11730, 53900, 370, 69.417, 156.624, 27.137, -0.7037629, 0, 0, 0.7104349);

INSERT INTO `base_ace_object` (`baseAceObjectId`, `name`, `typeId`, `paletteId`, `ammoType`, `blipColor`, `bitField`, `burden`, `combatUse`, `cooldownDuration`, `cooldownId`, `effects`, `containersCapacity`, `header`, `hookTypeId`, `iconId`, `iconOverlayId`, `iconUnderlayId`, `hookItemTypes`, `itemsCapacity`, `location`, `materialType`, `maxStackSize`, `maxStructure`, `radar`, `pscript`, `spellId`, `stackSize`, `structure`, `targetTypeId`, `usability`, `useRadius`, `validLocations`, `value`, `workmanship`, `animationFrameId`, `defaultScript`, `defaultScriptIntensity`, `elasticity`, `friction`, `locationId`, `modelTableId`, `objectScale`, `physicsBitField`, `physicsTableId`, `motionTableId`, `soundTableId`, `physicsState`, `translucency`)
VALUES (2099822764, 'House Portal', 65536, 0, 0, 0, 262164, 0, 0, 0, 0, 0, 0, 41943088, 0, 100667499, 0, 0, 0, 0, 0, 0, 0, 0, 4, 0, 0, 0, 0, 0, 32, 0.75, 0, 0, 0, 0, 0, 0, 0, 0, 0, 33554867, 0, 98307, 0, 150994947, 0, 3076, 0);

INSERT INTO `ace_object` (`baseAceObjectId`, `weenieClassId`, `landblock`, `cell`, `posX`, `posY`, `posZ`, `qW`, `qX`, `qY`, `qZ`)
VALUES (2099822764, 11730, 53900, 398, 153.713, 153.852, 29.137, 0.034522, 0, 0, -0.999404);

INSERT INTO `base_ace_object` (`baseAceObjectId`, `name`, `typeId`, `paletteId`, `ammoType`, `blipColor`, `bitField`, `burden`, `combatUse`, `cooldownDuration`, `cooldownId`, `effects`, `containersCapacity`, `header`, `hookTypeId`, `iconId`, `iconOverlayId`, `iconUnderlayId`, `hookItemTypes`, `itemsCapacity`, `location`, `materialType`, `maxStackSize`, `maxStructure`, `radar`, `pscript`, `spellId`, `stackSize`, `structure`, `targetTypeId`, `usability`, `useRadius`, `validLocations`, `value`, `workmanship`, `animationFrameId`, `defaultScript`, `defaultScriptIntensity`, `elasticity`, `friction`, `locationId`, `modelTableId`, `objectScale`, `physicsBitField`, `physicsTableId`, `motionTableId`, `soundTableId`, `physicsState`, `translucency`)
VALUES (2099822766, 'House Portal', 65536, 0, 0, 0, 262164, 0, 0, 0, 0, 0, 0, 41943088, 0, 100667499, 0, 0, 0, 0, 0, 0, 0, 0, 4, 0, 0, 0, 0, 0, 32, 0.75, 0, 0, 0, 0, 0, 0, 0, 0, 0, 33554867, 0, 98307, 0, 150994947, 0, 3076, 0);

INSERT INTO `ace_object` (`baseAceObjectId`, `weenieClassId`, `landblock`, `cell`, `posX`, `posY`, `posZ`, `qW`, `qX`, `qY`, `qZ`)
VALUES (2099822766, 11730, 53900, 429, 146.465, 84.3177, 23.137, 0.691394, 0, 0, 0.722478);

INSERT INTO `base_ace_object` (`baseAceObjectId`, `name`, `typeId`, `paletteId`, `ammoType`, `blipColor`, `bitField`, `burden`, `combatUse`, `cooldownDuration`, `cooldownId`, `effects`, `containersCapacity`, `header`, `hookTypeId`, `iconId`, `iconOverlayId`, `iconUnderlayId`, `hookItemTypes`, `itemsCapacity`, `location`, `materialType`, `maxStackSize`, `maxStructure`, `radar`, `pscript`, `spellId`, `stackSize`, `structure`, `targetTypeId`, `usability`, `useRadius`, `validLocations`, `value`, `workmanship`, `animationFrameId`, `defaultScript`, `defaultScriptIntensity`, `elasticity`, `friction`, `locationId`, `modelTableId`, `objectScale`, `physicsBitField`, `physicsTableId`, `motionTableId`, `soundTableId`, `physicsState`, `translucency`)
VALUES (2052820992, 'Access to Crystal Mines', 65536, 0, 0, 0, 262164, 0, 0, 0, 0, 0, 0, 8388656, 0, 100667499, 0, 0, 0, 0, 0, 0, 0, 0, 4, 0, 0, 0, 0, 0, 32, -0.1, 0, 0, 0, 0, 0, 0, 0, 0, 0, 33554867, 0, 98307, 0, 150994947, 0, 3084, 0);

INSERT INTO `ace_object` (`baseAceObjectId`, `weenieClassId`, `landblock`, `cell`, `posX`, `posY`, `posZ`, `qW`, `qX`, `qY`, `qZ`)
VALUES (2052820992, 22866, 42425, 40, 106.181, 178.585, 129.0886, 0.2399781, 0, 0, -0.9707783);

INSERT INTO `base_ace_object` (`baseAceObjectId`, `name`, `typeId`, `paletteId`, `ammoType`, `blipColor`, `bitField`, `burden`, `combatUse`, `cooldownDuration`, `cooldownId`, `effects`, `containersCapacity`, `header`, `hookTypeId`, `iconId`, `iconOverlayId`, `iconUnderlayId`, `hookItemTypes`, `itemsCapacity`, `location`, `materialType`, `maxStackSize`, `maxStructure`, `radar`, `pscript`, `spellId`, `stackSize`, `structure`, `targetTypeId`, `usability`, `useRadius`, `validLocations`, `value`, `workmanship`, `animationFrameId`, `defaultScript`, `defaultScriptIntensity`, `elasticity`, `friction`, `locationId`, `modelTableId`, `objectScale`, `physicsBitField`, `physicsTableId`, `motionTableId`, `soundTableId`, `physicsState`, `translucency`)
VALUES (2019569746, 'Central Courtyard', 65536, 0, 0, 0, 262164, 0, 0, 0, 0, 0, 0, 8388656, 0, 100667499, 0, 0, 0, 0, 0, 0, 0, 0, 4, 0, 0, 0, 0, 0, 32, -0.1, 0, 0, 0, 0, 0, 0, 0, 0, 0, 33554867, 0, 98307, 0, 150994947, 0, 3084, 0);

INSERT INTO `ace_object` (`baseAceObjectId`, `weenieClassId`, `landblock`, `cell`, `posX`, `posY`, `posZ`, `qW`, `qX`, `qY`, `qZ`)
VALUES (2019569746, 31061, 34307, 627, 70, -40, -0.06299996, 1, 0, 0, 0);

INSERT INTO `base_ace_object` (`baseAceObjectId`, `name`, `typeId`, `paletteId`, `ammoType`, `blipColor`, `bitField`, `burden`, `combatUse`, `cooldownDuration`, `cooldownId`, `effects`, `containersCapacity`, `header`, `hookTypeId`, `iconId`, `iconOverlayId`, `iconUnderlayId`, `hookItemTypes`, `itemsCapacity`, `location`, `materialType`, `maxStackSize`, `maxStructure`, `radar`, `pscript`, `spellId`, `stackSize`, `structure`, `targetTypeId`, `usability`, `useRadius`, `validLocations`, `value`, `workmanship`, `animationFrameId`, `defaultScript`, `defaultScriptIntensity`, `elasticity`, `friction`, `locationId`, `modelTableId`, `objectScale`, `physicsBitField`, `physicsTableId`, `motionTableId`, `soundTableId`, `physicsState`, `translucency`)
VALUES (1969578002, 'Crescent Moon Veranda Portal', 65536, 0, 0, 0, 262164, 0, 0, 0, 0, 0, 0, 8388656, 0, 100667499, 0, 0, 0, 0, 0, 0, 0, 0, 4, 0, 0, 0, 0, 0, 32, -0.1, 0, 0, 0, 0, 0, 0, 0, 0, 0, 33554867, 0, 98307, 0, 150994947, 0, 3084, 0);

INSERT INTO `ace_object` (`baseAceObjectId`, `weenieClassId`, `landblock`, `cell`, `posX`, `posY`, `posZ`, `qW`, `qX`, `qY`, `qZ`)
VALUES (1969578002, 21462, 22102, 386, 80.013, -40.001, -0.06299996, 1, 0, 0, 0);

INSERT INTO `base_ace_object` (`baseAceObjectId`, `name`, `typeId`, `paletteId`, `ammoType`, `blipColor`, `bitField`, `burden`, `combatUse`, `cooldownDuration`, `cooldownId`, `effects`, `containersCapacity`, `header`, `hookTypeId`, `iconId`, `iconOverlayId`, `iconUnderlayId`, `hookItemTypes`, `itemsCapacity`, `location`, `materialType`, `maxStackSize`, `maxStructure`, `radar`, `pscript`, `spellId`, `stackSize`, `structure`, `targetTypeId`, `usability`, `useRadius`, `validLocations`, `value`, `workmanship`, `animationFrameId`, `defaultScript`, `defaultScriptIntensity`, `elasticity`, `friction`, `locationId`, `modelTableId`, `objectScale`, `physicsBitField`, `physicsTableId`, `motionTableId`, `soundTableId`, `physicsState`, `translucency`)
VALUES (2024800271, 'Haven Residential Halls Portal', 65536, 0, 0, 0, 262164, 0, 0, 0, 0, 0, 0, 8388656, 0, 100667499, 0, 0, 0, 0, 0, 0, 0, 0, 4, 0, 0, 0, 0, 0, 32, -0.1, 0, 0, 0, 0, 0, 0, 0, 0, 0, 33554867, 0, 98307, 0, 150994947, 0, 3084, 0);

INSERT INTO `ace_object` (`baseAceObjectId`, `weenieClassId`, `landblock`, `cell`, `posX`, `posY`, `posZ`, `qW`, `qX`, `qY`, `qZ`)
VALUES (2024800271, 21464, 35584, 408, 100.101, -109.943, -0.06299996, -0.9055052, 0, 0, -0.4243351);

INSERT INTO `base_ace_object` (`baseAceObjectId`, `name`, `typeId`, `paletteId`, `ammoType`, `blipColor`, `bitField`, `burden`, `combatUse`, `cooldownDuration`, `cooldownId`, `effects`, `containersCapacity`, `header`, `hookTypeId`, `iconId`, `iconOverlayId`, `iconUnderlayId`, `hookItemTypes`, `itemsCapacity`, `location`, `materialType`, `maxStackSize`, `maxStructure`, `radar`, `pscript`, `spellId`, `stackSize`, `structure`, `targetTypeId`, `usability`, `useRadius`, `validLocations`, `value`, `workmanship`, `animationFrameId`, `defaultScript`, `defaultScriptIntensity`, `elasticity`, `friction`, `locationId`, `modelTableId`, `objectScale`, `physicsBitField`, `physicsTableId`, `motionTableId`, `soundTableId`, `physicsState`, `translucency`)
VALUES (2103959552, 'Serpent Clan Training Camp', 65536, 0, 0, 0, 262164, 0, 0, 0, 0, 0, 0, 8388656, 0, 100667499, 0, 0, 0, 0, 0, 0, 0, 0, 4, 0, 0, 0, 0, 0, 32, -0.1, 0, 0, 0, 0, 0, 0, 0, 0, 0, 33554867, 0, 98307, 0, 150994947, 0, 3084, 0);

INSERT INTO `ace_object` (`baseAceObjectId`, `weenieClassId`, `landblock`, `cell`, `posX`, `posY`, `posZ`, `qW`, `qX`, `qY`, `qZ`)
VALUES (2103959552, 23899, 54910, 58, 182.896, 30.2505, 19.937, 0.298786, 0, 0, -0.9543201);

INSERT INTO `base_ace_object` (`baseAceObjectId`, `name`, `typeId`, `paletteId`, `ammoType`, `blipColor`, `bitField`, `burden`, `combatUse`, `cooldownDuration`, `cooldownId`, `effects`, `containersCapacity`, `header`, `hookTypeId`, `iconId`, `iconOverlayId`, `iconUnderlayId`, `hookItemTypes`, `itemsCapacity`, `location`, `materialType`, `maxStackSize`, `maxStructure`, `radar`, `pscript`, `spellId`, `stackSize`, `structure`, `targetTypeId`, `usability`, `useRadius`, `validLocations`, `value`, `workmanship`, `animationFrameId`, `defaultScript`, `defaultScriptIntensity`, `elasticity`, `friction`, `locationId`, `modelTableId`, `objectScale`, `physicsBitField`, `physicsTableId`, `motionTableId`, `soundTableId`, `physicsState`, `translucency`)
VALUES (1880789007, 'Surface Portal', 65536, 0, 0, 0, 262164, 0, 0, 0, 0, 0, 0, 8388656, 0, 100667499, 0, 0, 0, 0, 0, 0, 0, 0, 4, 0, 0, 0, 0, 0, 32, -0.1, 0, 0, 0, 0, 0, 0, 0, 0, 0, 33554867, 0, 98307, 0, 150994947, 0, 3084, 0);

INSERT INTO `ace_object` (`baseAceObjectId`, `weenieClassId`, `landblock`, `cell`, `posX`, `posY`, `posZ`, `qW`, `qX`, `qY`, `qZ`)
VALUES (1880789007, 2358, 425, 295, 70, -60, -66.063, 0.7071068, 0, 0, -0.7071068);

INSERT INTO `base_ace_object` (`baseAceObjectId`, `name`, `typeId`, `paletteId`, `ammoType`, `blipColor`, `bitField`, `burden`, `combatUse`, `cooldownDuration`, `cooldownId`, `effects`, `containersCapacity`, `header`, `hookTypeId`, `iconId`, `iconOverlayId`, `iconUnderlayId`, `hookItemTypes`, `itemsCapacity`, `location`, `materialType`, `maxStackSize`, `maxStructure`, `radar`, `pscript`, `spellId`, `stackSize`, `structure`, `targetTypeId`, `usability`, `useRadius`, `validLocations`, `value`, `workmanship`, `animationFrameId`, `defaultScript`, `defaultScriptIntensity`, `elasticity`, `friction`, `locationId`, `modelTableId`, `objectScale`, `physicsBitField`, `physicsTableId`, `motionTableId`, `soundTableId`, `physicsState`, `translucency`)
VALUES (1917337603, 'Portal to Lighthouse', 65536, 0, 0, 0, 262164, 0, 0, 0, 0, 0, 0, 8388656, 0, 100667499, 0, 0, 0, 0, 0, 0, 0, 0, 4, 0, 0, 0, 0, 0, 32, -0.1, 0, 0, 0, 0, 0, 0, 0, 0, 0, 33555923, 0, 98307, 0, 150994947, 0, 3084, 0);

INSERT INTO `ace_object` (`baseAceObjectId`, `weenieClassId`, `landblock`, `cell`, `posX`, `posY`, `posZ`, `qW`, `qX`, `qY`, `qZ`)
VALUES (1917337603, 2356, 9348, 51, 159.735, 56.6959, 339.937, -0.3378759, 0, 0, -0.9411907);

INSERT INTO `base_ace_object` (`baseAceObjectId`, `name`, `typeId`, `paletteId`, `ammoType`, `blipColor`, `bitField`, `burden`, `combatUse`, `cooldownDuration`, `cooldownId`, `effects`, `containersCapacity`, `header`, `hookTypeId`, `iconId`, `iconOverlayId`, `iconUnderlayId`, `hookItemTypes`, `itemsCapacity`, `location`, `materialType`, `maxStackSize`, `maxStructure`, `radar`, `pscript`, `spellId`, `stackSize`, `structure`, `targetTypeId`, `usability`, `useRadius`, `validLocations`, `value`, `workmanship`, `animationFrameId`, `defaultScript`, `defaultScriptIntensity`, `elasticity`, `friction`, `locationId`, `modelTableId`, `objectScale`, `physicsBitField`, `physicsTableId`, `motionTableId`, `soundTableId`, `physicsState`, `translucency`)
VALUES (1916289024, 'Ancient Lighthouse Portal', 65536, 0, 0, 0, 262164, 0, 0, 0, 0, 0, 0, 8388656, 0, 100667499, 0, 0, 0, 0, 0, 0, 0, 0, 4, 0, 0, 0, 0, 0, 32, -0.1, 0, 0, 0, 0, 0, 0, 0, 0, 0, 33555923, 0, 98307, 0, 150994947, 0, 3084, 0);

INSERT INTO `ace_object` (`baseAceObjectId`, `weenieClassId`, `landblock`, `cell`, `posX`, `posY`, `posZ`, `qW`, `qX`, `qY`, `qZ`)
VALUES (1916289024, 2357, 9092, 256, 86.0074, 82.6469, 649.937, -0.1888459, 0, 0, 0.9820067);

INSERT INTO `base_ace_object` (`baseAceObjectId`, `name`, `typeId`, `paletteId`, `ammoType`, `blipColor`, `bitField`, `burden`, `combatUse`, `cooldownDuration`, `cooldownId`, `effects`, `containersCapacity`, `header`, `hookTypeId`, `iconId`, `iconOverlayId`, `iconUnderlayId`, `hookItemTypes`, `itemsCapacity`, `location`, `materialType`, `maxStackSize`, `maxStructure`, `radar`, `pscript`, `spellId`, `stackSize`, `structure`, `targetTypeId`, `usability`, `useRadius`, `validLocations`, `value`, `workmanship`, `animationFrameId`, `defaultScript`, `defaultScriptIntensity`, `elasticity`, `friction`, `locationId`, `modelTableId`, `objectScale`, `physicsBitField`, `physicsTableId`, `motionTableId`, `soundTableId`, `physicsState`, `translucency`)
VALUES (1952039377, 'House Portal', 65536, 0, 0, 0, 262164, 0, 0, 0, 0, 0, 0, 41943088, 0, 100667499, 0, 0, 0, 0, 0, 0, 0, 0, 4, 0, 0, 0, 0, 0, 32, 0.75, 0, 0, 0, 0, 0, 0, 0, 0, 0, 33554867, 0, 98307, 0, 150994947, 0, 3076, 0);

INSERT INTO `ace_object` (`baseAceObjectId`, `weenieClassId`, `landblock`, `cell`, `posX`, `posY`, `posZ`, `qW`, `qX`, `qY`, `qZ`)
VALUES (1952039377, 11730, 17820, 280, 153.366, 153.339, 35.137, -0.005418162, 0, 0, 0.9999853);

INSERT INTO `base_ace_object` (`baseAceObjectId`, `name`, `typeId`, `paletteId`, `ammoType`, `blipColor`, `bitField`, `burden`, `combatUse`, `cooldownDuration`, `cooldownId`, `effects`, `containersCapacity`, `header`, `hookTypeId`, `iconId`, `iconOverlayId`, `iconUnderlayId`, `hookItemTypes`, `itemsCapacity`, `location`, `materialType`, `maxStackSize`, `maxStructure`, `radar`, `pscript`, `spellId`, `stackSize`, `structure`, `targetTypeId`, `usability`, `useRadius`, `validLocations`, `value`, `workmanship`, `animationFrameId`, `defaultScript`, `defaultScriptIntensity`, `elasticity`, `friction`, `locationId`, `modelTableId`, `objectScale`, `physicsBitField`, `physicsTableId`, `motionTableId`, `soundTableId`, `physicsState`, `translucency`)
VALUES (1952039379, 'House Portal', 65536, 0, 0, 0, 262164, 0, 0, 0, 0, 0, 0, 41943088, 0, 100667499, 0, 0, 0, 0, 0, 0, 0, 0, 4, 0, 0, 0, 0, 0, 32, 0.75, 0, 0, 0, 0, 0, 0, 0, 0, 0, 33554867, 0, 98307, 0, 150994947, 0, 3076, 0);

INSERT INTO `ace_object` (`baseAceObjectId`, `weenieClassId`, `landblock`, `cell`, `posX`, `posY`, `posZ`, `qW`, `qX`, `qY`, `qZ`)
VALUES (1952039379, 11730, 17820, 311, 146.084, 60.483, 25.137, -0.7335503, 0, 0, -0.6796352);

INSERT INTO `base_ace_object` (`baseAceObjectId`, `name`, `typeId`, `paletteId`, `ammoType`, `blipColor`, `bitField`, `burden`, `combatUse`, `cooldownDuration`, `cooldownId`, `effects`, `containersCapacity`, `header`, `hookTypeId`, `iconId`, `iconOverlayId`, `iconUnderlayId`, `hookItemTypes`, `itemsCapacity`, `location`, `materialType`, `maxStackSize`, `maxStructure`, `radar`, `pscript`, `spellId`, `stackSize`, `structure`, `targetTypeId`, `usability`, `useRadius`, `validLocations`, `value`, `workmanship`, `animationFrameId`, `defaultScript`, `defaultScriptIntensity`, `elasticity`, `friction`, `locationId`, `modelTableId`, `objectScale`, `physicsBitField`, `physicsTableId`, `motionTableId`, `soundTableId`, `physicsState`, `translucency`)
VALUES (1952039371, 'House Portal', 65536, 0, 0, 0, 262164, 0, 0, 0, 0, 0, 0, 41943088, 0, 100667499, 0, 0, 0, 0, 0, 0, 0, 0, 4, 0, 0, 0, 0, 0, 32, 0.75, 0, 0, 0, 0, 0, 0, 0, 0, 0, 33554867, 0, 98307, 0, 150994947, 0, 3076, 0);

INSERT INTO `ace_object` (`baseAceObjectId`, `weenieClassId`, `landblock`, `cell`, `posX`, `posY`, `posZ`, `qW`, `qX`, `qY`, `qZ`)
VALUES (1952039371, 11730, 17820, 339, 37.9315, 57.2147, 23.137, 0.6932302, 0, 0, -0.7207162);

INSERT INTO `base_ace_object` (`baseAceObjectId`, `name`, `typeId`, `paletteId`, `ammoType`, `blipColor`, `bitField`, `burden`, `combatUse`, `cooldownDuration`, `cooldownId`, `effects`, `containersCapacity`, `header`, `hookTypeId`, `iconId`, `iconOverlayId`, `iconUnderlayId`, `hookItemTypes`, `itemsCapacity`, `location`, `materialType`, `maxStackSize`, `maxStructure`, `radar`, `pscript`, `spellId`, `stackSize`, `structure`, `targetTypeId`, `usability`, `useRadius`, `validLocations`, `value`, `workmanship`, `animationFrameId`, `defaultScript`, `defaultScriptIntensity`, `elasticity`, `friction`, `locationId`, `modelTableId`, `objectScale`, `physicsBitField`, `physicsTableId`, `motionTableId`, `soundTableId`, `physicsState`, `translucency`)
VALUES (1952039375, 'House Portal', 65536, 0, 0, 0, 262164, 0, 0, 0, 0, 0, 0, 41943088, 0, 100667499, 0, 0, 0, 0, 0, 0, 0, 0, 4, 0, 0, 0, 0, 0, 32, 0.75, 0, 0, 0, 0, 0, 0, 0, 0, 0, 33554867, 0, 98307, 0, 150994947, 0, 3076, 0);

INSERT INTO `ace_object` (`baseAceObjectId`, `weenieClassId`, `landblock`, `cell`, `posX`, `posY`, `posZ`, `qW`, `qX`, `qY`, `qZ`)
VALUES (1952039375, 11730, 17820, 370, 33.2927, 153.832, 29.137, -0.03511431, 0, 0, -0.9993833);

INSERT INTO `base_ace_object` (`baseAceObjectId`, `name`, `typeId`, `paletteId`, `ammoType`, `blipColor`, `bitField`, `burden`, `combatUse`, `cooldownDuration`, `cooldownId`, `effects`, `containersCapacity`, `header`, `hookTypeId`, `iconId`, `iconOverlayId`, `iconUnderlayId`, `hookItemTypes`, `itemsCapacity`, `location`, `materialType`, `maxStackSize`, `maxStructure`, `radar`, `pscript`, `spellId`, `stackSize`, `structure`, `targetTypeId`, `usability`, `useRadius`, `validLocations`, `value`, `workmanship`, `animationFrameId`, `defaultScript`, `defaultScriptIntensity`, `elasticity`, `friction`, `locationId`, `modelTableId`, `objectScale`, `physicsBitField`, `physicsTableId`, `motionTableId`, `soundTableId`, `physicsState`, `translucency`)
VALUES (1952039373, 'House Portal', 65536, 0, 0, 0, 262164, 0, 0, 0, 0, 0, 0, 41943088, 0, 100667499, 0, 0, 0, 0, 0, 0, 0, 0, 4, 0, 0, 0, 0, 0, 32, 0.75, 0, 0, 0, 0, 0, 0, 0, 0, 0, 33554867, 0, 98307, 0, 150994947, 0, 3076, 0);

INSERT INTO `ace_object` (`baseAceObjectId`, `weenieClassId`, `landblock`, `cell`, `posX`, `posY`, `posZ`, `qW`, `qX`, `qY`, `qZ`)
VALUES (1952039373, 11730, 17820, 401, 93.2283, 107.912, 23.137, -0.6901123, 0, 0, 0.7237023);

INSERT INTO `base_ace_object` (`baseAceObjectId`, `name`, `typeId`, `paletteId`, `ammoType`, `blipColor`, `bitField`, `burden`, `combatUse`, `cooldownDuration`, `cooldownId`, `effects`, `containersCapacity`, `header`, `hookTypeId`, `iconId`, `iconOverlayId`, `iconUnderlayId`, `hookItemTypes`, `itemsCapacity`, `location`, `materialType`, `maxStackSize`, `maxStructure`, `radar`, `pscript`, `spellId`, `stackSize`, `structure`, `targetTypeId`, `usability`, `useRadius`, `validLocations`, `value`, `workmanship`, `animationFrameId`, `defaultScript`, `defaultScriptIntensity`, `elasticity`, `friction`, `locationId`, `modelTableId`, `objectScale`, `physicsBitField`, `physicsTableId`, `motionTableId`, `soundTableId`, `physicsState`, `translucency`)
VALUES (1952039369, 'House Portal', 65536, 0, 0, 0, 262164, 0, 0, 0, 0, 0, 0, 41943088, 0, 100667499, 0, 0, 0, 0, 0, 0, 0, 0, 4, 0, 0, 0, 0, 0, 32, 0.75, 0, 0, 0, 0, 0, 0, 0, 0, 0, 33554867, 0, 98307, 0, 150994947, 0, 3076, 0);

INSERT INTO `ace_object` (`baseAceObjectId`, `weenieClassId`, `landblock`, `cell`, `posX`, `posY`, `posZ`, `qW`, `qX`, `qY`, `qZ`)
VALUES (1952039369, 11730, 17820, 429, 74.078, 35.3585, 29.137, -0.7246701, 0, 0, -0.689096);

INSERT INTO `base_ace_object` (`baseAceObjectId`, `name`, `typeId`, `paletteId`, `ammoType`, `blipColor`, `bitField`, `burden`, `combatUse`, `cooldownDuration`, `cooldownId`, `effects`, `containersCapacity`, `header`, `hookTypeId`, `iconId`, `iconOverlayId`, `iconUnderlayId`, `hookItemTypes`, `itemsCapacity`, `location`, `materialType`, `maxStackSize`, `maxStructure`, `radar`, `pscript`, `spellId`, `stackSize`, `structure`, `targetTypeId`, `usability`, `useRadius`, `validLocations`, `value`, `workmanship`, `animationFrameId`, `defaultScript`, `defaultScriptIntensity`, `elasticity`, `friction`, `locationId`, `modelTableId`, `objectScale`, `physicsBitField`, `physicsTableId`, `motionTableId`, `soundTableId`, `physicsState`, `translucency`)
VALUES (1966546999, 'House Portal', 65536, 0, 0, 0, 262164, 0, 0, 0, 0, 0, 0, 8388656, 0, 100667499, 0, 0, 0, 0, 0, 0, 0, 0, 4, 0, 0, 0, 0, 0, 32, 0.75, 0, 0, 0, 0, 0, 0, 0, 0, 0, 33554867, 0, 98307, 0, 150994947, 0, 3076, 0);

INSERT INTO `ace_object` (`baseAceObjectId`, `weenieClassId`, `landblock`, `cell`, `posX`, `posY`, `posZ`, `qW`, `qX`, `qY`, `qZ`)
VALUES (1966546999, 11730, 21362, 334, 50, -50, -6.063, -0.6892104, 0, 0, -0.7245613);

INSERT INTO `base_ace_object` (`baseAceObjectId`, `name`, `typeId`, `paletteId`, `ammoType`, `blipColor`, `bitField`, `burden`, `combatUse`, `cooldownDuration`, `cooldownId`, `effects`, `containersCapacity`, `header`, `hookTypeId`, `iconId`, `iconOverlayId`, `iconUnderlayId`, `hookItemTypes`, `itemsCapacity`, `location`, `materialType`, `maxStackSize`, `maxStructure`, `radar`, `pscript`, `spellId`, `stackSize`, `structure`, `targetTypeId`, `usability`, `useRadius`, `validLocations`, `value`, `workmanship`, `animationFrameId`, `defaultScript`, `defaultScriptIntensity`, `elasticity`, `friction`, `locationId`, `modelTableId`, `objectScale`, `physicsBitField`, `physicsTableId`, `motionTableId`, `soundTableId`, `physicsState`, `translucency`)
VALUES (1946853376, 'Sclavus Umbral Forge', 65536, 0, 0, 0, 262164, 0, 0, 0, 0, 0, 0, 8388656, 0, 100667499, 0, 0, 0, 0, 0, 0, 0, 0, 4, 0, 0, 0, 0, 0, 32, -0.1, 0, 0, 0, 0, 0, 0, 0, 0, 0, 33555924, 0, 98307, 0, 150994947, 0, 3084, 0);

INSERT INTO `ace_object` (`baseAceObjectId`, `weenieClassId`, `landblock`, `cell`, `posX`, `posY`, `posZ`, `qW`, `qX`, `qY`, `qZ`)
VALUES (1946853376, 32830, 16554, 256, 80, 36, 9.592, 0.7071068, 0, 0, -0.7071068);

INSERT INTO `base_ace_object` (`baseAceObjectId`, `name`, `typeId`, `paletteId`, `ammoType`, `blipColor`, `bitField`, `burden`, `combatUse`, `cooldownDuration`, `cooldownId`, `effects`, `containersCapacity`, `header`, `hookTypeId`, `iconId`, `iconOverlayId`, `iconUnderlayId`, `hookItemTypes`, `itemsCapacity`, `location`, `materialType`, `maxStackSize`, `maxStructure`, `radar`, `pscript`, `spellId`, `stackSize`, `structure`, `targetTypeId`, `usability`, `useRadius`, `validLocations`, `value`, `workmanship`, `animationFrameId`, `defaultScript`, `defaultScriptIntensity`, `elasticity`, `friction`, `locationId`, `modelTableId`, `objectScale`, `physicsBitField`, `physicsTableId`, `motionTableId`, `soundTableId`, `physicsState`, `translucency`)
VALUES (1948967369, 'House Portal', 65536, 0, 0, 0, 262164, 0, 0, 0, 0, 0, 0, 41943088, 0, 100667499, 0, 0, 0, 0, 0, 0, 0, 0, 4, 0, 0, 0, 0, 0, 32, 0.75, 0, 0, 0, 0, 0, 0, 0, 0, 0, 33554867, 0, 98307, 0, 150994947, 0, 3076, 0);

INSERT INTO `ace_object` (`baseAceObjectId`, `weenieClassId`, `landblock`, `cell`, `posX`, `posY`, `posZ`, `qW`, `qX`, `qY`, `qZ`)
VALUES (1948967369, 11730, 17070, 280, 153.574, 34.0157, 61.137, 0.003873102, 0, 0, -0.9999925);

INSERT INTO `base_ace_object` (`baseAceObjectId`, `name`, `typeId`, `paletteId`, `ammoType`, `blipColor`, `bitField`, `burden`, `combatUse`, `cooldownDuration`, `cooldownId`, `effects`, `containersCapacity`, `header`, `hookTypeId`, `iconId`, `iconOverlayId`, `iconUnderlayId`, `hookItemTypes`, `itemsCapacity`, `location`, `materialType`, `maxStackSize`, `maxStructure`, `radar`, `pscript`, `spellId`, `stackSize`, `structure`, `targetTypeId`, `usability`, `useRadius`, `validLocations`, `value`, `workmanship`, `animationFrameId`, `defaultScript`, `defaultScriptIntensity`, `elasticity`, `friction`, `locationId`, `modelTableId`, `objectScale`, `physicsBitField`, `physicsTableId`, `motionTableId`, `soundTableId`, `physicsState`, `translucency`)
VALUES (1948967371, 'House Portal', 65536, 0, 0, 0, 262164, 0, 0, 0, 0, 0, 0, 41943088, 0, 100667499, 0, 0, 0, 0, 0, 0, 0, 0, 4, 0, 0, 0, 0, 0, 32, 0.75, 0, 0, 0, 0, 0, 0, 0, 0, 0, 33554867, 0, 98307, 0, 150994947, 0, 3076, 0);

INSERT INTO `ace_object` (`baseAceObjectId`, `weenieClassId`, `landblock`, `cell`, `posX`, `posY`, `posZ`, `qW`, `qX`, `qY`, `qZ`)
VALUES (1948967371, 11730, 17070, 311, 156.602, 146.851, 61.137, 0.0552067, 0, 0, 0.998475);

INSERT INTO `base_ace_object` (`baseAceObjectId`, `name`, `typeId`, `paletteId`, `ammoType`, `blipColor`, `bitField`, `burden`, `combatUse`, `cooldownDuration`, `cooldownId`, `effects`, `containersCapacity`, `header`, `hookTypeId`, `iconId`, `iconOverlayId`, `iconUnderlayId`, `hookItemTypes`, `itemsCapacity`, `location`, `materialType`, `maxStackSize`, `maxStructure`, `radar`, `pscript`, `spellId`, `stackSize`, `structure`, `targetTypeId`, `usability`, `useRadius`, `validLocations`, `value`, `workmanship`, `animationFrameId`, `defaultScript`, `defaultScriptIntensity`, `elasticity`, `friction`, `locationId`, `modelTableId`, `objectScale`, `physicsBitField`, `physicsTableId`, `motionTableId`, `soundTableId`, `physicsState`, `translucency`)
VALUES (1948967373, 'House Portal', 65536, 0, 0, 0, 262164, 0, 0, 0, 0, 0, 0, 41943088, 0, 100667499, 0, 0, 0, 0, 0, 0, 0, 0, 4, 0, 0, 0, 0, 0, 32, 0.75, 0, 0, 0, 0, 0, 0, 0, 0, 0, 33554867, 0, 98307, 0, 150994947, 0, 3076, 0);

INSERT INTO `ace_object` (`baseAceObjectId`, `weenieClassId`, `landblock`, `cell`, `posX`, `posY`, `posZ`, `qW`, `qX`, `qY`, `qZ`)
VALUES (1948967373, 11730, 17070, 339, 106.297, 134.448, 39.137, -0.744295, 0, 0, -0.667851);

INSERT INTO `base_ace_object` (`baseAceObjectId`, `name`, `typeId`, `paletteId`, `ammoType`, `blipColor`, `bitField`, `burden`, `combatUse`, `cooldownDuration`, `cooldownId`, `effects`, `containersCapacity`, `header`, `hookTypeId`, `iconId`, `iconOverlayId`, `iconUnderlayId`, `hookItemTypes`, `itemsCapacity`, `location`, `materialType`, `maxStackSize`, `maxStructure`, `radar`, `pscript`, `spellId`, `stackSize`, `structure`, `targetTypeId`, `usability`, `useRadius`, `validLocations`, `value`, `workmanship`, `animationFrameId`, `defaultScript`, `defaultScriptIntensity`, `elasticity`, `friction`, `locationId`, `modelTableId`, `objectScale`, `physicsBitField`, `physicsTableId`, `motionTableId`, `soundTableId`, `physicsState`, `translucency`)
VALUES (1948967375, 'House Portal', 65536, 0, 0, 0, 262164, 0, 0, 0, 0, 0, 0, 41943088, 0, 100667499, 0, 0, 0, 0, 0, 0, 0, 0, 4, 0, 0, 0, 0, 0, 32, 0.75, 0, 0, 0, 0, 0, 0, 0, 0, 0, 33554867, 0, 98307, 0, 150994947, 0, 3076, 0);

INSERT INTO `ace_object` (`baseAceObjectId`, `weenieClassId`, `landblock`, `cell`, `posX`, `posY`, `posZ`, `qW`, `qX`, `qY`, `qZ`)
VALUES (1948967375, 11730, 17070, 370, 33.0155, 154.197, 29.137, 0.02865941, 0, 0, 0.9995893);

INSERT INTO `base_ace_object` (`baseAceObjectId`, `name`, `typeId`, `paletteId`, `ammoType`, `blipColor`, `bitField`, `burden`, `combatUse`, `cooldownDuration`, `cooldownId`, `effects`, `containersCapacity`, `header`, `hookTypeId`, `iconId`, `iconOverlayId`, `iconUnderlayId`, `hookItemTypes`, `itemsCapacity`, `location`, `materialType`, `maxStackSize`, `maxStructure`, `radar`, `pscript`, `spellId`, `stackSize`, `structure`, `targetTypeId`, `usability`, `useRadius`, `validLocations`, `value`, `workmanship`, `animationFrameId`, `defaultScript`, `defaultScriptIntensity`, `elasticity`, `friction`, `locationId`, `modelTableId`, `objectScale`, `physicsBitField`, `physicsTableId`, `motionTableId`, `soundTableId`, `physicsState`, `translucency`)
VALUES (1948967377, 'House Portal', 65536, 0, 0, 0, 262164, 0, 0, 0, 0, 0, 0, 41943088, 0, 100667499, 0, 0, 0, 0, 0, 0, 0, 0, 4, 0, 0, 0, 0, 0, 32, 0.75, 0, 0, 0, 0, 0, 0, 0, 0, 0, 33554867, 0, 98307, 0, 150994947, 0, 3076, 0);

INSERT INTO `ace_object` (`baseAceObjectId`, `weenieClassId`, `landblock`, `cell`, `posX`, `posY`, `posZ`, `qW`, `qX`, `qY`, `qZ`)
VALUES (1948967377, 11730, 17070, 401, 36.2627, 27.2031, 17.137, 0.05948077, 0, 0, 0.9982294);

INSERT INTO `base_ace_object` (`baseAceObjectId`, `name`, `typeId`, `paletteId`, `ammoType`, `blipColor`, `bitField`, `burden`, `combatUse`, `cooldownDuration`, `cooldownId`, `effects`, `containersCapacity`, `header`, `hookTypeId`, `iconId`, `iconOverlayId`, `iconUnderlayId`, `hookItemTypes`, `itemsCapacity`, `location`, `materialType`, `maxStackSize`, `maxStructure`, `radar`, `pscript`, `spellId`, `stackSize`, `structure`, `targetTypeId`, `usability`, `useRadius`, `validLocations`, `value`, `workmanship`, `animationFrameId`, `defaultScript`, `defaultScriptIntensity`, `elasticity`, `friction`, `locationId`, `modelTableId`, `objectScale`, `physicsBitField`, `physicsTableId`, `motionTableId`, `soundTableId`, `physicsState`, `translucency`)
VALUES (1948967379, 'House Portal', 65536, 0, 0, 0, 262164, 0, 0, 0, 0, 0, 0, 41943088, 0, 100667499, 0, 0, 0, 0, 0, 0, 0, 0, 4, 0, 0, 0, 0, 0, 32, 0.75, 0, 0, 0, 0, 0, 0, 0, 0, 0, 33554867, 0, 98307, 0, 150994947, 0, 3076, 0);

INSERT INTO `ace_object` (`baseAceObjectId`, `weenieClassId`, `landblock`, `cell`, `posX`, `posY`, `posZ`, `qW`, `qX`, `qY`, `qZ`)
VALUES (1948967379, 11730, 17070, 429, 98.7068, 59.576, 39.137, -0.7273698, 0, 0, -0.6862457);

INSERT INTO `base_ace_object` (`baseAceObjectId`, `name`, `typeId`, `paletteId`, `ammoType`, `blipColor`, `bitField`, `burden`, `combatUse`, `cooldownDuration`, `cooldownId`, `effects`, `containersCapacity`, `header`, `hookTypeId`, `iconId`, `iconOverlayId`, `iconUnderlayId`, `hookItemTypes`, `itemsCapacity`, `location`, `materialType`, `maxStackSize`, `maxStructure`, `radar`, `pscript`, `spellId`, `stackSize`, `structure`, `targetTypeId`, `usability`, `useRadius`, `validLocations`, `value`, `workmanship`, `animationFrameId`, `defaultScript`, `defaultScriptIntensity`, `elasticity`, `friction`, `locationId`, `modelTableId`, `objectScale`, `physicsBitField`, `physicsTableId`, `motionTableId`, `soundTableId`, `physicsState`, `translucency`)
VALUES (1881292816, 'House Portal', 65536, 0, 0, 0, 262164, 0, 0, 0, 0, 0, 0, 8388656, 0, 100667499, 0, 0, 0, 0, 0, 0, 0, 0, 4, 0, 0, 0, 0, 0, 32, 0.75, 0, 0, 0, 0, 0, 0, 0, 0, 0, 33554867, 0, 98307, 0, 150994947, 0, 3076, 0);

INSERT INTO `ace_object` (`baseAceObjectId`, `weenieClassId`, `landblock`, `cell`, `posX`, `posY`, `posZ`, `qW`, `qX`, `qY`, `qZ`)
VALUES (1881292816, 11730, 548, 287, 20, -50, -6.063, 1, 0, 0, 0);

INSERT INTO `base_ace_object` (`baseAceObjectId`, `name`, `typeId`, `paletteId`, `ammoType`, `blipColor`, `bitField`, `burden`, `combatUse`, `cooldownDuration`, `cooldownId`, `effects`, `containersCapacity`, `header`, `hookTypeId`, `iconId`, `iconOverlayId`, `iconUnderlayId`, `hookItemTypes`, `itemsCapacity`, `location`, `materialType`, `maxStackSize`, `maxStructure`, `radar`, `pscript`, `spellId`, `stackSize`, `structure`, `targetTypeId`, `usability`, `useRadius`, `validLocations`, `value`, `workmanship`, `animationFrameId`, `defaultScript`, `defaultScriptIntensity`, `elasticity`, `friction`, `locationId`, `modelTableId`, `objectScale`, `physicsBitField`, `physicsTableId`, `motionTableId`, `soundTableId`, `physicsState`, `translucency`)
VALUES (1879417045, 'Surface Portal', 65536, 0, 0, 0, 262164, 0, 0, 0, 0, 0, 0, 8388656, 0, 100667499, 0, 0, 0, 0, 0, 0, 0, 0, 4, 0, 0, 0, 0, 0, 32, -0.1, 0, 0, 0, 0, 0, 0, 0, 0, 0, 33554867, 0, 98307, 0, 150994947, 0, 3084, 0);

INSERT INTO `ace_object` (`baseAceObjectId`, `weenieClassId`, `landblock`, `cell`, `posX`, `posY`, `posZ`, `qW`, `qX`, `qY`, `qZ`)
VALUES (1879417045, 32557, 90, 921, 80, -160, -0.06299996, 1, 0, 0, 0);

INSERT INTO `base_ace_object` (`baseAceObjectId`, `name`, `typeId`, `paletteId`, `ammoType`, `blipColor`, `bitField`, `burden`, `combatUse`, `cooldownDuration`, `cooldownId`, `effects`, `containersCapacity`, `header`, `hookTypeId`, `iconId`, `iconOverlayId`, `iconUnderlayId`, `hookItemTypes`, `itemsCapacity`, `location`, `materialType`, `maxStackSize`, `maxStructure`, `radar`, `pscript`, `spellId`, `stackSize`, `structure`, `targetTypeId`, `usability`, `useRadius`, `validLocations`, `value`, `workmanship`, `animationFrameId`, `defaultScript`, `defaultScriptIntensity`, `elasticity`, `friction`, `locationId`, `modelTableId`, `objectScale`, `physicsBitField`, `physicsTableId`, `motionTableId`, `soundTableId`, `physicsState`, `translucency`)
VALUES (1970765928, 'Surface', 65536, 0, 0, 0, 262164, 0, 0, 0, 0, 0, 0, 8388656, 0, 100667499, 0, 0, 0, 0, 0, 0, 0, 0, 4, 0, 0, 0, 0, 0, 32, -0.1, 0, 0, 0, 0, 0, 0, 0, 0, 0, 33554867, 0, 98307, 0, 150994947, 0, 3084, 0);

INSERT INTO `ace_object` (`baseAceObjectId`, `weenieClassId`, `landblock`, `cell`, `posX`, `posY`, `posZ`, `qW`, `qX`, `qY`, `qZ`)
VALUES (1970765928, 23900, 22392, 788, 40.0044, -86.4127, 5.937, 0.031296, 0, 0, -0.9995102);

INSERT INTO `base_ace_object` (`baseAceObjectId`, `name`, `typeId`, `paletteId`, `ammoType`, `blipColor`, `bitField`, `burden`, `combatUse`, `cooldownDuration`, `cooldownId`, `effects`, `containersCapacity`, `header`, `hookTypeId`, `iconId`, `iconOverlayId`, `iconUnderlayId`, `hookItemTypes`, `itemsCapacity`, `location`, `materialType`, `maxStackSize`, `maxStructure`, `radar`, `pscript`, `spellId`, `stackSize`, `structure`, `targetTypeId`, `usability`, `useRadius`, `validLocations`, `value`, `workmanship`, `animationFrameId`, `defaultScript`, `defaultScriptIntensity`, `elasticity`, `friction`, `locationId`, `modelTableId`, `objectScale`, `physicsBitField`, `physicsTableId`, `motionTableId`, `soundTableId`, `physicsState`, `translucency`)
VALUES (2092429381, 'House Portal', 65536, 0, 0, 0, 262164, 0, 0, 0, 0, 0, 0, 8388656, 0, 100667499, 0, 0, 0, 0, 0, 0, 0, 0, 4, 0, 0, 0, 0, 0, 32, 0.75, 0, 0, 0, 0, 0, 0, 0, 0, 0, 33554867, 0, 98307, 0, 150994947, 0, 3076, 0);

INSERT INTO `ace_object` (`baseAceObjectId`, `weenieClassId`, `landblock`, `cell`, `posX`, `posY`, `posZ`, `qW`, `qX`, `qY`, `qZ`)
VALUES (2092429381, 11730, 52095, 338, 67.633, 150.892, 21.937, -0.7002958, 0, 0, 0.7138528);

INSERT INTO `base_ace_object` (`baseAceObjectId`, `name`, `typeId`, `paletteId`, `ammoType`, `blipColor`, `bitField`, `burden`, `combatUse`, `cooldownDuration`, `cooldownId`, `effects`, `containersCapacity`, `header`, `hookTypeId`, `iconId`, `iconOverlayId`, `iconUnderlayId`, `hookItemTypes`, `itemsCapacity`, `location`, `materialType`, `maxStackSize`, `maxStructure`, `radar`, `pscript`, `spellId`, `stackSize`, `structure`, `targetTypeId`, `usability`, `useRadius`, `validLocations`, `value`, `workmanship`, `animationFrameId`, `defaultScript`, `defaultScriptIntensity`, `elasticity`, `friction`, `locationId`, `modelTableId`, `objectScale`, `physicsBitField`, `physicsTableId`, `motionTableId`, `soundTableId`, `physicsState`, `translucency`)
VALUES (1965527095, 'House Portal', 65536, 0, 0, 0, 262164, 0, 0, 0, 0, 0, 0, 8388656, 0, 100667499, 0, 0, 0, 0, 0, 0, 0, 0, 4, 0, 0, 0, 0, 0, 32, 0.75, 0, 0, 0, 0, 0, 0, 0, 0, 0, 33554867, 0, 98307, 0, 150994947, 0, 3076, 0);

INSERT INTO `ace_object` (`baseAceObjectId`, `weenieClassId`, `landblock`, `cell`, `posX`, `posY`, `posZ`, `qW`, `qX`, `qY`, `qZ`)
VALUES (1965527095, 11730, 21113, 334, 50, -50, -6.063, -0.6892104, 0, 0, -0.7245613);

INSERT INTO `base_ace_object` (`baseAceObjectId`, `name`, `typeId`, `paletteId`, `ammoType`, `blipColor`, `bitField`, `burden`, `combatUse`, `cooldownDuration`, `cooldownId`, `effects`, `containersCapacity`, `header`, `hookTypeId`, `iconId`, `iconOverlayId`, `iconUnderlayId`, `hookItemTypes`, `itemsCapacity`, `location`, `materialType`, `maxStackSize`, `maxStructure`, `radar`, `pscript`, `spellId`, `stackSize`, `structure`, `targetTypeId`, `usability`, `useRadius`, `validLocations`, `value`, `workmanship`, `animationFrameId`, `defaultScript`, `defaultScriptIntensity`, `elasticity`, `friction`, `locationId`, `modelTableId`, `objectScale`, `physicsBitField`, `physicsTableId`, `motionTableId`, `soundTableId`, `physicsState`, `translucency`)
VALUES (2092392797, 'House Portal', 65536, 0, 0, 0, 262164, 0, 0, 0, 0, 0, 0, 41943088, 0, 100667499, 0, 0, 0, 0, 0, 0, 0, 0, 4, 0, 0, 0, 0, 0, 32, 0.75, 0, 0, 0, 0, 0, 0, 0, 0, 0, 33554867, 0, 98307, 0, 150994947, 0, 3076, 0);

INSERT INTO `ace_object` (`baseAceObjectId`, `weenieClassId`, `landblock`, `cell`, `posX`, `posY`, `posZ`, `qW`, `qX`, `qY`, `qZ`)
VALUES (2092392797, 11730, 52086, 303, 106.073, 87.1335, 33.137, 0.7320635, 0, 0, 0.6812364);

INSERT INTO `base_ace_object` (`baseAceObjectId`, `name`, `typeId`, `paletteId`, `ammoType`, `blipColor`, `bitField`, `burden`, `combatUse`, `cooldownDuration`, `cooldownId`, `effects`, `containersCapacity`, `header`, `hookTypeId`, `iconId`, `iconOverlayId`, `iconUnderlayId`, `hookItemTypes`, `itemsCapacity`, `location`, `materialType`, `maxStackSize`, `maxStructure`, `radar`, `pscript`, `spellId`, `stackSize`, `structure`, `targetTypeId`, `usability`, `useRadius`, `validLocations`, `value`, `workmanship`, `animationFrameId`, `defaultScript`, `defaultScriptIntensity`, `elasticity`, `friction`, `locationId`, `modelTableId`, `objectScale`, `physicsBitField`, `physicsTableId`, `motionTableId`, `soundTableId`, `physicsState`, `translucency`)
VALUES (2087006278, 'House Portal', 65536, 0, 0, 0, 262164, 0, 0, 0, 0, 0, 0, 41943088, 0, 100667499, 0, 0, 0, 0, 0, 0, 0, 0, 4, 0, 0, 0, 0, 0, 32, 0.75, 0, 0, 0, 0, 0, 0, 0, 0, 0, 33554867, 0, 98307, 0, 150994947, 0, 3076, 0);

INSERT INTO `ace_object` (`baseAceObjectId`, `weenieClassId`, `landblock`, `cell`, `posX`, `posY`, `posZ`, `qW`, `qX`, `qY`, `qZ`)
VALUES (2087006278, 11730, 50771, 338, 66.9107, 78.7458, -4.062999, 0.6750991, 0, 0, -0.737727);

INSERT INTO `base_ace_object` (`baseAceObjectId`, `name`, `typeId`, `paletteId`, `ammoType`, `blipColor`, `bitField`, `burden`, `combatUse`, `cooldownDuration`, `cooldownId`, `effects`, `containersCapacity`, `header`, `hookTypeId`, `iconId`, `iconOverlayId`, `iconUnderlayId`, `hookItemTypes`, `itemsCapacity`, `location`, `materialType`, `maxStackSize`, `maxStructure`, `radar`, `pscript`, `spellId`, `stackSize`, `structure`, `targetTypeId`, `usability`, `useRadius`, `validLocations`, `value`, `workmanship`, `animationFrameId`, `defaultScript`, `defaultScriptIntensity`, `elasticity`, `friction`, `locationId`, `modelTableId`, `objectScale`, `physicsBitField`, `physicsTableId`, `motionTableId`, `soundTableId`, `physicsState`, `translucency`)
VALUES (2083913728, 'Empyrean Foundry Portal', 65536, 0, 0, 0, 262164, 0, 0, 0, 0, 0, 0, 8388656, 0, 100667499, 0, 0, 0, 0, 0, 0, 0, 0, 4, 0, 0, 0, 0, 0, 32, -0.1, 0, 0, 0, 0, 0, 0, 0, 0, 0, 33554867, 0, 98307, 0, 150994947, 0, 3084, 0);

INSERT INTO `ace_object` (`baseAceObjectId`, `weenieClassId`, `landblock`, `cell`, `posX`, `posY`, `posZ`, `qW`, `qX`, `qY`, `qZ`)
VALUES (2083913728, 6084, 50016, 1, 19.0042, 11.1853, 5.937, -0.9986396, 0, 0, -0.05214318);

INSERT INTO `base_ace_object` (`baseAceObjectId`, `name`, `typeId`, `paletteId`, `ammoType`, `blipColor`, `bitField`, `burden`, `combatUse`, `cooldownDuration`, `cooldownId`, `effects`, `containersCapacity`, `header`, `hookTypeId`, `iconId`, `iconOverlayId`, `iconUnderlayId`, `hookItemTypes`, `itemsCapacity`, `location`, `materialType`, `maxStackSize`, `maxStructure`, `radar`, `pscript`, `spellId`, `stackSize`, `structure`, `targetTypeId`, `usability`, `useRadius`, `validLocations`, `value`, `workmanship`, `animationFrameId`, `defaultScript`, `defaultScriptIntensity`, `elasticity`, `friction`, `locationId`, `modelTableId`, `objectScale`, `physicsBitField`, `physicsTableId`, `motionTableId`, `soundTableId`, `physicsState`, `translucency`)
VALUES (2078838785, 'Stable Rift', 65536, 0, 0, 0, 262164, 0, 0, 0, 0, 0, 0, 8388656, 0, 100667499, 0, 0, 0, 0, 0, 0, 0, 0, 4, 0, 0, 0, 0, 0, 32, -0.1, 0, 0, 0, 0, 0, 0, 0, 0, 0, 33555923, 0, 98307, 0, 150994947, 0, 3084, 0);

INSERT INTO `ace_object` (`baseAceObjectId`, `weenieClassId`, `landblock`, `cell`, `posX`, `posY`, `posZ`, `qW`, `qX`, `qY`, `qZ`)
VALUES (2078838785, 10792, 48777, 28, 75.361, 86.146, 43.59842, 1, 0, 0, 0);

INSERT INTO `base_ace_object` (`baseAceObjectId`, `name`, `typeId`, `paletteId`, `ammoType`, `blipColor`, `bitField`, `burden`, `combatUse`, `cooldownDuration`, `cooldownId`, `effects`, `containersCapacity`, `header`, `hookTypeId`, `iconId`, `iconOverlayId`, `iconUnderlayId`, `hookItemTypes`, `itemsCapacity`, `location`, `materialType`, `maxStackSize`, `maxStructure`, `radar`, `pscript`, `spellId`, `stackSize`, `structure`, `targetTypeId`, `usability`, `useRadius`, `validLocations`, `value`, `workmanship`, `animationFrameId`, `defaultScript`, `defaultScriptIntensity`, `elasticity`, `friction`, `locationId`, `modelTableId`, `objectScale`, `physicsBitField`, `physicsTableId`, `motionTableId`, `soundTableId`, `physicsState`, `translucency`)
VALUES (1880506403, 'Surface Portal', 65536, 0, 0, 0, 262164, 0, 0, 0, 0, 0, 0, 8388656, 0, 100667499, 0, 0, 0, 0, 0, 0, 0, 0, 4, 0, 0, 0, 0, 0, 32, -0.1, 0, 0, 0, 0, 0, 0, 0, 0, 0, 33554867, 0, 98307, 0, 150994947, 0, 3084, 0);

INSERT INTO `ace_object` (`baseAceObjectId`, `weenieClassId`, `landblock`, `cell`, `posX`, `posY`, `posZ`, `qW`, `qX`, `qY`, `qZ`)
VALUES (1880506403, 4896, 356, 475, 109.729, -21.5806, -6.000082, 0.9538486, 0, 0, -0.3002879);

INSERT INTO `base_ace_object` (`baseAceObjectId`, `name`, `typeId`, `paletteId`, `ammoType`, `blipColor`, `bitField`, `burden`, `combatUse`, `cooldownDuration`, `cooldownId`, `effects`, `containersCapacity`, `header`, `hookTypeId`, `iconId`, `iconOverlayId`, `iconUnderlayId`, `hookItemTypes`, `itemsCapacity`, `location`, `materialType`, `maxStackSize`, `maxStructure`, `radar`, `pscript`, `spellId`, `stackSize`, `structure`, `targetTypeId`, `usability`, `useRadius`, `validLocations`, `value`, `workmanship`, `animationFrameId`, `defaultScript`, `defaultScriptIntensity`, `elasticity`, `friction`, `locationId`, `modelTableId`, `objectScale`, `physicsBitField`, `physicsTableId`, `motionTableId`, `soundTableId`, `physicsState`, `translucency`)
VALUES (2074480644, 'Watery Grotto', 65536, 0, 0, 0, 262164, 0, 0, 0, 0, 0, 0, 8388656, 0, 100667499, 0, 0, 0, 0, 0, 0, 0, 0, 4, 0, 0, 0, 0, 0, 32, -0.1, 0, 0, 0, 0, 0, 0, 0, 0, 0, 33555926, 0, 98307, 0, 150994947, 0, 3084, 0);

INSERT INTO `ace_object` (`baseAceObjectId`, `weenieClassId`, `landblock`, `cell`, `posX`, `posY`, `posZ`, `qW`, `qX`, `qY`, `qZ`)
VALUES (2074480644, 28265, 47713, 256, 75.8117, 131.897, -0.5079997, 0.711665, 0, 0, -0.702519);

INSERT INTO `base_ace_object` (`baseAceObjectId`, `name`, `typeId`, `paletteId`, `ammoType`, `blipColor`, `bitField`, `burden`, `combatUse`, `cooldownDuration`, `cooldownId`, `effects`, `containersCapacity`, `header`, `hookTypeId`, `iconId`, `iconOverlayId`, `iconUnderlayId`, `hookItemTypes`, `itemsCapacity`, `location`, `materialType`, `maxStackSize`, `maxStructure`, `radar`, `pscript`, `spellId`, `stackSize`, `structure`, `targetTypeId`, `usability`, `useRadius`, `validLocations`, `value`, `workmanship`, `animationFrameId`, `defaultScript`, `defaultScriptIntensity`, `elasticity`, `friction`, `locationId`, `modelTableId`, `objectScale`, `physicsBitField`, `physicsTableId`, `motionTableId`, `soundTableId`, `physicsState`, `translucency`)
VALUES (2066051194, 'House Portal', 65536, 0, 0, 0, 262164, 0, 0, 0, 0, 0, 0, 41943088, 0, 100667499, 0, 0, 0, 0, 0, 0, 0, 0, 4, 0, 0, 0, 0, 0, 32, 0.75, 0, 0, 0, 0, 0, 0, 0, 0, 0, 33554867, 0, 98307, 0, 150994947, 0, 3076, 0);

INSERT INTO `ace_object` (`baseAceObjectId`, `weenieClassId`, `landblock`, `cell`, `posX`, `posY`, `posZ`, `qW`, `qX`, `qY`, `qZ`)
VALUES (2066051194, 11730, 45655, 338, 90.9995, 127.078, 7.937001, -0.7091603, 0, 0, 0.7050473);

INSERT INTO `base_ace_object` (`baseAceObjectId`, `name`, `typeId`, `paletteId`, `ammoType`, `blipColor`, `bitField`, `burden`, `combatUse`, `cooldownDuration`, `cooldownId`, `effects`, `containersCapacity`, `header`, `hookTypeId`, `iconId`, `iconOverlayId`, `iconUnderlayId`, `hookItemTypes`, `itemsCapacity`, `location`, `materialType`, `maxStackSize`, `maxStructure`, `radar`, `pscript`, `spellId`, `stackSize`, `structure`, `targetTypeId`, `usability`, `useRadius`, `validLocations`, `value`, `workmanship`, `animationFrameId`, `defaultScript`, `defaultScriptIntensity`, `elasticity`, `friction`, `locationId`, `modelTableId`, `objectScale`, `physicsBitField`, `physicsTableId`, `motionTableId`, `soundTableId`, `physicsState`, `translucency`)
VALUES (2059723139, 'House Portal', 65536, 0, 0, 0, 262164, 0, 0, 0, 0, 0, 0, 41943088, 0, 100667499, 0, 0, 0, 0, 0, 0, 0, 0, 4, 0, 0, 0, 0, 0, 32, 0.75, 0, 0, 0, 0, 0, 0, 0, 0, 0, 33554867, 0, 98307, 0, 150994947, 0, 3076, 0);

INSERT INTO `ace_object` (`baseAceObjectId`, `weenieClassId`, `landblock`, `cell`, `posX`, `posY`, `posZ`, `qW`, `qX`, `qY`, `qZ`)
VALUES (2059723139, 11730, 44110, 280, 153.767, 153.743, 15.137, -0.009639315, 0, 0, 0.9999536);

INSERT INTO `base_ace_object` (`baseAceObjectId`, `name`, `typeId`, `paletteId`, `ammoType`, `blipColor`, `bitField`, `burden`, `combatUse`, `cooldownDuration`, `cooldownId`, `effects`, `containersCapacity`, `header`, `hookTypeId`, `iconId`, `iconOverlayId`, `iconUnderlayId`, `hookItemTypes`, `itemsCapacity`, `location`, `materialType`, `maxStackSize`, `maxStructure`, `radar`, `pscript`, `spellId`, `stackSize`, `structure`, `targetTypeId`, `usability`, `useRadius`, `validLocations`, `value`, `workmanship`, `animationFrameId`, `defaultScript`, `defaultScriptIntensity`, `elasticity`, `friction`, `locationId`, `modelTableId`, `objectScale`, `physicsBitField`, `physicsTableId`, `motionTableId`, `soundTableId`, `physicsState`, `translucency`)
VALUES (2059723147, 'House Portal', 65536, 0, 0, 0, 262164, 0, 0, 0, 0, 0, 0, 41943088, 0, 100667499, 0, 0, 0, 0, 0, 0, 0, 0, 4, 0, 0, 0, 0, 0, 32, 0.75, 0, 0, 0, 0, 0, 0, 0, 0, 0, 33554867, 0, 98307, 0, 150994947, 0, 3076, 0);

INSERT INTO `ace_object` (`baseAceObjectId`, `weenieClassId`, `landblock`, `cell`, `posX`, `posY`, `posZ`, `qW`, `qX`, `qY`, `qZ`)
VALUES (2059723147, 11730, 44110, 311, 131.416, 117.887, 15.137, 0.9998825, 0, 0, -0.01532789);

INSERT INTO `base_ace_object` (`baseAceObjectId`, `name`, `typeId`, `paletteId`, `ammoType`, `blipColor`, `bitField`, `burden`, `combatUse`, `cooldownDuration`, `cooldownId`, `effects`, `containersCapacity`, `header`, `hookTypeId`, `iconId`, `iconOverlayId`, `iconUnderlayId`, `hookItemTypes`, `itemsCapacity`, `location`, `materialType`, `maxStackSize`, `maxStructure`, `radar`, `pscript`, `spellId`, `stackSize`, `structure`, `targetTypeId`, `usability`, `useRadius`, `validLocations`, `value`, `workmanship`, `animationFrameId`, `defaultScript`, `defaultScriptIntensity`, `elasticity`, `friction`, `locationId`, `modelTableId`, `objectScale`, `physicsBitField`, `physicsTableId`, `motionTableId`, `soundTableId`, `physicsState`, `translucency`)
VALUES (2059723135, 'House Portal', 65536, 0, 0, 0, 262164, 0, 0, 0, 0, 0, 0, 41943088, 0, 100667499, 0, 0, 0, 0, 0, 0, 0, 0, 4, 0, 0, 0, 0, 0, 32, 0.75, 0, 0, 0, 0, 0, 0, 0, 0, 0, 33554867, 0, 98307, 0, 150994947, 0, 3076, 0);

INSERT INTO `ace_object` (`baseAceObjectId`, `weenieClassId`, `landblock`, `cell`, `posX`, `posY`, `posZ`, `qW`, `qX`, `qY`, `qZ`)
VALUES (2059723135, 11730, 44110, 339, 34.2331, 82.8553, 21.137, -0.39268, 0, 0, 0.9196752);

INSERT INTO `base_ace_object` (`baseAceObjectId`, `name`, `typeId`, `paletteId`, `ammoType`, `blipColor`, `bitField`, `burden`, `combatUse`, `cooldownDuration`, `cooldownId`, `effects`, `containersCapacity`, `header`, `hookTypeId`, `iconId`, `iconOverlayId`, `iconUnderlayId`, `hookItemTypes`, `itemsCapacity`, `location`, `materialType`, `maxStackSize`, `maxStructure`, `radar`, `pscript`, `spellId`, `stackSize`, `structure`, `targetTypeId`, `usability`, `useRadius`, `validLocations`, `value`, `workmanship`, `animationFrameId`, `defaultScript`, `defaultScriptIntensity`, `elasticity`, `friction`, `locationId`, `modelTableId`, `objectScale`, `physicsBitField`, `physicsTableId`, `motionTableId`, `soundTableId`, `physicsState`, `translucency`)
VALUES (2059723137, 'House Portal', 65536, 0, 0, 0, 262164, 0, 0, 0, 0, 0, 0, 41943088, 0, 100667499, 0, 0, 0, 0, 0, 0, 0, 0, 4, 0, 0, 0, 0, 0, 32, 0.75, 0, 0, 0, 0, 0, 0, 0, 0, 0, 33554867, 0, 98307, 0, 150994947, 0, 3076, 0);

INSERT INTO `ace_object` (`baseAceObjectId`, `weenieClassId`, `landblock`, `cell`, `posX`, `posY`, `posZ`, `qW`, `qX`, `qY`, `qZ`)
VALUES (2059723137, 11730, 44110, 370, 69.7886, 157.883, 21.137, 0.9212373, 0, 0, -0.3890012);

INSERT INTO `base_ace_object` (`baseAceObjectId`, `name`, `typeId`, `paletteId`, `ammoType`, `blipColor`, `bitField`, `burden`, `combatUse`, `cooldownDuration`, `cooldownId`, `effects`, `containersCapacity`, `header`, `hookTypeId`, `iconId`, `iconOverlayId`, `iconUnderlayId`, `hookItemTypes`, `itemsCapacity`, `location`, `materialType`, `maxStackSize`, `maxStructure`, `radar`, `pscript`, `spellId`, `stackSize`, `structure`, `targetTypeId`, `usability`, `useRadius`, `validLocations`, `value`, `workmanship`, `animationFrameId`, `defaultScript`, `defaultScriptIntensity`, `elasticity`, `friction`, `locationId`, `modelTableId`, `objectScale`, `physicsBitField`, `physicsTableId`, `motionTableId`, `soundTableId`, `physicsState`, `translucency`)
VALUES (2059723133, 'House Portal', 65536, 0, 0, 0, 262164, 0, 0, 0, 0, 0, 0, 41943088, 0, 100667499, 0, 0, 0, 0, 0, 0, 0, 0, 4, 0, 0, 0, 0, 0, 32, 0.75, 0, 0, 0, 0, 0, 0, 0, 0, 0, 33554867, 0, 98307, 0, 150994947, 0, 3076, 0);

INSERT INTO `ace_object` (`baseAceObjectId`, `weenieClassId`, `landblock`, `cell`, `posX`, `posY`, `posZ`, `qW`, `qX`, `qY`, `qZ`)
VALUES (2059723133, 11730, 44110, 398, 117.282, 36.2192, 9.136999, -0.6921544, 0, 0, 0.7217494);

INSERT INTO `base_ace_object` (`baseAceObjectId`, `name`, `typeId`, `paletteId`, `ammoType`, `blipColor`, `bitField`, `burden`, `combatUse`, `cooldownDuration`, `cooldownId`, `effects`, `containersCapacity`, `header`, `hookTypeId`, `iconId`, `iconOverlayId`, `iconUnderlayId`, `hookItemTypes`, `itemsCapacity`, `location`, `materialType`, `maxStackSize`, `maxStructure`, `radar`, `pscript`, `spellId`, `stackSize`, `structure`, `targetTypeId`, `usability`, `useRadius`, `validLocations`, `value`, `workmanship`, `animationFrameId`, `defaultScript`, `defaultScriptIntensity`, `elasticity`, `friction`, `locationId`, `modelTableId`, `objectScale`, `physicsBitField`, `physicsTableId`, `motionTableId`, `soundTableId`, `physicsState`, `translucency`)
VALUES (2085867589, 'House Portal', 65536, 0, 0, 0, 262164, 0, 0, 0, 0, 0, 0, 41943088, 0, 100667499, 0, 0, 0, 0, 0, 0, 0, 0, 4, 0, 0, 0, 0, 0, 32, 0.75, 0, 0, 0, 0, 0, 0, 0, 0, 0, 33554867, 0, 98307, 0, 150994947, 0, 3076, 0);

INSERT INTO `ace_object` (`baseAceObjectId`, `weenieClassId`, `landblock`, `cell`, `posX`, `posY`, `posZ`, `qW`, `qX`, `qY`, `qZ`)
VALUES (2085867589, 11730, 50493, 338, 66.4478, 126.569, 61.937, -0.6651928, 0, 0, 0.7466717);

INSERT INTO `base_ace_object` (`baseAceObjectId`, `name`, `typeId`, `paletteId`, `ammoType`, `blipColor`, `bitField`, `burden`, `combatUse`, `cooldownDuration`, `cooldownId`, `effects`, `containersCapacity`, `header`, `hookTypeId`, `iconId`, `iconOverlayId`, `iconUnderlayId`, `hookItemTypes`, `itemsCapacity`, `location`, `materialType`, `maxStackSize`, `maxStructure`, `radar`, `pscript`, `spellId`, `stackSize`, `structure`, `targetTypeId`, `usability`, `useRadius`, `validLocations`, `value`, `workmanship`, `animationFrameId`, `defaultScript`, `defaultScriptIntensity`, `elasticity`, `friction`, `locationId`, `modelTableId`, `objectScale`, `physicsBitField`, `physicsTableId`, `motionTableId`, `soundTableId`, `physicsState`, `translucency`)
VALUES (2084790272, 'Trialos', 65536, 0, 0, 0, 262164, 0, 0, 0, 0, 0, 0, 8388656, 0, 100667499, 0, 0, 0, 0, 0, 0, 0, 0, 4, 0, 0, 0, 0, 0, 32, -0.1, 0, 0, 0, 0, 0, 0, 0, 0, 0, 33554867, 0, 98307, 0, 150994947, 0, 3084, 0);

INSERT INTO `ace_object` (`baseAceObjectId`, `weenieClassId`, `landblock`, `cell`, `posX`, `posY`, `posZ`, `qW`, `qX`, `qY`, `qZ`)
VALUES (2084790272, 2341, 50230, 33, 111.782, 16.4698, 64.50438, 0.9986479, 0, 0, -0.0519838);

INSERT INTO `base_ace_object` (`baseAceObjectId`, `name`, `typeId`, `paletteId`, `ammoType`, `blipColor`, `bitField`, `burden`, `combatUse`, `cooldownDuration`, `cooldownId`, `effects`, `containersCapacity`, `header`, `hookTypeId`, `iconId`, `iconOverlayId`, `iconUnderlayId`, `hookItemTypes`, `itemsCapacity`, `location`, `materialType`, `maxStackSize`, `maxStructure`, `radar`, `pscript`, `spellId`, `stackSize`, `structure`, `targetTypeId`, `usability`, `useRadius`, `validLocations`, `value`, `workmanship`, `animationFrameId`, `defaultScript`, `defaultScriptIntensity`, `elasticity`, `friction`, `locationId`, `modelTableId`, `objectScale`, `physicsBitField`, `physicsTableId`, `motionTableId`, `soundTableId`, `physicsState`, `translucency`)
VALUES (2084782080, 'Serac Vault Portal', 65536, 0, 0, 0, 262164, 0, 0, 0, 0, 0, 0, 8388656, 0, 100667499, 0, 0, 0, 0, 0, 0, 0, 0, 4, 0, 0, 0, 0, 0, 32, -0.1, 0, 0, 0, 0, 0, 0, 0, 0, 0, 33555923, 0, 98307, 0, 150994947, 0, 3084, 0);

INSERT INTO `ace_object` (`baseAceObjectId`, `weenieClassId`, `landblock`, `cell`, `posX`, `posY`, `posZ`, `qW`, `qX`, `qY`, `qZ`)
VALUES (2084782080, 6397, 50228, 13, 25.9823, 96.5481, 150.1022, -0.8854162, 0, 0, -0.4647991);

INSERT INTO `base_ace_object` (`baseAceObjectId`, `name`, `typeId`, `paletteId`, `ammoType`, `blipColor`, `bitField`, `burden`, `combatUse`, `cooldownDuration`, `cooldownId`, `effects`, `containersCapacity`, `header`, `hookTypeId`, `iconId`, `iconOverlayId`, `iconUnderlayId`, `hookItemTypes`, `itemsCapacity`, `location`, `materialType`, `maxStackSize`, `maxStructure`, `radar`, `pscript`, `spellId`, `stackSize`, `structure`, `targetTypeId`, `usability`, `useRadius`, `validLocations`, `value`, `workmanship`, `animationFrameId`, `defaultScript`, `defaultScriptIntensity`, `elasticity`, `friction`, `locationId`, `modelTableId`, `objectScale`, `physicsBitField`, `physicsTableId`, `motionTableId`, `soundTableId`, `physicsState`, `translucency`)
VALUES (2130178048, 'Tusker Armory', 65536, 0, 0, 0, 262164, 0, 0, 0, 0, 0, 0, 8388656, 0, 100667499, 0, 0, 0, 0, 0, 0, 0, 0, 4, 0, 0, 0, 0, 0, 32, -0.1, 0, 0, 0, 0, 0, 0, 0, 0, 0, 33555926, 0, 98307, 0, 150994947, 0, 3084, 0);

INSERT INTO `ace_object` (`baseAceObjectId`, `weenieClassId`, `landblock`, `cell`, `posX`, `posY`, `posZ`, `qW`, `qX`, `qY`, `qZ`)
VALUES (2130178048, 22657, 61311, 12, 31.9169, 92.1597, 11.937, 0.9066172, 0, 0, -0.4219541);

INSERT INTO `base_ace_object` (`baseAceObjectId`, `name`, `typeId`, `paletteId`, `ammoType`, `blipColor`, `bitField`, `burden`, `combatUse`, `cooldownDuration`, `cooldownId`, `effects`, `containersCapacity`, `header`, `hookTypeId`, `iconId`, `iconOverlayId`, `iconUnderlayId`, `hookItemTypes`, `itemsCapacity`, `location`, `materialType`, `maxStackSize`, `maxStructure`, `radar`, `pscript`, `spellId`, `stackSize`, `structure`, `targetTypeId`, `usability`, `useRadius`, `validLocations`, `value`, `workmanship`, `animationFrameId`, `defaultScript`, `defaultScriptIntensity`, `elasticity`, `friction`, `locationId`, `modelTableId`, `objectScale`, `physicsBitField`, `physicsTableId`, `motionTableId`, `soundTableId`, `physicsState`, `translucency`)
VALUES (1972666372, 'Surface', 65536, 0, 0, 0, 262164, 0, 0, 0, 0, 0, 0, 8388656, 0, 100667499, 0, 0, 0, 0, 0, 0, 0, 0, 4, 0, 0, 0, 0, 0, 32, -0.1, 0, 0, 0, 0, 0, 0, 0, 0, 0, 33554867, 0, 98307, 0, 150994947, 0, 3084, 0);

INSERT INTO `ace_object` (`baseAceObjectId`, `weenieClassId`, `landblock`, `cell`, `posX`, `posY`, `posZ`, `qW`, `qX`, `qY`, `qZ`)
VALUES (1972666372, 22658, 22856, 292, 75.2114, -0.0367732, -12.063, 0.6967069, 0, 0, -0.7173559);

INSERT INTO `base_ace_object` (`baseAceObjectId`, `name`, `typeId`, `paletteId`, `ammoType`, `blipColor`, `bitField`, `burden`, `combatUse`, `cooldownDuration`, `cooldownId`, `effects`, `containersCapacity`, `header`, `hookTypeId`, `iconId`, `iconOverlayId`, `iconUnderlayId`, `hookItemTypes`, `itemsCapacity`, `location`, `materialType`, `maxStackSize`, `maxStructure`, `radar`, `pscript`, `spellId`, `stackSize`, `structure`, `targetTypeId`, `usability`, `useRadius`, `validLocations`, `value`, `workmanship`, `animationFrameId`, `defaultScript`, `defaultScriptIntensity`, `elasticity`, `friction`, `locationId`, `modelTableId`, `objectScale`, `physicsBitField`, `physicsTableId`, `motionTableId`, `soundTableId`, `physicsState`, `translucency`)
VALUES (2124931072, 'Plated Rifts', 65536, 0, 0, 0, 262164, 0, 0, 0, 0, 0, 0, 8388656, 0, 100667499, 0, 0, 0, 0, 0, 0, 0, 0, 4, 0, 0, 0, 0, 0, 32, -0.1, 0, 0, 0, 0, 0, 0, 0, 0, 0, 33555925, 0, 98307, 0, 150994947, 0, 3084, 0);

INSERT INTO `ace_object` (`baseAceObjectId`, `weenieClassId`, `landblock`, `cell`, `posX`, `posY`, `posZ`, `qW`, `qX`, `qY`, `qZ`)
VALUES (2124931072, 22652, 60030, 42, 124.674, 42.5018, 13.61618, -0.4787411, 0, 0, -0.8779562);

INSERT INTO `base_ace_object` (`baseAceObjectId`, `name`, `typeId`, `paletteId`, `ammoType`, `blipColor`, `bitField`, `burden`, `combatUse`, `cooldownDuration`, `cooldownId`, `effects`, `containersCapacity`, `header`, `hookTypeId`, `iconId`, `iconOverlayId`, `iconUnderlayId`, `hookItemTypes`, `itemsCapacity`, `location`, `materialType`, `maxStackSize`, `maxStructure`, `radar`, `pscript`, `spellId`, `stackSize`, `structure`, `targetTypeId`, `usability`, `useRadius`, `validLocations`, `value`, `workmanship`, `animationFrameId`, `defaultScript`, `defaultScriptIntensity`, `elasticity`, `friction`, `locationId`, `modelTableId`, `objectScale`, `physicsBitField`, `physicsTableId`, `motionTableId`, `soundTableId`, `physicsState`, `translucency`)
VALUES (2125983744, 'Tusker Tunnels', 65536, 0, 0, 0, 262164, 0, 0, 0, 0, 0, 0, 8388656, 0, 100667499, 0, 0, 0, 0, 0, 0, 0, 0, 4, 0, 0, 0, 0, 0, 32, -0.1, 0, 0, 0, 0, 0, 0, 0, 0, 0, 33555925, 0, 98307, 0, 150994947, 0, 3084, 0);

INSERT INTO `ace_object` (`baseAceObjectId`, `weenieClassId`, `landblock`, `cell`, `posX`, `posY`, `posZ`, `qW`, `qX`, `qY`, `qZ`)
VALUES (2125983744, 22702, 60287, 31, 75.8466, 154.695, 13.04575, 0.03726412, 0, 0, -0.9993054);

INSERT INTO `base_ace_object` (`baseAceObjectId`, `name`, `typeId`, `paletteId`, `ammoType`, `blipColor`, `bitField`, `burden`, `combatUse`, `cooldownDuration`, `cooldownId`, `effects`, `containersCapacity`, `header`, `hookTypeId`, `iconId`, `iconOverlayId`, `iconUnderlayId`, `hookItemTypes`, `itemsCapacity`, `location`, `materialType`, `maxStackSize`, `maxStructure`, `radar`, `pscript`, `spellId`, `stackSize`, `structure`, `targetTypeId`, `usability`, `useRadius`, `validLocations`, `value`, `workmanship`, `animationFrameId`, `defaultScript`, `defaultScriptIntensity`, `elasticity`, `friction`, `locationId`, `modelTableId`, `objectScale`, `physicsBitField`, `physicsTableId`, `motionTableId`, `soundTableId`, `physicsState`, `translucency`)
VALUES (2138562560, 'Tusker Habitat', 65536, 0, 0, 0, 262164, 0, 0, 0, 0, 0, 0, 8388656, 0, 100667499, 0, 0, 0, 0, 0, 0, 0, 0, 4, 0, 0, 0, 0, 0, 32, -0.1, 0, 0, 0, 0, 0, 0, 0, 0, 0, 33555926, 0, 98307, 0, 150994947, 0, 3084, 0);

INSERT INTO `ace_object` (`baseAceObjectId`, `weenieClassId`, `landblock`, `cell`, `posX`, `posY`, `posZ`, `qW`, `qX`, `qY`, `qZ`)
VALUES (2138562560, 22678, 63358, 23, 53.7317, 154.137, 19.20278, -0.0008571107, 0, 0, -0.9999996);

INSERT INTO `base_ace_object` (`baseAceObjectId`, `name`, `typeId`, `paletteId`, `ammoType`, `blipColor`, `bitField`, `burden`, `combatUse`, `cooldownDuration`, `cooldownId`, `effects`, `containersCapacity`, `header`, `hookTypeId`, `iconId`, `iconOverlayId`, `iconUnderlayId`, `hookItemTypes`, `itemsCapacity`, `location`, `materialType`, `maxStackSize`, `maxStructure`, `radar`, `pscript`, `spellId`, `stackSize`, `structure`, `targetTypeId`, `usability`, `useRadius`, `validLocations`, `value`, `workmanship`, `animationFrameId`, `defaultScript`, `defaultScriptIntensity`, `elasticity`, `friction`, `locationId`, `modelTableId`, `objectScale`, `physicsBitField`, `physicsTableId`, `motionTableId`, `soundTableId`, `physicsState`, `translucency`)
VALUES (2055524689, 'House Portal', 65536, 0, 0, 0, 262164, 0, 0, 0, 0, 0, 0, 41943088, 0, 100667499, 0, 0, 0, 0, 0, 0, 0, 0, 4, 0, 0, 0, 0, 0, 32, 0.75, 0, 0, 0, 0, 0, 0, 0, 0, 0, 33554867, 0, 98307, 0, 150994947, 0, 3076, 0);

INSERT INTO `ace_object` (`baseAceObjectId`, `weenieClassId`, `landblock`, `cell`, `posX`, `posY`, `posZ`, `qW`, `qX`, `qY`, `qZ`)
VALUES (2055524689, 11730, 43085, 280, 37.0562, 104.997, 49.137, 0.672973, 0, 0, -0.739667);

INSERT INTO `base_ace_object` (`baseAceObjectId`, `name`, `typeId`, `paletteId`, `ammoType`, `blipColor`, `bitField`, `burden`, `combatUse`, `cooldownDuration`, `cooldownId`, `effects`, `containersCapacity`, `header`, `hookTypeId`, `iconId`, `iconOverlayId`, `iconUnderlayId`, `hookItemTypes`, `itemsCapacity`, `location`, `materialType`, `maxStackSize`, `maxStructure`, `radar`, `pscript`, `spellId`, `stackSize`, `structure`, `targetTypeId`, `usability`, `useRadius`, `validLocations`, `value`, `workmanship`, `animationFrameId`, `defaultScript`, `defaultScriptIntensity`, `elasticity`, `friction`, `locationId`, `modelTableId`, `objectScale`, `physicsBitField`, `physicsTableId`, `motionTableId`, `soundTableId`, `physicsState`, `translucency`)
VALUES (2056597533, 'Exit', 65536, 0, 0, 0, 262164, 0, 0, 0, 0, 0, 0, 8388656, 0, 100667499, 0, 0, 0, 0, 0, 0, 0, 0, 4, 0, 0, 0, 0, 0, 32, -0.1, 0, 0, 0, 0, 0, 0, 0, 0, 0, 33554867, 0, 98307, 0, 150994947, 0, 3084, 0);

INSERT INTO `ace_object` (`baseAceObjectId`, `weenieClassId`, `landblock`, `cell`, `posX`, `posY`, `posZ`, `qW`, `qX`, `qY`, `qZ`)
VALUES (2056597533, 23516, 43347, 37, 115.599, 100.575, 109.7708, -0.6052969, 0, 0, 0.7959998);

INSERT INTO `base_ace_object` (`baseAceObjectId`, `name`, `typeId`, `paletteId`, `ammoType`, `blipColor`, `bitField`, `burden`, `combatUse`, `cooldownDuration`, `cooldownId`, `effects`, `containersCapacity`, `header`, `hookTypeId`, `iconId`, `iconOverlayId`, `iconUnderlayId`, `hookItemTypes`, `itemsCapacity`, `location`, `materialType`, `maxStackSize`, `maxStructure`, `radar`, `pscript`, `spellId`, `stackSize`, `structure`, `targetTypeId`, `usability`, `useRadius`, `validLocations`, `value`, `workmanship`, `animationFrameId`, `defaultScript`, `defaultScriptIntensity`, `elasticity`, `friction`, `locationId`, `modelTableId`, `objectScale`, `physicsBitField`, `physicsTableId`, `motionTableId`, `soundTableId`, `physicsState`, `translucency`)
VALUES (2056601600, 'Tower Base Dungeon', 65536, 0, 0, 0, 262164, 0, 0, 0, 0, 0, 0, 8388656, 0, 100667499, 0, 0, 0, 0, 0, 0, 0, 0, 4, 0, 0, 0, 0, 0, 32, -0.1, 0, 0, 0, 0, 0, 0, 0, 0, 0, 33554867, 0, 98307, 0, 150994947, 0, 3084, 0);

INSERT INTO `ace_object` (`baseAceObjectId`, `weenieClassId`, `landblock`, `cell`, `posX`, `posY`, `posZ`, `qW`, `qX`, `qY`, `qZ`)
VALUES (2056601600, 23515, 43348, 25, 84.8778, 4.75906, 52.46726, -0.03070911, 0, 0, 0.9995283);

INSERT INTO `base_ace_object` (`baseAceObjectId`, `name`, `typeId`, `paletteId`, `ammoType`, `blipColor`, `bitField`, `burden`, `combatUse`, `cooldownDuration`, `cooldownId`, `effects`, `containersCapacity`, `header`, `hookTypeId`, `iconId`, `iconOverlayId`, `iconUnderlayId`, `hookItemTypes`, `itemsCapacity`, `location`, `materialType`, `maxStackSize`, `maxStructure`, `radar`, `pscript`, `spellId`, `stackSize`, `structure`, `targetTypeId`, `usability`, `useRadius`, `validLocations`, `value`, `workmanship`, `animationFrameId`, `defaultScript`, `defaultScriptIntensity`, `elasticity`, `friction`, `locationId`, `modelTableId`, `objectScale`, `physicsBitField`, `physicsTableId`, `motionTableId`, `soundTableId`, `physicsState`, `translucency`)
VALUES (2060812288, 'Heartland', 65536, 0, 0, 0, 262164, 0, 0, 0, 0, 0, 0, 8388656, 0, 100667499, 0, 0, 0, 0, 0, 0, 0, 0, 4, 0, 0, 0, 0, 0, 32, -0.1, 0, 0, 0, 0, 0, 0, 0, 0, 0, 33554867, 0, 98307, 0, 150994947, 0, 3084, 0);

INSERT INTO `ace_object` (`baseAceObjectId`, `weenieClassId`, `landblock`, `cell`, `posX`, `posY`, `posZ`, `qW`, `qX`, `qY`, `qZ`)
VALUES (2060812288, 1900, 44376, 42, 127.282, 35.6354, 55.57422, -0.716547, 0, 0, -0.6975389);

INSERT INTO `base_ace_object` (`baseAceObjectId`, `name`, `typeId`, `paletteId`, `ammoType`, `blipColor`, `bitField`, `burden`, `combatUse`, `cooldownDuration`, `cooldownId`, `effects`, `containersCapacity`, `header`, `hookTypeId`, `iconId`, `iconOverlayId`, `iconUnderlayId`, `hookItemTypes`, `itemsCapacity`, `location`, `materialType`, `maxStackSize`, `maxStructure`, `radar`, `pscript`, `spellId`, `stackSize`, `structure`, `targetTypeId`, `usability`, `useRadius`, `validLocations`, `value`, `workmanship`, `animationFrameId`, `defaultScript`, `defaultScriptIntensity`, `elasticity`, `friction`, `locationId`, `modelTableId`, `objectScale`, `physicsBitField`, `physicsTableId`, `motionTableId`, `soundTableId`, `physicsState`, `translucency`)
VALUES (2013835405, 'House Portal', 65536, 0, 0, 0, 262164, 0, 0, 0, 0, 0, 0, 41943088, 0, 100667499, 0, 0, 0, 0, 0, 0, 0, 0, 4, 0, 0, 0, 0, 0, 32, 0.75, 0, 0, 0, 0, 0, 0, 0, 0, 0, 33554867, 0, 98307, 0, 150994947, 0, 3076, 0);

INSERT INTO `ace_object` (`baseAceObjectId`, `weenieClassId`, `landblock`, `cell`, `posX`, `posY`, `posZ`, `qW`, `qX`, `qY`, `qZ`)
VALUES (2013835405, 11730, 32907, 280, 56.7161, 153.845, 235.137, -0.0268299, 0, 0, -0.99964);

INSERT INTO `base_ace_object` (`baseAceObjectId`, `name`, `typeId`, `paletteId`, `ammoType`, `blipColor`, `bitField`, `burden`, `combatUse`, `cooldownDuration`, `cooldownId`, `effects`, `containersCapacity`, `header`, `hookTypeId`, `iconId`, `iconOverlayId`, `iconUnderlayId`, `hookItemTypes`, `itemsCapacity`, `location`, `materialType`, `maxStackSize`, `maxStructure`, `radar`, `pscript`, `spellId`, `stackSize`, `structure`, `targetTypeId`, `usability`, `useRadius`, `validLocations`, `value`, `workmanship`, `animationFrameId`, `defaultScript`, `defaultScriptIntensity`, `elasticity`, `friction`, `locationId`, `modelTableId`, `objectScale`, `physicsBitField`, `physicsTableId`, `motionTableId`, `soundTableId`, `physicsState`, `translucency`)
VALUES (2013835407, 'House Portal', 65536, 0, 0, 0, 262164, 0, 0, 0, 0, 0, 0, 41943088, 0, 100667499, 0, 0, 0, 0, 0, 0, 0, 0, 4, 0, 0, 0, 0, 0, 32, 0.75, 0, 0, 0, 0, 0, 0, 0, 0, 0, 33554867, 0, 98307, 0, 150994947, 0, 3076, 0);

INSERT INTO `ace_object` (`baseAceObjectId`, `weenieClassId`, `landblock`, `cell`, `posX`, `posY`, `posZ`, `qW`, `qX`, `qY`, `qZ`)
VALUES (2013835407, 11730, 32907, 311, 74.4824, 35.9298, 225.137, -0.6925551, 0, 0, -0.721365);

INSERT INTO `base_ace_object` (`baseAceObjectId`, `name`, `typeId`, `paletteId`, `ammoType`, `blipColor`, `bitField`, `burden`, `combatUse`, `cooldownDuration`, `cooldownId`, `effects`, `containersCapacity`, `header`, `hookTypeId`, `iconId`, `iconOverlayId`, `iconUnderlayId`, `hookItemTypes`, `itemsCapacity`, `location`, `materialType`, `maxStackSize`, `maxStructure`, `radar`, `pscript`, `spellId`, `stackSize`, `structure`, `targetTypeId`, `usability`, `useRadius`, `validLocations`, `value`, `workmanship`, `animationFrameId`, `defaultScript`, `defaultScriptIntensity`, `elasticity`, `friction`, `locationId`, `modelTableId`, `objectScale`, `physicsBitField`, `physicsTableId`, `motionTableId`, `soundTableId`, `physicsState`, `translucency`)
VALUES (2013835403, 'House Portal', 65536, 0, 0, 0, 262164, 0, 0, 0, 0, 0, 0, 41943088, 0, 100667499, 0, 0, 0, 0, 0, 0, 0, 0, 4, 0, 0, 0, 0, 0, 32, 0.75, 0, 0, 0, 0, 0, 0, 0, 0, 0, 33554867, 0, 98307, 0, 150994947, 0, 3076, 0);

INSERT INTO `ace_object` (`baseAceObjectId`, `weenieClassId`, `landblock`, `cell`, `posX`, `posY`, `posZ`, `qW`, `qX`, `qY`, `qZ`)
VALUES (2013835403, 11730, 32907, 339, 98.4788, 108.05, 235.137, -0.701104, 0, 0, -0.713059);

INSERT INTO `base_ace_object` (`baseAceObjectId`, `name`, `typeId`, `paletteId`, `ammoType`, `blipColor`, `bitField`, `burden`, `combatUse`, `cooldownDuration`, `cooldownId`, `effects`, `containersCapacity`, `header`, `hookTypeId`, `iconId`, `iconOverlayId`, `iconUnderlayId`, `hookItemTypes`, `itemsCapacity`, `location`, `materialType`, `maxStackSize`, `maxStructure`, `radar`, `pscript`, `spellId`, `stackSize`, `structure`, `targetTypeId`, `usability`, `useRadius`, `validLocations`, `value`, `workmanship`, `animationFrameId`, `defaultScript`, `defaultScriptIntensity`, `elasticity`, `friction`, `locationId`, `modelTableId`, `objectScale`, `physicsBitField`, `physicsTableId`, `motionTableId`, `soundTableId`, `physicsState`, `translucency`)
VALUES (2013835401, 'House Portal', 65536, 0, 0, 0, 262164, 0, 0, 0, 0, 0, 0, 41943088, 0, 100667499, 0, 0, 0, 0, 0, 0, 0, 0, 4, 0, 0, 0, 0, 0, 32, 0.75, 0, 0, 0, 0, 0, 0, 0, 0, 0, 33554867, 0, 98307, 0, 150994947, 0, 3076, 0);

INSERT INTO `ace_object` (`baseAceObjectId`, `weenieClassId`, `landblock`, `cell`, `posX`, `posY`, `posZ`, `qW`, `qX`, `qY`, `qZ`)
VALUES (2013835401, 11730, 32907, 367, 159.128, 158.843, 219.137, 0.9999982, 0, 0, 0.00188602);

INSERT INTO `base_ace_object` (`baseAceObjectId`, `name`, `typeId`, `paletteId`, `ammoType`, `blipColor`, `bitField`, `burden`, `combatUse`, `cooldownDuration`, `cooldownId`, `effects`, `containersCapacity`, `header`, `hookTypeId`, `iconId`, `iconOverlayId`, `iconUnderlayId`, `hookItemTypes`, `itemsCapacity`, `location`, `materialType`, `maxStackSize`, `maxStructure`, `radar`, `pscript`, `spellId`, `stackSize`, `structure`, `targetTypeId`, `usability`, `useRadius`, `validLocations`, `value`, `workmanship`, `animationFrameId`, `defaultScript`, `defaultScriptIntensity`, `elasticity`, `friction`, `locationId`, `modelTableId`, `objectScale`, `physicsBitField`, `physicsTableId`, `motionTableId`, `soundTableId`, `physicsState`, `translucency`)
VALUES (2013835413, 'House Portal', 65536, 0, 0, 0, 262164, 0, 0, 0, 0, 0, 0, 41943088, 0, 100667499, 0, 0, 0, 0, 0, 0, 0, 0, 4, 0, 0, 0, 0, 0, 32, 0.75, 0, 0, 0, 0, 0, 0, 0, 0, 0, 33554867, 0, 98307, 0, 150994947, 0, 3076, 0);

INSERT INTO `ace_object` (`baseAceObjectId`, `weenieClassId`, `landblock`, `cell`, `posX`, `posY`, `posZ`, `qW`, `qX`, `qY`, `qZ`)
VALUES (2013835413, 11730, 32907, 398, 146.464, 84.2725, 223.137, 0.6916913, 0, 0, 0.7221933);

INSERT INTO `base_ace_object` (`baseAceObjectId`, `name`, `typeId`, `paletteId`, `ammoType`, `blipColor`, `bitField`, `burden`, `combatUse`, `cooldownDuration`, `cooldownId`, `effects`, `containersCapacity`, `header`, `hookTypeId`, `iconId`, `iconOverlayId`, `iconUnderlayId`, `hookItemTypes`, `itemsCapacity`, `location`, `materialType`, `maxStackSize`, `maxStructure`, `radar`, `pscript`, `spellId`, `stackSize`, `structure`, `targetTypeId`, `usability`, `useRadius`, `validLocations`, `value`, `workmanship`, `animationFrameId`, `defaultScript`, `defaultScriptIntensity`, `elasticity`, `friction`, `locationId`, `modelTableId`, `objectScale`, `physicsBitField`, `physicsTableId`, `motionTableId`, `soundTableId`, `physicsState`, `translucency`)
VALUES (2011701250, 'Precarious Sojourn Portal', 65536, 0, 0, 0, 262164, 0, 0, 0, 0, 0, 0, 8388656, 0, 100667499, 0, 0, 0, 0, 0, 0, 0, 0, 4, 0, 0, 0, 0, 0, 32, -0.1, 0, 0, 0, 0, 0, 0, 0, 0, 0, 33555923, 0, 98307, 0, 150994947, 0, 2060, 0);

INSERT INTO `ace_object` (`baseAceObjectId`, `weenieClassId`, `landblock`, `cell`, `posX`, `posY`, `posZ`, `qW`, `qX`, `qY`, `qZ`)
VALUES (2011701250, 20625, 32386, 27, 81.5142, 67.0897, 154.823, 0.7120047, 0, 0, -0.7021747);

INSERT INTO `base_ace_object` (`baseAceObjectId`, `name`, `typeId`, `paletteId`, `ammoType`, `blipColor`, `bitField`, `burden`, `combatUse`, `cooldownDuration`, `cooldownId`, `effects`, `containersCapacity`, `header`, `hookTypeId`, `iconId`, `iconOverlayId`, `iconUnderlayId`, `hookItemTypes`, `itemsCapacity`, `location`, `materialType`, `maxStackSize`, `maxStructure`, `radar`, `pscript`, `spellId`, `stackSize`, `structure`, `targetTypeId`, `usability`, `useRadius`, `validLocations`, `value`, `workmanship`, `animationFrameId`, `defaultScript`, `defaultScriptIntensity`, `elasticity`, `friction`, `locationId`, `modelTableId`, `objectScale`, `physicsBitField`, `physicsTableId`, `motionTableId`, `soundTableId`, `physicsState`, `translucency`)
VALUES (3332804570, 'Eastham Portal', 65536, 0, 0, 0, 262164, 0, 0, 0, 0, 0, 0, 8388656, 0, 100667499, 0, 0, 0, 0, 0, 0, 0, 0, 4, 0, 0, 0, 0, 0, 32, -0.1, 0, 0, 0, 0, 0, 0, 0, 0, 0, 33554867, 0, 98307, 0, 150994947, 0, 3084, 0);

INSERT INTO `ace_object` (`baseAceObjectId`, `weenieClassId`, `landblock`, `cell`, `posX`, `posY`, `posZ`, `qW`, `qX`, `qY`, `qZ`)
VALUES (3332804570, 42815, 11841, 20, 71.64035, 77.08112, 61.4162, 1, 0, 0, 0);

INSERT INTO `base_ace_object` (`baseAceObjectId`, `name`, `typeId`, `paletteId`, `ammoType`, `blipColor`, `bitField`, `burden`, `combatUse`, `cooldownDuration`, `cooldownId`, `effects`, `containersCapacity`, `header`, `hookTypeId`, `iconId`, `iconOverlayId`, `iconUnderlayId`, `hookItemTypes`, `itemsCapacity`, `location`, `materialType`, `maxStackSize`, `maxStructure`, `radar`, `pscript`, `spellId`, `stackSize`, `structure`, `targetTypeId`, `usability`, `useRadius`, `validLocations`, `value`, `workmanship`, `animationFrameId`, `defaultScript`, `defaultScriptIntensity`, `elasticity`, `friction`, `locationId`, `modelTableId`, `objectScale`, `physicsBitField`, `physicsTableId`, `motionTableId`, `soundTableId`, `physicsState`, `translucency`)
VALUES (1922269185, 'Heartland', 65536, 0, 0, 0, 262164, 0, 0, 0, 0, 0, 0, 8388656, 0, 100667499, 0, 0, 0, 0, 0, 0, 0, 0, 4, 0, 0, 0, 0, 0, 32, -0.1, 0, 0, 0, 0, 0, 0, 0, 0, 0, 33554867, 0, 98307, 0, 150994947, 0, 3084, 0);

INSERT INTO `ace_object` (`baseAceObjectId`, `weenieClassId`, `landblock`, `cell`, `posX`, `posY`, `posZ`, `qW`, `qX`, `qY`, `qZ`)
VALUES (1922269185, 1900, 10552, 257, 60.057, 7, 31.937, -4.37114E-08, 0, 0, -1);

INSERT INTO `base_ace_object` (`baseAceObjectId`, `name`, `typeId`, `paletteId`, `ammoType`, `blipColor`, `bitField`, `burden`, `combatUse`, `cooldownDuration`, `cooldownId`, `effects`, `containersCapacity`, `header`, `hookTypeId`, `iconId`, `iconOverlayId`, `iconUnderlayId`, `hookItemTypes`, `itemsCapacity`, `location`, `materialType`, `maxStackSize`, `maxStructure`, `radar`, `pscript`, `spellId`, `stackSize`, `structure`, `targetTypeId`, `usability`, `useRadius`, `validLocations`, `value`, `workmanship`, `animationFrameId`, `defaultScript`, `defaultScriptIntensity`, `elasticity`, `friction`, `locationId`, `modelTableId`, `objectScale`, `physicsBitField`, `physicsTableId`, `motionTableId`, `soundTableId`, `physicsState`, `translucency`)
VALUES (3332824311, 'North Desert Edge', 65536, 0, 0, 0, 262164, 0, 0, 0, 0, 0, 0, 8388656, 0, 100667499, 0, 0, 0, 0, 0, 0, 0, 0, 4, 0, 0, 0, 0, 0, 32, -0.1, 0, 0, 0, 0, 0, 0, 0, 0, 0, 33554867, 0, 98307, 0, 150994947, 0, 3084, 0);

INSERT INTO `ace_object` (`baseAceObjectId`, `weenieClassId`, `landblock`, `cell`, `posX`, `posY`, `posZ`, `qW`, `qX`, `qY`, `qZ`)
VALUES (3332824311, 1905, 11308, 40, 110.1302, 178.227, 115.9965, 1, 0, 0, 0);

INSERT INTO `base_ace_object` (`baseAceObjectId`, `name`, `typeId`, `paletteId`, `ammoType`, `blipColor`, `bitField`, `burden`, `combatUse`, `cooldownDuration`, `cooldownId`, `effects`, `containersCapacity`, `header`, `hookTypeId`, `iconId`, `iconOverlayId`, `iconUnderlayId`, `hookItemTypes`, `itemsCapacity`, `location`, `materialType`, `maxStackSize`, `maxStructure`, `radar`, `pscript`, `spellId`, `stackSize`, `structure`, `targetTypeId`, `usability`, `useRadius`, `validLocations`, `value`, `workmanship`, `animationFrameId`, `defaultScript`, `defaultScriptIntensity`, `elasticity`, `friction`, `locationId`, `modelTableId`, `objectScale`, `physicsBitField`, `physicsTableId`, `motionTableId`, `soundTableId`, `physicsState`, `translucency`)
VALUES (1970573365, 'Surface', 65536, 0, 0, 0, 262164, 0, 0, 0, 0, 0, 0, 8388656, 0, 100667499, 0, 0, 0, 0, 0, 0, 0, 0, 4, 0, 0, 0, 0, 0, 32, -0.1, 0, 0, 0, 0, 0, 0, 0, 0, 0, 33554867, 0, 98307, 0, 150994947, 0, 3084, 0);

INSERT INTO `ace_object` (`baseAceObjectId`, `weenieClassId`, `landblock`, `cell`, `posX`, `posY`, `posZ`, `qW`, `qX`, `qY`, `qZ`)
VALUES (1970573365, 22689, 22345, 642, 50, 2.33322, 29.937, 1, 0, 0, 0);

INSERT INTO `base_ace_object` (`baseAceObjectId`, `name`, `typeId`, `paletteId`, `ammoType`, `blipColor`, `bitField`, `burden`, `combatUse`, `cooldownDuration`, `cooldownId`, `effects`, `containersCapacity`, `header`, `hookTypeId`, `iconId`, `iconOverlayId`, `iconUnderlayId`, `hookItemTypes`, `itemsCapacity`, `location`, `materialType`, `maxStackSize`, `maxStructure`, `radar`, `pscript`, `spellId`, `stackSize`, `structure`, `targetTypeId`, `usability`, `useRadius`, `validLocations`, `value`, `workmanship`, `animationFrameId`, `defaultScript`, `defaultScriptIntensity`, `elasticity`, `friction`, `locationId`, `modelTableId`, `objectScale`, `physicsBitField`, `physicsTableId`, `motionTableId`, `soundTableId`, `physicsState`, `translucency`)
VALUES (1974755383, 'Surface', 65536, 0, 0, 0, 262164, 0, 0, 0, 0, 0, 0, 8388656, 0, 100667499, 0, 0, 0, 0, 0, 0, 0, 0, 4, 0, 0, 0, 0, 0, 32, -0.1, 0, 0, 0, 0, 0, 0, 0, 0, 0, 33554867, 0, 98307, 0, 150994947, 0, 3084, 0);

INSERT INTO `ace_object` (`baseAceObjectId`, `weenieClassId`, `landblock`, `cell`, `posX`, `posY`, `posZ`, `qW`, `qX`, `qY`, `qZ`)
VALUES (1974755383, 22666, 23366, 561, 62.6011, -2.62006, -0.06299996, -0.020084, 0, 0, -0.9997983);

INSERT INTO `base_ace_object` (`baseAceObjectId`, `name`, `typeId`, `paletteId`, `ammoType`, `blipColor`, `bitField`, `burden`, `combatUse`, `cooldownDuration`, `cooldownId`, `effects`, `containersCapacity`, `header`, `hookTypeId`, `iconId`, `iconOverlayId`, `iconUnderlayId`, `hookItemTypes`, `itemsCapacity`, `location`, `materialType`, `maxStackSize`, `maxStructure`, `radar`, `pscript`, `spellId`, `stackSize`, `structure`, `targetTypeId`, `usability`, `useRadius`, `validLocations`, `value`, `workmanship`, `animationFrameId`, `defaultScript`, `defaultScriptIntensity`, `elasticity`, `friction`, `locationId`, `modelTableId`, `objectScale`, `physicsBitField`, `physicsTableId`, `motionTableId`, `soundTableId`, `physicsState`, `translucency`)
VALUES (2135429120, 'Vengeance Caverns', 65536, 0, 0, 0, 262164, 0, 0, 0, 0, 0, 0, 8388656, 0, 100667499, 0, 0, 0, 0, 0, 0, 0, 0, 4, 0, 0, 0, 0, 0, 32, -0.1, 0, 0, 0, 0, 0, 0, 0, 0, 0, 33555926, 0, 98307, 0, 150994947, 0, 3084, 0);

INSERT INTO `ace_object` (`baseAceObjectId`, `weenieClassId`, `landblock`, `cell`, `posX`, `posY`, `posZ`, `qW`, `qX`, `qY`, `qZ`)
VALUES (2135429120, 22706, 62593, 31, 93.6879, 148.679, 11.937, 0.7337998, 0, 0, -0.6793658);

INSERT INTO `base_ace_object` (`baseAceObjectId`, `name`, `typeId`, `paletteId`, `ammoType`, `blipColor`, `bitField`, `burden`, `combatUse`, `cooldownDuration`, `cooldownId`, `effects`, `containersCapacity`, `header`, `hookTypeId`, `iconId`, `iconOverlayId`, `iconUnderlayId`, `hookItemTypes`, `itemsCapacity`, `location`, `materialType`, `maxStackSize`, `maxStructure`, `radar`, `pscript`, `spellId`, `stackSize`, `structure`, `targetTypeId`, `usability`, `useRadius`, `validLocations`, `value`, `workmanship`, `animationFrameId`, `defaultScript`, `defaultScriptIntensity`, `elasticity`, `friction`, `locationId`, `modelTableId`, `objectScale`, `physicsBitField`, `physicsTableId`, `motionTableId`, `soundTableId`, `physicsState`, `translucency`)
VALUES (2084757504, 'Lugian Quarry Portal', 65536, 0, 0, 0, 262164, 0, 0, 0, 0, 0, 0, 8388656, 0, 100667499, 0, 0, 0, 0, 0, 0, 0, 0, 4, 0, 0, 0, 0, 0, 32, -0.1, 0, 0, 0, 0, 0, 0, 0, 0, 0, 33554867, 0, 98307, 0, 150994947, 0, 3084, 0);

INSERT INTO `ace_object` (`baseAceObjectId`, `weenieClassId`, `landblock`, `cell`, `posX`, `posY`, `posZ`, `qW`, `qX`, `qY`, `qZ`)
VALUES (2084757504, 7610, 50222, 56, 150.476, 183.642, 254.7008, 0.9497957, 0, 0, 0.3128709);

INSERT INTO `base_ace_object` (`baseAceObjectId`, `name`, `typeId`, `paletteId`, `ammoType`, `blipColor`, `bitField`, `burden`, `combatUse`, `cooldownDuration`, `cooldownId`, `effects`, `containersCapacity`, `header`, `hookTypeId`, `iconId`, `iconOverlayId`, `iconUnderlayId`, `hookItemTypes`, `itemsCapacity`, `location`, `materialType`, `maxStackSize`, `maxStructure`, `radar`, `pscript`, `spellId`, `stackSize`, `structure`, `targetTypeId`, `usability`, `useRadius`, `validLocations`, `value`, `workmanship`, `animationFrameId`, `defaultScript`, `defaultScriptIntensity`, `elasticity`, `friction`, `locationId`, `modelTableId`, `objectScale`, `physicsBitField`, `physicsTableId`, `motionTableId`, `soundTableId`, `physicsState`, `translucency`)
VALUES (2014969856, 'Murk Warrens', 65536, 0, 0, 0, 262164, 0, 0, 0, 0, 0, 0, 8388656, 0, 100667499, 0, 0, 0, 0, 0, 0, 0, 0, 4, 0, 0, 0, 0, 0, 32, -0.1, 0, 0, 0, 0, 0, 0, 0, 0, 0, 33554867, 0, 98307, 0, 150994947, 0, 3084, 0);

INSERT INTO `ace_object` (`baseAceObjectId`, `weenieClassId`, `landblock`, `cell`, `posX`, `posY`, `posZ`, `qW`, `qX`, `qY`, `qZ`)
VALUES (2014969856, 7250, 33184, 51, 163, 61.02, 55.26867, -0.9999843, 0, 0, -0.005602481);

INSERT INTO `base_ace_object` (`baseAceObjectId`, `name`, `typeId`, `paletteId`, `ammoType`, `blipColor`, `bitField`, `burden`, `combatUse`, `cooldownDuration`, `cooldownId`, `effects`, `containersCapacity`, `header`, `hookTypeId`, `iconId`, `iconOverlayId`, `iconUnderlayId`, `hookItemTypes`, `itemsCapacity`, `location`, `materialType`, `maxStackSize`, `maxStructure`, `radar`, `pscript`, `spellId`, `stackSize`, `structure`, `targetTypeId`, `usability`, `useRadius`, `validLocations`, `value`, `workmanship`, `animationFrameId`, `defaultScript`, `defaultScriptIntensity`, `elasticity`, `friction`, `locationId`, `modelTableId`, `objectScale`, `physicsBitField`, `physicsTableId`, `motionTableId`, `soundTableId`, `physicsState`, `translucency`)
VALUES (2007622099, 'House Portal', 65536, 0, 0, 0, 262164, 0, 0, 0, 0, 0, 0, 41943088, 0, 100667499, 0, 0, 0, 0, 0, 0, 0, 0, 4, 0, 0, 0, 0, 0, 32, 0.75, 0, 0, 0, 0, 0, 0, 0, 0, 0, 33554867, 0, 98307, 0, 150994947, 0, 3076, 0);

INSERT INTO `ace_object` (`baseAceObjectId`, `weenieClassId`, `landblock`, `cell`, `posX`, `posY`, `posZ`, `qW`, `qX`, `qY`, `qZ`)
VALUES (2007622099, 11730, 31390, 280, 110.223, 61.725, 81.137, -0.9996871, 0, 0, -0.0250122);

INSERT INTO `base_ace_object` (`baseAceObjectId`, `name`, `typeId`, `paletteId`, `ammoType`, `blipColor`, `bitField`, `burden`, `combatUse`, `cooldownDuration`, `cooldownId`, `effects`, `containersCapacity`, `header`, `hookTypeId`, `iconId`, `iconOverlayId`, `iconUnderlayId`, `hookItemTypes`, `itemsCapacity`, `location`, `materialType`, `maxStackSize`, `maxStructure`, `radar`, `pscript`, `spellId`, `stackSize`, `structure`, `targetTypeId`, `usability`, `useRadius`, `validLocations`, `value`, `workmanship`, `animationFrameId`, `defaultScript`, `defaultScriptIntensity`, `elasticity`, `friction`, `locationId`, `modelTableId`, `objectScale`, `physicsBitField`, `physicsTableId`, `motionTableId`, `soundTableId`, `physicsState`, `translucency`)
VALUES (2007622097, 'House Portal', 65536, 0, 0, 0, 262164, 0, 0, 0, 0, 0, 0, 41943088, 0, 100667499, 0, 0, 0, 0, 0, 0, 0, 0, 4, 0, 0, 0, 0, 0, 32, 0.75, 0, 0, 0, 0, 0, 0, 0, 0, 0, 33554867, 0, 98307, 0, 150994947, 0, 3076, 0);

INSERT INTO `ace_object` (`baseAceObjectId`, `weenieClassId`, `landblock`, `cell`, `posX`, `posY`, `posZ`, `qW`, `qX`, `qY`, `qZ`)
VALUES (2007622097, 11730, 31390, 311, 146.002, 108.88, 87.137, 0.706505, 0, 0, 0.707708);

INSERT INTO `base_ace_object` (`baseAceObjectId`, `name`, `typeId`, `paletteId`, `ammoType`, `blipColor`, `bitField`, `burden`, `combatUse`, `cooldownDuration`, `cooldownId`, `effects`, `containersCapacity`, `header`, `hookTypeId`, `iconId`, `iconOverlayId`, `iconUnderlayId`, `hookItemTypes`, `itemsCapacity`, `location`, `materialType`, `maxStackSize`, `maxStructure`, `radar`, `pscript`, `spellId`, `stackSize`, `structure`, `targetTypeId`, `usability`, `useRadius`, `validLocations`, `value`, `workmanship`, `animationFrameId`, `defaultScript`, `defaultScriptIntensity`, `elasticity`, `friction`, `locationId`, `modelTableId`, `objectScale`, `physicsBitField`, `physicsTableId`, `motionTableId`, `soundTableId`, `physicsState`, `translucency`)
VALUES (2007622091, 'House Portal', 65536, 0, 0, 0, 262164, 0, 0, 0, 0, 0, 0, 41943088, 0, 100667499, 0, 0, 0, 0, 0, 0, 0, 0, 4, 0, 0, 0, 0, 0, 32, 0.75, 0, 0, 0, 0, 0, 0, 0, 0, 0, 33554867, 0, 98307, 0, 150994947, 0, 3076, 0);

INSERT INTO `ace_object` (`baseAceObjectId`, `weenieClassId`, `landblock`, `cell`, `posX`, `posY`, `posZ`, `qW`, `qX`, `qY`, `qZ`)
VALUES (2007622091, 11730, 31390, 339, 37.6059, 128.868, 77.137, 0.7082918, 0, 0, -0.7059197);

INSERT INTO `base_ace_object` (`baseAceObjectId`, `name`, `typeId`, `paletteId`, `ammoType`, `blipColor`, `bitField`, `burden`, `combatUse`, `cooldownDuration`, `cooldownId`, `effects`, `containersCapacity`, `header`, `hookTypeId`, `iconId`, `iconOverlayId`, `iconUnderlayId`, `hookItemTypes`, `itemsCapacity`, `location`, `materialType`, `maxStackSize`, `maxStructure`, `radar`, `pscript`, `spellId`, `stackSize`, `structure`, `targetTypeId`, `usability`, `useRadius`, `validLocations`, `value`, `workmanship`, `animationFrameId`, `defaultScript`, `defaultScriptIntensity`, `elasticity`, `friction`, `locationId`, `modelTableId`, `objectScale`, `physicsBitField`, `physicsTableId`, `motionTableId`, `soundTableId`, `physicsState`, `translucency`)
VALUES (2007622093, 'House Portal', 65536, 0, 0, 0, 262164, 0, 0, 0, 0, 0, 0, 41943088, 0, 100667499, 0, 0, 0, 0, 0, 0, 0, 0, 4, 0, 0, 0, 0, 0, 32, 0.75, 0, 0, 0, 0, 0, 0, 0, 0, 0, 33554867, 0, 98307, 0, 150994947, 0, 3076, 0);

INSERT INTO `ace_object` (`baseAceObjectId`, `weenieClassId`, `landblock`, `cell`, `posX`, `posY`, `posZ`, `qW`, `qX`, `qY`, `qZ`)
VALUES (2007622093, 11730, 31390, 370, 93.3165, 157.019, 83.137, -0.6912049, 0, 0, 0.7226588);

INSERT INTO `base_ace_object` (`baseAceObjectId`, `name`, `typeId`, `paletteId`, `ammoType`, `blipColor`, `bitField`, `burden`, `combatUse`, `cooldownDuration`, `cooldownId`, `effects`, `containersCapacity`, `header`, `hookTypeId`, `iconId`, `iconOverlayId`, `iconUnderlayId`, `hookItemTypes`, `itemsCapacity`, `location`, `materialType`, `maxStackSize`, `maxStructure`, `radar`, `pscript`, `spellId`, `stackSize`, `structure`, `targetTypeId`, `usability`, `useRadius`, `validLocations`, `value`, `workmanship`, `animationFrameId`, `defaultScript`, `defaultScriptIntensity`, `elasticity`, `friction`, `locationId`, `modelTableId`, `objectScale`, `physicsBitField`, `physicsTableId`, `motionTableId`, `soundTableId`, `physicsState`, `translucency`)
VALUES (2007622095, 'House Portal', 65536, 0, 0, 0, 262164, 0, 0, 0, 0, 0, 0, 41943088, 0, 100667499, 0, 0, 0, 0, 0, 0, 0, 0, 4, 0, 0, 0, 0, 0, 32, 0.75, 0, 0, 0, 0, 0, 0, 0, 0, 0, 33554867, 0, 98307, 0, 150994947, 0, 3076, 0);

INSERT INTO `ace_object` (`baseAceObjectId`, `weenieClassId`, `landblock`, `cell`, `posX`, `posY`, `posZ`, `qW`, `qX`, `qY`, `qZ`)
VALUES (2007622095, 11730, 31390, 398, 129.532, 154.913, 89.137, -0.025572, 0, 0, -0.999673);

INSERT INTO `base_ace_object` (`baseAceObjectId`, `name`, `typeId`, `paletteId`, `ammoType`, `blipColor`, `bitField`, `burden`, `combatUse`, `cooldownDuration`, `cooldownId`, `effects`, `containersCapacity`, `header`, `hookTypeId`, `iconId`, `iconOverlayId`, `iconUnderlayId`, `hookItemTypes`, `itemsCapacity`, `location`, `materialType`, `maxStackSize`, `maxStructure`, `radar`, `pscript`, `spellId`, `stackSize`, `structure`, `targetTypeId`, `usability`, `useRadius`, `validLocations`, `value`, `workmanship`, `animationFrameId`, `defaultScript`, `defaultScriptIntensity`, `elasticity`, `friction`, `locationId`, `modelTableId`, `objectScale`, `physicsBitField`, `physicsTableId`, `motionTableId`, `soundTableId`, `physicsState`, `translucency`)
VALUES (2007622089, 'House Portal', 65536, 0, 0, 0, 262164, 0, 0, 0, 0, 0, 0, 41943088, 0, 100667499, 0, 0, 0, 0, 0, 0, 0, 0, 4, 0, 0, 0, 0, 0, 32, 0.75, 0, 0, 0, 0, 0, 0, 0, 0, 0, 33554867, 0, 98307, 0, 150994947, 0, 3076, 0);

INSERT INTO `ace_object` (`baseAceObjectId`, `weenieClassId`, `landblock`, `cell`, `posX`, `posY`, `posZ`, `qW`, `qX`, `qY`, `qZ`)
VALUES (2007622089, 11730, 31390, 429, 60.0583, 69.2404, 85.137, -0.9999209, 0, 0, 0.0125754);

INSERT INTO `base_ace_object` (`baseAceObjectId`, `name`, `typeId`, `paletteId`, `ammoType`, `blipColor`, `bitField`, `burden`, `combatUse`, `cooldownDuration`, `cooldownId`, `effects`, `containersCapacity`, `header`, `hookTypeId`, `iconId`, `iconOverlayId`, `iconUnderlayId`, `hookItemTypes`, `itemsCapacity`, `location`, `materialType`, `maxStackSize`, `maxStructure`, `radar`, `pscript`, `spellId`, `stackSize`, `structure`, `targetTypeId`, `usability`, `useRadius`, `validLocations`, `value`, `workmanship`, `animationFrameId`, `defaultScript`, `defaultScriptIntensity`, `elasticity`, `friction`, `locationId`, `modelTableId`, `objectScale`, `physicsBitField`, `physicsTableId`, `motionTableId`, `soundTableId`, `physicsState`, `translucency`)
VALUES (2138587337, 'Exit Portal', 65536, 0, 0, 0, 262164, 0, 0, 0, 0, 0, 0, 8388656, 0, 100667499, 0, 0, 0, 0, 0, 0, 0, 0, 4, 0, 0, 0, 0, 0, 32, -0.1, 0, 0, 0, 0, 0, 0, 0, 0, 0, 33554867, 0, 98307, 0, 150994947, 0, 3084, 0);

INSERT INTO `ace_object` (`baseAceObjectId`, `weenieClassId`, `landblock`, `cell`, `posX`, `posY`, `posZ`, `qW`, `qX`, `qY`, `qZ`)
VALUES (2138587337, 22647, 63364, 918, 348.303, 499.097, 0.337002, 0, 0, 0, -1);

INSERT INTO `base_ace_object` (`baseAceObjectId`, `name`, `typeId`, `paletteId`, `ammoType`, `blipColor`, `bitField`, `burden`, `combatUse`, `cooldownDuration`, `cooldownId`, `effects`, `containersCapacity`, `header`, `hookTypeId`, `iconId`, `iconOverlayId`, `iconUnderlayId`, `hookItemTypes`, `itemsCapacity`, `location`, `materialType`, `maxStackSize`, `maxStructure`, `radar`, `pscript`, `spellId`, `stackSize`, `structure`, `targetTypeId`, `usability`, `useRadius`, `validLocations`, `value`, `workmanship`, `animationFrameId`, `defaultScript`, `defaultScriptIntensity`, `elasticity`, `friction`, `locationId`, `modelTableId`, `objectScale`, `physicsBitField`, `physicsTableId`, `motionTableId`, `soundTableId`, `physicsState`, `translucency`)
VALUES (1972670464, 'Surface', 65536, 0, 0, 0, 262164, 0, 0, 0, 0, 0, 0, 8388656, 0, 100667499, 0, 0, 0, 0, 0, 0, 0, 0, 4, 0, 0, 0, 0, 0, 32, -0.1, 0, 0, 0, 0, 0, 0, 0, 0, 0, 33554867, 0, 98307, 0, 150994947, 0, 3084, 0);

INSERT INTO `ace_object` (`baseAceObjectId`, `weenieClassId`, `landblock`, `cell`, `posX`, `posY`, `posZ`, `qW`, `qX`, `qY`, `qZ`)
VALUES (1972670464, 22687, 22857, 256, 3.74034, -109.845, -24.063, 0.7316888, 0, 0, 0.6816388);

INSERT INTO `base_ace_object` (`baseAceObjectId`, `name`, `typeId`, `paletteId`, `ammoType`, `blipColor`, `bitField`, `burden`, `combatUse`, `cooldownDuration`, `cooldownId`, `effects`, `containersCapacity`, `header`, `hookTypeId`, `iconId`, `iconOverlayId`, `iconUnderlayId`, `hookItemTypes`, `itemsCapacity`, `location`, `materialType`, `maxStackSize`, `maxStructure`, `radar`, `pscript`, `spellId`, `stackSize`, `structure`, `targetTypeId`, `usability`, `useRadius`, `validLocations`, `value`, `workmanship`, `animationFrameId`, `defaultScript`, `defaultScriptIntensity`, `elasticity`, `friction`, `locationId`, `modelTableId`, `objectScale`, `physicsBitField`, `physicsTableId`, `motionTableId`, `soundTableId`, `physicsState`, `translucency`)
VALUES (2131177472, 'Tusker Lacuna', 65536, 0, 0, 0, 262164, 0, 0, 0, 0, 0, 0, 8388656, 0, 100667499, 0, 0, 0, 0, 0, 0, 0, 0, 4, 0, 0, 0, 0, 0, 32, -0.1, 0, 0, 0, 0, 0, 0, 0, 0, 0, 33556212, 0, 98307, 0, 150994947, 0, 3084, 0);

INSERT INTO `ace_object` (`baseAceObjectId`, `weenieClassId`, `landblock`, `cell`, `posX`, `posY`, `posZ`, `qW`, `qX`, `qY`, `qZ`)
VALUES (2131177472, 22686, 61555, 49, 164.057, 12.5036, 32.65039, 0.6243259, 0, 0, -0.7811639);

INSERT INTO `base_ace_object` (`baseAceObjectId`, `name`, `typeId`, `paletteId`, `ammoType`, `blipColor`, `bitField`, `burden`, `combatUse`, `cooldownDuration`, `cooldownId`, `effects`, `containersCapacity`, `header`, `hookTypeId`, `iconId`, `iconOverlayId`, `iconUnderlayId`, `hookItemTypes`, `itemsCapacity`, `location`, `materialType`, `maxStackSize`, `maxStructure`, `radar`, `pscript`, `spellId`, `stackSize`, `structure`, `targetTypeId`, `usability`, `useRadius`, `validLocations`, `value`, `workmanship`, `animationFrameId`, `defaultScript`, `defaultScriptIntensity`, `elasticity`, `friction`, `locationId`, `modelTableId`, `objectScale`, `physicsBitField`, `physicsTableId`, `motionTableId`, `soundTableId`, `physicsState`, `translucency`)
VALUES (1976860753, 'Surface', 65536, 0, 0, 0, 262164, 0, 0, 0, 0, 0, 0, 8388656, 0, 100667499, 0, 0, 0, 0, 0, 0, 0, 0, 4, 0, 0, 0, 0, 0, 32, -0.1, 0, 0, 0, 0, 0, 0, 0, 0, 0, 33554867, 0, 98307, 0, 150994947, 0, 3084, 0);

INSERT INTO `ace_object` (`baseAceObjectId`, `weenieClassId`, `landblock`, `cell`, `posX`, `posY`, `posZ`, `qW`, `qX`, `qY`, `qZ`)
VALUES (1976860753, 22760, 23880, 373, 46.4639, -6.35974, 17.937, 0.3826829, 0, 0, -0.9238797);

INSERT INTO `base_ace_object` (`baseAceObjectId`, `name`, `typeId`, `paletteId`, `ammoType`, `blipColor`, `bitField`, `burden`, `combatUse`, `cooldownDuration`, `cooldownId`, `effects`, `containersCapacity`, `header`, `hookTypeId`, `iconId`, `iconOverlayId`, `iconUnderlayId`, `hookItemTypes`, `itemsCapacity`, `location`, `materialType`, `maxStackSize`, `maxStructure`, `radar`, `pscript`, `spellId`, `stackSize`, `structure`, `targetTypeId`, `usability`, `useRadius`, `validLocations`, `value`, `workmanship`, `animationFrameId`, `defaultScript`, `defaultScriptIntensity`, `elasticity`, `friction`, `locationId`, `modelTableId`, `objectScale`, `physicsBitField`, `physicsTableId`, `motionTableId`, `soundTableId`, `physicsState`, `translucency`)
VALUES (1925353472, 'Black Spear Temple Upper Levels', 65536, 0, 0, 0, 262164, 0, 0, 0, 0, 0, 0, 8388656, 0, 100667499, 0, 0, 0, 0, 0, 0, 0, 0, 4, 0, 0, 0, 0, 0, 32, -0.1, 0, 0, 0, 0, 0, 0, 0, 0, 0, 33555925, 0, 98307, 0, 150994947, 0, 3084, 0);

INSERT INTO `ace_object` (`baseAceObjectId`, `weenieClassId`, `landblock`, `cell`, `posX`, `posY`, `posZ`, `qW`, `qX`, `qY`, `qZ`)
VALUES (1925353472, 33017, 11305, 257, 155.987, 181.998, 69.937, 1, 0, 0, 0);

INSERT INTO `base_ace_object` (`baseAceObjectId`, `name`, `typeId`, `paletteId`, `ammoType`, `blipColor`, `bitField`, `burden`, `combatUse`, `cooldownDuration`, `cooldownId`, `effects`, `containersCapacity`, `header`, `hookTypeId`, `iconId`, `iconOverlayId`, `iconUnderlayId`, `hookItemTypes`, `itemsCapacity`, `location`, `materialType`, `maxStackSize`, `maxStructure`, `radar`, `pscript`, `spellId`, `stackSize`, `structure`, `targetTypeId`, `usability`, `useRadius`, `validLocations`, `value`, `workmanship`, `animationFrameId`, `defaultScript`, `defaultScriptIntensity`, `elasticity`, `friction`, `locationId`, `modelTableId`, `objectScale`, `physicsBitField`, `physicsTableId`, `motionTableId`, `soundTableId`, `physicsState`, `translucency`)
VALUES (1881092159, 'Surface', 65536, 0, 0, 0, 262164, 0, 0, 0, 0, 0, 0, 8388656, 0, 100667499, 0, 0, 0, 0, 0, 0, 0, 0, 4, 0, 0, 0, 0, 0, 32, -0.1, 0, 0, 0, 0, 0, 0, 0, 0, 0, 33554867, 0, 98307, 0, 150994947, 0, 3084, 0);

INSERT INTO `ace_object` (`baseAceObjectId`, `weenieClassId`, `landblock`, `cell`, `posX`, `posY`, `posZ`, `qW`, `qX`, `qY`, `qZ`)
VALUES (1881092159, 9189, 499, 454, 140, -90, -0.06299996, 1, 0, 0, -4.37114E-08);

INSERT INTO `base_ace_object` (`baseAceObjectId`, `name`, `typeId`, `paletteId`, `ammoType`, `blipColor`, `bitField`, `burden`, `combatUse`, `cooldownDuration`, `cooldownId`, `effects`, `containersCapacity`, `header`, `hookTypeId`, `iconId`, `iconOverlayId`, `iconUnderlayId`, `hookItemTypes`, `itemsCapacity`, `location`, `materialType`, `maxStackSize`, `maxStructure`, `radar`, `pscript`, `spellId`, `stackSize`, `structure`, `targetTypeId`, `usability`, `useRadius`, `validLocations`, `value`, `workmanship`, `animationFrameId`, `defaultScript`, `defaultScriptIntensity`, `elasticity`, `friction`, `locationId`, `modelTableId`, `objectScale`, `physicsBitField`, `physicsTableId`, `motionTableId`, `soundTableId`, `physicsState`, `translucency`)
VALUES (1881092109, 'Surface', 65536, 0, 0, 0, 262164, 0, 0, 0, 0, 0, 0, 8388656, 0, 100667499, 0, 0, 0, 0, 0, 0, 0, 0, 4, 0, 0, 0, 0, 0, 32, -0.1, 0, 0, 0, 0, 0, 0, 0, 0, 0, 33554867, 0, 98307, 0, 150994947, 0, 3084, 0);

INSERT INTO `ace_object` (`baseAceObjectId`, `weenieClassId`, `landblock`, `cell`, `posX`, `posY`, `posZ`, `qW`, `qX`, `qY`, `qZ`)
VALUES (1881092109, 9189, 499, 276, 10, -70, -0.06299996, 0.7071068, 0, 0, -0.7071068);

INSERT INTO `base_ace_object` (`baseAceObjectId`, `name`, `typeId`, `paletteId`, `ammoType`, `blipColor`, `bitField`, `burden`, `combatUse`, `cooldownDuration`, `cooldownId`, `effects`, `containersCapacity`, `header`, `hookTypeId`, `iconId`, `iconOverlayId`, `iconUnderlayId`, `hookItemTypes`, `itemsCapacity`, `location`, `materialType`, `maxStackSize`, `maxStructure`, `radar`, `pscript`, `spellId`, `stackSize`, `structure`, `targetTypeId`, `usability`, `useRadius`, `validLocations`, `value`, `workmanship`, `animationFrameId`, `defaultScript`, `defaultScriptIntensity`, `elasticity`, `friction`, `locationId`, `modelTableId`, `objectScale`, `physicsBitField`, `physicsTableId`, `motionTableId`, `soundTableId`, `physicsState`, `translucency`)
VALUES (2025226250, 'Tomb of The Dead', 65536, 0, 0, 0, 262164, 0, 0, 0, 0, 0, 0, 8388656, 0, 100667499, 0, 0, 0, 0, 0, 0, 0, 0, 4, 0, 0, 0, 0, 0, 32, -0.1, 0, 0, 0, 0, 0, 0, 0, 0, 0, 33555923, 0, 98307, 0, 150994947, 0, 3084, 0);

INSERT INTO `ace_object` (`baseAceObjectId`, `weenieClassId`, `landblock`, `cell`, `posX`, `posY`, `posZ`, `qW`, `qX`, `qY`, `qZ`)
VALUES (2025226250, 9188, 35688, 258, 12.3051, 98.5788, 4.737, 0.9999298, 0, 0, -0.0118458);

INSERT INTO `base_ace_object` (`baseAceObjectId`, `name`, `typeId`, `paletteId`, `ammoType`, `blipColor`, `bitField`, `burden`, `combatUse`, `cooldownDuration`, `cooldownId`, `effects`, `containersCapacity`, `header`, `hookTypeId`, `iconId`, `iconOverlayId`, `iconUnderlayId`, `hookItemTypes`, `itemsCapacity`, `location`, `materialType`, `maxStackSize`, `maxStructure`, `radar`, `pscript`, `spellId`, `stackSize`, `structure`, `targetTypeId`, `usability`, `useRadius`, `validLocations`, `value`, `workmanship`, `animationFrameId`, `defaultScript`, `defaultScriptIntensity`, `elasticity`, `friction`, `locationId`, `modelTableId`, `objectScale`, `physicsBitField`, `physicsTableId`, `motionTableId`, `soundTableId`, `physicsState`, `translucency`)
VALUES (2007384084, 'Under-Cove Crypt', 65536, 0, 0, 0, 262164, 0, 0, 0, 0, 0, 0, 8388656, 0, 100667499, 0, 0, 0, 0, 0, 0, 0, 0, 4, 0, 0, 0, 0, 0, 32, -0.1, 0, 0, 0, 0, 0, 0, 0, 0, 0, 33555922, 0, 98307, 0, 150994947, 0, 2060, 0);

INSERT INTO `ace_object` (`baseAceObjectId`, `weenieClassId`, `landblock`, `cell`, `posX`, `posY`, `posZ`, `qW`, `qX`, `qY`, `qZ`)
VALUES (2007384084, 5200, 31332, 258, 60.7342, 88.6357, -6.408, 0.4190009, 0, 0, -0.9079858);

INSERT INTO `base_ace_object` (`baseAceObjectId`, `name`, `typeId`, `paletteId`, `ammoType`, `blipColor`, `bitField`, `burden`, `combatUse`, `cooldownDuration`, `cooldownId`, `effects`, `containersCapacity`, `header`, `hookTypeId`, `iconId`, `iconOverlayId`, `iconUnderlayId`, `hookItemTypes`, `itemsCapacity`, `location`, `materialType`, `maxStackSize`, `maxStructure`, `radar`, `pscript`, `spellId`, `stackSize`, `structure`, `targetTypeId`, `usability`, `useRadius`, `validLocations`, `value`, `workmanship`, `animationFrameId`, `defaultScript`, `defaultScriptIntensity`, `elasticity`, `friction`, `locationId`, `modelTableId`, `objectScale`, `physicsBitField`, `physicsTableId`, `motionTableId`, `soundTableId`, `physicsState`, `translucency`)
VALUES (1880453143, 'Surface', 65536, 0, 0, 0, 262164, 0, 0, 0, 0, 0, 0, 8388656, 0, 100667499, 0, 0, 0, 0, 0, 0, 0, 0, 4, 0, 0, 0, 0, 0, 32, -0.1, 0, 0, 0, 0, 0, 0, 0, 0, 0, 33554867, 0, 98307, 0, 150994947, 0, 3084, 0);

INSERT INTO `ace_object` (`baseAceObjectId`, `weenieClassId`, `landblock`, `cell`, `posX`, `posY`, `posZ`, `qW`, `qX`, `qY`, `qZ`)
VALUES (1880453143, 5201, 343, 321, 0.149358, 3.02641, -0.06299996, -4.37114E-08, 0, 0, -1);

INSERT INTO `base_ace_object` (`baseAceObjectId`, `name`, `typeId`, `paletteId`, `ammoType`, `blipColor`, `bitField`, `burden`, `combatUse`, `cooldownDuration`, `cooldownId`, `effects`, `containersCapacity`, `header`, `hookTypeId`, `iconId`, `iconOverlayId`, `iconUnderlayId`, `hookItemTypes`, `itemsCapacity`, `location`, `materialType`, `maxStackSize`, `maxStructure`, `radar`, `pscript`, `spellId`, `stackSize`, `structure`, `targetTypeId`, `usability`, `useRadius`, `validLocations`, `value`, `workmanship`, `animationFrameId`, `defaultScript`, `defaultScriptIntensity`, `elasticity`, `friction`, `locationId`, `modelTableId`, `objectScale`, `physicsBitField`, `physicsTableId`, `motionTableId`, `soundTableId`, `physicsState`, `translucency`)
VALUES (1880436742, 'Surface', 65536, 0, 0, 0, 262164, 0, 0, 0, 0, 0, 0, 8388656, 0, 100667499, 0, 0, 0, 0, 0, 0, 0, 0, 4, 0, 0, 0, 0, 0, 32, -0.1, 0, 0, 0, 0, 0, 0, 0, 0, 0, 33554867, 0, 98307, 0, 150994947, 0, 3084, 0);

INSERT INTO `ace_object` (`baseAceObjectId`, `weenieClassId`, `landblock`, `cell`, `posX`, `posY`, `posZ`, `qW`, `qX`, `qY`, `qZ`)
VALUES (1880436742, 4966, 339, 273, 30.0009, -156.712, -66.063, 0.9997692, 0, 0, -0.021487);

INSERT INTO `base_ace_object` (`baseAceObjectId`, `name`, `typeId`, `paletteId`, `ammoType`, `blipColor`, `bitField`, `burden`, `combatUse`, `cooldownDuration`, `cooldownId`, `effects`, `containersCapacity`, `header`, `hookTypeId`, `iconId`, `iconOverlayId`, `iconUnderlayId`, `hookItemTypes`, `itemsCapacity`, `location`, `materialType`, `maxStackSize`, `maxStructure`, `radar`, `pscript`, `spellId`, `stackSize`, `structure`, `targetTypeId`, `usability`, `useRadius`, `validLocations`, `value`, `workmanship`, `animationFrameId`, `defaultScript`, `defaultScriptIntensity`, `elasticity`, `friction`, `locationId`, `modelTableId`, `objectScale`, `physicsBitField`, `physicsTableId`, `motionTableId`, `soundTableId`, `physicsState`, `translucency`)
VALUES (1880440853, 'Surface', 65536, 0, 0, 0, 262164, 0, 0, 0, 0, 0, 0, 8388656, 0, 100667499, 0, 0, 0, 0, 0, 0, 0, 0, 4, 0, 0, 0, 0, 0, 32, -0.1, 0, 0, 0, 0, 0, 0, 0, 0, 0, 33554867, 0, 98307, 0, 150994947, 0, 3084, 0);

INSERT INTO `ace_object` (`baseAceObjectId`, `weenieClassId`, `landblock`, `cell`, `posX`, `posY`, `posZ`, `qW`, `qX`, `qY`, `qZ`)
VALUES (1880440853, 4956, 340, 382, 26.8865, -13.1398, -6.063, 0.9238797, 0, 0, -0.3826829);

INSERT INTO `base_ace_object` (`baseAceObjectId`, `name`, `typeId`, `paletteId`, `ammoType`, `blipColor`, `bitField`, `burden`, `combatUse`, `cooldownDuration`, `cooldownId`, `effects`, `containersCapacity`, `header`, `hookTypeId`, `iconId`, `iconOverlayId`, `iconUnderlayId`, `hookItemTypes`, `itemsCapacity`, `location`, `materialType`, `maxStackSize`, `maxStructure`, `radar`, `pscript`, `spellId`, `stackSize`, `structure`, `targetTypeId`, `usability`, `useRadius`, `validLocations`, `value`, `workmanship`, `animationFrameId`, `defaultScript`, `defaultScriptIntensity`, `elasticity`, `friction`, `locationId`, `modelTableId`, `objectScale`, `physicsBitField`, `physicsTableId`, `motionTableId`, `soundTableId`, `physicsState`, `translucency`)
VALUES (3331272327, 'Direlands South Landbridge Portal', 65536, 0, 0, 0, 262164, 0, 0, 0, 0, 0, 0, 8388656, 0, 100667499, 0, 0, 0, 0, 0, 0, 0, 0, 4, 0, 0, 0, 0, 0, 32, -0.1, 0, 0, 0, 0, 0, 0, 0, 0, 0, 33555926, 0, 98307, 0, 150994947, 0, 3084, 0);

INSERT INTO `ace_object` (`baseAceObjectId`, `weenieClassId`, `landblock`, `cell`, `posX`, `posY`, `posZ`, `qW`, `qX`, `qY`, `qZ`)
VALUES (3331272327, 8390, 50720, 40, 119.5548, 185.2621, 223.7562, 0.9537169, 0, 0, -0.3007058);

INSERT INTO `base_ace_object` (`baseAceObjectId`, `name`, `typeId`, `paletteId`, `ammoType`, `blipColor`, `bitField`, `burden`, `combatUse`, `cooldownDuration`, `cooldownId`, `effects`, `containersCapacity`, `header`, `hookTypeId`, `iconId`, `iconOverlayId`, `iconUnderlayId`, `hookItemTypes`, `itemsCapacity`, `location`, `materialType`, `maxStackSize`, `maxStructure`, `radar`, `pscript`, `spellId`, `stackSize`, `structure`, `targetTypeId`, `usability`, `useRadius`, `validLocations`, `value`, `workmanship`, `animationFrameId`, `defaultScript`, `defaultScriptIntensity`, `elasticity`, `friction`, `locationId`, `modelTableId`, `objectScale`, `physicsBitField`, `physicsTableId`, `motionTableId`, `soundTableId`, `physicsState`, `translucency`)
VALUES (1880653824, 'Beyond the Mines of Despair', 65536, 0, 0, 0, 262164, 0, 0, 0, 0, 0, 0, 8388656, 0, 100667499, 0, 0, 0, 0, 0, 0, 0, 0, 4, 0, 0, 0, 0, 0, 32, -0.1, 0, 0, 0, 0, 0, 0, 0, 0, 0, 33556446, 0, 98307, 0, 150994947, 0, 3084, 0);

INSERT INTO `ace_object` (`baseAceObjectId`, `weenieClassId`, `landblock`, `cell`, `posX`, `posY`, `posZ`, `qW`, `qX`, `qY`, `qZ`)
VALUES (1880653824, 8969, 392, 257, 0, -100, -24.063, 1, 0, 0, 0);

INSERT INTO `base_ace_object` (`baseAceObjectId`, `name`, `typeId`, `paletteId`, `ammoType`, `blipColor`, `bitField`, `burden`, `combatUse`, `cooldownDuration`, `cooldownId`, `effects`, `containersCapacity`, `header`, `hookTypeId`, `iconId`, `iconOverlayId`, `iconUnderlayId`, `hookItemTypes`, `itemsCapacity`, `location`, `materialType`, `maxStackSize`, `maxStructure`, `radar`, `pscript`, `spellId`, `stackSize`, `structure`, `targetTypeId`, `usability`, `useRadius`, `validLocations`, `value`, `workmanship`, `animationFrameId`, `defaultScript`, `defaultScriptIntensity`, `elasticity`, `friction`, `locationId`, `modelTableId`, `objectScale`, `physicsBitField`, `physicsTableId`, `motionTableId`, `soundTableId`, `physicsState`, `translucency`)
VALUES (1881845796, 'Surface', 65536, 0, 0, 0, 262164, 0, 0, 0, 0, 0, 0, 8388656, 0, 100667499, 0, 0, 0, 0, 0, 0, 0, 0, 4, 0, 0, 0, 0, 0, 32, -0.1, 0, 0, 0, 0, 0, 0, 0, 0, 0, 33554867, 0, 98307, 0, 150994947, 0, 3084, 0);

INSERT INTO `ace_object` (`baseAceObjectId`, `weenieClassId`, `landblock`, `cell`, `posX`, `posY`, `posZ`, `qW`, `qX`, `qY`, `qZ`)
VALUES (1881845796, 4054, 683, 353, 109.179, 3.643, -0.06299996, 1, 0, 0, 0);

INSERT INTO `base_ace_object` (`baseAceObjectId`, `name`, `typeId`, `paletteId`, `ammoType`, `blipColor`, `bitField`, `burden`, `combatUse`, `cooldownDuration`, `cooldownId`, `effects`, `containersCapacity`, `header`, `hookTypeId`, `iconId`, `iconOverlayId`, `iconUnderlayId`, `hookItemTypes`, `itemsCapacity`, `location`, `materialType`, `maxStackSize`, `maxStructure`, `radar`, `pscript`, `spellId`, `stackSize`, `structure`, `targetTypeId`, `usability`, `useRadius`, `validLocations`, `value`, `workmanship`, `animationFrameId`, `defaultScript`, `defaultScriptIntensity`, `elasticity`, `friction`, `locationId`, `modelTableId`, `objectScale`, `physicsBitField`, `physicsTableId`, `motionTableId`, `soundTableId`, `physicsState`, `translucency`)
VALUES (1881845792, 'Surface', 65536, 0, 0, 0, 262164, 0, 0, 0, 0, 0, 0, 8388656, 0, 100667499, 0, 0, 0, 0, 0, 0, 0, 0, 4, 0, 0, 0, 0, 0, 32, -0.1, 0, 0, 0, 0, 0, 0, 0, 0, 0, 33554867, 0, 98307, 0, 150994947, 0, 3084, 0);

INSERT INTO `ace_object` (`baseAceObjectId`, `weenieClassId`, `landblock`, `cell`, `posX`, `posY`, `posZ`, `qW`, `qX`, `qY`, `qZ`)
VALUES (1881845792, 4054, 683, 327, 120, -90, -12.063, 0.7071068, 0, 0, -0.7071068);

INSERT INTO `base_ace_object` (`baseAceObjectId`, `name`, `typeId`, `paletteId`, `ammoType`, `blipColor`, `bitField`, `burden`, `combatUse`, `cooldownDuration`, `cooldownId`, `effects`, `containersCapacity`, `header`, `hookTypeId`, `iconId`, `iconOverlayId`, `iconUnderlayId`, `hookItemTypes`, `itemsCapacity`, `location`, `materialType`, `maxStackSize`, `maxStructure`, `radar`, `pscript`, `spellId`, `stackSize`, `structure`, `targetTypeId`, `usability`, `useRadius`, `validLocations`, `value`, `workmanship`, `animationFrameId`, `defaultScript`, `defaultScriptIntensity`, `elasticity`, `friction`, `locationId`, `modelTableId`, `objectScale`, `physicsBitField`, `physicsTableId`, `motionTableId`, `soundTableId`, `physicsState`, `translucency`)
VALUES (1881845769, 'Surface', 65536, 0, 0, 0, 262164, 0, 0, 0, 0, 0, 0, 8388656, 0, 100667499, 0, 0, 0, 0, 0, 0, 0, 0, 4, 0, 0, 0, 0, 0, 32, -0.1, 0, 0, 0, 0, 0, 0, 0, 0, 0, 33554867, 0, 98307, 0, 150994947, 0, 3084, 0);

INSERT INTO `ace_object` (`baseAceObjectId`, `weenieClassId`, `landblock`, `cell`, `posX`, `posY`, `posZ`, `qW`, `qX`, `qY`, `qZ`)
VALUES (1881845769, 4054, 683, 267, 10, -140, -12.063, 0.7071068, 0, 0, -0.7071068);

INSERT INTO `base_ace_object` (`baseAceObjectId`, `name`, `typeId`, `paletteId`, `ammoType`, `blipColor`, `bitField`, `burden`, `combatUse`, `cooldownDuration`, `cooldownId`, `effects`, `containersCapacity`, `header`, `hookTypeId`, `iconId`, `iconOverlayId`, `iconUnderlayId`, `hookItemTypes`, `itemsCapacity`, `location`, `materialType`, `maxStackSize`, `maxStructure`, `radar`, `pscript`, `spellId`, `stackSize`, `structure`, `targetTypeId`, `usability`, `useRadius`, `validLocations`, `value`, `workmanship`, `animationFrameId`, `defaultScript`, `defaultScriptIntensity`, `elasticity`, `friction`, `locationId`, `modelTableId`, `objectScale`, `physicsBitField`, `physicsTableId`, `motionTableId`, `soundTableId`, `physicsState`, `translucency`)
VALUES (2020429825, 'Caulnalain Vestibule Portal', 65536, 0, 0, 0, 262164, 0, 0, 0, 0, 0, 0, 8388656, 0, 100667499, 0, 0, 0, 0, 0, 0, 0, 0, 4, 0, 0, 0, 0, 0, 32, -0.1, 0, 0, 0, 0, 0, 0, 0, 0, 0, 33555926, 0, 98307, 0, 150994947, 0, 3084, 0);

INSERT INTO `ace_object` (`baseAceObjectId`, `weenieClassId`, `landblock`, `cell`, `posX`, `posY`, `posZ`, `qW`, `qX`, `qY`, `qZ`)
VALUES (2020429825, 7945, 34517, 17, 58.7871, 20.6987, 291.6619, -0.9275416, 0, 0, -0.3737198);

INSERT INTO `base_ace_object` (`baseAceObjectId`, `name`, `typeId`, `paletteId`, `ammoType`, `blipColor`, `bitField`, `burden`, `combatUse`, `cooldownDuration`, `cooldownId`, `effects`, `containersCapacity`, `header`, `hookTypeId`, `iconId`, `iconOverlayId`, `iconUnderlayId`, `hookItemTypes`, `itemsCapacity`, `location`, `materialType`, `maxStackSize`, `maxStructure`, `radar`, `pscript`, `spellId`, `stackSize`, `structure`, `targetTypeId`, `usability`, `useRadius`, `validLocations`, `value`, `workmanship`, `animationFrameId`, `defaultScript`, `defaultScriptIntensity`, `elasticity`, `friction`, `locationId`, `modelTableId`, `objectScale`, `physicsBitField`, `physicsTableId`, `motionTableId`, `soundTableId`, `physicsState`, `translucency`)
VALUES (1882046677, 'Surface Portal', 65536, 0, 0, 0, 262164, 0, 0, 0, 0, 0, 0, 8388656, 0, 100667499, 0, 0, 0, 0, 0, 0, 0, 0, 4, 0, 0, 0, 0, 0, 32, -0.1, 0, 0, 0, 0, 0, 0, 0, 0, 0, 33554867, 0, 98307, 0, 150994947, 0, 3084, 0);

INSERT INTO `ace_object` (`baseAceObjectId`, `weenieClassId`, `landblock`, `cell`, `posX`, `posY`, `posZ`, `qW`, `qX`, `qY`, `qZ`)
VALUES (1882046677, 7946, 732, 863, 288.998, -73.3562, -0.06299996, 0.413018, 0, 0, 0.9107229);

INSERT INTO `base_ace_object` (`baseAceObjectId`, `name`, `typeId`, `paletteId`, `ammoType`, `blipColor`, `bitField`, `burden`, `combatUse`, `cooldownDuration`, `cooldownId`, `effects`, `containersCapacity`, `header`, `hookTypeId`, `iconId`, `iconOverlayId`, `iconUnderlayId`, `hookItemTypes`, `itemsCapacity`, `location`, `materialType`, `maxStackSize`, `maxStructure`, `radar`, `pscript`, `spellId`, `stackSize`, `structure`, `targetTypeId`, `usability`, `useRadius`, `validLocations`, `value`, `workmanship`, `animationFrameId`, `defaultScript`, `defaultScriptIntensity`, `elasticity`, `friction`, `locationId`, `modelTableId`, `objectScale`, `physicsBitField`, `physicsTableId`, `motionTableId`, `soundTableId`, `physicsState`, `translucency`)
VALUES (1882046464, 'Surface Portal', 65536, 0, 0, 0, 262164, 0, 0, 0, 0, 0, 0, 8388656, 0, 100667499, 0, 0, 0, 0, 0, 0, 0, 0, 4, 0, 0, 0, 0, 0, 32, -0.1, 0, 0, 0, 0, 0, 0, 0, 0, 0, 33554867, 0, 98307, 0, 150994947, 0, 3084, 0);

INSERT INTO `ace_object` (`baseAceObjectId`, `weenieClassId`, `landblock`, `cell`, `posX`, `posY`, `posZ`, `qW`, `qX`, `qY`, `qZ`)
VALUES (1882046464, 7946, 732, 256, 490, -100, -48.063, 1, 0, 0, 0);

INSERT INTO `base_ace_object` (`baseAceObjectId`, `name`, `typeId`, `paletteId`, `ammoType`, `blipColor`, `bitField`, `burden`, `combatUse`, `cooldownDuration`, `cooldownId`, `effects`, `containersCapacity`, `header`, `hookTypeId`, `iconId`, `iconOverlayId`, `iconUnderlayId`, `hookItemTypes`, `itemsCapacity`, `location`, `materialType`, `maxStackSize`, `maxStructure`, `radar`, `pscript`, `spellId`, `stackSize`, `structure`, `targetTypeId`, `usability`, `useRadius`, `validLocations`, `value`, `workmanship`, `animationFrameId`, `defaultScript`, `defaultScriptIntensity`, `elasticity`, `friction`, `locationId`, `modelTableId`, `objectScale`, `physicsBitField`, `physicsTableId`, `motionTableId`, `soundTableId`, `physicsState`, `translucency`)
VALUES (1882058816, 'Surface Portal', 65536, 0, 0, 0, 262164, 0, 0, 0, 0, 0, 0, 8388656, 0, 100667499, 0, 0, 0, 0, 0, 0, 0, 0, 4, 0, 0, 0, 0, 0, 32, -0.1, 0, 0, 0, 0, 0, 0, 0, 0, 0, 33554867, 0, 98307, 0, 150994947, 0, 3084, 0);

INSERT INTO `ace_object` (`baseAceObjectId`, `weenieClassId`, `landblock`, `cell`, `posX`, `posY`, `posZ`, `qW`, `qX`, `qY`, `qZ`)
VALUES (1882058816, 7948, 735, 884, 1.39576, -52.7403, -6.063, -0.9998308, 0, 0, -0.018393);

INSERT INTO `base_ace_object` (`baseAceObjectId`, `name`, `typeId`, `paletteId`, `ammoType`, `blipColor`, `bitField`, `burden`, `combatUse`, `cooldownDuration`, `cooldownId`, `effects`, `containersCapacity`, `header`, `hookTypeId`, `iconId`, `iconOverlayId`, `iconUnderlayId`, `hookItemTypes`, `itemsCapacity`, `location`, `materialType`, `maxStackSize`, `maxStructure`, `radar`, `pscript`, `spellId`, `stackSize`, `structure`, `targetTypeId`, `usability`, `useRadius`, `validLocations`, `value`, `workmanship`, `animationFrameId`, `defaultScript`, `defaultScriptIntensity`, `elasticity`, `friction`, `locationId`, `modelTableId`, `objectScale`, `physicsBitField`, `physicsTableId`, `motionTableId`, `soundTableId`, `physicsState`, `translucency`)
VALUES (1882058784, 'Surface Portal', 65536, 0, 0, 0, 262164, 0, 0, 0, 0, 0, 0, 8388656, 0, 100667499, 0, 0, 0, 0, 0, 0, 0, 0, 4, 0, 0, 0, 0, 0, 32, -0.1, 0, 0, 0, 0, 0, 0, 0, 0, 0, 33554867, 0, 98307, 0, 150994947, 0, 3084, 0);

INSERT INTO `ace_object` (`baseAceObjectId`, `weenieClassId`, `landblock`, `cell`, `posX`, `posY`, `posZ`, `qW`, `qX`, `qY`, `qZ`)
VALUES (1882058784, 7948, 735, 605, 20, -60, -48.063, -0.7071068, 0, 0, -0.7071068);

INSERT INTO `base_ace_object` (`baseAceObjectId`, `name`, `typeId`, `paletteId`, `ammoType`, `blipColor`, `bitField`, `burden`, `combatUse`, `cooldownDuration`, `cooldownId`, `effects`, `containersCapacity`, `header`, `hookTypeId`, `iconId`, `iconOverlayId`, `iconUnderlayId`, `hookItemTypes`, `itemsCapacity`, `location`, `materialType`, `maxStackSize`, `maxStructure`, `radar`, `pscript`, `spellId`, `stackSize`, `structure`, `targetTypeId`, `usability`, `useRadius`, `validLocations`, `value`, `workmanship`, `animationFrameId`, `defaultScript`, `defaultScriptIntensity`, `elasticity`, `friction`, `locationId`, `modelTableId`, `objectScale`, `physicsBitField`, `physicsTableId`, `motionTableId`, `soundTableId`, `physicsState`, `translucency`)
VALUES (1882058762, 'Surface Portal', 65536, 0, 0, 0, 262164, 0, 0, 0, 0, 0, 0, 8388656, 0, 100667499, 0, 0, 0, 0, 0, 0, 0, 0, 4, 0, 0, 0, 0, 0, 32, -0.1, 0, 0, 0, 0, 0, 0, 0, 0, 0, 33554867, 0, 98307, 0, 150994947, 0, 3084, 0);

INSERT INTO `ace_object` (`baseAceObjectId`, `weenieClassId`, `landblock`, `cell`, `posX`, `posY`, `posZ`, `qW`, `qX`, `qY`, `qZ`)
VALUES (1882058762, 7948, 735, 416, 503.203, -47.992, -90.063, 0.7071068, 0, 0, -0.7071068);

INSERT INTO `base_ace_object` (`baseAceObjectId`, `name`, `typeId`, `paletteId`, `ammoType`, `blipColor`, `bitField`, `burden`, `combatUse`, `cooldownDuration`, `cooldownId`, `effects`, `containersCapacity`, `header`, `hookTypeId`, `iconId`, `iconOverlayId`, `iconUnderlayId`, `hookItemTypes`, `itemsCapacity`, `location`, `materialType`, `maxStackSize`, `maxStructure`, `radar`, `pscript`, `spellId`, `stackSize`, `structure`, `targetTypeId`, `usability`, `useRadius`, `validLocations`, `value`, `workmanship`, `animationFrameId`, `defaultScript`, `defaultScriptIntensity`, `elasticity`, `friction`, `locationId`, `modelTableId`, `objectScale`, `physicsBitField`, `physicsTableId`, `motionTableId`, `soundTableId`, `physicsState`, `translucency`)
VALUES (1882058754, 'Surface Portal', 65536, 0, 0, 0, 262164, 0, 0, 0, 0, 0, 0, 8388656, 0, 100667499, 0, 0, 0, 0, 0, 0, 0, 0, 4, 0, 0, 0, 0, 0, 32, -0.1, 0, 0, 0, 0, 0, 0, 0, 0, 0, 33554867, 0, 98307, 0, 150994947, 0, 3084, 0);

INSERT INTO `ace_object` (`baseAceObjectId`, `weenieClassId`, `landblock`, `cell`, `posX`, `posY`, `posZ`, `qW`, `qX`, `qY`, `qZ`)
VALUES (1882058754, 7948, 735, 343, 519.508, -50.1624, -96.063, 0.9975994, 0, 0, 0.06925002);

INSERT INTO `base_ace_object` (`baseAceObjectId`, `name`, `typeId`, `paletteId`, `ammoType`, `blipColor`, `bitField`, `burden`, `combatUse`, `cooldownDuration`, `cooldownId`, `effects`, `containersCapacity`, `header`, `hookTypeId`, `iconId`, `iconOverlayId`, `iconUnderlayId`, `hookItemTypes`, `itemsCapacity`, `location`, `materialType`, `maxStackSize`, `maxStructure`, `radar`, `pscript`, `spellId`, `stackSize`, `structure`, `targetTypeId`, `usability`, `useRadius`, `validLocations`, `value`, `workmanship`, `animationFrameId`, `defaultScript`, `defaultScriptIntensity`, `elasticity`, `friction`, `locationId`, `modelTableId`, `objectScale`, `physicsBitField`, `physicsTableId`, `motionTableId`, `soundTableId`, `physicsState`, `translucency`)
VALUES (1882058752, 'Surface Portal', 65536, 0, 0, 0, 262164, 0, 0, 0, 0, 0, 0, 8388656, 0, 100667499, 0, 0, 0, 0, 0, 0, 0, 0, 4, 0, 0, 0, 0, 0, 32, -0.1, 0, 0, 0, 0, 0, 0, 0, 0, 0, 33554867, 0, 98307, 0, 150994947, 0, 3084, 0);

INSERT INTO `ace_object` (`baseAceObjectId`, `weenieClassId`, `landblock`, `cell`, `posX`, `posY`, `posZ`, `qW`, `qX`, `qY`, `qZ`)
VALUES (1882058752, 7948, 735, 313, 490, -20, -96.063, 1, 0, 0, -4.37114E-08);

INSERT INTO `base_ace_object` (`baseAceObjectId`, `name`, `typeId`, `paletteId`, `ammoType`, `blipColor`, `bitField`, `burden`, `combatUse`, `cooldownDuration`, `cooldownId`, `effects`, `containersCapacity`, `header`, `hookTypeId`, `iconId`, `iconOverlayId`, `iconUnderlayId`, `hookItemTypes`, `itemsCapacity`, `location`, `materialType`, `maxStackSize`, `maxStructure`, `radar`, `pscript`, `spellId`, `stackSize`, `structure`, `targetTypeId`, `usability`, `useRadius`, `validLocations`, `value`, `workmanship`, `animationFrameId`, `defaultScript`, `defaultScriptIntensity`, `elasticity`, `friction`, `locationId`, `modelTableId`, `objectScale`, `physicsBitField`, `physicsTableId`, `motionTableId`, `soundTableId`, `physicsState`, `translucency`)
VALUES (1882058753, 'Surface Portal', 65536, 0, 0, 0, 262164, 0, 0, 0, 0, 0, 0, 8388656, 0, 100667499, 0, 0, 0, 0, 0, 0, 0, 0, 4, 0, 0, 0, 0, 0, 32, -0.1, 0, 0, 0, 0, 0, 0, 0, 0, 0, 33554867, 0, 98307, 0, 150994947, 0, 3084, 0);

INSERT INTO `ace_object` (`baseAceObjectId`, `weenieClassId`, `landblock`, `cell`, `posX`, `posY`, `posZ`, `qW`, `qX`, `qY`, `qZ`)
VALUES (1882058753, 7948, 735, 323, 490, -100, -96.063, 1, 0, 0, 0);

INSERT INTO `base_ace_object` (`baseAceObjectId`, `name`, `typeId`, `paletteId`, `ammoType`, `blipColor`, `bitField`, `burden`, `combatUse`, `cooldownDuration`, `cooldownId`, `effects`, `containersCapacity`, `header`, `hookTypeId`, `iconId`, `iconOverlayId`, `iconUnderlayId`, `hookItemTypes`, `itemsCapacity`, `location`, `materialType`, `maxStackSize`, `maxStructure`, `radar`, `pscript`, `spellId`, `stackSize`, `structure`, `targetTypeId`, `usability`, `useRadius`, `validLocations`, `value`, `workmanship`, `animationFrameId`, `defaultScript`, `defaultScriptIntensity`, `elasticity`, `friction`, `locationId`, `modelTableId`, `objectScale`, `physicsBitField`, `physicsTableId`, `motionTableId`, `soundTableId`, `physicsState`, `translucency`)
VALUES (1882038272, 'Surface Portal', 65536, 0, 0, 0, 262164, 0, 0, 0, 0, 0, 0, 8388656, 0, 100667499, 0, 0, 0, 0, 0, 0, 0, 0, 4, 0, 0, 0, 0, 0, 32, -0.1, 0, 0, 0, 0, 0, 0, 0, 0, 0, 33554867, 0, 98307, 0, 150994947, 0, 3084, 0);

INSERT INTO `ace_object` (`baseAceObjectId`, `weenieClassId`, `landblock`, `cell`, `posX`, `posY`, `posZ`, `qW`, `qX`, `qY`, `qZ`)
VALUES (1882038272, 7944, 730, 262, 60, -420, -102.063, 0.7071068, 0, 0, -0.7071068);

INSERT INTO `base_ace_object` (`baseAceObjectId`, `name`, `typeId`, `paletteId`, `ammoType`, `blipColor`, `bitField`, `burden`, `combatUse`, `cooldownDuration`, `cooldownId`, `effects`, `containersCapacity`, `header`, `hookTypeId`, `iconId`, `iconOverlayId`, `iconUnderlayId`, `hookItemTypes`, `itemsCapacity`, `location`, `materialType`, `maxStackSize`, `maxStructure`, `radar`, `pscript`, `spellId`, `stackSize`, `structure`, `targetTypeId`, `usability`, `useRadius`, `validLocations`, `value`, `workmanship`, `animationFrameId`, `defaultScript`, `defaultScriptIntensity`, `elasticity`, `friction`, `locationId`, `modelTableId`, `objectScale`, `physicsBitField`, `physicsTableId`, `motionTableId`, `soundTableId`, `physicsState`, `translucency`)
VALUES (2026492361, 'House Portal', 65536, 0, 0, 0, 262164, 0, 0, 0, 0, 0, 0, 41943088, 0, 100667499, 0, 0, 0, 0, 0, 0, 0, 0, 4, 0, 0, 0, 0, 0, 32, 0.75, 0, 0, 0, 0, 0, 0, 0, 0, 0, 33554867, 0, 98307, 0, 150994947, 0, 3076, 0);

INSERT INTO `ace_object` (`baseAceObjectId`, `weenieClassId`, `landblock`, `cell`, `posX`, `posY`, `posZ`, `qW`, `qX`, `qY`, `qZ`)
VALUES (2026492361, 11730, 35997, 280, 60.8057, 45.3402, 57.137, 0.9990566, 0, 0, -0.04342778);

INSERT INTO `base_ace_object` (`baseAceObjectId`, `name`, `typeId`, `paletteId`, `ammoType`, `blipColor`, `bitField`, `burden`, `combatUse`, `cooldownDuration`, `cooldownId`, `effects`, `containersCapacity`, `header`, `hookTypeId`, `iconId`, `iconOverlayId`, `iconUnderlayId`, `hookItemTypes`, `itemsCapacity`, `location`, `materialType`, `maxStackSize`, `maxStructure`, `radar`, `pscript`, `spellId`, `stackSize`, `structure`, `targetTypeId`, `usability`, `useRadius`, `validLocations`, `value`, `workmanship`, `animationFrameId`, `defaultScript`, `defaultScriptIntensity`, `elasticity`, `friction`, `locationId`, `modelTableId`, `objectScale`, `physicsBitField`, `physicsTableId`, `motionTableId`, `soundTableId`, `physicsState`, `translucency`)
VALUES (2026492363, 'House Portal', 65536, 0, 0, 0, 262164, 0, 0, 0, 0, 0, 0, 41943088, 0, 100667499, 0, 0, 0, 0, 0, 0, 0, 0, 4, 0, 0, 0, 0, 0, 32, 0.75, 0, 0, 0, 0, 0, 0, 0, 0, 0, 33554867, 0, 98307, 0, 150994947, 0, 3076, 0);

INSERT INTO `ace_object` (`baseAceObjectId`, `weenieClassId`, `landblock`, `cell`, `posX`, `posY`, `posZ`, `qW`, `qX`, `qY`, `qZ`)
VALUES (2026492363, 11730, 35997, 308, 32.7559, 81.7425, 69.137, 0.03455869, 0, 0, 0.9994026);

INSERT INTO `base_ace_object` (`baseAceObjectId`, `name`, `typeId`, `paletteId`, `ammoType`, `blipColor`, `bitField`, `burden`, `combatUse`, `cooldownDuration`, `cooldownId`, `effects`, `containersCapacity`, `header`, `hookTypeId`, `iconId`, `iconOverlayId`, `iconUnderlayId`, `hookItemTypes`, `itemsCapacity`, `location`, `materialType`, `maxStackSize`, `maxStructure`, `radar`, `pscript`, `spellId`, `stackSize`, `structure`, `targetTypeId`, `usability`, `useRadius`, `validLocations`, `value`, `workmanship`, `animationFrameId`, `defaultScript`, `defaultScriptIntensity`, `elasticity`, `friction`, `locationId`, `modelTableId`, `objectScale`, `physicsBitField`, `physicsTableId`, `motionTableId`, `soundTableId`, `physicsState`, `translucency`)
VALUES (2026492365, 'House Portal', 65536, 0, 0, 0, 262164, 0, 0, 0, 0, 0, 0, 41943088, 0, 100667499, 0, 0, 0, 0, 0, 0, 0, 0, 4, 0, 0, 0, 0, 0, 32, 0.75, 0, 0, 0, 0, 0, 0, 0, 0, 0, 33554867, 0, 98307, 0, 150994947, 0, 3076, 0);

INSERT INTO `ace_object` (`baseAceObjectId`, `weenieClassId`, `landblock`, `cell`, `posX`, `posY`, `posZ`, `qW`, `qX`, `qY`, `qZ`)
VALUES (2026492365, 11730, 35997, 339, 45.5768, 131.905, 79.137, 0.6886448, 0, 0, -0.7250988);

INSERT INTO `base_ace_object` (`baseAceObjectId`, `name`, `typeId`, `paletteId`, `ammoType`, `blipColor`, `bitField`, `burden`, `combatUse`, `cooldownDuration`, `cooldownId`, `effects`, `containersCapacity`, `header`, `hookTypeId`, `iconId`, `iconOverlayId`, `iconUnderlayId`, `hookItemTypes`, `itemsCapacity`, `location`, `materialType`, `maxStackSize`, `maxStructure`, `radar`, `pscript`, `spellId`, `stackSize`, `structure`, `targetTypeId`, `usability`, `useRadius`, `validLocations`, `value`, `workmanship`, `animationFrameId`, `defaultScript`, `defaultScriptIntensity`, `elasticity`, `friction`, `locationId`, `modelTableId`, `objectScale`, `physicsBitField`, `physicsTableId`, `motionTableId`, `soundTableId`, `physicsState`, `translucency`)
VALUES (2026492367, 'House Portal', 65536, 0, 0, 0, 262164, 0, 0, 0, 0, 0, 0, 41943088, 0, 100667499, 0, 0, 0, 0, 0, 0, 0, 0, 4, 0, 0, 0, 0, 0, 32, 0.75, 0, 0, 0, 0, 0, 0, 0, 0, 0, 33554867, 0, 98307, 0, 150994947, 0, 3076, 0);

INSERT INTO `ace_object` (`baseAceObjectId`, `weenieClassId`, `landblock`, `cell`, `posX`, `posY`, `posZ`, `qW`, `qX`, `qY`, `qZ`)
VALUES (2026492367, 11730, 35997, 367, 93.2113, 155.958, 89.137, -0.6766119, 0, 0, 0.7363398);

INSERT INTO `base_ace_object` (`baseAceObjectId`, `name`, `typeId`, `paletteId`, `ammoType`, `blipColor`, `bitField`, `burden`, `combatUse`, `cooldownDuration`, `cooldownId`, `effects`, `containersCapacity`, `header`, `hookTypeId`, `iconId`, `iconOverlayId`, `iconUnderlayId`, `hookItemTypes`, `itemsCapacity`, `location`, `materialType`, `maxStackSize`, `maxStructure`, `radar`, `pscript`, `spellId`, `stackSize`, `structure`, `targetTypeId`, `usability`, `useRadius`, `validLocations`, `value`, `workmanship`, `animationFrameId`, `defaultScript`, `defaultScriptIntensity`, `elasticity`, `friction`, `locationId`, `modelTableId`, `objectScale`, `physicsBitField`, `physicsTableId`, `motionTableId`, `soundTableId`, `physicsState`, `translucency`)
VALUES (2026492369, 'House Portal', 65536, 0, 0, 0, 262164, 0, 0, 0, 0, 0, 0, 41943088, 0, 100667499, 0, 0, 0, 0, 0, 0, 0, 0, 4, 0, 0, 0, 0, 0, 32, 0.75, 0, 0, 0, 0, 0, 0, 0, 0, 0, 33554867, 0, 98307, 0, 150994947, 0, 3076, 0);

INSERT INTO `ace_object` (`baseAceObjectId`, `weenieClassId`, `landblock`, `cell`, `posX`, `posY`, `posZ`, `qW`, `qX`, `qY`, `qZ`)
VALUES (2026492369, 11730, 35997, 395, 152.911, 130.858, 79.137, -0.008324972, 0, 0, -0.9999654);

INSERT INTO `base_ace_object` (`baseAceObjectId`, `name`, `typeId`, `paletteId`, `ammoType`, `blipColor`, `bitField`, `burden`, `combatUse`, `cooldownDuration`, `cooldownId`, `effects`, `containersCapacity`, `header`, `hookTypeId`, `iconId`, `iconOverlayId`, `iconUnderlayId`, `hookItemTypes`, `itemsCapacity`, `location`, `materialType`, `maxStackSize`, `maxStructure`, `radar`, `pscript`, `spellId`, `stackSize`, `structure`, `targetTypeId`, `usability`, `useRadius`, `validLocations`, `value`, `workmanship`, `animationFrameId`, `defaultScript`, `defaultScriptIntensity`, `elasticity`, `friction`, `locationId`, `modelTableId`, `objectScale`, `physicsBitField`, `physicsTableId`, `motionTableId`, `soundTableId`, `physicsState`, `translucency`)
VALUES (2026492371, 'House Portal', 65536, 0, 0, 0, 262164, 0, 0, 0, 0, 0, 0, 41943088, 0, 100667499, 0, 0, 0, 0, 0, 0, 0, 0, 4, 0, 0, 0, 0, 0, 32, 0.75, 0, 0, 0, 0, 0, 0, 0, 0, 0, 33554867, 0, 98307, 0, 150994947, 0, 3076, 0);

INSERT INTO `ace_object` (`baseAceObjectId`, `weenieClassId`, `landblock`, `cell`, `posX`, `posY`, `posZ`, `qW`, `qX`, `qY`, `qZ`)
VALUES (2026492371, 11730, 35997, 426, 155.569, 75.0136, 65.137, -0.06150379, 0, 0, -0.9981068);

INSERT INTO `base_ace_object` (`baseAceObjectId`, `name`, `typeId`, `paletteId`, `ammoType`, `blipColor`, `bitField`, `burden`, `combatUse`, `cooldownDuration`, `cooldownId`, `effects`, `containersCapacity`, `header`, `hookTypeId`, `iconId`, `iconOverlayId`, `iconUnderlayId`, `hookItemTypes`, `itemsCapacity`, `location`, `materialType`, `maxStackSize`, `maxStructure`, `radar`, `pscript`, `spellId`, `stackSize`, `structure`, `targetTypeId`, `usability`, `useRadius`, `validLocations`, `value`, `workmanship`, `animationFrameId`, `defaultScript`, `defaultScriptIntensity`, `elasticity`, `friction`, `locationId`, `modelTableId`, `objectScale`, `physicsBitField`, `physicsTableId`, `motionTableId`, `soundTableId`, `physicsState`, `translucency`)
VALUES (2027540787, 'House Portal', 65536, 0, 0, 0, 262164, 0, 0, 0, 0, 0, 0, 41943088, 0, 100667499, 0, 0, 0, 0, 0, 0, 0, 0, 4, 0, 0, 0, 0, 0, 32, 0.75, 0, 0, 0, 0, 0, 0, 0, 0, 0, 33554867, 0, 98307, 0, 150994947, 0, 3076, 0);

INSERT INTO `ace_object` (`baseAceObjectId`, `weenieClassId`, `landblock`, `cell`, `posX`, `posY`, `posZ`, `qW`, `qX`, `qY`, `qZ`)
VALUES (2027540787, 11730, 36253, 280, 153.97, 34.6482, 27.137, -0.06145818, 0, 0, 0.9981096);

INSERT INTO `base_ace_object` (`baseAceObjectId`, `name`, `typeId`, `paletteId`, `ammoType`, `blipColor`, `bitField`, `burden`, `combatUse`, `cooldownDuration`, `cooldownId`, `effects`, `containersCapacity`, `header`, `hookTypeId`, `iconId`, `iconOverlayId`, `iconUnderlayId`, `hookItemTypes`, `itemsCapacity`, `location`, `materialType`, `maxStackSize`, `maxStructure`, `radar`, `pscript`, `spellId`, `stackSize`, `structure`, `targetTypeId`, `usability`, `useRadius`, `validLocations`, `value`, `workmanship`, `animationFrameId`, `defaultScript`, `defaultScriptIntensity`, `elasticity`, `friction`, `locationId`, `modelTableId`, `objectScale`, `physicsBitField`, `physicsTableId`, `motionTableId`, `soundTableId`, `physicsState`, `translucency`)
VALUES (2027540789, 'House Portal', 65536, 0, 0, 0, 262164, 0, 0, 0, 0, 0, 0, 41943088, 0, 100667499, 0, 0, 0, 0, 0, 0, 0, 0, 4, 0, 0, 0, 0, 0, 32, 0.75, 0, 0, 0, 0, 0, 0, 0, 0, 0, 33554867, 0, 98307, 0, 150994947, 0, 3076, 0);

INSERT INTO `ace_object` (`baseAceObjectId`, `weenieClassId`, `landblock`, `cell`, `posX`, `posY`, `posZ`, `qW`, `qX`, `qY`, `qZ`)
VALUES (2027540789, 11730, 36253, 311, 155.962, 75.3077, 31.137, -0.005531209, 0, 0, -0.9999847);

INSERT INTO `base_ace_object` (`baseAceObjectId`, `name`, `typeId`, `paletteId`, `ammoType`, `blipColor`, `bitField`, `burden`, `combatUse`, `cooldownDuration`, `cooldownId`, `effects`, `containersCapacity`, `header`, `hookTypeId`, `iconId`, `iconOverlayId`, `iconUnderlayId`, `hookItemTypes`, `itemsCapacity`, `location`, `materialType`, `maxStackSize`, `maxStructure`, `radar`, `pscript`, `spellId`, `stackSize`, `structure`, `targetTypeId`, `usability`, `useRadius`, `validLocations`, `value`, `workmanship`, `animationFrameId`, `defaultScript`, `defaultScriptIntensity`, `elasticity`, `friction`, `locationId`, `modelTableId`, `objectScale`, `physicsBitField`, `physicsTableId`, `motionTableId`, `soundTableId`, `physicsState`, `translucency`)
VALUES (2027540791, 'House Portal', 65536, 0, 0, 0, 262164, 0, 0, 0, 0, 0, 0, 41943088, 0, 100667499, 0, 0, 0, 0, 0, 0, 0, 0, 4, 0, 0, 0, 0, 0, 32, 0.75, 0, 0, 0, 0, 0, 0, 0, 0, 0, 33554867, 0, 98307, 0, 150994947, 0, 3076, 0);

INSERT INTO `ace_object` (`baseAceObjectId`, `weenieClassId`, `landblock`, `cell`, `posX`, `posY`, `posZ`, `qW`, `qX`, `qY`, `qZ`)
VALUES (2027540791, 11730, 36253, 339, 129.621, 154.529, 47.137, -0.007013403, 0, 0, 0.9999754);

INSERT INTO `base_ace_object` (`baseAceObjectId`, `name`, `typeId`, `paletteId`, `ammoType`, `blipColor`, `bitField`, `burden`, `combatUse`, `cooldownDuration`, `cooldownId`, `effects`, `containersCapacity`, `header`, `hookTypeId`, `iconId`, `iconOverlayId`, `iconUnderlayId`, `hookItemTypes`, `itemsCapacity`, `location`, `materialType`, `maxStackSize`, `maxStructure`, `radar`, `pscript`, `spellId`, `stackSize`, `structure`, `targetTypeId`, `usability`, `useRadius`, `validLocations`, `value`, `workmanship`, `animationFrameId`, `defaultScript`, `defaultScriptIntensity`, `elasticity`, `friction`, `locationId`, `modelTableId`, `objectScale`, `physicsBitField`, `physicsTableId`, `motionTableId`, `soundTableId`, `physicsState`, `translucency`)
VALUES (2027540785, 'House Portal', 65536, 0, 0, 0, 262164, 0, 0, 0, 0, 0, 0, 41943088, 0, 100667499, 0, 0, 0, 0, 0, 0, 0, 0, 4, 0, 0, 0, 0, 0, 32, 0.75, 0, 0, 0, 0, 0, 0, 0, 0, 0, 33554867, 0, 98307, 0, 150994947, 0, 3076, 0);

INSERT INTO `ace_object` (`baseAceObjectId`, `weenieClassId`, `landblock`, `cell`, `posX`, `posY`, `posZ`, `qW`, `qX`, `qY`, `qZ`)
VALUES (2027540785, 11730, 36253, 370, 111.132, 61.7388, 31.137, 0.9995979, 0, 0, -0.0283546);

INSERT INTO `base_ace_object` (`baseAceObjectId`, `name`, `typeId`, `paletteId`, `ammoType`, `blipColor`, `bitField`, `burden`, `combatUse`, `cooldownDuration`, `cooldownId`, `effects`, `containersCapacity`, `header`, `hookTypeId`, `iconId`, `iconOverlayId`, `iconUnderlayId`, `hookItemTypes`, `itemsCapacity`, `location`, `materialType`, `maxStackSize`, `maxStructure`, `radar`, `pscript`, `spellId`, `stackSize`, `structure`, `targetTypeId`, `usability`, `useRadius`, `validLocations`, `value`, `workmanship`, `animationFrameId`, `defaultScript`, `defaultScriptIntensity`, `elasticity`, `friction`, `locationId`, `modelTableId`, `objectScale`, `physicsBitField`, `physicsTableId`, `motionTableId`, `soundTableId`, `physicsState`, `translucency`)
VALUES (2023350273, 'Artifex Vault Portal', 65536, 0, 0, 0, 262164, 0, 0, 0, 0, 0, 0, 8388656, 0, 100667499, 0, 0, 0, 0, 0, 0, 0, 0, 4, 0, 0, 0, 0, 0, 32, -0.1, 0, 0, 0, 0, 0, 0, 0, 0, 0, 33554867, 0, 98307, 0, 150994947, 0, 3084, 0);

INSERT INTO `ace_object` (`baseAceObjectId`, `weenieClassId`, `landblock`, `cell`, `posX`, `posY`, `posZ`, `qW`, `qX`, `qY`, `qZ`)
VALUES (2023350273, 6391, 35230, 25, 91.6203, 16.8019, 239.207, -0.665043, 0, 0, -0.7468051);

INSERT INTO `base_ace_object` (`baseAceObjectId`, `name`, `typeId`, `paletteId`, `ammoType`, `blipColor`, `bitField`, `burden`, `combatUse`, `cooldownDuration`, `cooldownId`, `effects`, `containersCapacity`, `header`, `hookTypeId`, `iconId`, `iconOverlayId`, `iconUnderlayId`, `hookItemTypes`, `itemsCapacity`, `location`, `materialType`, `maxStackSize`, `maxStructure`, `radar`, `pscript`, `spellId`, `stackSize`, `structure`, `targetTypeId`, `usability`, `useRadius`, `validLocations`, `value`, `workmanship`, `animationFrameId`, `defaultScript`, `defaultScriptIntensity`, `elasticity`, `friction`, `locationId`, `modelTableId`, `objectScale`, `physicsBitField`, `physicsTableId`, `motionTableId`, `soundTableId`, `physicsState`, `translucency`)
VALUES (1880322172, 'Surface Portal', 65536, 0, 0, 0, 262164, 0, 0, 0, 0, 0, 0, 8388656, 0, 100667499, 0, 0, 0, 0, 0, 0, 0, 0, 4, 0, 0, 0, 0, 0, 32, -0.1, 0, 0, 0, 0, 0, 0, 0, 0, 0, 33554867, 0, 98307, 0, 150994947, 0, 3084, 0);

INSERT INTO `ace_object` (`baseAceObjectId`, `weenieClassId`, `landblock`, `cell`, `posX`, `posY`, `posZ`, `qW`, `qX`, `qY`, `qZ`)
VALUES (1880322172, 6392, 311, 756, 161.142, -89.0468, -36.02856, -0.8213982, 0, 0, -0.5703551);

INSERT INTO `base_ace_object` (`baseAceObjectId`, `name`, `typeId`, `paletteId`, `ammoType`, `blipColor`, `bitField`, `burden`, `combatUse`, `cooldownDuration`, `cooldownId`, `effects`, `containersCapacity`, `header`, `hookTypeId`, `iconId`, `iconOverlayId`, `iconUnderlayId`, `hookItemTypes`, `itemsCapacity`, `location`, `materialType`, `maxStackSize`, `maxStructure`, `radar`, `pscript`, `spellId`, `stackSize`, `structure`, `targetTypeId`, `usability`, `useRadius`, `validLocations`, `value`, `workmanship`, `animationFrameId`, `defaultScript`, `defaultScriptIntensity`, `elasticity`, `friction`, `locationId`, `modelTableId`, `objectScale`, `physicsBitField`, `physicsTableId`, `motionTableId`, `soundTableId`, `physicsState`, `translucency`)
VALUES (1880322099, 'Surface Portal', 65536, 0, 0, 0, 262164, 0, 0, 0, 0, 0, 0, 8388656, 0, 100667499, 0, 0, 0, 0, 0, 0, 0, 0, 4, 0, 0, 0, 0, 0, 32, -0.1, 0, 0, 0, 0, 0, 0, 0, 0, 0, 33554867, 0, 98307, 0, 150994947, 0, 3084, 0);

INSERT INTO `ace_object` (`baseAceObjectId`, `weenieClassId`, `landblock`, `cell`, `posX`, `posY`, `posZ`, `qW`, `qX`, `qY`, `qZ`)
VALUES (1880322099, 6392, 311, 397, 90.0377, -73.5983, -72.063, -4.37114E-08, 0, 0, -1);

INSERT INTO `base_ace_object` (`baseAceObjectId`, `name`, `typeId`, `paletteId`, `ammoType`, `blipColor`, `bitField`, `burden`, `combatUse`, `cooldownDuration`, `cooldownId`, `effects`, `containersCapacity`, `header`, `hookTypeId`, `iconId`, `iconOverlayId`, `iconUnderlayId`, `hookItemTypes`, `itemsCapacity`, `location`, `materialType`, `maxStackSize`, `maxStructure`, `radar`, `pscript`, `spellId`, `stackSize`, `structure`, `targetTypeId`, `usability`, `useRadius`, `validLocations`, `value`, `workmanship`, `animationFrameId`, `defaultScript`, `defaultScriptIntensity`, `elasticity`, `friction`, `locationId`, `modelTableId`, `objectScale`, `physicsBitField`, `physicsTableId`, `motionTableId`, `soundTableId`, `physicsState`, `translucency`)
VALUES (1880322072, 'Surface Portal', 65536, 0, 0, 0, 262164, 0, 0, 0, 0, 0, 0, 8388656, 0, 100667499, 0, 0, 0, 0, 0, 0, 0, 0, 4, 0, 0, 0, 0, 0, 32, -0.1, 0, 0, 0, 0, 0, 0, 0, 0, 0, 33554867, 0, 98307, 0, 150994947, 0, 3084, 0);

INSERT INTO `ace_object` (`baseAceObjectId`, `weenieClassId`, `landblock`, `cell`, `posX`, `posY`, `posZ`, `qW`, `qX`, `qY`, `qZ`)
VALUES (1880322072, 6392, 311, 310, 243.362, -79.9348, -108.063, 0.6584433, 0, 0, -0.7526304);

INSERT INTO `base_ace_object` (`baseAceObjectId`, `name`, `typeId`, `paletteId`, `ammoType`, `blipColor`, `bitField`, `burden`, `combatUse`, `cooldownDuration`, `cooldownId`, `effects`, `containersCapacity`, `header`, `hookTypeId`, `iconId`, `iconOverlayId`, `iconUnderlayId`, `hookItemTypes`, `itemsCapacity`, `location`, `materialType`, `maxStackSize`, `maxStructure`, `radar`, `pscript`, `spellId`, `stackSize`, `structure`, `targetTypeId`, `usability`, `useRadius`, `validLocations`, `value`, `workmanship`, `animationFrameId`, `defaultScript`, `defaultScriptIntensity`, `elasticity`, `friction`, `locationId`, `modelTableId`, `objectScale`, `physicsBitField`, `physicsTableId`, `motionTableId`, `soundTableId`, `physicsState`, `translucency`)
VALUES (1953103872, 'Artifex Vault Portal', 65536, 0, 0, 0, 262164, 0, 0, 0, 0, 0, 0, 8388656, 0, 100667499, 0, 0, 0, 0, 0, 0, 0, 0, 4, 0, 0, 0, 0, 0, 32, -0.1, 0, 0, 0, 0, 0, 0, 0, 0, 0, 33554867, 0, 98307, 0, 150994947, 0, 3084, 0);

INSERT INTO `ace_object` (`baseAceObjectId`, `weenieClassId`, `landblock`, `cell`, `posX`, `posY`, `posZ`, `qW`, `qX`, `qY`, `qZ`)
VALUES (1953103872, 6391, 18080, 13, 42.5468, 103.356, 63.32156, 0.9351643, 0, 0, -0.3542142);

INSERT INTO `base_ace_object` (`baseAceObjectId`, `name`, `typeId`, `paletteId`, `ammoType`, `blipColor`, `bitField`, `burden`, `combatUse`, `cooldownDuration`, `cooldownId`, `effects`, `containersCapacity`, `header`, `hookTypeId`, `iconId`, `iconOverlayId`, `iconUnderlayId`, `hookItemTypes`, `itemsCapacity`, `location`, `materialType`, `maxStackSize`, `maxStructure`, `radar`, `pscript`, `spellId`, `stackSize`, `structure`, `targetTypeId`, `usability`, `useRadius`, `validLocations`, `value`, `workmanship`, `animationFrameId`, `defaultScript`, `defaultScriptIntensity`, `elasticity`, `friction`, `locationId`, `modelTableId`, `objectScale`, `physicsBitField`, `physicsTableId`, `motionTableId`, `soundTableId`, `physicsState`, `translucency`)
VALUES (3334877943, 'Gold Legion Keep', 65536, 0, 0, 0, 262164, 0, 0, 0, 0, 0, 0, 8388656, 0, 100667499, 0, 0, 0, 0, 0, 0, 0, 0, 4, 0, 0, 0, 0, 0, 32, -0.1, 0, 0, 0, 0, 0, 0, 0, 0, 0, 33555925, 0, 98307, 0, 150994947, 0, 3084, 0);

INSERT INTO `ace_object` (`baseAceObjectId`, `weenieClassId`, `landblock`, `cell`, `posX`, `posY`, `posZ`, `qW`, `qX`, `qY`, `qZ`)
VALUES (3334877943, 29435, 33168, 62, 174, 140, 123.937, 0.8870109, 0, 0, -0.4617486);

INSERT INTO `base_ace_object` (`baseAceObjectId`, `name`, `typeId`, `paletteId`, `ammoType`, `blipColor`, `bitField`, `burden`, `combatUse`, `cooldownDuration`, `cooldownId`, `effects`, `containersCapacity`, `header`, `hookTypeId`, `iconId`, `iconOverlayId`, `iconUnderlayId`, `hookItemTypes`, `itemsCapacity`, `location`, `materialType`, `maxStackSize`, `maxStructure`, `radar`, `pscript`, `spellId`, `stackSize`, `structure`, `targetTypeId`, `usability`, `useRadius`, `validLocations`, `value`, `workmanship`, `animationFrameId`, `defaultScript`, `defaultScriptIntensity`, `elasticity`, `friction`, `locationId`, `modelTableId`, `objectScale`, `physicsBitField`, `physicsTableId`, `motionTableId`, `soundTableId`, `physicsState`, `translucency`)
VALUES (1984204888, 'Exit to Surface', 65536, 0, 0, 0, 262164, 0, 0, 0, 0, 0, 0, 8388656, 0, 100667499, 0, 0, 0, 0, 0, 0, 0, 0, 4, 0, 0, 0, 0, 0, 32, -0.1, 0, 0, 0, 0, 0, 0, 0, 0, 0, 33554867, 0, 98307, 0, 150994947, 0, 3084, 0);

INSERT INTO `ace_object` (`baseAceObjectId`, `weenieClassId`, `landblock`, `cell`, `posX`, `posY`, `posZ`, `qW`, `qX`, `qY`, `qZ`)
VALUES (1984204888, 25838, 25673, 558, 4.92956, -80.0232, -0.06299996, 0.7316888, 0, 0, 0.6816388);

INSERT INTO `base_ace_object` (`baseAceObjectId`, `name`, `typeId`, `paletteId`, `ammoType`, `blipColor`, `bitField`, `burden`, `combatUse`, `cooldownDuration`, `cooldownId`, `effects`, `containersCapacity`, `header`, `hookTypeId`, `iconId`, `iconOverlayId`, `iconUnderlayId`, `hookItemTypes`, `itemsCapacity`, `location`, `materialType`, `maxStackSize`, `maxStructure`, `radar`, `pscript`, `spellId`, `stackSize`, `structure`, `targetTypeId`, `usability`, `useRadius`, `validLocations`, `value`, `workmanship`, `animationFrameId`, `defaultScript`, `defaultScriptIntensity`, `elasticity`, `friction`, `locationId`, `modelTableId`, `objectScale`, `physicsBitField`, `physicsTableId`, `motionTableId`, `soundTableId`, `physicsState`, `translucency`)
VALUES (1984204921, 'Exit to Surface', 65536, 0, 0, 0, 262164, 0, 0, 0, 0, 0, 0, 8388656, 0, 100667499, 0, 0, 0, 0, 0, 0, 0, 0, 4, 0, 0, 0, 0, 0, 32, -0.1, 0, 0, 0, 0, 0, 0, 0, 0, 0, 33554867, 0, 98307, 0, 150994947, 0, 3084, 0);

INSERT INTO `ace_object` (`baseAceObjectId`, `weenieClassId`, `landblock`, `cell`, `posX`, `posY`, `posZ`, `qW`, `qX`, `qY`, `qZ`)
VALUES (1984204921, 25836, 25673, 705, 280.04, -73.7325, -0.06299996, 1, 0, 0, -4.37114E-08);

INSERT INTO `base_ace_object` (`baseAceObjectId`, `name`, `typeId`, `paletteId`, `ammoType`, `blipColor`, `bitField`, `burden`, `combatUse`, `cooldownDuration`, `cooldownId`, `effects`, `containersCapacity`, `header`, `hookTypeId`, `iconId`, `iconOverlayId`, `iconUnderlayId`, `hookItemTypes`, `itemsCapacity`, `location`, `materialType`, `maxStackSize`, `maxStructure`, `radar`, `pscript`, `spellId`, `stackSize`, `structure`, `targetTypeId`, `usability`, `useRadius`, `validLocations`, `value`, `workmanship`, `animationFrameId`, `defaultScript`, `defaultScriptIntensity`, `elasticity`, `friction`, `locationId`, `modelTableId`, `objectScale`, `physicsBitField`, `physicsTableId`, `motionTableId`, `soundTableId`, `physicsState`, `translucency`)
VALUES (2066841600, 'Dragon''s Power', 65536, 0, 0, 0, 262164, 0, 0, 0, 0, 0, 0, 8388656, 0, 100667499, 0, 0, 0, 0, 0, 0, 0, 0, 4, 0, 0, 0, 0, 0, 32, -0.1, 0, 0, 0, 0, 0, 0, 0, 0, 0, 33555926, 0, 98307, 0, 150994947, 0, 3084, 0);

INSERT INTO `ace_object` (`baseAceObjectId`, `weenieClassId`, `landblock`, `cell`, `posX`, `posY`, `posZ`, `qW`, `qX`, `qY`, `qZ`)
VALUES (2066841600, 25833, 45848, 13, 30.409, 100.917, 338.7077, -0.9986674, 0, 0, -0.05160772);

INSERT INTO `base_ace_object` (`baseAceObjectId`, `name`, `typeId`, `paletteId`, `ammoType`, `blipColor`, `bitField`, `burden`, `combatUse`, `cooldownDuration`, `cooldownId`, `effects`, `containersCapacity`, `header`, `hookTypeId`, `iconId`, `iconOverlayId`, `iconUnderlayId`, `hookItemTypes`, `itemsCapacity`, `location`, `materialType`, `maxStackSize`, `maxStructure`, `radar`, `pscript`, `spellId`, `stackSize`, `structure`, `targetTypeId`, `usability`, `useRadius`, `validLocations`, `value`, `workmanship`, `animationFrameId`, `defaultScript`, `defaultScriptIntensity`, `elasticity`, `friction`, `locationId`, `modelTableId`, `objectScale`, `physicsBitField`, `physicsTableId`, `motionTableId`, `soundTableId`, `physicsState`, `translucency`)
VALUES (1984204972, 'Exit to Surface', 65536, 0, 0, 0, 262164, 0, 0, 0, 0, 0, 0, 8388656, 0, 100667499, 0, 0, 0, 0, 0, 0, 0, 0, 4, 0, 0, 0, 0, 0, 32, -0.1, 0, 0, 0, 0, 0, 0, 0, 0, 0, 33554867, 0, 98307, 0, 150994947, 0, 3084, 0);

INSERT INTO `ace_object` (`baseAceObjectId`, `weenieClassId`, `landblock`, `cell`, `posX`, `posY`, `posZ`, `qW`, `qX`, `qY`, `qZ`)
VALUES (1984204972, 25834, 25673, 488, 483.03, -109.899, -6.063, 0.714421, 0, 0, 0.699716);

INSERT INTO `base_ace_object` (`baseAceObjectId`, `name`, `typeId`, `paletteId`, `ammoType`, `blipColor`, `bitField`, `burden`, `combatUse`, `cooldownDuration`, `cooldownId`, `effects`, `containersCapacity`, `header`, `hookTypeId`, `iconId`, `iconOverlayId`, `iconUnderlayId`, `hookItemTypes`, `itemsCapacity`, `location`, `materialType`, `maxStackSize`, `maxStructure`, `radar`, `pscript`, `spellId`, `stackSize`, `structure`, `targetTypeId`, `usability`, `useRadius`, `validLocations`, `value`, `workmanship`, `animationFrameId`, `defaultScript`, `defaultScriptIntensity`, `elasticity`, `friction`, `locationId`, `modelTableId`, `objectScale`, `physicsBitField`, `physicsTableId`, `motionTableId`, `soundTableId`, `physicsState`, `translucency`)
VALUES (1970770019, 'Surface', 65536, 0, 0, 0, 262164, 0, 0, 0, 0, 0, 0, 8388656, 0, 100667499, 0, 0, 0, 0, 0, 0, 0, 0, 4, 0, 0, 0, 0, 0, 32, -0.1, 0, 0, 0, 0, 0, 0, 0, 0, 0, 33554867, 0, 98307, 0, 150994947, 0, 3084, 0);

INSERT INTO `ace_object` (`baseAceObjectId`, `weenieClassId`, `landblock`, `cell`, `posX`, `posY`, `posZ`, `qW`, `qX`, `qY`, `qZ`)
VALUES (1970770019, 23902, 22393, 736, 69.267, -80.2037, -6.063, -0.7034041, 0, 0, -0.7107901);

INSERT INTO `base_ace_object` (`baseAceObjectId`, `name`, `typeId`, `paletteId`, `ammoType`, `blipColor`, `bitField`, `burden`, `combatUse`, `cooldownDuration`, `cooldownId`, `effects`, `containersCapacity`, `header`, `hookTypeId`, `iconId`, `iconOverlayId`, `iconUnderlayId`, `hookItemTypes`, `itemsCapacity`, `location`, `materialType`, `maxStackSize`, `maxStructure`, `radar`, `pscript`, `spellId`, `stackSize`, `structure`, `targetTypeId`, `usability`, `useRadius`, `validLocations`, `value`, `workmanship`, `animationFrameId`, `defaultScript`, `defaultScriptIntensity`, `elasticity`, `friction`, `locationId`, `modelTableId`, `objectScale`, `physicsBitField`, `physicsTableId`, `motionTableId`, `soundTableId`, `physicsState`, `translucency`)
VALUES (1970769930, 'Surface', 65536, 0, 0, 0, 262164, 0, 0, 0, 0, 0, 0, 8388656, 0, 100667499, 0, 0, 0, 0, 0, 0, 0, 0, 4, 0, 0, 0, 0, 0, 32, -0.1, 0, 0, 0, 0, 0, 0, 0, 0, 0, 33554867, 0, 98307, 0, 150994947, 0, 3084, 0);

INSERT INTO `ace_object` (`baseAceObjectId`, `weenieClassId`, `landblock`, `cell`, `posX`, `posY`, `posZ`, `qW`, `qX`, `qY`, `qZ`)
VALUES (1970769930, 23902, 22393, 265, 8.47494, -91.2313, -42.063, 0.4311759, 0, 0, 0.9022679);
