INSERT INTO `base_ace_object` (`baseAceObjectId`, `name`, `typeId`, `paletteId`, `ammoType`, `blipColor`, `bitField`, `burden`, `combatUse`, `cooldownDuration`, `cooldownId`, `effects`, `containersCapacity`, `header`, `hookTypeId`, `iconId`, `iconOverlayId`, `iconUnderlayId`, `hookItemTypes`, `itemsCapacity`, `location`, `materialType`, `maxStackSize`, `maxStructure`, `radar`, `pscript`, `spellId`, `stackSize`, `structure`, `targetTypeId`, `usability`, `useRadius`, `validLocations`, `value`, `workmanship`, `animationFrameId`, `defaultScript`, `defaultScriptIntensity`, `elasticity`, `friction`, `locationId`, `modelTableId`, `objectScale`, `physicsBitField`, `physicsTableId`, `motionTableId`, `soundTableId`, `physicsState`, `translucency`)
VALUES (1879519240, 'Surface', 65536, 0, 0, 0, 262164, 0, 0, 0, 0, 0, 0, 8388656, 0, 100667499, 0, 0, 0, 0, 0, 0, 0, 0, 4, 0, 0, 0, 0, 0, 32, -0.1, 0, 0, 0, 0, 0, 0, 0, 0, 0, 33554867, 0, 98307, 0, 150994947, 0, 3084, 0);

INSERT INTO `ace_object` (`baseAceObjectId`, `weenieClassId`, `landblock`, `cell`, `posX`, `posY`, `posZ`, `qW`, `qX`, `qY`, `qZ`)
VALUES (1879519240, 33791, 115, 363, 56.5915, -199.218, -72.063, 0.9238793, 0, 0, -0.3826841);

INSERT INTO `base_ace_object` (`baseAceObjectId`, `name`, `typeId`, `paletteId`, `ammoType`, `blipColor`, `bitField`, `burden`, `combatUse`, `cooldownDuration`, `cooldownId`, `effects`, `containersCapacity`, `header`, `hookTypeId`, `iconId`, `iconOverlayId`, `iconUnderlayId`, `hookItemTypes`, `itemsCapacity`, `location`, `materialType`, `maxStackSize`, `maxStructure`, `radar`, `pscript`, `spellId`, `stackSize`, `structure`, `targetTypeId`, `usability`, `useRadius`, `validLocations`, `value`, `workmanship`, `animationFrameId`, `defaultScript`, `defaultScriptIntensity`, `elasticity`, `friction`, `locationId`, `modelTableId`, `objectScale`, `physicsBitField`, `physicsTableId`, `motionTableId`, `soundTableId`, `physicsState`, `translucency`)
VALUES (2448629300, 'Mukkir-Infested Black Spear Temple', 65536, 0, 0, 0, 262164, 0, 0, 0, 0, 0, 0, 8388656, 0, 100667499, 0, 0, 0, 0, 0, 0, 0, 0, 4, 0, 0, 0, 0, 0, 32, -0.1, 0, 0, 0, 0, 0, 0, 0, 0, 0, 33555925, 0, 98307, 0, 150994947, 0, 3084, 0);

INSERT INTO `ace_object` (`baseAceObjectId`, `weenieClassId`, `landblock`, `cell`, `posX`, `posY`, `posZ`, `qW`, `qX`, `qY`, `qZ`)
VALUES (2448629300, 33774, 11088, 48, 141.351, 170.467, 3.731417, 1, 0, 0, 0);

INSERT INTO `base_ace_object` (`baseAceObjectId`, `name`, `typeId`, `paletteId`, `ammoType`, `blipColor`, `bitField`, `burden`, `combatUse`, `cooldownDuration`, `cooldownId`, `effects`, `containersCapacity`, `header`, `hookTypeId`, `iconId`, `iconOverlayId`, `iconUnderlayId`, `hookItemTypes`, `itemsCapacity`, `location`, `materialType`, `maxStackSize`, `maxStructure`, `radar`, `pscript`, `spellId`, `stackSize`, `structure`, `targetTypeId`, `usability`, `useRadius`, `validLocations`, `value`, `workmanship`, `animationFrameId`, `defaultScript`, `defaultScriptIntensity`, `elasticity`, `friction`, `locationId`, `modelTableId`, `objectScale`, `physicsBitField`, `physicsTableId`, `motionTableId`, `soundTableId`, `physicsState`, `translucency`)
VALUES (1879531520, 'Surface', 65536, 0, 0, 0, 262164, 0, 0, 0, 0, 0, 0, 8388656, 0, 100667499, 0, 0, 0, 0, 0, 0, 0, 0, 4, 0, 0, 0, 0, 0, 32, -0.1, 0, 0, 0, 0, 0, 0, 0, 0, 0, 33554867, 0, 98307, 0, 150994947, 0, 3084, 0);

INSERT INTO `ace_object` (`baseAceObjectId`, `weenieClassId`, `landblock`, `cell`, `posX`, `posY`, `posZ`, `qW`, `qX`, `qY`, `qZ`)
VALUES (1879531520, 33790, 118, 1134, 98.5943, -59.5465, -0.06299996, 0.3826829, 0, 0, -0.9238797);

INSERT INTO `base_ace_object` (`baseAceObjectId`, `name`, `typeId`, `paletteId`, `ammoType`, `blipColor`, `bitField`, `burden`, `combatUse`, `cooldownDuration`, `cooldownId`, `effects`, `containersCapacity`, `header`, `hookTypeId`, `iconId`, `iconOverlayId`, `iconUnderlayId`, `hookItemTypes`, `itemsCapacity`, `location`, `materialType`, `maxStackSize`, `maxStructure`, `radar`, `pscript`, `spellId`, `stackSize`, `structure`, `targetTypeId`, `usability`, `useRadius`, `validLocations`, `value`, `workmanship`, `animationFrameId`, `defaultScript`, `defaultScriptIntensity`, `elasticity`, `friction`, `locationId`, `modelTableId`, `objectScale`, `physicsBitField`, `physicsTableId`, `motionTableId`, `soundTableId`, `physicsState`, `translucency`)
VALUES (1879531604, 'Grael''s Chamber', 65536, 0, 0, 0, 262164, 0, 0, 0, 0, 0, 0, 8388656, 0, 100667499, 0, 0, 0, 0, 0, 0, 0, 0, 4, 0, 0, 0, 0, 0, 32, -0.1, 0, 0, 0, 0, 0, 0, 0, 0, 0, 33555925, 0, 98307, 0, 150994947, 0, 3084, 0);

INSERT INTO `ace_object` (`baseAceObjectId`, `weenieClassId`, `landblock`, `cell`, `posX`, `posY`, `posZ`, `qW`, `qX`, `qY`, `qZ`)
VALUES (1879531604, 33772, 118, 1130, 90.4242, -50.4843, -0.06299996, -0.9238797, 0, 0, -0.3826829);

INSERT INTO `base_ace_object` (`baseAceObjectId`, `name`, `typeId`, `paletteId`, `ammoType`, `blipColor`, `bitField`, `burden`, `combatUse`, `cooldownDuration`, `cooldownId`, `effects`, `containersCapacity`, `header`, `hookTypeId`, `iconId`, `iconOverlayId`, `iconUnderlayId`, `hookItemTypes`, `itemsCapacity`, `location`, `materialType`, `maxStackSize`, `maxStructure`, `radar`, `pscript`, `spellId`, `stackSize`, `structure`, `targetTypeId`, `usability`, `useRadius`, `validLocations`, `value`, `workmanship`, `animationFrameId`, `defaultScript`, `defaultScriptIntensity`, `elasticity`, `friction`, `locationId`, `modelTableId`, `objectScale`, `physicsBitField`, `physicsTableId`, `motionTableId`, `soundTableId`, `physicsState`, `translucency`)
VALUES (2060014035, 'House Portal', 65536, 0, 0, 0, 262164, 0, 0, 0, 0, 0, 0, 41943088, 0, 100667499, 0, 0, 0, 0, 0, 0, 0, 0, 4, 0, 0, 0, 0, 0, 32, 0.75, 0, 0, 0, 0, 0, 0, 0, 0, 0, 33554867, 0, 98307, 0, 150994947, 0, 3076, 0);

INSERT INTO `ace_object` (`baseAceObjectId`, `weenieClassId`, `landblock`, `cell`, `posX`, `posY`, `posZ`, `qW`, `qX`, `qY`, `qZ`)
VALUES (2060014035, 11730, 44181, 280, 153.553, 38.2918, 77.137, 0.7131383, 0, 0, 0.7010233);

INSERT INTO `base_ace_object` (`baseAceObjectId`, `name`, `typeId`, `paletteId`, `ammoType`, `blipColor`, `bitField`, `burden`, `combatUse`, `cooldownDuration`, `cooldownId`, `effects`, `containersCapacity`, `header`, `hookTypeId`, `iconId`, `iconOverlayId`, `iconUnderlayId`, `hookItemTypes`, `itemsCapacity`, `location`, `materialType`, `maxStackSize`, `maxStructure`, `radar`, `pscript`, `spellId`, `stackSize`, `structure`, `targetTypeId`, `usability`, `useRadius`, `validLocations`, `value`, `workmanship`, `animationFrameId`, `defaultScript`, `defaultScriptIntensity`, `elasticity`, `friction`, `locationId`, `modelTableId`, `objectScale`, `physicsBitField`, `physicsTableId`, `motionTableId`, `soundTableId`, `physicsState`, `translucency`)
VALUES (2060014033, 'House Portal', 65536, 0, 0, 0, 262164, 0, 0, 0, 0, 0, 0, 8388656, 0, 100667499, 0, 0, 0, 0, 0, 0, 0, 0, 4, 0, 0, 0, 0, 0, 32, 0.75, 0, 0, 0, 0, 0, 0, 0, 0, 0, 33554867, 0, 98307, 0, 150994947, 0, 3076, 0);

INSERT INTO `ace_object` (`baseAceObjectId`, `weenieClassId`, `landblock`, `cell`, `posX`, `posY`, `posZ`, `qW`, `qX`, `qY`, `qZ`)
VALUES (2060014033, 11730, 44181, 311, 117.899, 60.3722, 73.137, 0.6667592, 0, 0, -0.7452732);

INSERT INTO `base_ace_object` (`baseAceObjectId`, `name`, `typeId`, `paletteId`, `ammoType`, `blipColor`, `bitField`, `burden`, `combatUse`, `cooldownDuration`, `cooldownId`, `effects`, `containersCapacity`, `header`, `hookTypeId`, `iconId`, `iconOverlayId`, `iconUnderlayId`, `hookItemTypes`, `itemsCapacity`, `location`, `materialType`, `maxStackSize`, `maxStructure`, `radar`, `pscript`, `spellId`, `stackSize`, `structure`, `targetTypeId`, `usability`, `useRadius`, `validLocations`, `value`, `workmanship`, `animationFrameId`, `defaultScript`, `defaultScriptIntensity`, `elasticity`, `friction`, `locationId`, `modelTableId`, `objectScale`, `physicsBitField`, `physicsTableId`, `motionTableId`, `soundTableId`, `physicsState`, `translucency`)
VALUES (2060014025, 'House Portal', 65536, 0, 0, 0, 262164, 0, 0, 0, 0, 0, 0, 8388656, 0, 100667499, 0, 0, 0, 0, 0, 0, 0, 0, 4, 0, 0, 0, 0, 0, 32, 0.75, 0, 0, 0, 0, 0, 0, 0, 0, 0, 33554867, 0, 98307, 0, 150994947, 0, 3076, 0);

INSERT INTO `ace_object` (`baseAceObjectId`, `weenieClassId`, `landblock`, `cell`, `posX`, `posY`, `posZ`, `qW`, `qX`, `qY`, `qZ`)
VALUES (2060014025, 11730, 44181, 339, 33.9377, 34.8096, 53.137, -0.322255, 0, 0, 0.9466529);

INSERT INTO `base_ace_object` (`baseAceObjectId`, `name`, `typeId`, `paletteId`, `ammoType`, `blipColor`, `bitField`, `burden`, `combatUse`, `cooldownDuration`, `cooldownId`, `effects`, `containersCapacity`, `header`, `hookTypeId`, `iconId`, `iconOverlayId`, `iconUnderlayId`, `hookItemTypes`, `itemsCapacity`, `location`, `materialType`, `maxStackSize`, `maxStructure`, `radar`, `pscript`, `spellId`, `stackSize`, `structure`, `targetTypeId`, `usability`, `useRadius`, `validLocations`, `value`, `workmanship`, `animationFrameId`, `defaultScript`, `defaultScriptIntensity`, `elasticity`, `friction`, `locationId`, `modelTableId`, `objectScale`, `physicsBitField`, `physicsTableId`, `motionTableId`, `soundTableId`, `physicsState`, `translucency`)
VALUES (2060014027, 'House Portal', 65536, 0, 0, 0, 262164, 0, 0, 0, 0, 0, 0, 41943088, 0, 100667499, 0, 0, 0, 0, 0, 0, 0, 0, 4, 0, 0, 0, 0, 0, 32, 0.75, 0, 0, 0, 0, 0, 0, 0, 0, 0, 33554867, 0, 98307, 0, 150994947, 0, 3076, 0);

INSERT INTO `ace_object` (`baseAceObjectId`, `weenieClassId`, `landblock`, `cell`, `posX`, `posY`, `posZ`, `qW`, `qX`, `qY`, `qZ`)
VALUES (2060014027, 11730, 44181, 370, 44.5734, 108.683, 43.137, 0.6783469, 0, 0, -0.7347418);

INSERT INTO `base_ace_object` (`baseAceObjectId`, `name`, `typeId`, `paletteId`, `ammoType`, `blipColor`, `bitField`, `burden`, `combatUse`, `cooldownDuration`, `cooldownId`, `effects`, `containersCapacity`, `header`, `hookTypeId`, `iconId`, `iconOverlayId`, `iconUnderlayId`, `hookItemTypes`, `itemsCapacity`, `location`, `materialType`, `maxStackSize`, `maxStructure`, `radar`, `pscript`, `spellId`, `stackSize`, `structure`, `targetTypeId`, `usability`, `useRadius`, `validLocations`, `value`, `workmanship`, `animationFrameId`, `defaultScript`, `defaultScriptIntensity`, `elasticity`, `friction`, `locationId`, `modelTableId`, `objectScale`, `physicsBitField`, `physicsTableId`, `motionTableId`, `soundTableId`, `physicsState`, `translucency`)
VALUES (2060014031, 'House Portal', 65536, 0, 0, 0, 262164, 0, 0, 0, 0, 0, 0, 41943088, 0, 100667499, 0, 0, 0, 0, 0, 0, 0, 0, 4, 0, 0, 0, 0, 0, 32, 0.75, 0, 0, 0, 0, 0, 0, 0, 0, 0, 33554867, 0, 98307, 0, 150994947, 0, 3076, 0);

INSERT INTO `ace_object` (`baseAceObjectId`, `weenieClassId`, `landblock`, `cell`, `posX`, `posY`, `posZ`, `qW`, `qX`, `qY`, `qZ`)
VALUES (2060014031, 11730, 44181, 398, 156.363, 146.771, 45.137, -0.03620152, 0, 0, -0.9993445);

INSERT INTO `base_ace_object` (`baseAceObjectId`, `name`, `typeId`, `paletteId`, `ammoType`, `blipColor`, `bitField`, `burden`, `combatUse`, `cooldownDuration`, `cooldownId`, `effects`, `containersCapacity`, `header`, `hookTypeId`, `iconId`, `iconOverlayId`, `iconUnderlayId`, `hookItemTypes`, `itemsCapacity`, `location`, `materialType`, `maxStackSize`, `maxStructure`, `radar`, `pscript`, `spellId`, `stackSize`, `structure`, `targetTypeId`, `usability`, `useRadius`, `validLocations`, `value`, `workmanship`, `animationFrameId`, `defaultScript`, `defaultScriptIntensity`, `elasticity`, `friction`, `locationId`, `modelTableId`, `objectScale`, `physicsBitField`, `physicsTableId`, `motionTableId`, `soundTableId`, `physicsState`, `translucency`)
VALUES (2060014029, 'House Portal', 65536, 0, 0, 0, 262164, 0, 0, 0, 0, 0, 0, 8388656, 0, 100667499, 0, 0, 0, 0, 0, 0, 0, 0, 4, 0, 0, 0, 0, 0, 32, 0.75, 0, 0, 0, 0, 0, 0, 0, 0, 0, 33554867, 0, 98307, 0, 150994947, 0, 3076, 0);

INSERT INTO `ace_object` (`baseAceObjectId`, `weenieClassId`, `landblock`, `cell`, `posX`, `posY`, `posZ`, `qW`, `qX`, `qY`, `qZ`)
VALUES (2060014029, 11730, 44181, 426, 62.0324, 157.094, 41.137, -0.9991536, 0, 0, 0.04113588);

INSERT INTO `base_ace_object` (`baseAceObjectId`, `name`, `typeId`, `paletteId`, `ammoType`, `blipColor`, `bitField`, `burden`, `combatUse`, `cooldownDuration`, `cooldownId`, `effects`, `containersCapacity`, `header`, `hookTypeId`, `iconId`, `iconOverlayId`, `iconUnderlayId`, `hookItemTypes`, `itemsCapacity`, `location`, `materialType`, `maxStackSize`, `maxStructure`, `radar`, `pscript`, `spellId`, `stackSize`, `structure`, `targetTypeId`, `usability`, `useRadius`, `validLocations`, `value`, `workmanship`, `animationFrameId`, `defaultScript`, `defaultScriptIntensity`, `elasticity`, `friction`, `locationId`, `modelTableId`, `objectScale`, `physicsBitField`, `physicsTableId`, `motionTableId`, `soundTableId`, `physicsState`, `translucency`)
VALUES (1964433424, 'House Portal', 65536, 0, 0, 0, 262164, 0, 0, 0, 0, 0, 0, 8388656, 0, 100667499, 0, 0, 0, 0, 0, 0, 0, 0, 4, 0, 0, 0, 0, 0, 32, 0.75, 0, 0, 0, 0, 0, 0, 0, 0, 0, 33554867, 0, 98307, 0, 150994947, 0, 3076, 0);

INSERT INTO `ace_object` (`baseAceObjectId`, `weenieClassId`, `landblock`, `cell`, `posX`, `posY`, `posZ`, `qW`, `qX`, `qY`, `qZ`)
VALUES (1964433424, 11730, 20846, 287, 20, -50, -6.063, 1, 0, 0, 0);

INSERT INTO `base_ace_object` (`baseAceObjectId`, `name`, `typeId`, `paletteId`, `ammoType`, `blipColor`, `bitField`, `burden`, `combatUse`, `cooldownDuration`, `cooldownId`, `effects`, `containersCapacity`, `header`, `hookTypeId`, `iconId`, `iconOverlayId`, `iconUnderlayId`, `hookItemTypes`, `itemsCapacity`, `location`, `materialType`, `maxStackSize`, `maxStructure`, `radar`, `pscript`, `spellId`, `stackSize`, `structure`, `targetTypeId`, `usability`, `useRadius`, `validLocations`, `value`, `workmanship`, `animationFrameId`, `defaultScript`, `defaultScriptIntensity`, `elasticity`, `friction`, `locationId`, `modelTableId`, `objectScale`, `physicsBitField`, `physicsTableId`, `motionTableId`, `soundTableId`, `physicsState`, `translucency`)
VALUES (2057900101, 'House Portal', 65536, 0, 0, 0, 262164, 0, 0, 0, 0, 0, 0, 8388656, 0, 100667499, 0, 0, 0, 0, 0, 0, 0, 0, 4, 0, 0, 0, 0, 0, 32, 0.75, 0, 0, 0, 0, 0, 0, 0, 0, 0, 33554867, 0, 98307, 0, 150994947, 0, 3076, 0);

INSERT INTO `ace_object` (`baseAceObjectId`, `weenieClassId`, `landblock`, `cell`, `posX`, `posY`, `posZ`, `qW`, `qX`, `qY`, `qZ`)
VALUES (2057900101, 11730, 43665, 338, 138.722, 78.6765, 39.937, -0.7079703, 0, 0, 0.7062423);

INSERT INTO `base_ace_object` (`baseAceObjectId`, `name`, `typeId`, `paletteId`, `ammoType`, `blipColor`, `bitField`, `burden`, `combatUse`, `cooldownDuration`, `cooldownId`, `effects`, `containersCapacity`, `header`, `hookTypeId`, `iconId`, `iconOverlayId`, `iconUnderlayId`, `hookItemTypes`, `itemsCapacity`, `location`, `materialType`, `maxStackSize`, `maxStructure`, `radar`, `pscript`, `spellId`, `stackSize`, `structure`, `targetTypeId`, `usability`, `useRadius`, `validLocations`, `value`, `workmanship`, `animationFrameId`, `defaultScript`, `defaultScriptIntensity`, `elasticity`, `friction`, `locationId`, `modelTableId`, `objectScale`, `physicsBitField`, `physicsTableId`, `motionTableId`, `soundTableId`, `physicsState`, `translucency`)
VALUES (1947107344, 'Destroyed Portal to Zaikhal', 65536, 0, 0, 0, 262164, 0, 0, 0, 0, 0, 0, 48, 0, 100667499, 0, 0, 0, 0, 0, 0, 0, 0, 0, 0, 0, 0, 0, 0, 1, -0.1, 0, 0, 0, 0, 0, 0, 0, 0, 0, 33561060, 0, 98307, 0, 150995314, 0, 3092, 0);

INSERT INTO `ace_object` (`baseAceObjectId`, `weenieClassId`, `landblock`, `cell`, `posX`, `posY`, `posZ`, `qW`, `qX`, `qY`, `qZ`)
VALUES (1947107344, 1032, 16616, 29, 80, 104, 199.7902, 0.9997977, 0, 0, -0.02011349);

INSERT INTO `base_ace_object` (`baseAceObjectId`, `name`, `typeId`, `paletteId`, `ammoType`, `blipColor`, `bitField`, `burden`, `combatUse`, `cooldownDuration`, `cooldownId`, `effects`, `containersCapacity`, `header`, `hookTypeId`, `iconId`, `iconOverlayId`, `iconUnderlayId`, `hookItemTypes`, `itemsCapacity`, `location`, `materialType`, `maxStackSize`, `maxStructure`, `radar`, `pscript`, `spellId`, `stackSize`, `structure`, `targetTypeId`, `usability`, `useRadius`, `validLocations`, `value`, `workmanship`, `animationFrameId`, `defaultScript`, `defaultScriptIntensity`, `elasticity`, `friction`, `locationId`, `modelTableId`, `objectScale`, `physicsBitField`, `physicsTableId`, `motionTableId`, `soundTableId`, `physicsState`, `translucency`)
VALUES (2448286628, 'The Colosseum', 65536, 0, 0, 0, 262164, 0, 0, 0, 0, 0, 0, 8388656, 0, 100677070, 0, 0, 0, 0, 0, 0, 0, 0, 4, 0, 0, 0, 0, 0, 32, 0.3, 0, 0, 0, 0, 0, 0, 0, 0, 0, 33560143, 0, 32769, 0, 0, 0, 66576, 0);

INSERT INTO `ace_object` (`baseAceObjectId`, `weenieClassId`, `landblock`, `cell`, `posX`, `posY`, `posZ`, `qW`, `qX`, `qY`, `qZ`)
VALUES (2448286628, 35003, 175, 365, 380, -26, 0, 1, 0, 0, 0);

INSERT INTO `base_ace_object` (`baseAceObjectId`, `name`, `typeId`, `paletteId`, `ammoType`, `blipColor`, `bitField`, `burden`, `combatUse`, `cooldownDuration`, `cooldownId`, `effects`, `containersCapacity`, `header`, `hookTypeId`, `iconId`, `iconOverlayId`, `iconUnderlayId`, `hookItemTypes`, `itemsCapacity`, `location`, `materialType`, `maxStackSize`, `maxStructure`, `radar`, `pscript`, `spellId`, `stackSize`, `structure`, `targetTypeId`, `usability`, `useRadius`, `validLocations`, `value`, `workmanship`, `animationFrameId`, `defaultScript`, `defaultScriptIntensity`, `elasticity`, `friction`, `locationId`, `modelTableId`, `objectScale`, `physicsBitField`, `physicsTableId`, `motionTableId`, `soundTableId`, `physicsState`, `translucency`)
VALUES (1932386304, 'Cataracts of Sabella', 65536, 0, 0, 0, 262164, 0, 0, 0, 0, 0, 0, 8388656, 0, 100667499, 0, 0, 0, 0, 0, 0, 0, 0, 4, 0, 0, 0, 0, 0, 32, -0.1, 0, 0, 0, 0, 0, 0, 0, 0, 0, 33555923, 0, 98307, 0, 150994947, 0, 3084, 0);

INSERT INTO `ace_object` (`baseAceObjectId`, `weenieClassId`, `landblock`, `cell`, `posX`, `posY`, `posZ`, `qW`, `qX`, `qY`, `qZ`)
VALUES (1932386304, 30380, 13022, 51, 146.943, 59.9485, 39.937, -0.9617192, 0, 0, -0.2740371);

INSERT INTO `base_ace_object` (`baseAceObjectId`, `name`, `typeId`, `paletteId`, `ammoType`, `blipColor`, `bitField`, `burden`, `combatUse`, `cooldownDuration`, `cooldownId`, `effects`, `containersCapacity`, `header`, `hookTypeId`, `iconId`, `iconOverlayId`, `iconUnderlayId`, `hookItemTypes`, `itemsCapacity`, `location`, `materialType`, `maxStackSize`, `maxStructure`, `radar`, `pscript`, `spellId`, `stackSize`, `structure`, `targetTypeId`, `usability`, `useRadius`, `validLocations`, `value`, `workmanship`, `animationFrameId`, `defaultScript`, `defaultScriptIntensity`, `elasticity`, `friction`, `locationId`, `modelTableId`, `objectScale`, `physicsBitField`, `physicsTableId`, `motionTableId`, `soundTableId`, `physicsState`, `translucency`)
VALUES (1879531521, 'Grael''s Chamber', 65536, 0, 0, 0, 262164, 0, 0, 0, 0, 0, 0, 8388656, 0, 100667499, 0, 0, 0, 0, 0, 0, 0, 0, 4, 0, 0, 0, 0, 0, 32, -0.1, 0, 0, 0, 0, 0, 0, 0, 0, 0, 33555925, 0, 98307, 0, 150994947, 0, 3084, 0);

INSERT INTO `ace_object` (`baseAceObjectId`, `weenieClassId`, `landblock`, `cell`, `posX`, `posY`, `posZ`, `qW`, `qX`, `qY`, `qZ`)
VALUES (1879531521, 33789, 118, 270, 109.947, 1.91686, -119.714, 1, 0, 0, -4.37114E-08);

INSERT INTO `base_ace_object` (`baseAceObjectId`, `name`, `typeId`, `paletteId`, `ammoType`, `blipColor`, `bitField`, `burden`, `combatUse`, `cooldownDuration`, `cooldownId`, `effects`, `containersCapacity`, `header`, `hookTypeId`, `iconId`, `iconOverlayId`, `iconUnderlayId`, `hookItemTypes`, `itemsCapacity`, `location`, `materialType`, `maxStackSize`, `maxStructure`, `radar`, `pscript`, `spellId`, `stackSize`, `structure`, `targetTypeId`, `usability`, `useRadius`, `validLocations`, `value`, `workmanship`, `animationFrameId`, `defaultScript`, `defaultScriptIntensity`, `elasticity`, `friction`, `locationId`, `modelTableId`, `objectScale`, `physicsBitField`, `physicsTableId`, `motionTableId`, `soundTableId`, `physicsState`, `translucency`)
VALUES (1879531653, 'Trophy Room', 65536, 0, 0, 0, 262164, 0, 0, 0, 0, 0, 0, 8388656, 0, 100667499, 0, 0, 0, 0, 0, 0, 0, 0, 4, 0, 0, 0, 0, 0, 32, -0.1, 0, 0, 0, 0, 0, 0, 0, 0, 0, 33554867, 0, 98307, 0, 150994947, 0, 3084, 0);

INSERT INTO `ace_object` (`baseAceObjectId`, `weenieClassId`, `landblock`, `cell`, `posX`, `posY`, `posZ`, `qW`, `qX`, `qY`, `qZ`)
VALUES (1879531653, 33874, 118, 1190, 231.583, -171.412, -0.06299996, -0.9238797, 0, 0, -0.3826829);

INSERT INTO `base_ace_object` (`baseAceObjectId`, `name`, `typeId`, `paletteId`, `ammoType`, `blipColor`, `bitField`, `burden`, `combatUse`, `cooldownDuration`, `cooldownId`, `effects`, `containersCapacity`, `header`, `hookTypeId`, `iconId`, `iconOverlayId`, `iconUnderlayId`, `hookItemTypes`, `itemsCapacity`, `location`, `materialType`, `maxStackSize`, `maxStructure`, `radar`, `pscript`, `spellId`, `stackSize`, `structure`, `targetTypeId`, `usability`, `useRadius`, `validLocations`, `value`, `workmanship`, `animationFrameId`, `defaultScript`, `defaultScriptIntensity`, `elasticity`, `friction`, `locationId`, `modelTableId`, `objectScale`, `physicsBitField`, `physicsTableId`, `motionTableId`, `soundTableId`, `physicsState`, `translucency`)
VALUES (1879531649, 'Surface', 65536, 0, 0, 0, 262164, 0, 0, 0, 0, 0, 0, 8388656, 0, 100667499, 0, 0, 0, 0, 0, 0, 0, 0, 4, 0, 0, 0, 0, 0, 32, -0.1, 0, 0, 0, 0, 0, 0, 0, 0, 0, 33554867, 0, 98307, 0, 150994947, 0, 3084, 0);

INSERT INTO `ace_object` (`baseAceObjectId`, `weenieClassId`, `landblock`, `cell`, `posX`, `posY`, `posZ`, `qW`, `qX`, `qY`, `qZ`)
VALUES (1879531649, 33790, 118, 1158, 180, -102.622, -0.06299996, 1, 0, 0, 0);

INSERT INTO `base_ace_object` (`baseAceObjectId`, `name`, `typeId`, `paletteId`, `ammoType`, `blipColor`, `bitField`, `burden`, `combatUse`, `cooldownDuration`, `cooldownId`, `effects`, `containersCapacity`, `header`, `hookTypeId`, `iconId`, `iconOverlayId`, `iconUnderlayId`, `hookItemTypes`, `itemsCapacity`, `location`, `materialType`, `maxStackSize`, `maxStructure`, `radar`, `pscript`, `spellId`, `stackSize`, `structure`, `targetTypeId`, `usability`, `useRadius`, `validLocations`, `value`, `workmanship`, `animationFrameId`, `defaultScript`, `defaultScriptIntensity`, `elasticity`, `friction`, `locationId`, `modelTableId`, `objectScale`, `physicsBitField`, `physicsTableId`, `motionTableId`, `soundTableId`, `physicsState`, `translucency`)
VALUES (1966460944, 'House Portal', 65536, 0, 0, 0, 262164, 0, 0, 0, 0, 0, 0, 8388656, 0, 100667499, 0, 0, 0, 0, 0, 0, 0, 0, 4, 0, 0, 0, 0, 0, 32, 0.75, 0, 0, 0, 0, 0, 0, 0, 0, 0, 33554867, 0, 98307, 0, 150994947, 0, 3076, 0);

INSERT INTO `ace_object` (`baseAceObjectId`, `weenieClassId`, `landblock`, `cell`, `posX`, `posY`, `posZ`, `qW`, `qX`, `qY`, `qZ`)
VALUES (1966460944, 11730, 21341, 287, 20, -50, -6.063, 1, 0, 0, 0);

INSERT INTO `base_ace_object` (`baseAceObjectId`, `name`, `typeId`, `paletteId`, `ammoType`, `blipColor`, `bitField`, `burden`, `combatUse`, `cooldownDuration`, `cooldownId`, `effects`, `containersCapacity`, `header`, `hookTypeId`, `iconId`, `iconOverlayId`, `iconUnderlayId`, `hookItemTypes`, `itemsCapacity`, `location`, `materialType`, `maxStackSize`, `maxStructure`, `radar`, `pscript`, `spellId`, `stackSize`, `structure`, `targetTypeId`, `usability`, `useRadius`, `validLocations`, `value`, `workmanship`, `animationFrameId`, `defaultScript`, `defaultScriptIntensity`, `elasticity`, `friction`, `locationId`, `modelTableId`, `objectScale`, `physicsBitField`, `physicsTableId`, `motionTableId`, `soundTableId`, `physicsState`, `translucency`)
VALUES (1894809600, 'Stinging Corner', 65536, 0, 0, 0, 262164, 0, 0, 0, 0, 0, 0, 8388656, 0, 100667499, 0, 0, 0, 0, 0, 0, 0, 0, 4, 0, 0, 0, 0, 0, 32, -0.1, 0, 0, 0, 0, 0, 0, 0, 0, 0, 33555924, 0, 98307, 0, 150994947, 0, 3084, 0);

INSERT INTO `ace_object` (`baseAceObjectId`, `weenieClassId`, `landblock`, `cell`, `posX`, `posY`, `posZ`, `qW`, `qX`, `qY`, `qZ`)
VALUES (1894809600, 52223, 3848, 19, 51.8563, 60.727, 23.96166, 0.233941, 0, 0, 0.9722508);

INSERT INTO `base_ace_object` (`baseAceObjectId`, `name`, `typeId`, `paletteId`, `ammoType`, `blipColor`, `bitField`, `burden`, `combatUse`, `cooldownDuration`, `cooldownId`, `effects`, `containersCapacity`, `header`, `hookTypeId`, `iconId`, `iconOverlayId`, `iconUnderlayId`, `hookItemTypes`, `itemsCapacity`, `location`, `materialType`, `maxStackSize`, `maxStructure`, `radar`, `pscript`, `spellId`, `stackSize`, `structure`, `targetTypeId`, `usability`, `useRadius`, `validLocations`, `value`, `workmanship`, `animationFrameId`, `defaultScript`, `defaultScriptIntensity`, `elasticity`, `friction`, `locationId`, `modelTableId`, `objectScale`, `physicsBitField`, `physicsTableId`, `motionTableId`, `soundTableId`, `physicsState`, `translucency`)
VALUES (2448103199, 'Viamont Staging Area Portal', 65536, 0, 0, 0, 262164, 0, 0, 0, 0, 0, 0, 8388656, 0, 100667499, 0, 0, 0, 0, 0, 0, 0, 0, 4, 0, 0, 0, 0, 0, 32, -0.1, 0, 0, 0, 0, 0, 0, 0, 0, 0, 33556212, 0, 98307, 0, 150994947, 0, 3084, 0);

INSERT INTO `ace_object` (`baseAceObjectId`, `weenieClassId`, `landblock`, `cell`, `posX`, `posY`, `posZ`, `qW`, `qX`, `qY`, `qZ`)
VALUES (2448103199, 32544, 42151, 22, 58.4468, 131.385, 84.45, 0.303688, 0, 0, 0.952772);

INSERT INTO `base_ace_object` (`baseAceObjectId`, `name`, `typeId`, `paletteId`, `ammoType`, `blipColor`, `bitField`, `burden`, `combatUse`, `cooldownDuration`, `cooldownId`, `effects`, `containersCapacity`, `header`, `hookTypeId`, `iconId`, `iconOverlayId`, `iconUnderlayId`, `hookItemTypes`, `itemsCapacity`, `location`, `materialType`, `maxStackSize`, `maxStructure`, `radar`, `pscript`, `spellId`, `stackSize`, `structure`, `targetTypeId`, `usability`, `useRadius`, `validLocations`, `value`, `workmanship`, `animationFrameId`, `defaultScript`, `defaultScriptIntensity`, `elasticity`, `friction`, `locationId`, `modelTableId`, `objectScale`, `physicsBitField`, `physicsTableId`, `motionTableId`, `soundTableId`, `physicsState`, `translucency`)
VALUES (2448300881, 'Renegade Stronghold', 65536, 0, 0, 0, 262164, 0, 0, 0, 0, 0, 0, 8388656, 0, 100667499, 0, 0, 0, 0, 0, 0, 0, 0, 4, 0, 0, 0, 0, 0, 32, -0.1, 0, 0, 0, 0, 0, 0, 0, 0, 0, 33555926, 0, 98307, 0, 150994947, 0, 3084, 0);

INSERT INTO `ace_object` (`baseAceObjectId`, `weenieClassId`, `landblock`, `cell`, `posX`, `posY`, `posZ`, `qW`, `qX`, `qY`, `qZ`)
VALUES (2448300881, 27692, 53116, 4, 15.95476, 74.17361, 3.937, 0.716031, 0, 0, 0.698069);

INSERT INTO `base_ace_object` (`baseAceObjectId`, `name`, `typeId`, `paletteId`, `ammoType`, `blipColor`, `bitField`, `burden`, `combatUse`, `cooldownDuration`, `cooldownId`, `effects`, `containersCapacity`, `header`, `hookTypeId`, `iconId`, `iconOverlayId`, `iconUnderlayId`, `hookItemTypes`, `itemsCapacity`, `location`, `materialType`, `maxStackSize`, `maxStructure`, `radar`, `pscript`, `spellId`, `stackSize`, `structure`, `targetTypeId`, `usability`, `useRadius`, `validLocations`, `value`, `workmanship`, `animationFrameId`, `defaultScript`, `defaultScriptIntensity`, `elasticity`, `friction`, `locationId`, `modelTableId`, `objectScale`, `physicsBitField`, `physicsTableId`, `motionTableId`, `soundTableId`, `physicsState`, `translucency`)
VALUES (1989222400, 'Gerent''s Compound', 65536, 0, 0, 0, 262164, 0, 0, 0, 0, 0, 0, 8388656, 0, 100667499, 0, 0, 0, 0, 0, 0, 0, 0, 4, 0, 0, 0, 0, 0, 32, -0.1, 0, 0, 0, 0, 0, 0, 0, 0, 0, 33555926, 0, 98307, 0, 150994947, 0, 3084, 0);

INSERT INTO `ace_object` (`baseAceObjectId`, `weenieClassId`, `landblock`, `cell`, `posX`, `posY`, `posZ`, `qW`, `qX`, `qY`, `qZ`)
VALUES (1989222400, 25394, 26898, 35, 109.457, 56.854, 67.937, -0.9016407, 0, 0, -0.4324858);

INSERT INTO `base_ace_object` (`baseAceObjectId`, `name`, `typeId`, `paletteId`, `ammoType`, `blipColor`, `bitField`, `burden`, `combatUse`, `cooldownDuration`, `cooldownId`, `effects`, `containersCapacity`, `header`, `hookTypeId`, `iconId`, `iconOverlayId`, `iconUnderlayId`, `hookItemTypes`, `itemsCapacity`, `location`, `materialType`, `maxStackSize`, `maxStructure`, `radar`, `pscript`, `spellId`, `stackSize`, `structure`, `targetTypeId`, `usability`, `useRadius`, `validLocations`, `value`, `workmanship`, `animationFrameId`, `defaultScript`, `defaultScriptIntensity`, `elasticity`, `friction`, `locationId`, `modelTableId`, `objectScale`, `physicsBitField`, `physicsTableId`, `motionTableId`, `soundTableId`, `physicsState`, `translucency`)
VALUES (2025500794, 'House Portal', 65536, 0, 0, 0, 262164, 0, 0, 0, 0, 0, 0, 8388656, 0, 100667499, 0, 0, 0, 0, 0, 0, 0, 0, 4, 0, 0, 0, 0, 0, 32, 0.75, 0, 0, 0, 0, 0, 0, 0, 0, 0, 33554867, 0, 98307, 0, 150994947, 0, 3076, 0);

INSERT INTO `ace_object` (`baseAceObjectId`, `weenieClassId`, `landblock`, `cell`, `posX`, `posY`, `posZ`, `qW`, `qX`, `qY`, `qZ`)
VALUES (2025500794, 11730, 35755, 338, 92.244, 102.824, 33.937, -0.710731, 0, 0, 0.7034639);

INSERT INTO `base_ace_object` (`baseAceObjectId`, `name`, `typeId`, `paletteId`, `ammoType`, `blipColor`, `bitField`, `burden`, `combatUse`, `cooldownDuration`, `cooldownId`, `effects`, `containersCapacity`, `header`, `hookTypeId`, `iconId`, `iconOverlayId`, `iconUnderlayId`, `hookItemTypes`, `itemsCapacity`, `location`, `materialType`, `maxStackSize`, `maxStructure`, `radar`, `pscript`, `spellId`, `stackSize`, `structure`, `targetTypeId`, `usability`, `useRadius`, `validLocations`, `value`, `workmanship`, `animationFrameId`, `defaultScript`, `defaultScriptIntensity`, `elasticity`, `friction`, `locationId`, `modelTableId`, `objectScale`, `physicsBitField`, `physicsTableId`, `motionTableId`, `soundTableId`, `physicsState`, `translucency`)
VALUES (1905483780, 'Archive', 65536, 0, 0, 0, 262164, 0, 0, 0, 0, 0, 0, 8388656, 0, 100667499, 0, 0, 0, 0, 0, 0, 0, 0, 4, 0, 0, 0, 0, 0, 32, -0.1, 0, 0, 0, 0, 0, 0, 0, 0, 0, 33555925, 0, 98307, 0, 150994947, 0, 3084, 0);

INSERT INTO `ace_object` (`baseAceObjectId`, `weenieClassId`, `landblock`, `cell`, `posX`, `posY`, `posZ`, `qW`, `qX`, `qY`, `qZ`)
VALUES (1905483780, 35563, 6454, 320, 155.308, 80.3984, -83.26299, 0.484047, 0, 0, -0.875042);

INSERT INTO `base_ace_object` (`baseAceObjectId`, `name`, `typeId`, `paletteId`, `ammoType`, `blipColor`, `bitField`, `burden`, `combatUse`, `cooldownDuration`, `cooldownId`, `effects`, `containersCapacity`, `header`, `hookTypeId`, `iconId`, `iconOverlayId`, `iconUnderlayId`, `hookItemTypes`, `itemsCapacity`, `location`, `materialType`, `maxStackSize`, `maxStructure`, `radar`, `pscript`, `spellId`, `stackSize`, `structure`, `targetTypeId`, `usability`, `useRadius`, `validLocations`, `value`, `workmanship`, `animationFrameId`, `defaultScript`, `defaultScriptIntensity`, `elasticity`, `friction`, `locationId`, `modelTableId`, `objectScale`, `physicsBitField`, `physicsTableId`, `motionTableId`, `soundTableId`, `physicsState`, `translucency`)
VALUES (1905483786, 'Surface', 65536, 0, 0, 0, 262164, 0, 0, 0, 0, 0, 0, 8388656, 0, 100667499, 0, 0, 0, 0, 0, 0, 0, 0, 4, 0, 0, 0, 0, 0, 32, -0.1, 0, 0, 0, 0, 0, 0, 0, 0, 0, 33554867, 0, 98307, 0, 150994947, 0, 3084, 0);

INSERT INTO `ace_object` (`baseAceObjectId`, `weenieClassId`, `landblock`, `cell`, `posX`, `posY`, `posZ`, `qW`, `qX`, `qY`, `qZ`)
VALUES (1905483786, 35564, 6454, 355, 182.997, -50.9249, -77.26299, -0.7721109, 0, 0, 0.6354879);

INSERT INTO `base_ace_object` (`baseAceObjectId`, `name`, `typeId`, `paletteId`, `ammoType`, `blipColor`, `bitField`, `burden`, `combatUse`, `cooldownDuration`, `cooldownId`, `effects`, `containersCapacity`, `header`, `hookTypeId`, `iconId`, `iconOverlayId`, `iconUnderlayId`, `hookItemTypes`, `itemsCapacity`, `location`, `materialType`, `maxStackSize`, `maxStructure`, `radar`, `pscript`, `spellId`, `stackSize`, `structure`, `targetTypeId`, `usability`, `useRadius`, `validLocations`, `value`, `workmanship`, `animationFrameId`, `defaultScript`, `defaultScriptIntensity`, `elasticity`, `friction`, `locationId`, `modelTableId`, `objectScale`, `physicsBitField`, `physicsTableId`, `motionTableId`, `soundTableId`, `physicsState`, `translucency`)
VALUES (1913864192, 'Pheraion''s Sanctum', 65536, 0, 0, 0, 262164, 0, 0, 0, 0, 0, 0, 8388656, 0, 100667499, 0, 0, 0, 0, 0, 0, 0, 0, 4, 0, 0, 0, 0, 0, 32, -0.1, 0, 0, 0, 0, 0, 0, 0, 0, 0, 33555925, 0, 98307, 0, 150994947, 0, 3084, 0);

INSERT INTO `ace_object` (`baseAceObjectId`, `weenieClassId`, `landblock`, `cell`, `posX`, `posY`, `posZ`, `qW`, `qX`, `qY`, `qZ`)
VALUES (1913864192, 33255, 8500, 39, 105, 145, -0.06299996, -0.9238797, 0, 0, -0.3826829);

INSERT INTO `base_ace_object` (`baseAceObjectId`, `name`, `typeId`, `paletteId`, `ammoType`, `blipColor`, `bitField`, `burden`, `combatUse`, `cooldownDuration`, `cooldownId`, `effects`, `containersCapacity`, `header`, `hookTypeId`, `iconId`, `iconOverlayId`, `iconUnderlayId`, `hookItemTypes`, `itemsCapacity`, `location`, `materialType`, `maxStackSize`, `maxStructure`, `radar`, `pscript`, `spellId`, `stackSize`, `structure`, `targetTypeId`, `usability`, `useRadius`, `validLocations`, `value`, `workmanship`, `animationFrameId`, `defaultScript`, `defaultScriptIntensity`, `elasticity`, `friction`, `locationId`, `modelTableId`, `objectScale`, `physicsBitField`, `physicsTableId`, `motionTableId`, `soundTableId`, `physicsState`, `translucency`)
VALUES (1879584824, 'Surface', 65536, 0, 0, 0, 262164, 0, 0, 0, 0, 0, 0, 8388656, 0, 100667499, 0, 0, 0, 0, 0, 0, 0, 0, 4, 0, 0, 0, 0, 0, 32, -0.1, 0, 0, 0, 0, 0, 0, 0, 0, 0, 33554867, 0, 98307, 0, 150994947, 0, 3084, 0);

INSERT INTO `ace_object` (`baseAceObjectId`, `weenieClassId`, `landblock`, `cell`, `posX`, `posY`, `posZ`, `qW`, `qX`, `qY`, `qZ`)
VALUES (1879584824, 33254, 131, 623, 20, -370, -0.06299996, 1, 0, 0, -4.37114E-08);

INSERT INTO `base_ace_object` (`baseAceObjectId`, `name`, `typeId`, `paletteId`, `ammoType`, `blipColor`, `bitField`, `burden`, `combatUse`, `cooldownDuration`, `cooldownId`, `effects`, `containersCapacity`, `header`, `hookTypeId`, `iconId`, `iconOverlayId`, `iconUnderlayId`, `hookItemTypes`, `itemsCapacity`, `location`, `materialType`, `maxStackSize`, `maxStructure`, `radar`, `pscript`, `spellId`, `stackSize`, `structure`, `targetTypeId`, `usability`, `useRadius`, `validLocations`, `value`, `workmanship`, `animationFrameId`, `defaultScript`, `defaultScriptIntensity`, `elasticity`, `friction`, `locationId`, `modelTableId`, `objectScale`, `physicsBitField`, `physicsTableId`, `motionTableId`, `soundTableId`, `physicsState`, `translucency`)
VALUES (1879584769, 'Surface', 65536, 0, 0, 0, 262164, 0, 0, 0, 0, 0, 0, 8388656, 0, 100667499, 0, 0, 0, 0, 0, 0, 0, 0, 4, 0, 0, 0, 0, 0, 32, -0.1, 0, 0, 0, 0, 0, 0, 0, 0, 0, 33554867, 0, 98307, 0, 150994947, 0, 3084, 0);

INSERT INTO `ace_object` (`baseAceObjectId`, `weenieClassId`, `landblock`, `cell`, `posX`, `posY`, `posZ`, `qW`, `qX`, `qY`, `qZ`)
VALUES (1879584769, 33254, 131, 262, 100, -100, -36.063, 0.7071068, 0, 0, -0.7071068);

INSERT INTO `base_ace_object` (`baseAceObjectId`, `name`, `typeId`, `paletteId`, `ammoType`, `blipColor`, `bitField`, `burden`, `combatUse`, `cooldownDuration`, `cooldownId`, `effects`, `containersCapacity`, `header`, `hookTypeId`, `iconId`, `iconOverlayId`, `iconUnderlayId`, `hookItemTypes`, `itemsCapacity`, `location`, `materialType`, `maxStackSize`, `maxStructure`, `radar`, `pscript`, `spellId`, `stackSize`, `structure`, `targetTypeId`, `usability`, `useRadius`, `validLocations`, `value`, `workmanship`, `animationFrameId`, `defaultScript`, `defaultScriptIntensity`, `elasticity`, `friction`, `locationId`, `modelTableId`, `objectScale`, `physicsBitField`, `physicsTableId`, `motionTableId`, `soundTableId`, `physicsState`, `translucency`)
VALUES (1879592967, 'Surface', 65536, 0, 0, 0, 262164, 0, 0, 0, 0, 0, 0, 8388656, 0, 100667499, 0, 0, 0, 0, 0, 0, 0, 0, 4, 0, 0, 0, 0, 0, 32, -0.1, 0, 0, 0, 0, 0, 0, 0, 0, 0, 33554867, 0, 98307, 0, 150994947, 0, 3084, 0);

INSERT INTO `ace_object` (`baseAceObjectId`, `weenieClassId`, `landblock`, `cell`, `posX`, `posY`, `posZ`, `qW`, `qX`, `qY`, `qZ`)
VALUES (1879592967, 33517, 133, 330, 72, -70, 11.937, 0.7071068, 0, 0, -0.7071068);

INSERT INTO `base_ace_object` (`baseAceObjectId`, `name`, `typeId`, `paletteId`, `ammoType`, `blipColor`, `bitField`, `burden`, `combatUse`, `cooldownDuration`, `cooldownId`, `effects`, `containersCapacity`, `header`, `hookTypeId`, `iconId`, `iconOverlayId`, `iconUnderlayId`, `hookItemTypes`, `itemsCapacity`, `location`, `materialType`, `maxStackSize`, `maxStructure`, `radar`, `pscript`, `spellId`, `stackSize`, `structure`, `targetTypeId`, `usability`, `useRadius`, `validLocations`, `value`, `workmanship`, `animationFrameId`, `defaultScript`, `defaultScriptIntensity`, `elasticity`, `friction`, `locationId`, `modelTableId`, `objectScale`, `physicsBitField`, `physicsTableId`, `motionTableId`, `soundTableId`, `physicsState`, `translucency`)
VALUES (2447954981, 'Portal to Kara', 65536, 0, 0, 0, 262164, 0, 0, 0, 0, 0, 0, 8388656, 0, 100667499, 0, 0, 0, 0, 0, 0, 0, 0, 4, 0, 0, 0, 0, 0, 32, -0.1, 0, 0, 0, 0, 0, 0, 0, 0, 0, 33555926, 0, 98307, 0, 150994947, 0, 3084, 0);

INSERT INTO `ace_object` (`baseAceObjectId`, `weenieClassId`, `landblock`, `cell`, `posX`, `posY`, `posZ`, `qW`, `qX`, `qY`, `qZ`)
VALUES (2447954981, 42848, 17694, 10, 42.50032, 38.60834, 129.1544, 1, 0, 0, 0);

INSERT INTO `base_ace_object` (`baseAceObjectId`, `name`, `typeId`, `paletteId`, `ammoType`, `blipColor`, `bitField`, `burden`, `combatUse`, `cooldownDuration`, `cooldownId`, `effects`, `containersCapacity`, `header`, `hookTypeId`, `iconId`, `iconOverlayId`, `iconUnderlayId`, `hookItemTypes`, `itemsCapacity`, `location`, `materialType`, `maxStackSize`, `maxStructure`, `radar`, `pscript`, `spellId`, `stackSize`, `structure`, `targetTypeId`, `usability`, `useRadius`, `validLocations`, `value`, `workmanship`, `animationFrameId`, `defaultScript`, `defaultScriptIntensity`, `elasticity`, `friction`, `locationId`, `modelTableId`, `objectScale`, `physicsBitField`, `physicsTableId`, `motionTableId`, `soundTableId`, `physicsState`, `translucency`)
VALUES (1922641935, 'The Dark Spiral', 65536, 0, 0, 0, 262164, 0, 0, 0, 0, 0, 0, 8388656, 0, 100667499, 0, 0, 0, 0, 0, 0, 0, 0, 4, 0, 0, 0, 0, 0, 32, -0.1, 0, 0, 0, 0, 0, 0, 0, 0, 0, 33555925, 0, 98307, 0, 150994947, 0, 3084, 0);

INSERT INTO `ace_object` (`baseAceObjectId`, `weenieClassId`, `landblock`, `cell`, `posX`, `posY`, `posZ`, `qW`, `qX`, `qY`, `qZ`)
VALUES (1922641935, 32844, 10643, 35, 105.987, 53.9843, 116.9396, 0.07356583, 0, 0, -0.9972904);

INSERT INTO `base_ace_object` (`baseAceObjectId`, `name`, `typeId`, `paletteId`, `ammoType`, `blipColor`, `bitField`, `burden`, `combatUse`, `cooldownDuration`, `cooldownId`, `effects`, `containersCapacity`, `header`, `hookTypeId`, `iconId`, `iconOverlayId`, `iconUnderlayId`, `hookItemTypes`, `itemsCapacity`, `location`, `materialType`, `maxStackSize`, `maxStructure`, `radar`, `pscript`, `spellId`, `stackSize`, `structure`, `targetTypeId`, `usability`, `useRadius`, `validLocations`, `value`, `workmanship`, `animationFrameId`, `defaultScript`, `defaultScriptIntensity`, `elasticity`, `friction`, `locationId`, `modelTableId`, `objectScale`, `physicsBitField`, `physicsTableId`, `motionTableId`, `soundTableId`, `physicsState`, `translucency`)
VALUES (1879896300, 'Surface', 65536, 0, 0, 0, 262164, 0, 0, 0, 0, 0, 0, 8388656, 0, 100667499, 0, 0, 0, 0, 0, 0, 0, 0, 4, 0, 0, 0, 0, 0, 32, -0.1, 0, 0, 0, 0, 0, 0, 0, 0, 0, 33554867, 0, 98307, 0, 150994947, 0, 3084, 0);

INSERT INTO `ace_object` (`baseAceObjectId`, `weenieClassId`, `landblock`, `cell`, `posX`, `posY`, `posZ`, `qW`, `qX`, `qY`, `qZ`)
VALUES (1879896300, 32845, 207, 1374, 70.1391, -93.0326, -0.06299996, 0.9994256, 0, 0, -0.03388699);

INSERT INTO `base_ace_object` (`baseAceObjectId`, `name`, `typeId`, `paletteId`, `ammoType`, `blipColor`, `bitField`, `burden`, `combatUse`, `cooldownDuration`, `cooldownId`, `effects`, `containersCapacity`, `header`, `hookTypeId`, `iconId`, `iconOverlayId`, `iconUnderlayId`, `hookItemTypes`, `itemsCapacity`, `location`, `materialType`, `maxStackSize`, `maxStructure`, `radar`, `pscript`, `spellId`, `stackSize`, `structure`, `targetTypeId`, `usability`, `useRadius`, `validLocations`, `value`, `workmanship`, `animationFrameId`, `defaultScript`, `defaultScriptIntensity`, `elasticity`, `friction`, `locationId`, `modelTableId`, `objectScale`, `physicsBitField`, `physicsTableId`, `motionTableId`, `soundTableId`, `physicsState`, `translucency`)
VALUES (2447974878, 'Glenden Wood Portal', 65536, 0, 0, 0, 262164, 0, 0, 0, 0, 0, 0, 8388656, 0, 100667499, 0, 0, 0, 0, 0, 0, 0, 0, 4, 0, 0, 0, 0, 0, 32, -0.1, 0, 0, 0, 0, 0, 0, 0, 0, 0, 33554867, 0, 98307, 0, 150994947, 0, 3084, 0);

INSERT INTO `ace_object` (`baseAceObjectId`, `weenieClassId`, `landblock`, `cell`, `posX`, `posY`, `posZ`, `qW`, `qX`, `qY`, `qZ`)
VALUES (2447974878, 42814, 9345, 60, 183.4683, 83.01202, 219.937, 1, 0, 0, 0);

INSERT INTO `base_ace_object` (`baseAceObjectId`, `name`, `typeId`, `paletteId`, `ammoType`, `blipColor`, `bitField`, `burden`, `combatUse`, `cooldownDuration`, `cooldownId`, `effects`, `containersCapacity`, `header`, `hookTypeId`, `iconId`, `iconOverlayId`, `iconUnderlayId`, `hookItemTypes`, `itemsCapacity`, `location`, `materialType`, `maxStackSize`, `maxStructure`, `radar`, `pscript`, `spellId`, `stackSize`, `structure`, `targetTypeId`, `usability`, `useRadius`, `validLocations`, `value`, `workmanship`, `animationFrameId`, `defaultScript`, `defaultScriptIntensity`, `elasticity`, `friction`, `locationId`, `modelTableId`, `objectScale`, `physicsBitField`, `physicsTableId`, `motionTableId`, `soundTableId`, `physicsState`, `translucency`)
VALUES (1879072774, 'Surface', 65536, 0, 0, 0, 262164, 0, 0, 0, 0, 0, 0, 8388656, 0, 100667499, 0, 0, 0, 0, 0, 0, 0, 0, 4, 0, 0, 0, 0, 0, 32, -0.1, 0, 0, 0, 0, 0, 0, 0, 0, 0, 33554867, 0, 98307, 0, 150994947, 0, 3084, 0);

INSERT INTO `ace_object` (`baseAceObjectId`, `weenieClassId`, `landblock`, `cell`, `posX`, `posY`, `posZ`, `qW`, `qX`, `qY`, `qZ`)
VALUES (1879072774, 30471, 6, 270, 20, -160, 5.937, -0.079121, 0, 0, -0.996865);

INSERT INTO `base_ace_object` (`baseAceObjectId`, `name`, `typeId`, `paletteId`, `ammoType`, `blipColor`, `bitField`, `burden`, `combatUse`, `cooldownDuration`, `cooldownId`, `effects`, `containersCapacity`, `header`, `hookTypeId`, `iconId`, `iconOverlayId`, `iconUnderlayId`, `hookItemTypes`, `itemsCapacity`, `location`, `materialType`, `maxStackSize`, `maxStructure`, `radar`, `pscript`, `spellId`, `stackSize`, `structure`, `targetTypeId`, `usability`, `useRadius`, `validLocations`, `value`, `workmanship`, `animationFrameId`, `defaultScript`, `defaultScriptIntensity`, `elasticity`, `friction`, `locationId`, `modelTableId`, `objectScale`, `physicsBitField`, `physicsTableId`, `motionTableId`, `soundTableId`, `physicsState`, `translucency`)
VALUES (1879072862, 'Surface', 65536, 0, 0, 0, 262164, 0, 0, 0, 0, 0, 0, 8388656, 0, 100667499, 0, 0, 0, 0, 0, 0, 0, 0, 4, 0, 0, 0, 0, 0, 32, -0.1, 0, 0, 0, 0, 0, 0, 0, 0, 0, 33554867, 0, 98307, 0, 150994947, 0, 3084, 0);

INSERT INTO `ace_object` (`baseAceObjectId`, `weenieClassId`, `landblock`, `cell`, `posX`, `posY`, `posZ`, `qW`, `qX`, `qY`, `qZ`)
VALUES (1879072862, 30471, 6, 678, 60, -10, 23.937, 1, 0, 0, 0);

INSERT INTO `base_ace_object` (`baseAceObjectId`, `name`, `typeId`, `paletteId`, `ammoType`, `blipColor`, `bitField`, `burden`, `combatUse`, `cooldownDuration`, `cooldownId`, `effects`, `containersCapacity`, `header`, `hookTypeId`, `iconId`, `iconOverlayId`, `iconUnderlayId`, `hookItemTypes`, `itemsCapacity`, `location`, `materialType`, `maxStackSize`, `maxStructure`, `radar`, `pscript`, `spellId`, `stackSize`, `structure`, `targetTypeId`, `usability`, `useRadius`, `validLocations`, `value`, `workmanship`, `animationFrameId`, `defaultScript`, `defaultScriptIntensity`, `elasticity`, `friction`, `locationId`, `modelTableId`, `objectScale`, `physicsBitField`, `physicsTableId`, `motionTableId`, `soundTableId`, `physicsState`, `translucency`)
VALUES (1969528832, 'Exit portal', 65536, 0, 0, 0, 262164, 0, 0, 0, 0, 0, 0, 8388656, 0, 100667499, 0, 0, 0, 0, 0, 0, 0, 0, 4, 0, 0, 0, 0, 0, 32, -0.1, 0, 0, 0, 0, 0, 0, 0, 0, 0, 33554867, 0, 98307, 0, 150994947, 0, 3084, 0);

INSERT INTO `ace_object` (`baseAceObjectId`, `weenieClassId`, `landblock`, `cell`, `posX`, `posY`, `posZ`, `qW`, `qX`, `qY`, `qZ`)
VALUES (1969528832, 22896, 22090, 271, 14.1208, -70.1592, -0.06299996, 0.6785569, 0, 0, 0.7345479);

INSERT INTO `base_ace_object` (`baseAceObjectId`, `name`, `typeId`, `paletteId`, `ammoType`, `blipColor`, `bitField`, `burden`, `combatUse`, `cooldownDuration`, `cooldownId`, `effects`, `containersCapacity`, `header`, `hookTypeId`, `iconId`, `iconOverlayId`, `iconUnderlayId`, `hookItemTypes`, `itemsCapacity`, `location`, `materialType`, `maxStackSize`, `maxStructure`, `radar`, `pscript`, `spellId`, `stackSize`, `structure`, `targetTypeId`, `usability`, `useRadius`, `validLocations`, `value`, `workmanship`, `animationFrameId`, `defaultScript`, `defaultScriptIntensity`, `elasticity`, `friction`, `locationId`, `modelTableId`, `objectScale`, `physicsBitField`, `physicsTableId`, `motionTableId`, `soundTableId`, `physicsState`, `translucency`)
VALUES (2002612227, 'Destroyed Portal to Holtburg', 65536, 0, 0, 0, 262164, 0, 0, 0, 0, 0, 0, 48, 0, 100667499, 0, 0, 0, 0, 0, 0, 0, 0, 0, 0, 0, 0, 0, 0, 1, -0.1, 0, 0, 0, 0, 0, 0, 0, 0, 0, 33561060, 0, 98307, 0, 150995314, 0, 3092, 0);

INSERT INTO `ace_object` (`baseAceObjectId`, `weenieClassId`, `landblock`, `cell`, `posX`, `posY`, `posZ`, `qW`, `qX`, `qY`, `qZ`)
VALUES (2002612227, 1020, 30167, 21, 62.5241, 101.819, 429.3656, -0.9869437, 0, 0, -0.1610659);

INSERT INTO `base_ace_object` (`baseAceObjectId`, `name`, `typeId`, `paletteId`, `ammoType`, `blipColor`, `bitField`, `burden`, `combatUse`, `cooldownDuration`, `cooldownId`, `effects`, `containersCapacity`, `header`, `hookTypeId`, `iconId`, `iconOverlayId`, `iconUnderlayId`, `hookItemTypes`, `itemsCapacity`, `location`, `materialType`, `maxStackSize`, `maxStructure`, `radar`, `pscript`, `spellId`, `stackSize`, `structure`, `targetTypeId`, `usability`, `useRadius`, `validLocations`, `value`, `workmanship`, `animationFrameId`, `defaultScript`, `defaultScriptIntensity`, `elasticity`, `friction`, `locationId`, `modelTableId`, `objectScale`, `physicsBitField`, `physicsTableId`, `motionTableId`, `soundTableId`, `physicsState`, `translucency`)
VALUES (2002612228, 'Crystal Mine Low', 65536, 0, 0, 0, 262164, 0, 0, 0, 0, 0, 0, 8388656, 0, 100667499, 0, 0, 0, 0, 0, 0, 0, 0, 4, 0, 0, 0, 0, 0, 32, -0.1, 0, 0, 0, 0, 0, 0, 0, 0, 0, 33555923, 0, 98307, 0, 150994947, 0, 3084, 0);

INSERT INTO `ace_object` (`baseAceObjectId`, `weenieClassId`, `landblock`, `cell`, `posX`, `posY`, `posZ`, `qW`, `qX`, `qY`, `qZ`)
VALUES (2002612228, 22870, 30167, 13, 35.5979, 116.563, 381.6624, -0.9999983, 0, 0, -0.001841991);

INSERT INTO `base_ace_object` (`baseAceObjectId`, `name`, `typeId`, `paletteId`, `ammoType`, `blipColor`, `bitField`, `burden`, `combatUse`, `cooldownDuration`, `cooldownId`, `effects`, `containersCapacity`, `header`, `hookTypeId`, `iconId`, `iconOverlayId`, `iconUnderlayId`, `hookItemTypes`, `itemsCapacity`, `location`, `materialType`, `maxStackSize`, `maxStructure`, `radar`, `pscript`, `spellId`, `stackSize`, `structure`, `targetTypeId`, `usability`, `useRadius`, `validLocations`, `value`, `workmanship`, `animationFrameId`, `defaultScript`, `defaultScriptIntensity`, `elasticity`, `friction`, `locationId`, `modelTableId`, `objectScale`, `physicsBitField`, `physicsTableId`, `motionTableId`, `soundTableId`, `physicsState`, `translucency`)
VALUES (2002612229, 'Crystal Mine New Isparians', 65536, 0, 0, 0, 262164, 0, 0, 0, 0, 0, 0, 8388656, 0, 100667499, 0, 0, 0, 0, 0, 0, 0, 0, 4, 0, 0, 0, 0, 0, 32, -0.1, 0, 0, 0, 0, 0, 0, 0, 0, 0, 33555923, 0, 98307, 0, 150994947, 0, 3084, 0);

INSERT INTO `ace_object` (`baseAceObjectId`, `weenieClassId`, `landblock`, `cell`, `posX`, `posY`, `posZ`, `qW`, `qX`, `qY`, `qZ`)
VALUES (2002612229, 22871, 30167, 29, 88.8858, 113.703, 414.3214, 0.9270692, 0, 0, -0.3748901);

INSERT INTO `base_ace_object` (`baseAceObjectId`, `name`, `typeId`, `paletteId`, `ammoType`, `blipColor`, `bitField`, `burden`, `combatUse`, `cooldownDuration`, `cooldownId`, `effects`, `containersCapacity`, `header`, `hookTypeId`, `iconId`, `iconOverlayId`, `iconUnderlayId`, `hookItemTypes`, `itemsCapacity`, `location`, `materialType`, `maxStackSize`, `maxStructure`, `radar`, `pscript`, `spellId`, `stackSize`, `structure`, `targetTypeId`, `usability`, `useRadius`, `validLocations`, `value`, `workmanship`, `animationFrameId`, `defaultScript`, `defaultScriptIntensity`, `elasticity`, `friction`, `locationId`, `modelTableId`, `objectScale`, `physicsBitField`, `physicsTableId`, `motionTableId`, `soundTableId`, `physicsState`, `translucency`)
VALUES (2002612230, 'Crystal Mine Mid', 65536, 0, 0, 0, 262164, 0, 0, 0, 0, 0, 0, 8388656, 0, 100667499, 0, 0, 0, 0, 0, 0, 0, 0, 4, 0, 0, 0, 0, 0, 32, -0.1, 0, 0, 0, 0, 0, 0, 0, 0, 0, 33555926, 0, 98307, 0, 150994947, 0, 3084, 0);

INSERT INTO `ace_object` (`baseAceObjectId`, `weenieClassId`, `landblock`, `cell`, `posX`, `posY`, `posZ`, `qW`, `qX`, `qY`, `qZ`)
VALUES (2002612230, 22872, 30167, 22, 68.1837, 132.295, 356.3954, 0.7011691, 0, 0, -0.7129951);

INSERT INTO `base_ace_object` (`baseAceObjectId`, `name`, `typeId`, `paletteId`, `ammoType`, `blipColor`, `bitField`, `burden`, `combatUse`, `cooldownDuration`, `cooldownId`, `effects`, `containersCapacity`, `header`, `hookTypeId`, `iconId`, `iconOverlayId`, `iconUnderlayId`, `hookItemTypes`, `itemsCapacity`, `location`, `materialType`, `maxStackSize`, `maxStructure`, `radar`, `pscript`, `spellId`, `stackSize`, `structure`, `targetTypeId`, `usability`, `useRadius`, `validLocations`, `value`, `workmanship`, `animationFrameId`, `defaultScript`, `defaultScriptIntensity`, `elasticity`, `friction`, `locationId`, `modelTableId`, `objectScale`, `physicsBitField`, `physicsTableId`, `motionTableId`, `soundTableId`, `physicsState`, `translucency`)
VALUES (2002612231, 'Crystal Mine Extreme', 65536, 0, 0, 0, 262164, 0, 0, 0, 0, 0, 0, 8388656, 0, 100667499, 0, 0, 0, 0, 0, 0, 0, 0, 4, 0, 0, 0, 0, 0, 32, -0.1, 0, 0, 0, 0, 0, 0, 0, 0, 0, 33556212, 0, 98307, 0, 150994947, 0, 3084, 0);

INSERT INTO `ace_object` (`baseAceObjectId`, `weenieClassId`, `landblock`, `cell`, `posX`, `posY`, `posZ`, `qW`, `qX`, `qY`, `qZ`)
VALUES (2002612231, 22868, 30167, 20, 59.5308, 92.6392, 308.8344, 0.9999101, 0, 0, 0.0134057);

INSERT INTO `base_ace_object` (`baseAceObjectId`, `name`, `typeId`, `paletteId`, `ammoType`, `blipColor`, `bitField`, `burden`, `combatUse`, `cooldownDuration`, `cooldownId`, `effects`, `containersCapacity`, `header`, `hookTypeId`, `iconId`, `iconOverlayId`, `iconUnderlayId`, `hookItemTypes`, `itemsCapacity`, `location`, `materialType`, `maxStackSize`, `maxStructure`, `radar`, `pscript`, `spellId`, `stackSize`, `structure`, `targetTypeId`, `usability`, `useRadius`, `validLocations`, `value`, `workmanship`, `animationFrameId`, `defaultScript`, `defaultScriptIntensity`, `elasticity`, `friction`, `locationId`, `modelTableId`, `objectScale`, `physicsBitField`, `physicsTableId`, `motionTableId`, `soundTableId`, `physicsState`, `translucency`)
VALUES (2002612232, 'Crystal Mine High', 65536, 0, 0, 0, 262164, 0, 0, 0, 0, 0, 0, 8388656, 0, 100667499, 0, 0, 0, 0, 0, 0, 0, 0, 4, 0, 0, 0, 0, 0, 32, -0.1, 0, 0, 0, 0, 0, 0, 0, 0, 0, 33555925, 0, 98307, 0, 150994947, 0, 3084, 0);

INSERT INTO `ace_object` (`baseAceObjectId`, `weenieClassId`, `landblock`, `cell`, `posX`, `posY`, `posZ`, `qW`, `qX`, `qY`, `qZ`)
VALUES (2002612232, 22869, 30167, 37, 104.624, 99.9586, 285.3344, 0.22483, 0, 0, 0.974398);

INSERT INTO `base_ace_object` (`baseAceObjectId`, `name`, `typeId`, `paletteId`, `ammoType`, `blipColor`, `bitField`, `burden`, `combatUse`, `cooldownDuration`, `cooldownId`, `effects`, `containersCapacity`, `header`, `hookTypeId`, `iconId`, `iconOverlayId`, `iconUnderlayId`, `hookItemTypes`, `itemsCapacity`, `location`, `materialType`, `maxStackSize`, `maxStructure`, `radar`, `pscript`, `spellId`, `stackSize`, `structure`, `targetTypeId`, `usability`, `useRadius`, `validLocations`, `value`, `workmanship`, `animationFrameId`, `defaultScript`, `defaultScriptIntensity`, `elasticity`, `friction`, `locationId`, `modelTableId`, `objectScale`, `physicsBitField`, `physicsTableId`, `motionTableId`, `soundTableId`, `physicsState`, `translucency`)
VALUES (2002612233, 'Access to Crystal Mines', 65536, 0, 0, 0, 262164, 0, 0, 0, 0, 0, 0, 8388656, 0, 100667499, 0, 0, 0, 0, 0, 0, 0, 0, 4, 0, 0, 0, 0, 0, 32, -0.1, 0, 0, 0, 0, 0, 0, 0, 0, 0, 33554867, 0, 98307, 0, 150994947, 0, 3084, 0);

INSERT INTO `ace_object` (`baseAceObjectId`, `weenieClassId`, `landblock`, `cell`, `posX`, `posY`, `posZ`, `qW`, `qX`, `qY`, `qZ`)
VALUES (2002612233, 22866, 30167, 5, 8.62307, 103.312, 235.2184, -0.7287679, 0, 0, 0.6847609);

INSERT INTO `base_ace_object` (`baseAceObjectId`, `name`, `typeId`, `paletteId`, `ammoType`, `blipColor`, `bitField`, `burden`, `combatUse`, `cooldownDuration`, `cooldownId`, `effects`, `containersCapacity`, `header`, `hookTypeId`, `iconId`, `iconOverlayId`, `iconUnderlayId`, `hookItemTypes`, `itemsCapacity`, `location`, `materialType`, `maxStackSize`, `maxStructure`, `radar`, `pscript`, `spellId`, `stackSize`, `structure`, `targetTypeId`, `usability`, `useRadius`, `validLocations`, `value`, `workmanship`, `animationFrameId`, `defaultScript`, `defaultScriptIntensity`, `elasticity`, `friction`, `locationId`, `modelTableId`, `objectScale`, `physicsBitField`, `physicsTableId`, `motionTableId`, `soundTableId`, `physicsState`, `translucency`)
VALUES (1969549338, 'Exit', 65536, 0, 0, 0, 262164, 0, 0, 0, 0, 0, 0, 8388656, 0, 100667499, 0, 0, 0, 0, 0, 0, 0, 0, 4, 0, 0, 0, 0, 0, 32, -0.1, 0, 0, 0, 0, 0, 0, 0, 0, 0, 33554867, 0, 98307, 0, 150994947, 0, 3084, 0);

INSERT INTO `ace_object` (`baseAceObjectId`, `weenieClassId`, `landblock`, `cell`, `posX`, `posY`, `posZ`, `qW`, `qX`, `qY`, `qZ`)
VALUES (1969549338, 22867, 22095, 559, -0.813684, -150.99, -0.06299996, -0.4225539, 0, 0, -0.9063378);

INSERT INTO `base_ace_object` (`baseAceObjectId`, `name`, `typeId`, `paletteId`, `ammoType`, `blipColor`, `bitField`, `burden`, `combatUse`, `cooldownDuration`, `cooldownId`, `effects`, `containersCapacity`, `header`, `hookTypeId`, `iconId`, `iconOverlayId`, `iconUnderlayId`, `hookItemTypes`, `itemsCapacity`, `location`, `materialType`, `maxStackSize`, `maxStructure`, `radar`, `pscript`, `spellId`, `stackSize`, `structure`, `targetTypeId`, `usability`, `useRadius`, `validLocations`, `value`, `workmanship`, `animationFrameId`, `defaultScript`, `defaultScriptIntensity`, `elasticity`, `friction`, `locationId`, `modelTableId`, `objectScale`, `physicsBitField`, `physicsTableId`, `motionTableId`, `soundTableId`, `physicsState`, `translucency`)
VALUES (1969549314, 'Exit', 65536, 0, 0, 0, 262164, 0, 0, 0, 0, 0, 0, 8388656, 0, 100667499, 0, 0, 0, 0, 0, 0, 0, 0, 4, 0, 0, 0, 0, 0, 32, -0.1, 0, 0, 0, 0, 0, 0, 0, 0, 0, 33554867, 0, 98307, 0, 150994947, 0, 3084, 0);

INSERT INTO `ace_object` (`baseAceObjectId`, `weenieClassId`, `landblock`, `cell`, `posX`, `posY`, `posZ`, `qW`, `qX`, `qY`, `qZ`)
VALUES (1969549314, 22867, 22095, 284, 160, -50, -36.063, 0.6018348, 0, 0, 0.7986206);

INSERT INTO `base_ace_object` (`baseAceObjectId`, `name`, `typeId`, `paletteId`, `ammoType`, `blipColor`, `bitField`, `burden`, `combatUse`, `cooldownDuration`, `cooldownId`, `effects`, `containersCapacity`, `header`, `hookTypeId`, `iconId`, `iconOverlayId`, `iconUnderlayId`, `hookItemTypes`, `itemsCapacity`, `location`, `materialType`, `maxStackSize`, `maxStructure`, `radar`, `pscript`, `spellId`, `stackSize`, `structure`, `targetTypeId`, `usability`, `useRadius`, `validLocations`, `value`, `workmanship`, `animationFrameId`, `defaultScript`, `defaultScriptIntensity`, `elasticity`, `friction`, `locationId`, `modelTableId`, `objectScale`, `physicsBitField`, `physicsTableId`, `motionTableId`, `soundTableId`, `physicsState`, `translucency`)
VALUES (1880268806, 'Portal to Nanto', 65536, 0, 0, 0, 262164, 0, 0, 0, 0, 0, 0, 8388656, 0, 100667499, 0, 0, 0, 0, 0, 0, 0, 0, 4, 0, 0, 0, 0, 0, 32, -0.1, 0, 0, 0, 0, 0, 0, 0, 0, 0, 33554867, 0, 98307, 0, 150994947, 0, 3084, 0);

INSERT INTO `ace_object` (`baseAceObjectId`, `weenieClassId`, `landblock`, `cell`, `posX`, `posY`, `posZ`, `qW`, `qX`, `qY`, `qZ`)
VALUES (1880268806, 42843, 298, 294, 30, -63.132, 5.937, 0, 0, 0, -1);

INSERT INTO `base_ace_object` (`baseAceObjectId`, `name`, `typeId`, `paletteId`, `ammoType`, `blipColor`, `bitField`, `burden`, `combatUse`, `cooldownDuration`, `cooldownId`, `effects`, `containersCapacity`, `header`, `hookTypeId`, `iconId`, `iconOverlayId`, `iconUnderlayId`, `hookItemTypes`, `itemsCapacity`, `location`, `materialType`, `maxStackSize`, `maxStructure`, `radar`, `pscript`, `spellId`, `stackSize`, `structure`, `targetTypeId`, `usability`, `useRadius`, `validLocations`, `value`, `workmanship`, `animationFrameId`, `defaultScript`, `defaultScriptIntensity`, `elasticity`, `friction`, `locationId`, `modelTableId`, `objectScale`, `physicsBitField`, `physicsTableId`, `motionTableId`, `soundTableId`, `physicsState`, `translucency`)
VALUES (2877431652, 'Hilltop', 65536, 0, 0, 0, 262164, 0, 0, 0, 0, 0, 0, 8388656, 0, 100667499, 0, 0, 0, 0, 0, 0, 0, 0, 4, 0, 0, 0, 0, 0, 32, -0.1, 0, 0, 0, 0, 0, 0, 0, 0, 0, 33554867, 0, 98307, 0, 150994947, 0, 3084, 0);

INSERT INTO `ace_object` (`baseAceObjectId`, `weenieClassId`, `landblock`, `cell`, `posX`, `posY`, `posZ`, `qW`, `qX`, `qY`, `qZ`)
VALUES (2877431652, 1902, 8784, 13, 38.76662, 115.021, 1.536281, 1, 0, 0, 0);

INSERT INTO `base_ace_object` (`baseAceObjectId`, `name`, `typeId`, `paletteId`, `ammoType`, `blipColor`, `bitField`, `burden`, `combatUse`, `cooldownDuration`, `cooldownId`, `effects`, `containersCapacity`, `header`, `hookTypeId`, `iconId`, `iconOverlayId`, `iconUnderlayId`, `hookItemTypes`, `itemsCapacity`, `location`, `materialType`, `maxStackSize`, `maxStructure`, `radar`, `pscript`, `spellId`, `stackSize`, `structure`, `targetTypeId`, `usability`, `useRadius`, `validLocations`, `value`, `workmanship`, `animationFrameId`, `defaultScript`, `defaultScriptIntensity`, `elasticity`, `friction`, `locationId`, `modelTableId`, `objectScale`, `physicsBitField`, `physicsTableId`, `motionTableId`, `soundTableId`, `physicsState`, `translucency`)
VALUES (1880313862, 'Portal to Zaikhal', 65536, 0, 0, 0, 262164, 0, 0, 0, 0, 0, 0, 8388656, 0, 100667499, 0, 0, 0, 0, 0, 0, 0, 0, 4, 0, 0, 0, 0, 0, 32, -0.1, 0, 0, 0, 0, 0, 0, 0, 0, 0, 33555923, 0, 98307, 0, 150994947, 0, 3084, 0);

INSERT INTO `ace_object` (`baseAceObjectId`, `weenieClassId`, `landblock`, `cell`, `posX`, `posY`, `posZ`, `qW`, `qX`, `qY`, `qZ`)
VALUES (1880313862, 42831, 309, 294, 30, -63.132, 5.937, 0, 0, 0, -1);

INSERT INTO `base_ace_object` (`baseAceObjectId`, `name`, `typeId`, `paletteId`, `ammoType`, `blipColor`, `bitField`, `burden`, `combatUse`, `cooldownDuration`, `cooldownId`, `effects`, `containersCapacity`, `header`, `hookTypeId`, `iconId`, `iconOverlayId`, `iconUnderlayId`, `hookItemTypes`, `itemsCapacity`, `location`, `materialType`, `maxStackSize`, `maxStructure`, `radar`, `pscript`, `spellId`, `stackSize`, `structure`, `targetTypeId`, `usability`, `useRadius`, `validLocations`, `value`, `workmanship`, `animationFrameId`, `defaultScript`, `defaultScriptIntensity`, `elasticity`, `friction`, `locationId`, `modelTableId`, `objectScale`, `physicsBitField`, `physicsTableId`, `motionTableId`, `soundTableId`, `physicsState`, `translucency`)
VALUES (2011181142, 'Surface Portal', 65536, 67109370, 0, 0, 262164, 0, 0, 0, 0, 0, 0, 8388656, 0, 100667499, 0, 0, 0, 0, 0, 0, 0, 0, 4, 0, 0, 0, 0, 0, 32, -0.1, 0, 0, 0, 0, 0, 0, 0, 0, 0, 33554867, 0, 98307, 0, 150994947, 0, 3084, 0);

INSERT INTO `ace_object` (`baseAceObjectId`, `weenieClassId`, `landblock`, `cell`, `posX`, `posY`, `posZ`, `qW`, `qX`, `qY`, `qZ`)
VALUES (2011181142, 43779, 32259, 1895, 280, -350.78, 5.937, 1, 0, 0, 0);

INSERT INTO `ace_object_palette_changes` (`baseAceObjectId`, `subPaletteId`, `offset`, `length`)
VALUES (2011181142, 67111849, 8, 2040);

INSERT INTO `base_ace_object` (`baseAceObjectId`, `name`, `typeId`, `paletteId`, `ammoType`, `blipColor`, `bitField`, `burden`, `combatUse`, `cooldownDuration`, `cooldownId`, `effects`, `containersCapacity`, `header`, `hookTypeId`, `iconId`, `iconOverlayId`, `iconUnderlayId`, `hookItemTypes`, `itemsCapacity`, `location`, `materialType`, `maxStackSize`, `maxStructure`, `radar`, `pscript`, `spellId`, `stackSize`, `structure`, `targetTypeId`, `usability`, `useRadius`, `validLocations`, `value`, `workmanship`, `animationFrameId`, `defaultScript`, `defaultScriptIntensity`, `elasticity`, `friction`, `locationId`, `modelTableId`, `objectScale`, `physicsBitField`, `physicsTableId`, `motionTableId`, `soundTableId`, `physicsState`, `translucency`)
VALUES (2011181159, 'Portal', 65536, 67109370, 0, 0, 262164, 0, 0, 0, 0, 0, 0, 8388656, 0, 100667499, 0, 0, 0, 0, 0, 0, 0, 0, 4, 0, 0, 0, 0, 0, 32, -0.1, 0, 0, 0, 0, 0, 0, 0, 0, 0, 33554867, 0, 98307, 0, 150994947, 0, 3084, 0);

INSERT INTO `ace_object` (`baseAceObjectId`, `weenieClassId`, `landblock`, `cell`, `posX`, `posY`, `posZ`, `qW`, `qX`, `qY`, `qZ`)
VALUES (2011181159, 43759, 32259, 2476, 100, -200, 23.937, 1, 0, 0, 0);

INSERT INTO `ace_object_palette_changes` (`baseAceObjectId`, `subPaletteId`, `offset`, `length`)
VALUES (2011181159, 67111849, 8, 2040);

INSERT INTO `base_ace_object` (`baseAceObjectId`, `name`, `typeId`, `paletteId`, `ammoType`, `blipColor`, `bitField`, `burden`, `combatUse`, `cooldownDuration`, `cooldownId`, `effects`, `containersCapacity`, `header`, `hookTypeId`, `iconId`, `iconOverlayId`, `iconUnderlayId`, `hookItemTypes`, `itemsCapacity`, `location`, `materialType`, `maxStackSize`, `maxStructure`, `radar`, `pscript`, `spellId`, `stackSize`, `structure`, `targetTypeId`, `usability`, `useRadius`, `validLocations`, `value`, `workmanship`, `animationFrameId`, `defaultScript`, `defaultScriptIntensity`, `elasticity`, `friction`, `locationId`, `modelTableId`, `objectScale`, `physicsBitField`, `physicsTableId`, `motionTableId`, `soundTableId`, `physicsState`, `translucency`)
VALUES (2011181071, 'Portal', 65536, 67109370, 0, 0, 262164, 0, 0, 0, 0, 0, 0, 8388656, 0, 100667499, 0, 0, 0, 0, 0, 0, 0, 0, 4, 0, 0, 0, 0, 0, 32, -0.1, 0, 0, 0, 0, 0, 0, 0, 0, 0, 33554867, 0, 98307, 0, 150994947, 0, 3084, 0);

INSERT INTO `ace_object` (`baseAceObjectId`, `weenieClassId`, `landblock`, `cell`, `posX`, `posY`, `posZ`, `qW`, `qX`, `qY`, `qZ`)
VALUES (2011181071, 43759, 32259, 1061, 150, -180, -0.06299996, 1, 0, 0, 0);

INSERT INTO `ace_object_palette_changes` (`baseAceObjectId`, `subPaletteId`, `offset`, `length`)
VALUES (2011181071, 67111849, 8, 2040);

INSERT INTO `base_ace_object` (`baseAceObjectId`, `name`, `typeId`, `paletteId`, `ammoType`, `blipColor`, `bitField`, `burden`, `combatUse`, `cooldownDuration`, `cooldownId`, `effects`, `containersCapacity`, `header`, `hookTypeId`, `iconId`, `iconOverlayId`, `iconUnderlayId`, `hookItemTypes`, `itemsCapacity`, `location`, `materialType`, `maxStackSize`, `maxStructure`, `radar`, `pscript`, `spellId`, `stackSize`, `structure`, `targetTypeId`, `usability`, `useRadius`, `validLocations`, `value`, `workmanship`, `animationFrameId`, `defaultScript`, `defaultScriptIntensity`, `elasticity`, `friction`, `locationId`, `modelTableId`, `objectScale`, `physicsBitField`, `physicsTableId`, `motionTableId`, `soundTableId`, `physicsState`, `translucency`)
VALUES (2011181070, 'Portal', 65536, 67109370, 0, 0, 262164, 0, 0, 0, 0, 0, 0, 8388656, 0, 100667499, 0, 0, 0, 0, 0, 0, 0, 0, 4, 0, 0, 0, 0, 0, 32, -0.1, 0, 0, 0, 0, 0, 0, 0, 0, 0, 33554867, 0, 98307, 0, 150994947, 0, 3084, 0);

INSERT INTO `ace_object` (`baseAceObjectId`, `weenieClassId`, `landblock`, `cell`, `posX`, `posY`, `posZ`, `qW`, `qX`, `qY`, `qZ`)
VALUES (2011181070, 43758, 32259, 1054, 140, -180, -0.06299996, 1, 0, 0, 0);

INSERT INTO `ace_object_palette_changes` (`baseAceObjectId`, `subPaletteId`, `offset`, `length`)
VALUES (2011181070, 67111849, 8, 2040);

INSERT INTO `base_ace_object` (`baseAceObjectId`, `name`, `typeId`, `paletteId`, `ammoType`, `blipColor`, `bitField`, `burden`, `combatUse`, `cooldownDuration`, `cooldownId`, `effects`, `containersCapacity`, `header`, `hookTypeId`, `iconId`, `iconOverlayId`, `iconUnderlayId`, `hookItemTypes`, `itemsCapacity`, `location`, `materialType`, `maxStackSize`, `maxStructure`, `radar`, `pscript`, `spellId`, `stackSize`, `structure`, `targetTypeId`, `usability`, `useRadius`, `validLocations`, `value`, `workmanship`, `animationFrameId`, `defaultScript`, `defaultScriptIntensity`, `elasticity`, `friction`, `locationId`, `modelTableId`, `objectScale`, `physicsBitField`, `physicsTableId`, `motionTableId`, `soundTableId`, `physicsState`, `translucency`)
VALUES (2011181081, 'Portal', 65536, 67109370, 0, 0, 262164, 0, 0, 0, 0, 0, 0, 8388656, 0, 100667499, 0, 0, 0, 0, 0, 0, 0, 0, 4, 0, 0, 0, 0, 0, 32, -0.1, 0, 0, 0, 0, 0, 0, 0, 0, 0, 33554867, 0, 98307, 0, 150994947, 0, 3084, 0);

INSERT INTO `ace_object` (`baseAceObjectId`, `weenieClassId`, `landblock`, `cell`, `posX`, `posY`, `posZ`, `qW`, `qX`, `qY`, `qZ`)
VALUES (2011181081, 43764, 32259, 1079, 160, -180, -0.06299996, 1, 0, 0, 0);

INSERT INTO `ace_object_palette_changes` (`baseAceObjectId`, `subPaletteId`, `offset`, `length`)
VALUES (2011181081, 67111849, 8, 2040);

INSERT INTO `base_ace_object` (`baseAceObjectId`, `name`, `typeId`, `paletteId`, `ammoType`, `blipColor`, `bitField`, `burden`, `combatUse`, `cooldownDuration`, `cooldownId`, `effects`, `containersCapacity`, `header`, `hookTypeId`, `iconId`, `iconOverlayId`, `iconUnderlayId`, `hookItemTypes`, `itemsCapacity`, `location`, `materialType`, `maxStackSize`, `maxStructure`, `radar`, `pscript`, `spellId`, `stackSize`, `structure`, `targetTypeId`, `usability`, `useRadius`, `validLocations`, `value`, `workmanship`, `animationFrameId`, `defaultScript`, `defaultScriptIntensity`, `elasticity`, `friction`, `locationId`, `modelTableId`, `objectScale`, `physicsBitField`, `physicsTableId`, `motionTableId`, `soundTableId`, `physicsState`, `translucency`)
VALUES (2011181160, 'Portal', 65536, 67109370, 0, 0, 262164, 0, 0, 0, 0, 0, 0, 8388656, 0, 100667499, 0, 0, 0, 0, 0, 0, 0, 0, 4, 0, 0, 0, 0, 0, 32, -0.1, 0, 0, 0, 0, 0, 0, 0, 0, 0, 33554867, 0, 98307, 0, 150994947, 0, 3084, 0);

INSERT INTO `ace_object` (`baseAceObjectId`, `weenieClassId`, `landblock`, `cell`, `posX`, `posY`, `posZ`, `qW`, `qX`, `qY`, `qZ`)
VALUES (2011181160, 43764, 32259, 2483, 110, -200, 23.937, 1, 0, 0, 0);

INSERT INTO `ace_object_palette_changes` (`baseAceObjectId`, `subPaletteId`, `offset`, `length`)
VALUES (2011181160, 67111849, 8, 2040);

INSERT INTO `base_ace_object` (`baseAceObjectId`, `name`, `typeId`, `paletteId`, `ammoType`, `blipColor`, `bitField`, `burden`, `combatUse`, `cooldownDuration`, `cooldownId`, `effects`, `containersCapacity`, `header`, `hookTypeId`, `iconId`, `iconOverlayId`, `iconUnderlayId`, `hookItemTypes`, `itemsCapacity`, `location`, `materialType`, `maxStackSize`, `maxStructure`, `radar`, `pscript`, `spellId`, `stackSize`, `structure`, `targetTypeId`, `usability`, `useRadius`, `validLocations`, `value`, `workmanship`, `animationFrameId`, `defaultScript`, `defaultScriptIntensity`, `elasticity`, `friction`, `locationId`, `modelTableId`, `objectScale`, `physicsBitField`, `physicsTableId`, `motionTableId`, `soundTableId`, `physicsState`, `translucency`)
VALUES (2011181158, 'Portal', 65536, 67109370, 0, 0, 262164, 0, 0, 0, 0, 0, 0, 8388656, 0, 100667499, 0, 0, 0, 0, 0, 0, 0, 0, 4, 0, 0, 0, 0, 0, 32, -0.1, 0, 0, 0, 0, 0, 0, 0, 0, 0, 33554867, 0, 98307, 0, 150994947, 0, 3084, 0);

INSERT INTO `ace_object` (`baseAceObjectId`, `weenieClassId`, `landblock`, `cell`, `posX`, `posY`, `posZ`, `qW`, `qX`, `qY`, `qZ`)
VALUES (2011181158, 43758, 32259, 2470, 90, -200, 23.937, 1, 0, 0, 0);

INSERT INTO `ace_object_palette_changes` (`baseAceObjectId`, `subPaletteId`, `offset`, `length`)
VALUES (2011181158, 67111849, 8, 2040);

INSERT INTO `base_ace_object` (`baseAceObjectId`, `name`, `typeId`, `paletteId`, `ammoType`, `blipColor`, `bitField`, `burden`, `combatUse`, `cooldownDuration`, `cooldownId`, `effects`, `containersCapacity`, `header`, `hookTypeId`, `iconId`, `iconOverlayId`, `iconUnderlayId`, `hookItemTypes`, `itemsCapacity`, `location`, `materialType`, `maxStackSize`, `maxStructure`, `radar`, `pscript`, `spellId`, `stackSize`, `structure`, `targetTypeId`, `usability`, `useRadius`, `validLocations`, `value`, `workmanship`, `animationFrameId`, `defaultScript`, `defaultScriptIntensity`, `elasticity`, `friction`, `locationId`, `modelTableId`, `objectScale`, `physicsBitField`, `physicsTableId`, `motionTableId`, `soundTableId`, `physicsState`, `translucency`)
VALUES (2011181103, 'Portal', 65536, 67109370, 0, 0, 262164, 0, 0, 0, 0, 0, 0, 8388656, 0, 100667499, 0, 0, 0, 0, 0, 0, 0, 0, 4, 0, 0, 0, 0, 0, 32, -0.1, 0, 0, 0, 0, 0, 0, 0, 0, 0, 33554867, 0, 98307, 0, 150994947, 0, 3084, 0);

INSERT INTO `ace_object` (`baseAceObjectId`, `weenieClassId`, `landblock`, `cell`, `posX`, `posY`, `posZ`, `qW`, `qX`, `qY`, `qZ`)
VALUES (2011181103, 43768, 32259, 1542, 50, -150, 5.937, 1, 0, 0, 0);

INSERT INTO `ace_object_palette_changes` (`baseAceObjectId`, `subPaletteId`, `offset`, `length`)
VALUES (2011181103, 67111849, 8, 2040);

INSERT INTO `base_ace_object` (`baseAceObjectId`, `name`, `typeId`, `paletteId`, `ammoType`, `blipColor`, `bitField`, `burden`, `combatUse`, `cooldownDuration`, `cooldownId`, `effects`, `containersCapacity`, `header`, `hookTypeId`, `iconId`, `iconOverlayId`, `iconUnderlayId`, `hookItemTypes`, `itemsCapacity`, `location`, `materialType`, `maxStackSize`, `maxStructure`, `radar`, `pscript`, `spellId`, `stackSize`, `structure`, `targetTypeId`, `usability`, `useRadius`, `validLocations`, `value`, `workmanship`, `animationFrameId`, `defaultScript`, `defaultScriptIntensity`, `elasticity`, `friction`, `locationId`, `modelTableId`, `objectScale`, `physicsBitField`, `physicsTableId`, `motionTableId`, `soundTableId`, `physicsState`, `translucency`)
VALUES (2011181107, 'Portal', 65536, 67109370, 0, 0, 262164, 0, 0, 0, 0, 0, 0, 8388656, 0, 100667499, 0, 0, 0, 0, 0, 0, 0, 0, 4, 0, 0, 0, 0, 0, 32, -0.1, 0, 0, 0, 0, 0, 0, 0, 0, 0, 33554867, 0, 98307, 0, 150994947, 0, 3084, 0);

INSERT INTO `ace_object` (`baseAceObjectId`, `weenieClassId`, `landblock`, `cell`, `posX`, `posY`, `posZ`, `qW`, `qX`, `qY`, `qZ`)
VALUES (2011181107, 43766, 32259, 1546, 60, -150, 5.937, 1, 0, 0, 0);

INSERT INTO `ace_object_palette_changes` (`baseAceObjectId`, `subPaletteId`, `offset`, `length`)
VALUES (2011181107, 67111849, 8, 2040);

INSERT INTO `base_ace_object` (`baseAceObjectId`, `name`, `typeId`, `paletteId`, `ammoType`, `blipColor`, `bitField`, `burden`, `combatUse`, `cooldownDuration`, `cooldownId`, `effects`, `containersCapacity`, `header`, `hookTypeId`, `iconId`, `iconOverlayId`, `iconUnderlayId`, `hookItemTypes`, `itemsCapacity`, `location`, `materialType`, `maxStackSize`, `maxStructure`, `radar`, `pscript`, `spellId`, `stackSize`, `structure`, `targetTypeId`, `usability`, `useRadius`, `validLocations`, `value`, `workmanship`, `animationFrameId`, `defaultScript`, `defaultScriptIntensity`, `elasticity`, `friction`, `locationId`, `modelTableId`, `objectScale`, `physicsBitField`, `physicsTableId`, `motionTableId`, `soundTableId`, `physicsState`, `translucency`)
VALUES (2011181099, 'Portal', 65536, 67109370, 0, 0, 262164, 0, 0, 0, 0, 0, 0, 8388656, 0, 100667499, 0, 0, 0, 0, 0, 0, 0, 0, 4, 0, 0, 0, 0, 0, 32, -0.1, 0, 0, 0, 0, 0, 0, 0, 0, 0, 33554867, 0, 98307, 0, 150994947, 0, 3084, 0);

INSERT INTO `ace_object` (`baseAceObjectId`, `weenieClassId`, `landblock`, `cell`, `posX`, `posY`, `posZ`, `qW`, `qX`, `qY`, `qZ`)
VALUES (2011181099, 43769, 32259, 1538, 40, -150, 5.937, 1, 0, 0, 0);

INSERT INTO `ace_object_palette_changes` (`baseAceObjectId`, `subPaletteId`, `offset`, `length`)
VALUES (2011181099, 67111849, 8, 2040);

INSERT INTO `base_ace_object` (`baseAceObjectId`, `name`, `typeId`, `paletteId`, `ammoType`, `blipColor`, `bitField`, `burden`, `combatUse`, `cooldownDuration`, `cooldownId`, `effects`, `containersCapacity`, `header`, `hookTypeId`, `iconId`, `iconOverlayId`, `iconUnderlayId`, `hookItemTypes`, `itemsCapacity`, `location`, `materialType`, `maxStackSize`, `maxStructure`, `radar`, `pscript`, `spellId`, `stackSize`, `structure`, `targetTypeId`, `usability`, `useRadius`, `validLocations`, `value`, `workmanship`, `animationFrameId`, `defaultScript`, `defaultScriptIntensity`, `elasticity`, `friction`, `locationId`, `modelTableId`, `objectScale`, `physicsBitField`, `physicsTableId`, `motionTableId`, `soundTableId`, `physicsState`, `translucency`)
VALUES (2011181102, 'Portal', 65536, 67109370, 0, 0, 262164, 0, 0, 0, 0, 0, 0, 8388656, 0, 100667499, 0, 0, 0, 0, 0, 0, 0, 0, 4, 0, 0, 0, 0, 0, 32, -0.1, 0, 0, 0, 0, 0, 0, 0, 0, 0, 33554867, 0, 98307, 0, 150994947, 0, 3084, 0);

INSERT INTO `ace_object` (`baseAceObjectId`, `weenieClassId`, `landblock`, `cell`, `posX`, `posY`, `posZ`, `qW`, `qX`, `qY`, `qZ`)
VALUES (2011181102, 43771, 32259, 1541, 50, -130, 5.937, 1, 0, 0, 0);

INSERT INTO `ace_object_palette_changes` (`baseAceObjectId`, `subPaletteId`, `offset`, `length`)
VALUES (2011181102, 67111849, 8, 2040);

INSERT INTO `base_ace_object` (`baseAceObjectId`, `name`, `typeId`, `paletteId`, `ammoType`, `blipColor`, `bitField`, `burden`, `combatUse`, `cooldownDuration`, `cooldownId`, `effects`, `containersCapacity`, `header`, `hookTypeId`, `iconId`, `iconOverlayId`, `iconUnderlayId`, `hookItemTypes`, `itemsCapacity`, `location`, `materialType`, `maxStackSize`, `maxStructure`, `radar`, `pscript`, `spellId`, `stackSize`, `structure`, `targetTypeId`, `usability`, `useRadius`, `validLocations`, `value`, `workmanship`, `animationFrameId`, `defaultScript`, `defaultScriptIntensity`, `elasticity`, `friction`, `locationId`, `modelTableId`, `objectScale`, `physicsBitField`, `physicsTableId`, `motionTableId`, `soundTableId`, `physicsState`, `translucency`)
VALUES (2011181106, 'Portal', 65536, 67109370, 0, 0, 262164, 0, 0, 0, 0, 0, 0, 8388656, 0, 100667499, 0, 0, 0, 0, 0, 0, 0, 0, 4, 0, 0, 0, 0, 0, 32, -0.1, 0, 0, 0, 0, 0, 0, 0, 0, 0, 33554867, 0, 98307, 0, 150994947, 0, 3084, 0);

INSERT INTO `ace_object` (`baseAceObjectId`, `weenieClassId`, `landblock`, `cell`, `posX`, `posY`, `posZ`, `qW`, `qX`, `qY`, `qZ`)
VALUES (2011181106, 43767, 32259, 1545, 60, -130, 5.937, 1, 0, 0, 0);

INSERT INTO `ace_object_palette_changes` (`baseAceObjectId`, `subPaletteId`, `offset`, `length`)
VALUES (2011181106, 67111849, 8, 2040);

INSERT INTO `base_ace_object` (`baseAceObjectId`, `name`, `typeId`, `paletteId`, `ammoType`, `blipColor`, `bitField`, `burden`, `combatUse`, `cooldownDuration`, `cooldownId`, `effects`, `containersCapacity`, `header`, `hookTypeId`, `iconId`, `iconOverlayId`, `iconUnderlayId`, `hookItemTypes`, `itemsCapacity`, `location`, `materialType`, `maxStackSize`, `maxStructure`, `radar`, `pscript`, `spellId`, `stackSize`, `structure`, `targetTypeId`, `usability`, `useRadius`, `validLocations`, `value`, `workmanship`, `animationFrameId`, `defaultScript`, `defaultScriptIntensity`, `elasticity`, `friction`, `locationId`, `modelTableId`, `objectScale`, `physicsBitField`, `physicsTableId`, `motionTableId`, `soundTableId`, `physicsState`, `translucency`)
VALUES (2011181098, 'Portal', 65536, 67109370, 0, 0, 262164, 0, 0, 0, 0, 0, 0, 8388656, 0, 100667499, 0, 0, 0, 0, 0, 0, 0, 0, 4, 0, 0, 0, 0, 0, 32, -0.1, 0, 0, 0, 0, 0, 0, 0, 0, 0, 33554867, 0, 98307, 0, 150994947, 0, 3084, 0);

INSERT INTO `ace_object` (`baseAceObjectId`, `weenieClassId`, `landblock`, `cell`, `posX`, `posY`, `posZ`, `qW`, `qX`, `qY`, `qZ`)
VALUES (2011181098, 43766, 32259, 1537, 40, -130, 5.937, 1, 0, 0, 0);

INSERT INTO `ace_object_palette_changes` (`baseAceObjectId`, `subPaletteId`, `offset`, `length`)
VALUES (2011181098, 67111849, 8, 2040);

INSERT INTO `base_ace_object` (`baseAceObjectId`, `name`, `typeId`, `paletteId`, `ammoType`, `blipColor`, `bitField`, `burden`, `combatUse`, `cooldownDuration`, `cooldownId`, `effects`, `containersCapacity`, `header`, `hookTypeId`, `iconId`, `iconOverlayId`, `iconUnderlayId`, `hookItemTypes`, `itemsCapacity`, `location`, `materialType`, `maxStackSize`, `maxStructure`, `radar`, `pscript`, `spellId`, `stackSize`, `structure`, `targetTypeId`, `usability`, `useRadius`, `validLocations`, `value`, `workmanship`, `animationFrameId`, `defaultScript`, `defaultScriptIntensity`, `elasticity`, `friction`, `locationId`, `modelTableId`, `objectScale`, `physicsBitField`, `physicsTableId`, `motionTableId`, `soundTableId`, `physicsState`, `translucency`)
VALUES (2011181101, 'Portal', 65536, 67109370, 0, 0, 262164, 0, 0, 0, 0, 0, 0, 8388656, 0, 100667499, 0, 0, 0, 0, 0, 0, 0, 0, 4, 0, 0, 0, 0, 0, 32, -0.1, 0, 0, 0, 0, 0, 0, 0, 0, 0, 33554867, 0, 98307, 0, 150994947, 0, 3084, 0);

INSERT INTO `ace_object` (`baseAceObjectId`, `weenieClassId`, `landblock`, `cell`, `posX`, `posY`, `posZ`, `qW`, `qX`, `qY`, `qZ`)
VALUES (2011181101, 43765, 32259, 1540, 50, -110, 5.937, 1, 0, 0, 0);

INSERT INTO `ace_object_palette_changes` (`baseAceObjectId`, `subPaletteId`, `offset`, `length`)
VALUES (2011181101, 67111849, 8, 2040);

INSERT INTO `base_ace_object` (`baseAceObjectId`, `name`, `typeId`, `paletteId`, `ammoType`, `blipColor`, `bitField`, `burden`, `combatUse`, `cooldownDuration`, `cooldownId`, `effects`, `containersCapacity`, `header`, `hookTypeId`, `iconId`, `iconOverlayId`, `iconUnderlayId`, `hookItemTypes`, `itemsCapacity`, `location`, `materialType`, `maxStackSize`, `maxStructure`, `radar`, `pscript`, `spellId`, `stackSize`, `structure`, `targetTypeId`, `usability`, `useRadius`, `validLocations`, `value`, `workmanship`, `animationFrameId`, `defaultScript`, `defaultScriptIntensity`, `elasticity`, `friction`, `locationId`, `modelTableId`, `objectScale`, `physicsBitField`, `physicsTableId`, `motionTableId`, `soundTableId`, `physicsState`, `translucency`)
VALUES (2011181105, 'Portal', 65536, 67109370, 0, 0, 262164, 0, 0, 0, 0, 0, 0, 8388656, 0, 100667499, 0, 0, 0, 0, 0, 0, 0, 0, 4, 0, 0, 0, 0, 0, 32, -0.1, 0, 0, 0, 0, 0, 0, 0, 0, 0, 33554867, 0, 98307, 0, 150994947, 0, 3084, 0);

INSERT INTO `ace_object` (`baseAceObjectId`, `weenieClassId`, `landblock`, `cell`, `posX`, `posY`, `posZ`, `qW`, `qX`, `qY`, `qZ`)
VALUES (2011181105, 43772, 32259, 1544, 60, -110, 5.937, 1, 0, 0, 0);

INSERT INTO `ace_object_palette_changes` (`baseAceObjectId`, `subPaletteId`, `offset`, `length`)
VALUES (2011181105, 67111849, 8, 2040);

INSERT INTO `base_ace_object` (`baseAceObjectId`, `name`, `typeId`, `paletteId`, `ammoType`, `blipColor`, `bitField`, `burden`, `combatUse`, `cooldownDuration`, `cooldownId`, `effects`, `containersCapacity`, `header`, `hookTypeId`, `iconId`, `iconOverlayId`, `iconUnderlayId`, `hookItemTypes`, `itemsCapacity`, `location`, `materialType`, `maxStackSize`, `maxStructure`, `radar`, `pscript`, `spellId`, `stackSize`, `structure`, `targetTypeId`, `usability`, `useRadius`, `validLocations`, `value`, `workmanship`, `animationFrameId`, `defaultScript`, `defaultScriptIntensity`, `elasticity`, `friction`, `locationId`, `modelTableId`, `objectScale`, `physicsBitField`, `physicsTableId`, `motionTableId`, `soundTableId`, `physicsState`, `translucency`)
VALUES (2011181097, 'Portal', 65536, 67109370, 0, 0, 262164, 0, 0, 0, 0, 0, 0, 8388656, 0, 100667499, 0, 0, 0, 0, 0, 0, 0, 0, 4, 0, 0, 0, 0, 0, 32, -0.1, 0, 0, 0, 0, 0, 0, 0, 0, 0, 33554867, 0, 98307, 0, 150994947, 0, 3084, 0);

INSERT INTO `ace_object` (`baseAceObjectId`, `weenieClassId`, `landblock`, `cell`, `posX`, `posY`, `posZ`, `qW`, `qX`, `qY`, `qZ`)
VALUES (2011181097, 43758, 32259, 1536, 40, -110, 5.937, 1, 0, 0, 0);

INSERT INTO `ace_object_palette_changes` (`baseAceObjectId`, `subPaletteId`, `offset`, `length`)
VALUES (2011181097, 67111849, 8, 2040);

INSERT INTO `base_ace_object` (`baseAceObjectId`, `name`, `typeId`, `paletteId`, `ammoType`, `blipColor`, `bitField`, `burden`, `combatUse`, `cooldownDuration`, `cooldownId`, `effects`, `containersCapacity`, `header`, `hookTypeId`, `iconId`, `iconOverlayId`, `iconUnderlayId`, `hookItemTypes`, `itemsCapacity`, `location`, `materialType`, `maxStackSize`, `maxStructure`, `radar`, `pscript`, `spellId`, `stackSize`, `structure`, `targetTypeId`, `usability`, `useRadius`, `validLocations`, `value`, `workmanship`, `animationFrameId`, `defaultScript`, `defaultScriptIntensity`, `elasticity`, `friction`, `locationId`, `modelTableId`, `objectScale`, `physicsBitField`, `physicsTableId`, `motionTableId`, `soundTableId`, `physicsState`, `translucency`)
VALUES (2011181100, 'Portal', 65536, 67109370, 0, 0, 262164, 0, 0, 0, 0, 0, 0, 8388656, 0, 100667499, 0, 0, 0, 0, 0, 0, 0, 0, 4, 0, 0, 0, 0, 0, 32, -0.1, 0, 0, 0, 0, 0, 0, 0, 0, 0, 33554867, 0, 98307, 0, 150994947, 0, 3084, 0);

INSERT INTO `ace_object` (`baseAceObjectId`, `weenieClassId`, `landblock`, `cell`, `posX`, `posY`, `posZ`, `qW`, `qX`, `qY`, `qZ`)
VALUES (2011181100, 43770, 32259, 1539, 50, -90, 5.937, 1, 0, 0, 0);

INSERT INTO `ace_object_palette_changes` (`baseAceObjectId`, `subPaletteId`, `offset`, `length`)
VALUES (2011181100, 67111849, 8, 2040);

INSERT INTO `base_ace_object` (`baseAceObjectId`, `name`, `typeId`, `paletteId`, `ammoType`, `blipColor`, `bitField`, `burden`, `combatUse`, `cooldownDuration`, `cooldownId`, `effects`, `containersCapacity`, `header`, `hookTypeId`, `iconId`, `iconOverlayId`, `iconUnderlayId`, `hookItemTypes`, `itemsCapacity`, `location`, `materialType`, `maxStackSize`, `maxStructure`, `radar`, `pscript`, `spellId`, `stackSize`, `structure`, `targetTypeId`, `usability`, `useRadius`, `validLocations`, `value`, `workmanship`, `animationFrameId`, `defaultScript`, `defaultScriptIntensity`, `elasticity`, `friction`, `locationId`, `modelTableId`, `objectScale`, `physicsBitField`, `physicsTableId`, `motionTableId`, `soundTableId`, `physicsState`, `translucency`)
VALUES (2011181104, 'Portal', 65536, 67109370, 0, 0, 262164, 0, 0, 0, 0, 0, 0, 8388656, 0, 100667499, 0, 0, 0, 0, 0, 0, 0, 0, 4, 0, 0, 0, 0, 0, 32, -0.1, 0, 0, 0, 0, 0, 0, 0, 0, 0, 33554867, 0, 98307, 0, 150994947, 0, 3084, 0);

INSERT INTO `ace_object` (`baseAceObjectId`, `weenieClassId`, `landblock`, `cell`, `posX`, `posY`, `posZ`, `qW`, `qX`, `qY`, `qZ`)
VALUES (2011181104, 43764, 32259, 1543, 60, -90, 5.937, 1, 0, 0, 0);

INSERT INTO `ace_object_palette_changes` (`baseAceObjectId`, `subPaletteId`, `offset`, `length`)
VALUES (2011181104, 67111849, 8, 2040);

INSERT INTO `base_ace_object` (`baseAceObjectId`, `name`, `typeId`, `paletteId`, `ammoType`, `blipColor`, `bitField`, `burden`, `combatUse`, `cooldownDuration`, `cooldownId`, `effects`, `containersCapacity`, `header`, `hookTypeId`, `iconId`, `iconOverlayId`, `iconUnderlayId`, `hookItemTypes`, `itemsCapacity`, `location`, `materialType`, `maxStackSize`, `maxStructure`, `radar`, `pscript`, `spellId`, `stackSize`, `structure`, `targetTypeId`, `usability`, `useRadius`, `validLocations`, `value`, `workmanship`, `animationFrameId`, `defaultScript`, `defaultScriptIntensity`, `elasticity`, `friction`, `locationId`, `modelTableId`, `objectScale`, `physicsBitField`, `physicsTableId`, `motionTableId`, `soundTableId`, `physicsState`, `translucency`)
VALUES (2011181096, 'Portal', 65536, 67109370, 0, 0, 262164, 0, 0, 0, 0, 0, 0, 8388656, 0, 100667499, 0, 0, 0, 0, 0, 0, 0, 0, 4, 0, 0, 0, 0, 0, 32, -0.1, 0, 0, 0, 0, 0, 0, 0, 0, 0, 33554867, 0, 98307, 0, 150994947, 0, 3084, 0);

INSERT INTO `ace_object` (`baseAceObjectId`, `weenieClassId`, `landblock`, `cell`, `posX`, `posY`, `posZ`, `qW`, `qX`, `qY`, `qZ`)
VALUES (2011181096, 43768, 32259, 1535, 40, -90, 5.937, 1, 0, 0, 0);

INSERT INTO `ace_object_palette_changes` (`baseAceObjectId`, `subPaletteId`, `offset`, `length`)
VALUES (2011181096, 67111849, 8, 2040);

INSERT INTO `base_ace_object` (`baseAceObjectId`, `name`, `typeId`, `paletteId`, `ammoType`, `blipColor`, `bitField`, `burden`, `combatUse`, `cooldownDuration`, `cooldownId`, `effects`, `containersCapacity`, `header`, `hookTypeId`, `iconId`, `iconOverlayId`, `iconUnderlayId`, `hookItemTypes`, `itemsCapacity`, `location`, `materialType`, `maxStackSize`, `maxStructure`, `radar`, `pscript`, `spellId`, `stackSize`, `structure`, `targetTypeId`, `usability`, `useRadius`, `validLocations`, `value`, `workmanship`, `animationFrameId`, `defaultScript`, `defaultScriptIntensity`, `elasticity`, `friction`, `locationId`, `modelTableId`, `objectScale`, `physicsBitField`, `physicsTableId`, `motionTableId`, `soundTableId`, `physicsState`, `translucency`)
VALUES (2011181161, 'Surface Portal', 65536, 67109370, 0, 0, 262164, 0, 0, 0, 0, 0, 0, 8388656, 0, 100667499, 0, 0, 0, 0, 0, 0, 0, 0, 4, 0, 0, 0, 0, 0, 32, -0.1, 0, 0, 0, 0, 0, 0, 0, 0, 0, 33554867, 0, 98307, 0, 150994947, 0, 3084, 0);

INSERT INTO `ace_object` (`baseAceObjectId`, `weenieClassId`, `landblock`, `cell`, `posX`, `posY`, `posZ`, `qW`, `qX`, `qY`, `qZ`)
VALUES (2011181161, 43790, 32259, 2143, 410.147, 2.83377, 5.937, 0.9995011, 0, 0, -0.0315836);

INSERT INTO `ace_object_palette_changes` (`baseAceObjectId`, `subPaletteId`, `offset`, `length`)
VALUES (2011181161, 67111849, 8, 2040);

INSERT INTO `base_ace_object` (`baseAceObjectId`, `name`, `typeId`, `paletteId`, `ammoType`, `blipColor`, `bitField`, `burden`, `combatUse`, `cooldownDuration`, `cooldownId`, `effects`, `containersCapacity`, `header`, `hookTypeId`, `iconId`, `iconOverlayId`, `iconUnderlayId`, `hookItemTypes`, `itemsCapacity`, `location`, `materialType`, `maxStackSize`, `maxStructure`, `radar`, `pscript`, `spellId`, `stackSize`, `structure`, `targetTypeId`, `usability`, `useRadius`, `validLocations`, `value`, `workmanship`, `animationFrameId`, `defaultScript`, `defaultScriptIntensity`, `elasticity`, `friction`, `locationId`, `modelTableId`, `objectScale`, `physicsBitField`, `physicsTableId`, `motionTableId`, `soundTableId`, `physicsState`, `translucency`)
VALUES (1902391296, 'Cave', 65536, 0, 0, 0, 262164, 0, 0, 0, 0, 0, 0, 8388656, 0, 100667499, 0, 0, 0, 0, 0, 0, 0, 0, 4, 0, 0, 0, 0, 0, 32, -0.1, 0, 0, 0, 0, 0, 0, 0, 0, 0, 33554867, 0, 98307, 0, 150994947, 0, 3084, 0);

INSERT INTO `ace_object` (`baseAceObjectId`, `weenieClassId`, `landblock`, `cell`, `posX`, `posY`, `posZ`, `qW`, `qX`, `qY`, `qZ`)
VALUES (1902391296, 2360, 5699, 54, 161.864, 138.439, 23.937, -0.7071068, 0, 0, -0.7071068);

INSERT INTO `base_ace_object` (`baseAceObjectId`, `name`, `typeId`, `paletteId`, `ammoType`, `blipColor`, `bitField`, `burden`, `combatUse`, `cooldownDuration`, `cooldownId`, `effects`, `containersCapacity`, `header`, `hookTypeId`, `iconId`, `iconOverlayId`, `iconUnderlayId`, `hookItemTypes`, `itemsCapacity`, `location`, `materialType`, `maxStackSize`, `maxStructure`, `radar`, `pscript`, `spellId`, `stackSize`, `structure`, `targetTypeId`, `usability`, `useRadius`, `validLocations`, `value`, `workmanship`, `animationFrameId`, `defaultScript`, `defaultScriptIntensity`, `elasticity`, `friction`, `locationId`, `modelTableId`, `objectScale`, `physicsBitField`, `physicsTableId`, `motionTableId`, `soundTableId`, `physicsState`, `translucency`)
VALUES (1880870912, 'Surface Portal', 65536, 0, 0, 0, 262164, 0, 0, 0, 0, 0, 0, 8388656, 0, 100667499, 0, 0, 0, 0, 0, 0, 0, 0, 4, 0, 0, 0, 0, 0, 32, -0.1, 0, 0, 0, 0, 0, 0, 0, 0, 0, 33554867, 0, 98307, 0, 150994947, 0, 3084, 0);

INSERT INTO `ace_object` (`baseAceObjectId`, `weenieClassId`, `landblock`, `cell`, `posX`, `posY`, `posZ`, `qW`, `qX`, `qY`, `qZ`)
VALUES (1880870912, 2361, 445, 256, 10, -70, -0.06299996, 0.7071068, 0, 0, -0.7071068);

INSERT INTO `base_ace_object` (`baseAceObjectId`, `name`, `typeId`, `paletteId`, `ammoType`, `blipColor`, `bitField`, `burden`, `combatUse`, `cooldownDuration`, `cooldownId`, `effects`, `containersCapacity`, `header`, `hookTypeId`, `iconId`, `iconOverlayId`, `iconUnderlayId`, `hookItemTypes`, `itemsCapacity`, `location`, `materialType`, `maxStackSize`, `maxStructure`, `radar`, `pscript`, `spellId`, `stackSize`, `structure`, `targetTypeId`, `usability`, `useRadius`, `validLocations`, `value`, `workmanship`, `animationFrameId`, `defaultScript`, `defaultScriptIntensity`, `elasticity`, `friction`, `locationId`, `modelTableId`, `objectScale`, `physicsBitField`, `physicsTableId`, `motionTableId`, `soundTableId`, `physicsState`, `translucency`)
VALUES (2021671051, 'Surface', 65536, 0, 0, 0, 262164, 0, 0, 0, 0, 0, 0, 8388656, 0, 100667499, 0, 0, 0, 0, 0, 0, 0, 0, 4, 0, 0, 0, 0, 0, 32, -0.1, 0, 0, 0, 0, 0, 0, 0, 0, 0, 33554867, 0, 98307, 0, 150994947, 0, 3084, 0);

INSERT INTO `ace_object` (`baseAceObjectId`, `weenieClassId`, `landblock`, `cell`, `posX`, `posY`, `posZ`, `qW`, `qX`, `qY`, `qZ`)
VALUES (2021671051, 40280, 34820, 1050, 49.9011, -176.357, -0.06299996, 0.9996876, 0, 0, -0.02499711);

INSERT INTO `base_ace_object` (`baseAceObjectId`, `name`, `typeId`, `paletteId`, `ammoType`, `blipColor`, `bitField`, `burden`, `combatUse`, `cooldownDuration`, `cooldownId`, `effects`, `containersCapacity`, `header`, `hookTypeId`, `iconId`, `iconOverlayId`, `iconUnderlayId`, `hookItemTypes`, `itemsCapacity`, `location`, `materialType`, `maxStackSize`, `maxStructure`, `radar`, `pscript`, `spellId`, `stackSize`, `structure`, `targetTypeId`, `usability`, `useRadius`, `validLocations`, `value`, `workmanship`, `animationFrameId`, `defaultScript`, `defaultScriptIntensity`, `elasticity`, `friction`, `locationId`, `modelTableId`, `objectScale`, `physicsBitField`, `physicsTableId`, `motionTableId`, `soundTableId`, `physicsState`, `translucency`)
VALUES (2021671042, 'Destroyed Portal to Xarabydun', 65536, 0, 0, 0, 262164, 0, 0, 0, 0, 0, 0, 48, 0, 100667499, 0, 0, 0, 0, 0, 0, 0, 0, 0, 0, 0, 0, 0, 0, 1, -0.1, 0, 0, 0, 0, 0, 0, 0, 0, 0, 33561060, 0, 98307, 0, 150995314, 0, 3092, 0);

INSERT INTO `ace_object` (`baseAceObjectId`, `weenieClassId`, `landblock`, `cell`, `posX`, `posY`, `posZ`, `qW`, `qX`, `qY`, `qZ`)
VALUES (2021671042, 26640, 34820, 991, 30, -176.421, -0.20983, 1, 0, 0, -4.37114E-08);

INSERT INTO `base_ace_object` (`baseAceObjectId`, `name`, `typeId`, `paletteId`, `ammoType`, `blipColor`, `bitField`, `burden`, `combatUse`, `cooldownDuration`, `cooldownId`, `effects`, `containersCapacity`, `header`, `hookTypeId`, `iconId`, `iconOverlayId`, `iconUnderlayId`, `hookItemTypes`, `itemsCapacity`, `location`, `materialType`, `maxStackSize`, `maxStructure`, `radar`, `pscript`, `spellId`, `stackSize`, `structure`, `targetTypeId`, `usability`, `useRadius`, `validLocations`, `value`, `workmanship`, `animationFrameId`, `defaultScript`, `defaultScriptIntensity`, `elasticity`, `friction`, `locationId`, `modelTableId`, `objectScale`, `physicsBitField`, `physicsTableId`, `motionTableId`, `soundTableId`, `physicsState`, `translucency`)
VALUES (2880902566, 'Direlands Southwest Shore Portal', 65536, 0, 0, 0, 262164, 0, 0, 0, 0, 0, 0, 8388656, 0, 100667499, 0, 0, 0, 0, 0, 0, 0, 0, 4, 0, 0, 0, 0, 0, 32, -0.1, 0, 0, 0, 0, 0, 0, 0, 0, 0, 33555926, 0, 98307, 0, 150994947, 0, 3084, 0);

INSERT INTO `ace_object` (`baseAceObjectId`, `weenieClassId`, `landblock`, `cell`, `posX`, `posY`, `posZ`, `qW`, `qX`, `qY`, `qZ`)
VALUES (2880902566, 8384, 38178, 44, 130.788, 88.41296, 115.1825, 0.9537169, 0, 0, -0.3007058);

INSERT INTO `base_ace_object` (`baseAceObjectId`, `name`, `typeId`, `paletteId`, `ammoType`, `blipColor`, `bitField`, `burden`, `combatUse`, `cooldownDuration`, `cooldownId`, `effects`, `containersCapacity`, `header`, `hookTypeId`, `iconId`, `iconOverlayId`, `iconUnderlayId`, `hookItemTypes`, `itemsCapacity`, `location`, `materialType`, `maxStackSize`, `maxStructure`, `radar`, `pscript`, `spellId`, `stackSize`, `structure`, `targetTypeId`, `usability`, `useRadius`, `validLocations`, `value`, `workmanship`, `animationFrameId`, `defaultScript`, `defaultScriptIntensity`, `elasticity`, `friction`, `locationId`, `modelTableId`, `objectScale`, `physicsBitField`, `physicsTableId`, `motionTableId`, `soundTableId`, `physicsState`, `translucency`)
VALUES (2447285179, 'The Colosseum', 65536, 0, 0, 0, 262164, 0, 0, 0, 0, 0, 0, 8388656, 0, 100677070, 0, 0, 0, 0, 0, 0, 0, 0, 4, 0, 0, 0, 0, 0, 32, 0.3, 0, 0, 0, 0, 0, 0, 0, 0, 0, 33560143, 0, 32769, 0, 0, 0, 66576, 0);

INSERT INTO `ace_object` (`baseAceObjectId`, `weenieClassId`, `landblock`, `cell`, `posX`, `posY`, `posZ`, `qW`, `qX`, `qY`, `qZ`)
VALUES (2447285179, 35003, 182, 292, 220, -16, -12, 1, 0, 0, 0);

INSERT INTO `base_ace_object` (`baseAceObjectId`, `name`, `typeId`, `paletteId`, `ammoType`, `blipColor`, `bitField`, `burden`, `combatUse`, `cooldownDuration`, `cooldownId`, `effects`, `containersCapacity`, `header`, `hookTypeId`, `iconId`, `iconOverlayId`, `iconUnderlayId`, `hookItemTypes`, `itemsCapacity`, `location`, `materialType`, `maxStackSize`, `maxStructure`, `radar`, `pscript`, `spellId`, `stackSize`, `structure`, `targetTypeId`, `usability`, `useRadius`, `validLocations`, `value`, `workmanship`, `animationFrameId`, `defaultScript`, `defaultScriptIntensity`, `elasticity`, `friction`, `locationId`, `modelTableId`, `objectScale`, `physicsBitField`, `physicsTableId`, `motionTableId`, `soundTableId`, `physicsState`, `translucency`)
VALUES (2447285184, 'The Colosseum', 65536, 0, 0, 0, 262164, 0, 0, 0, 0, 0, 0, 8388656, 0, 100677070, 0, 0, 0, 0, 0, 0, 0, 0, 4, 0, 0, 0, 0, 0, 32, 0.3, 0, 0, 0, 0, 0, 0, 0, 0, 0, 33560143, 0, 32769, 0, 0, 0, 66576, 0);

INSERT INTO `ace_object` (`baseAceObjectId`, `weenieClassId`, `landblock`, `cell`, `posX`, `posY`, `posZ`, `qW`, `qX`, `qY`, `qZ`)
VALUES (2447285184, 35003, 182, 268, 30, -166, -12, 1, 0, 0, 0);

INSERT INTO `base_ace_object` (`baseAceObjectId`, `name`, `typeId`, `paletteId`, `ammoType`, `blipColor`, `bitField`, `burden`, `combatUse`, `cooldownDuration`, `cooldownId`, `effects`, `containersCapacity`, `header`, `hookTypeId`, `iconId`, `iconOverlayId`, `iconUnderlayId`, `hookItemTypes`, `itemsCapacity`, `location`, `materialType`, `maxStackSize`, `maxStructure`, `radar`, `pscript`, `spellId`, `stackSize`, `structure`, `targetTypeId`, `usability`, `useRadius`, `validLocations`, `value`, `workmanship`, `animationFrameId`, `defaultScript`, `defaultScriptIntensity`, `elasticity`, `friction`, `locationId`, `modelTableId`, `objectScale`, `physicsBitField`, `physicsTableId`, `motionTableId`, `soundTableId`, `physicsState`, `translucency`)
VALUES (2447292564, 'Arena 7', 65536, 0, 0, 0, 262164, 0, 0, 0, 0, 0, 0, 8388656, 0, 100677070, 0, 0, 0, 0, 0, 0, 0, 0, 4, 0, 0, 0, 0, 0, 32, 0.3, 0, 0, 0, 0, 0, 0, 0, 0, 0, 33560143, 0, 32769, 0, 0, 0, 66576, 0);

INSERT INTO `ace_object` (`baseAceObjectId`, `weenieClassId`, `landblock`, `cell`, `posX`, `posY`, `posZ`, `qW`, `qX`, `qY`, `qZ`)
VALUES (2447292564, 34522, 176, 346, 30, -1096, 0, 1, 0, 0, 0);

INSERT INTO `base_ace_object` (`baseAceObjectId`, `name`, `typeId`, `paletteId`, `ammoType`, `blipColor`, `bitField`, `burden`, `combatUse`, `cooldownDuration`, `cooldownId`, `effects`, `containersCapacity`, `header`, `hookTypeId`, `iconId`, `iconOverlayId`, `iconUnderlayId`, `hookItemTypes`, `itemsCapacity`, `location`, `materialType`, `maxStackSize`, `maxStructure`, `radar`, `pscript`, `spellId`, `stackSize`, `structure`, `targetTypeId`, `usability`, `useRadius`, `validLocations`, `value`, `workmanship`, `animationFrameId`, `defaultScript`, `defaultScriptIntensity`, `elasticity`, `friction`, `locationId`, `modelTableId`, `objectScale`, `physicsBitField`, `physicsTableId`, `motionTableId`, `soundTableId`, `physicsState`, `translucency`)
VALUES (2447292184, 'Arena 8', 65536, 0, 0, 0, 262164, 0, 0, 0, 0, 0, 0, 8388656, 0, 100677070, 0, 0, 0, 0, 0, 0, 0, 0, 4, 0, 0, 0, 0, 0, 32, 0.3, 0, 0, 0, 0, 0, 0, 0, 0, 0, 33560143, 0, 32769, 0, 0, 0, 66576, 0);

INSERT INTO `ace_object` (`baseAceObjectId`, `weenieClassId`, `landblock`, `cell`, `posX`, `posY`, `posZ`, `qW`, `qX`, `qY`, `qZ`)
VALUES (2447292184, 34523, 176, 343, 30, -1006, 0, 1, 0, 0, 0);

INSERT INTO `base_ace_object` (`baseAceObjectId`, `name`, `typeId`, `paletteId`, `ammoType`, `blipColor`, `bitField`, `burden`, `combatUse`, `cooldownDuration`, `cooldownId`, `effects`, `containersCapacity`, `header`, `hookTypeId`, `iconId`, `iconOverlayId`, `iconUnderlayId`, `hookItemTypes`, `itemsCapacity`, `location`, `materialType`, `maxStackSize`, `maxStructure`, `radar`, `pscript`, `spellId`, `stackSize`, `structure`, `targetTypeId`, `usability`, `useRadius`, `validLocations`, `value`, `workmanship`, `animationFrameId`, `defaultScript`, `defaultScriptIntensity`, `elasticity`, `friction`, `locationId`, `modelTableId`, `objectScale`, `physicsBitField`, `physicsTableId`, `motionTableId`, `soundTableId`, `physicsState`, `translucency`)
VALUES (2447684040, 'Arena 9', 65536, 0, 0, 0, 262164, 0, 0, 0, 0, 0, 0, 8388656, 0, 100677070, 0, 0, 0, 0, 0, 0, 0, 0, 4, 0, 0, 0, 0, 0, 32, 0.3, 0, 0, 0, 0, 0, 0, 0, 0, 0, 33560143, 0, 32769, 0, 0, 0, 66576, 0);

INSERT INTO `ace_object` (`baseAceObjectId`, `weenieClassId`, `landblock`, `cell`, `posX`, `posY`, `posZ`, `qW`, `qX`, `qY`, `qZ`)
VALUES (2447684040, 34524, 176, 340, 30, -916, 0, 1, 0, 0, 0);

INSERT INTO `base_ace_object` (`baseAceObjectId`, `name`, `typeId`, `paletteId`, `ammoType`, `blipColor`, `bitField`, `burden`, `combatUse`, `cooldownDuration`, `cooldownId`, `effects`, `containersCapacity`, `header`, `hookTypeId`, `iconId`, `iconOverlayId`, `iconUnderlayId`, `hookItemTypes`, `itemsCapacity`, `location`, `materialType`, `maxStackSize`, `maxStructure`, `radar`, `pscript`, `spellId`, `stackSize`, `structure`, `targetTypeId`, `usability`, `useRadius`, `validLocations`, `value`, `workmanship`, `animationFrameId`, `defaultScript`, `defaultScriptIntensity`, `elasticity`, `friction`, `locationId`, `modelTableId`, `objectScale`, `physicsBitField`, `physicsTableId`, `motionTableId`, `soundTableId`, `physicsState`, `translucency`)
VALUES (2447684286, 'Arena 10', 65536, 0, 0, 0, 262164, 0, 0, 0, 0, 0, 0, 8388656, 0, 100677070, 0, 0, 0, 0, 0, 0, 0, 0, 4, 0, 0, 0, 0, 0, 32, 0.3, 0, 0, 0, 0, 0, 0, 0, 0, 0, 33560143, 0, 32769, 0, 0, 0, 66576, 0);

INSERT INTO `ace_object` (`baseAceObjectId`, `weenieClassId`, `landblock`, `cell`, `posX`, `posY`, `posZ`, `qW`, `qX`, `qY`, `qZ`)
VALUES (2447684286, 34525, 176, 337, 30, -826, 0, 1, 0, 0, 0);

INSERT INTO `base_ace_object` (`baseAceObjectId`, `name`, `typeId`, `paletteId`, `ammoType`, `blipColor`, `bitField`, `burden`, `combatUse`, `cooldownDuration`, `cooldownId`, `effects`, `containersCapacity`, `header`, `hookTypeId`, `iconId`, `iconOverlayId`, `iconUnderlayId`, `hookItemTypes`, `itemsCapacity`, `location`, `materialType`, `maxStackSize`, `maxStructure`, `radar`, `pscript`, `spellId`, `stackSize`, `structure`, `targetTypeId`, `usability`, `useRadius`, `validLocations`, `value`, `workmanship`, `animationFrameId`, `defaultScript`, `defaultScriptIntensity`, `elasticity`, `friction`, `locationId`, `modelTableId`, `objectScale`, `physicsBitField`, `physicsTableId`, `motionTableId`, `soundTableId`, `physicsState`, `translucency`)
VALUES (2447684487, 'Arena 11', 65536, 0, 0, 0, 262164, 0, 0, 0, 0, 0, 0, 8388656, 0, 100677070, 0, 0, 0, 0, 0, 0, 0, 0, 4, 0, 0, 0, 0, 0, 32, 0.3, 0, 0, 0, 0, 0, 0, 0, 0, 0, 33560143, 0, 32769, 0, 0, 0, 66576, 0);

INSERT INTO `ace_object` (`baseAceObjectId`, `weenieClassId`, `landblock`, `cell`, `posX`, `posY`, `posZ`, `qW`, `qX`, `qY`, `qZ`)
VALUES (2447684487, 34526, 176, 334, 30, -736, 0, 1, 0, 0, 0);

INSERT INTO `base_ace_object` (`baseAceObjectId`, `name`, `typeId`, `paletteId`, `ammoType`, `blipColor`, `bitField`, `burden`, `combatUse`, `cooldownDuration`, `cooldownId`, `effects`, `containersCapacity`, `header`, `hookTypeId`, `iconId`, `iconOverlayId`, `iconUnderlayId`, `hookItemTypes`, `itemsCapacity`, `location`, `materialType`, `maxStackSize`, `maxStructure`, `radar`, `pscript`, `spellId`, `stackSize`, `structure`, `targetTypeId`, `usability`, `useRadius`, `validLocations`, `value`, `workmanship`, `animationFrameId`, `defaultScript`, `defaultScriptIntensity`, `elasticity`, `friction`, `locationId`, `modelTableId`, `objectScale`, `physicsBitField`, `physicsTableId`, `motionTableId`, `soundTableId`, `physicsState`, `translucency`)
VALUES (2447291189, 'Arena 12', 65536, 0, 0, 0, 262164, 0, 0, 0, 0, 0, 0, 8388656, 0, 100677070, 0, 0, 0, 0, 0, 0, 0, 0, 4, 0, 0, 0, 0, 0, 32, 0.3, 0, 0, 0, 0, 0, 0, 0, 0, 0, 33560143, 0, 32769, 0, 0, 0, 66576, 0);

INSERT INTO `ace_object` (`baseAceObjectId`, `weenieClassId`, `landblock`, `cell`, `posX`, `posY`, `posZ`, `qW`, `qX`, `qY`, `qZ`)
VALUES (2447291189, 34527, 176, 331, 30, -646, 0, 1, 0, 0, 0);

INSERT INTO `base_ace_object` (`baseAceObjectId`, `name`, `typeId`, `paletteId`, `ammoType`, `blipColor`, `bitField`, `burden`, `combatUse`, `cooldownDuration`, `cooldownId`, `effects`, `containersCapacity`, `header`, `hookTypeId`, `iconId`, `iconOverlayId`, `iconUnderlayId`, `hookItemTypes`, `itemsCapacity`, `location`, `materialType`, `maxStackSize`, `maxStructure`, `radar`, `pscript`, `spellId`, `stackSize`, `structure`, `targetTypeId`, `usability`, `useRadius`, `validLocations`, `value`, `workmanship`, `animationFrameId`, `defaultScript`, `defaultScriptIntensity`, `elasticity`, `friction`, `locationId`, `modelTableId`, `objectScale`, `physicsBitField`, `physicsTableId`, `motionTableId`, `soundTableId`, `physicsState`, `translucency`)
VALUES (2447653167, 'Arena 13', 65536, 0, 0, 0, 262164, 0, 0, 0, 0, 0, 0, 8388656, 0, 100677070, 0, 0, 0, 0, 0, 0, 0, 0, 4, 0, 0, 0, 0, 0, 32, 0.3, 0, 0, 0, 0, 0, 0, 0, 0, 0, 33560143, 0, 32769, 0, 0, 0, 66576, 0);

INSERT INTO `ace_object` (`baseAceObjectId`, `weenieClassId`, `landblock`, `cell`, `posX`, `posY`, `posZ`, `qW`, `qX`, `qY`, `qZ`)
VALUES (2447653167, 34528, 176, 328, 30, -556, 0, 1, 0, 0, 0);

INSERT INTO `base_ace_object` (`baseAceObjectId`, `name`, `typeId`, `paletteId`, `ammoType`, `blipColor`, `bitField`, `burden`, `combatUse`, `cooldownDuration`, `cooldownId`, `effects`, `containersCapacity`, `header`, `hookTypeId`, `iconId`, `iconOverlayId`, `iconUnderlayId`, `hookItemTypes`, `itemsCapacity`, `location`, `materialType`, `maxStackSize`, `maxStructure`, `radar`, `pscript`, `spellId`, `stackSize`, `structure`, `targetTypeId`, `usability`, `useRadius`, `validLocations`, `value`, `workmanship`, `animationFrameId`, `defaultScript`, `defaultScriptIntensity`, `elasticity`, `friction`, `locationId`, `modelTableId`, `objectScale`, `physicsBitField`, `physicsTableId`, `motionTableId`, `soundTableId`, `physicsState`, `translucency`)
VALUES (2447685227, 'Arena 14', 65536, 0, 0, 0, 262164, 0, 0, 0, 0, 0, 0, 8388656, 0, 100677070, 0, 0, 0, 0, 0, 0, 0, 0, 4, 0, 0, 0, 0, 0, 32, 0.3, 0, 0, 0, 0, 0, 0, 0, 0, 0, 33560143, 0, 32769, 0, 0, 0, 66576, 0);

INSERT INTO `ace_object` (`baseAceObjectId`, `weenieClassId`, `landblock`, `cell`, `posX`, `posY`, `posZ`, `qW`, `qX`, `qY`, `qZ`)
VALUES (2447685227, 34529, 176, 325, 30, -466, 0, 1, 0, 0, 0);

INSERT INTO `base_ace_object` (`baseAceObjectId`, `name`, `typeId`, `paletteId`, `ammoType`, `blipColor`, `bitField`, `burden`, `combatUse`, `cooldownDuration`, `cooldownId`, `effects`, `containersCapacity`, `header`, `hookTypeId`, `iconId`, `iconOverlayId`, `iconUnderlayId`, `hookItemTypes`, `itemsCapacity`, `location`, `materialType`, `maxStackSize`, `maxStructure`, `radar`, `pscript`, `spellId`, `stackSize`, `structure`, `targetTypeId`, `usability`, `useRadius`, `validLocations`, `value`, `workmanship`, `animationFrameId`, `defaultScript`, `defaultScriptIntensity`, `elasticity`, `friction`, `locationId`, `modelTableId`, `objectScale`, `physicsBitField`, `physicsTableId`, `motionTableId`, `soundTableId`, `physicsState`, `translucency`)
VALUES (2447686416, 'Arena 15', 65536, 0, 0, 0, 262164, 0, 0, 0, 0, 0, 0, 8388656, 0, 100677070, 0, 0, 0, 0, 0, 0, 0, 0, 4, 0, 0, 0, 0, 0, 32, 0.3, 0, 0, 0, 0, 0, 0, 0, 0, 0, 33560143, 0, 32769, 0, 0, 0, 66576, 0);

INSERT INTO `ace_object` (`baseAceObjectId`, `weenieClassId`, `landblock`, `cell`, `posX`, `posY`, `posZ`, `qW`, `qX`, `qY`, `qZ`)
VALUES (2447686416, 34530, 176, 322, 30, -376, 0, 1, 0, 0, 0);

INSERT INTO `base_ace_object` (`baseAceObjectId`, `name`, `typeId`, `paletteId`, `ammoType`, `blipColor`, `bitField`, `burden`, `combatUse`, `cooldownDuration`, `cooldownId`, `effects`, `containersCapacity`, `header`, `hookTypeId`, `iconId`, `iconOverlayId`, `iconUnderlayId`, `hookItemTypes`, `itemsCapacity`, `location`, `materialType`, `maxStackSize`, `maxStructure`, `radar`, `pscript`, `spellId`, `stackSize`, `structure`, `targetTypeId`, `usability`, `useRadius`, `validLocations`, `value`, `workmanship`, `animationFrameId`, `defaultScript`, `defaultScriptIntensity`, `elasticity`, `friction`, `locationId`, `modelTableId`, `objectScale`, `physicsBitField`, `physicsTableId`, `motionTableId`, `soundTableId`, `physicsState`, `translucency`)
VALUES (2447687075, 'Arena 16', 65536, 0, 0, 0, 262164, 0, 0, 0, 0, 0, 0, 8388656, 0, 100677070, 0, 0, 0, 0, 0, 0, 0, 0, 4, 0, 0, 0, 0, 0, 32, 0.3, 0, 0, 0, 0, 0, 0, 0, 0, 0, 33560143, 0, 32769, 0, 0, 0, 66576, 0);

INSERT INTO `ace_object` (`baseAceObjectId`, `weenieClassId`, `landblock`, `cell`, `posX`, `posY`, `posZ`, `qW`, `qX`, `qY`, `qZ`)
VALUES (2447687075, 34531, 176, 319, 30, -286, 0, 1, 0, 0, 0);

INSERT INTO `base_ace_object` (`baseAceObjectId`, `name`, `typeId`, `paletteId`, `ammoType`, `blipColor`, `bitField`, `burden`, `combatUse`, `cooldownDuration`, `cooldownId`, `effects`, `containersCapacity`, `header`, `hookTypeId`, `iconId`, `iconOverlayId`, `iconUnderlayId`, `hookItemTypes`, `itemsCapacity`, `location`, `materialType`, `maxStackSize`, `maxStructure`, `radar`, `pscript`, `spellId`, `stackSize`, `structure`, `targetTypeId`, `usability`, `useRadius`, `validLocations`, `value`, `workmanship`, `animationFrameId`, `defaultScript`, `defaultScriptIntensity`, `elasticity`, `friction`, `locationId`, `modelTableId`, `objectScale`, `physicsBitField`, `physicsTableId`, `motionTableId`, `soundTableId`, `physicsState`, `translucency`)
VALUES (2447688039, 'Arena 17', 65536, 0, 0, 0, 262164, 0, 0, 0, 0, 0, 0, 8388656, 0, 100677070, 0, 0, 0, 0, 0, 0, 0, 0, 4, 0, 0, 0, 0, 0, 32, 0.3, 0, 0, 0, 0, 0, 0, 0, 0, 0, 33560143, 0, 32769, 0, 0, 0, 66576, 0);

INSERT INTO `ace_object` (`baseAceObjectId`, `weenieClassId`, `landblock`, `cell`, `posX`, `posY`, `posZ`, `qW`, `qX`, `qY`, `qZ`)
VALUES (2447688039, 34532, 176, 316, 30, -196, 0, 1, 0, 0, 0);

INSERT INTO `base_ace_object` (`baseAceObjectId`, `name`, `typeId`, `paletteId`, `ammoType`, `blipColor`, `bitField`, `burden`, `combatUse`, `cooldownDuration`, `cooldownId`, `effects`, `containersCapacity`, `header`, `hookTypeId`, `iconId`, `iconOverlayId`, `iconUnderlayId`, `hookItemTypes`, `itemsCapacity`, `location`, `materialType`, `maxStackSize`, `maxStructure`, `radar`, `pscript`, `spellId`, `stackSize`, `structure`, `targetTypeId`, `usability`, `useRadius`, `validLocations`, `value`, `workmanship`, `animationFrameId`, `defaultScript`, `defaultScriptIntensity`, `elasticity`, `friction`, `locationId`, `modelTableId`, `objectScale`, `physicsBitField`, `physicsTableId`, `motionTableId`, `soundTableId`, `physicsState`, `translucency`)
VALUES (2447688789, 'Arena 18', 65536, 0, 0, 0, 262164, 0, 0, 0, 0, 0, 0, 8388656, 0, 100677070, 0, 0, 0, 0, 0, 0, 0, 0, 4, 0, 0, 0, 0, 0, 32, 0.3, 0, 0, 0, 0, 0, 0, 0, 0, 0, 33560143, 0, 32769, 0, 0, 0, 66576, 0);

INSERT INTO `ace_object` (`baseAceObjectId`, `weenieClassId`, `landblock`, `cell`, `posX`, `posY`, `posZ`, `qW`, `qX`, `qY`, `qZ`)
VALUES (2447688789, 34533, 176, 313, 30, -106, 0, 1, 0, 0, 0);

INSERT INTO `base_ace_object` (`baseAceObjectId`, `name`, `typeId`, `paletteId`, `ammoType`, `blipColor`, `bitField`, `burden`, `combatUse`, `cooldownDuration`, `cooldownId`, `effects`, `containersCapacity`, `header`, `hookTypeId`, `iconId`, `iconOverlayId`, `iconUnderlayId`, `hookItemTypes`, `itemsCapacity`, `location`, `materialType`, `maxStackSize`, `maxStructure`, `radar`, `pscript`, `spellId`, `stackSize`, `structure`, `targetTypeId`, `usability`, `useRadius`, `validLocations`, `value`, `workmanship`, `animationFrameId`, `defaultScript`, `defaultScriptIntensity`, `elasticity`, `friction`, `locationId`, `modelTableId`, `objectScale`, `physicsBitField`, `physicsTableId`, `motionTableId`, `soundTableId`, `physicsState`, `translucency`)
VALUES (2447689442, 'Arena 9', 65536, 0, 0, 0, 262164, 0, 0, 0, 0, 0, 0, 8388656, 0, 100677070, 0, 0, 0, 0, 0, 0, 0, 0, 4, 0, 0, 0, 0, 0, 32, 0.3, 0, 0, 0, 0, 0, 0, 0, 0, 0, 33560143, 0, 32769, 0, 0, 0, 66576, 0);

INSERT INTO `ace_object` (`baseAceObjectId`, `weenieClassId`, `landblock`, `cell`, `posX`, `posY`, `posZ`, `qW`, `qX`, `qY`, `qZ`)
VALUES (2447689442, 34524, 177, 340, 30, -916, 0, 1, 0, 0, 0);

INSERT INTO `base_ace_object` (`baseAceObjectId`, `name`, `typeId`, `paletteId`, `ammoType`, `blipColor`, `bitField`, `burden`, `combatUse`, `cooldownDuration`, `cooldownId`, `effects`, `containersCapacity`, `header`, `hookTypeId`, `iconId`, `iconOverlayId`, `iconUnderlayId`, `hookItemTypes`, `itemsCapacity`, `location`, `materialType`, `maxStackSize`, `maxStructure`, `radar`, `pscript`, `spellId`, `stackSize`, `structure`, `targetTypeId`, `usability`, `useRadius`, `validLocations`, `value`, `workmanship`, `animationFrameId`, `defaultScript`, `defaultScriptIntensity`, `elasticity`, `friction`, `locationId`, `modelTableId`, `objectScale`, `physicsBitField`, `physicsTableId`, `motionTableId`, `soundTableId`, `physicsState`, `translucency`)
VALUES (2447291778, 'Arena 10', 65536, 0, 0, 0, 262164, 0, 0, 0, 0, 0, 0, 8388656, 0, 100677070, 0, 0, 0, 0, 0, 0, 0, 0, 4, 0, 0, 0, 0, 0, 32, 0.3, 0, 0, 0, 0, 0, 0, 0, 0, 0, 33560143, 0, 32769, 0, 0, 0, 66576, 0);

INSERT INTO `ace_object` (`baseAceObjectId`, `weenieClassId`, `landblock`, `cell`, `posX`, `posY`, `posZ`, `qW`, `qX`, `qY`, `qZ`)
VALUES (2447291778, 34525, 177, 337, 30, -826, 0, 1, 0, 0, 0);

INSERT INTO `base_ace_object` (`baseAceObjectId`, `name`, `typeId`, `paletteId`, `ammoType`, `blipColor`, `bitField`, `burden`, `combatUse`, `cooldownDuration`, `cooldownId`, `effects`, `containersCapacity`, `header`, `hookTypeId`, `iconId`, `iconOverlayId`, `iconUnderlayId`, `hookItemTypes`, `itemsCapacity`, `location`, `materialType`, `maxStackSize`, `maxStructure`, `radar`, `pscript`, `spellId`, `stackSize`, `structure`, `targetTypeId`, `usability`, `useRadius`, `validLocations`, `value`, `workmanship`, `animationFrameId`, `defaultScript`, `defaultScriptIntensity`, `elasticity`, `friction`, `locationId`, `modelTableId`, `objectScale`, `physicsBitField`, `physicsTableId`, `motionTableId`, `soundTableId`, `physicsState`, `translucency`)
VALUES (2447290273, 'Arena 11', 65536, 0, 0, 0, 262164, 0, 0, 0, 0, 0, 0, 8388656, 0, 100677070, 0, 0, 0, 0, 0, 0, 0, 0, 4, 0, 0, 0, 0, 0, 32, 0.3, 0, 0, 0, 0, 0, 0, 0, 0, 0, 33560143, 0, 32769, 0, 0, 0, 66576, 0);

INSERT INTO `ace_object` (`baseAceObjectId`, `weenieClassId`, `landblock`, `cell`, `posX`, `posY`, `posZ`, `qW`, `qX`, `qY`, `qZ`)
VALUES (2447290273, 34526, 177, 334, 30, -736, 0, 1, 0, 0, 0);

INSERT INTO `base_ace_object` (`baseAceObjectId`, `name`, `typeId`, `paletteId`, `ammoType`, `blipColor`, `bitField`, `burden`, `combatUse`, `cooldownDuration`, `cooldownId`, `effects`, `containersCapacity`, `header`, `hookTypeId`, `iconId`, `iconOverlayId`, `iconUnderlayId`, `hookItemTypes`, `itemsCapacity`, `location`, `materialType`, `maxStackSize`, `maxStructure`, `radar`, `pscript`, `spellId`, `stackSize`, `structure`, `targetTypeId`, `usability`, `useRadius`, `validLocations`, `value`, `workmanship`, `animationFrameId`, `defaultScript`, `defaultScriptIntensity`, `elasticity`, `friction`, `locationId`, `modelTableId`, `objectScale`, `physicsBitField`, `physicsTableId`, `motionTableId`, `soundTableId`, `physicsState`, `translucency`)
VALUES (2447291716, 'Arena 12', 65536, 0, 0, 0, 262164, 0, 0, 0, 0, 0, 0, 8388656, 0, 100677070, 0, 0, 0, 0, 0, 0, 0, 0, 4, 0, 0, 0, 0, 0, 32, 0.3, 0, 0, 0, 0, 0, 0, 0, 0, 0, 33560143, 0, 32769, 0, 0, 0, 66576, 0);

INSERT INTO `ace_object` (`baseAceObjectId`, `weenieClassId`, `landblock`, `cell`, `posX`, `posY`, `posZ`, `qW`, `qX`, `qY`, `qZ`)
VALUES (2447291716, 34527, 177, 331, 30, -646, 0, 1, 0, 0, 0);

INSERT INTO `base_ace_object` (`baseAceObjectId`, `name`, `typeId`, `paletteId`, `ammoType`, `blipColor`, `bitField`, `burden`, `combatUse`, `cooldownDuration`, `cooldownId`, `effects`, `containersCapacity`, `header`, `hookTypeId`, `iconId`, `iconOverlayId`, `iconUnderlayId`, `hookItemTypes`, `itemsCapacity`, `location`, `materialType`, `maxStackSize`, `maxStructure`, `radar`, `pscript`, `spellId`, `stackSize`, `structure`, `targetTypeId`, `usability`, `useRadius`, `validLocations`, `value`, `workmanship`, `animationFrameId`, `defaultScript`, `defaultScriptIntensity`, `elasticity`, `friction`, `locationId`, `modelTableId`, `objectScale`, `physicsBitField`, `physicsTableId`, `motionTableId`, `soundTableId`, `physicsState`, `translucency`)
VALUES (2447291153, 'Arena 13', 65536, 0, 0, 0, 262164, 0, 0, 0, 0, 0, 0, 8388656, 0, 100677070, 0, 0, 0, 0, 0, 0, 0, 0, 4, 0, 0, 0, 0, 0, 32, 0.3, 0, 0, 0, 0, 0, 0, 0, 0, 0, 33560143, 0, 32769, 0, 0, 0, 66576, 0);

INSERT INTO `ace_object` (`baseAceObjectId`, `weenieClassId`, `landblock`, `cell`, `posX`, `posY`, `posZ`, `qW`, `qX`, `qY`, `qZ`)
VALUES (2447291153, 34528, 177, 328, 30, -556, 0, 1, 0, 0, 0);

INSERT INTO `base_ace_object` (`baseAceObjectId`, `name`, `typeId`, `paletteId`, `ammoType`, `blipColor`, `bitField`, `burden`, `combatUse`, `cooldownDuration`, `cooldownId`, `effects`, `containersCapacity`, `header`, `hookTypeId`, `iconId`, `iconOverlayId`, `iconUnderlayId`, `hookItemTypes`, `itemsCapacity`, `location`, `materialType`, `maxStackSize`, `maxStructure`, `radar`, `pscript`, `spellId`, `stackSize`, `structure`, `targetTypeId`, `usability`, `useRadius`, `validLocations`, `value`, `workmanship`, `animationFrameId`, `defaultScript`, `defaultScriptIntensity`, `elasticity`, `friction`, `locationId`, `modelTableId`, `objectScale`, `physicsBitField`, `physicsTableId`, `motionTableId`, `soundTableId`, `physicsState`, `translucency`)
VALUES (2447381691, 'Arena 14', 65536, 0, 0, 0, 262164, 0, 0, 0, 0, 0, 0, 8388656, 0, 100677070, 0, 0, 0, 0, 0, 0, 0, 0, 4, 0, 0, 0, 0, 0, 32, 0.3, 0, 0, 0, 0, 0, 0, 0, 0, 0, 33560143, 0, 32769, 0, 0, 0, 66576, 0);

INSERT INTO `ace_object` (`baseAceObjectId`, `weenieClassId`, `landblock`, `cell`, `posX`, `posY`, `posZ`, `qW`, `qX`, `qY`, `qZ`)
VALUES (2447381691, 34529, 177, 325, 30, -466, 0, 1, 0, 0, 0);

INSERT INTO `base_ace_object` (`baseAceObjectId`, `name`, `typeId`, `paletteId`, `ammoType`, `blipColor`, `bitField`, `burden`, `combatUse`, `cooldownDuration`, `cooldownId`, `effects`, `containersCapacity`, `header`, `hookTypeId`, `iconId`, `iconOverlayId`, `iconUnderlayId`, `hookItemTypes`, `itemsCapacity`, `location`, `materialType`, `maxStackSize`, `maxStructure`, `radar`, `pscript`, `spellId`, `stackSize`, `structure`, `targetTypeId`, `usability`, `useRadius`, `validLocations`, `value`, `workmanship`, `animationFrameId`, `defaultScript`, `defaultScriptIntensity`, `elasticity`, `friction`, `locationId`, `modelTableId`, `objectScale`, `physicsBitField`, `physicsTableId`, `motionTableId`, `soundTableId`, `physicsState`, `translucency`)
VALUES (2447291445, 'Arena 15', 65536, 0, 0, 0, 262164, 0, 0, 0, 0, 0, 0, 8388656, 0, 100677070, 0, 0, 0, 0, 0, 0, 0, 0, 4, 0, 0, 0, 0, 0, 32, 0.3, 0, 0, 0, 0, 0, 0, 0, 0, 0, 33560143, 0, 32769, 0, 0, 0, 66576, 0);

INSERT INTO `ace_object` (`baseAceObjectId`, `weenieClassId`, `landblock`, `cell`, `posX`, `posY`, `posZ`, `qW`, `qX`, `qY`, `qZ`)
VALUES (2447291445, 34530, 177, 322, 30, -376, 0, 1, 0, 0, 0);

INSERT INTO `base_ace_object` (`baseAceObjectId`, `name`, `typeId`, `paletteId`, `ammoType`, `blipColor`, `bitField`, `burden`, `combatUse`, `cooldownDuration`, `cooldownId`, `effects`, `containersCapacity`, `header`, `hookTypeId`, `iconId`, `iconOverlayId`, `iconUnderlayId`, `hookItemTypes`, `itemsCapacity`, `location`, `materialType`, `maxStackSize`, `maxStructure`, `radar`, `pscript`, `spellId`, `stackSize`, `structure`, `targetTypeId`, `usability`, `useRadius`, `validLocations`, `value`, `workmanship`, `animationFrameId`, `defaultScript`, `defaultScriptIntensity`, `elasticity`, `friction`, `locationId`, `modelTableId`, `objectScale`, `physicsBitField`, `physicsTableId`, `motionTableId`, `soundTableId`, `physicsState`, `translucency`)
VALUES (2447684688, 'Arena 16', 65536, 0, 0, 0, 262164, 0, 0, 0, 0, 0, 0, 8388656, 0, 100677070, 0, 0, 0, 0, 0, 0, 0, 0, 4, 0, 0, 0, 0, 0, 32, 0.3, 0, 0, 0, 0, 0, 0, 0, 0, 0, 33560143, 0, 32769, 0, 0, 0, 66576, 0);

INSERT INTO `ace_object` (`baseAceObjectId`, `weenieClassId`, `landblock`, `cell`, `posX`, `posY`, `posZ`, `qW`, `qX`, `qY`, `qZ`)
VALUES (2447684688, 34531, 177, 319, 30, -286, 0, 1, 0, 0, 0);

INSERT INTO `base_ace_object` (`baseAceObjectId`, `name`, `typeId`, `paletteId`, `ammoType`, `blipColor`, `bitField`, `burden`, `combatUse`, `cooldownDuration`, `cooldownId`, `effects`, `containersCapacity`, `header`, `hookTypeId`, `iconId`, `iconOverlayId`, `iconUnderlayId`, `hookItemTypes`, `itemsCapacity`, `location`, `materialType`, `maxStackSize`, `maxStructure`, `radar`, `pscript`, `spellId`, `stackSize`, `structure`, `targetTypeId`, `usability`, `useRadius`, `validLocations`, `value`, `workmanship`, `animationFrameId`, `defaultScript`, `defaultScriptIntensity`, `elasticity`, `friction`, `locationId`, `modelTableId`, `objectScale`, `physicsBitField`, `physicsTableId`, `motionTableId`, `soundTableId`, `physicsState`, `translucency`)
VALUES (2447687365, 'Arena 17', 65536, 0, 0, 0, 262164, 0, 0, 0, 0, 0, 0, 8388656, 0, 100677070, 0, 0, 0, 0, 0, 0, 0, 0, 4, 0, 0, 0, 0, 0, 32, 0.3, 0, 0, 0, 0, 0, 0, 0, 0, 0, 33560143, 0, 32769, 0, 0, 0, 66576, 0);

INSERT INTO `ace_object` (`baseAceObjectId`, `weenieClassId`, `landblock`, `cell`, `posX`, `posY`, `posZ`, `qW`, `qX`, `qY`, `qZ`)
VALUES (2447687365, 34532, 177, 316, 30, -196, 0, 1, 0, 0, 0);

INSERT INTO `base_ace_object` (`baseAceObjectId`, `name`, `typeId`, `paletteId`, `ammoType`, `blipColor`, `bitField`, `burden`, `combatUse`, `cooldownDuration`, `cooldownId`, `effects`, `containersCapacity`, `header`, `hookTypeId`, `iconId`, `iconOverlayId`, `iconUnderlayId`, `hookItemTypes`, `itemsCapacity`, `location`, `materialType`, `maxStackSize`, `maxStructure`, `radar`, `pscript`, `spellId`, `stackSize`, `structure`, `targetTypeId`, `usability`, `useRadius`, `validLocations`, `value`, `workmanship`, `animationFrameId`, `defaultScript`, `defaultScriptIntensity`, `elasticity`, `friction`, `locationId`, `modelTableId`, `objectScale`, `physicsBitField`, `physicsTableId`, `motionTableId`, `soundTableId`, `physicsState`, `translucency`)
VALUES (2447688079, 'Arena 18', 65536, 0, 0, 0, 262164, 0, 0, 0, 0, 0, 0, 8388656, 0, 100677070, 0, 0, 0, 0, 0, 0, 0, 0, 4, 0, 0, 0, 0, 0, 32, 0.3, 0, 0, 0, 0, 0, 0, 0, 0, 0, 33560143, 0, 32769, 0, 0, 0, 66576, 0);

INSERT INTO `ace_object` (`baseAceObjectId`, `weenieClassId`, `landblock`, `cell`, `posX`, `posY`, `posZ`, `qW`, `qX`, `qY`, `qZ`)
VALUES (2447688079, 34533, 177, 313, 30, -106, 0, 1, 0, 0, 0);

INSERT INTO `base_ace_object` (`baseAceObjectId`, `name`, `typeId`, `paletteId`, `ammoType`, `blipColor`, `bitField`, `burden`, `combatUse`, `cooldownDuration`, `cooldownId`, `effects`, `containersCapacity`, `header`, `hookTypeId`, `iconId`, `iconOverlayId`, `iconUnderlayId`, `hookItemTypes`, `itemsCapacity`, `location`, `materialType`, `maxStackSize`, `maxStructure`, `radar`, `pscript`, `spellId`, `stackSize`, `structure`, `targetTypeId`, `usability`, `useRadius`, `validLocations`, `value`, `workmanship`, `animationFrameId`, `defaultScript`, `defaultScriptIntensity`, `elasticity`, `friction`, `locationId`, `modelTableId`, `objectScale`, `physicsBitField`, `physicsTableId`, `motionTableId`, `soundTableId`, `physicsState`, `translucency`)
VALUES (3704774872, 'Arena 2', 65536, 0, 0, 0, 262164, 0, 0, 0, 0, 0, 0, 8388656, 0, 100677070, 0, 0, 0, 0, 0, 0, 0, 0, 4, 0, 0, 0, 0, 0, 32, 0.3, 0, 0, 0, 0, 0, 0, 0, 0, 0, 33560143, 0, 32769, 0, 0, 0, 66576, 0);

INSERT INTO `ace_object` (`baseAceObjectId`, `weenieClassId`, `landblock`, `cell`, `posX`, `posY`, `posZ`, `qW`, `qX`, `qY`, `qZ`)
VALUES (3704774872, 34517, 180, 361, 30, -1546, 0, 1, 0, 0, 0);

INSERT INTO `base_ace_object` (`baseAceObjectId`, `name`, `typeId`, `paletteId`, `ammoType`, `blipColor`, `bitField`, `burden`, `combatUse`, `cooldownDuration`, `cooldownId`, `effects`, `containersCapacity`, `header`, `hookTypeId`, `iconId`, `iconOverlayId`, `iconUnderlayId`, `hookItemTypes`, `itemsCapacity`, `location`, `materialType`, `maxStackSize`, `maxStructure`, `radar`, `pscript`, `spellId`, `stackSize`, `structure`, `targetTypeId`, `usability`, `useRadius`, `validLocations`, `value`, `workmanship`, `animationFrameId`, `defaultScript`, `defaultScriptIntensity`, `elasticity`, `friction`, `locationId`, `modelTableId`, `objectScale`, `physicsBitField`, `physicsTableId`, `motionTableId`, `soundTableId`, `physicsState`, `translucency`)
VALUES (3704671149, 'Arena 3', 65536, 0, 0, 0, 262164, 0, 0, 0, 0, 0, 0, 8388656, 0, 100677070, 0, 0, 0, 0, 0, 0, 0, 0, 4, 0, 0, 0, 0, 0, 32, 0.3, 0, 0, 0, 0, 0, 0, 0, 0, 0, 33560143, 0, 32769, 0, 0, 0, 66576, 0);

INSERT INTO `ace_object` (`baseAceObjectId`, `weenieClassId`, `landblock`, `cell`, `posX`, `posY`, `posZ`, `qW`, `qX`, `qY`, `qZ`)
VALUES (3704671149, 34518, 180, 358, 30, -1456, 0, 1, 0, 0, 0);

INSERT INTO `base_ace_object` (`baseAceObjectId`, `name`, `typeId`, `paletteId`, `ammoType`, `blipColor`, `bitField`, `burden`, `combatUse`, `cooldownDuration`, `cooldownId`, `effects`, `containersCapacity`, `header`, `hookTypeId`, `iconId`, `iconOverlayId`, `iconUnderlayId`, `hookItemTypes`, `itemsCapacity`, `location`, `materialType`, `maxStackSize`, `maxStructure`, `radar`, `pscript`, `spellId`, `stackSize`, `structure`, `targetTypeId`, `usability`, `useRadius`, `validLocations`, `value`, `workmanship`, `animationFrameId`, `defaultScript`, `defaultScriptIntensity`, `elasticity`, `friction`, `locationId`, `modelTableId`, `objectScale`, `physicsBitField`, `physicsTableId`, `motionTableId`, `soundTableId`, `physicsState`, `translucency`)
VALUES (3703763778, 'Arena 4', 65536, 0, 0, 0, 262164, 0, 0, 0, 0, 0, 0, 8388656, 0, 100677070, 0, 0, 0, 0, 0, 0, 0, 0, 4, 0, 0, 0, 0, 0, 32, 0.3, 0, 0, 0, 0, 0, 0, 0, 0, 0, 33560143, 0, 32769, 0, 0, 0, 66576, 0);

INSERT INTO `ace_object` (`baseAceObjectId`, `weenieClassId`, `landblock`, `cell`, `posX`, `posY`, `posZ`, `qW`, `qX`, `qY`, `qZ`)
VALUES (3703763778, 34519, 180, 355, 30, -1366, 0, 1, 0, 0, 0);

INSERT INTO `base_ace_object` (`baseAceObjectId`, `name`, `typeId`, `paletteId`, `ammoType`, `blipColor`, `bitField`, `burden`, `combatUse`, `cooldownDuration`, `cooldownId`, `effects`, `containersCapacity`, `header`, `hookTypeId`, `iconId`, `iconOverlayId`, `iconUnderlayId`, `hookItemTypes`, `itemsCapacity`, `location`, `materialType`, `maxStackSize`, `maxStructure`, `radar`, `pscript`, `spellId`, `stackSize`, `structure`, `targetTypeId`, `usability`, `useRadius`, `validLocations`, `value`, `workmanship`, `animationFrameId`, `defaultScript`, `defaultScriptIntensity`, `elasticity`, `friction`, `locationId`, `modelTableId`, `objectScale`, `physicsBitField`, `physicsTableId`, `motionTableId`, `soundTableId`, `physicsState`, `translucency`)
VALUES (2447292055, 'Arena 7', 65536, 0, 0, 0, 262164, 0, 0, 0, 0, 0, 0, 8388656, 0, 100677070, 0, 0, 0, 0, 0, 0, 0, 0, 4, 0, 0, 0, 0, 0, 32, 0.3, 0, 0, 0, 0, 0, 0, 0, 0, 0, 33560143, 0, 32769, 0, 0, 0, 66576, 0);

INSERT INTO `ace_object` (`baseAceObjectId`, `weenieClassId`, `landblock`, `cell`, `posX`, `posY`, `posZ`, `qW`, `qX`, `qY`, `qZ`)
VALUES (2447292055, 34522, 178, 346, 30, -1096, 0, 1, 0, 0, 0);

INSERT INTO `base_ace_object` (`baseAceObjectId`, `name`, `typeId`, `paletteId`, `ammoType`, `blipColor`, `bitField`, `burden`, `combatUse`, `cooldownDuration`, `cooldownId`, `effects`, `containersCapacity`, `header`, `hookTypeId`, `iconId`, `iconOverlayId`, `iconUnderlayId`, `hookItemTypes`, `itemsCapacity`, `location`, `materialType`, `maxStackSize`, `maxStructure`, `radar`, `pscript`, `spellId`, `stackSize`, `structure`, `targetTypeId`, `usability`, `useRadius`, `validLocations`, `value`, `workmanship`, `animationFrameId`, `defaultScript`, `defaultScriptIntensity`, `elasticity`, `friction`, `locationId`, `modelTableId`, `objectScale`, `physicsBitField`, `physicsTableId`, `motionTableId`, `soundTableId`, `physicsState`, `translucency`)
VALUES (2447292222, 'Arena 8', 65536, 0, 0, 0, 262164, 0, 0, 0, 0, 0, 0, 8388656, 0, 100677070, 0, 0, 0, 0, 0, 0, 0, 0, 4, 0, 0, 0, 0, 0, 32, 0.3, 0, 0, 0, 0, 0, 0, 0, 0, 0, 33560143, 0, 32769, 0, 0, 0, 66576, 0);

INSERT INTO `ace_object` (`baseAceObjectId`, `weenieClassId`, `landblock`, `cell`, `posX`, `posY`, `posZ`, `qW`, `qX`, `qY`, `qZ`)
VALUES (2447292222, 34523, 178, 343, 30, -1006, 0, 1, 0, 0, 0);

INSERT INTO `base_ace_object` (`baseAceObjectId`, `name`, `typeId`, `paletteId`, `ammoType`, `blipColor`, `bitField`, `burden`, `combatUse`, `cooldownDuration`, `cooldownId`, `effects`, `containersCapacity`, `header`, `hookTypeId`, `iconId`, `iconOverlayId`, `iconUnderlayId`, `hookItemTypes`, `itemsCapacity`, `location`, `materialType`, `maxStackSize`, `maxStructure`, `radar`, `pscript`, `spellId`, `stackSize`, `structure`, `targetTypeId`, `usability`, `useRadius`, `validLocations`, `value`, `workmanship`, `animationFrameId`, `defaultScript`, `defaultScriptIntensity`, `elasticity`, `friction`, `locationId`, `modelTableId`, `objectScale`, `physicsBitField`, `physicsTableId`, `motionTableId`, `soundTableId`, `physicsState`, `translucency`)
VALUES (2447292108, 'Arena 9', 65536, 0, 0, 0, 262164, 0, 0, 0, 0, 0, 0, 8388656, 0, 100677070, 0, 0, 0, 0, 0, 0, 0, 0, 4, 0, 0, 0, 0, 0, 32, 0.3, 0, 0, 0, 0, 0, 0, 0, 0, 0, 33560143, 0, 32769, 0, 0, 0, 66576, 0);

INSERT INTO `ace_object` (`baseAceObjectId`, `weenieClassId`, `landblock`, `cell`, `posX`, `posY`, `posZ`, `qW`, `qX`, `qY`, `qZ`)
VALUES (2447292108, 34524, 178, 340, 30, -916, 0, 1, 0, 0, 0);

INSERT INTO `base_ace_object` (`baseAceObjectId`, `name`, `typeId`, `paletteId`, `ammoType`, `blipColor`, `bitField`, `burden`, `combatUse`, `cooldownDuration`, `cooldownId`, `effects`, `containersCapacity`, `header`, `hookTypeId`, `iconId`, `iconOverlayId`, `iconUnderlayId`, `hookItemTypes`, `itemsCapacity`, `location`, `materialType`, `maxStackSize`, `maxStructure`, `radar`, `pscript`, `spellId`, `stackSize`, `structure`, `targetTypeId`, `usability`, `useRadius`, `validLocations`, `value`, `workmanship`, `animationFrameId`, `defaultScript`, `defaultScriptIntensity`, `elasticity`, `friction`, `locationId`, `modelTableId`, `objectScale`, `physicsBitField`, `physicsTableId`, `motionTableId`, `soundTableId`, `physicsState`, `translucency`)
VALUES (2447490377, 'Arena 10', 65536, 0, 0, 0, 262164, 0, 0, 0, 0, 0, 0, 8388656, 0, 100677070, 0, 0, 0, 0, 0, 0, 0, 0, 4, 0, 0, 0, 0, 0, 32, 0.3, 0, 0, 0, 0, 0, 0, 0, 0, 0, 33560143, 0, 32769, 0, 0, 0, 66576, 0);

INSERT INTO `ace_object` (`baseAceObjectId`, `weenieClassId`, `landblock`, `cell`, `posX`, `posY`, `posZ`, `qW`, `qX`, `qY`, `qZ`)
VALUES (2447490377, 34525, 178, 337, 30, -826, 0, 1, 0, 0, 0);

INSERT INTO `base_ace_object` (`baseAceObjectId`, `name`, `typeId`, `paletteId`, `ammoType`, `blipColor`, `bitField`, `burden`, `combatUse`, `cooldownDuration`, `cooldownId`, `effects`, `containersCapacity`, `header`, `hookTypeId`, `iconId`, `iconOverlayId`, `iconUnderlayId`, `hookItemTypes`, `itemsCapacity`, `location`, `materialType`, `maxStackSize`, `maxStructure`, `radar`, `pscript`, `spellId`, `stackSize`, `structure`, `targetTypeId`, `usability`, `useRadius`, `validLocations`, `value`, `workmanship`, `animationFrameId`, `defaultScript`, `defaultScriptIntensity`, `elasticity`, `friction`, `locationId`, `modelTableId`, `objectScale`, `physicsBitField`, `physicsTableId`, `motionTableId`, `soundTableId`, `physicsState`, `translucency`)
VALUES (2447291849, 'Arena 11', 65536, 0, 0, 0, 262164, 0, 0, 0, 0, 0, 0, 8388656, 0, 100677070, 0, 0, 0, 0, 0, 0, 0, 0, 4, 0, 0, 0, 0, 0, 32, 0.3, 0, 0, 0, 0, 0, 0, 0, 0, 0, 33560143, 0, 32769, 0, 0, 0, 66576, 0);

INSERT INTO `ace_object` (`baseAceObjectId`, `weenieClassId`, `landblock`, `cell`, `posX`, `posY`, `posZ`, `qW`, `qX`, `qY`, `qZ`)
VALUES (2447291849, 34526, 178, 334, 30, -736, 0, 1, 0, 0, 0);

INSERT INTO `base_ace_object` (`baseAceObjectId`, `name`, `typeId`, `paletteId`, `ammoType`, `blipColor`, `bitField`, `burden`, `combatUse`, `cooldownDuration`, `cooldownId`, `effects`, `containersCapacity`, `header`, `hookTypeId`, `iconId`, `iconOverlayId`, `iconUnderlayId`, `hookItemTypes`, `itemsCapacity`, `location`, `materialType`, `maxStackSize`, `maxStructure`, `radar`, `pscript`, `spellId`, `stackSize`, `structure`, `targetTypeId`, `usability`, `useRadius`, `validLocations`, `value`, `workmanship`, `animationFrameId`, `defaultScript`, `defaultScriptIntensity`, `elasticity`, `friction`, `locationId`, `modelTableId`, `objectScale`, `physicsBitField`, `physicsTableId`, `motionTableId`, `soundTableId`, `physicsState`, `translucency`)
VALUES (2447291040, 'Arena 12', 65536, 0, 0, 0, 262164, 0, 0, 0, 0, 0, 0, 8388656, 0, 100677070, 0, 0, 0, 0, 0, 0, 0, 0, 4, 0, 0, 0, 0, 0, 32, 0.3, 0, 0, 0, 0, 0, 0, 0, 0, 0, 33560143, 0, 32769, 0, 0, 0, 66576, 0);

INSERT INTO `ace_object` (`baseAceObjectId`, `weenieClassId`, `landblock`, `cell`, `posX`, `posY`, `posZ`, `qW`, `qX`, `qY`, `qZ`)
VALUES (2447291040, 34527, 178, 331, 30, -646, 0, 1, 0, 0, 0);

INSERT INTO `base_ace_object` (`baseAceObjectId`, `name`, `typeId`, `paletteId`, `ammoType`, `blipColor`, `bitField`, `burden`, `combatUse`, `cooldownDuration`, `cooldownId`, `effects`, `containersCapacity`, `header`, `hookTypeId`, `iconId`, `iconOverlayId`, `iconUnderlayId`, `hookItemTypes`, `itemsCapacity`, `location`, `materialType`, `maxStackSize`, `maxStructure`, `radar`, `pscript`, `spellId`, `stackSize`, `structure`, `targetTypeId`, `usability`, `useRadius`, `validLocations`, `value`, `workmanship`, `animationFrameId`, `defaultScript`, `defaultScriptIntensity`, `elasticity`, `friction`, `locationId`, `modelTableId`, `objectScale`, `physicsBitField`, `physicsTableId`, `motionTableId`, `soundTableId`, `physicsState`, `translucency`)
VALUES (2447291105, 'Arena 13', 65536, 0, 0, 0, 262164, 0, 0, 0, 0, 0, 0, 8388656, 0, 100677070, 0, 0, 0, 0, 0, 0, 0, 0, 4, 0, 0, 0, 0, 0, 32, 0.3, 0, 0, 0, 0, 0, 0, 0, 0, 0, 33560143, 0, 32769, 0, 0, 0, 66576, 0);

INSERT INTO `ace_object` (`baseAceObjectId`, `weenieClassId`, `landblock`, `cell`, `posX`, `posY`, `posZ`, `qW`, `qX`, `qY`, `qZ`)
VALUES (2447291105, 34528, 178, 328, 30, -556, 0, 1, 0, 0, 0);

INSERT INTO `base_ace_object` (`baseAceObjectId`, `name`, `typeId`, `paletteId`, `ammoType`, `blipColor`, `bitField`, `burden`, `combatUse`, `cooldownDuration`, `cooldownId`, `effects`, `containersCapacity`, `header`, `hookTypeId`, `iconId`, `iconOverlayId`, `iconUnderlayId`, `hookItemTypes`, `itemsCapacity`, `location`, `materialType`, `maxStackSize`, `maxStructure`, `radar`, `pscript`, `spellId`, `stackSize`, `structure`, `targetTypeId`, `usability`, `useRadius`, `validLocations`, `value`, `workmanship`, `animationFrameId`, `defaultScript`, `defaultScriptIntensity`, `elasticity`, `friction`, `locationId`, `modelTableId`, `objectScale`, `physicsBitField`, `physicsTableId`, `motionTableId`, `soundTableId`, `physicsState`, `translucency`)
VALUES (2447689776, 'Arena 14', 65536, 0, 0, 0, 262164, 0, 0, 0, 0, 0, 0, 8388656, 0, 100677070, 0, 0, 0, 0, 0, 0, 0, 0, 4, 0, 0, 0, 0, 0, 32, 0.3, 0, 0, 0, 0, 0, 0, 0, 0, 0, 33560143, 0, 32769, 0, 0, 0, 66576, 0);

INSERT INTO `ace_object` (`baseAceObjectId`, `weenieClassId`, `landblock`, `cell`, `posX`, `posY`, `posZ`, `qW`, `qX`, `qY`, `qZ`)
VALUES (2447689776, 34529, 178, 325, 30, -466, 0, 1, 0, 0, 0);

INSERT INTO `base_ace_object` (`baseAceObjectId`, `name`, `typeId`, `paletteId`, `ammoType`, `blipColor`, `bitField`, `burden`, `combatUse`, `cooldownDuration`, `cooldownId`, `effects`, `containersCapacity`, `header`, `hookTypeId`, `iconId`, `iconOverlayId`, `iconUnderlayId`, `hookItemTypes`, `itemsCapacity`, `location`, `materialType`, `maxStackSize`, `maxStructure`, `radar`, `pscript`, `spellId`, `stackSize`, `structure`, `targetTypeId`, `usability`, `useRadius`, `validLocations`, `value`, `workmanship`, `animationFrameId`, `defaultScript`, `defaultScriptIntensity`, `elasticity`, `friction`, `locationId`, `modelTableId`, `objectScale`, `physicsBitField`, `physicsTableId`, `motionTableId`, `soundTableId`, `physicsState`, `translucency`)
VALUES (2447684999, 'Arena 15', 65536, 0, 0, 0, 262164, 0, 0, 0, 0, 0, 0, 8388656, 0, 100677070, 0, 0, 0, 0, 0, 0, 0, 0, 4, 0, 0, 0, 0, 0, 32, 0.3, 0, 0, 0, 0, 0, 0, 0, 0, 0, 33560143, 0, 32769, 0, 0, 0, 66576, 0);

INSERT INTO `ace_object` (`baseAceObjectId`, `weenieClassId`, `landblock`, `cell`, `posX`, `posY`, `posZ`, `qW`, `qX`, `qY`, `qZ`)
VALUES (2447684999, 34530, 178, 322, 30, -376, 0, 1, 0, 0, 0);

INSERT INTO `base_ace_object` (`baseAceObjectId`, `name`, `typeId`, `paletteId`, `ammoType`, `blipColor`, `bitField`, `burden`, `combatUse`, `cooldownDuration`, `cooldownId`, `effects`, `containersCapacity`, `header`, `hookTypeId`, `iconId`, `iconOverlayId`, `iconUnderlayId`, `hookItemTypes`, `itemsCapacity`, `location`, `materialType`, `maxStackSize`, `maxStructure`, `radar`, `pscript`, `spellId`, `stackSize`, `structure`, `targetTypeId`, `usability`, `useRadius`, `validLocations`, `value`, `workmanship`, `animationFrameId`, `defaultScript`, `defaultScriptIntensity`, `elasticity`, `friction`, `locationId`, `modelTableId`, `objectScale`, `physicsBitField`, `physicsTableId`, `motionTableId`, `soundTableId`, `physicsState`, `translucency`)
VALUES (2447685625, 'Arena 16', 65536, 0, 0, 0, 262164, 0, 0, 0, 0, 0, 0, 8388656, 0, 100677070, 0, 0, 0, 0, 0, 0, 0, 0, 4, 0, 0, 0, 0, 0, 32, 0.3, 0, 0, 0, 0, 0, 0, 0, 0, 0, 33560143, 0, 32769, 0, 0, 0, 66576, 0);

INSERT INTO `ace_object` (`baseAceObjectId`, `weenieClassId`, `landblock`, `cell`, `posX`, `posY`, `posZ`, `qW`, `qX`, `qY`, `qZ`)
VALUES (2447685625, 34531, 178, 319, 30, -286, 0, 1, 0, 0, 0);

INSERT INTO `base_ace_object` (`baseAceObjectId`, `name`, `typeId`, `paletteId`, `ammoType`, `blipColor`, `bitField`, `burden`, `combatUse`, `cooldownDuration`, `cooldownId`, `effects`, `containersCapacity`, `header`, `hookTypeId`, `iconId`, `iconOverlayId`, `iconUnderlayId`, `hookItemTypes`, `itemsCapacity`, `location`, `materialType`, `maxStackSize`, `maxStructure`, `radar`, `pscript`, `spellId`, `stackSize`, `structure`, `targetTypeId`, `usability`, `useRadius`, `validLocations`, `value`, `workmanship`, `animationFrameId`, `defaultScript`, `defaultScriptIntensity`, `elasticity`, `friction`, `locationId`, `modelTableId`, `objectScale`, `physicsBitField`, `physicsTableId`, `motionTableId`, `soundTableId`, `physicsState`, `translucency`)
VALUES (2447686834, 'Arena 17', 65536, 0, 0, 0, 262164, 0, 0, 0, 0, 0, 0, 8388656, 0, 100677070, 0, 0, 0, 0, 0, 0, 0, 0, 4, 0, 0, 0, 0, 0, 32, 0.3, 0, 0, 0, 0, 0, 0, 0, 0, 0, 33560143, 0, 32769, 0, 0, 0, 66576, 0);

INSERT INTO `ace_object` (`baseAceObjectId`, `weenieClassId`, `landblock`, `cell`, `posX`, `posY`, `posZ`, `qW`, `qX`, `qY`, `qZ`)
VALUES (2447686834, 34532, 178, 316, 30, -196, 0, 1, 0, 0, 0);

INSERT INTO `base_ace_object` (`baseAceObjectId`, `name`, `typeId`, `paletteId`, `ammoType`, `blipColor`, `bitField`, `burden`, `combatUse`, `cooldownDuration`, `cooldownId`, `effects`, `containersCapacity`, `header`, `hookTypeId`, `iconId`, `iconOverlayId`, `iconUnderlayId`, `hookItemTypes`, `itemsCapacity`, `location`, `materialType`, `maxStackSize`, `maxStructure`, `radar`, `pscript`, `spellId`, `stackSize`, `structure`, `targetTypeId`, `usability`, `useRadius`, `validLocations`, `value`, `workmanship`, `animationFrameId`, `defaultScript`, `defaultScriptIntensity`, `elasticity`, `friction`, `locationId`, `modelTableId`, `objectScale`, `physicsBitField`, `physicsTableId`, `motionTableId`, `soundTableId`, `physicsState`, `translucency`)
VALUES (2447687614, 'Arena 18', 65536, 0, 0, 0, 262164, 0, 0, 0, 0, 0, 0, 8388656, 0, 100677070, 0, 0, 0, 0, 0, 0, 0, 0, 4, 0, 0, 0, 0, 0, 32, 0.3, 0, 0, 0, 0, 0, 0, 0, 0, 0, 33560143, 0, 32769, 0, 0, 0, 66576, 0);

INSERT INTO `ace_object` (`baseAceObjectId`, `weenieClassId`, `landblock`, `cell`, `posX`, `posY`, `posZ`, `qW`, `qX`, `qY`, `qZ`)
VALUES (2447687614, 34533, 178, 313, 30, -106, 0, 1, 0, 0, 0);

INSERT INTO `base_ace_object` (`baseAceObjectId`, `name`, `typeId`, `paletteId`, `ammoType`, `blipColor`, `bitField`, `burden`, `combatUse`, `cooldownDuration`, `cooldownId`, `effects`, `containersCapacity`, `header`, `hookTypeId`, `iconId`, `iconOverlayId`, `iconUnderlayId`, `hookItemTypes`, `itemsCapacity`, `location`, `materialType`, `maxStackSize`, `maxStructure`, `radar`, `pscript`, `spellId`, `stackSize`, `structure`, `targetTypeId`, `usability`, `useRadius`, `validLocations`, `value`, `workmanship`, `animationFrameId`, `defaultScript`, `defaultScriptIntensity`, `elasticity`, `friction`, `locationId`, `modelTableId`, `objectScale`, `physicsBitField`, `physicsTableId`, `motionTableId`, `soundTableId`, `physicsState`, `translucency`)
VALUES (2447688502, 'Return to the Hall of Champions', 65536, 0, 0, 0, 262164, 0, 0, 0, 0, 0, 0, 8388656, 0, 100677070, 0, 0, 0, 0, 0, 0, 0, 0, 4, 0, 0, 0, 0, 0, 32, 0.3, 0, 0, 0, 0, 0, 0, 0, 0, 0, 33560143, 0, 32769, 0, 0, 0, 66576, 0);

INSERT INTO `ace_object` (`baseAceObjectId`, `weenieClassId`, `landblock`, `cell`, `posX`, `posY`, `posZ`, `qW`, `qX`, `qY`, `qZ`)
VALUES (2447688502, 34534, 178, 310, 30, -16, 0, 1, 0, 0, 0);

INSERT INTO `base_ace_object` (`baseAceObjectId`, `name`, `typeId`, `paletteId`, `ammoType`, `blipColor`, `bitField`, `burden`, `combatUse`, `cooldownDuration`, `cooldownId`, `effects`, `containersCapacity`, `header`, `hookTypeId`, `iconId`, `iconOverlayId`, `iconUnderlayId`, `hookItemTypes`, `itemsCapacity`, `location`, `materialType`, `maxStackSize`, `maxStructure`, `radar`, `pscript`, `spellId`, `stackSize`, `structure`, `targetTypeId`, `usability`, `useRadius`, `validLocations`, `value`, `workmanship`, `animationFrameId`, `defaultScript`, `defaultScriptIntensity`, `elasticity`, `friction`, `locationId`, `modelTableId`, `objectScale`, `physicsBitField`, `physicsTableId`, `motionTableId`, `soundTableId`, `physicsState`, `translucency`)
VALUES (2447686752, 'Return to the Hall of Champions', 65536, 0, 0, 0, 262164, 0, 0, 0, 0, 0, 0, 8388656, 0, 100677070, 0, 0, 0, 0, 0, 0, 0, 0, 4, 0, 0, 0, 0, 0, 32, 0.3, 0, 0, 0, 0, 0, 0, 0, 0, 0, 33560143, 0, 32769, 0, 0, 0, 66576, 0);

INSERT INTO `ace_object` (`baseAceObjectId`, `weenieClassId`, `landblock`, `cell`, `posX`, `posY`, `posZ`, `qW`, `qX`, `qY`, `qZ`)
VALUES (2447686752, 34534, 176, 310, 30, -16, 0, 1, 0, 0, 0);

INSERT INTO `base_ace_object` (`baseAceObjectId`, `name`, `typeId`, `paletteId`, `ammoType`, `blipColor`, `bitField`, `burden`, `combatUse`, `cooldownDuration`, `cooldownId`, `effects`, `containersCapacity`, `header`, `hookTypeId`, `iconId`, `iconOverlayId`, `iconUnderlayId`, `hookItemTypes`, `itemsCapacity`, `location`, `materialType`, `maxStackSize`, `maxStructure`, `radar`, `pscript`, `spellId`, `stackSize`, `structure`, `targetTypeId`, `usability`, `useRadius`, `validLocations`, `value`, `workmanship`, `animationFrameId`, `defaultScript`, `defaultScriptIntensity`, `elasticity`, `friction`, `locationId`, `modelTableId`, `objectScale`, `physicsBitField`, `physicsTableId`, `motionTableId`, `soundTableId`, `physicsState`, `translucency`)
VALUES (3704364180, 'Arena 2', 65536, 0, 0, 0, 262164, 0, 0, 0, 0, 0, 0, 8388656, 0, 100677070, 0, 0, 0, 0, 0, 0, 0, 0, 4, 0, 0, 0, 0, 0, 32, 0.3, 0, 0, 0, 0, 0, 0, 0, 0, 0, 33560143, 0, 32769, 0, 0, 0, 66576, 0);

INSERT INTO `ace_object` (`baseAceObjectId`, `weenieClassId`, `landblock`, `cell`, `posX`, `posY`, `posZ`, `qW`, `qX`, `qY`, `qZ`)
VALUES (3704364180, 34517, 177, 361, 30, -1546, 0, 1, 0, 0, 0);

INSERT INTO `base_ace_object` (`baseAceObjectId`, `name`, `typeId`, `paletteId`, `ammoType`, `blipColor`, `bitField`, `burden`, `combatUse`, `cooldownDuration`, `cooldownId`, `effects`, `containersCapacity`, `header`, `hookTypeId`, `iconId`, `iconOverlayId`, `iconUnderlayId`, `hookItemTypes`, `itemsCapacity`, `location`, `materialType`, `maxStackSize`, `maxStructure`, `radar`, `pscript`, `spellId`, `stackSize`, `structure`, `targetTypeId`, `usability`, `useRadius`, `validLocations`, `value`, `workmanship`, `animationFrameId`, `defaultScript`, `defaultScriptIntensity`, `elasticity`, `friction`, `locationId`, `modelTableId`, `objectScale`, `physicsBitField`, `physicsTableId`, `motionTableId`, `soundTableId`, `physicsState`, `translucency`)
VALUES (3704775733, 'Arena 3', 65536, 0, 0, 0, 262164, 0, 0, 0, 0, 0, 0, 8388656, 0, 100677070, 0, 0, 0, 0, 0, 0, 0, 0, 4, 0, 0, 0, 0, 0, 32, 0.3, 0, 0, 0, 0, 0, 0, 0, 0, 0, 33560143, 0, 32769, 0, 0, 0, 66576, 0);

INSERT INTO `ace_object` (`baseAceObjectId`, `weenieClassId`, `landblock`, `cell`, `posX`, `posY`, `posZ`, `qW`, `qX`, `qY`, `qZ`)
VALUES (3704775733, 34518, 177, 358, 30, -1456, 0, 1, 0, 0, 0);

INSERT INTO `base_ace_object` (`baseAceObjectId`, `name`, `typeId`, `paletteId`, `ammoType`, `blipColor`, `bitField`, `burden`, `combatUse`, `cooldownDuration`, `cooldownId`, `effects`, `containersCapacity`, `header`, `hookTypeId`, `iconId`, `iconOverlayId`, `iconUnderlayId`, `hookItemTypes`, `itemsCapacity`, `location`, `materialType`, `maxStackSize`, `maxStructure`, `radar`, `pscript`, `spellId`, `stackSize`, `structure`, `targetTypeId`, `usability`, `useRadius`, `validLocations`, `value`, `workmanship`, `animationFrameId`, `defaultScript`, `defaultScriptIntensity`, `elasticity`, `friction`, `locationId`, `modelTableId`, `objectScale`, `physicsBitField`, `physicsTableId`, `motionTableId`, `soundTableId`, `physicsState`, `translucency`)
VALUES (3704777987, 'Arena 4', 65536, 0, 0, 0, 262164, 0, 0, 0, 0, 0, 0, 8388656, 0, 100677070, 0, 0, 0, 0, 0, 0, 0, 0, 4, 0, 0, 0, 0, 0, 32, 0.3, 0, 0, 0, 0, 0, 0, 0, 0, 0, 33560143, 0, 32769, 0, 0, 0, 66576, 0);

INSERT INTO `ace_object` (`baseAceObjectId`, `weenieClassId`, `landblock`, `cell`, `posX`, `posY`, `posZ`, `qW`, `qX`, `qY`, `qZ`)
VALUES (3704777987, 34519, 177, 355, 30, -1366, 0, 1, 0, 0, 0);

INSERT INTO `base_ace_object` (`baseAceObjectId`, `name`, `typeId`, `paletteId`, `ammoType`, `blipColor`, `bitField`, `burden`, `combatUse`, `cooldownDuration`, `cooldownId`, `effects`, `containersCapacity`, `header`, `hookTypeId`, `iconId`, `iconOverlayId`, `iconUnderlayId`, `hookItemTypes`, `itemsCapacity`, `location`, `materialType`, `maxStackSize`, `maxStructure`, `radar`, `pscript`, `spellId`, `stackSize`, `structure`, `targetTypeId`, `usability`, `useRadius`, `validLocations`, `value`, `workmanship`, `animationFrameId`, `defaultScript`, `defaultScriptIntensity`, `elasticity`, `friction`, `locationId`, `modelTableId`, `objectScale`, `physicsBitField`, `physicsTableId`, `motionTableId`, `soundTableId`, `physicsState`, `translucency`)
VALUES (3703152121, 'Arena 5', 65536, 0, 0, 0, 262164, 0, 0, 0, 0, 0, 0, 8388656, 0, 100677070, 0, 0, 0, 0, 0, 0, 0, 0, 4, 0, 0, 0, 0, 0, 32, 0.3, 0, 0, 0, 0, 0, 0, 0, 0, 0, 33560143, 0, 32769, 0, 0, 0, 66576, 0);

INSERT INTO `ace_object` (`baseAceObjectId`, `weenieClassId`, `landblock`, `cell`, `posX`, `posY`, `posZ`, `qW`, `qX`, `qY`, `qZ`)
VALUES (3703152121, 34520, 177, 352, 30, -1276, 0, 1, 0, 0, 0);

INSERT INTO `base_ace_object` (`baseAceObjectId`, `name`, `typeId`, `paletteId`, `ammoType`, `blipColor`, `bitField`, `burden`, `combatUse`, `cooldownDuration`, `cooldownId`, `effects`, `containersCapacity`, `header`, `hookTypeId`, `iconId`, `iconOverlayId`, `iconUnderlayId`, `hookItemTypes`, `itemsCapacity`, `location`, `materialType`, `maxStackSize`, `maxStructure`, `radar`, `pscript`, `spellId`, `stackSize`, `structure`, `targetTypeId`, `usability`, `useRadius`, `validLocations`, `value`, `workmanship`, `animationFrameId`, `defaultScript`, `defaultScriptIntensity`, `elasticity`, `friction`, `locationId`, `modelTableId`, `objectScale`, `physicsBitField`, `physicsTableId`, `motionTableId`, `soundTableId`, `physicsState`, `translucency`)
VALUES (3704780030, 'Arena 6', 65536, 0, 0, 0, 262164, 0, 0, 0, 0, 0, 0, 8388656, 0, 100677070, 0, 0, 0, 0, 0, 0, 0, 0, 4, 0, 0, 0, 0, 0, 32, 0.3, 0, 0, 0, 0, 0, 0, 0, 0, 0, 33560143, 0, 32769, 0, 0, 0, 66576, 0);

INSERT INTO `ace_object` (`baseAceObjectId`, `weenieClassId`, `landblock`, `cell`, `posX`, `posY`, `posZ`, `qW`, `qX`, `qY`, `qZ`)
VALUES (3704780030, 34521, 177, 349, 30, -1186, 0, 1, 0, 0, 0);

INSERT INTO `base_ace_object` (`baseAceObjectId`, `name`, `typeId`, `paletteId`, `ammoType`, `blipColor`, `bitField`, `burden`, `combatUse`, `cooldownDuration`, `cooldownId`, `effects`, `containersCapacity`, `header`, `hookTypeId`, `iconId`, `iconOverlayId`, `iconUnderlayId`, `hookItemTypes`, `itemsCapacity`, `location`, `materialType`, `maxStackSize`, `maxStructure`, `radar`, `pscript`, `spellId`, `stackSize`, `structure`, `targetTypeId`, `usability`, `useRadius`, `validLocations`, `value`, `workmanship`, `animationFrameId`, `defaultScript`, `defaultScriptIntensity`, `elasticity`, `friction`, `locationId`, `modelTableId`, `objectScale`, `physicsBitField`, `physicsTableId`, `motionTableId`, `soundTableId`, `physicsState`, `translucency`)
VALUES (3704776531, 'Arena 2', 65536, 0, 0, 0, 262164, 0, 0, 0, 0, 0, 0, 8388656, 0, 100677070, 0, 0, 0, 0, 0, 0, 0, 0, 4, 0, 0, 0, 0, 0, 32, 0.3, 0, 0, 0, 0, 0, 0, 0, 0, 0, 33560143, 0, 32769, 0, 0, 0, 66576, 0);

INSERT INTO `ace_object` (`baseAceObjectId`, `weenieClassId`, `landblock`, `cell`, `posX`, `posY`, `posZ`, `qW`, `qX`, `qY`, `qZ`)
VALUES (3704776531, 34517, 178, 361, 30, -1546, 0, 1, 0, 0, 0);

INSERT INTO `base_ace_object` (`baseAceObjectId`, `name`, `typeId`, `paletteId`, `ammoType`, `blipColor`, `bitField`, `burden`, `combatUse`, `cooldownDuration`, `cooldownId`, `effects`, `containersCapacity`, `header`, `hookTypeId`, `iconId`, `iconOverlayId`, `iconUnderlayId`, `hookItemTypes`, `itemsCapacity`, `location`, `materialType`, `maxStackSize`, `maxStructure`, `radar`, `pscript`, `spellId`, `stackSize`, `structure`, `targetTypeId`, `usability`, `useRadius`, `validLocations`, `value`, `workmanship`, `animationFrameId`, `defaultScript`, `defaultScriptIntensity`, `elasticity`, `friction`, `locationId`, `modelTableId`, `objectScale`, `physicsBitField`, `physicsTableId`, `motionTableId`, `soundTableId`, `physicsState`, `translucency`)
VALUES (3704779191, 'Arena 3', 65536, 0, 0, 0, 262164, 0, 0, 0, 0, 0, 0, 8388656, 0, 100677070, 0, 0, 0, 0, 0, 0, 0, 0, 4, 0, 0, 0, 0, 0, 32, 0.3, 0, 0, 0, 0, 0, 0, 0, 0, 0, 33560143, 0, 32769, 0, 0, 0, 66576, 0);

INSERT INTO `ace_object` (`baseAceObjectId`, `weenieClassId`, `landblock`, `cell`, `posX`, `posY`, `posZ`, `qW`, `qX`, `qY`, `qZ`)
VALUES (3704779191, 34518, 178, 358, 30, -1456, 0, 1, 0, 0, 0);

INSERT INTO `base_ace_object` (`baseAceObjectId`, `name`, `typeId`, `paletteId`, `ammoType`, `blipColor`, `bitField`, `burden`, `combatUse`, `cooldownDuration`, `cooldownId`, `effects`, `containersCapacity`, `header`, `hookTypeId`, `iconId`, `iconOverlayId`, `iconUnderlayId`, `hookItemTypes`, `itemsCapacity`, `location`, `materialType`, `maxStackSize`, `maxStructure`, `radar`, `pscript`, `spellId`, `stackSize`, `structure`, `targetTypeId`, `usability`, `useRadius`, `validLocations`, `value`, `workmanship`, `animationFrameId`, `defaultScript`, `defaultScriptIntensity`, `elasticity`, `friction`, `locationId`, `modelTableId`, `objectScale`, `physicsBitField`, `physicsTableId`, `motionTableId`, `soundTableId`, `physicsState`, `translucency`)
VALUES (3703358775, 'Arena 4', 65536, 0, 0, 0, 262164, 0, 0, 0, 0, 0, 0, 8388656, 0, 100677070, 0, 0, 0, 0, 0, 0, 0, 0, 4, 0, 0, 0, 0, 0, 32, 0.3, 0, 0, 0, 0, 0, 0, 0, 0, 0, 33560143, 0, 32769, 0, 0, 0, 66576, 0);

INSERT INTO `ace_object` (`baseAceObjectId`, `weenieClassId`, `landblock`, `cell`, `posX`, `posY`, `posZ`, `qW`, `qX`, `qY`, `qZ`)
VALUES (3703358775, 34519, 178, 355, 30, -1366, 0, 1, 0, 0, 0);

INSERT INTO `base_ace_object` (`baseAceObjectId`, `name`, `typeId`, `paletteId`, `ammoType`, `blipColor`, `bitField`, `burden`, `combatUse`, `cooldownDuration`, `cooldownId`, `effects`, `containersCapacity`, `header`, `hookTypeId`, `iconId`, `iconOverlayId`, `iconUnderlayId`, `hookItemTypes`, `itemsCapacity`, `location`, `materialType`, `maxStackSize`, `maxStructure`, `radar`, `pscript`, `spellId`, `stackSize`, `structure`, `targetTypeId`, `usability`, `useRadius`, `validLocations`, `value`, `workmanship`, `animationFrameId`, `defaultScript`, `defaultScriptIntensity`, `elasticity`, `friction`, `locationId`, `modelTableId`, `objectScale`, `physicsBitField`, `physicsTableId`, `motionTableId`, `soundTableId`, `physicsState`, `translucency`)
VALUES (3703764544, 'Arena 5', 65536, 0, 0, 0, 262164, 0, 0, 0, 0, 0, 0, 8388656, 0, 100677070, 0, 0, 0, 0, 0, 0, 0, 0, 4, 0, 0, 0, 0, 0, 32, 0.3, 0, 0, 0, 0, 0, 0, 0, 0, 0, 33560143, 0, 32769, 0, 0, 0, 66576, 0);

INSERT INTO `ace_object` (`baseAceObjectId`, `weenieClassId`, `landblock`, `cell`, `posX`, `posY`, `posZ`, `qW`, `qX`, `qY`, `qZ`)
VALUES (3703764544, 34520, 178, 352, 30, -1276, 0, 1, 0, 0, 0);

INSERT INTO `base_ace_object` (`baseAceObjectId`, `name`, `typeId`, `paletteId`, `ammoType`, `blipColor`, `bitField`, `burden`, `combatUse`, `cooldownDuration`, `cooldownId`, `effects`, `containersCapacity`, `header`, `hookTypeId`, `iconId`, `iconOverlayId`, `iconUnderlayId`, `hookItemTypes`, `itemsCapacity`, `location`, `materialType`, `maxStackSize`, `maxStructure`, `radar`, `pscript`, `spellId`, `stackSize`, `structure`, `targetTypeId`, `usability`, `useRadius`, `validLocations`, `value`, `workmanship`, `animationFrameId`, `defaultScript`, `defaultScriptIntensity`, `elasticity`, `friction`, `locationId`, `modelTableId`, `objectScale`, `physicsBitField`, `physicsTableId`, `motionTableId`, `soundTableId`, `physicsState`, `translucency`)
VALUES (3704782097, 'Arena 6', 65536, 0, 0, 0, 262164, 0, 0, 0, 0, 0, 0, 8388656, 0, 100677070, 0, 0, 0, 0, 0, 0, 0, 0, 4, 0, 0, 0, 0, 0, 32, 0.3, 0, 0, 0, 0, 0, 0, 0, 0, 0, 33560143, 0, 32769, 0, 0, 0, 66576, 0);

INSERT INTO `ace_object` (`baseAceObjectId`, `weenieClassId`, `landblock`, `cell`, `posX`, `posY`, `posZ`, `qW`, `qX`, `qY`, `qZ`)
VALUES (3704782097, 34521, 178, 349, 30, -1186, 0, 1, 0, 0, 0);

INSERT INTO `base_ace_object` (`baseAceObjectId`, `name`, `typeId`, `paletteId`, `ammoType`, `blipColor`, `bitField`, `burden`, `combatUse`, `cooldownDuration`, `cooldownId`, `effects`, `containersCapacity`, `header`, `hookTypeId`, `iconId`, `iconOverlayId`, `iconUnderlayId`, `hookItemTypes`, `itemsCapacity`, `location`, `materialType`, `maxStackSize`, `maxStructure`, `radar`, `pscript`, `spellId`, `stackSize`, `structure`, `targetTypeId`, `usability`, `useRadius`, `validLocations`, `value`, `workmanship`, `animationFrameId`, `defaultScript`, `defaultScriptIntensity`, `elasticity`, `friction`, `locationId`, `modelTableId`, `objectScale`, `physicsBitField`, `physicsTableId`, `motionTableId`, `soundTableId`, `physicsState`, `translucency`)
VALUES (2447293282, 'Return to the Hall of Champions', 65536, 0, 0, 0, 262164, 0, 0, 0, 0, 0, 0, 8388656, 0, 100677070, 0, 0, 0, 0, 0, 0, 0, 0, 4, 0, 0, 0, 0, 0, 32, 0.3, 0, 0, 0, 0, 0, 0, 0, 0, 0, 33560143, 0, 32769, 0, 0, 0, 66576, 0);

INSERT INTO `ace_object` (`baseAceObjectId`, `weenieClassId`, `landblock`, `cell`, `posX`, `posY`, `posZ`, `qW`, `qX`, `qY`, `qZ`)
VALUES (2447293282, 34534, 177, 310, 30, -16, 0, 1, 0, 0, 0);

INSERT INTO `base_ace_object` (`baseAceObjectId`, `name`, `typeId`, `paletteId`, `ammoType`, `blipColor`, `bitField`, `burden`, `combatUse`, `cooldownDuration`, `cooldownId`, `effects`, `containersCapacity`, `header`, `hookTypeId`, `iconId`, `iconOverlayId`, `iconUnderlayId`, `hookItemTypes`, `itemsCapacity`, `location`, `materialType`, `maxStackSize`, `maxStructure`, `radar`, `pscript`, `spellId`, `stackSize`, `structure`, `targetTypeId`, `usability`, `useRadius`, `validLocations`, `value`, `workmanship`, `animationFrameId`, `defaultScript`, `defaultScriptIntensity`, `elasticity`, `friction`, `locationId`, `modelTableId`, `objectScale`, `physicsBitField`, `physicsTableId`, `motionTableId`, `soundTableId`, `physicsState`, `translucency`)
VALUES (3704889920, 'Heartland', 65536, 0, 0, 0, 262164, 0, 0, 0, 0, 0, 0, 8388656, 0, 100667499, 0, 0, 0, 0, 0, 0, 0, 0, 4, 0, 0, 0, 0, 0, 32, -0.1, 0, 0, 0, 0, 0, 0, 0, 0, 0, 33554867, 0, 98307, 0, 150994947, 0, 3084, 0);

INSERT INTO `ace_object` (`baseAceObjectId`, `weenieClassId`, `landblock`, `cell`, `posX`, `posY`, `posZ`, `qW`, `qX`, `qY`, `qZ`)
VALUES (3704889920, 1900, 13414, 39, 106.4064, 165.1131, 71.72146, 1, 0, 0, 0);

INSERT INTO `base_ace_object` (`baseAceObjectId`, `name`, `typeId`, `paletteId`, `ammoType`, `blipColor`, `bitField`, `burden`, `combatUse`, `cooldownDuration`, `cooldownId`, `effects`, `containersCapacity`, `header`, `hookTypeId`, `iconId`, `iconOverlayId`, `iconUnderlayId`, `hookItemTypes`, `itemsCapacity`, `location`, `materialType`, `maxStackSize`, `maxStructure`, `radar`, `pscript`, `spellId`, `stackSize`, `structure`, `targetTypeId`, `usability`, `useRadius`, `validLocations`, `value`, `workmanship`, `animationFrameId`, `defaultScript`, `defaultScriptIntensity`, `elasticity`, `friction`, `locationId`, `modelTableId`, `objectScale`, `physicsBitField`, `physicsTableId`, `motionTableId`, `soundTableId`, `physicsState`, `translucency`)
VALUES (1976860750, 'Inner Sanctum', 65536, 0, 0, 0, 262164, 0, 0, 0, 0, 0, 0, 8388656, 0, 100667499, 0, 0, 0, 0, 0, 0, 0, 0, 4, 0, 0, 0, 0, 0, 32, -0.1, 0, 0, 0, 0, 0, 0, 0, 0, 0, 33554867, 0, 98307, 0, 150994947, 0, 3084, 0);

INSERT INTO `ace_object` (`baseAceObjectId`, `weenieClassId`, `landblock`, `cell`, `posX`, `posY`, `posZ`, `qW`, `qX`, `qY`, `qZ`)
VALUES (1976860750, 22762, 23880, 261, 76.3725, -53.6409, -0.06299996, -0.3826829, 0, 0, -0.9238797);

INSERT INTO `base_ace_object` (`baseAceObjectId`, `name`, `typeId`, `paletteId`, `ammoType`, `blipColor`, `bitField`, `burden`, `combatUse`, `cooldownDuration`, `cooldownId`, `effects`, `containersCapacity`, `header`, `hookTypeId`, `iconId`, `iconOverlayId`, `iconUnderlayId`, `hookItemTypes`, `itemsCapacity`, `location`, `materialType`, `maxStackSize`, `maxStructure`, `radar`, `pscript`, `spellId`, `stackSize`, `structure`, `targetTypeId`, `usability`, `useRadius`, `validLocations`, `value`, `workmanship`, `animationFrameId`, `defaultScript`, `defaultScriptIntensity`, `elasticity`, `friction`, `locationId`, `modelTableId`, `objectScale`, `physicsBitField`, `physicsTableId`, `motionTableId`, `soundTableId`, `physicsState`, `translucency`)
VALUES (1976860749, 'Inner Sanctum', 65536, 0, 0, 0, 262164, 0, 0, 0, 0, 0, 0, 8388656, 0, 100667499, 0, 0, 0, 0, 0, 0, 0, 0, 4, 0, 0, 0, 0, 0, 32, -0.1, 0, 0, 0, 0, 0, 0, 0, 0, 0, 33554867, 0, 98307, 0, 150994947, 0, 3084, 0);

INSERT INTO `ace_object` (`baseAceObjectId`, `weenieClassId`, `landblock`, `cell`, `posX`, `posY`, `posZ`, `qW`, `qX`, `qY`, `qZ`)
VALUES (1976860749, 22762, 23880, 260, 56.3725, -53.6409, -0.06299996, -0.3826829, 0, 0, -0.9238797);

INSERT INTO `base_ace_object` (`baseAceObjectId`, `name`, `typeId`, `paletteId`, `ammoType`, `blipColor`, `bitField`, `burden`, `combatUse`, `cooldownDuration`, `cooldownId`, `effects`, `containersCapacity`, `header`, `hookTypeId`, `iconId`, `iconOverlayId`, `iconUnderlayId`, `hookItemTypes`, `itemsCapacity`, `location`, `materialType`, `maxStackSize`, `maxStructure`, `radar`, `pscript`, `spellId`, `stackSize`, `structure`, `targetTypeId`, `usability`, `useRadius`, `validLocations`, `value`, `workmanship`, `animationFrameId`, `defaultScript`, `defaultScriptIntensity`, `elasticity`, `friction`, `locationId`, `modelTableId`, `objectScale`, `physicsBitField`, `physicsTableId`, `motionTableId`, `soundTableId`, `physicsState`, `translucency`)
VALUES (1976860751, 'Inner Sanctum', 65536, 0, 0, 0, 262164, 0, 0, 0, 0, 0, 0, 8388656, 0, 100667499, 0, 0, 0, 0, 0, 0, 0, 0, 4, 0, 0, 0, 0, 0, 32, -0.1, 0, 0, 0, 0, 0, 0, 0, 0, 0, 33554867, 0, 98307, 0, 150994947, 0, 3084, 0);

INSERT INTO `ace_object` (`baseAceObjectId`, `weenieClassId`, `landblock`, `cell`, `posX`, `posY`, `posZ`, `qW`, `qX`, `qY`, `qZ`)
VALUES (1976860751, 22762, 23880, 262, 86.3725, -53.6409, -0.06299996, -0.3826829, 0, 0, -0.9238797);

INSERT INTO `base_ace_object` (`baseAceObjectId`, `name`, `typeId`, `paletteId`, `ammoType`, `blipColor`, `bitField`, `burden`, `combatUse`, `cooldownDuration`, `cooldownId`, `effects`, `containersCapacity`, `header`, `hookTypeId`, `iconId`, `iconOverlayId`, `iconUnderlayId`, `hookItemTypes`, `itemsCapacity`, `location`, `materialType`, `maxStackSize`, `maxStructure`, `radar`, `pscript`, `spellId`, `stackSize`, `structure`, `targetTypeId`, `usability`, `useRadius`, `validLocations`, `value`, `workmanship`, `animationFrameId`, `defaultScript`, `defaultScriptIntensity`, `elasticity`, `friction`, `locationId`, `modelTableId`, `objectScale`, `physicsBitField`, `physicsTableId`, `motionTableId`, `soundTableId`, `physicsState`, `translucency`)
VALUES (1976860752, 'Inner Sanctum', 65536, 0, 0, 0, 262164, 0, 0, 0, 0, 0, 0, 8388656, 0, 100667499, 0, 0, 0, 0, 0, 0, 0, 0, 4, 0, 0, 0, 0, 0, 32, -0.1, 0, 0, 0, 0, 0, 0, 0, 0, 0, 33554867, 0, 98307, 0, 150994947, 0, 3084, 0);

INSERT INTO `ace_object` (`baseAceObjectId`, `weenieClassId`, `landblock`, `cell`, `posX`, `posY`, `posZ`, `qW`, `qX`, `qY`, `qZ`)
VALUES (1976860752, 22761, 23880, 263, 106.373, -53.6409, -0.06299996, -0.3826829, 0, 0, -0.9238797);

INSERT INTO `base_ace_object` (`baseAceObjectId`, `name`, `typeId`, `paletteId`, `ammoType`, `blipColor`, `bitField`, `burden`, `combatUse`, `cooldownDuration`, `cooldownId`, `effects`, `containersCapacity`, `header`, `hookTypeId`, `iconId`, `iconOverlayId`, `iconUnderlayId`, `hookItemTypes`, `itemsCapacity`, `location`, `materialType`, `maxStackSize`, `maxStructure`, `radar`, `pscript`, `spellId`, `stackSize`, `structure`, `targetTypeId`, `usability`, `useRadius`, `validLocations`, `value`, `workmanship`, `animationFrameId`, `defaultScript`, `defaultScriptIntensity`, `elasticity`, `friction`, `locationId`, `modelTableId`, `objectScale`, `physicsBitField`, `physicsTableId`, `motionTableId`, `soundTableId`, `physicsState`, `translucency`)
VALUES (1976856654, 'Inner Sanctum', 65536, 0, 0, 0, 262164, 0, 0, 0, 0, 0, 0, 8388656, 0, 100667499, 0, 0, 0, 0, 0, 0, 0, 0, 4, 0, 0, 0, 0, 0, 32, -0.1, 0, 0, 0, 0, 0, 0, 0, 0, 0, 33554867, 0, 98307, 0, 150994947, 0, 3084, 0);

INSERT INTO `ace_object` (`baseAceObjectId`, `weenieClassId`, `landblock`, `cell`, `posX`, `posY`, `posZ`, `qW`, `qX`, `qY`, `qZ`)
VALUES (1976856654, 22758, 23879, 261, 76.3725, -53.6409, -0.06299996, -0.3826829, 0, 0, -0.9238797);

INSERT INTO `base_ace_object` (`baseAceObjectId`, `name`, `typeId`, `paletteId`, `ammoType`, `blipColor`, `bitField`, `burden`, `combatUse`, `cooldownDuration`, `cooldownId`, `effects`, `containersCapacity`, `header`, `hookTypeId`, `iconId`, `iconOverlayId`, `iconUnderlayId`, `hookItemTypes`, `itemsCapacity`, `location`, `materialType`, `maxStackSize`, `maxStructure`, `radar`, `pscript`, `spellId`, `stackSize`, `structure`, `targetTypeId`, `usability`, `useRadius`, `validLocations`, `value`, `workmanship`, `animationFrameId`, `defaultScript`, `defaultScriptIntensity`, `elasticity`, `friction`, `locationId`, `modelTableId`, `objectScale`, `physicsBitField`, `physicsTableId`, `motionTableId`, `soundTableId`, `physicsState`, `translucency`)
VALUES (1976856653, 'Inner Sanctum', 65536, 0, 0, 0, 262164, 0, 0, 0, 0, 0, 0, 8388656, 0, 100667499, 0, 0, 0, 0, 0, 0, 0, 0, 4, 0, 0, 0, 0, 0, 32, -0.1, 0, 0, 0, 0, 0, 0, 0, 0, 0, 33554867, 0, 98307, 0, 150994947, 0, 3084, 0);

INSERT INTO `ace_object` (`baseAceObjectId`, `weenieClassId`, `landblock`, `cell`, `posX`, `posY`, `posZ`, `qW`, `qX`, `qY`, `qZ`)
VALUES (1976856653, 22758, 23879, 260, 56.3725, -53.6409, -0.06299996, -0.3826829, 0, 0, -0.9238797);

INSERT INTO `base_ace_object` (`baseAceObjectId`, `name`, `typeId`, `paletteId`, `ammoType`, `blipColor`, `bitField`, `burden`, `combatUse`, `cooldownDuration`, `cooldownId`, `effects`, `containersCapacity`, `header`, `hookTypeId`, `iconId`, `iconOverlayId`, `iconUnderlayId`, `hookItemTypes`, `itemsCapacity`, `location`, `materialType`, `maxStackSize`, `maxStructure`, `radar`, `pscript`, `spellId`, `stackSize`, `structure`, `targetTypeId`, `usability`, `useRadius`, `validLocations`, `value`, `workmanship`, `animationFrameId`, `defaultScript`, `defaultScriptIntensity`, `elasticity`, `friction`, `locationId`, `modelTableId`, `objectScale`, `physicsBitField`, `physicsTableId`, `motionTableId`, `soundTableId`, `physicsState`, `translucency`)
VALUES (1976856655, 'Inner Sanctum', 65536, 0, 0, 0, 262164, 0, 0, 0, 0, 0, 0, 8388656, 0, 100667499, 0, 0, 0, 0, 0, 0, 0, 0, 4, 0, 0, 0, 0, 0, 32, -0.1, 0, 0, 0, 0, 0, 0, 0, 0, 0, 33554867, 0, 98307, 0, 150994947, 0, 3084, 0);

INSERT INTO `ace_object` (`baseAceObjectId`, `weenieClassId`, `landblock`, `cell`, `posX`, `posY`, `posZ`, `qW`, `qX`, `qY`, `qZ`)
VALUES (1976856655, 22758, 23879, 262, 86.3725, -53.6409, -0.06299996, -0.3826829, 0, 0, -0.9238797);

INSERT INTO `base_ace_object` (`baseAceObjectId`, `name`, `typeId`, `paletteId`, `ammoType`, `blipColor`, `bitField`, `burden`, `combatUse`, `cooldownDuration`, `cooldownId`, `effects`, `containersCapacity`, `header`, `hookTypeId`, `iconId`, `iconOverlayId`, `iconUnderlayId`, `hookItemTypes`, `itemsCapacity`, `location`, `materialType`, `maxStackSize`, `maxStructure`, `radar`, `pscript`, `spellId`, `stackSize`, `structure`, `targetTypeId`, `usability`, `useRadius`, `validLocations`, `value`, `workmanship`, `animationFrameId`, `defaultScript`, `defaultScriptIntensity`, `elasticity`, `friction`, `locationId`, `modelTableId`, `objectScale`, `physicsBitField`, `physicsTableId`, `motionTableId`, `soundTableId`, `physicsState`, `translucency`)
VALUES (1976856656, 'Inner Sanctum', 65536, 0, 0, 0, 262164, 0, 0, 0, 0, 0, 0, 8388656, 0, 100667499, 0, 0, 0, 0, 0, 0, 0, 0, 4, 0, 0, 0, 0, 0, 32, -0.1, 0, 0, 0, 0, 0, 0, 0, 0, 0, 33554867, 0, 98307, 0, 150994947, 0, 3084, 0);

INSERT INTO `ace_object` (`baseAceObjectId`, `weenieClassId`, `landblock`, `cell`, `posX`, `posY`, `posZ`, `qW`, `qX`, `qY`, `qZ`)
VALUES (1976856656, 22757, 23879, 263, 106.373, -53.6409, -0.06299996, -0.3826829, 0, 0, -0.9238797);

INSERT INTO `base_ace_object` (`baseAceObjectId`, `name`, `typeId`, `paletteId`, `ammoType`, `blipColor`, `bitField`, `burden`, `combatUse`, `cooldownDuration`, `cooldownId`, `effects`, `containersCapacity`, `header`, `hookTypeId`, `iconId`, `iconOverlayId`, `iconUnderlayId`, `hookItemTypes`, `itemsCapacity`, `location`, `materialType`, `maxStackSize`, `maxStructure`, `radar`, `pscript`, `spellId`, `stackSize`, `structure`, `targetTypeId`, `usability`, `useRadius`, `validLocations`, `value`, `workmanship`, `animationFrameId`, `defaultScript`, `defaultScriptIntensity`, `elasticity`, `friction`, `locationId`, `modelTableId`, `objectScale`, `physicsBitField`, `physicsTableId`, `motionTableId`, `soundTableId`, `physicsState`, `translucency`)
VALUES (1880678400, 'Abayar''s Study', 65536, 0, 0, 0, 262164, 0, 0, 0, 0, 0, 0, 8388656, 0, 100667499, 0, 0, 0, 0, 0, 0, 0, 0, 4, 0, 0, 0, 0, 0, 32, -0.1, 0, 0, 0, 0, 0, 0, 0, 0, 0, 33555925, 0, 98307, 0, 150994947, 0, 3084, 0);

INSERT INTO `ace_object` (`baseAceObjectId`, `weenieClassId`, `landblock`, `cell`, `posX`, `posY`, `posZ`, `qW`, `qX`, `qY`, `qZ`)
VALUES (1880678400, 28823, 398, 259, 179.84, -331.474, -24.063, 0, 0, 0, -1);

INSERT INTO `base_ace_object` (`baseAceObjectId`, `name`, `typeId`, `paletteId`, `ammoType`, `blipColor`, `bitField`, `burden`, `combatUse`, `cooldownDuration`, `cooldownId`, `effects`, `containersCapacity`, `header`, `hookTypeId`, `iconId`, `iconOverlayId`, `iconUnderlayId`, `hookItemTypes`, `itemsCapacity`, `location`, `materialType`, `maxStackSize`, `maxStructure`, `radar`, `pscript`, `spellId`, `stackSize`, `structure`, `targetTypeId`, `usability`, `useRadius`, `validLocations`, `value`, `workmanship`, `animationFrameId`, `defaultScript`, `defaultScriptIntensity`, `elasticity`, `friction`, `locationId`, `modelTableId`, `objectScale`, `physicsBitField`, `physicsTableId`, `motionTableId`, `soundTableId`, `physicsState`, `translucency`)
VALUES (1880723488, 'Surface', 65536, 0, 0, 0, 262164, 0, 0, 0, 0, 0, 0, 8388656, 0, 100667499, 0, 0, 0, 0, 0, 0, 0, 0, 4, 0, 0, 0, 0, 0, 32, -0.1, 0, 0, 0, 0, 0, 0, 0, 0, 0, 33554867, 0, 98307, 0, 150994947, 0, 3084, 0);

INSERT INTO `ace_object` (`baseAceObjectId`, `weenieClassId`, `landblock`, `cell`, `posX`, `posY`, `posZ`, `qW`, `qX`, `qY`, `qZ`)
VALUES (1880723488, 28824, 409, 373, 50.0249, -163.641, -0.06299996, 0.0107084, 0, 0, -0.9999427);

INSERT INTO `base_ace_object` (`baseAceObjectId`, `name`, `typeId`, `paletteId`, `ammoType`, `blipColor`, `bitField`, `burden`, `combatUse`, `cooldownDuration`, `cooldownId`, `effects`, `containersCapacity`, `header`, `hookTypeId`, `iconId`, `iconOverlayId`, `iconUnderlayId`, `hookItemTypes`, `itemsCapacity`, `location`, `materialType`, `maxStackSize`, `maxStructure`, `radar`, `pscript`, `spellId`, `stackSize`, `structure`, `targetTypeId`, `usability`, `useRadius`, `validLocations`, `value`, `workmanship`, `animationFrameId`, `defaultScript`, `defaultScriptIntensity`, `elasticity`, `friction`, `locationId`, `modelTableId`, `objectScale`, `physicsBitField`, `physicsTableId`, `motionTableId`, `soundTableId`, `physicsState`, `translucency`)
VALUES (1984512069, 'House Portal', 65536, 0, 0, 0, 262164, 0, 0, 0, 0, 0, 0, 41943088, 0, 100667499, 0, 0, 0, 0, 0, 0, 0, 0, 4, 0, 0, 0, 0, 0, 32, 0.75, 0, 0, 0, 0, 0, 0, 0, 0, 0, 33554867, 0, 98307, 0, 150994947, 0, 3076, 0);

INSERT INTO `ace_object` (`baseAceObjectId`, `weenieClassId`, `landblock`, `cell`, `posX`, `posY`, `posZ`, `qW`, `qX`, `qY`, `qZ`)
VALUES (1984512069, 11730, 25748, 338, 90.3404, 151.061, -22.063, 0.703993, 0, 0, -0.7102069);

INSERT INTO `base_ace_object` (`baseAceObjectId`, `name`, `typeId`, `paletteId`, `ammoType`, `blipColor`, `bitField`, `burden`, `combatUse`, `cooldownDuration`, `cooldownId`, `effects`, `containersCapacity`, `header`, `hookTypeId`, `iconId`, `iconOverlayId`, `iconUnderlayId`, `hookItemTypes`, `itemsCapacity`, `location`, `materialType`, `maxStackSize`, `maxStructure`, `radar`, `pscript`, `spellId`, `stackSize`, `structure`, `targetTypeId`, `usability`, `useRadius`, `validLocations`, `value`, `workmanship`, `animationFrameId`, `defaultScript`, `defaultScriptIntensity`, `elasticity`, `friction`, `locationId`, `modelTableId`, `objectScale`, `physicsBitField`, `physicsTableId`, `motionTableId`, `soundTableId`, `physicsState`, `translucency`)
VALUES (2880417187, 'Small Hive Portal', 65536, 0, 0, 0, 262164, 0, 0, 0, 0, 0, 0, 8388656, 0, 100667499, 0, 0, 0, 0, 0, 0, 0, 0, 4, 0, 0, 0, 0, 0, 32, -0.1, 0, 0, 0, 0, 0, 0, 0, 0, 0, 33555926, 0, 98307, 0, 150994947, 0, 3084, 0);

INSERT INTO `ace_object` (`baseAceObjectId`, `weenieClassId`, `landblock`, `cell`, `posX`, `posY`, `posZ`, `qW`, `qX`, `qY`, `qZ`)
VALUES (2880417187, 11221, 8119, 51, 159.3001, 53.83547, 89.937, 1, 0, 0, 0);

INSERT INTO `base_ace_object` (`baseAceObjectId`, `name`, `typeId`, `paletteId`, `ammoType`, `blipColor`, `bitField`, `burden`, `combatUse`, `cooldownDuration`, `cooldownId`, `effects`, `containersCapacity`, `header`, `hookTypeId`, `iconId`, `iconOverlayId`, `iconUnderlayId`, `hookItemTypes`, `itemsCapacity`, `location`, `materialType`, `maxStackSize`, `maxStructure`, `radar`, `pscript`, `spellId`, `stackSize`, `structure`, `targetTypeId`, `usability`, `useRadius`, `validLocations`, `value`, `workmanship`, `animationFrameId`, `defaultScript`, `defaultScriptIntensity`, `elasticity`, `friction`, `locationId`, `modelTableId`, `objectScale`, `physicsBitField`, `physicsTableId`, `motionTableId`, `soundTableId`, `physicsState`, `translucency`)
VALUES (1955287040, 'Virindi Research Facility', 65536, 0, 0, 0, 262164, 0, 0, 0, 0, 0, 0, 8388656, 0, 100667499, 0, 0, 0, 0, 0, 0, 0, 0, 4, 0, 0, 0, 0, 0, 32, -0.1, 0, 0, 0, 0, 0, 0, 0, 0, 0, 33555925, 0, 98307, 0, 150994947, 0, 3084, 0);

INSERT INTO `ace_object` (`baseAceObjectId`, `weenieClassId`, `landblock`, `cell`, `posX`, `posY`, `posZ`, `qW`, `qX`, `qY`, `qZ`)
VALUES (1955287040, 46012, 18613, 45, 143.6973, 98.40269, 171.214, 0.0240843, 0, 0, -0.9997099);

INSERT INTO `base_ace_object` (`baseAceObjectId`, `name`, `typeId`, `paletteId`, `ammoType`, `blipColor`, `bitField`, `burden`, `combatUse`, `cooldownDuration`, `cooldownId`, `effects`, `containersCapacity`, `header`, `hookTypeId`, `iconId`, `iconOverlayId`, `iconUnderlayId`, `hookItemTypes`, `itemsCapacity`, `location`, `materialType`, `maxStackSize`, `maxStructure`, `radar`, `pscript`, `spellId`, `stackSize`, `structure`, `targetTypeId`, `usability`, `useRadius`, `validLocations`, `value`, `workmanship`, `animationFrameId`, `defaultScript`, `defaultScriptIntensity`, `elasticity`, `friction`, `locationId`, `modelTableId`, `objectScale`, `physicsBitField`, `physicsTableId`, `motionTableId`, `soundTableId`, `physicsState`, `translucency`)
VALUES (1944690688, 'Destroyed Glenden Wood Portal', 65536, 0, 0, 0, 262164, 0, 0, 0, 0, 0, 0, 48, 0, 100667499, 0, 0, 0, 0, 0, 0, 0, 0, 0, 0, 0, 0, 0, 0, 1, -0.1, 0, 0, 0, 0, 0, 0, 0, 0, 0, 33561060, 0, 98307, 0, 150995314, 0, 3092, 0);

INSERT INTO `ace_object` (`baseAceObjectId`, `weenieClassId`, `landblock`, `cell`, `posX`, `posY`, `posZ`, `qW`, `qX`, `qY`, `qZ`)
VALUES (1944690688, 1017, 16026, 59, 173.6, 69.7, 120.0652, -0.6626199, 0, 0, -0.7489558);

INSERT INTO `base_ace_object` (`baseAceObjectId`, `name`, `typeId`, `paletteId`, `ammoType`, `blipColor`, `bitField`, `burden`, `combatUse`, `cooldownDuration`, `cooldownId`, `effects`, `containersCapacity`, `header`, `hookTypeId`, `iconId`, `iconOverlayId`, `iconUnderlayId`, `hookItemTypes`, `itemsCapacity`, `location`, `materialType`, `maxStackSize`, `maxStructure`, `radar`, `pscript`, `spellId`, `stackSize`, `structure`, `targetTypeId`, `usability`, `useRadius`, `validLocations`, `value`, `workmanship`, `animationFrameId`, `defaultScript`, `defaultScriptIntensity`, `elasticity`, `friction`, `locationId`, `modelTableId`, `objectScale`, `physicsBitField`, `physicsTableId`, `motionTableId`, `soundTableId`, `physicsState`, `translucency`)
VALUES (1936236544, 'Mistress Halmera''s Dig', 65536, 0, 0, 0, 262164, 0, 0, 0, 0, 0, 0, 8388656, 0, 100667499, 0, 0, 0, 0, 0, 0, 0, 0, 4, 0, 0, 0, 0, 0, 32, -0.1, 0, 0, 0, 0, 0, 0, 0, 0, 0, 33555924, 0, 98307, 0, 150994947, 0, 3084, 0);

INSERT INTO `ace_object` (`baseAceObjectId`, `weenieClassId`, `landblock`, `cell`, `posX`, `posY`, `posZ`, `qW`, `qX`, `qY`, `qZ`)
VALUES (1936236544, 32235, 13962, 10, 33.9626, 31.8078, 83.937, -0.6716859, 0, 0, 0.740836);

INSERT INTO `base_ace_object` (`baseAceObjectId`, `name`, `typeId`, `paletteId`, `ammoType`, `blipColor`, `bitField`, `burden`, `combatUse`, `cooldownDuration`, `cooldownId`, `effects`, `containersCapacity`, `header`, `hookTypeId`, `iconId`, `iconOverlayId`, `iconUnderlayId`, `hookItemTypes`, `itemsCapacity`, `location`, `materialType`, `maxStackSize`, `maxStructure`, `radar`, `pscript`, `spellId`, `stackSize`, `structure`, `targetTypeId`, `usability`, `useRadius`, `validLocations`, `value`, `workmanship`, `animationFrameId`, `defaultScript`, `defaultScriptIntensity`, `elasticity`, `friction`, `locationId`, `modelTableId`, `objectScale`, `physicsBitField`, `physicsTableId`, `motionTableId`, `soundTableId`, `physicsState`, `translucency`)
VALUES (2882653895, 'Baishi Portal', 65536, 0, 0, 0, 262164, 0, 0, 0, 0, 0, 0, 8388656, 0, 100667499, 0, 0, 0, 0, 0, 0, 0, 0, 4, 0, 0, 0, 0, 0, 32, -0.1, 0, 0, 0, 0, 0, 0, 0, 0, 0, 33554867, 0, 98307, 0, 150994947, 0, 3084, 0);

INSERT INTO `ace_object` (`baseAceObjectId`, `weenieClassId`, `landblock`, `cell`, `posX`, `posY`, `posZ`, `qW`, `qX`, `qY`, `qZ`)
VALUES (2882653895, 42845, 11650, 4, 14.64646, 92.03666, 35.04674, 1, 0, 0, 0);

INSERT INTO `base_ace_object` (`baseAceObjectId`, `name`, `typeId`, `paletteId`, `ammoType`, `blipColor`, `bitField`, `burden`, `combatUse`, `cooldownDuration`, `cooldownId`, `effects`, `containersCapacity`, `header`, `hookTypeId`, `iconId`, `iconOverlayId`, `iconUnderlayId`, `hookItemTypes`, `itemsCapacity`, `location`, `materialType`, `maxStackSize`, `maxStructure`, `radar`, `pscript`, `spellId`, `stackSize`, `structure`, `targetTypeId`, `usability`, `useRadius`, `validLocations`, `value`, `workmanship`, `animationFrameId`, `defaultScript`, `defaultScriptIntensity`, `elasticity`, `friction`, `locationId`, `modelTableId`, `objectScale`, `physicsBitField`, `physicsTableId`, `motionTableId`, `soundTableId`, `physicsState`, `translucency`)
VALUES (2882282034, 'Portal to Hebian-To', 65536, 0, 0, 0, 262164, 0, 0, 0, 0, 0, 0, 8388656, 0, 100667499, 0, 0, 0, 0, 0, 0, 0, 0, 4, 0, 0, 0, 0, 0, 32, -0.1, 0, 0, 0, 0, 0, 0, 0, 0, 0, 33554867, 0, 98307, 0, 150994947, 0, 3084, 0);

INSERT INTO `ace_object` (`baseAceObjectId`, `weenieClassId`, `landblock`, `cell`, `posX`, `posY`, `posZ`, `qW`, `qX`, `qY`, `qZ`)
VALUES (2882282034, 42846, 14900, 33, 105.8175, 22.01856, 48.49191, 1, 0, 0, 0);

INSERT INTO `base_ace_object` (`baseAceObjectId`, `name`, `typeId`, `paletteId`, `ammoType`, `blipColor`, `bitField`, `burden`, `combatUse`, `cooldownDuration`, `cooldownId`, `effects`, `containersCapacity`, `header`, `hookTypeId`, `iconId`, `iconOverlayId`, `iconUnderlayId`, `hookItemTypes`, `itemsCapacity`, `location`, `materialType`, `maxStackSize`, `maxStructure`, `radar`, `pscript`, `spellId`, `stackSize`, `structure`, `targetTypeId`, `usability`, `useRadius`, `validLocations`, `value`, `workmanship`, `animationFrameId`, `defaultScript`, `defaultScriptIntensity`, `elasticity`, `friction`, `locationId`, `modelTableId`, `objectScale`, `physicsBitField`, `physicsTableId`, `motionTableId`, `soundTableId`, `physicsState`, `translucency`)
VALUES (2883610345, 'Portal to Zaikhal', 65536, 0, 0, 0, 262164, 0, 0, 0, 0, 0, 0, 8388656, 0, 100667499, 0, 0, 0, 0, 0, 0, 0, 0, 4, 0, 0, 0, 0, 0, 32, -0.1, 0, 0, 0, 0, 0, 0, 0, 0, 0, 33555923, 0, 98307, 0, 150994947, 0, 3084, 0);

INSERT INTO `ace_object` (`baseAceObjectId`, `weenieClassId`, `landblock`, `cell`, `posX`, `posY`, `posZ`, `qW`, `qX`, `qY`, `qZ`)
VALUES (2883610345, 42831, 10057, 44, 129.252, 73.86307, 7.341755, 1, 0, 0, 0);

INSERT INTO `base_ace_object` (`baseAceObjectId`, `name`, `typeId`, `paletteId`, `ammoType`, `blipColor`, `bitField`, `burden`, `combatUse`, `cooldownDuration`, `cooldownId`, `effects`, `containersCapacity`, `header`, `hookTypeId`, `iconId`, `iconOverlayId`, `iconUnderlayId`, `hookItemTypes`, `itemsCapacity`, `location`, `materialType`, `maxStackSize`, `maxStructure`, `radar`, `pscript`, `spellId`, `stackSize`, `structure`, `targetTypeId`, `usability`, `useRadius`, `validLocations`, `value`, `workmanship`, `animationFrameId`, `defaultScript`, `defaultScriptIntensity`, `elasticity`, `friction`, `locationId`, `modelTableId`, `objectScale`, `physicsBitField`, `physicsTableId`, `motionTableId`, `soundTableId`, `physicsState`, `translucency`)
VALUES (1985249453, 'Exit', 65536, 0, 0, 0, 262164, 0, 0, 0, 0, 0, 0, 8388656, 0, 100667499, 0, 0, 0, 0, 0, 0, 0, 0, 4, 0, 0, 0, 0, 0, 32, -0.1, 0, 0, 0, 0, 0, 0, 0, 0, 0, 33555925, 0, 98307, 0, 150994947, 0, 2060, 0);

INSERT INTO `ace_object` (`baseAceObjectId`, `weenieClassId`, `landblock`, `cell`, `posX`, `posY`, `posZ`, `qW`, `qX`, `qY`, `qZ`)
VALUES (1985249453, 27299, 25928, 321, 89.7936, -153.643, -78.063, 0.002298961, 0, 0, -0.9999974);

INSERT INTO `base_ace_object` (`baseAceObjectId`, `name`, `typeId`, `paletteId`, `ammoType`, `blipColor`, `bitField`, `burden`, `combatUse`, `cooldownDuration`, `cooldownId`, `effects`, `containersCapacity`, `header`, `hookTypeId`, `iconId`, `iconOverlayId`, `iconUnderlayId`, `hookItemTypes`, `itemsCapacity`, `location`, `materialType`, `maxStackSize`, `maxStructure`, `radar`, `pscript`, `spellId`, `stackSize`, `structure`, `targetTypeId`, `usability`, `useRadius`, `validLocations`, `value`, `workmanship`, `animationFrameId`, `defaultScript`, `defaultScriptIntensity`, `elasticity`, `friction`, `locationId`, `modelTableId`, `objectScale`, `physicsBitField`, `physicsTableId`, `motionTableId`, `soundTableId`, `physicsState`, `translucency`)
VALUES (1879990274, 'Prodigal Shadow Child''s Lair', 65536, 0, 0, 0, 262164, 0, 0, 0, 0, 0, 0, 8388656, 0, 100667499, 0, 0, 0, 0, 0, 0, 0, 0, 4, 0, 0, 0, 0, 0, 32, -0.1, 0, 0, 0, 0, 0, 0, 0, 0, 0, 33555925, 0, 98307, 0, 150994947, 0, 3084, 0);

INSERT INTO `ace_object` (`baseAceObjectId`, `weenieClassId`, `landblock`, `cell`, `posX`, `posY`, `posZ`, `qW`, `qX`, `qY`, `qZ`)
VALUES (1879990274, 36008, 230, 303, 130, -40, -48.063, 1, 0, 0, 0);

INSERT INTO `base_ace_object` (`baseAceObjectId`, `name`, `typeId`, `paletteId`, `ammoType`, `blipColor`, `bitField`, `burden`, `combatUse`, `cooldownDuration`, `cooldownId`, `effects`, `containersCapacity`, `header`, `hookTypeId`, `iconId`, `iconOverlayId`, `iconUnderlayId`, `hookItemTypes`, `itemsCapacity`, `location`, `materialType`, `maxStackSize`, `maxStructure`, `radar`, `pscript`, `spellId`, `stackSize`, `structure`, `targetTypeId`, `usability`, `useRadius`, `validLocations`, `value`, `workmanship`, `animationFrameId`, `defaultScript`, `defaultScriptIntensity`, `elasticity`, `friction`, `locationId`, `modelTableId`, `objectScale`, `physicsBitField`, `physicsTableId`, `motionTableId`, `soundTableId`, `physicsState`, `translucency`)
VALUES (1879990450, 'Exit', 65536, 0, 0, 0, 262164, 0, 0, 0, 0, 0, 0, 8388656, 0, 100667499, 0, 0, 0, 0, 0, 0, 0, 0, 4, 0, 0, 0, 0, 0, 32, -0.1, 0, 0, 0, 0, 0, 0, 0, 0, 0, 33555925, 0, 98307, 0, 150994947, 0, 2060, 0);

INSERT INTO `ace_object` (`baseAceObjectId`, `weenieClassId`, `landblock`, `cell`, `posX`, `posY`, `posZ`, `qW`, `qX`, `qY`, `qZ`)
VALUES (1879990450, 27299, 230, 1065, 213.168, 3.183, -0.06299996, 0.9238793, 0, 0, -0.3826841);

INSERT INTO `base_ace_object` (`baseAceObjectId`, `name`, `typeId`, `paletteId`, `ammoType`, `blipColor`, `bitField`, `burden`, `combatUse`, `cooldownDuration`, `cooldownId`, `effects`, `containersCapacity`, `header`, `hookTypeId`, `iconId`, `iconOverlayId`, `iconUnderlayId`, `hookItemTypes`, `itemsCapacity`, `location`, `materialType`, `maxStackSize`, `maxStructure`, `radar`, `pscript`, `spellId`, `stackSize`, `structure`, `targetTypeId`, `usability`, `useRadius`, `validLocations`, `value`, `workmanship`, `animationFrameId`, `defaultScript`, `defaultScriptIntensity`, `elasticity`, `friction`, `locationId`, `modelTableId`, `objectScale`, `physicsBitField`, `physicsTableId`, `motionTableId`, `soundTableId`, `physicsState`, `translucency`)
VALUES (3359492546, 'Plateau Portal', 65536, 0, 0, 0, 262164, 0, 0, 0, 0, 0, 0, 8388656, 0, 100667499, 0, 0, 0, 0, 0, 0, 0, 0, 4, 0, 0, 0, 0, 0, 32, -0.1, 0, 0, 0, 0, 0, 0, 0, 0, 0, 33554867, 0, 98307, 0, 150994947, 0, 3084, 0);

INSERT INTO `ace_object` (`baseAceObjectId`, `weenieClassId`, `landblock`, `cell`, `posX`, `posY`, `posZ`, `qW`, `qX`, `qY`, `qZ`)
VALUES (3359492546, 42812, 11587, 17, 54.92671, 13.49448, 24.8317, 1, 0, 0, 0);

INSERT INTO `base_ace_object` (`baseAceObjectId`, `name`, `typeId`, `paletteId`, `ammoType`, `blipColor`, `bitField`, `burden`, `combatUse`, `cooldownDuration`, `cooldownId`, `effects`, `containersCapacity`, `header`, `hookTypeId`, `iconId`, `iconOverlayId`, `iconUnderlayId`, `hookItemTypes`, `itemsCapacity`, `location`, `materialType`, `maxStackSize`, `maxStructure`, `radar`, `pscript`, `spellId`, `stackSize`, `structure`, `targetTypeId`, `usability`, `useRadius`, `validLocations`, `value`, `workmanship`, `animationFrameId`, `defaultScript`, `defaultScriptIntensity`, `elasticity`, `friction`, `locationId`, `modelTableId`, `objectScale`, `physicsBitField`, `physicsTableId`, `motionTableId`, `soundTableId`, `physicsState`, `translucency`)
VALUES (3361543249, 'Direlands North Landbridge Portal', 65536, 0, 0, 0, 262164, 0, 0, 0, 0, 0, 0, 8388656, 0, 100667499, 0, 0, 0, 0, 0, 0, 0, 0, 4, 0, 0, 0, 0, 0, 32, -0.1, 0, 0, 0, 0, 0, 0, 0, 0, 0, 33555926, 0, 98307, 0, 150994947, 0, 3084, 0);

INSERT INTO `ace_object` (`baseAceObjectId`, `weenieClassId`, `landblock`, `cell`, `posX`, `posY`, `posZ`, `qW`, `qX`, `qY`, `qZ`)
VALUES (3361543249, 8389, 42194, 13, 47.91833, 108.1026, 252.915, 0.9537169, 0, 0, -0.3007058);

INSERT INTO `base_ace_object` (`baseAceObjectId`, `name`, `typeId`, `paletteId`, `ammoType`, `blipColor`, `bitField`, `burden`, `combatUse`, `cooldownDuration`, `cooldownId`, `effects`, `containersCapacity`, `header`, `hookTypeId`, `iconId`, `iconOverlayId`, `iconUnderlayId`, `hookItemTypes`, `itemsCapacity`, `location`, `materialType`, `maxStackSize`, `maxStructure`, `radar`, `pscript`, `spellId`, `stackSize`, `structure`, `targetTypeId`, `usability`, `useRadius`, `validLocations`, `value`, `workmanship`, `animationFrameId`, `defaultScript`, `defaultScriptIntensity`, `elasticity`, `friction`, `locationId`, `modelTableId`, `objectScale`, `physicsBitField`, `physicsTableId`, `motionTableId`, `soundTableId`, `physicsState`, `translucency`)
VALUES (1879445781, 'Portal Summoning Site', 65536, 0, 0, 0, 262164, 0, 0, 0, 0, 0, 0, 8388656, 0, 100667499, 0, 0, 0, 0, 0, 0, 0, 0, 4, 0, 0, 0, 0, 0, 32, -0.1, 0, 0, 0, 0, 0, 0, 0, 0, 0, 33554867, 0, 98307, 0, 150994947, 0, 3084, 0);

INSERT INTO `ace_object` (`baseAceObjectId`, `weenieClassId`, `landblock`, `cell`, `posX`, `posY`, `posZ`, `qW`, `qX`, `qY`, `qZ`)
VALUES (1879445781, 34603, 97, 1724, 41.1065, -41.3331, -0.06299996, 0.3826829, 0, 0, -0.9238797);

INSERT INTO `base_ace_object` (`baseAceObjectId`, `name`, `typeId`, `paletteId`, `ammoType`, `blipColor`, `bitField`, `burden`, `combatUse`, `cooldownDuration`, `cooldownId`, `effects`, `containersCapacity`, `header`, `hookTypeId`, `iconId`, `iconOverlayId`, `iconUnderlayId`, `hookItemTypes`, `itemsCapacity`, `location`, `materialType`, `maxStackSize`, `maxStructure`, `radar`, `pscript`, `spellId`, `stackSize`, `structure`, `targetTypeId`, `usability`, `useRadius`, `validLocations`, `value`, `workmanship`, `animationFrameId`, `defaultScript`, `defaultScriptIntensity`, `elasticity`, `friction`, `locationId`, `modelTableId`, `objectScale`, `physicsBitField`, `physicsTableId`, `motionTableId`, `soundTableId`, `physicsState`, `translucency`)
VALUES (3361979797, 'Emissary''s Return Portal', 65536, 0, 0, 0, 262164, 0, 0, 0, 0, 0, 0, 8388656, 0, 100667499, 0, 0, 0, 0, 0, 0, 0, 0, 4, 0, 0, 0, 0, 0, 32, 0.1, 0, 0, 0, 0, 0, 0, 0, 0, 0, 33556212, 0, 98307, 0, 150994947, 0, 3092, 0);

INSERT INTO `ace_object` (`baseAceObjectId`, `weenieClassId`, `landblock`, `cell`, `posX`, `posY`, `posZ`, `qW`, `qX`, `qY`, `qZ`)
VALUES (3361979797, 37047, 12079, 41, 132, 13, 145.937, 1, 0, 0, 0);

INSERT INTO `base_ace_object` (`baseAceObjectId`, `name`, `typeId`, `paletteId`, `ammoType`, `blipColor`, `bitField`, `burden`, `combatUse`, `cooldownDuration`, `cooldownId`, `effects`, `containersCapacity`, `header`, `hookTypeId`, `iconId`, `iconOverlayId`, `iconUnderlayId`, `hookItemTypes`, `itemsCapacity`, `location`, `materialType`, `maxStackSize`, `maxStructure`, `radar`, `pscript`, `spellId`, `stackSize`, `structure`, `targetTypeId`, `usability`, `useRadius`, `validLocations`, `value`, `workmanship`, `animationFrameId`, `defaultScript`, `defaultScriptIntensity`, `elasticity`, `friction`, `locationId`, `modelTableId`, `objectScale`, `physicsBitField`, `physicsTableId`, `motionTableId`, `soundTableId`, `physicsState`, `translucency`)
VALUES (3361037266, 'Emissary''s Return Portal', 65536, 0, 0, 0, 262164, 0, 0, 0, 0, 0, 0, 8388656, 0, 100667499, 0, 0, 0, 0, 0, 0, 0, 0, 4, 0, 0, 0, 0, 0, 32, 0.1, 0, 0, 0, 0, 0, 0, 0, 0, 0, 33556212, 0, 98307, 0, 150994947, 0, 3092, 0);

INSERT INTO `ace_object` (`baseAceObjectId`, `weenieClassId`, `landblock`, `cell`, `posX`, `posY`, `posZ`, `qW`, `qX`, `qY`, `qZ`)
VALUES (3361037266, 37047, 12079, 59, 180, 60, 145.937, 1, 0, 0, 0);

INSERT INTO `base_ace_object` (`baseAceObjectId`, `name`, `typeId`, `paletteId`, `ammoType`, `blipColor`, `bitField`, `burden`, `combatUse`, `cooldownDuration`, `cooldownId`, `effects`, `containersCapacity`, `header`, `hookTypeId`, `iconId`, `iconOverlayId`, `iconUnderlayId`, `hookItemTypes`, `itemsCapacity`, `location`, `materialType`, `maxStackSize`, `maxStructure`, `radar`, `pscript`, `spellId`, `stackSize`, `structure`, `targetTypeId`, `usability`, `useRadius`, `validLocations`, `value`, `workmanship`, `animationFrameId`, `defaultScript`, `defaultScriptIntensity`, `elasticity`, `friction`, `locationId`, `modelTableId`, `objectScale`, `physicsBitField`, `physicsTableId`, `motionTableId`, `soundTableId`, `physicsState`, `translucency`)
VALUES (3361979892, 'Emissary''s Return Portal', 65536, 0, 0, 0, 262164, 0, 0, 0, 0, 0, 0, 8388656, 0, 100667499, 0, 0, 0, 0, 0, 0, 0, 0, 4, 0, 0, 0, 0, 0, 32, 0.1, 0, 0, 0, 0, 0, 0, 0, 0, 0, 33556212, 0, 98307, 0, 150994947, 0, 3092, 0);

INSERT INTO `ace_object` (`baseAceObjectId`, `weenieClassId`, `landblock`, `cell`, `posX`, `posY`, `posZ`, `qW`, `qX`, `qY`, `qZ`)
VALUES (3361979892, 37047, 12079, 27, 84, 60, 145.937, 1, 0, 0, 0);

INSERT INTO `base_ace_object` (`baseAceObjectId`, `name`, `typeId`, `paletteId`, `ammoType`, `blipColor`, `bitField`, `burden`, `combatUse`, `cooldownDuration`, `cooldownId`, `effects`, `containersCapacity`, `header`, `hookTypeId`, `iconId`, `iconOverlayId`, `iconUnderlayId`, `hookItemTypes`, `itemsCapacity`, `location`, `materialType`, `maxStackSize`, `maxStructure`, `radar`, `pscript`, `spellId`, `stackSize`, `structure`, `targetTypeId`, `usability`, `useRadius`, `validLocations`, `value`, `workmanship`, `animationFrameId`, `defaultScript`, `defaultScriptIntensity`, `elasticity`, `friction`, `locationId`, `modelTableId`, `objectScale`, `physicsBitField`, `physicsTableId`, `motionTableId`, `soundTableId`, `physicsState`, `translucency`)
VALUES (3361979786, 'Emissary''s Return Portal', 65536, 0, 0, 0, 262164, 0, 0, 0, 0, 0, 0, 8388656, 0, 100667499, 0, 0, 0, 0, 0, 0, 0, 0, 4, 0, 0, 0, 0, 0, 32, 0.1, 0, 0, 0, 0, 0, 0, 0, 0, 0, 33556212, 0, 98307, 0, 150994947, 0, 3092, 0);

INSERT INTO `ace_object` (`baseAceObjectId`, `weenieClassId`, `landblock`, `cell`, `posX`, `posY`, `posZ`, `qW`, `qX`, `qY`, `qZ`)
VALUES (3361979786, 37047, 12079, 45, 132, 108, 145.937, 1, 0, 0, 0);

INSERT INTO `base_ace_object` (`baseAceObjectId`, `name`, `typeId`, `paletteId`, `ammoType`, `blipColor`, `bitField`, `burden`, `combatUse`, `cooldownDuration`, `cooldownId`, `effects`, `containersCapacity`, `header`, `hookTypeId`, `iconId`, `iconOverlayId`, `iconUnderlayId`, `hookItemTypes`, `itemsCapacity`, `location`, `materialType`, `maxStackSize`, `maxStructure`, `radar`, `pscript`, `spellId`, `stackSize`, `structure`, `targetTypeId`, `usability`, `useRadius`, `validLocations`, `value`, `workmanship`, `animationFrameId`, `defaultScript`, `defaultScriptIntensity`, `elasticity`, `friction`, `locationId`, `modelTableId`, `objectScale`, `physicsBitField`, `physicsTableId`, `motionTableId`, `soundTableId`, `physicsState`, `translucency`)
VALUES (3361979798, 'Emissary''s Return Portal', 65536, 0, 0, 0, 262164, 0, 0, 0, 0, 0, 0, 8388656, 0, 100667499, 0, 0, 0, 0, 0, 0, 0, 0, 4, 0, 0, 0, 0, 0, 32, 0.1, 0, 0, 0, 0, 0, 0, 0, 0, 0, 33556212, 0, 98307, 0, 150994947, 0, 3092, 0);

INSERT INTO `ace_object` (`baseAceObjectId`, `weenieClassId`, `landblock`, `cell`, `posX`, `posY`, `posZ`, `qW`, `qX`, `qY`, `qZ`)
VALUES (3361979798, 37047, 12335, 51, 156, 60, 125.5125, 1, 0, 0, 0);

INSERT INTO `base_ace_object` (`baseAceObjectId`, `name`, `typeId`, `paletteId`, `ammoType`, `blipColor`, `bitField`, `burden`, `combatUse`, `cooldownDuration`, `cooldownId`, `effects`, `containersCapacity`, `header`, `hookTypeId`, `iconId`, `iconOverlayId`, `iconUnderlayId`, `hookItemTypes`, `itemsCapacity`, `location`, `materialType`, `maxStackSize`, `maxStructure`, `radar`, `pscript`, `spellId`, `stackSize`, `structure`, `targetTypeId`, `usability`, `useRadius`, `validLocations`, `value`, `workmanship`, `animationFrameId`, `defaultScript`, `defaultScriptIntensity`, `elasticity`, `friction`, `locationId`, `modelTableId`, `objectScale`, `physicsBitField`, `physicsTableId`, `motionTableId`, `soundTableId`, `physicsState`, `translucency`)
VALUES (3361979811, 'Emissary''s Return Portal', 65536, 0, 0, 0, 262164, 0, 0, 0, 0, 0, 0, 8388656, 0, 100667499, 0, 0, 0, 0, 0, 0, 0, 0, 4, 0, 0, 0, 0, 0, 32, 0.1, 0, 0, 0, 0, 0, 0, 0, 0, 0, 33556212, 0, 98307, 0, 150994947, 0, 3092, 0);

INSERT INTO `ace_object` (`baseAceObjectId`, `weenieClassId`, `landblock`, `cell`, `posX`, `posY`, `posZ`, `qW`, `qX`, `qY`, `qZ`)
VALUES (3361979811, 37047, 12080, 44, 132, 84, 125.5125, 1, 0, 0, 0);

INSERT INTO `base_ace_object` (`baseAceObjectId`, `name`, `typeId`, `paletteId`, `ammoType`, `blipColor`, `bitField`, `burden`, `combatUse`, `cooldownDuration`, `cooldownId`, `effects`, `containersCapacity`, `header`, `hookTypeId`, `iconId`, `iconOverlayId`, `iconUnderlayId`, `hookItemTypes`, `itemsCapacity`, `location`, `materialType`, `maxStackSize`, `maxStructure`, `radar`, `pscript`, `spellId`, `stackSize`, `structure`, `targetTypeId`, `usability`, `useRadius`, `validLocations`, `value`, `workmanship`, `animationFrameId`, `defaultScript`, `defaultScriptIntensity`, `elasticity`, `friction`, `locationId`, `modelTableId`, `objectScale`, `physicsBitField`, `physicsTableId`, `motionTableId`, `soundTableId`, `physicsState`, `translucency`)
VALUES (3361759220, 'Emissary''s Return Portal', 65536, 0, 0, 0, 262164, 0, 0, 0, 0, 0, 0, 8388656, 0, 100667499, 0, 0, 0, 0, 0, 0, 0, 0, 4, 0, 0, 0, 0, 0, 32, 0.1, 0, 0, 0, 0, 0, 0, 0, 0, 0, 33556212, 0, 98307, 0, 150994947, 0, 3092, 0);

INSERT INTO `ace_object` (`baseAceObjectId`, `weenieClassId`, `landblock`, `cell`, `posX`, `posY`, `posZ`, `qW`, `qX`, `qY`, `qZ`)
VALUES (3361759220, 37047, 11823, 35, 108, 60, 125.5125, 1, 0, 0, 0);

INSERT INTO `base_ace_object` (`baseAceObjectId`, `name`, `typeId`, `paletteId`, `ammoType`, `blipColor`, `bitField`, `burden`, `combatUse`, `cooldownDuration`, `cooldownId`, `effects`, `containersCapacity`, `header`, `hookTypeId`, `iconId`, `iconOverlayId`, `iconUnderlayId`, `hookItemTypes`, `itemsCapacity`, `location`, `materialType`, `maxStackSize`, `maxStructure`, `radar`, `pscript`, `spellId`, `stackSize`, `structure`, `targetTypeId`, `usability`, `useRadius`, `validLocations`, `value`, `workmanship`, `animationFrameId`, `defaultScript`, `defaultScriptIntensity`, `elasticity`, `friction`, `locationId`, `modelTableId`, `objectScale`, `physicsBitField`, `physicsTableId`, `motionTableId`, `soundTableId`, `physicsState`, `translucency`)
VALUES (3361688235, 'Uziz Portal', 65536, 0, 0, 0, 262164, 0, 0, 0, 0, 0, 0, 8388656, 0, 100667499, 0, 0, 0, 0, 0, 0, 0, 0, 4, 0, 0, 0, 0, 0, 32, -0.1, 0, 0, 0, 0, 0, 0, 0, 0, 0, 33554867, 0, 98307, 0, 150994947, 0, 3084, 0);

INSERT INTO `ace_object` (`baseAceObjectId`, `weenieClassId`, `landblock`, `cell`, `posX`, `posY`, `posZ`, `qW`, `qX`, `qY`, `qZ`)
VALUES (3361688235, 42821, 10287, 5, 0.6151075, 116.035, 38.26742, 1, 0, 0, 0);

INSERT INTO `base_ace_object` (`baseAceObjectId`, `name`, `typeId`, `paletteId`, `ammoType`, `blipColor`, `bitField`, `burden`, `combatUse`, `cooldownDuration`, `cooldownId`, `effects`, `containersCapacity`, `header`, `hookTypeId`, `iconId`, `iconOverlayId`, `iconUnderlayId`, `hookItemTypes`, `itemsCapacity`, `location`, `materialType`, `maxStackSize`, `maxStructure`, `radar`, `pscript`, `spellId`, `stackSize`, `structure`, `targetTypeId`, `usability`, `useRadius`, `validLocations`, `value`, `workmanship`, `animationFrameId`, `defaultScript`, `defaultScriptIntensity`, `elasticity`, `friction`, `locationId`, `modelTableId`, `objectScale`, `physicsBitField`, `physicsTableId`, `motionTableId`, `soundTableId`, `physicsState`, `translucency`)
VALUES (3361693043, 'Portal to Zaikhal', 65536, 0, 0, 0, 262164, 0, 0, 0, 0, 0, 0, 8388656, 0, 100667499, 0, 0, 0, 0, 0, 0, 0, 0, 4, 0, 0, 0, 0, 0, 32, -0.1, 0, 0, 0, 0, 0, 0, 0, 0, 0, 33555923, 0, 98307, 0, 150994947, 0, 3084, 0);

INSERT INTO `ace_object` (`baseAceObjectId`, `weenieClassId`, `landblock`, `cell`, `posX`, `posY`, `posZ`, `qW`, `qX`, `qY`, `qZ`)
VALUES (3361693043, 42831, 10287, 47, 138.6308, 152.882, 75.937, 1, 0, 0, 0);

INSERT INTO `base_ace_object` (`baseAceObjectId`, `name`, `typeId`, `paletteId`, `ammoType`, `blipColor`, `bitField`, `burden`, `combatUse`, `cooldownDuration`, `cooldownId`, `effects`, `containersCapacity`, `header`, `hookTypeId`, `iconId`, `iconOverlayId`, `iconUnderlayId`, `hookItemTypes`, `itemsCapacity`, `location`, `materialType`, `maxStackSize`, `maxStructure`, `radar`, `pscript`, `spellId`, `stackSize`, `structure`, `targetTypeId`, `usability`, `useRadius`, `validLocations`, `value`, `workmanship`, `animationFrameId`, `defaultScript`, `defaultScriptIntensity`, `elasticity`, `friction`, `locationId`, `modelTableId`, `objectScale`, `physicsBitField`, `physicsTableId`, `motionTableId`, `soundTableId`, `physicsState`, `translucency`)
VALUES (3362151554, 'Glenden Wood Portal', 65536, 0, 0, 0, 262164, 0, 0, 0, 0, 0, 0, 8388656, 0, 100667499, 0, 0, 0, 0, 0, 0, 0, 0, 4, 0, 0, 0, 0, 0, 32, -0.1, 0, 0, 0, 0, 0, 0, 0, 0, 0, 33554867, 0, 98307, 0, 150994947, 0, 3084, 0);

INSERT INTO `ace_object` (`baseAceObjectId`, `weenieClassId`, `landblock`, `cell`, `posX`, `posY`, `posZ`, `qW`, `qX`, `qY`, `qZ`)
VALUES (3362151554, 42814, 10543, 47, 135.6005, 152.0134, 67.937, 1, 0, 0, 0);

INSERT INTO `base_ace_object` (`baseAceObjectId`, `name`, `typeId`, `paletteId`, `ammoType`, `blipColor`, `bitField`, `burden`, `combatUse`, `cooldownDuration`, `cooldownId`, `effects`, `containersCapacity`, `header`, `hookTypeId`, `iconId`, `iconOverlayId`, `iconUnderlayId`, `hookItemTypes`, `itemsCapacity`, `location`, `materialType`, `maxStackSize`, `maxStructure`, `radar`, `pscript`, `spellId`, `stackSize`, `structure`, `targetTypeId`, `usability`, `useRadius`, `validLocations`, `value`, `workmanship`, `animationFrameId`, `defaultScript`, `defaultScriptIntensity`, `elasticity`, `friction`, `locationId`, `modelTableId`, `objectScale`, `physicsBitField`, `physicsTableId`, `motionTableId`, `soundTableId`, `physicsState`, `translucency`)
VALUES (3361567162, 'Uziz Portal', 65536, 0, 0, 0, 262164, 0, 0, 0, 0, 0, 0, 8388656, 0, 100667499, 0, 0, 0, 0, 0, 0, 0, 0, 4, 0, 0, 0, 0, 0, 32, -0.1, 0, 0, 0, 0, 0, 0, 0, 0, 0, 33554867, 0, 98311, 0, 150994947, 0, 3084, 0);

INSERT INTO `ace_object` (`baseAceObjectId`, `weenieClassId`, `landblock`, `cell`, `posX`, `posY`, `posZ`, `qW`, `qX`, `qY`, `qZ`)
VALUES (3361567162, 42821, 11821, 16, 30.66366, 179.8826, 48.81455, 1, 0, 0, 0);

INSERT INTO `base_ace_object` (`baseAceObjectId`, `name`, `typeId`, `paletteId`, `ammoType`, `blipColor`, `bitField`, `burden`, `combatUse`, `cooldownDuration`, `cooldownId`, `effects`, `containersCapacity`, `header`, `hookTypeId`, `iconId`, `iconOverlayId`, `iconUnderlayId`, `hookItemTypes`, `itemsCapacity`, `location`, `materialType`, `maxStackSize`, `maxStructure`, `radar`, `pscript`, `spellId`, `stackSize`, `structure`, `targetTypeId`, `usability`, `useRadius`, `validLocations`, `value`, `workmanship`, `animationFrameId`, `defaultScript`, `defaultScriptIntensity`, `elasticity`, `friction`, `locationId`, `modelTableId`, `objectScale`, `physicsBitField`, `physicsTableId`, `motionTableId`, `soundTableId`, `physicsState`, `translucency`)
VALUES (2075590656, 'ReedShark Lair Portal', 65536, 0, 0, 0, 262164, 0, 0, 0, 0, 0, 0, 8388656, 0, 100667499, 0, 0, 0, 0, 0, 0, 0, 0, 4, 0, 0, 0, 0, 0, 32, -0.1, 0, 0, 0, 0, 0, 0, 0, 0, 0, 33555922, 0, 98307, 0, 150994947, 0, 3084, 0);

INSERT INTO `ace_object` (`baseAceObjectId`, `weenieClassId`, `landblock`, `cell`, `posX`, `posY`, `posZ`, `qW`, `qX`, `qY`, `qZ`)
VALUES (2075590656, 1127, 47984, 49, 150.3, 13.6, 5.837, 0.4461981, 0, 0, -0.8949342);

INSERT INTO `base_ace_object` (`baseAceObjectId`, `name`, `typeId`, `paletteId`, `ammoType`, `blipColor`, `bitField`, `burden`, `combatUse`, `cooldownDuration`, `cooldownId`, `effects`, `containersCapacity`, `header`, `hookTypeId`, `iconId`, `iconOverlayId`, `iconUnderlayId`, `hookItemTypes`, `itemsCapacity`, `location`, `materialType`, `maxStackSize`, `maxStructure`, `radar`, `pscript`, `spellId`, `stackSize`, `structure`, `targetTypeId`, `usability`, `useRadius`, `validLocations`, `value`, `workmanship`, `animationFrameId`, `defaultScript`, `defaultScriptIntensity`, `elasticity`, `friction`, `locationId`, `modelTableId`, `objectScale`, `physicsBitField`, `physicsTableId`, `motionTableId`, `soundTableId`, `physicsState`, `translucency`)
VALUES (2139619328, 'Tusker Cavern', 65536, 0, 0, 0, 262164, 0, 0, 0, 0, 0, 0, 8388656, 0, 100667499, 0, 0, 0, 0, 0, 0, 0, 0, 4, 0, 0, 0, 0, 0, 32, -0.1, 0, 0, 0, 0, 0, 0, 0, 0, 0, 33555923, 0, 98307, 0, 150994947, 0, 3084, 0);

INSERT INTO `ace_object` (`baseAceObjectId`, `weenieClassId`, `landblock`, `cell`, `posX`, `posY`, `posZ`, `qW`, `qX`, `qY`, `qZ`)
VALUES (2139619328, 22667, 63616, 38, 103.346, 133.513, 11.937, -0.2863709, 0, 0, -0.9581188);

INSERT INTO `base_ace_object` (`baseAceObjectId`, `name`, `typeId`, `paletteId`, `ammoType`, `blipColor`, `bitField`, `burden`, `combatUse`, `cooldownDuration`, `cooldownId`, `effects`, `containersCapacity`, `header`, `hookTypeId`, `iconId`, `iconOverlayId`, `iconUnderlayId`, `hookItemTypes`, `itemsCapacity`, `location`, `materialType`, `maxStackSize`, `maxStructure`, `radar`, `pscript`, `spellId`, `stackSize`, `structure`, `targetTypeId`, `usability`, `useRadius`, `validLocations`, `value`, `workmanship`, `animationFrameId`, `defaultScript`, `defaultScriptIntensity`, `elasticity`, `friction`, `locationId`, `modelTableId`, `objectScale`, `physicsBitField`, `physicsTableId`, `motionTableId`, `soundTableId`, `physicsState`, `translucency`)
VALUES (2486411211, 'Arena 8', 65536, 0, 0, 0, 262164, 0, 0, 0, 0, 0, 0, 8388656, 0, 100677070, 0, 0, 0, 0, 0, 0, 0, 0, 4, 0, 0, 0, 0, 0, 32, 0.3, 0, 0, 0, 0, 0, 0, 0, 0, 0, 33560143, 0, 32769, 0, 0, 0, 66576, 0);

INSERT INTO `ace_object` (`baseAceObjectId`, `weenieClassId`, `landblock`, `cell`, `posX`, `posY`, `posZ`, `qW`, `qX`, `qY`, `qZ`)
VALUES (2486411211, 34523, 176, 343, 30.07071, -1006.071, 0, 1, 0, 0, 0);

INSERT INTO `base_ace_object` (`baseAceObjectId`, `name`, `typeId`, `paletteId`, `ammoType`, `blipColor`, `bitField`, `burden`, `combatUse`, `cooldownDuration`, `cooldownId`, `effects`, `containersCapacity`, `header`, `hookTypeId`, `iconId`, `iconOverlayId`, `iconUnderlayId`, `hookItemTypes`, `itemsCapacity`, `location`, `materialType`, `maxStackSize`, `maxStructure`, `radar`, `pscript`, `spellId`, `stackSize`, `structure`, `targetTypeId`, `usability`, `useRadius`, `validLocations`, `value`, `workmanship`, `animationFrameId`, `defaultScript`, `defaultScriptIntensity`, `elasticity`, `friction`, `locationId`, `modelTableId`, `objectScale`, `physicsBitField`, `physicsTableId`, `motionTableId`, `soundTableId`, `physicsState`, `translucency`)
VALUES (2618889172, 'Arena 14', 65536, 0, 0, 0, 262164, 0, 0, 0, 0, 0, 0, 8388656, 0, 100677070, 0, 0, 0, 0, 0, 0, 0, 0, 4, 0, 0, 0, 0, 0, 32, 0.3, 0, 0, 0, 0, 0, 0, 0, 0, 0, 33560143, 0, 32769, 0, 0, 0, 66576, 0);

INSERT INTO `ace_object` (`baseAceObjectId`, `weenieClassId`, `landblock`, `cell`, `posX`, `posY`, `posZ`, `qW`, `qX`, `qY`, `qZ`)
VALUES (2618889172, 34529, 176, 325, 30.17634, -466.2427, 0, 1, 0, 0, 0);

INSERT INTO `base_ace_object` (`baseAceObjectId`, `name`, `typeId`, `paletteId`, `ammoType`, `blipColor`, `bitField`, `burden`, `combatUse`, `cooldownDuration`, `cooldownId`, `effects`, `containersCapacity`, `header`, `hookTypeId`, `iconId`, `iconOverlayId`, `iconUnderlayId`, `hookItemTypes`, `itemsCapacity`, `location`, `materialType`, `maxStackSize`, `maxStructure`, `radar`, `pscript`, `spellId`, `stackSize`, `structure`, `targetTypeId`, `usability`, `useRadius`, `validLocations`, `value`, `workmanship`, `animationFrameId`, `defaultScript`, `defaultScriptIntensity`, `elasticity`, `friction`, `locationId`, `modelTableId`, `objectScale`, `physicsBitField`, `physicsTableId`, `motionTableId`, `soundTableId`, `physicsState`, `translucency`)
VALUES (2135437312, 'Chapel of Mowen', 65536, 0, 0, 0, 262164, 0, 0, 0, 0, 0, 0, 8388656, 0, 100667499, 0, 0, 0, 0, 0, 0, 0, 0, 4, 0, 0, 0, 0, 0, 32, -0.1, 0, 0, 0, 0, 0, 0, 0, 0, 0, 33555926, 0, 98307, 0, 150994947, 0, 3084, 0);

INSERT INTO `ace_object` (`baseAceObjectId`, `weenieClassId`, `landblock`, `cell`, `posX`, `posY`, `posZ`, `qW`, `qX`, `qY`, `qZ`)
VALUES (2135437312, 22648, 62595, 27, 87.2173, 63.8503, 11.937, 0.9542503, 0, 0, -0.2990091);

INSERT INTO `base_ace_object` (`baseAceObjectId`, `name`, `typeId`, `paletteId`, `ammoType`, `blipColor`, `bitField`, `burden`, `combatUse`, `cooldownDuration`, `cooldownId`, `effects`, `containersCapacity`, `header`, `hookTypeId`, `iconId`, `iconOverlayId`, `iconUnderlayId`, `hookItemTypes`, `itemsCapacity`, `location`, `materialType`, `maxStackSize`, `maxStructure`, `radar`, `pscript`, `spellId`, `stackSize`, `structure`, `targetTypeId`, `usability`, `useRadius`, `validLocations`, `value`, `workmanship`, `animationFrameId`, `defaultScript`, `defaultScriptIntensity`, `elasticity`, `friction`, `locationId`, `modelTableId`, `objectScale`, `physicsBitField`, `physicsTableId`, `motionTableId`, `soundTableId`, `physicsState`, `translucency`)
VALUES (2101768261, 'House Portal', 65536, 0, 0, 0, 262164, 0, 0, 0, 0, 0, 0, 41943088, 0, 100667499, 0, 0, 0, 0, 0, 0, 0, 0, 4, 0, 0, 0, 0, 0, 32, 0.75, 0, 0, 0, 0, 0, 0, 0, 0, 0, 33554867, 0, 98307, 0, 150994947, 0, 3076, 0);

INSERT INTO `ace_object` (`baseAceObjectId`, `weenieClassId`, `landblock`, `cell`, `posX`, `posY`, `posZ`, `qW`, `qX`, `qY`, `qZ`)
VALUES (2101768261, 11730, 54375, 338, 115.651, 127.171, 27.937, 0.67059, 0, 0, -0.7418281);

INSERT INTO `base_ace_object` (`baseAceObjectId`, `name`, `typeId`, `paletteId`, `ammoType`, `blipColor`, `bitField`, `burden`, `combatUse`, `cooldownDuration`, `cooldownId`, `effects`, `containersCapacity`, `header`, `hookTypeId`, `iconId`, `iconOverlayId`, `iconUnderlayId`, `hookItemTypes`, `itemsCapacity`, `location`, `materialType`, `maxStackSize`, `maxStructure`, `radar`, `pscript`, `spellId`, `stackSize`, `structure`, `targetTypeId`, `usability`, `useRadius`, `validLocations`, `value`, `workmanship`, `animationFrameId`, `defaultScript`, `defaultScriptIntensity`, `elasticity`, `friction`, `locationId`, `modelTableId`, `objectScale`, `physicsBitField`, `physicsTableId`, `motionTableId`, `soundTableId`, `physicsState`, `translucency`)
VALUES (2036756480, 'Virindi Edifice', 65536, 0, 0, 0, 262164, 0, 0, 0, 0, 0, 0, 8388656, 0, 100667499, 0, 0, 0, 0, 0, 0, 0, 0, 4, 0, 0, 0, 0, 0, 32, -0.1, 0, 0, 0, 0, 0, 0, 0, 0, 0, 33555924, 0, 98307, 0, 150994947, 0, 3084, 0);

INSERT INTO `ace_object` (`baseAceObjectId`, `weenieClassId`, `landblock`, `cell`, `posX`, `posY`, `posZ`, `qW`, `qX`, `qY`, `qZ`)
VALUES (2036756480, 49608, 38503, 11, 30, 50, 17.10367, 1, 0, 0, 0);

INSERT INTO `base_ace_object` (`baseAceObjectId`, `name`, `typeId`, `paletteId`, `ammoType`, `blipColor`, `bitField`, `burden`, `combatUse`, `cooldownDuration`, `cooldownId`, `effects`, `containersCapacity`, `header`, `hookTypeId`, `iconId`, `iconOverlayId`, `iconUnderlayId`, `hookItemTypes`, `itemsCapacity`, `location`, `materialType`, `maxStackSize`, `maxStructure`, `radar`, `pscript`, `spellId`, `stackSize`, `structure`, `targetTypeId`, `usability`, `useRadius`, `validLocations`, `value`, `workmanship`, `animationFrameId`, `defaultScript`, `defaultScriptIntensity`, `elasticity`, `friction`, `locationId`, `modelTableId`, `objectScale`, `physicsBitField`, `physicsTableId`, `motionTableId`, `soundTableId`, `physicsState`, `translucency`)
VALUES (1971744824, 'Surface', 65536, 0, 0, 0, 262164, 0, 0, 0, 0, 0, 0, 8388656, 0, 100667499, 0, 0, 0, 0, 0, 0, 0, 0, 4, 0, 0, 0, 0, 0, 32, -0.1, 0, 0, 0, 0, 0, 0, 0, 0, 0, 33554867, 0, 98307, 0, 150994947, 0, 3084, 0);

INSERT INTO `ace_object` (`baseAceObjectId`, `weenieClassId`, `landblock`, `cell`, `posX`, `posY`, `posZ`, `qW`, `qX`, `qY`, `qZ`)
VALUES (1971744824, 49609, 22631, 268, 190, -86.9763, -78.063, 1, 0, 0, 0);

INSERT INTO `base_ace_object` (`baseAceObjectId`, `name`, `typeId`, `paletteId`, `ammoType`, `blipColor`, `bitField`, `burden`, `combatUse`, `cooldownDuration`, `cooldownId`, `effects`, `containersCapacity`, `header`, `hookTypeId`, `iconId`, `iconOverlayId`, `iconUnderlayId`, `hookItemTypes`, `itemsCapacity`, `location`, `materialType`, `maxStackSize`, `maxStructure`, `radar`, `pscript`, `spellId`, `stackSize`, `structure`, `targetTypeId`, `usability`, `useRadius`, `validLocations`, `value`, `workmanship`, `animationFrameId`, `defaultScript`, `defaultScriptIntensity`, `elasticity`, `friction`, `locationId`, `modelTableId`, `objectScale`, `physicsBitField`, `physicsTableId`, `motionTableId`, `soundTableId`, `physicsState`, `translucency`)
VALUES (1971744823, 'Surface', 65536, 0, 0, 0, 262164, 0, 0, 0, 0, 0, 0, 8388656, 0, 100667499, 0, 0, 0, 0, 0, 0, 0, 0, 4, 0, 0, 0, 0, 0, 32, -0.1, 0, 0, 0, 0, 0, 0, 0, 0, 0, 33554867, 0, 98307, 0, 150994947, 0, 3084, 0);

INSERT INTO `ace_object` (`baseAceObjectId`, `weenieClassId`, `landblock`, `cell`, `posX`, `posY`, `posZ`, `qW`, `qX`, `qY`, `qZ`)
VALUES (1971744823, 49609, 22631, 266, 189.906, -73.0343, -78.063, 1, 0, 0, -4.37114E-08);

INSERT INTO `base_ace_object` (`baseAceObjectId`, `name`, `typeId`, `paletteId`, `ammoType`, `blipColor`, `bitField`, `burden`, `combatUse`, `cooldownDuration`, `cooldownId`, `effects`, `containersCapacity`, `header`, `hookTypeId`, `iconId`, `iconOverlayId`, `iconUnderlayId`, `hookItemTypes`, `itemsCapacity`, `location`, `materialType`, `maxStackSize`, `maxStructure`, `radar`, `pscript`, `spellId`, `stackSize`, `structure`, `targetTypeId`, `usability`, `useRadius`, `validLocations`, `value`, `workmanship`, `animationFrameId`, `defaultScript`, `defaultScriptIntensity`, `elasticity`, `friction`, `locationId`, `modelTableId`, `objectScale`, `physicsBitField`, `physicsTableId`, `motionTableId`, `soundTableId`, `physicsState`, `translucency`)
VALUES (2116268034, 'Nanto Rat Lair Portal', 65536, 0, 0, 0, 262164, 0, 0, 0, 0, 0, 0, 8388656, 0, 100667499, 0, 0, 0, 0, 0, 0, 0, 0, 4, 0, 0, 0, 0, 0, 32, -0.1, 0, 0, 0, 0, 0, 0, 0, 0, 0, 33554867, 0, 98307, 0, 150994947, 0, 3084, 0);

INSERT INTO `ace_object` (`baseAceObjectId`, `weenieClassId`, `landblock`, `cell`, `posX`, `posY`, `posZ`, `qW`, `qX`, `qY`, `qZ`)
VALUES (2116268034, 5127, 57915, 256, 155.956, 139.378, 76.737, -4.37114E-08, 0, 0, -1);

INSERT INTO `base_ace_object` (`baseAceObjectId`, `name`, `typeId`, `paletteId`, `ammoType`, `blipColor`, `bitField`, `burden`, `combatUse`, `cooldownDuration`, `cooldownId`, `effects`, `containersCapacity`, `header`, `hookTypeId`, `iconId`, `iconOverlayId`, `iconUnderlayId`, `hookItemTypes`, `itemsCapacity`, `location`, `materialType`, `maxStackSize`, `maxStructure`, `radar`, `pscript`, `spellId`, `stackSize`, `structure`, `targetTypeId`, `usability`, `useRadius`, `validLocations`, `value`, `workmanship`, `animationFrameId`, `defaultScript`, `defaultScriptIntensity`, `elasticity`, `friction`, `locationId`, `modelTableId`, `objectScale`, `physicsBitField`, `physicsTableId`, `motionTableId`, `soundTableId`, `physicsState`, `translucency`)
VALUES (1880354836, 'Surface', 65536, 0, 0, 0, 262164, 0, 0, 0, 0, 0, 0, 8388656, 0, 100667499, 0, 0, 0, 0, 0, 0, 0, 0, 4, 0, 0, 0, 0, 0, 32, -0.1, 0, 0, 0, 0, 0, 0, 0, 0, 0, 33554867, 0, 98307, 0, 150994947, 0, 3084, 0);

INSERT INTO `ace_object` (`baseAceObjectId`, `weenieClassId`, `landblock`, `cell`, `posX`, `posY`, `posZ`, `qW`, `qX`, `qY`, `qZ`)
VALUES (1880354836, 5531, 319, 458, 10, -83.131, 5.937, 1, 0, 0, 0);

INSERT INTO `base_ace_object` (`baseAceObjectId`, `name`, `typeId`, `paletteId`, `ammoType`, `blipColor`, `bitField`, `burden`, `combatUse`, `cooldownDuration`, `cooldownId`, `effects`, `containersCapacity`, `header`, `hookTypeId`, `iconId`, `iconOverlayId`, `iconUnderlayId`, `hookItemTypes`, `itemsCapacity`, `location`, `materialType`, `maxStackSize`, `maxStructure`, `radar`, `pscript`, `spellId`, `stackSize`, `structure`, `targetTypeId`, `usability`, `useRadius`, `validLocations`, `value`, `workmanship`, `animationFrameId`, `defaultScript`, `defaultScriptIntensity`, `elasticity`, `friction`, `locationId`, `modelTableId`, `objectScale`, `physicsBitField`, `physicsTableId`, `motionTableId`, `soundTableId`, `physicsState`, `translucency`)
VALUES (2102644752, 'The Lee Side of The Mountain', 65536, 0, 0, 0, 262164, 0, 0, 0, 0, 0, 0, 8388656, 0, 100667499, 0, 0, 0, 0, 0, 0, 0, 0, 4, 0, 0, 0, 0, 0, 32, -0.1, 0, 0, 0, 0, 0, 0, 0, 0, 0, 33554867, 0, 98307, 0, 150994947, 0, 3084, 0);

INSERT INTO `ace_object` (`baseAceObjectId`, `weenieClassId`, `landblock`, `cell`, `posX`, `posY`, `posZ`, `qW`, `qX`, `qY`, `qZ`)
VALUES (2102644752, 5651, 54589, 16, 46.1183, 170.129, 339.937, 0.372555, 0, 0, -0.9280101);

INSERT INTO `base_ace_object` (`baseAceObjectId`, `name`, `typeId`, `paletteId`, `ammoType`, `blipColor`, `bitField`, `burden`, `combatUse`, `cooldownDuration`, `cooldownId`, `effects`, `containersCapacity`, `header`, `hookTypeId`, `iconId`, `iconOverlayId`, `iconUnderlayId`, `hookItemTypes`, `itemsCapacity`, `location`, `materialType`, `maxStackSize`, `maxStructure`, `radar`, `pscript`, `spellId`, `stackSize`, `structure`, `targetTypeId`, `usability`, `useRadius`, `validLocations`, `value`, `workmanship`, `animationFrameId`, `defaultScript`, `defaultScriptIntensity`, `elasticity`, `friction`, `locationId`, `modelTableId`, `objectScale`, `physicsBitField`, `physicsTableId`, `motionTableId`, `soundTableId`, `physicsState`, `translucency`)
VALUES (2882678393, 'Portal to Zaikhal', 65536, 0, 0, 0, 262164, 0, 0, 0, 0, 0, 0, 8388656, 0, 100667499, 0, 0, 0, 0, 0, 0, 0, 0, 4, 0, 0, 0, 0, 0, 32, -0.1, 0, 0, 0, 0, 0, 0, 0, 0, 0, 33555923, 0, 98307, 0, 150994947, 0, 3084, 0);

INSERT INTO `ace_object` (`baseAceObjectId`, `weenieClassId`, `landblock`, `cell`, `posX`, `posY`, `posZ`, `qW`, `qX`, `qY`, `qZ`)
VALUES (2882678393, 42831, 10002, 26, 76.80367, 32.61412, 12.33731, 1, 0, 0, 0);

INSERT INTO `base_ace_object` (`baseAceObjectId`, `name`, `typeId`, `paletteId`, `ammoType`, `blipColor`, `bitField`, `burden`, `combatUse`, `cooldownDuration`, `cooldownId`, `effects`, `containersCapacity`, `header`, `hookTypeId`, `iconId`, `iconOverlayId`, `iconUnderlayId`, `hookItemTypes`, `itemsCapacity`, `location`, `materialType`, `maxStackSize`, `maxStructure`, `radar`, `pscript`, `spellId`, `stackSize`, `structure`, `targetTypeId`, `usability`, `useRadius`, `validLocations`, `value`, `workmanship`, `animationFrameId`, `defaultScript`, `defaultScriptIntensity`, `elasticity`, `friction`, `locationId`, `modelTableId`, `objectScale`, `physicsBitField`, `physicsTableId`, `motionTableId`, `soundTableId`, `physicsState`, `translucency`)
VALUES (2882691642, 'Uziz Portal', 65536, 0, 0, 0, 262164, 0, 0, 0, 0, 0, 0, 8388656, 0, 100667499, 0, 0, 0, 0, 0, 0, 0, 0, 4, 0, 0, 0, 0, 0, 32, -0.1, 0, 0, 0, 0, 0, 0, 0, 0, 0, 33554867, 0, 98307, 0, 150994947, 0, 3084, 0);

INSERT INTO `ace_object` (`baseAceObjectId`, `weenieClassId`, `landblock`, `cell`, `posX`, `posY`, `posZ`, `qW`, `qX`, `qY`, `qZ`)
VALUES (2882691642, 42821, 21017, 21, 71.45167, 109.0734, 34.85142, 1, 0, 0, 0);

INSERT INTO `base_ace_object` (`baseAceObjectId`, `name`, `typeId`, `paletteId`, `ammoType`, `blipColor`, `bitField`, `burden`, `combatUse`, `cooldownDuration`, `cooldownId`, `effects`, `containersCapacity`, `header`, `hookTypeId`, `iconId`, `iconOverlayId`, `iconUnderlayId`, `hookItemTypes`, `itemsCapacity`, `location`, `materialType`, `maxStackSize`, `maxStructure`, `radar`, `pscript`, `spellId`, `stackSize`, `structure`, `targetTypeId`, `usability`, `useRadius`, `validLocations`, `value`, `workmanship`, `animationFrameId`, `defaultScript`, `defaultScriptIntensity`, `elasticity`, `friction`, `locationId`, `modelTableId`, `objectScale`, `physicsBitField`, `physicsTableId`, `motionTableId`, `soundTableId`, `physicsState`, `translucency`)
VALUES (2882793307, 'Plateau Portal', 65536, 0, 0, 0, 262164, 0, 0, 0, 0, 0, 0, 8388656, 0, 100667499, 0, 0, 0, 0, 0, 0, 0, 0, 4, 0, 0, 0, 0, 0, 32, -0.1, 0, 0, 0, 0, 0, 0, 0, 0, 0, 33554867, 0, 98307, 0, 150994947, 0, 3084, 0);

INSERT INTO `ace_object` (`baseAceObjectId`, `weenieClassId`, `landblock`, `cell`, `posX`, `posY`, `posZ`, `qW`, `qX`, `qY`, `qZ`)
VALUES (2882793307, 42812, 10360, 1, 2.523118, 14.11698, 228, 1, 0, 0, 0);

INSERT INTO `base_ace_object` (`baseAceObjectId`, `name`, `typeId`, `paletteId`, `ammoType`, `blipColor`, `bitField`, `burden`, `combatUse`, `cooldownDuration`, `cooldownId`, `effects`, `containersCapacity`, `header`, `hookTypeId`, `iconId`, `iconOverlayId`, `iconUnderlayId`, `hookItemTypes`, `itemsCapacity`, `location`, `materialType`, `maxStackSize`, `maxStructure`, `radar`, `pscript`, `spellId`, `stackSize`, `structure`, `targetTypeId`, `usability`, `useRadius`, `validLocations`, `value`, `workmanship`, `animationFrameId`, `defaultScript`, `defaultScriptIntensity`, `elasticity`, `friction`, `locationId`, `modelTableId`, `objectScale`, `physicsBitField`, `physicsTableId`, `motionTableId`, `soundTableId`, `physicsState`, `translucency`)
VALUES (2021671004, 'Surface', 65536, 0, 0, 0, 262164, 0, 0, 0, 0, 0, 0, 8388656, 0, 100667499, 0, 0, 0, 0, 0, 0, 0, 0, 4, 0, 0, 0, 0, 0, 32, -0.1, 0, 0, 0, 0, 0, 0, 0, 0, 0, 33554867, 0, 98307, 0, 150994947, 0, 3084, 0);

INSERT INTO `ace_object` (`baseAceObjectId`, `weenieClassId`, `landblock`, `cell`, `posX`, `posY`, `posZ`, `qW`, `qX`, `qY`, `qZ`)
VALUES (2021671004, 40280, 34820, 768, 49.9011, -176.357, -120.063, 0.9996876, 0, 0, -0.02499711);

INSERT INTO `base_ace_object` (`baseAceObjectId`, `name`, `typeId`, `paletteId`, `ammoType`, `blipColor`, `bitField`, `burden`, `combatUse`, `cooldownDuration`, `cooldownId`, `effects`, `containersCapacity`, `header`, `hookTypeId`, `iconId`, `iconOverlayId`, `iconUnderlayId`, `hookItemTypes`, `itemsCapacity`, `location`, `materialType`, `maxStackSize`, `maxStructure`, `radar`, `pscript`, `spellId`, `stackSize`, `structure`, `targetTypeId`, `usability`, `useRadius`, `validLocations`, `value`, `workmanship`, `animationFrameId`, `defaultScript`, `defaultScriptIntensity`, `elasticity`, `friction`, `locationId`, `modelTableId`, `objectScale`, `physicsBitField`, `physicsTableId`, `motionTableId`, `soundTableId`, `physicsState`, `translucency`)
VALUES (2021670993, 'Destroyed Portal to Xarabydun', 65536, 0, 0, 0, 262164, 0, 0, 0, 0, 0, 0, 48, 0, 100667499, 0, 0, 0, 0, 0, 0, 0, 0, 0, 0, 0, 0, 0, 0, 1, -0.1, 0, 0, 0, 0, 0, 0, 0, 0, 0, 33561060, 0, 98307, 0, 150995314, 0, 3092, 0);

INSERT INTO `ace_object` (`baseAceObjectId`, `weenieClassId`, `landblock`, `cell`, `posX`, `posY`, `posZ`, `qW`, `qX`, `qY`, `qZ`)
VALUES (2021670993, 26640, 34820, 709, 30, -176.421, -120.2098, 1, 0, 0, -4.37114E-08);

INSERT INTO `base_ace_object` (`baseAceObjectId`, `name`, `typeId`, `paletteId`, `ammoType`, `blipColor`, `bitField`, `burden`, `combatUse`, `cooldownDuration`, `cooldownId`, `effects`, `containersCapacity`, `header`, `hookTypeId`, `iconId`, `iconOverlayId`, `iconUnderlayId`, `hookItemTypes`, `itemsCapacity`, `location`, `materialType`, `maxStackSize`, `maxStructure`, `radar`, `pscript`, `spellId`, `stackSize`, `structure`, `targetTypeId`, `usability`, `useRadius`, `validLocations`, `value`, `workmanship`, `animationFrameId`, `defaultScript`, `defaultScriptIntensity`, `elasticity`, `friction`, `locationId`, `modelTableId`, `objectScale`, `physicsBitField`, `physicsTableId`, `motionTableId`, `soundTableId`, `physicsState`, `translucency`)
VALUES (2882810647, 'Mayoi Portal', 65536, 0, 0, 0, 262164, 0, 0, 0, 0, 0, 0, 8388656, 0, 100667499, 0, 0, 0, 0, 0, 0, 0, 0, 4, 0, 0, 0, 0, 0, 32, -0.1, 0, 0, 0, 0, 0, 0, 0, 0, 0, 33554867, 0, 98307, 0, 150994947, 0, 3084, 0);

INSERT INTO `ace_object` (`baseAceObjectId`, `weenieClassId`, `landblock`, `cell`, `posX`, `posY`, `posZ`, `qW`, `qX`, `qY`, `qZ`)
VALUES (2882810647, 42842, 10379, 18, 49.78661, 36.21025, 138, 1, 0, 0, 0);

INSERT INTO `base_ace_object` (`baseAceObjectId`, `name`, `typeId`, `paletteId`, `ammoType`, `blipColor`, `bitField`, `burden`, `combatUse`, `cooldownDuration`, `cooldownId`, `effects`, `containersCapacity`, `header`, `hookTypeId`, `iconId`, `iconOverlayId`, `iconUnderlayId`, `hookItemTypes`, `itemsCapacity`, `location`, `materialType`, `maxStackSize`, `maxStructure`, `radar`, `pscript`, `spellId`, `stackSize`, `structure`, `targetTypeId`, `usability`, `useRadius`, `validLocations`, `value`, `workmanship`, `animationFrameId`, `defaultScript`, `defaultScriptIntensity`, `elasticity`, `friction`, `locationId`, `modelTableId`, `objectScale`, `physicsBitField`, `physicsTableId`, `motionTableId`, `soundTableId`, `physicsState`, `translucency`)
VALUES (2882813761, 'Uziz Portal', 65536, 0, 0, 0, 262164, 0, 0, 0, 0, 0, 0, 8388656, 0, 100667499, 0, 0, 0, 0, 0, 0, 0, 0, 4, 0, 0, 0, 0, 0, 32, -0.1, 0, 0, 0, 0, 0, 0, 0, 0, 0, 33554867, 0, 98307, 0, 150994947, 0, 3084, 0);

INSERT INTO `ace_object` (`baseAceObjectId`, `weenieClassId`, `landblock`, `cell`, `posX`, `posY`, `posZ`, `qW`, `qX`, `qY`, `qZ`)
VALUES (2882813761, 42821, 10384, 60, 186.021, 92.11125, 29.937, 1, 0, 0, 0);

INSERT INTO `base_ace_object` (`baseAceObjectId`, `name`, `typeId`, `paletteId`, `ammoType`, `blipColor`, `bitField`, `burden`, `combatUse`, `cooldownDuration`, `cooldownId`, `effects`, `containersCapacity`, `header`, `hookTypeId`, `iconId`, `iconOverlayId`, `iconUnderlayId`, `hookItemTypes`, `itemsCapacity`, `location`, `materialType`, `maxStackSize`, `maxStructure`, `radar`, `pscript`, `spellId`, `stackSize`, `structure`, `targetTypeId`, `usability`, `useRadius`, `validLocations`, `value`, `workmanship`, `animationFrameId`, `defaultScript`, `defaultScriptIntensity`, `elasticity`, `friction`, `locationId`, `modelTableId`, `objectScale`, `physicsBitField`, `physicsTableId`, `motionTableId`, `soundTableId`, `physicsState`, `translucency`)
VALUES (2882802402, 'Hilltop', 65536, 0, 0, 0, 262164, 0, 0, 0, 0, 0, 0, 8388656, 0, 100667499, 0, 0, 0, 0, 0, 0, 0, 0, 4, 0, 0, 0, 0, 0, 32, -0.1, 0, 0, 0, 0, 0, 0, 0, 0, 0, 33554867, 0, 98307, 0, 150994947, 0, 3084, 0);

INSERT INTO `ace_object` (`baseAceObjectId`, `weenieClassId`, `landblock`, `cell`, `posX`, `posY`, `posZ`, `qW`, `qX`, `qY`, `qZ`)
VALUES (2882802402, 1902, 16473, 30, 79.45372, 120.5141, 63.937, 1, 0, 0, 0);

INSERT INTO `base_ace_object` (`baseAceObjectId`, `name`, `typeId`, `paletteId`, `ammoType`, `blipColor`, `bitField`, `burden`, `combatUse`, `cooldownDuration`, `cooldownId`, `effects`, `containersCapacity`, `header`, `hookTypeId`, `iconId`, `iconOverlayId`, `iconUnderlayId`, `hookItemTypes`, `itemsCapacity`, `location`, `materialType`, `maxStackSize`, `maxStructure`, `radar`, `pscript`, `spellId`, `stackSize`, `structure`, `targetTypeId`, `usability`, `useRadius`, `validLocations`, `value`, `workmanship`, `animationFrameId`, `defaultScript`, `defaultScriptIntensity`, `elasticity`, `friction`, `locationId`, `modelTableId`, `objectScale`, `physicsBitField`, `physicsTableId`, `motionTableId`, `soundTableId`, `physicsState`, `translucency`)
VALUES (2882809855, 'North Desert Edge', 65536, 0, 0, 0, 262164, 0, 0, 0, 0, 0, 0, 8388656, 0, 100667499, 0, 0, 0, 0, 0, 0, 0, 0, 4, 0, 0, 0, 0, 0, 32, -0.1, 0, 0, 0, 0, 0, 0, 0, 0, 0, 33554867, 0, 98307, 0, 150994947, 0, 3084, 0);

INSERT INTO `ace_object` (`baseAceObjectId`, `weenieClassId`, `landblock`, `cell`, `posX`, `posY`, `posZ`, `qW`, `qX`, `qY`, `qZ`)
VALUES (2882809855, 1905, 6283, 13, 26.54249, 112.1974, 167.7251, 1, 0, 0, 0);

INSERT INTO `base_ace_object` (`baseAceObjectId`, `name`, `typeId`, `paletteId`, `ammoType`, `blipColor`, `bitField`, `burden`, `combatUse`, `cooldownDuration`, `cooldownId`, `effects`, `containersCapacity`, `header`, `hookTypeId`, `iconId`, `iconOverlayId`, `iconUnderlayId`, `hookItemTypes`, `itemsCapacity`, `location`, `materialType`, `maxStackSize`, `maxStructure`, `radar`, `pscript`, `spellId`, `stackSize`, `structure`, `targetTypeId`, `usability`, `useRadius`, `validLocations`, `value`, `workmanship`, `animationFrameId`, `defaultScript`, `defaultScriptIntensity`, `elasticity`, `friction`, `locationId`, `modelTableId`, `objectScale`, `physicsBitField`, `physicsTableId`, `motionTableId`, `soundTableId`, `physicsState`, `translucency`)
VALUES (2882639181, 'Eastham Portal', 65536, 0, 0, 0, 262164, 0, 0, 0, 0, 0, 0, 8388656, 0, 100667499, 0, 0, 0, 0, 0, 0, 0, 0, 4, 0, 0, 0, 0, 0, 32, -0.1, 0, 0, 0, 0, 0, 0, 0, 0, 0, 33554867, 0, 98307, 0, 150994947, 0, 3084, 0);

INSERT INTO `ace_object` (`baseAceObjectId`, `weenieClassId`, `landblock`, `cell`, `posX`, `posY`, `posZ`, `qW`, `qX`, `qY`, `qZ`)
VALUES (2882639181, 42815, 11075, 24, 71.36033, 184.0938, 5.278146, 1, 0, 0, 0);

INSERT INTO `base_ace_object` (`baseAceObjectId`, `name`, `typeId`, `paletteId`, `ammoType`, `blipColor`, `bitField`, `burden`, `combatUse`, `cooldownDuration`, `cooldownId`, `effects`, `containersCapacity`, `header`, `hookTypeId`, `iconId`, `iconOverlayId`, `iconUnderlayId`, `hookItemTypes`, `itemsCapacity`, `location`, `materialType`, `maxStackSize`, `maxStructure`, `radar`, `pscript`, `spellId`, `stackSize`, `structure`, `targetTypeId`, `usability`, `useRadius`, `validLocations`, `value`, `workmanship`, `animationFrameId`, `defaultScript`, `defaultScriptIntensity`, `elasticity`, `friction`, `locationId`, `modelTableId`, `objectScale`, `physicsBitField`, `physicsTableId`, `motionTableId`, `soundTableId`, `physicsState`, `translucency`)
VALUES (2074021888, 'Charged Niche', 65536, 0, 0, 0, 262164, 0, 0, 0, 0, 0, 0, 8388656, 0, 100667499, 0, 0, 0, 0, 0, 0, 0, 0, 4, 0, 0, 0, 0, 0, 32, -0.1, 0, 0, 0, 0, 0, 0, 0, 0, 0, 33555924, 0, 98307, 0, 150994947, 0, 3084, 0);

INSERT INTO `ace_object` (`baseAceObjectId`, `weenieClassId`, `landblock`, `cell`, `posX`, `posY`, `posZ`, `qW`, `qX`, `qY`, `qZ`)
VALUES (2074021888, 52222, 47601, 64, 188.816, 189.978, 397.937, -0.9998399, 0, 0, 0.0178946);

INSERT INTO `base_ace_object` (`baseAceObjectId`, `name`, `typeId`, `paletteId`, `ammoType`, `blipColor`, `bitField`, `burden`, `combatUse`, `cooldownDuration`, `cooldownId`, `effects`, `containersCapacity`, `header`, `hookTypeId`, `iconId`, `iconOverlayId`, `iconUnderlayId`, `hookItemTypes`, `itemsCapacity`, `location`, `materialType`, `maxStackSize`, `maxStructure`, `radar`, `pscript`, `spellId`, `stackSize`, `structure`, `targetTypeId`, `usability`, `useRadius`, `validLocations`, `value`, `workmanship`, `animationFrameId`, `defaultScript`, `defaultScriptIntensity`, `elasticity`, `friction`, `locationId`, `modelTableId`, `objectScale`, `physicsBitField`, `physicsTableId`, `motionTableId`, `soundTableId`, `physicsState`, `translucency`)
VALUES (1972756525, 'Surface', 65536, 0, 0, 0, 262164, 0, 0, 0, 0, 0, 0, 8388656, 0, 100667499, 0, 0, 0, 0, 0, 0, 0, 0, 4, 0, 0, 0, 0, 0, 32, -0.1, 0, 0, 0, 0, 0, 0, 0, 0, 0, 33554867, 0, 98307, 0, 150994947, 0, 3084, 0);

INSERT INTO `ace_object` (`baseAceObjectId`, `weenieClassId`, `landblock`, `cell`, `posX`, `posY`, `posZ`, `qW`, `qX`, `qY`, `qZ`)
VALUES (1972756525, 52218, 22878, 618, 210, -103.643, -0.06299996, 1, 0, 0, -4.37114E-08);

INSERT INTO `base_ace_object` (`baseAceObjectId`, `name`, `typeId`, `paletteId`, `ammoType`, `blipColor`, `bitField`, `burden`, `combatUse`, `cooldownDuration`, `cooldownId`, `effects`, `containersCapacity`, `header`, `hookTypeId`, `iconId`, `iconOverlayId`, `iconUnderlayId`, `hookItemTypes`, `itemsCapacity`, `location`, `materialType`, `maxStackSize`, `maxStructure`, `radar`, `pscript`, `spellId`, `stackSize`, `structure`, `targetTypeId`, `usability`, `useRadius`, `validLocations`, `value`, `workmanship`, `animationFrameId`, `defaultScript`, `defaultScriptIntensity`, `elasticity`, `friction`, `locationId`, `modelTableId`, `objectScale`, `physicsBitField`, `physicsTableId`, `motionTableId`, `soundTableId`, `physicsState`, `translucency`)
VALUES (1971736584, 'Surface', 65536, 0, 0, 0, 262164, 0, 0, 0, 0, 0, 0, 8388656, 0, 100667499, 0, 0, 0, 0, 0, 0, 0, 0, 4, 0, 0, 0, 0, 0, 32, -0.1, 0, 0, 0, 0, 0, 0, 0, 0, 0, 33554867, 0, 98307, 0, 150994947, 0, 3084, 0);

INSERT INTO `ace_object` (`baseAceObjectId`, `weenieClassId`, `landblock`, `cell`, `posX`, `posY`, `posZ`, `qW`, `qX`, `qY`, `qZ`)
VALUES (1971736584, 52216, 22629, 1285, 60, -3.03004, 11.937, 1, 0, 0, -4.37114E-08);

INSERT INTO `base_ace_object` (`baseAceObjectId`, `name`, `typeId`, `paletteId`, `ammoType`, `blipColor`, `bitField`, `burden`, `combatUse`, `cooldownDuration`, `cooldownId`, `effects`, `containersCapacity`, `header`, `hookTypeId`, `iconId`, `iconOverlayId`, `iconUnderlayId`, `hookItemTypes`, `itemsCapacity`, `location`, `materialType`, `maxStackSize`, `maxStructure`, `radar`, `pscript`, `spellId`, `stackSize`, `structure`, `targetTypeId`, `usability`, `useRadius`, `validLocations`, `value`, `workmanship`, `animationFrameId`, `defaultScript`, `defaultScriptIntensity`, `elasticity`, `friction`, `locationId`, `modelTableId`, `objectScale`, `physicsBitField`, `physicsTableId`, `motionTableId`, `soundTableId`, `physicsState`, `translucency`)
VALUES (1961844736, 'Frozen Recess', 65536, 0, 0, 0, 262164, 0, 0, 0, 0, 0, 0, 8388656, 0, 100667499, 0, 0, 0, 0, 0, 0, 0, 0, 4, 0, 0, 0, 0, 0, 32, -0.1, 0, 0, 0, 0, 0, 0, 0, 0, 0, 33555924, 0, 98307, 0, 150994947, 0, 3084, 0);

INSERT INTO `ace_object` (`baseAceObjectId`, `weenieClassId`, `landblock`, `cell`, `posX`, `posY`, `posZ`, `qW`, `qX`, `qY`, `qZ`)
VALUES (1961844736, 52221, 20214, 34, 114.598, 44.9705, 34.18946, 0.7030351, 0, 0, -0.7111551);

INSERT INTO `base_ace_object` (`baseAceObjectId`, `name`, `typeId`, `paletteId`, `ammoType`, `blipColor`, `bitField`, `burden`, `combatUse`, `cooldownDuration`, `cooldownId`, `effects`, `containersCapacity`, `header`, `hookTypeId`, `iconId`, `iconOverlayId`, `iconUnderlayId`, `hookItemTypes`, `itemsCapacity`, `location`, `materialType`, `maxStackSize`, `maxStructure`, `radar`, `pscript`, `spellId`, `stackSize`, `structure`, `targetTypeId`, `usability`, `useRadius`, `validLocations`, `value`, `workmanship`, `animationFrameId`, `defaultScript`, `defaultScriptIntensity`, `elasticity`, `friction`, `locationId`, `modelTableId`, `objectScale`, `physicsBitField`, `physicsTableId`, `motionTableId`, `soundTableId`, `physicsState`, `translucency`)
VALUES (1972756499, 'Surface', 65536, 0, 0, 0, 262164, 0, 0, 0, 0, 0, 0, 8388656, 0, 100667499, 0, 0, 0, 0, 0, 0, 0, 0, 4, 0, 0, 0, 0, 0, 32, -0.1, 0, 0, 0, 0, 0, 0, 0, 0, 0, 33554867, 0, 98307, 0, 150994947, 0, 3084, 0);

INSERT INTO `ace_object` (`baseAceObjectId`, `weenieClassId`, `landblock`, `cell`, `posX`, `posY`, `posZ`, `qW`, `qX`, `qY`, `qZ`)
VALUES (1972756499, 52217, 22878, 316, 400, -176.968, -12.063, 1, 0, 0, 0);

INSERT INTO `base_ace_object` (`baseAceObjectId`, `name`, `typeId`, `paletteId`, `ammoType`, `blipColor`, `bitField`, `burden`, `combatUse`, `cooldownDuration`, `cooldownId`, `effects`, `containersCapacity`, `header`, `hookTypeId`, `iconId`, `iconOverlayId`, `iconUnderlayId`, `hookItemTypes`, `itemsCapacity`, `location`, `materialType`, `maxStackSize`, `maxStructure`, `radar`, `pscript`, `spellId`, `stackSize`, `structure`, `targetTypeId`, `usability`, `useRadius`, `validLocations`, `value`, `workmanship`, `animationFrameId`, `defaultScript`, `defaultScriptIntensity`, `elasticity`, `friction`, `locationId`, `modelTableId`, `objectScale`, `physicsBitField`, `physicsTableId`, `motionTableId`, `soundTableId`, `physicsState`, `translucency`)
VALUES (1971736589, 'Surface', 65536, 0, 0, 0, 262164, 0, 0, 0, 0, 0, 0, 8388656, 0, 100667499, 0, 0, 0, 0, 0, 0, 0, 0, 4, 0, 0, 0, 0, 0, 32, -0.1, 0, 0, 0, 0, 0, 0, 0, 0, 0, 33554867, 0, 98307, 0, 150994947, 0, 3084, 0);

INSERT INTO `ace_object` (`baseAceObjectId`, `weenieClassId`, `landblock`, `cell`, `posX`, `posY`, `posZ`, `qW`, `qX`, `qY`, `qZ`)
VALUES (1971736589, 52219, 22629, 290, 450, -326.976, -24.063, 1, 0, 0, 0);

INSERT INTO `base_ace_object` (`baseAceObjectId`, `name`, `typeId`, `paletteId`, `ammoType`, `blipColor`, `bitField`, `burden`, `combatUse`, `cooldownDuration`, `cooldownId`, `effects`, `containersCapacity`, `header`, `hookTypeId`, `iconId`, `iconOverlayId`, `iconUnderlayId`, `hookItemTypes`, `itemsCapacity`, `location`, `materialType`, `maxStackSize`, `maxStructure`, `radar`, `pscript`, `spellId`, `stackSize`, `structure`, `targetTypeId`, `usability`, `useRadius`, `validLocations`, `value`, `workmanship`, `animationFrameId`, `defaultScript`, `defaultScriptIntensity`, `elasticity`, `friction`, `locationId`, `modelTableId`, `objectScale`, `physicsBitField`, `physicsTableId`, `motionTableId`, `soundTableId`, `physicsState`, `translucency`)
VALUES (1971740834, 'Surface', 65536, 0, 0, 0, 262164, 0, 0, 0, 0, 0, 0, 8388656, 0, 100667499, 0, 0, 0, 0, 0, 0, 0, 0, 4, 0, 0, 0, 0, 0, 32, -0.1, 0, 0, 0, 0, 0, 0, 0, 0, 0, 33554867, 0, 98307, 0, 150994947, 0, 3084, 0);

INSERT INTO `ace_object` (`baseAceObjectId`, `weenieClassId`, `landblock`, `cell`, `posX`, `posY`, `posZ`, `qW`, `qX`, `qY`, `qZ`)
VALUES (1971740834, 52215, 22630, 268, 24.9959, -6.35684, -0.06299996, 1, 0, 0, 0);

INSERT INTO `base_ace_object` (`baseAceObjectId`, `name`, `typeId`, `paletteId`, `ammoType`, `blipColor`, `bitField`, `burden`, `combatUse`, `cooldownDuration`, `cooldownId`, `effects`, `containersCapacity`, `header`, `hookTypeId`, `iconId`, `iconOverlayId`, `iconUnderlayId`, `hookItemTypes`, `itemsCapacity`, `location`, `materialType`, `maxStackSize`, `maxStructure`, `radar`, `pscript`, `spellId`, `stackSize`, `structure`, `targetTypeId`, `usability`, `useRadius`, `validLocations`, `value`, `workmanship`, `animationFrameId`, `defaultScript`, `defaultScriptIntensity`, `elasticity`, `friction`, `locationId`, `modelTableId`, `objectScale`, `physicsBitField`, `physicsTableId`, `motionTableId`, `soundTableId`, `physicsState`, `translucency`)
VALUES (2021670955, 'Surface', 65536, 0, 0, 0, 262164, 0, 0, 0, 0, 0, 0, 8388656, 0, 100667499, 0, 0, 0, 0, 0, 0, 0, 0, 4, 0, 0, 0, 0, 0, 32, -0.1, 0, 0, 0, 0, 0, 0, 0, 0, 0, 33554867, 0, 98307, 0, 150994947, 0, 3084, 0);

INSERT INTO `ace_object` (`baseAceObjectId`, `weenieClassId`, `landblock`, `cell`, `posX`, `posY`, `posZ`, `qW`, `qX`, `qY`, `qZ`)
VALUES (2021670955, 40280, 34820, 486, 49.9011, -176.357, -240.063, 0.9996876, 0, 0, -0.02499711);

INSERT INTO `base_ace_object` (`baseAceObjectId`, `name`, `typeId`, `paletteId`, `ammoType`, `blipColor`, `bitField`, `burden`, `combatUse`, `cooldownDuration`, `cooldownId`, `effects`, `containersCapacity`, `header`, `hookTypeId`, `iconId`, `iconOverlayId`, `iconUnderlayId`, `hookItemTypes`, `itemsCapacity`, `location`, `materialType`, `maxStackSize`, `maxStructure`, `radar`, `pscript`, `spellId`, `stackSize`, `structure`, `targetTypeId`, `usability`, `useRadius`, `validLocations`, `value`, `workmanship`, `animationFrameId`, `defaultScript`, `defaultScriptIntensity`, `elasticity`, `friction`, `locationId`, `modelTableId`, `objectScale`, `physicsBitField`, `physicsTableId`, `motionTableId`, `soundTableId`, `physicsState`, `translucency`)
VALUES (2021670944, 'Destroyed Portal to Xarabydun', 65536, 0, 0, 0, 262164, 0, 0, 0, 0, 0, 0, 48, 0, 100667499, 0, 0, 0, 0, 0, 0, 0, 0, 0, 0, 0, 0, 0, 0, 1, -0.1, 0, 0, 0, 0, 0, 0, 0, 0, 0, 33561060, 0, 98307, 0, 150995314, 0, 3092, 0);

INSERT INTO `ace_object` (`baseAceObjectId`, `weenieClassId`, `landblock`, `cell`, `posX`, `posY`, `posZ`, `qW`, `qX`, `qY`, `qZ`)
VALUES (2021670944, 26640, 34820, 427, 30, -176.421, -240.2098, 1, 0, 0, -4.37114E-08);

INSERT INTO `base_ace_object` (`baseAceObjectId`, `name`, `typeId`, `paletteId`, `ammoType`, `blipColor`, `bitField`, `burden`, `combatUse`, `cooldownDuration`, `cooldownId`, `effects`, `containersCapacity`, `header`, `hookTypeId`, `iconId`, `iconOverlayId`, `iconUnderlayId`, `hookItemTypes`, `itemsCapacity`, `location`, `materialType`, `maxStackSize`, `maxStructure`, `radar`, `pscript`, `spellId`, `stackSize`, `structure`, `targetTypeId`, `usability`, `useRadius`, `validLocations`, `value`, `workmanship`, `animationFrameId`, `defaultScript`, `defaultScriptIntensity`, `elasticity`, `friction`, `locationId`, `modelTableId`, `objectScale`, `physicsBitField`, `physicsTableId`, `motionTableId`, `soundTableId`, `physicsState`, `translucency`)
VALUES (1881137211, 'Surface', 65536, 0, 0, 0, 262164, 0, 0, 0, 0, 0, 0, 8388656, 0, 100667499, 0, 0, 0, 0, 0, 0, 0, 0, 4, 0, 0, 0, 0, 0, 32, -0.1, 0, 0, 0, 0, 0, 0, 0, 0, 0, 33554867, 0, 98307, 0, 150994947, 0, 3084, 0);

INSERT INTO `ace_object` (`baseAceObjectId`, `weenieClassId`, `landblock`, `cell`, `posX`, `posY`, `posZ`, `qW`, `qX`, `qY`, `qZ`)
VALUES (1881137211, 28781, 510, 715, 183.363, -183.643, -0.06299996, 0.417428, 0, 0, -0.90871);

INSERT INTO `base_ace_object` (`baseAceObjectId`, `name`, `typeId`, `paletteId`, `ammoType`, `blipColor`, `bitField`, `burden`, `combatUse`, `cooldownDuration`, `cooldownId`, `effects`, `containersCapacity`, `header`, `hookTypeId`, `iconId`, `iconOverlayId`, `iconUnderlayId`, `hookItemTypes`, `itemsCapacity`, `location`, `materialType`, `maxStackSize`, `maxStructure`, `radar`, `pscript`, `spellId`, `stackSize`, `structure`, `targetTypeId`, `usability`, `useRadius`, `validLocations`, `value`, `workmanship`, `animationFrameId`, `defaultScript`, `defaultScriptIntensity`, `elasticity`, `friction`, `locationId`, `modelTableId`, `objectScale`, `physicsBitField`, `physicsTableId`, `motionTableId`, `soundTableId`, `physicsState`, `translucency`)
VALUES (1881137158, 'Surface', 65536, 0, 0, 0, 262164, 0, 0, 0, 0, 0, 0, 8388656, 0, 100667499, 0, 0, 0, 0, 0, 0, 0, 0, 4, 0, 0, 0, 0, 0, 32, -0.1, 0, 0, 0, 0, 0, 0, 0, 0, 0, 33554867, 0, 98307, 0, 150994947, 0, 3084, 0);

INSERT INTO `ace_object` (`baseAceObjectId`, `weenieClassId`, `landblock`, `cell`, `posX`, `posY`, `posZ`, `qW`, `qX`, `qY`, `qZ`)
VALUES (1881137158, 28781, 510, 313, 27.6638, 2.30896, -24.063, 0.7126132, 0, 0, -0.7015572);

INSERT INTO `base_ace_object` (`baseAceObjectId`, `name`, `typeId`, `paletteId`, `ammoType`, `blipColor`, `bitField`, `burden`, `combatUse`, `cooldownDuration`, `cooldownId`, `effects`, `containersCapacity`, `header`, `hookTypeId`, `iconId`, `iconOverlayId`, `iconUnderlayId`, `hookItemTypes`, `itemsCapacity`, `location`, `materialType`, `maxStackSize`, `maxStructure`, `radar`, `pscript`, `spellId`, `stackSize`, `structure`, `targetTypeId`, `usability`, `useRadius`, `validLocations`, `value`, `workmanship`, `animationFrameId`, `defaultScript`, `defaultScriptIntensity`, `elasticity`, `friction`, `locationId`, `modelTableId`, `objectScale`, `physicsBitField`, `physicsTableId`, `motionTableId`, `soundTableId`, `physicsState`, `translucency`)
VALUES (2884079459, 'Tiny Hive Portal', 65536, 0, 0, 0, 262164, 0, 0, 0, 0, 0, 0, 8388656, 0, 100667499, 0, 0, 0, 0, 0, 0, 0, 0, 4, 0, 0, 0, 0, 0, 32, -0.1, 0, 0, 0, 0, 0, 0, 0, 0, 0, 33555923, 0, 98307, 0, 150994947, 0, 3084, 0);

INSERT INTO `ace_object` (`baseAceObjectId`, `weenieClassId`, `landblock`, `cell`, `posX`, `posY`, `posZ`, `qW`, `qX`, `qY`, `qZ`)
VALUES (2884079459, 11219, 8124, 47, 124.5798, 160.4341, 95.55535, 1, 0, 0, 0);

INSERT INTO `base_ace_object` (`baseAceObjectId`, `name`, `typeId`, `paletteId`, `ammoType`, `blipColor`, `bitField`, `burden`, `combatUse`, `cooldownDuration`, `cooldownId`, `effects`, `containersCapacity`, `header`, `hookTypeId`, `iconId`, `iconOverlayId`, `iconUnderlayId`, `hookItemTypes`, `itemsCapacity`, `location`, `materialType`, `maxStackSize`, `maxStructure`, `radar`, `pscript`, `spellId`, `stackSize`, `structure`, `targetTypeId`, `usability`, `useRadius`, `validLocations`, `value`, `workmanship`, `animationFrameId`, `defaultScript`, `defaultScriptIntensity`, `elasticity`, `friction`, `locationId`, `modelTableId`, `objectScale`, `physicsBitField`, `physicsTableId`, `motionTableId`, `soundTableId`, `physicsState`, `translucency`)
VALUES (2884079643, 'Tiny Hive Portal', 65536, 0, 0, 0, 262164, 0, 0, 0, 0, 0, 0, 8388656, 0, 100667499, 0, 0, 0, 0, 0, 0, 0, 0, 4, 0, 0, 0, 0, 0, 32, -0.1, 0, 0, 0, 0, 0, 0, 0, 0, 0, 33555923, 0, 98307, 0, 150994947, 0, 3084, 0);

INSERT INTO `ace_object` (`baseAceObjectId`, `weenieClassId`, `landblock`, `cell`, `posX`, `posY`, `posZ`, `qW`, `qX`, `qY`, `qZ`)
VALUES (2884079643, 11219, 8125, 31, 93.49665, 158.164, 89.937, 1, 0, 0, 0);

INSERT INTO `base_ace_object` (`baseAceObjectId`, `name`, `typeId`, `paletteId`, `ammoType`, `blipColor`, `bitField`, `burden`, `combatUse`, `cooldownDuration`, `cooldownId`, `effects`, `containersCapacity`, `header`, `hookTypeId`, `iconId`, `iconOverlayId`, `iconUnderlayId`, `hookItemTypes`, `itemsCapacity`, `location`, `materialType`, `maxStackSize`, `maxStructure`, `radar`, `pscript`, `spellId`, `stackSize`, `structure`, `targetTypeId`, `usability`, `useRadius`, `validLocations`, `value`, `workmanship`, `animationFrameId`, `defaultScript`, `defaultScriptIntensity`, `elasticity`, `friction`, `locationId`, `modelTableId`, `objectScale`, `physicsBitField`, `physicsTableId`, `motionTableId`, `soundTableId`, `physicsState`, `translucency`)
VALUES (2129711128, 'Steamy Font', 65536, 0, 0, 0, 262292, 0, 0, 0, 0, 0, 0, 8388656, 0, 100667499, 0, 0, 0, 0, 0, 0, 0, 0, 4, 0, 0, 0, 0, 0, 32, -0.1, 0, 0, 0, 0, 0, 0, 0, 0, 0, 33556642, 0, 32769, 0, 0, 0, 3084, 0);

INSERT INTO `ace_object` (`baseAceObjectId`, `weenieClassId`, `landblock`, `cell`, `posX`, `posY`, `posZ`, `qW`, `qX`, `qY`, `qZ`)
VALUES (2129711128, 29786, 61197, 258, 86.0265, 107.745, 108.31, 0.9834879, 0, 0, 0.180974);

INSERT INTO `base_ace_object` (`baseAceObjectId`, `name`, `typeId`, `paletteId`, `ammoType`, `blipColor`, `bitField`, `burden`, `combatUse`, `cooldownDuration`, `cooldownId`, `effects`, `containersCapacity`, `header`, `hookTypeId`, `iconId`, `iconOverlayId`, `iconUnderlayId`, `hookItemTypes`, `itemsCapacity`, `location`, `materialType`, `maxStackSize`, `maxStructure`, `radar`, `pscript`, `spellId`, `stackSize`, `structure`, `targetTypeId`, `usability`, `useRadius`, `validLocations`, `value`, `workmanship`, `animationFrameId`, `defaultScript`, `defaultScriptIntensity`, `elasticity`, `friction`, `locationId`, `modelTableId`, `objectScale`, `physicsBitField`, `physicsTableId`, `motionTableId`, `soundTableId`, `physicsState`, `translucency`)
VALUES (2129711129, 'Humid Font', 65536, 0, 0, 0, 262292, 0, 0, 0, 0, 0, 0, 8388656, 0, 100667499, 0, 0, 0, 0, 0, 0, 0, 0, 4, 0, 0, 0, 0, 0, 32, -0.1, 0, 0, 0, 0, 0, 0, 0, 0, 0, 33556642, 0, 32769, 0, 0, 0, 3084, 0);

INSERT INTO `ace_object` (`baseAceObjectId`, `weenieClassId`, `landblock`, `cell`, `posX`, `posY`, `posZ`, `qW`, `qX`, `qY`, `qZ`)
VALUES (2129711129, 29781, 61197, 267, 133.82, 59.8603, 107.96, 0.7047679, 0, 0, -0.709438);

INSERT INTO `base_ace_object` (`baseAceObjectId`, `name`, `typeId`, `paletteId`, `ammoType`, `blipColor`, `bitField`, `burden`, `combatUse`, `cooldownDuration`, `cooldownId`, `effects`, `containersCapacity`, `header`, `hookTypeId`, `iconId`, `iconOverlayId`, `iconUnderlayId`, `hookItemTypes`, `itemsCapacity`, `location`, `materialType`, `maxStackSize`, `maxStructure`, `radar`, `pscript`, `spellId`, `stackSize`, `structure`, `targetTypeId`, `usability`, `useRadius`, `validLocations`, `value`, `workmanship`, `animationFrameId`, `defaultScript`, `defaultScriptIntensity`, `elasticity`, `friction`, `locationId`, `modelTableId`, `objectScale`, `physicsBitField`, `physicsTableId`, `motionTableId`, `soundTableId`, `physicsState`, `translucency`)
VALUES (2129711130, 'Balmy Font', 65536, 0, 0, 0, 262292, 0, 0, 0, 0, 0, 0, 8388656, 0, 100667499, 0, 0, 0, 0, 0, 0, 0, 0, 4, 0, 0, 0, 0, 0, 32, -0.1, 0, 0, 0, 0, 0, 0, 0, 0, 0, 33556642, 0, 32769, 0, 0, 0, 3084, 0);

INSERT INTO `ace_object` (`baseAceObjectId`, `weenieClassId`, `landblock`, `cell`, `posX`, `posY`, `posZ`, `qW`, `qX`, `qY`, `qZ`)
VALUES (2129711130, 29778, 61197, 269, 109.588, 10.5422, 108.31, 0.426181, 0, 0, -0.9046379);

INSERT INTO `base_ace_object` (`baseAceObjectId`, `name`, `typeId`, `paletteId`, `ammoType`, `blipColor`, `bitField`, `burden`, `combatUse`, `cooldownDuration`, `cooldownId`, `effects`, `containersCapacity`, `header`, `hookTypeId`, `iconId`, `iconOverlayId`, `iconUnderlayId`, `hookItemTypes`, `itemsCapacity`, `location`, `materialType`, `maxStackSize`, `maxStructure`, `radar`, `pscript`, `spellId`, `stackSize`, `structure`, `targetTypeId`, `usability`, `useRadius`, `validLocations`, `value`, `workmanship`, `animationFrameId`, `defaultScript`, `defaultScriptIntensity`, `elasticity`, `friction`, `locationId`, `modelTableId`, `objectScale`, `physicsBitField`, `physicsTableId`, `motionTableId`, `soundTableId`, `physicsState`, `translucency`)
VALUES (2129711131, 'Muggy Font', 65536, 0, 0, 0, 262292, 0, 0, 0, 0, 0, 0, 8388656, 0, 100667499, 0, 0, 0, 0, 0, 0, 0, 0, 4, 0, 0, 0, 0, 0, 32, -0.1, 0, 0, 0, 0, 0, 0, 0, 0, 0, 33556642, 0, 32769, 0, 0, 0, 3084, 0);

INSERT INTO `ace_object` (`baseAceObjectId`, `weenieClassId`, `landblock`, `cell`, `posX`, `posY`, `posZ`, `qW`, `qX`, `qY`, `qZ`)
VALUES (2129711131, 29783, 61197, 271, 34.5319, 11.719, 108.31, -0.6164231, 0, 0, -0.7874151);

INSERT INTO `base_ace_object` (`baseAceObjectId`, `name`, `typeId`, `paletteId`, `ammoType`, `blipColor`, `bitField`, `burden`, `combatUse`, `cooldownDuration`, `cooldownId`, `effects`, `containersCapacity`, `header`, `hookTypeId`, `iconId`, `iconOverlayId`, `iconUnderlayId`, `hookItemTypes`, `itemsCapacity`, `location`, `materialType`, `maxStackSize`, `maxStructure`, `radar`, `pscript`, `spellId`, `stackSize`, `structure`, `targetTypeId`, `usability`, `useRadius`, `validLocations`, `value`, `workmanship`, `animationFrameId`, `defaultScript`, `defaultScriptIntensity`, `elasticity`, `friction`, `locationId`, `modelTableId`, `objectScale`, `physicsBitField`, `physicsTableId`, `motionTableId`, `soundTableId`, `physicsState`, `translucency`)
VALUES (2021671101, 'Surface', 65536, 0, 0, 0, 262164, 0, 0, 0, 0, 0, 0, 8388656, 0, 100667499, 0, 0, 0, 0, 0, 0, 0, 0, 4, 0, 0, 0, 0, 0, 32, -0.1, 0, 0, 0, 0, 0, 0, 0, 0, 0, 33554867, 0, 98307, 0, 150994947, 0, 3084, 0);

INSERT INTO `ace_object` (`baseAceObjectId`, `weenieClassId`, `landblock`, `cell`, `posX`, `posY`, `posZ`, `qW`, `qX`, `qY`, `qZ`)
VALUES (2021671101, 40280, 34820, 1332, 49.9011, -176.357, 119.937, 0.9996876, 0, 0, -0.02499711);

INSERT INTO `base_ace_object` (`baseAceObjectId`, `name`, `typeId`, `paletteId`, `ammoType`, `blipColor`, `bitField`, `burden`, `combatUse`, `cooldownDuration`, `cooldownId`, `effects`, `containersCapacity`, `header`, `hookTypeId`, `iconId`, `iconOverlayId`, `iconUnderlayId`, `hookItemTypes`, `itemsCapacity`, `location`, `materialType`, `maxStackSize`, `maxStructure`, `radar`, `pscript`, `spellId`, `stackSize`, `structure`, `targetTypeId`, `usability`, `useRadius`, `validLocations`, `value`, `workmanship`, `animationFrameId`, `defaultScript`, `defaultScriptIntensity`, `elasticity`, `friction`, `locationId`, `modelTableId`, `objectScale`, `physicsBitField`, `physicsTableId`, `motionTableId`, `soundTableId`, `physicsState`, `translucency`)
VALUES (2021671090, 'Destroyed Portal to Xarabydun', 65536, 0, 0, 0, 262164, 0, 0, 0, 0, 0, 0, 48, 0, 100667499, 0, 0, 0, 0, 0, 0, 0, 0, 0, 0, 0, 0, 0, 0, 1, -0.1, 0, 0, 0, 0, 0, 0, 0, 0, 0, 33561060, 0, 98307, 0, 150995314, 0, 3092, 0);

INSERT INTO `ace_object` (`baseAceObjectId`, `weenieClassId`, `landblock`, `cell`, `posX`, `posY`, `posZ`, `qW`, `qX`, `qY`, `qZ`)
VALUES (2021671090, 26640, 34820, 1273, 30, -176.421, 119.7902, 1, 0, 0, -4.37114E-08);

INSERT INTO `base_ace_object` (`baseAceObjectId`, `name`, `typeId`, `paletteId`, `ammoType`, `blipColor`, `bitField`, `burden`, `combatUse`, `cooldownDuration`, `cooldownId`, `effects`, `containersCapacity`, `header`, `hookTypeId`, `iconId`, `iconOverlayId`, `iconUnderlayId`, `hookItemTypes`, `itemsCapacity`, `location`, `materialType`, `maxStackSize`, `maxStructure`, `radar`, `pscript`, `spellId`, `stackSize`, `structure`, `targetTypeId`, `usability`, `useRadius`, `validLocations`, `value`, `workmanship`, `animationFrameId`, `defaultScript`, `defaultScriptIntensity`, `elasticity`, `friction`, `locationId`, `modelTableId`, `objectScale`, `physicsBitField`, `physicsTableId`, `motionTableId`, `soundTableId`, `physicsState`, `translucency`)
VALUES (1879298134, 'Surface', 65536, 0, 0, 0, 262164, 0, 0, 0, 0, 0, 0, 8388656, 0, 100667499, 0, 0, 0, 0, 0, 0, 0, 0, 4, 0, 0, 0, 0, 0, 32, -0.1, 0, 0, 0, 0, 0, 0, 0, 0, 0, 33554867, 0, 98307, 0, 150994947, 0, 3084, 0);

INSERT INTO `ace_object` (`baseAceObjectId`, `weenieClassId`, `landblock`, `cell`, `posX`, `posY`, `posZ`, `qW`, `qX`, `qY`, `qZ`)
VALUES (1879298134, 31884, 61, 1345, 237.606, -42.2234, -0.06299996, -0.2169639, 0, 0, -0.9761796);

INSERT INTO `base_ace_object` (`baseAceObjectId`, `name`, `typeId`, `paletteId`, `ammoType`, `blipColor`, `bitField`, `burden`, `combatUse`, `cooldownDuration`, `cooldownId`, `effects`, `containersCapacity`, `header`, `hookTypeId`, `iconId`, `iconOverlayId`, `iconUnderlayId`, `hookItemTypes`, `itemsCapacity`, `location`, `materialType`, `maxStackSize`, `maxStructure`, `radar`, `pscript`, `spellId`, `stackSize`, `structure`, `targetTypeId`, `usability`, `useRadius`, `validLocations`, `value`, `workmanship`, `animationFrameId`, `defaultScript`, `defaultScriptIntensity`, `elasticity`, `friction`, `locationId`, `modelTableId`, `objectScale`, `physicsBitField`, `physicsTableId`, `motionTableId`, `soundTableId`, `physicsState`, `translucency`)
VALUES (1879298150, 'Gatekeepers', 65536, 0, 0, 0, 262164, 0, 0, 0, 0, 0, 0, 8388656, 0, 100667499, 0, 0, 0, 0, 0, 0, 0, 0, 4, 0, 0, 0, 0, 0, 32, -0.1, 0, 0, 0, 0, 0, 0, 0, 0, 0, 33555925, 0, 98307, 0, 150994947, 0, 3084, 0);

INSERT INTO `ace_object` (`baseAceObjectId`, `weenieClassId`, `landblock`, `cell`, `posX`, `posY`, `posZ`, `qW`, `qX`, `qY`, `qZ`)
VALUES (1879298150, 31892, 61, 1457, 20, -220, 5.937, 1, 0, 0, 0);

INSERT INTO `base_ace_object` (`baseAceObjectId`, `name`, `typeId`, `paletteId`, `ammoType`, `blipColor`, `bitField`, `burden`, `combatUse`, `cooldownDuration`, `cooldownId`, `effects`, `containersCapacity`, `header`, `hookTypeId`, `iconId`, `iconOverlayId`, `iconUnderlayId`, `hookItemTypes`, `itemsCapacity`, `location`, `materialType`, `maxStackSize`, `maxStructure`, `radar`, `pscript`, `spellId`, `stackSize`, `structure`, `targetTypeId`, `usability`, `useRadius`, `validLocations`, `value`, `workmanship`, `animationFrameId`, `defaultScript`, `defaultScriptIntensity`, `elasticity`, `friction`, `locationId`, `modelTableId`, `objectScale`, `physicsBitField`, `physicsTableId`, `motionTableId`, `soundTableId`, `physicsState`, `translucency`)
VALUES (2084450307, 'Northern Temple Catacombs', 65536, 0, 0, 0, 262164, 0, 0, 0, 0, 0, 0, 8388656, 0, 100667499, 0, 0, 0, 0, 0, 0, 0, 0, 4, 0, 0, 0, 0, 0, 32, -0.1, 0, 0, 0, 0, 0, 0, 0, 0, 0, 33557581, 0, 98307, 0, 150994947, 0, 3084, 0);

INSERT INTO `ace_object` (`baseAceObjectId`, `weenieClassId`, `landblock`, `cell`, `posX`, `posY`, `posZ`, `qW`, `qX`, `qY`, `qZ`)
VALUES (2084450307, 33305, 50147, 30, 84.353, 123.832, 11.93695, 0.7071068, 0, 0, -0.7071068);

INSERT INTO `base_ace_object` (`baseAceObjectId`, `name`, `typeId`, `paletteId`, `ammoType`, `blipColor`, `bitField`, `burden`, `combatUse`, `cooldownDuration`, `cooldownId`, `effects`, `containersCapacity`, `header`, `hookTypeId`, `iconId`, `iconOverlayId`, `iconUnderlayId`, `hookItemTypes`, `itemsCapacity`, `location`, `materialType`, `maxStackSize`, `maxStructure`, `radar`, `pscript`, `spellId`, `stackSize`, `structure`, `targetTypeId`, `usability`, `useRadius`, `validLocations`, `value`, `workmanship`, `animationFrameId`, `defaultScript`, `defaultScriptIntensity`, `elasticity`, `friction`, `locationId`, `modelTableId`, `objectScale`, `physicsBitField`, `physicsTableId`, `motionTableId`, `soundTableId`, `physicsState`, `translucency`)
VALUES (2084450335, 'Temple Exit', 65536, 0, 0, 0, 262164, 0, 0, 0, 0, 0, 0, 8388656, 0, 100667499, 0, 0, 0, 0, 0, 0, 0, 0, 4, 0, 0, 0, 0, 0, 32, -0.1, 0, 0, 0, 0, 0, 0, 0, 0, 0, 33557581, 0, 98307, 0, 150994947, 0, 3084, 0);

INSERT INTO `ace_object` (`baseAceObjectId`, `weenieClassId`, `landblock`, `cell`, `posX`, `posY`, `posZ`, `qW`, `qX`, `qY`, `qZ`)
VALUES (2084450335, 33304, 50147, 31, 84.1221, 159.467, 4.937, 1, 0, 0, 0);

INSERT INTO `base_ace_object` (`baseAceObjectId`, `name`, `typeId`, `paletteId`, `ammoType`, `blipColor`, `bitField`, `burden`, `combatUse`, `cooldownDuration`, `cooldownId`, `effects`, `containersCapacity`, `header`, `hookTypeId`, `iconId`, `iconOverlayId`, `iconUnderlayId`, `hookItemTypes`, `itemsCapacity`, `location`, `materialType`, `maxStackSize`, `maxStructure`, `radar`, `pscript`, `spellId`, `stackSize`, `structure`, `targetTypeId`, `usability`, `useRadius`, `validLocations`, `value`, `workmanship`, `animationFrameId`, `defaultScript`, `defaultScriptIntensity`, `elasticity`, `friction`, `locationId`, `modelTableId`, `objectScale`, `physicsBitField`, `physicsTableId`, `motionTableId`, `soundTableId`, `physicsState`, `translucency`)
VALUES (1879363791, 'Temple of N''cthail', 65536, 0, 0, 0, 262164, 0, 0, 0, 0, 0, 0, 8388656, 0, 100667499, 0, 0, 0, 0, 0, 0, 0, 0, 4, 0, 0, 0, 0, 0, 32, -0.1, 0, 0, 0, 0, 0, 0, 0, 0, 0, 33557581, 0, 98307, 0, 150994947, 0, 3084, 0);

INSERT INTO `ace_object` (`baseAceObjectId`, `weenieClassId`, `landblock`, `cell`, `posX`, `posY`, `posZ`, `qW`, `qX`, `qY`, `qZ`)
VALUES (1879363791, 33295, 77, 1765, 90.0652, -253.351, -0.06299996, -4.37114E-08, 0, 0, -1);

INSERT INTO `base_ace_object` (`baseAceObjectId`, `name`, `typeId`, `paletteId`, `ammoType`, `blipColor`, `bitField`, `burden`, `combatUse`, `cooldownDuration`, `cooldownId`, `effects`, `containersCapacity`, `header`, `hookTypeId`, `iconId`, `iconOverlayId`, `iconUnderlayId`, `hookItemTypes`, `itemsCapacity`, `location`, `materialType`, `maxStackSize`, `maxStructure`, `radar`, `pscript`, `spellId`, `stackSize`, `structure`, `targetTypeId`, `usability`, `useRadius`, `validLocations`, `value`, `workmanship`, `animationFrameId`, `defaultScript`, `defaultScriptIntensity`, `elasticity`, `friction`, `locationId`, `modelTableId`, `objectScale`, `physicsBitField`, `physicsTableId`, `motionTableId`, `soundTableId`, `physicsState`, `translucency`)
VALUES (1879392256, 'Surface', 65536, 0, 0, 0, 262164, 0, 0, 0, 0, 0, 0, 8388656, 0, 100667499, 0, 0, 0, 0, 0, 0, 0, 0, 4, 0, 0, 0, 0, 0, 32, -0.1, 0, 0, 0, 0, 0, 0, 0, 0, 0, 33555925, 0, 98307, 0, 150994947, 0, 3084, 0);

INSERT INTO `ace_object` (`baseAceObjectId`, `weenieClassId`, `landblock`, `cell`, `posX`, `posY`, `posZ`, `qW`, `qX`, `qY`, `qZ`)
VALUES (1879392256, 33544, 84, 259, 40, -3.87724, -66.063, 1, 0, 0, 0);

INSERT INTO `base_ace_object` (`baseAceObjectId`, `name`, `typeId`, `paletteId`, `ammoType`, `blipColor`, `bitField`, `burden`, `combatUse`, `cooldownDuration`, `cooldownId`, `effects`, `containersCapacity`, `header`, `hookTypeId`, `iconId`, `iconOverlayId`, `iconUnderlayId`, `hookItemTypes`, `itemsCapacity`, `location`, `materialType`, `maxStackSize`, `maxStructure`, `radar`, `pscript`, `spellId`, `stackSize`, `structure`, `targetTypeId`, `usability`, `useRadius`, `validLocations`, `value`, `workmanship`, `animationFrameId`, `defaultScript`, `defaultScriptIntensity`, `elasticity`, `friction`, `locationId`, `modelTableId`, `objectScale`, `physicsBitField`, `physicsTableId`, `motionTableId`, `soundTableId`, `physicsState`, `translucency`)
VALUES (1880789124, 'Portal to Lighthouse', 65536, 0, 0, 0, 262164, 0, 0, 0, 0, 0, 0, 8388656, 0, 100667499, 0, 0, 0, 0, 0, 0, 0, 0, 4, 0, 0, 0, 0, 0, 32, -0.1, 0, 0, 0, 0, 0, 0, 0, 0, 0, 33555923, 0, 98307, 0, 150994947, 0, 3084, 0);

INSERT INTO `ace_object` (`baseAceObjectId`, `weenieClassId`, `landblock`, `cell`, `posX`, `posY`, `posZ`, `qW`, `qX`, `qY`, `qZ`)
VALUES (1880789124, 2356, 425, 722, 49.9705, -14.7227, -0.06299996, 1, 0, 0, -4.37114E-08);

INSERT INTO `base_ace_object` (`baseAceObjectId`, `name`, `typeId`, `paletteId`, `ammoType`, `blipColor`, `bitField`, `burden`, `combatUse`, `cooldownDuration`, `cooldownId`, `effects`, `containersCapacity`, `header`, `hookTypeId`, `iconId`, `iconOverlayId`, `iconUnderlayId`, `hookItemTypes`, `itemsCapacity`, `location`, `materialType`, `maxStackSize`, `maxStructure`, `radar`, `pscript`, `spellId`, `stackSize`, `structure`, `targetTypeId`, `usability`, `useRadius`, `validLocations`, `value`, `workmanship`, `animationFrameId`, `defaultScript`, `defaultScriptIntensity`, `elasticity`, `friction`, `locationId`, `modelTableId`, `objectScale`, `physicsBitField`, `physicsTableId`, `motionTableId`, `soundTableId`, `physicsState`, `translucency`)
VALUES (2056138821, 'House Portal', 65536, 0, 0, 0, 262164, 0, 0, 0, 0, 0, 0, 41943088, 0, 100667499, 0, 0, 0, 0, 0, 0, 0, 0, 4, 0, 0, 0, 0, 0, 32, 0.75, 0, 0, 0, 0, 0, 0, 0, 0, 0, 33554867, 0, 98307, 0, 150994947, 0, 3076, 0);

INSERT INTO `ace_object` (`baseAceObjectId`, `weenieClassId`, `landblock`, `cell`, `posX`, `posY`, `posZ`, `qW`, `qX`, `qY`, `qZ`)
VALUES (2056138821, 11730, 43235, 338, 43.4878, 54.7784, 67.937, -0.6974974, 0, 0, 0.7165874);

INSERT INTO `base_ace_object` (`baseAceObjectId`, `name`, `typeId`, `paletteId`, `ammoType`, `blipColor`, `bitField`, `burden`, `combatUse`, `cooldownDuration`, `cooldownId`, `effects`, `containersCapacity`, `header`, `hookTypeId`, `iconId`, `iconOverlayId`, `iconUnderlayId`, `hookItemTypes`, `itemsCapacity`, `location`, `materialType`, `maxStackSize`, `maxStructure`, `radar`, `pscript`, `spellId`, `stackSize`, `structure`, `targetTypeId`, `usability`, `useRadius`, `validLocations`, `value`, `workmanship`, `animationFrameId`, `defaultScript`, `defaultScriptIntensity`, `elasticity`, `friction`, `locationId`, `modelTableId`, `objectScale`, `physicsBitField`, `physicsTableId`, `motionTableId`, `soundTableId`, `physicsState`, `translucency`)
VALUES (2871004999, 'Mayoi Portal', 65536, 0, 0, 0, 262164, 0, 0, 0, 0, 0, 0, 8388656, 0, 100667499, 0, 0, 0, 0, 0, 0, 0, 0, 4, 0, 0, 0, 0, 0, 32, -0.1, 0, 0, 0, 0, 0, 0, 0, 0, 0, 33554867, 0, 98307, 0, 150994947, 0, 3084, 0);

INSERT INTO `ace_object` (`baseAceObjectId`, `weenieClassId`, `landblock`, `cell`, `posX`, `posY`, `posZ`, `qW`, `qX`, `qY`, `qZ`)
VALUES (2871004999, 42842, 14127, 20, 64.97403, 81.26501, 53.86425, 1, 0, 0, 0);

INSERT INTO `base_ace_object` (`baseAceObjectId`, `name`, `typeId`, `paletteId`, `ammoType`, `blipColor`, `bitField`, `burden`, `combatUse`, `cooldownDuration`, `cooldownId`, `effects`, `containersCapacity`, `header`, `hookTypeId`, `iconId`, `iconOverlayId`, `iconUnderlayId`, `hookItemTypes`, `itemsCapacity`, `location`, `materialType`, `maxStackSize`, `maxStructure`, `radar`, `pscript`, `spellId`, `stackSize`, `structure`, `targetTypeId`, `usability`, `useRadius`, `validLocations`, `value`, `workmanship`, `animationFrameId`, `defaultScript`, `defaultScriptIntensity`, `elasticity`, `friction`, `locationId`, `modelTableId`, `objectScale`, `physicsBitField`, `physicsTableId`, `motionTableId`, `soundTableId`, `physicsState`, `translucency`)
VALUES (1880199251, 'Surface Portal', 65536, 0, 0, 0, 262164, 0, 0, 0, 0, 0, 0, 8388656, 0, 100667499, 0, 0, 0, 0, 0, 0, 0, 0, 4, 0, 0, 0, 0, 0, 32, -0.1, 0, 0, 0, 0, 0, 0, 0, 0, 0, 33554867, 0, 98307, 0, 150994947, 0, 3084, 0);

INSERT INTO `ace_object` (`baseAceObjectId`, `weenieClassId`, `landblock`, `cell`, `posX`, `posY`, `posZ`, `qW`, `qX`, `qY`, `qZ`)
VALUES (1880199251, 6390, 281, 870, 37.025, -110, 41.937, 0.7071068, 0, 0, -0.7071068);

INSERT INTO `base_ace_object` (`baseAceObjectId`, `name`, `typeId`, `paletteId`, `ammoType`, `blipColor`, `bitField`, `burden`, `combatUse`, `cooldownDuration`, `cooldownId`, `effects`, `containersCapacity`, `header`, `hookTypeId`, `iconId`, `iconOverlayId`, `iconUnderlayId`, `hookItemTypes`, `itemsCapacity`, `location`, `materialType`, `maxStackSize`, `maxStructure`, `radar`, `pscript`, `spellId`, `stackSize`, `structure`, `targetTypeId`, `usability`, `useRadius`, `validLocations`, `value`, `workmanship`, `animationFrameId`, `defaultScript`, `defaultScriptIntensity`, `elasticity`, `friction`, `locationId`, `modelTableId`, `objectScale`, `physicsBitField`, `physicsTableId`, `motionTableId`, `soundTableId`, `physicsState`, `translucency`)
VALUES (3710524757, 'Heartland', 65536, 0, 0, 0, 262164, 0, 0, 0, 0, 0, 0, 8388656, 0, 100667499, 0, 0, 0, 0, 0, 0, 0, 0, 4, 0, 0, 0, 0, 0, 32, -0.1, 0, 0, 0, 0, 0, 0, 0, 0, 0, 33554867, 0, 98307, 0, 150994947, 0, 3084, 0);

INSERT INTO `ace_object` (`baseAceObjectId`, `weenieClassId`, `landblock`, `cell`, `posX`, `posY`, `posZ`, `qW`, `qX`, `qY`, `qZ`)
VALUES (3710524757, 1900, 13935, 2, 5.871924, 25.20395, 35.937, 1, 0, 0, 0);

INSERT INTO `base_ace_object` (`baseAceObjectId`, `name`, `typeId`, `paletteId`, `ammoType`, `blipColor`, `bitField`, `burden`, `combatUse`, `cooldownDuration`, `cooldownId`, `effects`, `containersCapacity`, `header`, `hookTypeId`, `iconId`, `iconOverlayId`, `iconUnderlayId`, `hookItemTypes`, `itemsCapacity`, `location`, `materialType`, `maxStackSize`, `maxStructure`, `radar`, `pscript`, `spellId`, `stackSize`, `structure`, `targetTypeId`, `usability`, `useRadius`, `validLocations`, `value`, `workmanship`, `animationFrameId`, `defaultScript`, `defaultScriptIntensity`, `elasticity`, `friction`, `locationId`, `modelTableId`, `objectScale`, `physicsBitField`, `physicsTableId`, `motionTableId`, `soundTableId`, `physicsState`, `translucency`)
VALUES (1879392348, 'Surface', 65536, 0, 0, 0, 262164, 0, 0, 0, 0, 0, 0, 8388656, 0, 100667499, 0, 0, 0, 0, 0, 0, 0, 0, 4, 0, 0, 0, 0, 0, 32, -0.1, 0, 0, 0, 0, 0, 0, 0, 0, 0, 33555925, 0, 98307, 0, 150994947, 0, 3084, 0);

INSERT INTO `ace_object` (`baseAceObjectId`, `weenieClassId`, `landblock`, `cell`, `posX`, `posY`, `posZ`, `qW`, `qX`, `qY`, `qZ`)
VALUES (1879392348, 33544, 84, 1401, 1.838, -421.644, -6.063, -0.9238797, 0, 0, -0.3826829);

INSERT INTO `base_ace_object` (`baseAceObjectId`, `name`, `typeId`, `paletteId`, `ammoType`, `blipColor`, `bitField`, `burden`, `combatUse`, `cooldownDuration`, `cooldownId`, `effects`, `containersCapacity`, `header`, `hookTypeId`, `iconId`, `iconOverlayId`, `iconUnderlayId`, `hookItemTypes`, `itemsCapacity`, `location`, `materialType`, `maxStackSize`, `maxStructure`, `radar`, `pscript`, `spellId`, `stackSize`, `structure`, `targetTypeId`, `usability`, `useRadius`, `validLocations`, `value`, `workmanship`, `animationFrameId`, `defaultScript`, `defaultScriptIntensity`, `elasticity`, `friction`, `locationId`, `modelTableId`, `objectScale`, `physicsBitField`, `physicsTableId`, `motionTableId`, `soundTableId`, `physicsState`, `translucency`)
VALUES (2032873532, 'House Portal', 65536, 0, 0, 0, 262164, 0, 0, 0, 0, 0, 0, 41943088, 0, 100667499, 0, 0, 0, 0, 0, 0, 0, 0, 4, 0, 0, 0, 0, 0, 32, 0.75, 0, 0, 0, 0, 0, 0, 0, 0, 0, 33554867, 0, 98307, 0, 150994947, 0, 3076, 0);

INSERT INTO `ace_object` (`baseAceObjectId`, `weenieClassId`, `landblock`, `cell`, `posX`, `posY`, `posZ`, `qW`, `qX`, `qY`, `qZ`)
VALUES (2032873532, 11730, 37555, 280, 141.526, 155.774, 99.137, -0.7046139, 0, 0, 0.7095909);

INSERT INTO `base_ace_object` (`baseAceObjectId`, `name`, `typeId`, `paletteId`, `ammoType`, `blipColor`, `bitField`, `burden`, `combatUse`, `cooldownDuration`, `cooldownId`, `effects`, `containersCapacity`, `header`, `hookTypeId`, `iconId`, `iconOverlayId`, `iconUnderlayId`, `hookItemTypes`, `itemsCapacity`, `location`, `materialType`, `maxStackSize`, `maxStructure`, `radar`, `pscript`, `spellId`, `stackSize`, `structure`, `targetTypeId`, `usability`, `useRadius`, `validLocations`, `value`, `workmanship`, `animationFrameId`, `defaultScript`, `defaultScriptIntensity`, `elasticity`, `friction`, `locationId`, `modelTableId`, `objectScale`, `physicsBitField`, `physicsTableId`, `motionTableId`, `soundTableId`, `physicsState`, `translucency`)
VALUES (2032873528, 'House Portal', 65536, 0, 0, 0, 262164, 0, 0, 0, 0, 0, 0, 41943088, 0, 100667499, 0, 0, 0, 0, 0, 0, 0, 0, 4, 0, 0, 0, 0, 0, 32, 0.75, 0, 0, 0, 0, 0, 0, 0, 0, 0, 33554867, 0, 98307, 0, 150994947, 0, 3076, 0);

INSERT INTO `ace_object` (`baseAceObjectId`, `weenieClassId`, `landblock`, `cell`, `posX`, `posY`, `posZ`, `qW`, `qX`, `qY`, `qZ`)
VALUES (2032873528, 11730, 37555, 308, 129.251, 33.8562, 93.137, -0.04068061, 0, 0, -0.9991722);

INSERT INTO `base_ace_object` (`baseAceObjectId`, `name`, `typeId`, `paletteId`, `ammoType`, `blipColor`, `bitField`, `burden`, `combatUse`, `cooldownDuration`, `cooldownId`, `effects`, `containersCapacity`, `header`, `hookTypeId`, `iconId`, `iconOverlayId`, `iconUnderlayId`, `hookItemTypes`, `itemsCapacity`, `location`, `materialType`, `maxStackSize`, `maxStructure`, `radar`, `pscript`, `spellId`, `stackSize`, `structure`, `targetTypeId`, `usability`, `useRadius`, `validLocations`, `value`, `workmanship`, `animationFrameId`, `defaultScript`, `defaultScriptIntensity`, `elasticity`, `friction`, `locationId`, `modelTableId`, `objectScale`, `physicsBitField`, `physicsTableId`, `motionTableId`, `soundTableId`, `physicsState`, `translucency`)
VALUES (2035954121, 'House Portal', 65536, 0, 0, 0, 262164, 0, 0, 0, 0, 0, 0, 41943088, 0, 100667499, 0, 0, 0, 0, 0, 0, 0, 0, 4, 0, 0, 0, 0, 0, 32, 0.75, 0, 0, 0, 0, 0, 0, 0, 0, 0, 33554867, 0, 98307, 0, 150994947, 0, 3076, 0);

INSERT INTO `ace_object` (`baseAceObjectId`, `weenieClassId`, `landblock`, `cell`, `posX`, `posY`, `posZ`, `qW`, `qX`, `qY`, `qZ`)
VALUES (2035954121, 11730, 38307, 280, 59.6982, 45.914, 43.137, 0.9988762, 0, 0, -0.04739711);

INSERT INTO `base_ace_object` (`baseAceObjectId`, `name`, `typeId`, `paletteId`, `ammoType`, `blipColor`, `bitField`, `burden`, `combatUse`, `cooldownDuration`, `cooldownId`, `effects`, `containersCapacity`, `header`, `hookTypeId`, `iconId`, `iconOverlayId`, `iconUnderlayId`, `hookItemTypes`, `itemsCapacity`, `location`, `materialType`, `maxStackSize`, `maxStructure`, `radar`, `pscript`, `spellId`, `stackSize`, `structure`, `targetTypeId`, `usability`, `useRadius`, `validLocations`, `value`, `workmanship`, `animationFrameId`, `defaultScript`, `defaultScriptIntensity`, `elasticity`, `friction`, `locationId`, `modelTableId`, `objectScale`, `physicsBitField`, `physicsTableId`, `motionTableId`, `soundTableId`, `physicsState`, `translucency`)
VALUES (2035954123, 'House Portal', 65536, 0, 0, 0, 262164, 0, 0, 0, 0, 0, 0, 41943088, 0, 100667499, 0, 0, 0, 0, 0, 0, 0, 0, 4, 0, 0, 0, 0, 0, 32, 0.75, 0, 0, 0, 0, 0, 0, 0, 0, 0, 33554867, 0, 98307, 0, 150994947, 0, 3076, 0);

INSERT INTO `ace_object` (`baseAceObjectId`, `weenieClassId`, `landblock`, `cell`, `posX`, `posY`, `posZ`, `qW`, `qX`, `qY`, `qZ`)
VALUES (2035954123, 11730, 38307, 308, 37.9014, 104.196, 39.137, -0.6816171, 0, 0, 0.7317091);

INSERT INTO `base_ace_object` (`baseAceObjectId`, `name`, `typeId`, `paletteId`, `ammoType`, `blipColor`, `bitField`, `burden`, `combatUse`, `cooldownDuration`, `cooldownId`, `effects`, `containersCapacity`, `header`, `hookTypeId`, `iconId`, `iconOverlayId`, `iconUnderlayId`, `hookItemTypes`, `itemsCapacity`, `location`, `materialType`, `maxStackSize`, `maxStructure`, `radar`, `pscript`, `spellId`, `stackSize`, `structure`, `targetTypeId`, `usability`, `useRadius`, `validLocations`, `value`, `workmanship`, `animationFrameId`, `defaultScript`, `defaultScriptIntensity`, `elasticity`, `friction`, `locationId`, `modelTableId`, `objectScale`, `physicsBitField`, `physicsTableId`, `motionTableId`, `soundTableId`, `physicsState`, `translucency`)
VALUES (2035954125, 'House Portal', 65536, 0, 0, 0, 262164, 0, 0, 0, 0, 0, 0, 41943088, 0, 100667499, 0, 0, 0, 0, 0, 0, 0, 0, 4, 0, 0, 0, 0, 0, 32, 0.75, 0, 0, 0, 0, 0, 0, 0, 0, 0, 33554867, 0, 98307, 0, 150994947, 0, 3076, 0);

INSERT INTO `ace_object` (`baseAceObjectId`, `weenieClassId`, `landblock`, `cell`, `posX`, `posY`, `posZ`, `qW`, `qX`, `qY`, `qZ`)
VALUES (2035954125, 11730, 38307, 339, 92.782, 155.674, 25.137, 0.6924351, 0, 0, -0.7214801);

INSERT INTO `base_ace_object` (`baseAceObjectId`, `name`, `typeId`, `paletteId`, `ammoType`, `blipColor`, `bitField`, `burden`, `combatUse`, `cooldownDuration`, `cooldownId`, `effects`, `containersCapacity`, `header`, `hookTypeId`, `iconId`, `iconOverlayId`, `iconUnderlayId`, `hookItemTypes`, `itemsCapacity`, `location`, `materialType`, `maxStackSize`, `maxStructure`, `radar`, `pscript`, `spellId`, `stackSize`, `structure`, `targetTypeId`, `usability`, `useRadius`, `validLocations`, `value`, `workmanship`, `animationFrameId`, `defaultScript`, `defaultScriptIntensity`, `elasticity`, `friction`, `locationId`, `modelTableId`, `objectScale`, `physicsBitField`, `physicsTableId`, `motionTableId`, `soundTableId`, `physicsState`, `translucency`)
VALUES (2035954127, 'House Portal', 65536, 0, 0, 0, 262164, 0, 0, 0, 0, 0, 0, 41943088, 0, 100667499, 0, 0, 0, 0, 0, 0, 0, 0, 4, 0, 0, 0, 0, 0, 32, 0.75, 0, 0, 0, 0, 0, 0, 0, 0, 0, 33554867, 0, 98307, 0, 150994947, 0, 3076, 0);

INSERT INTO `ace_object` (`baseAceObjectId`, `weenieClassId`, `landblock`, `cell`, `posX`, `posY`, `posZ`, `qW`, `qX`, `qY`, `qZ`)
VALUES (2035954127, 11730, 38307, 367, 129.711, 153.529, 19.137, 0.04150292, 0, 0, 0.9991384);

INSERT INTO `base_ace_object` (`baseAceObjectId`, `name`, `typeId`, `paletteId`, `ammoType`, `blipColor`, `bitField`, `burden`, `combatUse`, `cooldownDuration`, `cooldownId`, `effects`, `containersCapacity`, `header`, `hookTypeId`, `iconId`, `iconOverlayId`, `iconUnderlayId`, `hookItemTypes`, `itemsCapacity`, `location`, `materialType`, `maxStackSize`, `maxStructure`, `radar`, `pscript`, `spellId`, `stackSize`, `structure`, `targetTypeId`, `usability`, `useRadius`, `validLocations`, `value`, `workmanship`, `animationFrameId`, `defaultScript`, `defaultScriptIntensity`, `elasticity`, `friction`, `locationId`, `modelTableId`, `objectScale`, `physicsBitField`, `physicsTableId`, `motionTableId`, `soundTableId`, `physicsState`, `translucency`)
VALUES (2035954129, 'House Portal', 65536, 0, 0, 0, 262164, 0, 0, 0, 0, 0, 0, 41943088, 0, 100667499, 0, 0, 0, 0, 0, 0, 0, 0, 4, 0, 0, 0, 0, 0, 32, 0.75, 0, 0, 0, 0, 0, 0, 0, 0, 0, 33554867, 0, 98307, 0, 150994947, 0, 3076, 0);

INSERT INTO `ace_object` (`baseAceObjectId`, `weenieClassId`, `landblock`, `cell`, `posX`, `posY`, `posZ`, `qW`, `qX`, `qY`, `qZ`)
VALUES (2035954129, 11730, 38307, 398, 153.695, 110.43, 21.137, -0.7232907, 0, 0, -0.6905437);

INSERT INTO `base_ace_object` (`baseAceObjectId`, `name`, `typeId`, `paletteId`, `ammoType`, `blipColor`, `bitField`, `burden`, `combatUse`, `cooldownDuration`, `cooldownId`, `effects`, `containersCapacity`, `header`, `hookTypeId`, `iconId`, `iconOverlayId`, `iconUnderlayId`, `hookItemTypes`, `itemsCapacity`, `location`, `materialType`, `maxStackSize`, `maxStructure`, `radar`, `pscript`, `spellId`, `stackSize`, `structure`, `targetTypeId`, `usability`, `useRadius`, `validLocations`, `value`, `workmanship`, `animationFrameId`, `defaultScript`, `defaultScriptIntensity`, `elasticity`, `friction`, `locationId`, `modelTableId`, `objectScale`, `physicsBitField`, `physicsTableId`, `motionTableId`, `soundTableId`, `physicsState`, `translucency`)
VALUES (2035954131, 'House Portal', 65536, 0, 0, 0, 262164, 0, 0, 0, 0, 0, 0, 41943088, 0, 100667499, 0, 0, 0, 0, 0, 0, 0, 0, 4, 0, 0, 0, 0, 0, 32, 0.75, 0, 0, 0, 0, 0, 0, 0, 0, 0, 33554867, 0, 98307, 0, 150994947, 0, 3076, 0);

INSERT INTO `ace_object` (`baseAceObjectId`, `weenieClassId`, `landblock`, `cell`, `posX`, `posY`, `posZ`, `qW`, `qX`, `qY`, `qZ`)
VALUES (2035954131, 11730, 38307, 429, 145.777, 36.0997, 29.137, 0.726734, 0, 0, 0.686919);

INSERT INTO `base_ace_object` (`baseAceObjectId`, `name`, `typeId`, `paletteId`, `ammoType`, `blipColor`, `bitField`, `burden`, `combatUse`, `cooldownDuration`, `cooldownId`, `effects`, `containersCapacity`, `header`, `hookTypeId`, `iconId`, `iconOverlayId`, `iconUnderlayId`, `hookItemTypes`, `itemsCapacity`, `location`, `materialType`, `maxStackSize`, `maxStructure`, `radar`, `pscript`, `spellId`, `stackSize`, `structure`, `targetTypeId`, `usability`, `useRadius`, `validLocations`, `value`, `workmanship`, `animationFrameId`, `defaultScript`, `defaultScriptIntensity`, `elasticity`, `friction`, `locationId`, `modelTableId`, `objectScale`, `physicsBitField`, `physicsTableId`, `motionTableId`, `soundTableId`, `physicsState`, `translucency`)
VALUES (2034855936, 'Mt. Alphus Valley', 65536, 0, 0, 0, 262164, 0, 0, 0, 0, 0, 0, 8388656, 0, 100667499, 0, 0, 0, 0, 0, 0, 0, 0, 4, 0, 0, 0, 0, 0, 32, -0.1, 0, 0, 0, 0, 0, 0, 0, 0, 0, 33554867, 0, 98307, 0, 150994947, 0, 3084, 0);

INSERT INTO `ace_object` (`baseAceObjectId`, `weenieClassId`, `landblock`, `cell`, `posX`, `posY`, `posZ`, `qW`, `qX`, `qY`, `qZ`)
VALUES (2034855936, 434, 38039, 39, 105.6, 165.9, 108.737, -0.7253749, 0, 0, -0.688354);

INSERT INTO `base_ace_object` (`baseAceObjectId`, `name`, `typeId`, `paletteId`, `ammoType`, `blipColor`, `bitField`, `burden`, `combatUse`, `cooldownDuration`, `cooldownId`, `effects`, `containersCapacity`, `header`, `hookTypeId`, `iconId`, `iconOverlayId`, `iconUnderlayId`, `hookItemTypes`, `itemsCapacity`, `location`, `materialType`, `maxStackSize`, `maxStructure`, `radar`, `pscript`, `spellId`, `stackSize`, `structure`, `targetTypeId`, `usability`, `useRadius`, `validLocations`, `value`, `workmanship`, `animationFrameId`, `defaultScript`, `defaultScriptIntensity`, `elasticity`, `friction`, `locationId`, `modelTableId`, `objectScale`, `physicsBitField`, `physicsTableId`, `motionTableId`, `soundTableId`, `physicsState`, `translucency`)
VALUES (2035847625, 'House Portal', 65536, 0, 0, 0, 262164, 0, 0, 0, 0, 0, 0, 41943088, 0, 100667499, 0, 0, 0, 0, 0, 0, 0, 0, 4, 0, 0, 0, 0, 0, 32, 0.75, 0, 0, 0, 0, 0, 0, 0, 0, 0, 33554867, 0, 98307, 0, 150994947, 0, 3076, 0);

INSERT INTO `ace_object` (`baseAceObjectId`, `weenieClassId`, `landblock`, `cell`, `posX`, `posY`, `posZ`, `qW`, `qX`, `qY`, `qZ`)
VALUES (2035847625, 11730, 38281, 280, 61.0047, 33.7749, 33.137, -0.6885151, 0, 0, 0.7252221);

INSERT INTO `base_ace_object` (`baseAceObjectId`, `name`, `typeId`, `paletteId`, `ammoType`, `blipColor`, `bitField`, `burden`, `combatUse`, `cooldownDuration`, `cooldownId`, `effects`, `containersCapacity`, `header`, `hookTypeId`, `iconId`, `iconOverlayId`, `iconUnderlayId`, `hookItemTypes`, `itemsCapacity`, `location`, `materialType`, `maxStackSize`, `maxStructure`, `radar`, `pscript`, `spellId`, `stackSize`, `structure`, `targetTypeId`, `usability`, `useRadius`, `validLocations`, `value`, `workmanship`, `animationFrameId`, `defaultScript`, `defaultScriptIntensity`, `elasticity`, `friction`, `locationId`, `modelTableId`, `objectScale`, `physicsBitField`, `physicsTableId`, `motionTableId`, `soundTableId`, `physicsState`, `translucency`)
VALUES (2035847629, 'House Portal', 65536, 0, 0, 0, 262164, 0, 0, 0, 0, 0, 0, 41943088, 0, 100667499, 0, 0, 0, 0, 0, 0, 0, 0, 4, 0, 0, 0, 0, 0, 32, 0.75, 0, 0, 0, 0, 0, 0, 0, 0, 0, 33554867, 0, 98307, 0, 150994947, 0, 3076, 0);

INSERT INTO `ace_object` (`baseAceObjectId`, `weenieClassId`, `landblock`, `cell`, `posX`, `posY`, `posZ`, `qW`, `qX`, `qY`, `qZ`)
VALUES (2035847629, 11730, 38281, 311, 93.1612, 156.935, 69.137, -0.6682568, 0, 0, 0.7439307);

INSERT INTO `base_ace_object` (`baseAceObjectId`, `name`, `typeId`, `paletteId`, `ammoType`, `blipColor`, `bitField`, `burden`, `combatUse`, `cooldownDuration`, `cooldownId`, `effects`, `containersCapacity`, `header`, `hookTypeId`, `iconId`, `iconOverlayId`, `iconUnderlayId`, `hookItemTypes`, `itemsCapacity`, `location`, `materialType`, `maxStackSize`, `maxStructure`, `radar`, `pscript`, `spellId`, `stackSize`, `structure`, `targetTypeId`, `usability`, `useRadius`, `validLocations`, `value`, `workmanship`, `animationFrameId`, `defaultScript`, `defaultScriptIntensity`, `elasticity`, `friction`, `locationId`, `modelTableId`, `objectScale`, `physicsBitField`, `physicsTableId`, `motionTableId`, `soundTableId`, `physicsState`, `translucency`)
VALUES (2035847627, 'House Portal', 65536, 0, 0, 0, 262164, 0, 0, 0, 0, 0, 0, 41943088, 0, 100667499, 0, 0, 0, 0, 0, 0, 0, 0, 4, 0, 0, 0, 0, 0, 32, 0.75, 0, 0, 0, 0, 0, 0, 0, 0, 0, 33554867, 0, 98307, 0, 150994947, 0, 3076, 0);

INSERT INTO `ace_object` (`baseAceObjectId`, `weenieClassId`, `landblock`, `cell`, `posX`, `posY`, `posZ`, `qW`, `qX`, `qY`, `qZ`)
VALUES (2035847627, 11730, 38281, 339, 33.0645, 130.626, 55.137, -0.04272749, 0, 0, -0.9990867);

INSERT INTO `base_ace_object` (`baseAceObjectId`, `name`, `typeId`, `paletteId`, `ammoType`, `blipColor`, `bitField`, `burden`, `combatUse`, `cooldownDuration`, `cooldownId`, `effects`, `containersCapacity`, `header`, `hookTypeId`, `iconId`, `iconOverlayId`, `iconUnderlayId`, `hookItemTypes`, `itemsCapacity`, `location`, `materialType`, `maxStackSize`, `maxStructure`, `radar`, `pscript`, `spellId`, `stackSize`, `structure`, `targetTypeId`, `usability`, `useRadius`, `validLocations`, `value`, `workmanship`, `animationFrameId`, `defaultScript`, `defaultScriptIntensity`, `elasticity`, `friction`, `locationId`, `modelTableId`, `objectScale`, `physicsBitField`, `physicsTableId`, `motionTableId`, `soundTableId`, `physicsState`, `translucency`)
VALUES (2035847631, 'House Portal', 65536, 0, 0, 0, 262164, 0, 0, 0, 0, 0, 0, 41943088, 0, 100667499, 0, 0, 0, 0, 0, 0, 0, 0, 4, 0, 0, 0, 0, 0, 32, 0.75, 0, 0, 0, 0, 0, 0, 0, 0, 0, 33554867, 0, 98307, 0, 150994947, 0, 3076, 0);

INSERT INTO `ace_object` (`baseAceObjectId`, `weenieClassId`, `landblock`, `cell`, `posX`, `posY`, `posZ`, `qW`, `qX`, `qY`, `qZ`)
VALUES (2035847631, 11730, 38281, 370, 129.704, 154.14, 75.137, 0.0215026, 0, 0, -0.9997688);

INSERT INTO `base_ace_object` (`baseAceObjectId`, `name`, `typeId`, `paletteId`, `ammoType`, `blipColor`, `bitField`, `burden`, `combatUse`, `cooldownDuration`, `cooldownId`, `effects`, `containersCapacity`, `header`, `hookTypeId`, `iconId`, `iconOverlayId`, `iconUnderlayId`, `hookItemTypes`, `itemsCapacity`, `location`, `materialType`, `maxStackSize`, `maxStructure`, `radar`, `pscript`, `spellId`, `stackSize`, `structure`, `targetTypeId`, `usability`, `useRadius`, `validLocations`, `value`, `workmanship`, `animationFrameId`, `defaultScript`, `defaultScriptIntensity`, `elasticity`, `friction`, `locationId`, `modelTableId`, `objectScale`, `physicsBitField`, `physicsTableId`, `motionTableId`, `soundTableId`, `physicsState`, `translucency`)
VALUES (2035847633, 'House Portal', 65536, 0, 0, 0, 262164, 0, 0, 0, 0, 0, 0, 41943088, 0, 100667499, 0, 0, 0, 0, 0, 0, 0, 0, 4, 0, 0, 0, 0, 0, 32, 0.75, 0, 0, 0, 0, 0, 0, 0, 0, 0, 33554867, 0, 98307, 0, 150994947, 0, 3076, 0);

INSERT INTO `ace_object` (`baseAceObjectId`, `weenieClassId`, `landblock`, `cell`, `posX`, `posY`, `posZ`, `qW`, `qX`, `qY`, `qZ`)
VALUES (2035847633, 11730, 38281, 401, 165.655, 108.441, 55.137, -0.7017491, 0, 0, 0.7124242);

INSERT INTO `base_ace_object` (`baseAceObjectId`, `name`, `typeId`, `paletteId`, `ammoType`, `blipColor`, `bitField`, `burden`, `combatUse`, `cooldownDuration`, `cooldownId`, `effects`, `containersCapacity`, `header`, `hookTypeId`, `iconId`, `iconOverlayId`, `iconUnderlayId`, `hookItemTypes`, `itemsCapacity`, `location`, `materialType`, `maxStackSize`, `maxStructure`, `radar`, `pscript`, `spellId`, `stackSize`, `structure`, `targetTypeId`, `usability`, `useRadius`, `validLocations`, `value`, `workmanship`, `animationFrameId`, `defaultScript`, `defaultScriptIntensity`, `elasticity`, `friction`, `locationId`, `modelTableId`, `objectScale`, `physicsBitField`, `physicsTableId`, `motionTableId`, `soundTableId`, `physicsState`, `translucency`)
VALUES (2035847635, 'House Portal', 65536, 0, 0, 0, 262164, 0, 0, 0, 0, 0, 0, 41943088, 0, 100667499, 0, 0, 0, 0, 0, 0, 0, 0, 4, 0, 0, 0, 0, 0, 32, 0.75, 0, 0, 0, 0, 0, 0, 0, 0, 0, 33554867, 0, 98307, 0, 150994947, 0, 3076, 0);

INSERT INTO `ace_object` (`baseAceObjectId`, `weenieClassId`, `landblock`, `cell`, `posX`, `posY`, `posZ`, `qW`, `qX`, `qY`, `qZ`)
VALUES (2035847635, 11730, 38281, 429, 154.952, 27.0508, 37.137, -0.05447229, 0, 0, -0.9985153);

INSERT INTO `base_ace_object` (`baseAceObjectId`, `name`, `typeId`, `paletteId`, `ammoType`, `blipColor`, `bitField`, `burden`, `combatUse`, `cooldownDuration`, `cooldownId`, `effects`, `containersCapacity`, `header`, `hookTypeId`, `iconId`, `iconOverlayId`, `iconUnderlayId`, `hookItemTypes`, `itemsCapacity`, `location`, `materialType`, `maxStackSize`, `maxStructure`, `radar`, `pscript`, `spellId`, `stackSize`, `structure`, `targetTypeId`, `usability`, `useRadius`, `validLocations`, `value`, `workmanship`, `animationFrameId`, `defaultScript`, `defaultScriptIntensity`, `elasticity`, `friction`, `locationId`, `modelTableId`, `objectScale`, `physicsBitField`, `physicsTableId`, `motionTableId`, `soundTableId`, `physicsState`, `translucency`)
VALUES (2059719115, 'House Portal', 65536, 0, 0, 0, 262164, 0, 0, 0, 0, 0, 0, 41943088, 0, 100667499, 0, 0, 0, 0, 0, 0, 0, 0, 4, 0, 0, 0, 0, 0, 32, 0.75, 0, 0, 0, 0, 0, 0, 0, 0, 0, 33554867, 0, 98307, 0, 150994947, 0, 3076, 0);

INSERT INTO `ace_object` (`baseAceObjectId`, `weenieClassId`, `landblock`, `cell`, `posX`, `posY`, `posZ`, `qW`, `qX`, `qY`, `qZ`)
VALUES (2059719115, 11730, 44109, 280, 33.3154, 153.157, 15.137, 0.02045509, 0, 0, 0.9997908);

INSERT INTO `base_ace_object` (`baseAceObjectId`, `name`, `typeId`, `paletteId`, `ammoType`, `blipColor`, `bitField`, `burden`, `combatUse`, `cooldownDuration`, `cooldownId`, `effects`, `containersCapacity`, `header`, `hookTypeId`, `iconId`, `iconOverlayId`, `iconUnderlayId`, `hookItemTypes`, `itemsCapacity`, `location`, `materialType`, `maxStackSize`, `maxStructure`, `radar`, `pscript`, `spellId`, `stackSize`, `structure`, `targetTypeId`, `usability`, `useRadius`, `validLocations`, `value`, `workmanship`, `animationFrameId`, `defaultScript`, `defaultScriptIntensity`, `elasticity`, `friction`, `locationId`, `modelTableId`, `objectScale`, `physicsBitField`, `physicsTableId`, `motionTableId`, `soundTableId`, `physicsState`, `translucency`)
VALUES (2059719113, 'House Portal', 65536, 0, 0, 0, 262164, 0, 0, 0, 0, 0, 0, 41943088, 0, 100667499, 0, 0, 0, 0, 0, 0, 0, 0, 4, 0, 0, 0, 0, 0, 32, 0.75, 0, 0, 0, 0, 0, 0, 0, 0, 0, 33554867, 0, 98307, 0, 150994947, 0, 3076, 0);

INSERT INTO `ace_object` (`baseAceObjectId`, `weenieClassId`, `landblock`, `cell`, `posX`, `posY`, `posZ`, `qW`, `qX`, `qY`, `qZ`)
VALUES (2059719113, 11730, 44109, 311, 25.9601, 34.9435, 11.137, -0.730018, 0, 0, -0.6834279);

INSERT INTO `base_ace_object` (`baseAceObjectId`, `name`, `typeId`, `paletteId`, `ammoType`, `blipColor`, `bitField`, `burden`, `combatUse`, `cooldownDuration`, `cooldownId`, `effects`, `containersCapacity`, `header`, `hookTypeId`, `iconId`, `iconOverlayId`, `iconUnderlayId`, `hookItemTypes`, `itemsCapacity`, `location`, `materialType`, `maxStackSize`, `maxStructure`, `radar`, `pscript`, `spellId`, `stackSize`, `structure`, `targetTypeId`, `usability`, `useRadius`, `validLocations`, `value`, `workmanship`, `animationFrameId`, `defaultScript`, `defaultScriptIntensity`, `elasticity`, `friction`, `locationId`, `modelTableId`, `objectScale`, `physicsBitField`, `physicsTableId`, `motionTableId`, `soundTableId`, `physicsState`, `translucency`)
VALUES (2059719121, 'House Portal', 65536, 0, 0, 0, 262164, 0, 0, 0, 0, 0, 0, 41943088, 0, 100667499, 0, 0, 0, 0, 0, 0, 0, 0, 4, 0, 0, 0, 0, 0, 32, 0.75, 0, 0, 0, 0, 0, 0, 0, 0, 0, 33554867, 0, 98307, 0, 150994947, 0, 3076, 0);

INSERT INTO `ace_object` (`baseAceObjectId`, `weenieClassId`, `landblock`, `cell`, `posX`, `posY`, `posZ`, `qW`, `qX`, `qY`, `qZ`)
VALUES (2059719121, 11730, 44109, 339, 110.352, 62.4831, 7.137, -0.999484, 0, 0, 0.0321197);

INSERT INTO `base_ace_object` (`baseAceObjectId`, `name`, `typeId`, `paletteId`, `ammoType`, `blipColor`, `bitField`, `burden`, `combatUse`, `cooldownDuration`, `cooldownId`, `effects`, `containersCapacity`, `header`, `hookTypeId`, `iconId`, `iconOverlayId`, `iconUnderlayId`, `hookItemTypes`, `itemsCapacity`, `location`, `materialType`, `maxStackSize`, `maxStructure`, `radar`, `pscript`, `spellId`, `stackSize`, `structure`, `targetTypeId`, `usability`, `useRadius`, `validLocations`, `value`, `workmanship`, `animationFrameId`, `defaultScript`, `defaultScriptIntensity`, `elasticity`, `friction`, `locationId`, `modelTableId`, `objectScale`, `physicsBitField`, `physicsTableId`, `motionTableId`, `soundTableId`, `physicsState`, `translucency`)
VALUES (2059719119, 'House Portal', 65536, 0, 0, 0, 262164, 0, 0, 0, 0, 0, 0, 41943088, 0, 100667499, 0, 0, 0, 0, 0, 0, 0, 0, 4, 0, 0, 0, 0, 0, 32, 0.75, 0, 0, 0, 0, 0, 0, 0, 0, 0, 33554867, 0, 98307, 0, 150994947, 0, 3076, 0);

INSERT INTO `ace_object` (`baseAceObjectId`, `weenieClassId`, `landblock`, `cell`, `posX`, `posY`, `posZ`, `qW`, `qX`, `qY`, `qZ`)
VALUES (2059719119, 11730, 44109, 370, 145.877, 36.0543, 9.136999, 0.7212122, 0, 0, 0.6927142);

INSERT INTO `base_ace_object` (`baseAceObjectId`, `name`, `typeId`, `paletteId`, `ammoType`, `blipColor`, `bitField`, `burden`, `combatUse`, `cooldownDuration`, `cooldownId`, `effects`, `containersCapacity`, `header`, `hookTypeId`, `iconId`, `iconOverlayId`, `iconUnderlayId`, `hookItemTypes`, `itemsCapacity`, `location`, `materialType`, `maxStackSize`, `maxStructure`, `radar`, `pscript`, `spellId`, `stackSize`, `structure`, `targetTypeId`, `usability`, `useRadius`, `validLocations`, `value`, `workmanship`, `animationFrameId`, `defaultScript`, `defaultScriptIntensity`, `elasticity`, `friction`, `locationId`, `modelTableId`, `objectScale`, `physicsBitField`, `physicsTableId`, `motionTableId`, `soundTableId`, `physicsState`, `translucency`)
VALUES (2059719117, 'House Portal', 65536, 0, 0, 0, 262164, 0, 0, 0, 0, 0, 0, 41943088, 0, 100667499, 0, 0, 0, 0, 0, 0, 0, 0, 4, 0, 0, 0, 0, 0, 32, 0.75, 0, 0, 0, 0, 0, 0, 0, 0, 0, 33554867, 0, 98307, 0, 150994947, 0, 3076, 0);

INSERT INTO `ace_object` (`baseAceObjectId`, `weenieClassId`, `landblock`, `cell`, `posX`, `posY`, `posZ`, `qW`, `qX`, `qY`, `qZ`)
VALUES (2059719117, 11730, 44109, 398, 153.492, 154.078, 1.136999, -0.007700833, 0, 0, -0.9999704);

INSERT INTO `base_ace_object` (`baseAceObjectId`, `name`, `typeId`, `paletteId`, `ammoType`, `blipColor`, `bitField`, `burden`, `combatUse`, `cooldownDuration`, `cooldownId`, `effects`, `containersCapacity`, `header`, `hookTypeId`, `iconId`, `iconOverlayId`, `iconUnderlayId`, `hookItemTypes`, `itemsCapacity`, `location`, `materialType`, `maxStackSize`, `maxStructure`, `radar`, `pscript`, `spellId`, `stackSize`, `structure`, `targetTypeId`, `usability`, `useRadius`, `validLocations`, `value`, `workmanship`, `animationFrameId`, `defaultScript`, `defaultScriptIntensity`, `elasticity`, `friction`, `locationId`, `modelTableId`, `objectScale`, `physicsBitField`, `physicsTableId`, `motionTableId`, `soundTableId`, `physicsState`, `translucency`)
VALUES (2059719123, 'House Portal', 65536, 0, 0, 0, 262164, 0, 0, 0, 0, 0, 0, 41943088, 0, 100667499, 0, 0, 0, 0, 0, 0, 0, 0, 4, 0, 0, 0, 0, 0, 32, 0.75, 0, 0, 0, 0, 0, 0, 0, 0, 0, 33554867, 0, 98307, 0, 150994947, 0, 3076, 0);

INSERT INTO `ace_object` (`baseAceObjectId`, `weenieClassId`, `landblock`, `cell`, `posX`, `posY`, `posZ`, `qW`, `qX`, `qY`, `qZ`)
VALUES (2059719123, 11730, 44109, 429, 93.212, 131.616, 7.137, 0.7210338, 0, 0, -0.6928998);

INSERT INTO `base_ace_object` (`baseAceObjectId`, `name`, `typeId`, `paletteId`, `ammoType`, `blipColor`, `bitField`, `burden`, `combatUse`, `cooldownDuration`, `cooldownId`, `effects`, `containersCapacity`, `header`, `hookTypeId`, `iconId`, `iconOverlayId`, `iconUnderlayId`, `hookItemTypes`, `itemsCapacity`, `location`, `materialType`, `maxStackSize`, `maxStructure`, `radar`, `pscript`, `spellId`, `stackSize`, `structure`, `targetTypeId`, `usability`, `useRadius`, `validLocations`, `value`, `workmanship`, `animationFrameId`, `defaultScript`, `defaultScriptIntensity`, `elasticity`, `friction`, `locationId`, `modelTableId`, `objectScale`, `physicsBitField`, `physicsTableId`, `motionTableId`, `soundTableId`, `physicsState`, `translucency`)
VALUES (3628375149, 'Portal to Cragstone', 65536, 0, 0, 0, 262164, 0, 0, 0, 0, 0, 0, 8388656, 0, 100667499, 0, 0, 0, 0, 0, 0, 0, 0, 4, 0, 0, 0, 0, 0, 32, -0.1, 0, 0, 0, 0, 0, 0, 0, 0, 0, 33554867, 0, 98307, 0, 150994947, 0, 3084, 0);

INSERT INTO `ace_object` (`baseAceObjectId`, `weenieClassId`, `landblock`, `cell`, `posX`, `posY`, `posZ`, `qW`, `qX`, `qY`, `qZ`)
VALUES (3628375149, 42818, 32240, 24, 51.42433, 185.4427, 181.1052, 1, 0, 0, 0);

INSERT INTO `base_ace_object` (`baseAceObjectId`, `name`, `typeId`, `paletteId`, `ammoType`, `blipColor`, `bitField`, `burden`, `combatUse`, `cooldownDuration`, `cooldownId`, `effects`, `containersCapacity`, `header`, `hookTypeId`, `iconId`, `iconOverlayId`, `iconUnderlayId`, `hookItemTypes`, `itemsCapacity`, `location`, `materialType`, `maxStackSize`, `maxStructure`, `radar`, `pscript`, `spellId`, `stackSize`, `structure`, `targetTypeId`, `usability`, `useRadius`, `validLocations`, `value`, `workmanship`, `animationFrameId`, `defaultScript`, `defaultScriptIntensity`, `elasticity`, `friction`, `locationId`, `modelTableId`, `objectScale`, `physicsBitField`, `physicsTableId`, `motionTableId`, `soundTableId`, `physicsState`, `translucency`)
VALUES (2017890304, 'Arena', 65536, 0, 0, 0, 262164, 0, 0, 0, 0, 0, 0, 8388656, 0, 100667499, 0, 0, 0, 0, 0, 0, 0, 0, 4, 0, 0, 0, 0, 0, 32, -0.1, 0, 0, 0, 0, 0, 0, 0, 0, 0, 33554867, 0, 98307, 0, 150994947, 0, 3084, 0);

INSERT INTO `ace_object` (`baseAceObjectId`, `weenieClassId`, `landblock`, `cell`, `posX`, `posY`, `posZ`, `qW`, `qX`, `qY`, `qZ`)
VALUES (2017890304, 7891, 33897, 17, 55.9834, 8.95742, 25.937, 0.9997971, 0, 0, 0.0201443);

INSERT INTO `base_ace_object` (`baseAceObjectId`, `name`, `typeId`, `paletteId`, `ammoType`, `blipColor`, `bitField`, `burden`, `combatUse`, `cooldownDuration`, `cooldownId`, `effects`, `containersCapacity`, `header`, `hookTypeId`, `iconId`, `iconOverlayId`, `iconUnderlayId`, `hookItemTypes`, `itemsCapacity`, `location`, `materialType`, `maxStackSize`, `maxStructure`, `radar`, `pscript`, `spellId`, `stackSize`, `structure`, `targetTypeId`, `usability`, `useRadius`, `validLocations`, `value`, `workmanship`, `animationFrameId`, `defaultScript`, `defaultScriptIntensity`, `elasticity`, `friction`, `locationId`, `modelTableId`, `objectScale`, `physicsBitField`, `physicsTableId`, `motionTableId`, `soundTableId`, `physicsState`, `translucency`)
VALUES (1880616965, 'Tunnels', 65536, 0, 0, 0, 262164, 0, 0, 0, 0, 0, 0, 8388656, 0, 100667499, 0, 0, 0, 0, 0, 0, 0, 0, 4, 0, 0, 0, 0, 0, 32, -0.1, 0, 0, 0, 0, 0, 0, 0, 0, 0, 33555924, 0, 98307, 0, 150994947, 0, 3084, 0);

INSERT INTO `ace_object` (`baseAceObjectId`, `weenieClassId`, `landblock`, `cell`, `posX`, `posY`, `posZ`, `qW`, `qX`, `qY`, `qZ`)
VALUES (1880616965, 28102, 383, 273, 10.0127, -307.823, -0.06299996, 0.011864, 0, 0, -0.9999296);

INSERT INTO `base_ace_object` (`baseAceObjectId`, `name`, `typeId`, `paletteId`, `ammoType`, `blipColor`, `bitField`, `burden`, `combatUse`, `cooldownDuration`, `cooldownId`, `effects`, `containersCapacity`, `header`, `hookTypeId`, `iconId`, `iconOverlayId`, `iconUnderlayId`, `hookItemTypes`, `itemsCapacity`, `location`, `materialType`, `maxStackSize`, `maxStructure`, `radar`, `pscript`, `spellId`, `stackSize`, `structure`, `targetTypeId`, `usability`, `useRadius`, `validLocations`, `value`, `workmanship`, `animationFrameId`, `defaultScript`, `defaultScriptIntensity`, `elasticity`, `friction`, `locationId`, `modelTableId`, `objectScale`, `physicsBitField`, `physicsTableId`, `motionTableId`, `soundTableId`, `physicsState`, `translucency`)
VALUES (1880621117, 'Underway', 65536, 0, 0, 0, 262164, 0, 0, 0, 0, 0, 0, 8388656, 0, 100667499, 0, 0, 0, 0, 0, 0, 0, 0, 4, 0, 0, 0, 0, 0, 32, -0.1, 0, 0, 0, 0, 0, 0, 0, 0, 0, 33555926, 0, 98307, 0, 150994947, 0, 3084, 0);

INSERT INTO `ace_object` (`baseAceObjectId`, `weenieClassId`, `landblock`, `cell`, `posX`, `posY`, `posZ`, `qW`, `qX`, `qY`, `qZ`)
VALUES (1880621117, 28103, 384, 415, 39.933, -268.2897, -0.06299996, -4.37114E-08, 0, 0, -1);

INSERT INTO `base_ace_object` (`baseAceObjectId`, `name`, `typeId`, `paletteId`, `ammoType`, `blipColor`, `bitField`, `burden`, `combatUse`, `cooldownDuration`, `cooldownId`, `effects`, `containersCapacity`, `header`, `hookTypeId`, `iconId`, `iconOverlayId`, `iconUnderlayId`, `hookItemTypes`, `itemsCapacity`, `location`, `materialType`, `maxStackSize`, `maxStructure`, `radar`, `pscript`, `spellId`, `stackSize`, `structure`, `targetTypeId`, `usability`, `useRadius`, `validLocations`, `value`, `workmanship`, `animationFrameId`, `defaultScript`, `defaultScriptIntensity`, `elasticity`, `friction`, `locationId`, `modelTableId`, `objectScale`, `physicsBitField`, `physicsTableId`, `motionTableId`, `soundTableId`, `physicsState`, `translucency`)
VALUES (1880612925, 'Burun Hold', 65536, 0, 0, 0, 262164, 0, 0, 0, 0, 0, 0, 8388656, 0, 100667499, 0, 0, 0, 0, 0, 0, 0, 0, 4, 0, 0, 0, 0, 0, 32, -0.1, 0, 0, 0, 0, 0, 0, 0, 0, 0, 33555926, 0, 98307, 0, 150994947, 0, 3084, 0);

INSERT INTO `ace_object` (`baseAceObjectId`, `weenieClassId`, `landblock`, `cell`, `posX`, `posY`, `posZ`, `qW`, `qX`, `qY`, `qZ`)
VALUES (1880612925, 28097, 382, 415, 39.933, -268.2897, -0.06299996, -4.37114E-08, 0, 0, -1);

INSERT INTO `base_ace_object` (`baseAceObjectId`, `name`, `typeId`, `paletteId`, `ammoType`, `blipColor`, `bitField`, `burden`, `combatUse`, `cooldownDuration`, `cooldownId`, `effects`, `containersCapacity`, `header`, `hookTypeId`, `iconId`, `iconOverlayId`, `iconUnderlayId`, `hookItemTypes`, `itemsCapacity`, `location`, `materialType`, `maxStackSize`, `maxStructure`, `radar`, `pscript`, `spellId`, `stackSize`, `structure`, `targetTypeId`, `usability`, `useRadius`, `validLocations`, `value`, `workmanship`, `animationFrameId`, `defaultScript`, `defaultScriptIntensity`, `elasticity`, `friction`, `locationId`, `modelTableId`, `objectScale`, `physicsBitField`, `physicsTableId`, `motionTableId`, `soundTableId`, `physicsState`, `translucency`)
VALUES (1996009933, 'House Portal', 65536, 0, 0, 0, 262164, 0, 0, 0, 0, 0, 0, 8388656, 0, 100667499, 0, 0, 0, 0, 0, 0, 0, 0, 4, 0, 0, 0, 0, 0, 32, 0.75, 0, 0, 0, 0, 0, 0, 0, 0, 0, 33554867, 0, 98307, 0, 150994947, 0, 3076, 0);

INSERT INTO `ace_object` (`baseAceObjectId`, `weenieClassId`, `landblock`, `cell`, `posX`, `posY`, `posZ`, `qW`, `qX`, `qY`, `qZ`)
VALUES (1996009933, 11730, 28555, 280, 93.7547, 155.965, 31.137, 0.7165193, 0, 0, -0.6975673);

INSERT INTO `base_ace_object` (`baseAceObjectId`, `name`, `typeId`, `paletteId`, `ammoType`, `blipColor`, `bitField`, `burden`, `combatUse`, `cooldownDuration`, `cooldownId`, `effects`, `containersCapacity`, `header`, `hookTypeId`, `iconId`, `iconOverlayId`, `iconUnderlayId`, `hookItemTypes`, `itemsCapacity`, `location`, `materialType`, `maxStackSize`, `maxStructure`, `radar`, `pscript`, `spellId`, `stackSize`, `structure`, `targetTypeId`, `usability`, `useRadius`, `validLocations`, `value`, `workmanship`, `animationFrameId`, `defaultScript`, `defaultScriptIntensity`, `elasticity`, `friction`, `locationId`, `modelTableId`, `objectScale`, `physicsBitField`, `physicsTableId`, `motionTableId`, `soundTableId`, `physicsState`, `translucency`)
VALUES (1996009929, 'House Portal', 65536, 0, 0, 0, 262164, 0, 0, 0, 0, 0, 0, 8388656, 0, 100667499, 0, 0, 0, 0, 0, 0, 0, 0, 4, 0, 0, 0, 0, 0, 32, 0.75, 0, 0, 0, 0, 0, 0, 0, 0, 0, 33554867, 0, 98307, 0, 150994947, 0, 3076, 0);

INSERT INTO `ace_object` (`baseAceObjectId`, `weenieClassId`, `landblock`, `cell`, `posX`, `posY`, `posZ`, `qW`, `qX`, `qY`, `qZ`)
VALUES (1996009929, 11730, 28555, 398, 45.9227, 36.3366, -2.863, 0.6891478, 0, 0, -0.7246208);

INSERT INTO `base_ace_object` (`baseAceObjectId`, `name`, `typeId`, `paletteId`, `ammoType`, `blipColor`, `bitField`, `burden`, `combatUse`, `cooldownDuration`, `cooldownId`, `effects`, `containersCapacity`, `header`, `hookTypeId`, `iconId`, `iconOverlayId`, `iconUnderlayId`, `hookItemTypes`, `itemsCapacity`, `location`, `materialType`, `maxStackSize`, `maxStructure`, `radar`, `pscript`, `spellId`, `stackSize`, `structure`, `targetTypeId`, `usability`, `useRadius`, `validLocations`, `value`, `workmanship`, `animationFrameId`, `defaultScript`, `defaultScriptIntensity`, `elasticity`, `friction`, `locationId`, `modelTableId`, `objectScale`, `physicsBitField`, `physicsTableId`, `motionTableId`, `soundTableId`, `physicsState`, `translucency`)
VALUES (1996009937, 'House Portal', 65536, 0, 0, 0, 262164, 0, 0, 0, 0, 0, 0, 8388656, 0, 100667499, 0, 0, 0, 0, 0, 0, 0, 0, 4, 0, 0, 0, 0, 0, 32, 0.75, 0, 0, 0, 0, 0, 0, 0, 0, 0, 33554867, 0, 98307, 0, 150994947, 0, 3076, 0);

INSERT INTO `ace_object` (`baseAceObjectId`, `weenieClassId`, `landblock`, `cell`, `posX`, `posY`, `posZ`, `qW`, `qX`, `qY`, `qZ`)
VALUES (1996009937, 11730, 28555, 426, 86.3924, 57.7529, 5.137, -0.6883258, 0, 0, 0.7254017);

INSERT INTO `base_ace_object` (`baseAceObjectId`, `name`, `typeId`, `paletteId`, `ammoType`, `blipColor`, `bitField`, `burden`, `combatUse`, `cooldownDuration`, `cooldownId`, `effects`, `containersCapacity`, `header`, `hookTypeId`, `iconId`, `iconOverlayId`, `iconUnderlayId`, `hookItemTypes`, `itemsCapacity`, `location`, `materialType`, `maxStackSize`, `maxStructure`, `radar`, `pscript`, `spellId`, `stackSize`, `structure`, `targetTypeId`, `usability`, `useRadius`, `validLocations`, `value`, `workmanship`, `animationFrameId`, `defaultScript`, `defaultScriptIntensity`, `elasticity`, `friction`, `locationId`, `modelTableId`, `objectScale`, `physicsBitField`, `physicsTableId`, `motionTableId`, `soundTableId`, `physicsState`, `translucency`)
VALUES (1996009935, 'House Portal', 65536, 0, 0, 0, 262164, 0, 0, 0, 0, 0, 0, 8388656, 0, 100667499, 0, 0, 0, 0, 0, 0, 0, 0, 4, 0, 0, 0, 0, 0, 32, 0.75, 0, 0, 0, 0, 0, 0, 0, 0, 0, 33554867, 0, 98307, 0, 150994947, 0, 3076, 0);

INSERT INTO `ace_object` (`baseAceObjectId`, `weenieClassId`, `landblock`, `cell`, `posX`, `posY`, `posZ`, `qW`, `qX`, `qY`, `qZ`)
VALUES (1996009935, 11730, 28555, 308, 153.74, 153.453, 27.137, -0.01790209, 0, 0, 0.9998397);

INSERT INTO `base_ace_object` (`baseAceObjectId`, `name`, `typeId`, `paletteId`, `ammoType`, `blipColor`, `bitField`, `burden`, `combatUse`, `cooldownDuration`, `cooldownId`, `effects`, `containersCapacity`, `header`, `hookTypeId`, `iconId`, `iconOverlayId`, `iconUnderlayId`, `hookItemTypes`, `itemsCapacity`, `location`, `materialType`, `maxStackSize`, `maxStructure`, `radar`, `pscript`, `spellId`, `stackSize`, `structure`, `targetTypeId`, `usability`, `useRadius`, `validLocations`, `value`, `workmanship`, `animationFrameId`, `defaultScript`, `defaultScriptIntensity`, `elasticity`, `friction`, `locationId`, `modelTableId`, `objectScale`, `physicsBitField`, `physicsTableId`, `motionTableId`, `soundTableId`, `physicsState`, `translucency`)
VALUES (1996009946, 'House Portal', 65536, 0, 0, 0, 262164, 0, 0, 0, 0, 0, 0, 41943088, 0, 100667499, 0, 0, 0, 0, 0, 0, 0, 0, 4, 0, 0, 0, 0, 0, 32, 0.75, 0, 0, 0, 0, 0, 0, 0, 0, 0, 33554867, 0, 98307, 0, 150994947, 0, 3076, 0);

INSERT INTO `ace_object` (`baseAceObjectId`, `weenieClassId`, `landblock`, `cell`, `posX`, `posY`, `posZ`, `qW`, `qX`, `qY`, `qZ`)
VALUES (1996009946, 11730, 28555, 339, 153.476, 34.1851, 5.137, -0.03548121, 0, 0, -0.9993703);

INSERT INTO `base_ace_object` (`baseAceObjectId`, `name`, `typeId`, `paletteId`, `ammoType`, `blipColor`, `bitField`, `burden`, `combatUse`, `cooldownDuration`, `cooldownId`, `effects`, `containersCapacity`, `header`, `hookTypeId`, `iconId`, `iconOverlayId`, `iconUnderlayId`, `hookItemTypes`, `itemsCapacity`, `location`, `materialType`, `maxStackSize`, `maxStructure`, `radar`, `pscript`, `spellId`, `stackSize`, `structure`, `targetTypeId`, `usability`, `useRadius`, `validLocations`, `value`, `workmanship`, `animationFrameId`, `defaultScript`, `defaultScriptIntensity`, `elasticity`, `friction`, `locationId`, `modelTableId`, `objectScale`, `physicsBitField`, `physicsTableId`, `motionTableId`, `soundTableId`, `physicsState`, `translucency`)
VALUES (1996009931, 'House Portal', 65536, 0, 0, 0, 262164, 0, 0, 0, 0, 0, 0, 8388656, 0, 100667499, 0, 0, 0, 0, 0, 0, 0, 0, 4, 0, 0, 0, 0, 0, 32, 0.75, 0, 0, 0, 0, 0, 0, 0, 0, 0, 33554867, 0, 98307, 0, 150994947, 0, 3076, 0);

INSERT INTO `ace_object` (`baseAceObjectId`, `weenieClassId`, `landblock`, `cell`, `posX`, `posY`, `posZ`, `qW`, `qX`, `qY`, `qZ`)
VALUES (1996009931, 11730, 28555, 370, 94.1395, 108.285, 17.137, -0.6974689, 0, 0, 0.716615);

INSERT INTO `base_ace_object` (`baseAceObjectId`, `name`, `typeId`, `paletteId`, `ammoType`, `blipColor`, `bitField`, `burden`, `combatUse`, `cooldownDuration`, `cooldownId`, `effects`, `containersCapacity`, `header`, `hookTypeId`, `iconId`, `iconOverlayId`, `iconUnderlayId`, `hookItemTypes`, `itemsCapacity`, `location`, `materialType`, `maxStackSize`, `maxStructure`, `radar`, `pscript`, `spellId`, `stackSize`, `structure`, `targetTypeId`, `usability`, `useRadius`, `validLocations`, `value`, `workmanship`, `animationFrameId`, `defaultScript`, `defaultScriptIntensity`, `elasticity`, `friction`, `locationId`, `modelTableId`, `objectScale`, `physicsBitField`, `physicsTableId`, `motionTableId`, `soundTableId`, `physicsState`, `translucency`)
VALUES (2032140303, 'Victory Residential Halls Portal', 65536, 0, 0, 0, 262164, 0, 0, 0, 0, 0, 0, 8388656, 0, 100667499, 0, 0, 0, 0, 0, 0, 0, 0, 4, 0, 0, 0, 0, 0, 32, -0.1, 0, 0, 0, 0, 0, 0, 0, 0, 0, 33554867, 0, 98307, 0, 150994947, 0, 3084, 0);

INSERT INTO `ace_object` (`baseAceObjectId`, `weenieClassId`, `landblock`, `cell`, `posX`, `posY`, `posZ`, `qW`, `qX`, `qY`, `qZ`)
VALUES (2032140303, 22231, 37376, 408, 100.101, -109.943, -0.06299996, -0.9055052, 0, 0, -0.4243351);

INSERT INTO `base_ace_object` (`baseAceObjectId`, `name`, `typeId`, `paletteId`, `ammoType`, `blipColor`, `bitField`, `burden`, `combatUse`, `cooldownDuration`, `cooldownId`, `effects`, `containersCapacity`, `header`, `hookTypeId`, `iconId`, `iconOverlayId`, `iconUnderlayId`, `hookItemTypes`, `itemsCapacity`, `location`, `materialType`, `maxStackSize`, `maxStructure`, `radar`, `pscript`, `spellId`, `stackSize`, `structure`, `targetTypeId`, `usability`, `useRadius`, `validLocations`, `value`, `workmanship`, `animationFrameId`, `defaultScript`, `defaultScriptIntensity`, `elasticity`, `friction`, `locationId`, `modelTableId`, `objectScale`, `physicsBitField`, `physicsTableId`, `motionTableId`, `soundTableId`, `physicsState`, `translucency`)
VALUES (1879556166, 'Surface', 65536, 0, 0, 0, 262164, 0, 0, 0, 0, 0, 0, 8388656, 0, 100667499, 0, 0, 0, 0, 0, 0, 0, 0, 4, 0, 0, 0, 0, 0, 32, -0.1, 0, 0, 0, 0, 0, 0, 0, 0, 0, 33554867, 0, 98307, 0, 150994947, 0, 3084, 0);

INSERT INTO `ace_object` (`baseAceObjectId`, `weenieClassId`, `landblock`, `cell`, `posX`, `posY`, `posZ`, `qW`, `qX`, `qY`, `qZ`)
VALUES (1879556166, 34320, 124, 692, 20, -262, -0.06299996, 1, 0, 0, -4.37114E-08);

INSERT INTO `base_ace_object` (`baseAceObjectId`, `name`, `typeId`, `paletteId`, `ammoType`, `blipColor`, `bitField`, `burden`, `combatUse`, `cooldownDuration`, `cooldownId`, `effects`, `containersCapacity`, `header`, `hookTypeId`, `iconId`, `iconOverlayId`, `iconUnderlayId`, `hookItemTypes`, `itemsCapacity`, `location`, `materialType`, `maxStackSize`, `maxStructure`, `radar`, `pscript`, `spellId`, `stackSize`, `structure`, `targetTypeId`, `usability`, `useRadius`, `validLocations`, `value`, `workmanship`, `animationFrameId`, `defaultScript`, `defaultScriptIntensity`, `elasticity`, `friction`, `locationId`, `modelTableId`, `objectScale`, `physicsBitField`, `physicsTableId`, `motionTableId`, `soundTableId`, `physicsState`, `translucency`)
VALUES (1879556113, 'Soul Hunter''s Chambers', 65536, 0, 0, 0, 262164, 0, 0, 0, 0, 0, 0, 8388656, 0, 100667499, 0, 0, 0, 0, 0, 0, 0, 0, 4, 0, 0, 0, 0, 0, 32, -0.1, 0, 0, 0, 0, 0, 0, 0, 0, 0, 33555924, 0, 98307, 0, 150994947, 0, 3084, 0);

INSERT INTO `ace_object` (`baseAceObjectId`, `weenieClassId`, `landblock`, `cell`, `posX`, `posY`, `posZ`, `qW`, `qX`, `qY`, `qZ`)
VALUES (1879556113, 34319, 124, 324, 92, -30, -18.063, 0.7071068, 0, 0, -0.7071068);

INSERT INTO `base_ace_object` (`baseAceObjectId`, `name`, `typeId`, `paletteId`, `ammoType`, `blipColor`, `bitField`, `burden`, `combatUse`, `cooldownDuration`, `cooldownId`, `effects`, `containersCapacity`, `header`, `hookTypeId`, `iconId`, `iconOverlayId`, `iconUnderlayId`, `hookItemTypes`, `itemsCapacity`, `location`, `materialType`, `maxStackSize`, `maxStructure`, `radar`, `pscript`, `spellId`, `stackSize`, `structure`, `targetTypeId`, `usability`, `useRadius`, `validLocations`, `value`, `workmanship`, `animationFrameId`, `defaultScript`, `defaultScriptIntensity`, `elasticity`, `friction`, `locationId`, `modelTableId`, `objectScale`, `physicsBitField`, `physicsTableId`, `motionTableId`, `soundTableId`, `physicsState`, `translucency`)
VALUES (1879556169, 'Surface', 65536, 0, 0, 0, 262164, 0, 0, 0, 0, 0, 0, 8388656, 0, 100667499, 0, 0, 0, 0, 0, 0, 0, 0, 4, 0, 0, 0, 0, 0, 32, -0.1, 0, 0, 0, 0, 0, 0, 0, 0, 0, 33554867, 0, 98307, 0, 150994947, 0, 3084, 0);

INSERT INTO `ace_object` (`baseAceObjectId`, `weenieClassId`, `landblock`, `cell`, `posX`, `posY`, `posZ`, `qW`, `qX`, `qY`, `qZ`)
VALUES (1879556169, 34320, 124, 696, 108, -70, -0.06299996, 0.7071068, 0, 0, -0.7071068);

INSERT INTO `base_ace_object` (`baseAceObjectId`, `name`, `typeId`, `paletteId`, `ammoType`, `blipColor`, `bitField`, `burden`, `combatUse`, `cooldownDuration`, `cooldownId`, `effects`, `containersCapacity`, `header`, `hookTypeId`, `iconId`, `iconOverlayId`, `iconUnderlayId`, `hookItemTypes`, `itemsCapacity`, `location`, `materialType`, `maxStackSize`, `maxStructure`, `radar`, `pscript`, `spellId`, `stackSize`, `structure`, `targetTypeId`, `usability`, `useRadius`, `validLocations`, `value`, `workmanship`, `animationFrameId`, `defaultScript`, `defaultScriptIntensity`, `elasticity`, `friction`, `locationId`, `modelTableId`, `objectScale`, `physicsBitField`, `physicsTableId`, `motionTableId`, `soundTableId`, `physicsState`, `translucency`)
VALUES (1879158804, 'Exit Silver Legion Keep', 65536, 0, 0, 0, 262164, 0, 0, 0, 0, 0, 0, 8388656, 0, 100667499, 0, 0, 0, 0, 0, 0, 0, 0, 4, 0, 0, 0, 0, 0, 32, -0.1, 0, 0, 0, 0, 0, 0, 0, 0, 0, 33554867, 0, 98307, 0, 150994947, 0, 3084, 0);

INSERT INTO `ace_object` (`baseAceObjectId`, `weenieClassId`, `landblock`, `cell`, `posX`, `posY`, `posZ`, `qW`, `qX`, `qY`, `qZ`)
VALUES (1879158804, 29440, 27, 365, 80, -3, -0.06299996, 1, 0, 0, 0);

INSERT INTO `base_ace_object` (`baseAceObjectId`, `name`, `typeId`, `paletteId`, `ammoType`, `blipColor`, `bitField`, `burden`, `combatUse`, `cooldownDuration`, `cooldownId`, `effects`, `containersCapacity`, `header`, `hookTypeId`, `iconId`, `iconOverlayId`, `iconUnderlayId`, `hookItemTypes`, `itemsCapacity`, `location`, `materialType`, `maxStackSize`, `maxStructure`, `radar`, `pscript`, `spellId`, `stackSize`, `structure`, `targetTypeId`, `usability`, `useRadius`, `validLocations`, `value`, `workmanship`, `animationFrameId`, `defaultScript`, `defaultScriptIntensity`, `elasticity`, `friction`, `locationId`, `modelTableId`, `objectScale`, `physicsBitField`, `physicsTableId`, `motionTableId`, `soundTableId`, `physicsState`, `translucency`)
VALUES (1879158852, 'Exit Silver Legion Keep', 65536, 0, 0, 0, 262164, 0, 0, 0, 0, 0, 0, 8388656, 0, 100667499, 0, 0, 0, 0, 0, 0, 0, 0, 4, 0, 0, 0, 0, 0, 32, -0.1, 0, 0, 0, 0, 0, 0, 0, 0, 0, 33554867, 0, 98307, 0, 150994947, 0, 3084, 0);

INSERT INTO `ace_object` (`baseAceObjectId`, `weenieClassId`, `landblock`, `cell`, `posX`, `posY`, `posZ`, `qW`, `qX`, `qY`, `qZ`)
VALUES (1879158852, 29440, 27, 606, 382, -340, 17.937, 0.7071068, 0, 0, -0.7071068);

INSERT INTO `base_ace_object` (`baseAceObjectId`, `name`, `typeId`, `paletteId`, `ammoType`, `blipColor`, `bitField`, `burden`, `combatUse`, `cooldownDuration`, `cooldownId`, `effects`, `containersCapacity`, `header`, `hookTypeId`, `iconId`, `iconOverlayId`, `iconUnderlayId`, `hookItemTypes`, `itemsCapacity`, `location`, `materialType`, `maxStackSize`, `maxStructure`, `radar`, `pscript`, `spellId`, `stackSize`, `structure`, `targetTypeId`, `usability`, `useRadius`, `validLocations`, `value`, `workmanship`, `animationFrameId`, `defaultScript`, `defaultScriptIntensity`, `elasticity`, `friction`, `locationId`, `modelTableId`, `objectScale`, `physicsBitField`, `physicsTableId`, `motionTableId`, `soundTableId`, `physicsState`, `translucency`)
VALUES (1947099136, 'Destroyed Portal to Zaikhal', 65536, 0, 0, 0, 262164, 0, 0, 0, 0, 0, 0, 48, 0, 100667499, 0, 0, 0, 0, 0, 0, 0, 0, 0, 0, 0, 0, 0, 0, 1, -0.1, 0, 0, 0, 0, 0, 0, 0, 0, 0, 33561060, 0, 98307, 0, 150995314, 0, 3092, 0);

INSERT INTO `ace_object` (`baseAceObjectId`, `weenieClassId`, `landblock`, `cell`, `posX`, `posY`, `posZ`, `qW`, `qX`, `qY`, `qZ`)
VALUES (1947099136, 1032, 16614, 42, 129.75, 35, 159.7902, -0.0102365, 0, 0, -0.9999476);

INSERT INTO `base_ace_object` (`baseAceObjectId`, `name`, `typeId`, `paletteId`, `ammoType`, `blipColor`, `bitField`, `burden`, `combatUse`, `cooldownDuration`, `cooldownId`, `effects`, `containersCapacity`, `header`, `hookTypeId`, `iconId`, `iconOverlayId`, `iconUnderlayId`, `hookItemTypes`, `itemsCapacity`, `location`, `materialType`, `maxStackSize`, `maxStructure`, `radar`, `pscript`, `spellId`, `stackSize`, `structure`, `targetTypeId`, `usability`, `useRadius`, `validLocations`, `value`, `workmanship`, `animationFrameId`, `defaultScript`, `defaultScriptIntensity`, `elasticity`, `friction`, `locationId`, `modelTableId`, `objectScale`, `physicsBitField`, `physicsTableId`, `motionTableId`, `soundTableId`, `physicsState`, `translucency`)
VALUES (1879080999, 'Weakened Vault Sewers', 65536, 0, 0, 0, 262164, 0, 0, 0, 0, 0, 0, 8388656, 0, 100667499, 0, 0, 0, 0, 0, 0, 0, 0, 4, 0, 0, 0, 0, 0, 32, -0.1, 0, 0, 0, 0, 0, 0, 0, 0, 0, 33555926, 0, 98307, 0, 150994947, 0, 3084, 0);

INSERT INTO `ace_object` (`baseAceObjectId`, `weenieClassId`, `landblock`, `cell`, `posX`, `posY`, `posZ`, `qW`, `qX`, `qY`, `qZ`)
VALUES (1879080999, 30717, 8, 385, 40, 0, -0.06299996, -4.37114E-08, 0, 0, -1);

INSERT INTO `base_ace_object` (`baseAceObjectId`, `name`, `typeId`, `paletteId`, `ammoType`, `blipColor`, `bitField`, `burden`, `combatUse`, `cooldownDuration`, `cooldownId`, `effects`, `containersCapacity`, `header`, `hookTypeId`, `iconId`, `iconOverlayId`, `iconUnderlayId`, `hookItemTypes`, `itemsCapacity`, `location`, `materialType`, `maxStackSize`, `maxStructure`, `radar`, `pscript`, `spellId`, `stackSize`, `structure`, `targetTypeId`, `usability`, `useRadius`, `validLocations`, `value`, `workmanship`, `animationFrameId`, `defaultScript`, `defaultScriptIntensity`, `elasticity`, `friction`, `locationId`, `modelTableId`, `objectScale`, `physicsBitField`, `physicsTableId`, `motionTableId`, `soundTableId`, `physicsState`, `translucency`)
VALUES (1879097347, 'Surface', 65536, 0, 0, 0, 262164, 0, 0, 0, 0, 0, 0, 8388656, 0, 100667499, 0, 0, 0, 0, 0, 0, 0, 0, 4, 0, 0, 0, 0, 0, 32, -0.1, 0, 0, 0, 0, 0, 0, 0, 0, 0, 33554867, 0, 98307, 0, 150994947, 0, 3084, 0);

INSERT INTO `ace_object` (`baseAceObjectId`, `weenieClassId`, `landblock`, `cell`, `posX`, `posY`, `posZ`, `qW`, `qX`, `qY`, `qZ`)
VALUES (1879097347, 30718, 12, 747, 100, 0, -0.06299996, -0.7202783, 0, 0, -0.6936852);

INSERT INTO `base_ace_object` (`baseAceObjectId`, `name`, `typeId`, `paletteId`, `ammoType`, `blipColor`, `bitField`, `burden`, `combatUse`, `cooldownDuration`, `cooldownId`, `effects`, `containersCapacity`, `header`, `hookTypeId`, `iconId`, `iconOverlayId`, `iconUnderlayId`, `hookItemTypes`, `itemsCapacity`, `location`, `materialType`, `maxStackSize`, `maxStructure`, `radar`, `pscript`, `spellId`, `stackSize`, `structure`, `targetTypeId`, `usability`, `useRadius`, `validLocations`, `value`, `workmanship`, `animationFrameId`, `defaultScript`, `defaultScriptIntensity`, `elasticity`, `friction`, `locationId`, `modelTableId`, `objectScale`, `physicsBitField`, `physicsTableId`, `motionTableId`, `soundTableId`, `physicsState`, `translucency`)
VALUES (1879097379, 'Weakened Royal Vault', 65536, 0, 0, 0, 262164, 0, 0, 0, 0, 0, 0, 8388656, 0, 100667499, 0, 0, 0, 0, 0, 0, 0, 0, 4, 0, 0, 0, 0, 0, 32, -0.1, 0, 0, 0, 0, 0, 0, 0, 0, 0, 33555926, 0, 98307, 0, 150994947, 0, 3084, 0);

INSERT INTO `ace_object` (`baseAceObjectId`, `weenieClassId`, `landblock`, `cell`, `posX`, `posY`, `posZ`, `qW`, `qX`, `qY`, `qZ`)
VALUES (1879097379, 30726, 12, 409, 0, -100, -18.063, 0.7071068, 0, 0, -0.7071068);

INSERT INTO `base_ace_object` (`baseAceObjectId`, `name`, `typeId`, `paletteId`, `ammoType`, `blipColor`, `bitField`, `burden`, `combatUse`, `cooldownDuration`, `cooldownId`, `effects`, `containersCapacity`, `header`, `hookTypeId`, `iconId`, `iconOverlayId`, `iconUnderlayId`, `hookItemTypes`, `itemsCapacity`, `location`, `materialType`, `maxStackSize`, `maxStructure`, `radar`, `pscript`, `spellId`, `stackSize`, `structure`, `targetTypeId`, `usability`, `useRadius`, `validLocations`, `value`, `workmanship`, `animationFrameId`, `defaultScript`, `defaultScriptIntensity`, `elasticity`, `friction`, `locationId`, `modelTableId`, `objectScale`, `physicsBitField`, `physicsTableId`, `motionTableId`, `soundTableId`, `physicsState`, `translucency`)
VALUES (1879117893, 'Surface', 65536, 0, 0, 0, 262164, 0, 0, 0, 0, 0, 0, 8388656, 0, 100667499, 0, 0, 0, 0, 0, 0, 0, 0, 4, 0, 0, 0, 0, 0, 32, -0.1, 0, 0, 0, 0, 0, 0, 0, 0, 0, 33554867, 0, 98307, 0, 150994947, 0, 3084, 0);

INSERT INTO `ace_object` (`baseAceObjectId`, `weenieClassId`, `landblock`, `cell`, `posX`, `posY`, `posZ`, `qW`, `qX`, `qY`, `qZ`)
VALUES (1879117893, 30727, 17, 537, 60, -330, -12.063, 0.714421, 0, 0, -0.699716);

INSERT INTO `base_ace_object` (`baseAceObjectId`, `name`, `typeId`, `paletteId`, `ammoType`, `blipColor`, `bitField`, `burden`, `combatUse`, `cooldownDuration`, `cooldownId`, `effects`, `containersCapacity`, `header`, `hookTypeId`, `iconId`, `iconOverlayId`, `iconUnderlayId`, `hookItemTypes`, `itemsCapacity`, `location`, `materialType`, `maxStackSize`, `maxStructure`, `radar`, `pscript`, `spellId`, `stackSize`, `structure`, `targetTypeId`, `usability`, `useRadius`, `validLocations`, `value`, `workmanship`, `animationFrameId`, `defaultScript`, `defaultScriptIntensity`, `elasticity`, `friction`, `locationId`, `modelTableId`, `objectScale`, `physicsBitField`, `physicsTableId`, `motionTableId`, `soundTableId`, `physicsState`, `translucency`)
VALUES (3346208944, 'Qalaba''r Portal', 65536, 0, 0, 0, 262164, 0, 0, 0, 0, 0, 0, 8388656, 0, 100667499, 0, 0, 0, 0, 0, 0, 0, 0, 4, 0, 0, 0, 0, 0, 32, -0.1, 0, 0, 0, 0, 0, 0, 0, 0, 0, 33554867, 0, 98307, 0, 150994947, 0, 3084, 0);

INSERT INTO `ace_object` (`baseAceObjectId`, `weenieClassId`, `landblock`, `cell`, `posX`, `posY`, `posZ`, `qW`, `qX`, `qY`, `qZ`)
VALUES (3346208944, 42833, 29913, 41, 131.9274, 1.655441, 251.0568, 1, 0, 0, 0);

INSERT INTO `base_ace_object` (`baseAceObjectId`, `name`, `typeId`, `paletteId`, `ammoType`, `blipColor`, `bitField`, `burden`, `combatUse`, `cooldownDuration`, `cooldownId`, `effects`, `containersCapacity`, `header`, `hookTypeId`, `iconId`, `iconOverlayId`, `iconUnderlayId`, `hookItemTypes`, `itemsCapacity`, `location`, `materialType`, `maxStackSize`, `maxStructure`, `radar`, `pscript`, `spellId`, `stackSize`, `structure`, `targetTypeId`, `usability`, `useRadius`, `validLocations`, `value`, `workmanship`, `animationFrameId`, `defaultScript`, `defaultScriptIntensity`, `elasticity`, `friction`, `locationId`, `modelTableId`, `objectScale`, `physicsBitField`, `physicsTableId`, `motionTableId`, `soundTableId`, `physicsState`, `translucency`)
VALUES (2073358405, 'House Portal', 65536, 0, 0, 0, 262164, 0, 0, 0, 0, 0, 0, 41943088, 0, 100667499, 0, 0, 0, 0, 0, 0, 0, 0, 4, 0, 0, 0, 0, 0, 32, 0.75, 0, 0, 0, 0, 0, 0, 0, 0, 0, 33554867, 0, 98307, 0, 150994947, 0, 3076, 0);

INSERT INTO `ace_object` (`baseAceObjectId`, `weenieClassId`, `landblock`, `cell`, `posX`, `posY`, `posZ`, `qW`, `qX`, `qY`, `qZ`)
VALUES (2073358405, 11730, 47439, 338, 113.306, 103.097, 11.937, 0.6925892, 0, 0, -0.7213323);

INSERT INTO `base_ace_object` (`baseAceObjectId`, `name`, `typeId`, `paletteId`, `ammoType`, `blipColor`, `bitField`, `burden`, `combatUse`, `cooldownDuration`, `cooldownId`, `effects`, `containersCapacity`, `header`, `hookTypeId`, `iconId`, `iconOverlayId`, `iconUnderlayId`, `hookItemTypes`, `itemsCapacity`, `location`, `materialType`, `maxStackSize`, `maxStructure`, `radar`, `pscript`, `spellId`, `stackSize`, `structure`, `targetTypeId`, `usability`, `useRadius`, `validLocations`, `value`, `workmanship`, `animationFrameId`, `defaultScript`, `defaultScriptIntensity`, `elasticity`, `friction`, `locationId`, `modelTableId`, `objectScale`, `physicsBitField`, `physicsTableId`, `motionTableId`, `soundTableId`, `physicsState`, `translucency`)
VALUES (1999413251, 'Entrance to the pyramid', 65536, 0, 0, 0, 262164, 0, 0, 0, 0, 0, 0, 8388656, 0, 100667499, 0, 0, 0, 0, 0, 0, 0, 0, 4, 0, 0, 0, 0, 0, 32, -0.1, 0, 0, 0, 0, 0, 0, 0, 0, 0, 33560216, 0, 98307, 0, 150995314, 0, 3084, 0);

INSERT INTO `ace_object` (`baseAceObjectId`, `weenieClassId`, `landblock`, `cell`, `posX`, `posY`, `posZ`, `qW`, `qX`, `qY`, `qZ`)
VALUES (1999413251, 40249, 29386, 38, 108.012, 123.921, 95.79017, 0.9999044, 0, 0, -0.01382601);

INSERT INTO `base_ace_object` (`baseAceObjectId`, `name`, `typeId`, `paletteId`, `ammoType`, `blipColor`, `bitField`, `burden`, `combatUse`, `cooldownDuration`, `cooldownId`, `effects`, `containersCapacity`, `header`, `hookTypeId`, `iconId`, `iconOverlayId`, `iconUnderlayId`, `hookItemTypes`, `itemsCapacity`, `location`, `materialType`, `maxStackSize`, `maxStructure`, `radar`, `pscript`, `spellId`, `stackSize`, `structure`, `targetTypeId`, `usability`, `useRadius`, `validLocations`, `value`, `workmanship`, `animationFrameId`, `defaultScript`, `defaultScriptIntensity`, `elasticity`, `friction`, `locationId`, `modelTableId`, `objectScale`, `physicsBitField`, `physicsTableId`, `motionTableId`, `soundTableId`, `physicsState`, `translucency`)
VALUES (1883000848, 'House Portal', 65536, 0, 0, 0, 262164, 0, 0, 0, 0, 0, 0, 41943088, 0, 100667499, 0, 0, 0, 0, 0, 0, 0, 0, 4, 0, 0, 0, 0, 0, 32, 0.75, 0, 0, 0, 0, 0, 0, 0, 0, 0, 33554867, 0, 98307, 0, 150994947, 0, 3076, 0);

INSERT INTO `ace_object` (`baseAceObjectId`, `weenieClassId`, `landblock`, `cell`, `posX`, `posY`, `posZ`, `qW`, `qX`, `qY`, `qZ`)
VALUES (1883000848, 11730, 965, 287, 20, -50, -6.063, 1, 0, 0, 0);

INSERT INTO `base_ace_object` (`baseAceObjectId`, `name`, `typeId`, `paletteId`, `ammoType`, `blipColor`, `bitField`, `burden`, `combatUse`, `cooldownDuration`, `cooldownId`, `effects`, `containersCapacity`, `header`, `hookTypeId`, `iconId`, `iconOverlayId`, `iconUnderlayId`, `hookItemTypes`, `itemsCapacity`, `location`, `materialType`, `maxStackSize`, `maxStructure`, `radar`, `pscript`, `spellId`, `stackSize`, `structure`, `targetTypeId`, `usability`, `useRadius`, `validLocations`, `value`, `workmanship`, `animationFrameId`, `defaultScript`, `defaultScriptIntensity`, `elasticity`, `friction`, `locationId`, `modelTableId`, `objectScale`, `physicsBitField`, `physicsTableId`, `motionTableId`, `soundTableId`, `physicsState`, `translucency`)
VALUES (2089377792, 'Cave', 65536, 0, 0, 0, 262164, 0, 0, 0, 0, 0, 0, 8388656, 0, 100667499, 0, 0, 0, 0, 0, 0, 0, 0, 4, 0, 0, 0, 0, 0, 32, -0.1, 0, 0, 0, 0, 0, 0, 0, 0, 0, 33554867, 0, 98307, 0, 150994947, 0, 3084, 0);

INSERT INTO `ace_object` (`baseAceObjectId`, `weenieClassId`, `landblock`, `cell`, `posX`, `posY`, `posZ`, `qW`, `qX`, `qY`, `qZ`)
VALUES (2089377792, 1331, 51350, 4, 13.3225, 73.8515, 7.937, 0.8338859, 0, 0, -0.5519369);

INSERT INTO `base_ace_object` (`baseAceObjectId`, `name`, `typeId`, `paletteId`, `ammoType`, `blipColor`, `bitField`, `burden`, `combatUse`, `cooldownDuration`, `cooldownId`, `effects`, `containersCapacity`, `header`, `hookTypeId`, `iconId`, `iconOverlayId`, `iconUnderlayId`, `hookItemTypes`, `itemsCapacity`, `location`, `materialType`, `maxStackSize`, `maxStructure`, `radar`, `pscript`, `spellId`, `stackSize`, `structure`, `targetTypeId`, `usability`, `useRadius`, `validLocations`, `value`, `workmanship`, `animationFrameId`, `defaultScript`, `defaultScriptIntensity`, `elasticity`, `friction`, `locationId`, `modelTableId`, `objectScale`, `physicsBitField`, `physicsTableId`, `motionTableId`, `soundTableId`, `physicsState`, `translucency`)
VALUES (3695745388, 'Tiny Hive Portal', 65536, 0, 0, 0, 262164, 0, 0, 0, 0, 0, 0, 8388656, 0, 100667499, 0, 0, 0, 0, 0, 0, 0, 0, 4, 0, 0, 0, 0, 0, 32, -0.1, 0, 0, 0, 0, 0, 0, 0, 0, 0, 33555923, 0, 98307, 0, 150994947, 0, 3084, 0);

INSERT INTO `ace_object` (`baseAceObjectId`, `weenieClassId`, `landblock`, `cell`, `posX`, `posY`, `posZ`, `qW`, `qX`, `qY`, `qZ`)
VALUES (3695745388, 11219, 8379, 53, 166.0402, 102.1556, 96.96293, 1, 0, 0, 0);

