INSERT INTO `base_ace_object` (`baseAceObjectId`, `name`, `typeId`, `paletteId`, `ammoType`, `blipColor`, `bitField`, `burden`, `combatUse`, `cooldownDuration`, `cooldownId`, `effects`, `containersCapacity`, `header`, `hookTypeId`, `iconId`, `iconOverlayId`, `iconUnderlayId`, `hookItemTypes`, `itemsCapacity`, `location`, `materialType`, `maxStackSize`, `maxStructure`, `radar`, `pscript`, `spellId`, `stackSize`, `structure`, `targetTypeId`, `usability`, `useRadius`, `validLocations`, `value`, `workmanship`, `animationFrameId`, `defaultScript`, `defaultScriptIntensity`, `elasticity`, `friction`, `locationId`, `modelTableId`, `objectScale`, `physicsBitField`, `physicsTableId`, `motionTableId`, `soundTableId`, `physicsState`, `translucency`)
VALUES (42711, 'Empyrean Facility Upper Level', 65536, 0, 0, 0, 262164, 0, 0, 0, 0, 0, 0, 8388656, 0, 100667499, 0, 0, 0, 0, 0, 0, 0, 0, 4, 0, 0, 0, 0, 0, 32, -0.1, 0, 0, 0, 0, 0, 0, 0, 0, 0, 33555922, 0, 98307, 0, 150994947, 0, 3084, 0);

INSERT INTO weenie_class (`weenieClassId`, `baseAceObjectId`)
VALUES (42711, 42711);

INSERT INTO `base_ace_object` (`baseAceObjectId`, `name`, `typeId`, `paletteId`, `ammoType`, `blipColor`, `bitField`, `burden`, `combatUse`, `cooldownDuration`, `cooldownId`, `effects`, `containersCapacity`, `header`, `hookTypeId`, `iconId`, `iconOverlayId`, `iconUnderlayId`, `hookItemTypes`, `itemsCapacity`, `location`, `materialType`, `maxStackSize`, `maxStructure`, `radar`, `pscript`, `spellId`, `stackSize`, `structure`, `targetTypeId`, `usability`, `useRadius`, `validLocations`, `value`, `workmanship`, `animationFrameId`, `defaultScript`, `defaultScriptIntensity`, `elasticity`, `friction`, `locationId`, `modelTableId`, `objectScale`, `physicsBitField`, `physicsTableId`, `motionTableId`, `soundTableId`, `physicsState`, `translucency`)
VALUES (1107, 'South Direlands Portal', 65536, 0, 0, 0, 262164, 0, 0, 0, 0, 0, 0, 8388656, 0, 100667499, 0, 0, 0, 0, 0, 0, 0, 0, 4, 0, 0, 0, 0, 0, 32, -0.1, 0, 0, 0, 0, 0, 0, 0, 0, 0, 33555923, 0, 98307, 0, 150994947, 0, 3084, 0);

INSERT INTO weenie_class (`weenieClassId`, `baseAceObjectId`)
VALUES (1107, 1107);

INSERT INTO `base_ace_object` (`baseAceObjectId`, `name`, `typeId`, `paletteId`, `ammoType`, `blipColor`, `bitField`, `burden`, `combatUse`, `cooldownDuration`, `cooldownId`, `effects`, `containersCapacity`, `header`, `hookTypeId`, `iconId`, `iconOverlayId`, `iconUnderlayId`, `hookItemTypes`, `itemsCapacity`, `location`, `materialType`, `maxStackSize`, `maxStructure`, `radar`, `pscript`, `spellId`, `stackSize`, `structure`, `targetTypeId`, `usability`, `useRadius`, `validLocations`, `value`, `workmanship`, `animationFrameId`, `defaultScript`, `defaultScriptIntensity`, `elasticity`, `friction`, `locationId`, `modelTableId`, `objectScale`, `physicsBitField`, `physicsTableId`, `motionTableId`, `soundTableId`, `physicsState`, `translucency`)
VALUES (8533, 'Cathedral Ruins Portal', 65536, 0, 0, 0, 262164, 0, 0, 0, 0, 0, 0, 8388656, 0, 100667499, 0, 0, 0, 0, 0, 0, 0, 0, 4, 0, 0, 0, 0, 0, 32, -0.1, 0, 0, 0, 0, 0, 0, 0, 0, 0, 33554867, 0, 98307, 0, 150994947, 0, 3084, 0);

INSERT INTO weenie_class (`weenieClassId`, `baseAceObjectId`)
VALUES (8533, 8533);

INSERT INTO `base_ace_object` (`baseAceObjectId`, `name`, `typeId`, `paletteId`, `ammoType`, `blipColor`, `bitField`, `burden`, `combatUse`, `cooldownDuration`, `cooldownId`, `effects`, `containersCapacity`, `header`, `hookTypeId`, `iconId`, `iconOverlayId`, `iconUnderlayId`, `hookItemTypes`, `itemsCapacity`, `location`, `materialType`, `maxStackSize`, `maxStructure`, `radar`, `pscript`, `spellId`, `stackSize`, `structure`, `targetTypeId`, `usability`, `useRadius`, `validLocations`, `value`, `workmanship`, `animationFrameId`, `defaultScript`, `defaultScriptIntensity`, `elasticity`, `friction`, `locationId`, `modelTableId`, `objectScale`, `physicsBitField`, `physicsTableId`, `motionTableId`, `soundTableId`, `physicsState`, `translucency`)
VALUES (31314, 'Surface', 65536, 0, 0, 0, 262164, 0, 0, 0, 0, 0, 0, 8388656, 0, 100667499, 0, 0, 0, 0, 0, 0, 0, 0, 4, 0, 0, 0, 0, 0, 32, -0.1, 0, 0, 0, 0, 0, 0, 0, 0, 0, 33554867, 0, 98307, 0, 150994947, 0, 3084, 0);

INSERT INTO weenie_class (`weenieClassId`, `baseAceObjectId`)
VALUES (31314, 31314);

INSERT INTO `base_ace_object` (`baseAceObjectId`, `name`, `typeId`, `paletteId`, `ammoType`, `blipColor`, `bitField`, `burden`, `combatUse`, `cooldownDuration`, `cooldownId`, `effects`, `containersCapacity`, `header`, `hookTypeId`, `iconId`, `iconOverlayId`, `iconUnderlayId`, `hookItemTypes`, `itemsCapacity`, `location`, `materialType`, `maxStackSize`, `maxStructure`, `radar`, `pscript`, `spellId`, `stackSize`, `structure`, `targetTypeId`, `usability`, `useRadius`, `validLocations`, `value`, `workmanship`, `animationFrameId`, `defaultScript`, `defaultScriptIntensity`, `elasticity`, `friction`, `locationId`, `modelTableId`, `objectScale`, `physicsBitField`, `physicsTableId`, `motionTableId`, `soundTableId`, `physicsState`, `translucency`)
VALUES (48778, 'Count Phainor''s Tomb', 65536, 0, 0, 0, 262164, 0, 0, 0, 0, 0, 0, 8388656, 0, 100667499, 0, 0, 0, 0, 0, 0, 0, 0, 4, 0, 0, 0, 0, 0, 32, -0.1, 0, 0, 0, 0, 0, 0, 0, 0, 0, 33555924, 0, 98307, 0, 150994947, 0, 3084, 0);

INSERT INTO weenie_class (`weenieClassId`, `baseAceObjectId`)
VALUES (48778, 48778);

INSERT INTO `base_ace_object` (`baseAceObjectId`, `name`, `typeId`, `paletteId`, `ammoType`, `blipColor`, `bitField`, `burden`, `combatUse`, `cooldownDuration`, `cooldownId`, `effects`, `containersCapacity`, `header`, `hookTypeId`, `iconId`, `iconOverlayId`, `iconUnderlayId`, `hookItemTypes`, `itemsCapacity`, `location`, `materialType`, `maxStackSize`, `maxStructure`, `radar`, `pscript`, `spellId`, `stackSize`, `structure`, `targetTypeId`, `usability`, `useRadius`, `validLocations`, `value`, `workmanship`, `animationFrameId`, `defaultScript`, `defaultScriptIntensity`, `elasticity`, `friction`, `locationId`, `modelTableId`, `objectScale`, `physicsBitField`, `physicsTableId`, `motionTableId`, `soundTableId`, `physicsState`, `translucency`)
VALUES (37489, 'Mhoire Armory', 65536, 0, 0, 0, 262164, 0, 0, 0, 0, 0, 0, 8388656, 0, 100667499, 0, 0, 0, 0, 0, 0, 0, 0, 4, 0, 0, 0, 0, 0, 32, -0.1, 0, 0, 0, 0, 0, 0, 0, 0, 0, 33555925, 0, 98307, 0, 150994947, 0, 3084, 0);

INSERT INTO weenie_class (`weenieClassId`, `baseAceObjectId`)
VALUES (37489, 37489);

INSERT INTO `base_ace_object` (`baseAceObjectId`, `name`, `typeId`, `paletteId`, `ammoType`, `blipColor`, `bitField`, `burden`, `combatUse`, `cooldownDuration`, `cooldownId`, `effects`, `containersCapacity`, `header`, `hookTypeId`, `iconId`, `iconOverlayId`, `iconUnderlayId`, `hookItemTypes`, `itemsCapacity`, `location`, `materialType`, `maxStackSize`, `maxStructure`, `radar`, `pscript`, `spellId`, `stackSize`, `structure`, `targetTypeId`, `usability`, `useRadius`, `validLocations`, `value`, `workmanship`, `animationFrameId`, `defaultScript`, `defaultScriptIntensity`, `elasticity`, `friction`, `locationId`, `modelTableId`, `objectScale`, `physicsBitField`, `physicsTableId`, `motionTableId`, `soundTableId`, `physicsState`, `translucency`)
VALUES (38729, 'Massilor''s Crypt', 65536, 0, 0, 0, 262164, 0, 0, 0, 0, 0, 0, 8388656, 0, 100667499, 0, 0, 0, 0, 0, 0, 0, 0, 4, 0, 0, 0, 0, 0, 32, -0.1, 0, 0, 0, 0, 0, 0, 0, 0, 0, 33555925, 0, 98307, 0, 150994947, 0, 3084, 0);

INSERT INTO weenie_class (`weenieClassId`, `baseAceObjectId`)
VALUES (38729, 38729);

INSERT INTO `base_ace_object` (`baseAceObjectId`, `name`, `typeId`, `paletteId`, `ammoType`, `blipColor`, `bitField`, `burden`, `combatUse`, `cooldownDuration`, `cooldownId`, `effects`, `containersCapacity`, `header`, `hookTypeId`, `iconId`, `iconOverlayId`, `iconUnderlayId`, `hookItemTypes`, `itemsCapacity`, `location`, `materialType`, `maxStackSize`, `maxStructure`, `radar`, `pscript`, `spellId`, `stackSize`, `structure`, `targetTypeId`, `usability`, `useRadius`, `validLocations`, `value`, `workmanship`, `animationFrameId`, `defaultScript`, `defaultScriptIntensity`, `elasticity`, `friction`, `locationId`, `modelTableId`, `objectScale`, `physicsBitField`, `physicsTableId`, `motionTableId`, `soundTableId`, `physicsState`, `translucency`)
VALUES (40919, 'Up to Arcanum Lookout', 65536, 0, 0, 0, 262164, 0, 0, 0, 0, 0, 0, 8388656, 0, 100667499, 0, 0, 0, 0, 0, 0, 0, 0, 4, 0, 0, 0, 0, 0, 32, -0.1, 0, 0, 0, 0, 0, 0, 0, 0, 0, 33555925, 0, 98307, 0, 150994947, 0, 3084, 0);

INSERT INTO weenie_class (`weenieClassId`, `baseAceObjectId`)
VALUES (40919, 40919);

INSERT INTO `base_ace_object` (`baseAceObjectId`, `name`, `typeId`, `paletteId`, `ammoType`, `blipColor`, `bitField`, `burden`, `combatUse`, `cooldownDuration`, `cooldownId`, `effects`, `containersCapacity`, `header`, `hookTypeId`, `iconId`, `iconOverlayId`, `iconUnderlayId`, `hookItemTypes`, `itemsCapacity`, `location`, `materialType`, `maxStackSize`, `maxStructure`, `radar`, `pscript`, `spellId`, `stackSize`, `structure`, `targetTypeId`, `usability`, `useRadius`, `validLocations`, `value`, `workmanship`, `animationFrameId`, `defaultScript`, `defaultScriptIntensity`, `elasticity`, `friction`, `locationId`, `modelTableId`, `objectScale`, `physicsBitField`, `physicsTableId`, `motionTableId`, `soundTableId`, `physicsState`, `translucency`)
VALUES (40920, 'Down to Surface', 65536, 0, 0, 0, 262164, 0, 0, 0, 0, 0, 0, 8388656, 0, 100667499, 0, 0, 0, 0, 0, 0, 0, 0, 4, 0, 0, 0, 0, 0, 32, -0.1, 0, 0, 0, 0, 0, 0, 0, 0, 0, 33554867, 0, 98307, 0, 150994947, 0, 3084, 0);

INSERT INTO weenie_class (`weenieClassId`, `baseAceObjectId`)
VALUES (40920, 40920);

INSERT INTO `base_ace_object` (`baseAceObjectId`, `name`, `typeId`, `paletteId`, `ammoType`, `blipColor`, `bitField`, `burden`, `combatUse`, `cooldownDuration`, `cooldownId`, `effects`, `containersCapacity`, `header`, `hookTypeId`, `iconId`, `iconOverlayId`, `iconUnderlayId`, `hookItemTypes`, `itemsCapacity`, `location`, `materialType`, `maxStackSize`, `maxStructure`, `radar`, `pscript`, `spellId`, `stackSize`, `structure`, `targetTypeId`, `usability`, `useRadius`, `validLocations`, `value`, `workmanship`, `animationFrameId`, `defaultScript`, `defaultScriptIntensity`, `elasticity`, `friction`, `locationId`, `modelTableId`, `objectScale`, `physicsBitField`, `physicsTableId`, `motionTableId`, `soundTableId`, `physicsState`, `translucency`)
VALUES (38086, 'Gardens of Menilesh', 65536, 0, 0, 0, 262164, 0, 0, 0, 0, 0, 0, 8388656, 0, 100667499, 0, 0, 0, 0, 0, 0, 0, 0, 4, 0, 0, 0, 0, 0, 32, -0.1, 0, 0, 0, 0, 0, 0, 0, 0, 0, 33555925, 0, 98307, 0, 150994947, 0, 3084, 0);

INSERT INTO weenie_class (`weenieClassId`, `baseAceObjectId`)
VALUES (38086, 38086);

INSERT INTO `base_ace_object` (`baseAceObjectId`, `name`, `typeId`, `paletteId`, `ammoType`, `blipColor`, `bitField`, `burden`, `combatUse`, `cooldownDuration`, `cooldownId`, `effects`, `containersCapacity`, `header`, `hookTypeId`, `iconId`, `iconOverlayId`, `iconUnderlayId`, `hookItemTypes`, `itemsCapacity`, `location`, `materialType`, `maxStackSize`, `maxStructure`, `radar`, `pscript`, `spellId`, `stackSize`, `structure`, `targetTypeId`, `usability`, `useRadius`, `validLocations`, `value`, `workmanship`, `animationFrameId`, `defaultScript`, `defaultScriptIntensity`, `elasticity`, `friction`, `locationId`, `modelTableId`, `objectScale`, `physicsBitField`, `physicsTableId`, `motionTableId`, `soundTableId`, `physicsState`, `translucency`)
VALUES (33034, 'Ancient Masonry', 65536, 0, 0, 0, 262164, 0, 0, 0, 0, 0, 0, 8388656, 0, 100667499, 0, 0, 0, 0, 0, 0, 0, 0, 4, 0, 0, 0, 0, 0, 32, -0.1, 0, 0, 0, 0, 0, 0, 0, 0, 0, 33555925, 0, 98307, 0, 150994947, 0, 3084, 0);

INSERT INTO weenie_class (`weenieClassId`, `baseAceObjectId`)
VALUES (33034, 33034);

INSERT INTO `base_ace_object` (`baseAceObjectId`, `name`, `typeId`, `paletteId`, `ammoType`, `blipColor`, `bitField`, `burden`, `combatUse`, `cooldownDuration`, `cooldownId`, `effects`, `containersCapacity`, `header`, `hookTypeId`, `iconId`, `iconOverlayId`, `iconUnderlayId`, `hookItemTypes`, `itemsCapacity`, `location`, `materialType`, `maxStackSize`, `maxStructure`, `radar`, `pscript`, `spellId`, `stackSize`, `structure`, `targetTypeId`, `usability`, `useRadius`, `validLocations`, `value`, `workmanship`, `animationFrameId`, `defaultScript`, `defaultScriptIntensity`, `elasticity`, `friction`, `locationId`, `modelTableId`, `objectScale`, `physicsBitField`, `physicsTableId`, `motionTableId`, `soundTableId`, `physicsState`, `translucency`)
VALUES (28063, 'Coral Tunnels', 65536, 0, 0, 0, 262164, 0, 0, 0, 0, 0, 0, 8388656, 0, 100667499, 0, 0, 0, 0, 0, 0, 0, 0, 4, 0, 0, 0, 0, 0, 32, -0.1, 0, 0, 0, 0, 0, 0, 0, 0, 0, 33555926, 0, 98307, 0, 150994947, 0, 3084, 0);

INSERT INTO weenie_class (`weenieClassId`, `baseAceObjectId`)
VALUES (28063, 28063);

INSERT INTO `base_ace_object` (`baseAceObjectId`, `name`, `typeId`, `paletteId`, `ammoType`, `blipColor`, `bitField`, `burden`, `combatUse`, `cooldownDuration`, `cooldownId`, `effects`, `containersCapacity`, `header`, `hookTypeId`, `iconId`, `iconOverlayId`, `iconUnderlayId`, `hookItemTypes`, `itemsCapacity`, `location`, `materialType`, `maxStackSize`, `maxStructure`, `radar`, `pscript`, `spellId`, `stackSize`, `structure`, `targetTypeId`, `usability`, `useRadius`, `validLocations`, `value`, `workmanship`, `animationFrameId`, `defaultScript`, `defaultScriptIntensity`, `elasticity`, `friction`, `locationId`, `modelTableId`, `objectScale`, `physicsBitField`, `physicsTableId`, `motionTableId`, `soundTableId`, `physicsState`, `translucency`)
VALUES (7289, 'Aerlinthe Reservoir Portal', 65536, 0, 0, 0, 262164, 0, 0, 0, 0, 0, 0, 8388656, 0, 100667499, 0, 0, 0, 0, 0, 0, 0, 0, 4, 0, 0, 0, 0, 0, 32, -0.1, 0, 0, 0, 0, 0, 0, 0, 0, 0, 33556677, 0, 32769, 0, 0, 0, 3084, 0);

INSERT INTO weenie_class (`weenieClassId`, `baseAceObjectId`)
VALUES (7289, 7289);

INSERT INTO `base_ace_object` (`baseAceObjectId`, `name`, `typeId`, `paletteId`, `ammoType`, `blipColor`, `bitField`, `burden`, `combatUse`, `cooldownDuration`, `cooldownId`, `effects`, `containersCapacity`, `header`, `hookTypeId`, `iconId`, `iconOverlayId`, `iconUnderlayId`, `hookItemTypes`, `itemsCapacity`, `location`, `materialType`, `maxStackSize`, `maxStructure`, `radar`, `pscript`, `spellId`, `stackSize`, `structure`, `targetTypeId`, `usability`, `useRadius`, `validLocations`, `value`, `workmanship`, `animationFrameId`, `defaultScript`, `defaultScriptIntensity`, `elasticity`, `friction`, `locationId`, `modelTableId`, `objectScale`, `physicsBitField`, `physicsTableId`, `motionTableId`, `soundTableId`, `physicsState`, `translucency`)
VALUES (7290, 'Surface Portal', 65536, 0, 0, 0, 262164, 0, 0, 0, 0, 0, 0, 8388656, 0, 100667499, 0, 0, 0, 0, 0, 0, 0, 0, 4, 0, 0, 0, 0, 0, 32, -0.1, 0, 0, 0, 0, 0, 0, 0, 0, 0, 33554867, 0, 98307, 0, 150994947, 0, 3084, 0);

INSERT INTO weenie_class (`weenieClassId`, `baseAceObjectId`)
VALUES (7290, 7290);

INSERT INTO `base_ace_object` (`baseAceObjectId`, `name`, `typeId`, `paletteId`, `ammoType`, `blipColor`, `bitField`, `burden`, `combatUse`, `cooldownDuration`, `cooldownId`, `effects`, `containersCapacity`, `header`, `hookTypeId`, `iconId`, `iconOverlayId`, `iconUnderlayId`, `hookItemTypes`, `itemsCapacity`, `location`, `materialType`, `maxStackSize`, `maxStructure`, `radar`, `pscript`, `spellId`, `stackSize`, `structure`, `targetTypeId`, `usability`, `useRadius`, `validLocations`, `value`, `workmanship`, `animationFrameId`, `defaultScript`, `defaultScriptIntensity`, `elasticity`, `friction`, `locationId`, `modelTableId`, `objectScale`, `physicsBitField`, `physicsTableId`, `motionTableId`, `soundTableId`, `physicsState`, `translucency`)
VALUES (7508, 'Aerlinthe Lower Reservoir Portal', 65536, 0, 0, 0, 262164, 0, 0, 0, 0, 0, 0, 8388656, 0, 100667499, 0, 0, 0, 0, 0, 0, 0, 0, 4, 0, 0, 0, 0, 0, 32, -0.1, 0, 0, 0, 0, 0, 0, 0, 0, 0, 33556677, 0, 32769, 0, 0, 0, 3084, 0);

INSERT INTO weenie_class (`weenieClassId`, `baseAceObjectId`)
VALUES (7508, 7508);

INSERT INTO `base_ace_object` (`baseAceObjectId`, `name`, `typeId`, `paletteId`, `ammoType`, `blipColor`, `bitField`, `burden`, `combatUse`, `cooldownDuration`, `cooldownId`, `effects`, `containersCapacity`, `header`, `hookTypeId`, `iconId`, `iconOverlayId`, `iconUnderlayId`, `hookItemTypes`, `itemsCapacity`, `location`, `materialType`, `maxStackSize`, `maxStructure`, `radar`, `pscript`, `spellId`, `stackSize`, `structure`, `targetTypeId`, `usability`, `useRadius`, `validLocations`, `value`, `workmanship`, `animationFrameId`, `defaultScript`, `defaultScriptIntensity`, `elasticity`, `friction`, `locationId`, `modelTableId`, `objectScale`, `physicsBitField`, `physicsTableId`, `motionTableId`, `soundTableId`, `physicsState`, `translucency`)
VALUES (38730, 'Ancient Cloister', 65536, 0, 0, 0, 262164, 0, 0, 0, 0, 0, 0, 8388656, 0, 100667499, 0, 0, 0, 0, 0, 0, 0, 0, 4, 0, 0, 0, 0, 0, 32, -0.1, 0, 0, 0, 0, 0, 0, 0, 0, 0, 33555925, 0, 98307, 0, 150994947, 0, 3084, 0);

INSERT INTO weenie_class (`weenieClassId`, `baseAceObjectId`)
VALUES (38730, 38730);

INSERT INTO `base_ace_object` (`baseAceObjectId`, `name`, `typeId`, `paletteId`, `ammoType`, `blipColor`, `bitField`, `burden`, `combatUse`, `cooldownDuration`, `cooldownId`, `effects`, `containersCapacity`, `header`, `hookTypeId`, `iconId`, `iconOverlayId`, `iconUnderlayId`, `hookItemTypes`, `itemsCapacity`, `location`, `materialType`, `maxStackSize`, `maxStructure`, `radar`, `pscript`, `spellId`, `stackSize`, `structure`, `targetTypeId`, `usability`, `useRadius`, `validLocations`, `value`, `workmanship`, `animationFrameId`, `defaultScript`, `defaultScriptIntensity`, `elasticity`, `friction`, `locationId`, `modelTableId`, `objectScale`, `physicsBitField`, `physicsTableId`, `motionTableId`, `soundTableId`, `physicsState`, `translucency`)
VALUES (8478, 'Small Temple', 65536, 0, 0, 0, 262164, 0, 0, 0, 0, 0, 0, 8388656, 0, 100667499, 0, 0, 0, 0, 0, 0, 0, 0, 4, 0, 0, 0, 0, 0, 32, -0.1, 0, 0, 0, 0, 0, 0, 0, 0, 0, 33554867, 0, 98307, 0, 150994947, 0, 3084, 0);

INSERT INTO weenie_class (`weenieClassId`, `baseAceObjectId`)
VALUES (8478, 8478);

INSERT INTO `base_ace_object` (`baseAceObjectId`, `name`, `typeId`, `paletteId`, `ammoType`, `blipColor`, `bitField`, `burden`, `combatUse`, `cooldownDuration`, `cooldownId`, `effects`, `containersCapacity`, `header`, `hookTypeId`, `iconId`, `iconOverlayId`, `iconUnderlayId`, `hookItemTypes`, `itemsCapacity`, `location`, `materialType`, `maxStackSize`, `maxStructure`, `radar`, `pscript`, `spellId`, `stackSize`, `structure`, `targetTypeId`, `usability`, `useRadius`, `validLocations`, `value`, `workmanship`, `animationFrameId`, `defaultScript`, `defaultScriptIntensity`, `elasticity`, `friction`, `locationId`, `modelTableId`, `objectScale`, `physicsBitField`, `physicsTableId`, `motionTableId`, `soundTableId`, `physicsState`, `translucency`)
VALUES (45724, 'Firey Refuge', 65536, 0, 0, 0, 262164, 0, 0, 0, 0, 0, 0, 8388656, 0, 100667499, 0, 0, 0, 0, 0, 0, 0, 0, 4, 0, 0, 0, 0, 0, 32, -0.1, 0, 0, 0, 0, 0, 0, 0, 0, 0, 33555925, 0, 98307, 0, 150994947, 0, 3084, 0);

INSERT INTO weenie_class (`weenieClassId`, `baseAceObjectId`)
VALUES (45724, 45724);

INSERT INTO `base_ace_object` (`baseAceObjectId`, `name`, `typeId`, `paletteId`, `ammoType`, `blipColor`, `bitField`, `burden`, `combatUse`, `cooldownDuration`, `cooldownId`, `effects`, `containersCapacity`, `header`, `hookTypeId`, `iconId`, `iconOverlayId`, `iconUnderlayId`, `hookItemTypes`, `itemsCapacity`, `location`, `materialType`, `maxStackSize`, `maxStructure`, `radar`, `pscript`, `spellId`, `stackSize`, `structure`, `targetTypeId`, `usability`, `useRadius`, `validLocations`, `value`, `workmanship`, `animationFrameId`, `defaultScript`, `defaultScriptIntensity`, `elasticity`, `friction`, `locationId`, `modelTableId`, `objectScale`, `physicsBitField`, `physicsTableId`, `motionTableId`, `soundTableId`, `physicsState`, `translucency`)
VALUES (27298, 'The Orphanage', 65536, 0, 0, 0, 262164, 0, 0, 0, 0, 0, 0, 8388656, 0, 100667499, 0, 0, 0, 0, 0, 0, 0, 0, 4, 0, 0, 0, 0, 0, 32, -0.1, 0, 0, 0, 0, 0, 0, 0, 0, 0, 33555925, 0, 98307, 0, 150994947, 0, 3084, 0);

INSERT INTO weenie_class (`weenieClassId`, `baseAceObjectId`)
VALUES (27298, 27298);

INSERT INTO `base_ace_object` (`baseAceObjectId`, `name`, `typeId`, `paletteId`, `ammoType`, `blipColor`, `bitField`, `burden`, `combatUse`, `cooldownDuration`, `cooldownId`, `effects`, `containersCapacity`, `header`, `hookTypeId`, `iconId`, `iconOverlayId`, `iconUnderlayId`, `hookItemTypes`, `itemsCapacity`, `location`, `materialType`, `maxStackSize`, `maxStructure`, `radar`, `pscript`, `spellId`, `stackSize`, `structure`, `targetTypeId`, `usability`, `useRadius`, `validLocations`, `value`, `workmanship`, `animationFrameId`, `defaultScript`, `defaultScriptIntensity`, `elasticity`, `friction`, `locationId`, `modelTableId`, `objectScale`, `physicsBitField`, `physicsTableId`, `motionTableId`, `soundTableId`, `physicsState`, `translucency`)
VALUES (51690, 'Fear Factory', 65536, 0, 0, 0, 262164, 0, 0, 0, 0, 0, 0, 8388656, 0, 100667499, 0, 0, 0, 0, 0, 0, 0, 0, 4, 0, 0, 0, 0, 0, 32, -0.1, 0, 0, 0, 0, 0, 0, 0, 0, 0, 33555924, 0, 98307, 0, 150994947, 0, 3084, 0);

INSERT INTO weenie_class (`weenieClassId`, `baseAceObjectId`)
VALUES (51690, 51690);

INSERT INTO `base_ace_object` (`baseAceObjectId`, `name`, `typeId`, `paletteId`, `ammoType`, `blipColor`, `bitField`, `burden`, `combatUse`, `cooldownDuration`, `cooldownId`, `effects`, `containersCapacity`, `header`, `hookTypeId`, `iconId`, `iconOverlayId`, `iconUnderlayId`, `hookItemTypes`, `itemsCapacity`, `location`, `materialType`, `maxStackSize`, `maxStructure`, `radar`, `pscript`, `spellId`, `stackSize`, `structure`, `targetTypeId`, `usability`, `useRadius`, `validLocations`, `value`, `workmanship`, `animationFrameId`, `defaultScript`, `defaultScriptIntensity`, `elasticity`, `friction`, `locationId`, `modelTableId`, `objectScale`, `physicsBitField`, `physicsTableId`, `motionTableId`, `soundTableId`, `physicsState`, `translucency`)
VALUES (51717, 'Path of Torment', 65536, 0, 0, 0, 262164, 0, 0, 0, 0, 0, 0, 8388656, 0, 100667499, 0, 0, 0, 0, 0, 0, 0, 0, 4, 0, 0, 0, 0, 0, 32, -0.1, 0, 0, 0, 0, 0, 0, 0, 0, 0, 33555925, 0, 98307, 0, 150994947, 0, 3084, 0);

INSERT INTO weenie_class (`weenieClassId`, `baseAceObjectId`)
VALUES (51717, 51717);

INSERT INTO `base_ace_object` (`baseAceObjectId`, `name`, `typeId`, `paletteId`, `ammoType`, `blipColor`, `bitField`, `burden`, `combatUse`, `cooldownDuration`, `cooldownId`, `effects`, `containersCapacity`, `header`, `hookTypeId`, `iconId`, `iconOverlayId`, `iconUnderlayId`, `hookItemTypes`, `itemsCapacity`, `location`, `materialType`, `maxStackSize`, `maxStructure`, `radar`, `pscript`, `spellId`, `stackSize`, `structure`, `targetTypeId`, `usability`, `useRadius`, `validLocations`, `value`, `workmanship`, `animationFrameId`, `defaultScript`, `defaultScriptIntensity`, `elasticity`, `friction`, `locationId`, `modelTableId`, `objectScale`, `physicsBitField`, `physicsTableId`, `motionTableId`, `soundTableId`, `physicsState`, `translucency`)
VALUES (51944, 'Bah''Ktar''s Tower', 65536, 0, 0, 0, 262164, 0, 0, 0, 0, 0, 0, 8388656, 0, 100667499, 0, 0, 0, 0, 0, 0, 0, 0, 4, 0, 0, 0, 0, 0, 32, -0.1, 0, 0, 0, 0, 0, 0, 0, 0, 0, 33555924, 0, 98307, 0, 150994947, 0, 3084, 0);

INSERT INTO weenie_class (`weenieClassId`, `baseAceObjectId`)
VALUES (51944, 51944);

INSERT INTO `base_ace_object` (`baseAceObjectId`, `name`, `typeId`, `paletteId`, `ammoType`, `blipColor`, `bitField`, `burden`, `combatUse`, `cooldownDuration`, `cooldownId`, `effects`, `containersCapacity`, `header`, `hookTypeId`, `iconId`, `iconOverlayId`, `iconUnderlayId`, `hookItemTypes`, `itemsCapacity`, `location`, `materialType`, `maxStackSize`, `maxStructure`, `radar`, `pscript`, `spellId`, `stackSize`, `structure`, `targetTypeId`, `usability`, `useRadius`, `validLocations`, `value`, `workmanship`, `animationFrameId`, `defaultScript`, `defaultScriptIntensity`, `elasticity`, `friction`, `locationId`, `modelTableId`, `objectScale`, `physicsBitField`, `physicsTableId`, `motionTableId`, `soundTableId`, `physicsState`, `translucency`)
VALUES (51615, 'Rynthid Genesis', 65536, 0, 0, 0, 262164, 0, 0, 0, 0, 0, 0, 8388656, 0, 100667499, 0, 0, 0, 0, 0, 0, 0, 0, 4, 0, 0, 0, 0, 0, 32, -0.1, 0, 0, 0, 0, 0, 0, 0, 0, 0, 33555924, 0, 98307, 0, 150994947, 0, 3084, 0);

INSERT INTO weenie_class (`weenieClassId`, `baseAceObjectId`)
VALUES (51615, 51615);

INSERT INTO `base_ace_object` (`baseAceObjectId`, `name`, `typeId`, `paletteId`, `ammoType`, `blipColor`, `bitField`, `burden`, `combatUse`, `cooldownDuration`, `cooldownId`, `effects`, `containersCapacity`, `header`, `hookTypeId`, `iconId`, `iconOverlayId`, `iconUnderlayId`, `hookItemTypes`, `itemsCapacity`, `location`, `materialType`, `maxStackSize`, `maxStructure`, `radar`, `pscript`, `spellId`, `stackSize`, `structure`, `targetTypeId`, `usability`, `useRadius`, `validLocations`, `value`, `workmanship`, `animationFrameId`, `defaultScript`, `defaultScriptIntensity`, `elasticity`, `friction`, `locationId`, `modelTableId`, `objectScale`, `physicsBitField`, `physicsTableId`, `motionTableId`, `soundTableId`, `physicsState`, `translucency`)
VALUES (51943, 'Corrupted Energy', 65536, 0, 0, 0, 262164, 0, 0, 0, 0, 0, 0, 8388656, 0, 100667499, 0, 0, 0, 0, 0, 0, 0, 0, 1, 0, 0, 0, 0, 0, 32, -0.1, 0, 0, 0, 0, 0, 0, 0, 0, 0, 33557527, 0.6, 32897, 0, 0, 0, 3084, 0);

INSERT INTO weenie_class (`weenieClassId`, `baseAceObjectId`)
VALUES (51943, 51943);

INSERT INTO `base_ace_object` (`baseAceObjectId`, `name`, `typeId`, `paletteId`, `ammoType`, `blipColor`, `bitField`, `burden`, `combatUse`, `cooldownDuration`, `cooldownId`, `effects`, `containersCapacity`, `header`, `hookTypeId`, `iconId`, `iconOverlayId`, `iconUnderlayId`, `hookItemTypes`, `itemsCapacity`, `location`, `materialType`, `maxStackSize`, `maxStructure`, `radar`, `pscript`, `spellId`, `stackSize`, `structure`, `targetTypeId`, `usability`, `useRadius`, `validLocations`, `value`, `workmanship`, `animationFrameId`, `defaultScript`, `defaultScriptIntensity`, `elasticity`, `friction`, `locationId`, `modelTableId`, `objectScale`, `physicsBitField`, `physicsTableId`, `motionTableId`, `soundTableId`, `physicsState`, `translucency`)
VALUES (7284, 'Surface Portal', 65536, 0, 0, 0, 262164, 0, 0, 0, 0, 0, 0, 8388656, 0, 100667499, 0, 0, 0, 0, 0, 0, 0, 0, 4, 0, 0, 0, 0, 0, 32, -0.1, 0, 0, 0, 0, 0, 0, 0, 0, 0, 33554867, 0, 98307, 0, 150994947, 0, 3084, 0);

INSERT INTO weenie_class (`weenieClassId`, `baseAceObjectId`)
VALUES (7284, 7284);

INSERT INTO `base_ace_object` (`baseAceObjectId`, `name`, `typeId`, `paletteId`, `ammoType`, `blipColor`, `bitField`, `burden`, `combatUse`, `cooldownDuration`, `cooldownId`, `effects`, `containersCapacity`, `header`, `hookTypeId`, `iconId`, `iconOverlayId`, `iconUnderlayId`, `hookItemTypes`, `itemsCapacity`, `location`, `materialType`, `maxStackSize`, `maxStructure`, `radar`, `pscript`, `spellId`, `stackSize`, `structure`, `targetTypeId`, `usability`, `useRadius`, `validLocations`, `value`, `workmanship`, `animationFrameId`, `defaultScript`, `defaultScriptIntensity`, `elasticity`, `friction`, `locationId`, `modelTableId`, `objectScale`, `physicsBitField`, `physicsTableId`, `motionTableId`, `soundTableId`, `physicsState`, `translucency`)
VALUES (42852, 'Portal to Town Network', 65536, 0, 0, 0, 262164, 0, 0, 0, 0, 0, 0, 8388656, 0, 100667499, 0, 0, 0, 0, 0, 0, 0, 0, 4, 0, 0, 0, 0, 0, 32, -0.1, 0, 0, 0, 0, 0, 0, 0, 0, 0, 33554867, 0, 98307, 0, 150994947, 0, 3084, 0);

INSERT INTO weenie_class (`weenieClassId`, `baseAceObjectId`)
VALUES (42852, 42852);

INSERT INTO `base_ace_object` (`baseAceObjectId`, `name`, `typeId`, `paletteId`, `ammoType`, `blipColor`, `bitField`, `burden`, `combatUse`, `cooldownDuration`, `cooldownId`, `effects`, `containersCapacity`, `header`, `hookTypeId`, `iconId`, `iconOverlayId`, `iconUnderlayId`, `hookItemTypes`, `itemsCapacity`, `location`, `materialType`, `maxStackSize`, `maxStructure`, `radar`, `pscript`, `spellId`, `stackSize`, `structure`, `targetTypeId`, `usability`, `useRadius`, `validLocations`, `value`, `workmanship`, `animationFrameId`, `defaultScript`, `defaultScriptIntensity`, `elasticity`, `friction`, `locationId`, `modelTableId`, `objectScale`, `physicsBitField`, `physicsTableId`, `motionTableId`, `soundTableId`, `physicsState`, `translucency`)
VALUES (1030, 'Destroyed Portal to Yaraq', 65536, 0, 0, 0, 262164, 0, 0, 0, 0, 0, 0, 48, 0, 100667499, 0, 0, 0, 0, 0, 0, 0, 0, 0, 0, 0, 0, 0, 0, 1, -0.1, 0, 0, 0, 0, 0, 0, 0, 0, 0, 33561060, 0, 98307, 0, 150995314, 0, 3092, 0);

INSERT INTO weenie_class (`weenieClassId`, `baseAceObjectId`)
VALUES (1030, 1030);

INSERT INTO `base_ace_object` (`baseAceObjectId`, `name`, `typeId`, `paletteId`, `ammoType`, `blipColor`, `bitField`, `burden`, `combatUse`, `cooldownDuration`, `cooldownId`, `effects`, `containersCapacity`, `header`, `hookTypeId`, `iconId`, `iconOverlayId`, `iconUnderlayId`, `hookItemTypes`, `itemsCapacity`, `location`, `materialType`, `maxStackSize`, `maxStructure`, `radar`, `pscript`, `spellId`, `stackSize`, `structure`, `targetTypeId`, `usability`, `useRadius`, `validLocations`, `value`, `workmanship`, `animationFrameId`, `defaultScript`, `defaultScriptIntensity`, `elasticity`, `friction`, `locationId`, `modelTableId`, `objectScale`, `physicsBitField`, `physicsTableId`, `motionTableId`, `soundTableId`, `physicsState`, `translucency`)
VALUES (1020, 'Destroyed Portal to Holtburg', 65536, 0, 0, 0, 262164, 0, 0, 0, 0, 0, 0, 48, 0, 100667499, 0, 0, 0, 0, 0, 0, 0, 0, 0, 0, 0, 0, 0, 0, 1, -0.1, 0, 0, 0, 0, 0, 0, 0, 0, 0, 33561060, 0, 98307, 0, 150995314, 0, 3092, 0);

INSERT INTO weenie_class (`weenieClassId`, `baseAceObjectId`)
VALUES (1020, 1020);

INSERT INTO `base_ace_object` (`baseAceObjectId`, `name`, `typeId`, `paletteId`, `ammoType`, `blipColor`, `bitField`, `burden`, `combatUse`, `cooldownDuration`, `cooldownId`, `effects`, `containersCapacity`, `header`, `hookTypeId`, `iconId`, `iconOverlayId`, `iconUnderlayId`, `hookItemTypes`, `itemsCapacity`, `location`, `materialType`, `maxStackSize`, `maxStructure`, `radar`, `pscript`, `spellId`, `stackSize`, `structure`, `targetTypeId`, `usability`, `useRadius`, `validLocations`, `value`, `workmanship`, `animationFrameId`, `defaultScript`, `defaultScriptIntensity`, `elasticity`, `friction`, `locationId`, `modelTableId`, `objectScale`, `physicsBitField`, `physicsTableId`, `motionTableId`, `soundTableId`, `physicsState`, `translucency`)
VALUES (1027, 'Destroyed Portal to Shoushi', 65536, 0, 0, 0, 262164, 0, 0, 0, 0, 0, 0, 48, 0, 100667499, 0, 0, 0, 0, 0, 0, 0, 0, 0, 0, 0, 0, 0, 0, 1, -0.1, 0, 0, 0, 0, 0, 0, 0, 0, 0, 33561060, 0, 98307, 0, 150995314, 0, 3092, 0);

INSERT INTO weenie_class (`weenieClassId`, `baseAceObjectId`)
VALUES (1027, 1027);

INSERT INTO `base_ace_object` (`baseAceObjectId`, `name`, `typeId`, `paletteId`, `ammoType`, `blipColor`, `bitField`, `burden`, `combatUse`, `cooldownDuration`, `cooldownId`, `effects`, `containersCapacity`, `header`, `hookTypeId`, `iconId`, `iconOverlayId`, `iconUnderlayId`, `hookItemTypes`, `itemsCapacity`, `location`, `materialType`, `maxStackSize`, `maxStructure`, `radar`, `pscript`, `spellId`, `stackSize`, `structure`, `targetTypeId`, `usability`, `useRadius`, `validLocations`, `value`, `workmanship`, `animationFrameId`, `defaultScript`, `defaultScriptIntensity`, `elasticity`, `friction`, `locationId`, `modelTableId`, `objectScale`, `physicsBitField`, `physicsTableId`, `motionTableId`, `soundTableId`, `physicsState`, `translucency`)
VALUES (30536, 'Beacon Tower', 65536, 0, 0, 0, 262164, 0, 0, 0, 0, 0, 0, 8388656, 0, 100667499, 0, 0, 0, 0, 0, 0, 0, 0, 4, 0, 0, 0, 0, 0, 32, -0.1, 0, 0, 0, 0, 0, 0, 0, 0, 0, 33555922, 0, 98307, 0, 150994947, 0, 3084, 0);

INSERT INTO weenie_class (`weenieClassId`, `baseAceObjectId`)
VALUES (30536, 30536);

INSERT INTO `base_ace_object` (`baseAceObjectId`, `name`, `typeId`, `paletteId`, `ammoType`, `blipColor`, `bitField`, `burden`, `combatUse`, `cooldownDuration`, `cooldownId`, `effects`, `containersCapacity`, `header`, `hookTypeId`, `iconId`, `iconOverlayId`, `iconUnderlayId`, `hookItemTypes`, `itemsCapacity`, `location`, `materialType`, `maxStackSize`, `maxStructure`, `radar`, `pscript`, `spellId`, `stackSize`, `structure`, `targetTypeId`, `usability`, `useRadius`, `validLocations`, `value`, `workmanship`, `animationFrameId`, `defaultScript`, `defaultScriptIntensity`, `elasticity`, `friction`, `locationId`, `modelTableId`, `objectScale`, `physicsBitField`, `physicsTableId`, `motionTableId`, `soundTableId`, `physicsState`, `translucency`)
VALUES (23032, 'The Marketplace of Dereth', 65536, 0, 0, 0, 262164, 0, 0, 0, 0, 0, 0, 8388656, 0, 100667499, 0, 0, 0, 0, 0, 0, 0, 0, 4, 0, 0, 0, 0, 0, 32, -0.1, 0, 0, 0, 0, 0, 0, 0, 0, 0, 33554867, 0, 98307, 0, 150994947, 0, 3084, 0);

INSERT INTO weenie_class (`weenieClassId`, `baseAceObjectId`)
VALUES (23032, 23032);

INSERT INTO `base_ace_object` (`baseAceObjectId`, `name`, `typeId`, `paletteId`, `ammoType`, `blipColor`, `bitField`, `burden`, `combatUse`, `cooldownDuration`, `cooldownId`, `effects`, `containersCapacity`, `header`, `hookTypeId`, `iconId`, `iconOverlayId`, `iconUnderlayId`, `hookItemTypes`, `itemsCapacity`, `location`, `materialType`, `maxStackSize`, `maxStructure`, `radar`, `pscript`, `spellId`, `stackSize`, `structure`, `targetTypeId`, `usability`, `useRadius`, `validLocations`, `value`, `workmanship`, `animationFrameId`, `defaultScript`, `defaultScriptIntensity`, `elasticity`, `friction`, `locationId`, `modelTableId`, `objectScale`, `physicsBitField`, `physicsTableId`, `motionTableId`, `soundTableId`, `physicsState`, `translucency`)
VALUES (42851, 'Portal to Facility Hub', 65536, 0, 0, 0, 262164, 0, 0, 0, 0, 0, 0, 8388656, 0, 100667499, 0, 0, 0, 0, 0, 0, 0, 0, 4, 0, 0, 0, 0, 0, 32, -0.1, 0, 0, 0, 0, 0, 0, 0, 0, 0, 33554867, 0, 98307, 0, 150994947, 0, 3084, 0);

INSERT INTO weenie_class (`weenieClassId`, `baseAceObjectId`)
VALUES (42851, 42851);

INSERT INTO `base_ace_object` (`baseAceObjectId`, `name`, `typeId`, `paletteId`, `ammoType`, `blipColor`, `bitField`, `burden`, `combatUse`, `cooldownDuration`, `cooldownId`, `effects`, `containersCapacity`, `header`, `hookTypeId`, `iconId`, `iconOverlayId`, `iconUnderlayId`, `hookItemTypes`, `itemsCapacity`, `location`, `materialType`, `maxStackSize`, `maxStructure`, `radar`, `pscript`, `spellId`, `stackSize`, `structure`, `targetTypeId`, `usability`, `useRadius`, `validLocations`, `value`, `workmanship`, `animationFrameId`, `defaultScript`, `defaultScriptIntensity`, `elasticity`, `friction`, `locationId`, `modelTableId`, `objectScale`, `physicsBitField`, `physicsTableId`, `motionTableId`, `soundTableId`, `physicsState`, `translucency`)
VALUES (42841, 'Portal to Tou-Tou', 65536, 0, 0, 0, 262164, 0, 0, 0, 0, 0, 0, 8388656, 0, 100667499, 0, 0, 0, 0, 0, 0, 0, 0, 4, 0, 0, 0, 0, 0, 32, -0.1, 0, 0, 0, 0, 0, 0, 0, 0, 0, 33555923, 0, 98307, 0, 150994947, 0, 3084, 0);

INSERT INTO weenie_class (`weenieClassId`, `baseAceObjectId`)
VALUES (42841, 42841);

INSERT INTO `base_ace_object` (`baseAceObjectId`, `name`, `typeId`, `paletteId`, `ammoType`, `blipColor`, `bitField`, `burden`, `combatUse`, `cooldownDuration`, `cooldownId`, `effects`, `containersCapacity`, `header`, `hookTypeId`, `iconId`, `iconOverlayId`, `iconUnderlayId`, `hookItemTypes`, `itemsCapacity`, `location`, `materialType`, `maxStackSize`, `maxStructure`, `radar`, `pscript`, `spellId`, `stackSize`, `structure`, `targetTypeId`, `usability`, `useRadius`, `validLocations`, `value`, `workmanship`, `animationFrameId`, `defaultScript`, `defaultScriptIntensity`, `elasticity`, `friction`, `locationId`, `modelTableId`, `objectScale`, `physicsBitField`, `physicsTableId`, `motionTableId`, `soundTableId`, `physicsState`, `translucency`)
VALUES (42824, 'Portal to Yaraq', 65536, 0, 0, 0, 262164, 0, 0, 0, 0, 0, 0, 8388656, 0, 100667499, 0, 0, 0, 0, 0, 0, 0, 0, 4, 0, 0, 0, 0, 0, 32, -0.1, 0, 0, 0, 0, 0, 0, 0, 0, 0, 33554867, 0, 98307, 0, 150994947, 0, 3084, 0);

INSERT INTO weenie_class (`weenieClassId`, `baseAceObjectId`)
VALUES (42824, 42824);

INSERT INTO `base_ace_object` (`baseAceObjectId`, `name`, `typeId`, `paletteId`, `ammoType`, `blipColor`, `bitField`, `burden`, `combatUse`, `cooldownDuration`, `cooldownId`, `effects`, `containersCapacity`, `header`, `hookTypeId`, `iconId`, `iconOverlayId`, `iconUnderlayId`, `hookItemTypes`, `itemsCapacity`, `location`, `materialType`, `maxStackSize`, `maxStructure`, `radar`, `pscript`, `spellId`, `stackSize`, `structure`, `targetTypeId`, `usability`, `useRadius`, `validLocations`, `value`, `workmanship`, `animationFrameId`, `defaultScript`, `defaultScriptIntensity`, `elasticity`, `friction`, `locationId`, `modelTableId`, `objectScale`, `physicsBitField`, `physicsTableId`, `motionTableId`, `soundTableId`, `physicsState`, `translucency`)
VALUES (42840, 'Portal to Shoushi', 65536, 0, 0, 0, 262164, 0, 0, 0, 0, 0, 0, 8388656, 0, 100667499, 0, 0, 0, 0, 0, 0, 0, 0, 4, 0, 0, 0, 0, 0, 32, -0.1, 0, 0, 0, 0, 0, 0, 0, 0, 0, 33554867, 0, 98307, 0, 150994947, 0, 3084, 0);

INSERT INTO weenie_class (`weenieClassId`, `baseAceObjectId`)
VALUES (42840, 42840);

INSERT INTO `base_ace_object` (`baseAceObjectId`, `name`, `typeId`, `paletteId`, `ammoType`, `blipColor`, `bitField`, `burden`, `combatUse`, `cooldownDuration`, `cooldownId`, `effects`, `containersCapacity`, `header`, `hookTypeId`, `iconId`, `iconOverlayId`, `iconUnderlayId`, `hookItemTypes`, `itemsCapacity`, `location`, `materialType`, `maxStackSize`, `maxStructure`, `radar`, `pscript`, `spellId`, `stackSize`, `structure`, `targetTypeId`, `usability`, `useRadius`, `validLocations`, `value`, `workmanship`, `animationFrameId`, `defaultScript`, `defaultScriptIntensity`, `elasticity`, `friction`, `locationId`, `modelTableId`, `objectScale`, `physicsBitField`, `physicsTableId`, `motionTableId`, `soundTableId`, `physicsState`, `translucency`)
VALUES (42834, 'Portal to Samsur', 65536, 0, 0, 0, 262164, 0, 0, 0, 0, 0, 0, 8388656, 0, 100667499, 0, 0, 0, 0, 0, 0, 0, 0, 4, 0, 0, 0, 0, 0, 32, -0.1, 0, 0, 0, 0, 0, 0, 0, 0, 0, 33554867, 0, 98307, 0, 150994947, 0, 3084, 0);

INSERT INTO weenie_class (`weenieClassId`, `baseAceObjectId`)
VALUES (42834, 42834);

INSERT INTO `base_ace_object` (`baseAceObjectId`, `name`, `typeId`, `paletteId`, `ammoType`, `blipColor`, `bitField`, `burden`, `combatUse`, `cooldownDuration`, `cooldownId`, `effects`, `containersCapacity`, `header`, `hookTypeId`, `iconId`, `iconOverlayId`, `iconUnderlayId`, `hookItemTypes`, `itemsCapacity`, `location`, `materialType`, `maxStackSize`, `maxStructure`, `radar`, `pscript`, `spellId`, `stackSize`, `structure`, `targetTypeId`, `usability`, `useRadius`, `validLocations`, `value`, `workmanship`, `animationFrameId`, `defaultScript`, `defaultScriptIntensity`, `elasticity`, `friction`, `locationId`, `modelTableId`, `objectScale`, `physicsBitField`, `physicsTableId`, `motionTableId`, `soundTableId`, `physicsState`, `translucency`)
VALUES (42843, 'Portal to Nanto', 65536, 0, 0, 0, 262164, 0, 0, 0, 0, 0, 0, 8388656, 0, 100667499, 0, 0, 0, 0, 0, 0, 0, 0, 4, 0, 0, 0, 0, 0, 32, -0.1, 0, 0, 0, 0, 0, 0, 0, 0, 0, 33554867, 0, 98307, 0, 150994947, 0, 3084, 0);

INSERT INTO weenie_class (`weenieClassId`, `baseAceObjectId`)
VALUES (42843, 42843);

INSERT INTO `base_ace_object` (`baseAceObjectId`, `name`, `typeId`, `paletteId`, `ammoType`, `blipColor`, `bitField`, `burden`, `combatUse`, `cooldownDuration`, `cooldownId`, `effects`, `containersCapacity`, `header`, `hookTypeId`, `iconId`, `iconOverlayId`, `iconUnderlayId`, `hookItemTypes`, `itemsCapacity`, `location`, `materialType`, `maxStackSize`, `maxStructure`, `radar`, `pscript`, `spellId`, `stackSize`, `structure`, `targetTypeId`, `usability`, `useRadius`, `validLocations`, `value`, `workmanship`, `animationFrameId`, `defaultScript`, `defaultScriptIntensity`, `elasticity`, `friction`, `locationId`, `modelTableId`, `objectScale`, `physicsBitField`, `physicsTableId`, `motionTableId`, `soundTableId`, `physicsState`, `translucency`)
VALUES (42823, 'Portal to Al-Arqas', 65536, 0, 0, 0, 262164, 0, 0, 0, 0, 0, 0, 8388656, 0, 100667499, 0, 0, 0, 0, 0, 0, 0, 0, 4, 0, 0, 0, 0, 0, 32, -0.1, 0, 0, 0, 0, 0, 0, 0, 0, 0, 33554867, 0, 98307, 0, 150994947, 0, 3084, 0);

INSERT INTO weenie_class (`weenieClassId`, `baseAceObjectId`)
VALUES (42823, 42823);

INSERT INTO `base_ace_object` (`baseAceObjectId`, `name`, `typeId`, `paletteId`, `ammoType`, `blipColor`, `bitField`, `burden`, `combatUse`, `cooldownDuration`, `cooldownId`, `effects`, `containersCapacity`, `header`, `hookTypeId`, `iconId`, `iconOverlayId`, `iconUnderlayId`, `hookItemTypes`, `itemsCapacity`, `location`, `materialType`, `maxStackSize`, `maxStructure`, `radar`, `pscript`, `spellId`, `stackSize`, `structure`, `targetTypeId`, `usability`, `useRadius`, `validLocations`, `value`, `workmanship`, `animationFrameId`, `defaultScript`, `defaultScriptIntensity`, `elasticity`, `friction`, `locationId`, `modelTableId`, `objectScale`, `physicsBitField`, `physicsTableId`, `motionTableId`, `soundTableId`, `physicsState`, `translucency`)
VALUES (42825, 'Portal to Bluespire', 65536, 0, 0, 0, 262164, 0, 0, 0, 0, 0, 0, 8388656, 0, 100667499, 0, 0, 0, 0, 0, 0, 0, 0, 4, 0, 0, 0, 0, 0, 32, -0.1, 0, 0, 0, 0, 0, 0, 0, 0, 0, 33554867, 0, 98307, 0, 150994947, 0, 3084, 0);

INSERT INTO weenie_class (`weenieClassId`, `baseAceObjectId`)
VALUES (42825, 42825);

INSERT INTO `base_ace_object` (`baseAceObjectId`, `name`, `typeId`, `paletteId`, `ammoType`, `blipColor`, `bitField`, `burden`, `combatUse`, `cooldownDuration`, `cooldownId`, `effects`, `containersCapacity`, `header`, `hookTypeId`, `iconId`, `iconOverlayId`, `iconUnderlayId`, `hookItemTypes`, `itemsCapacity`, `location`, `materialType`, `maxStackSize`, `maxStructure`, `radar`, `pscript`, `spellId`, `stackSize`, `structure`, `targetTypeId`, `usability`, `useRadius`, `validLocations`, `value`, `workmanship`, `animationFrameId`, `defaultScript`, `defaultScriptIntensity`, `elasticity`, `friction`, `locationId`, `modelTableId`, `objectScale`, `physicsBitField`, `physicsTableId`, `motionTableId`, `soundTableId`, `physicsState`, `translucency`)
VALUES (42835, 'Portal to Sanamar', 65536, 0, 0, 0, 262164, 0, 0, 0, 0, 0, 0, 8388656, 0, 100667499, 0, 0, 0, 0, 0, 0, 0, 0, 4, 0, 0, 0, 0, 0, 32, -0.1, 0, 0, 0, 0, 0, 0, 0, 0, 0, 33554867, 0, 98307, 0, 150994947, 0, 3084, 0);

INSERT INTO weenie_class (`weenieClassId`, `baseAceObjectId`)
VALUES (42835, 42835);

INSERT INTO `base_ace_object` (`baseAceObjectId`, `name`, `typeId`, `paletteId`, `ammoType`, `blipColor`, `bitField`, `burden`, `combatUse`, `cooldownDuration`, `cooldownId`, `effects`, `containersCapacity`, `header`, `hookTypeId`, `iconId`, `iconOverlayId`, `iconUnderlayId`, `hookItemTypes`, `itemsCapacity`, `location`, `materialType`, `maxStackSize`, `maxStructure`, `radar`, `pscript`, `spellId`, `stackSize`, `structure`, `targetTypeId`, `usability`, `useRadius`, `validLocations`, `value`, `workmanship`, `animationFrameId`, `defaultScript`, `defaultScriptIntensity`, `elasticity`, `friction`, `locationId`, `modelTableId`, `objectScale`, `physicsBitField`, `physicsTableId`, `motionTableId`, `soundTableId`, `physicsState`, `translucency`)
VALUES (42820, 'Portal to Holtburg', 65536, 0, 0, 0, 262164, 0, 0, 0, 0, 0, 0, 8388656, 0, 100667499, 0, 0, 0, 0, 0, 0, 0, 0, 4, 0, 0, 0, 0, 0, 32, -0.1, 0, 0, 0, 0, 0, 0, 0, 0, 0, 33554867, 0, 98307, 0, 150994947, 0, 3084, 0);

INSERT INTO weenie_class (`weenieClassId`, `baseAceObjectId`)
VALUES (42820, 42820);

INSERT INTO `base_ace_object` (`baseAceObjectId`, `name`, `typeId`, `paletteId`, `ammoType`, `blipColor`, `bitField`, `burden`, `combatUse`, `cooldownDuration`, `cooldownId`, `effects`, `containersCapacity`, `header`, `hookTypeId`, `iconId`, `iconOverlayId`, `iconUnderlayId`, `hookItemTypes`, `itemsCapacity`, `location`, `materialType`, `maxStackSize`, `maxStructure`, `radar`, `pscript`, `spellId`, `stackSize`, `structure`, `targetTypeId`, `usability`, `useRadius`, `validLocations`, `value`, `workmanship`, `animationFrameId`, `defaultScript`, `defaultScriptIntensity`, `elasticity`, `friction`, `locationId`, `modelTableId`, `objectScale`, `physicsBitField`, `physicsTableId`, `motionTableId`, `soundTableId`, `physicsState`, `translucency`)
VALUES (42819, 'Portal to Arwic', 65536, 0, 0, 0, 262164, 0, 0, 0, 0, 0, 0, 8388656, 0, 100667499, 0, 0, 0, 0, 0, 0, 0, 0, 4, 0, 0, 0, 0, 0, 32, -0.1, 0, 0, 0, 0, 0, 0, 0, 0, 0, 33555923, 0, 98307, 0, 150994947, 0, 3084, 0);

INSERT INTO weenie_class (`weenieClassId`, `baseAceObjectId`)
VALUES (42819, 42819);

INSERT INTO `base_ace_object` (`baseAceObjectId`, `name`, `typeId`, `paletteId`, `ammoType`, `blipColor`, `bitField`, `burden`, `combatUse`, `cooldownDuration`, `cooldownId`, `effects`, `containersCapacity`, `header`, `hookTypeId`, `iconId`, `iconOverlayId`, `iconUnderlayId`, `hookItemTypes`, `itemsCapacity`, `location`, `materialType`, `maxStackSize`, `maxStructure`, `radar`, `pscript`, `spellId`, `stackSize`, `structure`, `targetTypeId`, `usability`, `useRadius`, `validLocations`, `value`, `workmanship`, `animationFrameId`, `defaultScript`, `defaultScriptIntensity`, `elasticity`, `friction`, `locationId`, `modelTableId`, `objectScale`, `physicsBitField`, `physicsTableId`, `motionTableId`, `soundTableId`, `physicsState`, `translucency`)
VALUES (42833, 'Qalaba''r Portal', 65536, 0, 0, 0, 262164, 0, 0, 0, 0, 0, 0, 8388656, 0, 100667499, 0, 0, 0, 0, 0, 0, 0, 0, 4, 0, 0, 0, 0, 0, 32, -0.1, 0, 0, 0, 0, 0, 0, 0, 0, 0, 33554867, 0, 98307, 0, 150994947, 0, 3084, 0);

INSERT INTO weenie_class (`weenieClassId`, `baseAceObjectId`)
VALUES (42833, 42833);

INSERT INTO `base_ace_object` (`baseAceObjectId`, `name`, `typeId`, `paletteId`, `ammoType`, `blipColor`, `bitField`, `burden`, `combatUse`, `cooldownDuration`, `cooldownId`, `effects`, `containersCapacity`, `header`, `hookTypeId`, `iconId`, `iconOverlayId`, `iconUnderlayId`, `hookItemTypes`, `itemsCapacity`, `location`, `materialType`, `maxStackSize`, `maxStructure`, `radar`, `pscript`, `spellId`, `stackSize`, `structure`, `targetTypeId`, `usability`, `useRadius`, `validLocations`, `value`, `workmanship`, `animationFrameId`, `defaultScript`, `defaultScriptIntensity`, `elasticity`, `friction`, `locationId`, `modelTableId`, `objectScale`, `physicsBitField`, `physicsTableId`, `motionTableId`, `soundTableId`, `physicsState`, `translucency`)
VALUES (42842, 'Mayoi Portal', 65536, 0, 0, 0, 262164, 0, 0, 0, 0, 0, 0, 8388656, 0, 100667499, 0, 0, 0, 0, 0, 0, 0, 0, 4, 0, 0, 0, 0, 0, 32, -0.1, 0, 0, 0, 0, 0, 0, 0, 0, 0, 33554867, 0, 98307, 0, 150994947, 0, 3084, 0);

INSERT INTO weenie_class (`weenieClassId`, `baseAceObjectId`)
VALUES (42842, 42842);

INSERT INTO `base_ace_object` (`baseAceObjectId`, `name`, `typeId`, `paletteId`, `ammoType`, `blipColor`, `bitField`, `burden`, `combatUse`, `cooldownDuration`, `cooldownId`, `effects`, `containersCapacity`, `header`, `hookTypeId`, `iconId`, `iconOverlayId`, `iconUnderlayId`, `hookItemTypes`, `itemsCapacity`, `location`, `materialType`, `maxStackSize`, `maxStructure`, `radar`, `pscript`, `spellId`, `stackSize`, `structure`, `targetTypeId`, `usability`, `useRadius`, `validLocations`, `value`, `workmanship`, `animationFrameId`, `defaultScript`, `defaultScriptIntensity`, `elasticity`, `friction`, `locationId`, `modelTableId`, `objectScale`, `physicsBitField`, `physicsTableId`, `motionTableId`, `soundTableId`, `physicsState`, `translucency`)
VALUES (42822, 'Portal to Khayyaban', 65536, 0, 0, 0, 262164, 0, 0, 0, 0, 0, 0, 8388656, 0, 100667499, 0, 0, 0, 0, 0, 0, 0, 0, 4, 0, 0, 0, 0, 0, 32, -0.1, 0, 0, 0, 0, 0, 0, 0, 0, 0, 33555923, 0, 98307, 0, 150994947, 0, 3084, 0);

INSERT INTO weenie_class (`weenieClassId`, `baseAceObjectId`)
VALUES (42822, 42822);

INSERT INTO `base_ace_object` (`baseAceObjectId`, `name`, `typeId`, `paletteId`, `ammoType`, `blipColor`, `bitField`, `burden`, `combatUse`, `cooldownDuration`, `cooldownId`, `effects`, `containersCapacity`, `header`, `hookTypeId`, `iconId`, `iconOverlayId`, `iconUnderlayId`, `hookItemTypes`, `itemsCapacity`, `location`, `materialType`, `maxStackSize`, `maxStructure`, `radar`, `pscript`, `spellId`, `stackSize`, `structure`, `targetTypeId`, `usability`, `useRadius`, `validLocations`, `value`, `workmanship`, `animationFrameId`, `defaultScript`, `defaultScriptIntensity`, `elasticity`, `friction`, `locationId`, `modelTableId`, `objectScale`, `physicsBitField`, `physicsTableId`, `motionTableId`, `soundTableId`, `physicsState`, `translucency`)
VALUES (42845, 'Baishi Portal', 65536, 0, 0, 0, 262164, 0, 0, 0, 0, 0, 0, 8388656, 0, 100667499, 0, 0, 0, 0, 0, 0, 0, 0, 4, 0, 0, 0, 0, 0, 32, -0.1, 0, 0, 0, 0, 0, 0, 0, 0, 0, 33554867, 0, 98307, 0, 150994947, 0, 3084, 0);

INSERT INTO weenie_class (`weenieClassId`, `baseAceObjectId`)
VALUES (42845, 42845);

INSERT INTO `base_ace_object` (`baseAceObjectId`, `name`, `typeId`, `paletteId`, `ammoType`, `blipColor`, `bitField`, `burden`, `combatUse`, `cooldownDuration`, `cooldownId`, `effects`, `containersCapacity`, `header`, `hookTypeId`, `iconId`, `iconOverlayId`, `iconUnderlayId`, `hookItemTypes`, `itemsCapacity`, `location`, `materialType`, `maxStackSize`, `maxStructure`, `radar`, `pscript`, `spellId`, `stackSize`, `structure`, `targetTypeId`, `usability`, `useRadius`, `validLocations`, `value`, `workmanship`, `animationFrameId`, `defaultScript`, `defaultScriptIntensity`, `elasticity`, `friction`, `locationId`, `modelTableId`, `objectScale`, `physicsBitField`, `physicsTableId`, `motionTableId`, `soundTableId`, `physicsState`, `translucency`)
VALUES (42818, 'Portal to Cragstone', 65536, 0, 0, 0, 262164, 0, 0, 0, 0, 0, 0, 8388656, 0, 100667499, 0, 0, 0, 0, 0, 0, 0, 0, 4, 0, 0, 0, 0, 0, 32, -0.1, 0, 0, 0, 0, 0, 0, 0, 0, 0, 33554867, 0, 98307, 0, 150994947, 0, 3084, 0);

INSERT INTO weenie_class (`weenieClassId`, `baseAceObjectId`)
VALUES (42818, 42818);

INSERT INTO `base_ace_object` (`baseAceObjectId`, `name`, `typeId`, `paletteId`, `ammoType`, `blipColor`, `bitField`, `burden`, `combatUse`, `cooldownDuration`, `cooldownId`, `effects`, `containersCapacity`, `header`, `hookTypeId`, `iconId`, `iconOverlayId`, `iconUnderlayId`, `hookItemTypes`, `itemsCapacity`, `location`, `materialType`, `maxStackSize`, `maxStructure`, `radar`, `pscript`, `spellId`, `stackSize`, `structure`, `targetTypeId`, `usability`, `useRadius`, `validLocations`, `value`, `workmanship`, `animationFrameId`, `defaultScript`, `defaultScriptIntensity`, `elasticity`, `friction`, `locationId`, `modelTableId`, `objectScale`, `physicsBitField`, `physicsTableId`, `motionTableId`, `soundTableId`, `physicsState`, `translucency`)
VALUES (42836, 'Portal to Redspire', 65536, 0, 0, 0, 262164, 0, 0, 0, 0, 0, 0, 8388656, 0, 100667499, 0, 0, 0, 0, 0, 0, 0, 0, 4, 0, 0, 0, 0, 0, 32, -0.1, 0, 0, 0, 0, 0, 0, 0, 0, 0, 33554867, 0, 98307, 0, 150994947, 0, 3084, 0);

INSERT INTO weenie_class (`weenieClassId`, `baseAceObjectId`)
VALUES (42836, 42836);

INSERT INTO `base_ace_object` (`baseAceObjectId`, `name`, `typeId`, `paletteId`, `ammoType`, `blipColor`, `bitField`, `burden`, `combatUse`, `cooldownDuration`, `cooldownId`, `effects`, `containersCapacity`, `header`, `hookTypeId`, `iconId`, `iconOverlayId`, `iconUnderlayId`, `hookItemTypes`, `itemsCapacity`, `location`, `materialType`, `maxStackSize`, `maxStructure`, `radar`, `pscript`, `spellId`, `stackSize`, `structure`, `targetTypeId`, `usability`, `useRadius`, `validLocations`, `value`, `workmanship`, `animationFrameId`, `defaultScript`, `defaultScriptIntensity`, `elasticity`, `friction`, `locationId`, `modelTableId`, `objectScale`, `physicsBitField`, `physicsTableId`, `motionTableId`, `soundTableId`, `physicsState`, `translucency`)
VALUES (42826, 'Portal to Greenspire', 65536, 0, 0, 0, 262164, 0, 0, 0, 0, 0, 0, 8388656, 0, 100667499, 0, 0, 0, 0, 0, 0, 0, 0, 4, 0, 0, 0, 0, 0, 32, -0.1, 0, 0, 0, 0, 0, 0, 0, 0, 0, 33554867, 0, 98307, 0, 150994947, 0, 3084, 0);

INSERT INTO weenie_class (`weenieClassId`, `baseAceObjectId`)
VALUES (42826, 42826);

INSERT INTO `base_ace_object` (`baseAceObjectId`, `name`, `typeId`, `paletteId`, `ammoType`, `blipColor`, `bitField`, `burden`, `combatUse`, `cooldownDuration`, `cooldownId`, `effects`, `containersCapacity`, `header`, `hookTypeId`, `iconId`, `iconOverlayId`, `iconUnderlayId`, `hookItemTypes`, `itemsCapacity`, `location`, `materialType`, `maxStackSize`, `maxStructure`, `radar`, `pscript`, `spellId`, `stackSize`, `structure`, `targetTypeId`, `usability`, `useRadius`, `validLocations`, `value`, `workmanship`, `animationFrameId`, `defaultScript`, `defaultScriptIntensity`, `elasticity`, `friction`, `locationId`, `modelTableId`, `objectScale`, `physicsBitField`, `physicsTableId`, `motionTableId`, `soundTableId`, `physicsState`, `translucency`)
VALUES (42817, 'Portal to Rithwic', 65536, 0, 0, 0, 262164, 0, 0, 0, 0, 0, 0, 8388656, 0, 100667499, 0, 0, 0, 0, 0, 0, 0, 0, 4, 0, 0, 0, 0, 0, 32, -0.1, 0, 0, 0, 0, 0, 0, 0, 0, 0, 33554867, 0, 98307, 0, 150994947, 0, 3084, 0);

INSERT INTO weenie_class (`weenieClassId`, `baseAceObjectId`)
VALUES (42817, 42817);

INSERT INTO `base_ace_object` (`baseAceObjectId`, `name`, `typeId`, `paletteId`, `ammoType`, `blipColor`, `bitField`, `burden`, `combatUse`, `cooldownDuration`, `cooldownId`, `effects`, `containersCapacity`, `header`, `hookTypeId`, `iconId`, `iconOverlayId`, `iconUnderlayId`, `hookItemTypes`, `itemsCapacity`, `location`, `materialType`, `maxStackSize`, `maxStructure`, `radar`, `pscript`, `spellId`, `stackSize`, `structure`, `targetTypeId`, `usability`, `useRadius`, `validLocations`, `value`, `workmanship`, `animationFrameId`, `defaultScript`, `defaultScriptIntensity`, `elasticity`, `friction`, `locationId`, `modelTableId`, `objectScale`, `physicsBitField`, `physicsTableId`, `motionTableId`, `soundTableId`, `physicsState`, `translucency`)
VALUES (42832, 'Portal to Xarabydun', 65536, 0, 0, 0, 262164, 0, 0, 0, 0, 0, 0, 8388656, 0, 100667499, 0, 0, 0, 0, 0, 0, 0, 0, 4, 0, 0, 0, 0, 0, 32, -0.1, 0, 0, 0, 0, 0, 0, 0, 0, 0, 33554867, 0, 98307, 0, 150994947, 0, 3084, 0);

INSERT INTO weenie_class (`weenieClassId`, `baseAceObjectId`)
VALUES (42832, 42832);

INSERT INTO `base_ace_object` (`baseAceObjectId`, `name`, `typeId`, `paletteId`, `ammoType`, `blipColor`, `bitField`, `burden`, `combatUse`, `cooldownDuration`, `cooldownId`, `effects`, `containersCapacity`, `header`, `hookTypeId`, `iconId`, `iconOverlayId`, `iconUnderlayId`, `hookItemTypes`, `itemsCapacity`, `location`, `materialType`, `maxStackSize`, `maxStructure`, `radar`, `pscript`, `spellId`, `stackSize`, `structure`, `targetTypeId`, `usability`, `useRadius`, `validLocations`, `value`, `workmanship`, `animationFrameId`, `defaultScript`, `defaultScriptIntensity`, `elasticity`, `friction`, `locationId`, `modelTableId`, `objectScale`, `physicsBitField`, `physicsTableId`, `motionTableId`, `soundTableId`, `physicsState`, `translucency`)
VALUES (42844, 'Lin Portal', 65536, 0, 0, 0, 262164, 0, 0, 0, 0, 0, 0, 8388656, 0, 100667499, 0, 0, 0, 0, 0, 0, 0, 0, 4, 0, 0, 0, 0, 0, 32, -0.1, 0, 0, 0, 0, 0, 0, 0, 0, 0, 33554867, 0, 98307, 0, 150994947, 0, 3084, 0);

INSERT INTO weenie_class (`weenieClassId`, `baseAceObjectId`)
VALUES (42844, 42844);

INSERT INTO `base_ace_object` (`baseAceObjectId`, `name`, `typeId`, `paletteId`, `ammoType`, `blipColor`, `bitField`, `burden`, `combatUse`, `cooldownDuration`, `cooldownId`, `effects`, `containersCapacity`, `header`, `hookTypeId`, `iconId`, `iconOverlayId`, `iconUnderlayId`, `hookItemTypes`, `itemsCapacity`, `location`, `materialType`, `maxStackSize`, `maxStructure`, `radar`, `pscript`, `spellId`, `stackSize`, `structure`, `targetTypeId`, `usability`, `useRadius`, `validLocations`, `value`, `workmanship`, `animationFrameId`, `defaultScript`, `defaultScriptIntensity`, `elasticity`, `friction`, `locationId`, `modelTableId`, `objectScale`, `physicsBitField`, `physicsTableId`, `motionTableId`, `soundTableId`, `physicsState`, `translucency`)
VALUES (42821, 'Uziz Portal', 65536, 0, 0, 0, 262164, 0, 0, 0, 0, 0, 0, 8388656, 0, 100667499, 0, 0, 0, 0, 0, 0, 0, 0, 4, 0, 0, 0, 0, 0, 32, -0.1, 0, 0, 0, 0, 0, 0, 0, 0, 0, 33554867, 0, 98307, 0, 150994947, 0, 3084, 0);

INSERT INTO weenie_class (`weenieClassId`, `baseAceObjectId`)
VALUES (42821, 42821);

INSERT INTO `base_ace_object` (`baseAceObjectId`, `name`, `typeId`, `paletteId`, `ammoType`, `blipColor`, `bitField`, `burden`, `combatUse`, `cooldownDuration`, `cooldownId`, `effects`, `containersCapacity`, `header`, `hookTypeId`, `iconId`, `iconOverlayId`, `iconUnderlayId`, `hookItemTypes`, `itemsCapacity`, `location`, `materialType`, `maxStackSize`, `maxStructure`, `radar`, `pscript`, `spellId`, `stackSize`, `structure`, `targetTypeId`, `usability`, `useRadius`, `validLocations`, `value`, `workmanship`, `animationFrameId`, `defaultScript`, `defaultScriptIntensity`, `elasticity`, `friction`, `locationId`, `modelTableId`, `objectScale`, `physicsBitField`, `physicsTableId`, `motionTableId`, `soundTableId`, `physicsState`, `translucency`)
VALUES (42847, 'Portal to Yanshi', 65536, 0, 0, 0, 262164, 0, 0, 0, 0, 0, 0, 8388656, 0, 100667499, 0, 0, 0, 0, 0, 0, 0, 0, 4, 0, 0, 0, 0, 0, 32, -0.1, 0, 0, 0, 0, 0, 0, 0, 0, 0, 33554867, 0, 98307, 0, 150994947, 0, 3084, 0);

INSERT INTO weenie_class (`weenieClassId`, `baseAceObjectId`)
VALUES (42847, 42847);

INSERT INTO `base_ace_object` (`baseAceObjectId`, `name`, `typeId`, `paletteId`, `ammoType`, `blipColor`, `bitField`, `burden`, `combatUse`, `cooldownDuration`, `cooldownId`, `effects`, `containersCapacity`, `header`, `hookTypeId`, `iconId`, `iconOverlayId`, `iconUnderlayId`, `hookItemTypes`, `itemsCapacity`, `location`, `materialType`, `maxStackSize`, `maxStructure`, `radar`, `pscript`, `spellId`, `stackSize`, `structure`, `targetTypeId`, `usability`, `useRadius`, `validLocations`, `value`, `workmanship`, `animationFrameId`, `defaultScript`, `defaultScriptIntensity`, `elasticity`, `friction`, `locationId`, `modelTableId`, `objectScale`, `physicsBitField`, `physicsTableId`, `motionTableId`, `soundTableId`, `physicsState`, `translucency`)
VALUES (42827, 'Ahurenga Portal', 65536, 0, 0, 0, 262164, 0, 0, 0, 0, 0, 0, 8388656, 0, 100667499, 0, 0, 0, 0, 0, 0, 0, 0, 4, 0, 0, 0, 0, 0, 32, -0.1, 0, 0, 0, 0, 0, 0, 0, 0, 0, 33554867, 0, 98307, 0, 150994947, 0, 3084, 0);

INSERT INTO weenie_class (`weenieClassId`, `baseAceObjectId`)
VALUES (42827, 42827);

INSERT INTO `base_ace_object` (`baseAceObjectId`, `name`, `typeId`, `paletteId`, `ammoType`, `blipColor`, `bitField`, `burden`, `combatUse`, `cooldownDuration`, `cooldownId`, `effects`, `containersCapacity`, `header`, `hookTypeId`, `iconId`, `iconOverlayId`, `iconUnderlayId`, `hookItemTypes`, `itemsCapacity`, `location`, `materialType`, `maxStackSize`, `maxStructure`, `radar`, `pscript`, `spellId`, `stackSize`, `structure`, `targetTypeId`, `usability`, `useRadius`, `validLocations`, `value`, `workmanship`, `animationFrameId`, `defaultScript`, `defaultScriptIntensity`, `elasticity`, `friction`, `locationId`, `modelTableId`, `objectScale`, `physicsBitField`, `physicsTableId`, `motionTableId`, `soundTableId`, `physicsState`, `translucency`)
VALUES (42815, 'Eastham Portal', 65536, 0, 0, 0, 262164, 0, 0, 0, 0, 0, 0, 8388656, 0, 100667499, 0, 0, 0, 0, 0, 0, 0, 0, 4, 0, 0, 0, 0, 0, 32, -0.1, 0, 0, 0, 0, 0, 0, 0, 0, 0, 33554867, 0, 98307, 0, 150994947, 0, 3084, 0);

INSERT INTO weenie_class (`weenieClassId`, `baseAceObjectId`)
VALUES (42815, 42815);

INSERT INTO `base_ace_object` (`baseAceObjectId`, `name`, `typeId`, `paletteId`, `ammoType`, `blipColor`, `bitField`, `burden`, `combatUse`, `cooldownDuration`, `cooldownId`, `effects`, `containersCapacity`, `header`, `hookTypeId`, `iconId`, `iconOverlayId`, `iconUnderlayId`, `hookItemTypes`, `itemsCapacity`, `location`, `materialType`, `maxStackSize`, `maxStructure`, `radar`, `pscript`, `spellId`, `stackSize`, `structure`, `targetTypeId`, `usability`, `useRadius`, `validLocations`, `value`, `workmanship`, `animationFrameId`, `defaultScript`, `defaultScriptIntensity`, `elasticity`, `friction`, `locationId`, `modelTableId`, `objectScale`, `physicsBitField`, `physicsTableId`, `motionTableId`, `soundTableId`, `physicsState`, `translucency`)
VALUES (42837, 'Portal to Westwatch', 65536, 0, 0, 0, 262164, 0, 0, 0, 0, 0, 0, 8388656, 0, 100667499, 0, 0, 0, 0, 0, 0, 0, 0, 4, 0, 0, 0, 0, 0, 32, -0.1, 0, 0, 0, 0, 0, 0, 0, 0, 0, 33555923, 0, 98307, 0, 150994947, 0, 3084, 0);

INSERT INTO weenie_class (`weenieClassId`, `baseAceObjectId`)
VALUES (42837, 42837);

INSERT INTO `base_ace_object` (`baseAceObjectId`, `name`, `typeId`, `paletteId`, `ammoType`, `blipColor`, `bitField`, `burden`, `combatUse`, `cooldownDuration`, `cooldownId`, `effects`, `containersCapacity`, `header`, `hookTypeId`, `iconId`, `iconOverlayId`, `iconUnderlayId`, `hookItemTypes`, `itemsCapacity`, `location`, `materialType`, `maxStackSize`, `maxStructure`, `radar`, `pscript`, `spellId`, `stackSize`, `structure`, `targetTypeId`, `usability`, `useRadius`, `validLocations`, `value`, `workmanship`, `animationFrameId`, `defaultScript`, `defaultScriptIntensity`, `elasticity`, `friction`, `locationId`, `modelTableId`, `objectScale`, `physicsBitField`, `physicsTableId`, `motionTableId`, `soundTableId`, `physicsState`, `translucency`)
VALUES (42816, 'Lytelthorpe Portal', 65536, 0, 0, 0, 262164, 0, 0, 0, 0, 0, 0, 8388656, 0, 100667499, 0, 0, 0, 0, 0, 0, 0, 0, 4, 0, 0, 0, 0, 0, 32, -0.1, 0, 0, 0, 0, 0, 0, 0, 0, 0, 33554867, 0, 98307, 0, 150994947, 0, 3084, 0);

INSERT INTO weenie_class (`weenieClassId`, `baseAceObjectId`)
VALUES (42816, 42816);

INSERT INTO `base_ace_object` (`baseAceObjectId`, `name`, `typeId`, `paletteId`, `ammoType`, `blipColor`, `bitField`, `burden`, `combatUse`, `cooldownDuration`, `cooldownId`, `effects`, `containersCapacity`, `header`, `hookTypeId`, `iconId`, `iconOverlayId`, `iconUnderlayId`, `hookItemTypes`, `itemsCapacity`, `location`, `materialType`, `maxStackSize`, `maxStructure`, `radar`, `pscript`, `spellId`, `stackSize`, `structure`, `targetTypeId`, `usability`, `useRadius`, `validLocations`, `value`, `workmanship`, `animationFrameId`, `defaultScript`, `defaultScriptIntensity`, `elasticity`, `friction`, `locationId`, `modelTableId`, `objectScale`, `physicsBitField`, `physicsTableId`, `motionTableId`, `soundTableId`, `physicsState`, `translucency`)
VALUES (42846, 'Portal to Hebian-To', 65536, 0, 0, 0, 262164, 0, 0, 0, 0, 0, 0, 8388656, 0, 100667499, 0, 0, 0, 0, 0, 0, 0, 0, 4, 0, 0, 0, 0, 0, 32, -0.1, 0, 0, 0, 0, 0, 0, 0, 0, 0, 33554867, 0, 98307, 0, 150994947, 0, 3084, 0);

INSERT INTO weenie_class (`weenieClassId`, `baseAceObjectId`)
VALUES (42846, 42846);

INSERT INTO `base_ace_object` (`baseAceObjectId`, `name`, `typeId`, `paletteId`, `ammoType`, `blipColor`, `bitField`, `burden`, `combatUse`, `cooldownDuration`, `cooldownId`, `effects`, `containersCapacity`, `header`, `hookTypeId`, `iconId`, `iconOverlayId`, `iconUnderlayId`, `hookItemTypes`, `itemsCapacity`, `location`, `materialType`, `maxStackSize`, `maxStructure`, `radar`, `pscript`, `spellId`, `stackSize`, `structure`, `targetTypeId`, `usability`, `useRadius`, `validLocations`, `value`, `workmanship`, `animationFrameId`, `defaultScript`, `defaultScriptIntensity`, `elasticity`, `friction`, `locationId`, `modelTableId`, `objectScale`, `physicsBitField`, `physicsTableId`, `motionTableId`, `soundTableId`, `physicsState`, `translucency`)
VALUES (42831, 'Portal to Zaikhal', 65536, 0, 0, 0, 262164, 0, 0, 0, 0, 0, 0, 8388656, 0, 100667499, 0, 0, 0, 0, 0, 0, 0, 0, 4, 0, 0, 0, 0, 0, 32, -0.1, 0, 0, 0, 0, 0, 0, 0, 0, 0, 33555923, 0, 98307, 0, 150994947, 0, 3084, 0);

INSERT INTO weenie_class (`weenieClassId`, `baseAceObjectId`)
VALUES (42831, 42831);

INSERT INTO `base_ace_object` (`baseAceObjectId`, `name`, `typeId`, `paletteId`, `ammoType`, `blipColor`, `bitField`, `burden`, `combatUse`, `cooldownDuration`, `cooldownId`, `effects`, `containersCapacity`, `header`, `hookTypeId`, `iconId`, `iconOverlayId`, `iconUnderlayId`, `hookItemTypes`, `itemsCapacity`, `location`, `materialType`, `maxStackSize`, `maxStructure`, `radar`, `pscript`, `spellId`, `stackSize`, `structure`, `targetTypeId`, `usability`, `useRadius`, `validLocations`, `value`, `workmanship`, `animationFrameId`, `defaultScript`, `defaultScriptIntensity`, `elasticity`, `friction`, `locationId`, `modelTableId`, `objectScale`, `physicsBitField`, `physicsTableId`, `motionTableId`, `soundTableId`, `physicsState`, `translucency`)
VALUES (42829, 'Tufa Portal', 65536, 0, 0, 0, 262164, 0, 0, 0, 0, 0, 0, 8388656, 0, 100667499, 0, 0, 0, 0, 0, 0, 0, 0, 4, 0, 0, 0, 0, 0, 32, -0.1, 0, 0, 0, 0, 0, 0, 0, 0, 0, 33554867, 0, 98307, 0, 150994947, 0, 3084, 0);

INSERT INTO weenie_class (`weenieClassId`, `baseAceObjectId`)
VALUES (42829, 42829);

INSERT INTO `base_ace_object` (`baseAceObjectId`, `name`, `typeId`, `paletteId`, `ammoType`, `blipColor`, `bitField`, `burden`, `combatUse`, `cooldownDuration`, `cooldownId`, `effects`, `containersCapacity`, `header`, `hookTypeId`, `iconId`, `iconOverlayId`, `iconUnderlayId`, `hookItemTypes`, `itemsCapacity`, `location`, `materialType`, `maxStackSize`, `maxStructure`, `radar`, `pscript`, `spellId`, `stackSize`, `structure`, `targetTypeId`, `usability`, `useRadius`, `validLocations`, `value`, `workmanship`, `animationFrameId`, `defaultScript`, `defaultScriptIntensity`, `elasticity`, `friction`, `locationId`, `modelTableId`, `objectScale`, `physicsBitField`, `physicsTableId`, `motionTableId`, `soundTableId`, `physicsState`, `translucency`)
VALUES (42830, 'Al-Jalima Portal', 65536, 0, 0, 0, 262164, 0, 0, 0, 0, 0, 0, 8388656, 0, 100667499, 0, 0, 0, 0, 0, 0, 0, 0, 4, 0, 0, 0, 0, 0, 32, -0.1, 0, 0, 0, 0, 0, 0, 0, 0, 0, 33554867, 0, 98307, 0, 150994947, 0, 3084, 0);

INSERT INTO weenie_class (`weenieClassId`, `baseAceObjectId`)
VALUES (42830, 42830);

INSERT INTO `base_ace_object` (`baseAceObjectId`, `name`, `typeId`, `paletteId`, `ammoType`, `blipColor`, `bitField`, `burden`, `combatUse`, `cooldownDuration`, `cooldownId`, `effects`, `containersCapacity`, `header`, `hookTypeId`, `iconId`, `iconOverlayId`, `iconUnderlayId`, `hookItemTypes`, `itemsCapacity`, `location`, `materialType`, `maxStackSize`, `maxStructure`, `radar`, `pscript`, `spellId`, `stackSize`, `structure`, `targetTypeId`, `usability`, `useRadius`, `validLocations`, `value`, `workmanship`, `animationFrameId`, `defaultScript`, `defaultScriptIntensity`, `elasticity`, `friction`, `locationId`, `modelTableId`, `objectScale`, `physicsBitField`, `physicsTableId`, `motionTableId`, `soundTableId`, `physicsState`, `translucency`)
VALUES (42849, 'Sawato Portal', 65536, 0, 0, 0, 262164, 0, 0, 0, 0, 0, 0, 8388656, 0, 100667499, 0, 0, 0, 0, 0, 0, 0, 0, 4, 0, 0, 0, 0, 0, 32, -0.1, 0, 0, 0, 0, 0, 0, 0, 0, 0, 33554867, 0, 98307, 0, 150994947, 0, 3084, 0);

INSERT INTO weenie_class (`weenieClassId`, `baseAceObjectId`)
VALUES (42849, 42849);

INSERT INTO `base_ace_object` (`baseAceObjectId`, `name`, `typeId`, `paletteId`, `ammoType`, `blipColor`, `bitField`, `burden`, `combatUse`, `cooldownDuration`, `cooldownId`, `effects`, `containersCapacity`, `header`, `hookTypeId`, `iconId`, `iconOverlayId`, `iconUnderlayId`, `hookItemTypes`, `itemsCapacity`, `location`, `materialType`, `maxStackSize`, `maxStructure`, `radar`, `pscript`, `spellId`, `stackSize`, `structure`, `targetTypeId`, `usability`, `useRadius`, `validLocations`, `value`, `workmanship`, `animationFrameId`, `defaultScript`, `defaultScriptIntensity`, `elasticity`, `friction`, `locationId`, `modelTableId`, `objectScale`, `physicsBitField`, `physicsTableId`, `motionTableId`, `soundTableId`, `physicsState`, `translucency`)
VALUES (42828, 'Portal to Neydisa Castle', 65536, 0, 0, 0, 262164, 0, 0, 0, 0, 0, 0, 8388656, 0, 100667499, 0, 0, 0, 0, 0, 0, 0, 0, 4, 0, 0, 0, 0, 0, 32, -0.1, 0, 0, 0, 0, 0, 0, 0, 0, 0, 33555926, 0, 98307, 0, 150994947, 0, 3084, 0);

INSERT INTO weenie_class (`weenieClassId`, `baseAceObjectId`)
VALUES (42828, 42828);

INSERT INTO `base_ace_object` (`baseAceObjectId`, `name`, `typeId`, `paletteId`, `ammoType`, `blipColor`, `bitField`, `burden`, `combatUse`, `cooldownDuration`, `cooldownId`, `effects`, `containersCapacity`, `header`, `hookTypeId`, `iconId`, `iconOverlayId`, `iconUnderlayId`, `hookItemTypes`, `itemsCapacity`, `location`, `materialType`, `maxStackSize`, `maxStructure`, `radar`, `pscript`, `spellId`, `stackSize`, `structure`, `targetTypeId`, `usability`, `useRadius`, `validLocations`, `value`, `workmanship`, `animationFrameId`, `defaultScript`, `defaultScriptIntensity`, `elasticity`, `friction`, `locationId`, `modelTableId`, `objectScale`, `physicsBitField`, `physicsTableId`, `motionTableId`, `soundTableId`, `physicsState`, `translucency`)
VALUES (42838, 'Portal to Linvak Tukal', 65536, 0, 0, 0, 262164, 0, 0, 0, 0, 0, 0, 8388656, 0, 100667499, 0, 0, 0, 0, 0, 0, 0, 0, 4, 0, 0, 0, 0, 0, 32, -0.1, 0, 0, 0, 0, 0, 0, 0, 0, 0, 33555926, 0, 98307, 0, 150994947, 0, 3084, 0);

INSERT INTO weenie_class (`weenieClassId`, `baseAceObjectId`)
VALUES (42838, 42838);

INSERT INTO `base_ace_object` (`baseAceObjectId`, `name`, `typeId`, `paletteId`, `ammoType`, `blipColor`, `bitField`, `burden`, `combatUse`, `cooldownDuration`, `cooldownId`, `effects`, `containersCapacity`, `header`, `hookTypeId`, `iconId`, `iconOverlayId`, `iconUnderlayId`, `hookItemTypes`, `itemsCapacity`, `location`, `materialType`, `maxStackSize`, `maxStructure`, `radar`, `pscript`, `spellId`, `stackSize`, `structure`, `targetTypeId`, `usability`, `useRadius`, `validLocations`, `value`, `workmanship`, `animationFrameId`, `defaultScript`, `defaultScriptIntensity`, `elasticity`, `friction`, `locationId`, `modelTableId`, `objectScale`, `physicsBitField`, `physicsTableId`, `motionTableId`, `soundTableId`, `physicsState`, `translucency`)
VALUES (42813, 'Portal to Dryreach', 65536, 0, 0, 0, 262164, 0, 0, 0, 0, 0, 0, 8388656, 0, 100667499, 0, 0, 0, 0, 0, 0, 0, 0, 4, 0, 0, 0, 0, 0, 32, -0.1, 0, 0, 0, 0, 0, 0, 0, 0, 0, 33555926, 0, 98307, 0, 150994947, 0, 3084, 0);

INSERT INTO weenie_class (`weenieClassId`, `baseAceObjectId`)
VALUES (42813, 42813);

INSERT INTO `base_ace_object` (`baseAceObjectId`, `name`, `typeId`, `paletteId`, `ammoType`, `blipColor`, `bitField`, `burden`, `combatUse`, `cooldownDuration`, `cooldownId`, `effects`, `containersCapacity`, `header`, `hookTypeId`, `iconId`, `iconOverlayId`, `iconUnderlayId`, `hookItemTypes`, `itemsCapacity`, `location`, `materialType`, `maxStackSize`, `maxStructure`, `radar`, `pscript`, `spellId`, `stackSize`, `structure`, `targetTypeId`, `usability`, `useRadius`, `validLocations`, `value`, `workmanship`, `animationFrameId`, `defaultScript`, `defaultScriptIntensity`, `elasticity`, `friction`, `locationId`, `modelTableId`, `objectScale`, `physicsBitField`, `physicsTableId`, `motionTableId`, `soundTableId`, `physicsState`, `translucency`)
VALUES (42814, 'Glenden Wood Portal', 65536, 0, 0, 0, 262164, 0, 0, 0, 0, 0, 0, 8388656, 0, 100667499, 0, 0, 0, 0, 0, 0, 0, 0, 4, 0, 0, 0, 0, 0, 32, -0.1, 0, 0, 0, 0, 0, 0, 0, 0, 0, 33554867, 0, 98307, 0, 150994947, 0, 3084, 0);

INSERT INTO weenie_class (`weenieClassId`, `baseAceObjectId`)
VALUES (42814, 42814);

INSERT INTO `base_ace_object` (`baseAceObjectId`, `name`, `typeId`, `paletteId`, `ammoType`, `blipColor`, `bitField`, `burden`, `combatUse`, `cooldownDuration`, `cooldownId`, `effects`, `containersCapacity`, `header`, `hookTypeId`, `iconId`, `iconOverlayId`, `iconUnderlayId`, `hookItemTypes`, `itemsCapacity`, `location`, `materialType`, `maxStackSize`, `maxStructure`, `radar`, `pscript`, `spellId`, `stackSize`, `structure`, `targetTypeId`, `usability`, `useRadius`, `validLocations`, `value`, `workmanship`, `animationFrameId`, `defaultScript`, `defaultScriptIntensity`, `elasticity`, `friction`, `locationId`, `modelTableId`, `objectScale`, `physicsBitField`, `physicsTableId`, `motionTableId`, `soundTableId`, `physicsState`, `translucency`)
VALUES (42848, 'Portal to Kara', 65536, 0, 0, 0, 262164, 0, 0, 0, 0, 0, 0, 8388656, 0, 100667499, 0, 0, 0, 0, 0, 0, 0, 0, 4, 0, 0, 0, 0, 0, 32, -0.1, 0, 0, 0, 0, 0, 0, 0, 0, 0, 33555926, 0, 98307, 0, 150994947, 0, 3084, 0);

INSERT INTO weenie_class (`weenieClassId`, `baseAceObjectId`)
VALUES (42848, 42848);

INSERT INTO `base_ace_object` (`baseAceObjectId`, `name`, `typeId`, `paletteId`, `ammoType`, `blipColor`, `bitField`, `burden`, `combatUse`, `cooldownDuration`, `cooldownId`, `effects`, `containersCapacity`, `header`, `hookTypeId`, `iconId`, `iconOverlayId`, `iconUnderlayId`, `hookItemTypes`, `itemsCapacity`, `location`, `materialType`, `maxStackSize`, `maxStructure`, `radar`, `pscript`, `spellId`, `stackSize`, `structure`, `targetTypeId`, `usability`, `useRadius`, `validLocations`, `value`, `workmanship`, `animationFrameId`, `defaultScript`, `defaultScriptIntensity`, `elasticity`, `friction`, `locationId`, `modelTableId`, `objectScale`, `physicsBitField`, `physicsTableId`, `motionTableId`, `soundTableId`, `physicsState`, `translucency`)
VALUES (42811, 'Stonehold Portal', 65536, 0, 0, 0, 262164, 0, 0, 0, 0, 0, 0, 8388656, 0, 100667499, 0, 0, 0, 0, 0, 0, 0, 0, 4, 0, 0, 0, 0, 0, 32, -0.1, 0, 0, 0, 0, 0, 0, 0, 0, 0, 33554867, 0, 98307, 0, 150994947, 0, 3084, 0);

INSERT INTO weenie_class (`weenieClassId`, `baseAceObjectId`)
VALUES (42811, 42811);

INSERT INTO `base_ace_object` (`baseAceObjectId`, `name`, `typeId`, `paletteId`, `ammoType`, `blipColor`, `bitField`, `burden`, `combatUse`, `cooldownDuration`, `cooldownId`, `effects`, `containersCapacity`, `header`, `hookTypeId`, `iconId`, `iconOverlayId`, `iconUnderlayId`, `hookItemTypes`, `itemsCapacity`, `location`, `materialType`, `maxStackSize`, `maxStructure`, `radar`, `pscript`, `spellId`, `stackSize`, `structure`, `targetTypeId`, `usability`, `useRadius`, `validLocations`, `value`, `workmanship`, `animationFrameId`, `defaultScript`, `defaultScriptIntensity`, `elasticity`, `friction`, `locationId`, `modelTableId`, `objectScale`, `physicsBitField`, `physicsTableId`, `motionTableId`, `soundTableId`, `physicsState`, `translucency`)
VALUES (43004, 'Freehold Portal', 65536, 0, 0, 0, 262164, 0, 0, 0, 0, 0, 0, 8388656, 0, 100667499, 0, 0, 0, 0, 0, 0, 0, 0, 4, 0, 0, 0, 0, 0, 32, -0.1, 0, 0, 0, 0, 0, 0, 0, 0, 0, 33554867, 0, 98307, 0, 150994947, 0, 3084, 0);

INSERT INTO weenie_class (`weenieClassId`, `baseAceObjectId`)
VALUES (43004, 43004);

INSERT INTO `base_ace_object` (`baseAceObjectId`, `name`, `typeId`, `paletteId`, `ammoType`, `blipColor`, `bitField`, `burden`, `combatUse`, `cooldownDuration`, `cooldownId`, `effects`, `containersCapacity`, `header`, `hookTypeId`, `iconId`, `iconOverlayId`, `iconUnderlayId`, `hookItemTypes`, `itemsCapacity`, `location`, `materialType`, `maxStackSize`, `maxStructure`, `radar`, `pscript`, `spellId`, `stackSize`, `structure`, `targetTypeId`, `usability`, `useRadius`, `validLocations`, `value`, `workmanship`, `animationFrameId`, `defaultScript`, `defaultScriptIntensity`, `elasticity`, `friction`, `locationId`, `modelTableId`, `objectScale`, `physicsBitField`, `physicsTableId`, `motionTableId`, `soundTableId`, `physicsState`, `translucency`)
VALUES (43001, 'Fort Tethana Portal', 65536, 0, 0, 0, 262164, 0, 0, 0, 0, 0, 0, 8388656, 0, 100667499, 0, 0, 0, 0, 0, 0, 0, 0, 4, 0, 0, 0, 0, 0, 32, -0.1, 0, 0, 0, 0, 0, 0, 0, 0, 0, 33554867, 0, 98307, 0, 150994947, 0, 3084, 0);

INSERT INTO weenie_class (`weenieClassId`, `baseAceObjectId`)
VALUES (43001, 43001);

INSERT INTO `base_ace_object` (`baseAceObjectId`, `name`, `typeId`, `paletteId`, `ammoType`, `blipColor`, `bitField`, `burden`, `combatUse`, `cooldownDuration`, `cooldownId`, `effects`, `containersCapacity`, `header`, `hookTypeId`, `iconId`, `iconOverlayId`, `iconUnderlayId`, `hookItemTypes`, `itemsCapacity`, `location`, `materialType`, `maxStackSize`, `maxStructure`, `radar`, `pscript`, `spellId`, `stackSize`, `structure`, `targetTypeId`, `usability`, `useRadius`, `validLocations`, `value`, `workmanship`, `animationFrameId`, `defaultScript`, `defaultScriptIntensity`, `elasticity`, `friction`, `locationId`, `modelTableId`, `objectScale`, `physicsBitField`, `physicsTableId`, `motionTableId`, `soundTableId`, `physicsState`, `translucency`)
VALUES (42812, 'Plateau Portal', 65536, 0, 0, 0, 262164, 0, 0, 0, 0, 0, 0, 8388656, 0, 100667499, 0, 0, 0, 0, 0, 0, 0, 0, 4, 0, 0, 0, 0, 0, 32, -0.1, 0, 0, 0, 0, 0, 0, 0, 0, 0, 33554867, 0, 98307, 0, 150994947, 0, 3084, 0);

INSERT INTO weenie_class (`weenieClassId`, `baseAceObjectId`)
VALUES (42812, 42812);

INSERT INTO `base_ace_object` (`baseAceObjectId`, `name`, `typeId`, `paletteId`, `ammoType`, `blipColor`, `bitField`, `burden`, `combatUse`, `cooldownDuration`, `cooldownId`, `effects`, `containersCapacity`, `header`, `hookTypeId`, `iconId`, `iconOverlayId`, `iconUnderlayId`, `hookItemTypes`, `itemsCapacity`, `location`, `materialType`, `maxStackSize`, `maxStructure`, `radar`, `pscript`, `spellId`, `stackSize`, `structure`, `targetTypeId`, `usability`, `useRadius`, `validLocations`, `value`, `workmanship`, `animationFrameId`, `defaultScript`, `defaultScriptIntensity`, `elasticity`, `friction`, `locationId`, `modelTableId`, `objectScale`, `physicsBitField`, `physicsTableId`, `motionTableId`, `soundTableId`, `physicsState`, `translucency`)
VALUES (42850, 'Portal to Kryst', 65536, 0, 0, 0, 262164, 0, 0, 0, 0, 0, 0, 8388656, 0, 100667499, 0, 0, 0, 0, 0, 0, 0, 0, 4, 0, 0, 0, 0, 0, 32, -0.1, 0, 0, 0, 0, 0, 0, 0, 0, 0, 33555923, 0, 98307, 0, 150994947, 0, 3084, 0);

INSERT INTO weenie_class (`weenieClassId`, `baseAceObjectId`)
VALUES (42850, 42850);

INSERT INTO `base_ace_object` (`baseAceObjectId`, `name`, `typeId`, `paletteId`, `ammoType`, `blipColor`, `bitField`, `burden`, `combatUse`, `cooldownDuration`, `cooldownId`, `effects`, `containersCapacity`, `header`, `hookTypeId`, `iconId`, `iconOverlayId`, `iconUnderlayId`, `hookItemTypes`, `itemsCapacity`, `location`, `materialType`, `maxStackSize`, `maxStructure`, `radar`, `pscript`, `spellId`, `stackSize`, `structure`, `targetTypeId`, `usability`, `useRadius`, `validLocations`, `value`, `workmanship`, `animationFrameId`, `defaultScript`, `defaultScriptIntensity`, `elasticity`, `friction`, `locationId`, `modelTableId`, `objectScale`, `physicsBitField`, `physicsTableId`, `motionTableId`, `soundTableId`, `physicsState`, `translucency`)
VALUES (42998, 'Portal to Silyun', 65536, 0, 0, 0, 262164, 0, 0, 0, 0, 0, 0, 8388656, 0, 100667499, 0, 0, 0, 0, 0, 0, 0, 0, 4, 0, 0, 0, 0, 0, 32, -0.1, 0, 0, 0, 0, 0, 0, 0, 0, 0, 33554867, 0, 98307, 0, 150994947, 0, 3084, 0);

INSERT INTO weenie_class (`weenieClassId`, `baseAceObjectId`)
VALUES (42998, 42998);

INSERT INTO `base_ace_object` (`baseAceObjectId`, `name`, `typeId`, `paletteId`, `ammoType`, `blipColor`, `bitField`, `burden`, `combatUse`, `cooldownDuration`, `cooldownId`, `effects`, `containersCapacity`, `header`, `hookTypeId`, `iconId`, `iconOverlayId`, `iconUnderlayId`, `hookItemTypes`, `itemsCapacity`, `location`, `materialType`, `maxStackSize`, `maxStructure`, `radar`, `pscript`, `spellId`, `stackSize`, `structure`, `targetTypeId`, `usability`, `useRadius`, `validLocations`, `value`, `workmanship`, `animationFrameId`, `defaultScript`, `defaultScriptIntensity`, `elasticity`, `friction`, `locationId`, `modelTableId`, `objectScale`, `physicsBitField`, `physicsTableId`, `motionTableId`, `soundTableId`, `physicsState`, `translucency`)
VALUES (43003, 'Danby''s Outpost', 65536, 0, 0, 0, 262164, 0, 0, 0, 0, 0, 0, 8388656, 0, 100667499, 0, 0, 0, 0, 0, 0, 0, 0, 4, 0, 0, 0, 0, 0, 32, -0.1, 0, 0, 0, 0, 0, 0, 0, 0, 0, 33554867, 0, 98307, 0, 150994947, 0, 3084, 0);

INSERT INTO weenie_class (`weenieClassId`, `baseAceObjectId`)
VALUES (43003, 43003);

INSERT INTO `base_ace_object` (`baseAceObjectId`, `name`, `typeId`, `paletteId`, `ammoType`, `blipColor`, `bitField`, `burden`, `combatUse`, `cooldownDuration`, `cooldownId`, `effects`, `containersCapacity`, `header`, `hookTypeId`, `iconId`, `iconOverlayId`, `iconUnderlayId`, `hookItemTypes`, `itemsCapacity`, `location`, `materialType`, `maxStackSize`, `maxStructure`, `radar`, `pscript`, `spellId`, `stackSize`, `structure`, `targetTypeId`, `usability`, `useRadius`, `validLocations`, `value`, `workmanship`, `animationFrameId`, `defaultScript`, `defaultScriptIntensity`, `elasticity`, `friction`, `locationId`, `modelTableId`, `objectScale`, `physicsBitField`, `physicsTableId`, `motionTableId`, `soundTableId`, `physicsState`, `translucency`)
VALUES (42999, 'Fiun Outpost', 65536, 0, 0, 0, 262164, 0, 0, 0, 0, 0, 0, 8388656, 0, 100667499, 0, 0, 0, 0, 0, 0, 0, 0, 4, 0, 0, 0, 0, 0, 32, -0.1, 0, 0, 0, 0, 0, 0, 0, 0, 0, 33555924, 0, 98307, 0, 150994947, 0, 3084, 0);

INSERT INTO weenie_class (`weenieClassId`, `baseAceObjectId`)
VALUES (42999, 42999);

INSERT INTO `base_ace_object` (`baseAceObjectId`, `name`, `typeId`, `paletteId`, `ammoType`, `blipColor`, `bitField`, `burden`, `combatUse`, `cooldownDuration`, `cooldownId`, `effects`, `containersCapacity`, `header`, `hookTypeId`, `iconId`, `iconOverlayId`, `iconUnderlayId`, `hookItemTypes`, `itemsCapacity`, `location`, `materialType`, `maxStackSize`, `maxStructure`, `radar`, `pscript`, `spellId`, `stackSize`, `structure`, `targetTypeId`, `usability`, `useRadius`, `validLocations`, `value`, `workmanship`, `animationFrameId`, `defaultScript`, `defaultScriptIntensity`, `elasticity`, `friction`, `locationId`, `modelTableId`, `objectScale`, `physicsBitField`, `physicsTableId`, `motionTableId`, `soundTableId`, `physicsState`, `translucency`)
VALUES (42839, 'Portal to Eastwatch', 65536, 0, 0, 0, 262164, 0, 0, 0, 0, 0, 0, 8388656, 0, 100667499, 0, 0, 0, 0, 0, 0, 0, 0, 4, 0, 0, 0, 0, 0, 32, -0.1, 0, 0, 0, 0, 0, 0, 0, 0, 0, 33555925, 0, 98307, 0, 150994947, 0, 3084, 0);

INSERT INTO weenie_class (`weenieClassId`, `baseAceObjectId`)
VALUES (42839, 42839);

INSERT INTO `base_ace_object` (`baseAceObjectId`, `name`, `typeId`, `paletteId`, `ammoType`, `blipColor`, `bitField`, `burden`, `combatUse`, `cooldownDuration`, `cooldownId`, `effects`, `containersCapacity`, `header`, `hookTypeId`, `iconId`, `iconOverlayId`, `iconUnderlayId`, `hookItemTypes`, `itemsCapacity`, `location`, `materialType`, `maxStackSize`, `maxStructure`, `radar`, `pscript`, `spellId`, `stackSize`, `structure`, `targetTypeId`, `usability`, `useRadius`, `validLocations`, `value`, `workmanship`, `animationFrameId`, `defaultScript`, `defaultScriptIntensity`, `elasticity`, `friction`, `locationId`, `modelTableId`, `objectScale`, `physicsBitField`, `physicsTableId`, `motionTableId`, `soundTableId`, `physicsState`, `translucency`)
VALUES (43002, 'Oolutanga''s Refuge', 65536, 0, 0, 0, 262164, 0, 0, 0, 0, 0, 0, 8388656, 0, 100667499, 0, 0, 0, 0, 0, 0, 0, 0, 4, 0, 0, 0, 0, 0, 32, -0.1, 0, 0, 0, 0, 0, 0, 0, 0, 0, 33554867, 0.8, 98435, 0, 150994947, 0, 3084, 0);

INSERT INTO weenie_class (`weenieClassId`, `baseAceObjectId`)
VALUES (43002, 43002);

INSERT INTO `base_ace_object` (`baseAceObjectId`, `name`, `typeId`, `paletteId`, `ammoType`, `blipColor`, `bitField`, `burden`, `combatUse`, `cooldownDuration`, `cooldownId`, `effects`, `containersCapacity`, `header`, `hookTypeId`, `iconId`, `iconOverlayId`, `iconUnderlayId`, `hookItemTypes`, `itemsCapacity`, `location`, `materialType`, `maxStackSize`, `maxStructure`, `radar`, `pscript`, `spellId`, `stackSize`, `structure`, `targetTypeId`, `usability`, `useRadius`, `validLocations`, `value`, `workmanship`, `animationFrameId`, `defaultScript`, `defaultScriptIntensity`, `elasticity`, `friction`, `locationId`, `modelTableId`, `objectScale`, `physicsBitField`, `physicsTableId`, `motionTableId`, `soundTableId`, `physicsState`, `translucency`)
VALUES (43000, 'Base of the Timaru Plateau Portal', 65536, 0, 0, 0, 262164, 0, 0, 0, 0, 0, 0, 8388656, 0, 100667499, 0, 0, 0, 0, 0, 0, 0, 0, 4, 0, 0, 0, 0, 0, 32, -0.1, 0, 0, 0, 0, 0, 0, 0, 0, 0, 33554867, 0, 98307, 0, 150994947, 0, 3084, 0);

INSERT INTO weenie_class (`weenieClassId`, `baseAceObjectId`)
VALUES (43000, 43000);

INSERT INTO `base_ace_object` (`baseAceObjectId`, `name`, `typeId`, `paletteId`, `ammoType`, `blipColor`, `bitField`, `burden`, `combatUse`, `cooldownDuration`, `cooldownId`, `effects`, `containersCapacity`, `header`, `hookTypeId`, `iconId`, `iconOverlayId`, `iconUnderlayId`, `hookItemTypes`, `itemsCapacity`, `location`, `materialType`, `maxStackSize`, `maxStructure`, `radar`, `pscript`, `spellId`, `stackSize`, `structure`, `targetTypeId`, `usability`, `useRadius`, `validLocations`, `value`, `workmanship`, `animationFrameId`, `defaultScript`, `defaultScriptIntensity`, `elasticity`, `friction`, `locationId`, `modelTableId`, `objectScale`, `physicsBitField`, `physicsTableId`, `motionTableId`, `soundTableId`, `physicsState`, `translucency`)
VALUES (6090, 'Arwic Meeting Hall Portal', 65536, 0, 0, 0, 262164, 0, 0, 0, 0, 0, 0, 8388656, 0, 100667499, 0, 0, 0, 0, 0, 0, 0, 0, 4, 0, 0, 0, 0, 0, 32, -0.1, 0, 0, 0, 0, 0, 0, 0, 0, 0, 33554867, 0, 98307, 0, 150994947, 0, 3084, 0);

INSERT INTO weenie_class (`weenieClassId`, `baseAceObjectId`)
VALUES (6090, 6090);

INSERT INTO `base_ace_object` (`baseAceObjectId`, `name`, `typeId`, `paletteId`, `ammoType`, `blipColor`, `bitField`, `burden`, `combatUse`, `cooldownDuration`, `cooldownId`, `effects`, `containersCapacity`, `header`, `hookTypeId`, `iconId`, `iconOverlayId`, `iconUnderlayId`, `hookItemTypes`, `itemsCapacity`, `location`, `materialType`, `maxStackSize`, `maxStructure`, `radar`, `pscript`, `spellId`, `stackSize`, `structure`, `targetTypeId`, `usability`, `useRadius`, `validLocations`, `value`, `workmanship`, `animationFrameId`, `defaultScript`, `defaultScriptIntensity`, `elasticity`, `friction`, `locationId`, `modelTableId`, `objectScale`, `physicsBitField`, `physicsTableId`, `motionTableId`, `soundTableId`, `physicsState`, `translucency`)
VALUES (43065, 'Portal to Town Network', 65536, 0, 0, 0, 262164, 0, 0, 0, 0, 0, 0, 8388656, 0, 100667499, 0, 0, 0, 0, 0, 0, 0, 0, 4, 0, 0, 0, 0, 0, 32, -0.1, 0, 0, 0, 0, 0, 0, 0, 0, 0, 33554867, 0, 98307, 0, 150994947, 0, 3084, 0);

INSERT INTO weenie_class (`weenieClassId`, `baseAceObjectId`)
VALUES (43065, 43065);

INSERT INTO `base_ace_object` (`baseAceObjectId`, `name`, `typeId`, `paletteId`, `ammoType`, `blipColor`, `bitField`, `burden`, `combatUse`, `cooldownDuration`, `cooldownId`, `effects`, `containersCapacity`, `header`, `hookTypeId`, `iconId`, `iconOverlayId`, `iconUnderlayId`, `hookItemTypes`, `itemsCapacity`, `location`, `materialType`, `maxStackSize`, `maxStructure`, `radar`, `pscript`, `spellId`, `stackSize`, `structure`, `targetTypeId`, `usability`, `useRadius`, `validLocations`, `value`, `workmanship`, `animationFrameId`, `defaultScript`, `defaultScriptIntensity`, `elasticity`, `friction`, `locationId`, `modelTableId`, `objectScale`, `physicsBitField`, `physicsTableId`, `motionTableId`, `soundTableId`, `physicsState`, `translucency`)
VALUES (1088, 'Arwic Mines Portal', 65536, 0, 0, 0, 262164, 0, 0, 0, 0, 0, 0, 8388656, 0, 100667499, 0, 0, 0, 0, 0, 0, 0, 0, 4, 0, 0, 0, 0, 0, 32, -0.1, 0, 0, 0, 0, 0, 0, 0, 0, 0, 33554867, 0, 98307, 0, 150994947, 0, 3084, 0);

INSERT INTO weenie_class (`weenieClassId`, `baseAceObjectId`)
VALUES (1088, 1088);

INSERT INTO `base_ace_object` (`baseAceObjectId`, `name`, `typeId`, `paletteId`, `ammoType`, `blipColor`, `bitField`, `burden`, `combatUse`, `cooldownDuration`, `cooldownId`, `effects`, `containersCapacity`, `header`, `hookTypeId`, `iconId`, `iconOverlayId`, `iconUnderlayId`, `hookItemTypes`, `itemsCapacity`, `location`, `materialType`, `maxStackSize`, `maxStructure`, `radar`, `pscript`, `spellId`, `stackSize`, `structure`, `targetTypeId`, `usability`, `useRadius`, `validLocations`, `value`, `workmanship`, `animationFrameId`, `defaultScript`, `defaultScriptIntensity`, `elasticity`, `friction`, `locationId`, `modelTableId`, `objectScale`, `physicsBitField`, `physicsTableId`, `motionTableId`, `soundTableId`, `physicsState`, `translucency`)
VALUES (4568, 'Destroyed Portal to Tou-Tou', 65536, 0, 0, 0, 262164, 0, 0, 0, 0, 0, 0, 48, 0, 100667499, 0, 0, 0, 0, 0, 0, 0, 0, 0, 0, 0, 0, 0, 0, 1, -0.1, 0, 0, 0, 0, 0, 0, 0, 0, 0, 33561060, 0, 98307, 0, 150995314, 0, 3092, 0);

INSERT INTO weenie_class (`weenieClassId`, `baseAceObjectId`)
VALUES (4568, 4568);

INSERT INTO `base_ace_object` (`baseAceObjectId`, `name`, `typeId`, `paletteId`, `ammoType`, `blipColor`, `bitField`, `burden`, `combatUse`, `cooldownDuration`, `cooldownId`, `effects`, `containersCapacity`, `header`, `hookTypeId`, `iconId`, `iconOverlayId`, `iconUnderlayId`, `hookItemTypes`, `itemsCapacity`, `location`, `materialType`, `maxStackSize`, `maxStructure`, `radar`, `pscript`, `spellId`, `stackSize`, `structure`, `targetTypeId`, `usability`, `useRadius`, `validLocations`, `value`, `workmanship`, `animationFrameId`, `defaultScript`, `defaultScriptIntensity`, `elasticity`, `friction`, `locationId`, `modelTableId`, `objectScale`, `physicsBitField`, `physicsTableId`, `motionTableId`, `soundTableId`, `physicsState`, `translucency`)
VALUES (43569, 'Olthoi Tunnel', 65536, 67109370, 0, 0, 262164, 0, 0, 0, 0, 0, 0, 8388656, 0, 100667499, 0, 0, 0, 0, 0, 0, 0, 0, 4, 0, 0, 0, 0, 0, 32, -0.1, 0, 0, 0, 0, 0, 0, 0, 0, 0, 33554867, 0, 98307, 0, 150994947, 0, 3084, 0);

INSERT INTO weenie_class (`weenieClassId`, `baseAceObjectId`)
VALUES (43569, 43569);

INSERT INTO `weenie_palette_changes` (`weenieClassId`, `subPaletteId`, `offset`, `length`)
VALUES (43569, 67111849, 8, 2040);

INSERT INTO `base_ace_object` (`baseAceObjectId`, `name`, `typeId`, `paletteId`, `ammoType`, `blipColor`, `bitField`, `burden`, `combatUse`, `cooldownDuration`, `cooldownId`, `effects`, `containersCapacity`, `header`, `hookTypeId`, `iconId`, `iconOverlayId`, `iconUnderlayId`, `hookItemTypes`, `itemsCapacity`, `location`, `materialType`, `maxStackSize`, `maxStructure`, `radar`, `pscript`, `spellId`, `stackSize`, `structure`, `targetTypeId`, `usability`, `useRadius`, `validLocations`, `value`, `workmanship`, `animationFrameId`, `defaultScript`, `defaultScriptIntensity`, `elasticity`, `friction`, `locationId`, `modelTableId`, `objectScale`, `physicsBitField`, `physicsTableId`, `motionTableId`, `soundTableId`, `physicsState`, `translucency`)
VALUES (1307, 'Glenden Wood Dungeon', 65536, 0, 0, 0, 262164, 0, 0, 0, 0, 0, 0, 8388656, 0, 100667499, 0, 0, 0, 0, 0, 0, 0, 0, 4, 0, 0, 0, 0, 0, 32, -0.1, 0, 0, 0, 0, 0, 0, 0, 0, 0, 33555922, 0, 98307, 0, 150994947, 0, 3084, 0);

INSERT INTO weenie_class (`weenieClassId`, `baseAceObjectId`)
VALUES (1307, 1307);

INSERT INTO `base_ace_object` (`baseAceObjectId`, `name`, `typeId`, `paletteId`, `ammoType`, `blipColor`, `bitField`, `burden`, `combatUse`, `cooldownDuration`, `cooldownId`, `effects`, `containersCapacity`, `header`, `hookTypeId`, `iconId`, `iconOverlayId`, `iconUnderlayId`, `hookItemTypes`, `itemsCapacity`, `location`, `materialType`, `maxStackSize`, `maxStructure`, `radar`, `pscript`, `spellId`, `stackSize`, `structure`, `targetTypeId`, `usability`, `useRadius`, `validLocations`, `value`, `workmanship`, `animationFrameId`, `defaultScript`, `defaultScriptIntensity`, `elasticity`, `friction`, `locationId`, `modelTableId`, `objectScale`, `physicsBitField`, `physicsTableId`, `motionTableId`, `soundTableId`, `physicsState`, `translucency`)
VALUES (19718, 'Effigy Foundry Portal', 65536, 0, 0, 0, 262164, 0, 0, 0, 0, 0, 0, 8388656, 0, 100667499, 0, 0, 0, 0, 0, 0, 0, 0, 4, 0, 0, 0, 0, 0, 32, -0.1, 0, 0, 0, 0, 0, 0, 0, 0, 0, 33554867, 0, 98307, 0, 150994947, 0, 3084, 0);

INSERT INTO weenie_class (`weenieClassId`, `baseAceObjectId`)
VALUES (19718, 19718);

INSERT INTO `base_ace_object` (`baseAceObjectId`, `name`, `typeId`, `paletteId`, `ammoType`, `blipColor`, `bitField`, `burden`, `combatUse`, `cooldownDuration`, `cooldownId`, `effects`, `containersCapacity`, `header`, `hookTypeId`, `iconId`, `iconOverlayId`, `iconUnderlayId`, `hookItemTypes`, `itemsCapacity`, `location`, `materialType`, `maxStackSize`, `maxStructure`, `radar`, `pscript`, `spellId`, `stackSize`, `structure`, `targetTypeId`, `usability`, `useRadius`, `validLocations`, `value`, `workmanship`, `animationFrameId`, `defaultScript`, `defaultScriptIntensity`, `elasticity`, `friction`, `locationId`, `modelTableId`, `objectScale`, `physicsBitField`, `physicsTableId`, `motionTableId`, `soundTableId`, `physicsState`, `translucency`)
VALUES (6094, 'Glenden Wood Meeting Hall Portal', 65536, 0, 0, 0, 262164, 0, 0, 0, 0, 0, 0, 8388656, 0, 100667499, 0, 0, 0, 0, 0, 0, 0, 0, 4, 0, 0, 0, 0, 0, 32, -0.1, 0, 0, 0, 0, 0, 0, 0, 0, 0, 33554867, 0, 98307, 0, 150994947, 0, 3084, 0);

INSERT INTO weenie_class (`weenieClassId`, `baseAceObjectId`)
VALUES (6094, 6094);

INSERT INTO `base_ace_object` (`baseAceObjectId`, `name`, `typeId`, `paletteId`, `ammoType`, `blipColor`, `bitField`, `burden`, `combatUse`, `cooldownDuration`, `cooldownId`, `effects`, `containersCapacity`, `header`, `hookTypeId`, `iconId`, `iconOverlayId`, `iconUnderlayId`, `hookItemTypes`, `itemsCapacity`, `location`, `materialType`, `maxStackSize`, `maxStructure`, `radar`, `pscript`, `spellId`, `stackSize`, `structure`, `targetTypeId`, `usability`, `useRadius`, `validLocations`, `value`, `workmanship`, `animationFrameId`, `defaultScript`, `defaultScriptIntensity`, `elasticity`, `friction`, `locationId`, `modelTableId`, `objectScale`, `physicsBitField`, `physicsTableId`, `motionTableId`, `soundTableId`, `physicsState`, `translucency`)
VALUES (19358, 'Atrium Residential Halls Portal', 65536, 0, 0, 0, 262164, 0, 0, 0, 0, 0, 0, 8388656, 0, 100667499, 0, 0, 0, 0, 0, 0, 0, 0, 4, 0, 0, 0, 0, 0, 32, -0.1, 0, 0, 0, 0, 0, 0, 0, 0, 0, 33554867, 0, 98307, 0, 150994947, 0, 3084, 0);

INSERT INTO weenie_class (`weenieClassId`, `baseAceObjectId`)
VALUES (19358, 19358);

INSERT INTO `base_ace_object` (`baseAceObjectId`, `name`, `typeId`, `paletteId`, `ammoType`, `blipColor`, `bitField`, `burden`, `combatUse`, `cooldownDuration`, `cooldownId`, `effects`, `containersCapacity`, `header`, `hookTypeId`, `iconId`, `iconOverlayId`, `iconUnderlayId`, `hookItemTypes`, `itemsCapacity`, `location`, `materialType`, `maxStackSize`, `maxStructure`, `radar`, `pscript`, `spellId`, `stackSize`, `structure`, `targetTypeId`, `usability`, `useRadius`, `validLocations`, `value`, `workmanship`, `animationFrameId`, `defaultScript`, `defaultScriptIntensity`, `elasticity`, `friction`, `locationId`, `modelTableId`, `objectScale`, `physicsBitField`, `physicsTableId`, `motionTableId`, `soundTableId`, `physicsState`, `translucency`)
VALUES (13109, 'Iceea Hills Estates Portal', 65536, 0, 0, 0, 262164, 0, 0, 0, 0, 0, 0, 8388656, 0, 100667499, 0, 0, 0, 0, 0, 0, 0, 0, 4, 0, 0, 0, 0, 0, 32, -0.1, 0, 0, 0, 0, 0, 0, 0, 0, 0, 33554867, 0, 98307, 0, 150994947, 0, 3084, 0);

INSERT INTO weenie_class (`weenieClassId`, `baseAceObjectId`)
VALUES (13109, 13109);

INSERT INTO `base_ace_object` (`baseAceObjectId`, `name`, `typeId`, `paletteId`, `ammoType`, `blipColor`, `bitField`, `burden`, `combatUse`, `cooldownDuration`, `cooldownId`, `effects`, `containersCapacity`, `header`, `hookTypeId`, `iconId`, `iconOverlayId`, `iconUnderlayId`, `hookItemTypes`, `itemsCapacity`, `location`, `materialType`, `maxStackSize`, `maxStructure`, `radar`, `pscript`, `spellId`, `stackSize`, `structure`, `targetTypeId`, `usability`, `useRadius`, `validLocations`, `value`, `workmanship`, `animationFrameId`, `defaultScript`, `defaultScriptIntensity`, `elasticity`, `friction`, `locationId`, `modelTableId`, `objectScale`, `physicsBitField`, `physicsTableId`, `motionTableId`, `soundTableId`, `physicsState`, `translucency`)
VALUES (14290, 'West Norstead Portal', 65536, 0, 0, 0, 262164, 0, 0, 0, 0, 0, 0, 8388656, 0, 100667499, 0, 0, 0, 0, 0, 0, 0, 0, 4, 0, 0, 0, 0, 0, 32, -0.1, 0, 0, 0, 0, 0, 0, 0, 0, 0, 33554867, 0, 98307, 0, 150994947, 0, 3084, 0);

INSERT INTO weenie_class (`weenieClassId`, `baseAceObjectId`)
VALUES (14290, 14290);

INSERT INTO `base_ace_object` (`baseAceObjectId`, `name`, `typeId`, `paletteId`, `ammoType`, `blipColor`, `bitField`, `burden`, `combatUse`, `cooldownDuration`, `cooldownId`, `effects`, `containersCapacity`, `header`, `hookTypeId`, `iconId`, `iconOverlayId`, `iconUnderlayId`, `hookItemTypes`, `itemsCapacity`, `location`, `materialType`, `maxStackSize`, `maxStructure`, `radar`, `pscript`, `spellId`, `stackSize`, `structure`, `targetTypeId`, `usability`, `useRadius`, `validLocations`, `value`, `workmanship`, `animationFrameId`, `defaultScript`, `defaultScriptIntensity`, `elasticity`, `friction`, `locationId`, `modelTableId`, `objectScale`, `physicsBitField`, `physicsTableId`, `motionTableId`, `soundTableId`, `physicsState`, `translucency`)
VALUES (19138, 'Amarand Villas Portal', 65536, 0, 0, 0, 262164, 0, 0, 0, 0, 0, 0, 8388656, 0, 100667499, 0, 0, 0, 0, 0, 0, 0, 0, 4, 0, 0, 0, 0, 0, 32, -0.1, 0, 0, 0, 0, 0, 0, 0, 0, 0, 33554867, 0, 98307, 0, 150994947, 0, 3084, 0);

INSERT INTO weenie_class (`weenieClassId`, `baseAceObjectId`)
VALUES (19138, 19138);

INSERT INTO `base_ace_object` (`baseAceObjectId`, `name`, `typeId`, `paletteId`, `ammoType`, `blipColor`, `bitField`, `burden`, `combatUse`, `cooldownDuration`, `cooldownId`, `effects`, `containersCapacity`, `header`, `hookTypeId`, `iconId`, `iconOverlayId`, `iconUnderlayId`, `hookItemTypes`, `itemsCapacity`, `location`, `materialType`, `maxStackSize`, `maxStructure`, `radar`, `pscript`, `spellId`, `stackSize`, `structure`, `targetTypeId`, `usability`, `useRadius`, `validLocations`, `value`, `workmanship`, `animationFrameId`, `defaultScript`, `defaultScriptIntensity`, `elasticity`, `friction`, `locationId`, `modelTableId`, `objectScale`, `physicsBitField`, `physicsTableId`, `motionTableId`, `soundTableId`, `physicsState`, `translucency`)
VALUES (15160, 'Howling Wolf Villas Portal', 65536, 0, 0, 0, 262164, 0, 0, 0, 0, 0, 0, 8388656, 0, 100667499, 0, 0, 0, 0, 0, 0, 0, 0, 4, 0, 0, 0, 0, 0, 32, -0.1, 0, 0, 0, 0, 0, 0, 0, 0, 0, 33554867, 0, 98307, 0, 150994947, 0, 3084, 0);

INSERT INTO weenie_class (`weenieClassId`, `baseAceObjectId`)
VALUES (15160, 15160);

INSERT INTO `base_ace_object` (`baseAceObjectId`, `name`, `typeId`, `paletteId`, `ammoType`, `blipColor`, `bitField`, `burden`, `combatUse`, `cooldownDuration`, `cooldownId`, `effects`, `containersCapacity`, `header`, `hookTypeId`, `iconId`, `iconOverlayId`, `iconUnderlayId`, `hookItemTypes`, `itemsCapacity`, `location`, `materialType`, `maxStackSize`, `maxStructure`, `radar`, `pscript`, `spellId`, `stackSize`, `structure`, `targetTypeId`, `usability`, `useRadius`, `validLocations`, `value`, `workmanship`, `animationFrameId`, `defaultScript`, `defaultScriptIntensity`, `elasticity`, `friction`, `locationId`, `modelTableId`, `objectScale`, `physicsBitField`, `physicsTableId`, `motionTableId`, `soundTableId`, `physicsState`, `translucency`)
VALUES (12571, 'Zabool Overlook Settlement Portal', 65536, 0, 0, 0, 262164, 0, 0, 0, 0, 0, 0, 8388656, 0, 100667499, 0, 0, 0, 0, 0, 0, 0, 0, 4, 0, 0, 0, 0, 0, 32, -0.1, 0, 0, 0, 0, 0, 0, 0, 0, 0, 33554867, 0, 98307, 0, 150994947, 0, 3084, 0);

INSERT INTO weenie_class (`weenieClassId`, `baseAceObjectId`)
VALUES (12571, 12571);

INSERT INTO `base_ace_object` (`baseAceObjectId`, `name`, `typeId`, `paletteId`, `ammoType`, `blipColor`, `bitField`, `burden`, `combatUse`, `cooldownDuration`, `cooldownId`, `effects`, `containersCapacity`, `header`, `hookTypeId`, `iconId`, `iconOverlayId`, `iconUnderlayId`, `hookItemTypes`, `itemsCapacity`, `location`, `materialType`, `maxStackSize`, `maxStructure`, `radar`, `pscript`, `spellId`, `stackSize`, `structure`, `targetTypeId`, `usability`, `useRadius`, `validLocations`, `value`, `workmanship`, `animationFrameId`, `defaultScript`, `defaultScriptIntensity`, `elasticity`, `friction`, `locationId`, `modelTableId`, `objectScale`, `physicsBitField`, `physicsTableId`, `motionTableId`, `soundTableId`, `physicsState`, `translucency`)
VALUES (12502, 'Glenden Hills North Settlement Portal', 65536, 0, 0, 0, 262164, 0, 0, 0, 0, 0, 0, 8388656, 0, 100667499, 0, 0, 0, 0, 0, 0, 0, 0, 4, 0, 0, 0, 0, 0, 32, -0.1, 0, 0, 0, 0, 0, 0, 0, 0, 0, 33554867, 0, 98307, 0, 150994947, 0, 3084, 0);

INSERT INTO weenie_class (`weenieClassId`, `baseAceObjectId`)
VALUES (12502, 12502);

INSERT INTO `base_ace_object` (`baseAceObjectId`, `name`, `typeId`, `paletteId`, `ammoType`, `blipColor`, `bitField`, `burden`, `combatUse`, `cooldownDuration`, `cooldownId`, `effects`, `containersCapacity`, `header`, `hookTypeId`, `iconId`, `iconOverlayId`, `iconUnderlayId`, `hookItemTypes`, `itemsCapacity`, `location`, `materialType`, `maxStackSize`, `maxStructure`, `radar`, `pscript`, `spellId`, `stackSize`, `structure`, `targetTypeId`, `usability`, `useRadius`, `validLocations`, `value`, `workmanship`, `animationFrameId`, `defaultScript`, `defaultScriptIntensity`, `elasticity`, `friction`, `locationId`, `modelTableId`, `objectScale`, `physicsBitField`, `physicsTableId`, `motionTableId`, `soundTableId`, `physicsState`, `translucency`)
VALUES (12501, 'Glenden Hills East Settlement Portal', 65536, 0, 0, 0, 262164, 0, 0, 0, 0, 0, 0, 8388656, 0, 100667499, 0, 0, 0, 0, 0, 0, 0, 0, 4, 0, 0, 0, 0, 0, 32, -0.1, 0, 0, 0, 0, 0, 0, 0, 0, 0, 33554867, 0, 98307, 0, 150994947, 0, 3084, 0);

INSERT INTO weenie_class (`weenieClassId`, `baseAceObjectId`)
VALUES (12501, 12501);

INSERT INTO `base_ace_object` (`baseAceObjectId`, `name`, `typeId`, `paletteId`, `ammoType`, `blipColor`, `bitField`, `burden`, `combatUse`, `cooldownDuration`, `cooldownId`, `effects`, `containersCapacity`, `header`, `hookTypeId`, `iconId`, `iconOverlayId`, `iconUnderlayId`, `hookItemTypes`, `itemsCapacity`, `location`, `materialType`, `maxStackSize`, `maxStructure`, `radar`, `pscript`, `spellId`, `stackSize`, `structure`, `targetTypeId`, `usability`, `useRadius`, `validLocations`, `value`, `workmanship`, `animationFrameId`, `defaultScript`, `defaultScriptIntensity`, `elasticity`, `friction`, `locationId`, `modelTableId`, `objectScale`, `physicsBitField`, `physicsTableId`, `motionTableId`, `soundTableId`, `physicsState`, `translucency`)
VALUES (15191, 'Soltan Villas Portal', 65536, 0, 0, 0, 262164, 0, 0, 0, 0, 0, 0, 8388656, 0, 100667499, 0, 0, 0, 0, 0, 0, 0, 0, 4, 0, 0, 0, 0, 0, 32, -0.1, 0, 0, 0, 0, 0, 0, 0, 0, 0, 33554867, 0, 98307, 0, 150994947, 0, 3084, 0);

INSERT INTO weenie_class (`weenieClassId`, `baseAceObjectId`)
VALUES (15191, 15191);

INSERT INTO `base_ace_object` (`baseAceObjectId`, `name`, `typeId`, `paletteId`, `ammoType`, `blipColor`, `bitField`, `burden`, `combatUse`, `cooldownDuration`, `cooldownId`, `effects`, `containersCapacity`, `header`, `hookTypeId`, `iconId`, `iconOverlayId`, `iconUnderlayId`, `hookItemTypes`, `itemsCapacity`, `location`, `materialType`, `maxStackSize`, `maxStructure`, `radar`, `pscript`, `spellId`, `stackSize`, `structure`, `targetTypeId`, `usability`, `useRadius`, `validLocations`, `value`, `workmanship`, `animationFrameId`, `defaultScript`, `defaultScriptIntensity`, `elasticity`, `friction`, `locationId`, `modelTableId`, `objectScale`, `physicsBitField`, `physicsTableId`, `motionTableId`, `soundTableId`, `physicsState`, `translucency`)
VALUES (15158, 'Genem Causland Portal', 65536, 0, 0, 0, 262164, 0, 0, 0, 0, 0, 0, 8388656, 0, 100667499, 0, 0, 0, 0, 0, 0, 0, 0, 4, 0, 0, 0, 0, 0, 32, -0.1, 0, 0, 0, 0, 0, 0, 0, 0, 0, 33554867, 0, 98307, 0, 150994947, 0, 3084, 0);

INSERT INTO weenie_class (`weenieClassId`, `baseAceObjectId`)
VALUES (15158, 15158);

INSERT INTO `base_ace_object` (`baseAceObjectId`, `name`, `typeId`, `paletteId`, `ammoType`, `blipColor`, `bitField`, `burden`, `combatUse`, `cooldownDuration`, `cooldownId`, `effects`, `containersCapacity`, `header`, `hookTypeId`, `iconId`, `iconOverlayId`, `iconUnderlayId`, `hookItemTypes`, `itemsCapacity`, `location`, `materialType`, `maxStackSize`, `maxStructure`, `radar`, `pscript`, `spellId`, `stackSize`, `structure`, `targetTypeId`, `usability`, `useRadius`, `validLocations`, `value`, `workmanship`, `animationFrameId`, `defaultScript`, `defaultScriptIntensity`, `elasticity`, `friction`, `locationId`, `modelTableId`, `objectScale`, `physicsBitField`, `physicsTableId`, `motionTableId`, `soundTableId`, `physicsState`, `translucency`)
VALUES (14612, 'Bellig Mesa Cottages Portal', 65536, 0, 0, 0, 262164, 0, 0, 0, 0, 0, 0, 8388656, 0, 100667499, 0, 0, 0, 0, 0, 0, 0, 0, 4, 0, 0, 0, 0, 0, 32, -0.1, 0, 0, 0, 0, 0, 0, 0, 0, 0, 33554867, 0, 98307, 0, 150994947, 0, 3084, 0);

INSERT INTO weenie_class (`weenieClassId`, `baseAceObjectId`)
VALUES (14612, 14612);

INSERT INTO `base_ace_object` (`baseAceObjectId`, `name`, `typeId`, `paletteId`, `ammoType`, `blipColor`, `bitField`, `burden`, `combatUse`, `cooldownDuration`, `cooldownId`, `effects`, `containersCapacity`, `header`, `hookTypeId`, `iconId`, `iconOverlayId`, `iconUnderlayId`, `hookItemTypes`, `itemsCapacity`, `location`, `materialType`, `maxStackSize`, `maxStructure`, `radar`, `pscript`, `spellId`, `stackSize`, `structure`, `targetTypeId`, `usability`, `useRadius`, `validLocations`, `value`, `workmanship`, `animationFrameId`, `defaultScript`, `defaultScriptIntensity`, `elasticity`, `friction`, `locationId`, `modelTableId`, `objectScale`, `physicsBitField`, `physicsTableId`, `motionTableId`, `soundTableId`, `physicsState`, `translucency`)
VALUES (14652, 'Mistdweller Villas Portal', 65536, 0, 0, 0, 262164, 0, 0, 0, 0, 0, 0, 8388656, 0, 100667499, 0, 0, 0, 0, 0, 0, 0, 0, 4, 0, 0, 0, 0, 0, 32, -0.1, 0, 0, 0, 0, 0, 0, 0, 0, 0, 33554867, 0, 98307, 0, 150994947, 0, 3084, 0);

INSERT INTO weenie_class (`weenieClassId`, `baseAceObjectId`)
VALUES (14652, 14652);

INSERT INTO `base_ace_object` (`baseAceObjectId`, `name`, `typeId`, `paletteId`, `ammoType`, `blipColor`, `bitField`, `burden`, `combatUse`, `cooldownDuration`, `cooldownId`, `effects`, `containersCapacity`, `header`, `hookTypeId`, `iconId`, `iconOverlayId`, `iconUnderlayId`, `hookItemTypes`, `itemsCapacity`, `location`, `materialType`, `maxStackSize`, `maxStructure`, `radar`, `pscript`, `spellId`, `stackSize`, `structure`, `targetTypeId`, `usability`, `useRadius`, `validLocations`, `value`, `workmanship`, `animationFrameId`, `defaultScript`, `defaultScriptIntensity`, `elasticity`, `friction`, `locationId`, `modelTableId`, `objectScale`, `physicsBitField`, `physicsTableId`, `motionTableId`, `soundTableId`, `physicsState`, `translucency`)
VALUES (13108, 'Highland Manors Portal', 65536, 0, 0, 0, 262164, 0, 0, 0, 0, 0, 0, 8388656, 0, 100667499, 0, 0, 0, 0, 0, 0, 0, 0, 4, 0, 0, 0, 0, 0, 32, -0.1, 0, 0, 0, 0, 0, 0, 0, 0, 0, 33554867, 0, 98307, 0, 150994947, 0, 3084, 0);

INSERT INTO weenie_class (`weenieClassId`, `baseAceObjectId`)
VALUES (13108, 13108);

INSERT INTO `base_ace_object` (`baseAceObjectId`, `name`, `typeId`, `paletteId`, `ammoType`, `blipColor`, `bitField`, `burden`, `combatUse`, `cooldownDuration`, `cooldownId`, `effects`, `containersCapacity`, `header`, `hookTypeId`, `iconId`, `iconOverlayId`, `iconUnderlayId`, `hookItemTypes`, `itemsCapacity`, `location`, `materialType`, `maxStackSize`, `maxStructure`, `radar`, `pscript`, `spellId`, `stackSize`, `structure`, `targetTypeId`, `usability`, `useRadius`, `validLocations`, `value`, `workmanship`, `animationFrameId`, `defaultScript`, `defaultScriptIntensity`, `elasticity`, `friction`, `locationId`, `modelTableId`, `objectScale`, `physicsBitField`, `physicsTableId`, `motionTableId`, `soundTableId`, `physicsState`, `translucency`)
VALUES (12494, 'Eaves of Tiofor Settlement Portal', 65536, 0, 0, 0, 262164, 0, 0, 0, 0, 0, 0, 8388656, 0, 100667499, 0, 0, 0, 0, 0, 0, 0, 0, 4, 0, 0, 0, 0, 0, 32, -0.1, 0, 0, 0, 0, 0, 0, 0, 0, 0, 33554867, 0, 98307, 0, 150994947, 0, 3084, 0);

INSERT INTO weenie_class (`weenieClassId`, `baseAceObjectId`)
VALUES (12494, 12494);

INSERT INTO `base_ace_object` (`baseAceObjectId`, `name`, `typeId`, `paletteId`, `ammoType`, `blipColor`, `bitField`, `burden`, `combatUse`, `cooldownDuration`, `cooldownId`, `effects`, `containersCapacity`, `header`, `hookTypeId`, `iconId`, `iconOverlayId`, `iconUnderlayId`, `hookItemTypes`, `itemsCapacity`, `location`, `materialType`, `maxStackSize`, `maxStructure`, `radar`, `pscript`, `spellId`, `stackSize`, `structure`, `targetTypeId`, `usability`, `useRadius`, `validLocations`, `value`, `workmanship`, `animationFrameId`, `defaultScript`, `defaultScriptIntensity`, `elasticity`, `friction`, `locationId`, `modelTableId`, `objectScale`, `physicsBitField`, `physicsTableId`, `motionTableId`, `soundTableId`, `physicsState`, `translucency`)
VALUES (12524, 'Mountain Ridge Abodes Portal', 65536, 0, 0, 0, 262164, 0, 0, 0, 0, 0, 0, 8388656, 0, 100667499, 0, 0, 0, 0, 0, 0, 0, 0, 4, 0, 0, 0, 0, 0, 32, -0.1, 0, 0, 0, 0, 0, 0, 0, 0, 0, 33554867, 0, 98307, 0, 150994947, 0, 3084, 0);

INSERT INTO weenie_class (`weenieClassId`, `baseAceObjectId`)
VALUES (12524, 12524);

INSERT INTO `base_ace_object` (`baseAceObjectId`, `name`, `typeId`, `paletteId`, `ammoType`, `blipColor`, `bitField`, `burden`, `combatUse`, `cooldownDuration`, `cooldownId`, `effects`, `containersCapacity`, `header`, `hookTypeId`, `iconId`, `iconOverlayId`, `iconUnderlayId`, `hookItemTypes`, `itemsCapacity`, `location`, `materialType`, `maxStackSize`, `maxStructure`, `radar`, `pscript`, `spellId`, `stackSize`, `structure`, `targetTypeId`, `usability`, `useRadius`, `validLocations`, `value`, `workmanship`, `animationFrameId`, `defaultScript`, `defaultScriptIntensity`, `elasticity`, `friction`, `locationId`, `modelTableId`, `objectScale`, `physicsBitField`, `physicsTableId`, `motionTableId`, `soundTableId`, `physicsState`, `translucency`)
VALUES (12564, 'Whispering Pines Cottages Portal', 65536, 0, 0, 0, 262164, 0, 0, 0, 0, 0, 0, 8388656, 0, 100667499, 0, 0, 0, 0, 0, 0, 0, 0, 4, 0, 0, 0, 0, 0, 32, -0.1, 0, 0, 0, 0, 0, 0, 0, 0, 0, 33554867, 0, 98307, 0, 150994947, 0, 3084, 0);

INSERT INTO weenie_class (`weenieClassId`, `baseAceObjectId`)
VALUES (12564, 12564);

INSERT INTO `base_ace_object` (`baseAceObjectId`, `name`, `typeId`, `paletteId`, `ammoType`, `blipColor`, `bitField`, `burden`, `combatUse`, `cooldownDuration`, `cooldownId`, `effects`, `containersCapacity`, `header`, `hookTypeId`, `iconId`, `iconOverlayId`, `iconUnderlayId`, `hookItemTypes`, `itemsCapacity`, `location`, `materialType`, `maxStackSize`, `maxStructure`, `radar`, `pscript`, `spellId`, `stackSize`, `structure`, `targetTypeId`, `usability`, `useRadius`, `validLocations`, `value`, `workmanship`, `animationFrameId`, `defaultScript`, `defaultScriptIntensity`, `elasticity`, `friction`, `locationId`, `modelTableId`, `objectScale`, `physicsBitField`, `physicsTableId`, `motionTableId`, `soundTableId`, `physicsState`, `translucency`)
VALUES (19151, 'Lanadryll Cottages Portal', 65536, 0, 0, 0, 262164, 0, 0, 0, 0, 0, 0, 8388656, 0, 100667499, 0, 0, 0, 0, 0, 0, 0, 0, 4, 0, 0, 0, 0, 0, 32, -0.1, 0, 0, 0, 0, 0, 0, 0, 0, 0, 33554867, 0, 98307, 0, 150994947, 0, 3084, 0);

INSERT INTO weenie_class (`weenieClassId`, `baseAceObjectId`)
VALUES (19151, 19151);

INSERT INTO `base_ace_object` (`baseAceObjectId`, `name`, `typeId`, `paletteId`, `ammoType`, `blipColor`, `bitField`, `burden`, `combatUse`, `cooldownDuration`, `cooldownId`, `effects`, `containersCapacity`, `header`, `hookTypeId`, `iconId`, `iconOverlayId`, `iconUnderlayId`, `hookItemTypes`, `itemsCapacity`, `location`, `materialType`, `maxStackSize`, `maxStructure`, `radar`, `pscript`, `spellId`, `stackSize`, `structure`, `targetTypeId`, `usability`, `useRadius`, `validLocations`, `value`, `workmanship`, `animationFrameId`, `defaultScript`, `defaultScriptIntensity`, `elasticity`, `friction`, `locationId`, `modelTableId`, `objectScale`, `physicsBitField`, `physicsTableId`, `motionTableId`, `soundTableId`, `physicsState`, `translucency`)
VALUES (14657, 'Pine Hillock Settlement Portal', 65536, 0, 0, 0, 262164, 0, 0, 0, 0, 0, 0, 8388656, 0, 100667499, 0, 0, 0, 0, 0, 0, 0, 0, 4, 0, 0, 0, 0, 0, 32, -0.1, 0, 0, 0, 0, 0, 0, 0, 0, 0, 33554867, 0, 98307, 0, 150994947, 0, 3084, 0);

INSERT INTO weenie_class (`weenieClassId`, `baseAceObjectId`)
VALUES (14657, 14657);

INSERT INTO `base_ace_object` (`baseAceObjectId`, `name`, `typeId`, `paletteId`, `ammoType`, `blipColor`, `bitField`, `burden`, `combatUse`, `cooldownDuration`, `cooldownId`, `effects`, `containersCapacity`, `header`, `hookTypeId`, `iconId`, `iconOverlayId`, `iconUnderlayId`, `hookItemTypes`, `itemsCapacity`, `location`, `materialType`, `maxStackSize`, `maxStructure`, `radar`, `pscript`, `spellId`, `stackSize`, `structure`, `targetTypeId`, `usability`, `useRadius`, `validLocations`, `value`, `workmanship`, `animationFrameId`, `defaultScript`, `defaultScriptIntensity`, `elasticity`, `friction`, `locationId`, `modelTableId`, `objectScale`, `physicsBitField`, `physicsTableId`, `motionTableId`, `soundTableId`, `physicsState`, `translucency`)
VALUES (13131, 'Auroch Pasture Estates Portal', 65536, 0, 0, 0, 262164, 0, 0, 0, 0, 0, 0, 8388656, 0, 100667499, 0, 0, 0, 0, 0, 0, 0, 0, 4, 0, 0, 0, 0, 0, 32, -0.1, 0, 0, 0, 0, 0, 0, 0, 0, 0, 33554867, 0, 98307, 0, 150994947, 0, 3084, 0);

INSERT INTO weenie_class (`weenieClassId`, `baseAceObjectId`)
VALUES (13131, 13131);

INSERT INTO `base_ace_object` (`baseAceObjectId`, `name`, `typeId`, `paletteId`, `ammoType`, `blipColor`, `bitField`, `burden`, `combatUse`, `cooldownDuration`, `cooldownId`, `effects`, `containersCapacity`, `header`, `hookTypeId`, `iconId`, `iconOverlayId`, `iconUnderlayId`, `hookItemTypes`, `itemsCapacity`, `location`, `materialType`, `maxStackSize`, `maxStructure`, `radar`, `pscript`, `spellId`, `stackSize`, `structure`, `targetTypeId`, `usability`, `useRadius`, `validLocations`, `value`, `workmanship`, `animationFrameId`, `defaultScript`, `defaultScriptIntensity`, `elasticity`, `friction`, `locationId`, `modelTableId`, `objectScale`, `physicsBitField`, `physicsTableId`, `motionTableId`, `soundTableId`, `physicsState`, `translucency`)
VALUES (14660, 'Redrock Cottages Portal', 65536, 0, 0, 0, 262164, 0, 0, 0, 0, 0, 0, 8388656, 0, 100667499, 0, 0, 0, 0, 0, 0, 0, 0, 4, 0, 0, 0, 0, 0, 32, -0.1, 0, 0, 0, 0, 0, 0, 0, 0, 0, 33554867, 0, 98307, 0, 150994947, 0, 3084, 0);

INSERT INTO weenie_class (`weenieClassId`, `baseAceObjectId`)
VALUES (14660, 14660);

INSERT INTO `base_ace_object` (`baseAceObjectId`, `name`, `typeId`, `paletteId`, `ammoType`, `blipColor`, `bitField`, `burden`, `combatUse`, `cooldownDuration`, `cooldownId`, `effects`, `containersCapacity`, `header`, `hookTypeId`, `iconId`, `iconOverlayId`, `iconUnderlayId`, `hookItemTypes`, `itemsCapacity`, `location`, `materialType`, `maxStackSize`, `maxStructure`, `radar`, `pscript`, `spellId`, `stackSize`, `structure`, `targetTypeId`, `usability`, `useRadius`, `validLocations`, `value`, `workmanship`, `animationFrameId`, `defaultScript`, `defaultScriptIntensity`, `elasticity`, `friction`, `locationId`, `modelTableId`, `objectScale`, `physicsBitField`, `physicsTableId`, `motionTableId`, `soundTableId`, `physicsState`, `translucency`)
VALUES (14632, 'Firedew Portal', 65536, 0, 0, 0, 262164, 0, 0, 0, 0, 0, 0, 8388656, 0, 100667499, 0, 0, 0, 0, 0, 0, 0, 0, 4, 0, 0, 0, 0, 0, 32, -0.1, 0, 0, 0, 0, 0, 0, 0, 0, 0, 33554867, 0, 98307, 0, 150994947, 0, 3084, 0);

INSERT INTO weenie_class (`weenieClassId`, `baseAceObjectId`)
VALUES (14632, 14632);

INSERT INTO `base_ace_object` (`baseAceObjectId`, `name`, `typeId`, `paletteId`, `ammoType`, `blipColor`, `bitField`, `burden`, `combatUse`, `cooldownDuration`, `cooldownId`, `effects`, `containersCapacity`, `header`, `hookTypeId`, `iconId`, `iconOverlayId`, `iconUnderlayId`, `hookItemTypes`, `itemsCapacity`, `location`, `materialType`, `maxStackSize`, `maxStructure`, `radar`, `pscript`, `spellId`, `stackSize`, `structure`, `targetTypeId`, `usability`, `useRadius`, `validLocations`, `value`, `workmanship`, `animationFrameId`, `defaultScript`, `defaultScriptIntensity`, `elasticity`, `friction`, `locationId`, `modelTableId`, `objectScale`, `physicsBitField`, `physicsTableId`, `motionTableId`, `soundTableId`, `physicsState`, `translucency`)
VALUES (11730, 'House Portal', 65536, 0, 0, 0, 262164, 0, 0, 0, 0, 0, 0, 41943088, 0, 100667499, 0, 0, 0, 0, 0, 0, 0, 0, 4, 0, 0, 0, 0, 0, 32, 0.75, 0, 0, 0, 0, 0, 0, 0, 0, 0, 33554867, 0, 98307, 0, 150994947, 0, 3076, 0);

INSERT INTO weenie_class (`weenieClassId`, `baseAceObjectId`)
VALUES (11730, 11730);

INSERT INTO `base_ace_object` (`baseAceObjectId`, `name`, `typeId`, `paletteId`, `ammoType`, `blipColor`, `bitField`, `burden`, `combatUse`, `cooldownDuration`, `cooldownId`, `effects`, `containersCapacity`, `header`, `hookTypeId`, `iconId`, `iconOverlayId`, `iconUnderlayId`, `hookItemTypes`, `itemsCapacity`, `location`, `materialType`, `maxStackSize`, `maxStructure`, `radar`, `pscript`, `spellId`, `stackSize`, `structure`, `targetTypeId`, `usability`, `useRadius`, `validLocations`, `value`, `workmanship`, `animationFrameId`, `defaultScript`, `defaultScriptIntensity`, `elasticity`, `friction`, `locationId`, `modelTableId`, `objectScale`, `physicsBitField`, `physicsTableId`, `motionTableId`, `soundTableId`, `physicsState`, `translucency`)
VALUES (2552, 'Crater Pathway', 65536, 0, 0, 0, 262164, 0, 0, 0, 0, 0, 0, 8388656, 0, 100667499, 0, 0, 0, 0, 0, 0, 0, 0, 4, 0, 0, 0, 0, 0, 32, -0.1, 0, 0, 0, 0, 0, 0, 0, 0, 0, 33554867, 0, 98307, 0, 150994947, 0, 3084, 0);

INSERT INTO weenie_class (`weenieClassId`, `baseAceObjectId`)
VALUES (2552, 2552);

INSERT INTO `base_ace_object` (`baseAceObjectId`, `name`, `typeId`, `paletteId`, `ammoType`, `blipColor`, `bitField`, `burden`, `combatUse`, `cooldownDuration`, `cooldownId`, `effects`, `containersCapacity`, `header`, `hookTypeId`, `iconId`, `iconOverlayId`, `iconUnderlayId`, `hookItemTypes`, `itemsCapacity`, `location`, `materialType`, `maxStackSize`, `maxStructure`, `radar`, `pscript`, `spellId`, `stackSize`, `structure`, `targetTypeId`, `usability`, `useRadius`, `validLocations`, `value`, `workmanship`, `animationFrameId`, `defaultScript`, `defaultScriptIntensity`, `elasticity`, `friction`, `locationId`, `modelTableId`, `objectScale`, `physicsBitField`, `physicsTableId`, `motionTableId`, `soundTableId`, `physicsState`, `translucency`)
VALUES (2553, 'Surface', 65536, 0, 0, 0, 262164, 0, 0, 0, 0, 0, 0, 8388656, 0, 100667499, 0, 0, 0, 0, 0, 0, 0, 0, 4, 0, 0, 0, 0, 0, 32, -0.1, 0, 0, 0, 0, 0, 0, 0, 0, 0, 33554867, 0, 98307, 0, 150994947, 0, 3084, 0);

INSERT INTO weenie_class (`weenieClassId`, `baseAceObjectId`)
VALUES (2553, 2553);

INSERT INTO `base_ace_object` (`baseAceObjectId`, `name`, `typeId`, `paletteId`, `ammoType`, `blipColor`, `bitField`, `burden`, `combatUse`, `cooldownDuration`, `cooldownId`, `effects`, `containersCapacity`, `header`, `hookTypeId`, `iconId`, `iconOverlayId`, `iconUnderlayId`, `hookItemTypes`, `itemsCapacity`, `location`, `materialType`, `maxStackSize`, `maxStructure`, `radar`, `pscript`, `spellId`, `stackSize`, `structure`, `targetTypeId`, `usability`, `useRadius`, `validLocations`, `value`, `workmanship`, `animationFrameId`, `defaultScript`, `defaultScriptIntensity`, `elasticity`, `friction`, `locationId`, `modelTableId`, `objectScale`, `physicsBitField`, `physicsTableId`, `motionTableId`, `soundTableId`, `physicsState`, `translucency`)
VALUES (2555, 'Surface', 65536, 0, 0, 0, 262164, 0, 0, 0, 0, 0, 0, 8388656, 0, 100667499, 0, 0, 0, 0, 0, 0, 0, 0, 4, 0, 0, 0, 0, 0, 32, -0.1, 0, 0, 0, 0, 0, 0, 0, 0, 0, 33554867, 0, 98307, 0, 150994947, 0, 3084, 0);

INSERT INTO weenie_class (`weenieClassId`, `baseAceObjectId`)
VALUES (2555, 2555);

INSERT INTO `base_ace_object` (`baseAceObjectId`, `name`, `typeId`, `paletteId`, `ammoType`, `blipColor`, `bitField`, `burden`, `combatUse`, `cooldownDuration`, `cooldownId`, `effects`, `containersCapacity`, `header`, `hookTypeId`, `iconId`, `iconOverlayId`, `iconUnderlayId`, `hookItemTypes`, `itemsCapacity`, `location`, `materialType`, `maxStackSize`, `maxStructure`, `radar`, `pscript`, `spellId`, `stackSize`, `structure`, `targetTypeId`, `usability`, `useRadius`, `validLocations`, `value`, `workmanship`, `animationFrameId`, `defaultScript`, `defaultScriptIntensity`, `elasticity`, `friction`, `locationId`, `modelTableId`, `objectScale`, `physicsBitField`, `physicsTableId`, `motionTableId`, `soundTableId`, `physicsState`, `translucency`)
VALUES (2554, 'Crater Pathway', 65536, 0, 0, 0, 262164, 0, 0, 0, 0, 0, 0, 8388656, 0, 100667499, 0, 0, 0, 0, 0, 0, 0, 0, 4, 0, 0, 0, 0, 0, 32, -0.1, 0, 0, 0, 0, 0, 0, 0, 0, 0, 33554867, 0, 98307, 0, 150994947, 0, 3084, 0);

INSERT INTO weenie_class (`weenieClassId`, `baseAceObjectId`)
VALUES (2554, 2554);

INSERT INTO `base_ace_object` (`baseAceObjectId`, `name`, `typeId`, `paletteId`, `ammoType`, `blipColor`, `bitField`, `burden`, `combatUse`, `cooldownDuration`, `cooldownId`, `effects`, `containersCapacity`, `header`, `hookTypeId`, `iconId`, `iconOverlayId`, `iconUnderlayId`, `hookItemTypes`, `itemsCapacity`, `location`, `materialType`, `maxStackSize`, `maxStructure`, `radar`, `pscript`, `spellId`, `stackSize`, `structure`, `targetTypeId`, `usability`, `useRadius`, `validLocations`, `value`, `workmanship`, `animationFrameId`, `defaultScript`, `defaultScriptIntensity`, `elasticity`, `friction`, `locationId`, `modelTableId`, `objectScale`, `physicsBitField`, `physicsTableId`, `motionTableId`, `soundTableId`, `physicsState`, `translucency`)
VALUES (1902, 'Hilltop', 65536, 0, 0, 0, 262164, 0, 0, 0, 0, 0, 0, 8388656, 0, 100667499, 0, 0, 0, 0, 0, 0, 0, 0, 4, 0, 0, 0, 0, 0, 32, -0.1, 0, 0, 0, 0, 0, 0, 0, 0, 0, 33554867, 0, 98307, 0, 150994947, 0, 3084, 0);

INSERT INTO weenie_class (`weenieClassId`, `baseAceObjectId`)
VALUES (1902, 1902);

INSERT INTO `base_ace_object` (`baseAceObjectId`, `name`, `typeId`, `paletteId`, `ammoType`, `blipColor`, `bitField`, `burden`, `combatUse`, `cooldownDuration`, `cooldownId`, `effects`, `containersCapacity`, `header`, `hookTypeId`, `iconId`, `iconOverlayId`, `iconUnderlayId`, `hookItemTypes`, `itemsCapacity`, `location`, `materialType`, `maxStackSize`, `maxStructure`, `radar`, `pscript`, `spellId`, `stackSize`, `structure`, `targetTypeId`, `usability`, `useRadius`, `validLocations`, `value`, `workmanship`, `animationFrameId`, `defaultScript`, `defaultScriptIntensity`, `elasticity`, `friction`, `locationId`, `modelTableId`, `objectScale`, `physicsBitField`, `physicsTableId`, `motionTableId`, `soundTableId`, `physicsState`, `translucency`)
VALUES (1907, 'Sho Roadside', 65536, 0, 0, 0, 262164, 0, 0, 0, 0, 0, 0, 8388656, 0, 100667499, 0, 0, 0, 0, 0, 0, 0, 0, 4, 0, 0, 0, 0, 0, 32, -0.1, 0, 0, 0, 0, 0, 0, 0, 0, 0, 33554867, 0, 98307, 0, 150994947, 0, 3084, 0);

INSERT INTO weenie_class (`weenieClassId`, `baseAceObjectId`)
VALUES (1907, 1907);

INSERT INTO `base_ace_object` (`baseAceObjectId`, `name`, `typeId`, `paletteId`, `ammoType`, `blipColor`, `bitField`, `burden`, `combatUse`, `cooldownDuration`, `cooldownId`, `effects`, `containersCapacity`, `header`, `hookTypeId`, `iconId`, `iconOverlayId`, `iconUnderlayId`, `hookItemTypes`, `itemsCapacity`, `location`, `materialType`, `maxStackSize`, `maxStructure`, `radar`, `pscript`, `spellId`, `stackSize`, `structure`, `targetTypeId`, `usability`, `useRadius`, `validLocations`, `value`, `workmanship`, `animationFrameId`, `defaultScript`, `defaultScriptIntensity`, `elasticity`, `friction`, `locationId`, `modelTableId`, `objectScale`, `physicsBitField`, `physicsTableId`, `motionTableId`, `soundTableId`, `physicsState`, `translucency`)
VALUES (24580, 'Tree Portal', 65536, 0, 0, 0, 262164, 0, 0, 0, 0, 0, 0, 8388656, 0, 100667499, 0, 0, 0, 0, 0, 0, 0, 0, 4, 0, 0, 0, 0, 0, 32, -0.1, 0, 0, 0, 0, 0, 0, 0, 0, 0, 33554867, 0, 98307, 0, 150994947, 0, 3084, 0);

INSERT INTO weenie_class (`weenieClassId`, `baseAceObjectId`)
VALUES (24580, 24580);

INSERT INTO `base_ace_object` (`baseAceObjectId`, `name`, `typeId`, `paletteId`, `ammoType`, `blipColor`, `bitField`, `burden`, `combatUse`, `cooldownDuration`, `cooldownId`, `effects`, `containersCapacity`, `header`, `hookTypeId`, `iconId`, `iconOverlayId`, `iconUnderlayId`, `hookItemTypes`, `itemsCapacity`, `location`, `materialType`, `maxStackSize`, `maxStructure`, `radar`, `pscript`, `spellId`, `stackSize`, `structure`, `targetTypeId`, `usability`, `useRadius`, `validLocations`, `value`, `workmanship`, `animationFrameId`, `defaultScript`, `defaultScriptIntensity`, `elasticity`, `friction`, `locationId`, `modelTableId`, `objectScale`, `physicsBitField`, `physicsTableId`, `motionTableId`, `soundTableId`, `physicsState`, `translucency`)
VALUES (24875, 'Ground Portal', 65536, 0, 0, 0, 262164, 0, 0, 0, 0, 0, 0, 8388656, 0, 100667499, 0, 0, 0, 0, 0, 0, 0, 0, 4, 0, 0, 0, 0, 0, 32, -0.1, 0, 0, 0, 0, 0, 0, 0, 0, 0, 33554867, 0, 98307, 0, 150994947, 0, 2060, 0);

INSERT INTO weenie_class (`weenieClassId`, `baseAceObjectId`)
VALUES (24875, 24875);

INSERT INTO `base_ace_object` (`baseAceObjectId`, `name`, `typeId`, `paletteId`, `ammoType`, `blipColor`, `bitField`, `burden`, `combatUse`, `cooldownDuration`, `cooldownId`, `effects`, `containersCapacity`, `header`, `hookTypeId`, `iconId`, `iconOverlayId`, `iconUnderlayId`, `hookItemTypes`, `itemsCapacity`, `location`, `materialType`, `maxStackSize`, `maxStructure`, `radar`, `pscript`, `spellId`, `stackSize`, `structure`, `targetTypeId`, `usability`, `useRadius`, `validLocations`, `value`, `workmanship`, `animationFrameId`, `defaultScript`, `defaultScriptIntensity`, `elasticity`, `friction`, `locationId`, `modelTableId`, `objectScale`, `physicsBitField`, `physicsTableId`, `motionTableId`, `soundTableId`, `physicsState`, `translucency`)
VALUES (42956, 'Trap Floor Portal', 65536, 0, 0, 0, 262292, 0, 0, 0, 0, 0, 0, 16, 0, 100668114, 0, 0, 0, 0, 0, 0, 0, 0, 0, 0, 0, 0, 0, 0, 1, 0, 0, 0, 0, 0, 0, 0, 0, 0, 0, 33555034, 2, 100483, 0, 150994977, 536871008, 67596, 0);

INSERT INTO weenie_class (`weenieClassId`, `baseAceObjectId`)
VALUES (42956, 42956);

INSERT INTO `base_ace_object` (`baseAceObjectId`, `name`, `typeId`, `paletteId`, `ammoType`, `blipColor`, `bitField`, `burden`, `combatUse`, `cooldownDuration`, `cooldownId`, `effects`, `containersCapacity`, `header`, `hookTypeId`, `iconId`, `iconOverlayId`, `iconUnderlayId`, `hookItemTypes`, `itemsCapacity`, `location`, `materialType`, `maxStackSize`, `maxStructure`, `radar`, `pscript`, `spellId`, `stackSize`, `structure`, `targetTypeId`, `usability`, `useRadius`, `validLocations`, `value`, `workmanship`, `animationFrameId`, `defaultScript`, `defaultScriptIntensity`, `elasticity`, `friction`, `locationId`, `modelTableId`, `objectScale`, `physicsBitField`, `physicsTableId`, `motionTableId`, `soundTableId`, `physicsState`, `translucency`)
VALUES (6110, 'Yanshi Meeting Hall Portal', 65536, 0, 0, 0, 262164, 0, 0, 0, 0, 0, 0, 8388656, 0, 100667499, 0, 0, 0, 0, 0, 0, 0, 0, 4, 0, 0, 0, 0, 0, 32, -0.1, 0, 0, 0, 0, 0, 0, 0, 0, 0, 33554867, 0, 98307, 0, 150994947, 0, 3084, 0);

INSERT INTO weenie_class (`weenieClassId`, `baseAceObjectId`)
VALUES (6110, 6110);

INSERT INTO `base_ace_object` (`baseAceObjectId`, `name`, `typeId`, `paletteId`, `ammoType`, `blipColor`, `bitField`, `burden`, `combatUse`, `cooldownDuration`, `cooldownId`, `effects`, `containersCapacity`, `header`, `hookTypeId`, `iconId`, `iconOverlayId`, `iconUnderlayId`, `hookItemTypes`, `itemsCapacity`, `location`, `materialType`, `maxStackSize`, `maxStructure`, `radar`, `pscript`, `spellId`, `stackSize`, `structure`, `targetTypeId`, `usability`, `useRadius`, `validLocations`, `value`, `workmanship`, `animationFrameId`, `defaultScript`, `defaultScriptIntensity`, `elasticity`, `friction`, `locationId`, `modelTableId`, `objectScale`, `physicsBitField`, `physicsTableId`, `motionTableId`, `soundTableId`, `physicsState`, `translucency`)
VALUES (43067, 'Portal to Town Network', 65536, 0, 0, 0, 262164, 0, 0, 0, 0, 0, 0, 8388656, 0, 100667499, 0, 0, 0, 0, 0, 0, 0, 0, 4, 0, 0, 0, 0, 0, 32, -0.1, 0, 0, 0, 0, 0, 0, 0, 0, 0, 33554867, 0, 98307, 0, 150994947, 0, 3084, 0);

INSERT INTO weenie_class (`weenieClassId`, `baseAceObjectId`)
VALUES (43067, 43067);

INSERT INTO `base_ace_object` (`baseAceObjectId`, `name`, `typeId`, `paletteId`, `ammoType`, `blipColor`, `bitField`, `burden`, `combatUse`, `cooldownDuration`, `cooldownId`, `effects`, `containersCapacity`, `header`, `hookTypeId`, `iconId`, `iconOverlayId`, `iconUnderlayId`, `hookItemTypes`, `itemsCapacity`, `location`, `materialType`, `maxStackSize`, `maxStructure`, `radar`, `pscript`, `spellId`, `stackSize`, `structure`, `targetTypeId`, `usability`, `useRadius`, `validLocations`, `value`, `workmanship`, `animationFrameId`, `defaultScript`, `defaultScriptIntensity`, `elasticity`, `friction`, `locationId`, `modelTableId`, `objectScale`, `physicsBitField`, `physicsTableId`, `motionTableId`, `soundTableId`, `physicsState`, `translucency`)
VALUES (12505, 'Imuth Maer Cottages Portal', 65536, 0, 0, 0, 262164, 0, 0, 0, 0, 0, 0, 8388656, 0, 100667499, 0, 0, 0, 0, 0, 0, 0, 0, 4, 0, 0, 0, 0, 0, 32, -0.1, 0, 0, 0, 0, 0, 0, 0, 0, 0, 33554867, 0, 98307, 0, 150994947, 0, 3084, 0);

INSERT INTO weenie_class (`weenieClassId`, `baseAceObjectId`)
VALUES (12505, 12505);

INSERT INTO `base_ace_object` (`baseAceObjectId`, `name`, `typeId`, `paletteId`, `ammoType`, `blipColor`, `bitField`, `burden`, `combatUse`, `cooldownDuration`, `cooldownId`, `effects`, `containersCapacity`, `header`, `hookTypeId`, `iconId`, `iconOverlayId`, `iconUnderlayId`, `hookItemTypes`, `itemsCapacity`, `location`, `materialType`, `maxStackSize`, `maxStructure`, `radar`, `pscript`, `spellId`, `stackSize`, `structure`, `targetTypeId`, `usability`, `useRadius`, `validLocations`, `value`, `workmanship`, `animationFrameId`, `defaultScript`, `defaultScriptIntensity`, `elasticity`, `friction`, `locationId`, `modelTableId`, `objectScale`, `physicsBitField`, `physicsTableId`, `motionTableId`, `soundTableId`, `physicsState`, `translucency`)
VALUES (14645, 'Li-Po Cottages Portal', 65536, 0, 0, 0, 262164, 0, 0, 0, 0, 0, 0, 8388656, 0, 100667499, 0, 0, 0, 0, 0, 0, 0, 0, 4, 0, 0, 0, 0, 0, 32, -0.1, 0, 0, 0, 0, 0, 0, 0, 0, 0, 33554867, 0, 98307, 0, 150994947, 0, 3084, 0);

INSERT INTO weenie_class (`weenieClassId`, `baseAceObjectId`)
VALUES (14645, 14645);

INSERT INTO `base_ace_object` (`baseAceObjectId`, `name`, `typeId`, `paletteId`, `ammoType`, `blipColor`, `bitField`, `burden`, `combatUse`, `cooldownDuration`, `cooldownId`, `effects`, `containersCapacity`, `header`, `hookTypeId`, `iconId`, `iconOverlayId`, `iconUnderlayId`, `hookItemTypes`, `itemsCapacity`, `location`, `materialType`, `maxStackSize`, `maxStructure`, `radar`, `pscript`, `spellId`, `stackSize`, `structure`, `targetTypeId`, `usability`, `useRadius`, `validLocations`, `value`, `workmanship`, `animationFrameId`, `defaultScript`, `defaultScriptIntensity`, `elasticity`, `friction`, `locationId`, `modelTableId`, `objectScale`, `physicsBitField`, `physicsTableId`, `motionTableId`, `soundTableId`, `physicsState`, `translucency`)
VALUES (15668, 'Blazing Wand Villas Portal', 65536, 0, 0, 0, 262164, 0, 0, 0, 0, 0, 0, 8388656, 0, 100667499, 0, 0, 0, 0, 0, 0, 0, 0, 4, 0, 0, 0, 0, 0, 32, -0.1, 0, 0, 0, 0, 0, 0, 0, 0, 0, 33554867, 0, 98307, 0, 150994947, 0, 3084, 0);

INSERT INTO weenie_class (`weenieClassId`, `baseAceObjectId`)
VALUES (15668, 15668);

INSERT INTO `base_ace_object` (`baseAceObjectId`, `name`, `typeId`, `paletteId`, `ammoType`, `blipColor`, `bitField`, `burden`, `combatUse`, `cooldownDuration`, `cooldownId`, `effects`, `containersCapacity`, `header`, `hookTypeId`, `iconId`, `iconOverlayId`, `iconUnderlayId`, `hookItemTypes`, `itemsCapacity`, `location`, `materialType`, `maxStackSize`, `maxStructure`, `radar`, `pscript`, `spellId`, `stackSize`, `structure`, `targetTypeId`, `usability`, `useRadius`, `validLocations`, `value`, `workmanship`, `animationFrameId`, `defaultScript`, `defaultScriptIntensity`, `elasticity`, `friction`, `locationId`, `modelTableId`, `objectScale`, `physicsBitField`, `physicsTableId`, `motionTableId`, `soundTableId`, `physicsState`, `translucency`)
VALUES (12512, 'Liang Chi Settlement Portal', 65536, 0, 0, 0, 262164, 0, 0, 0, 0, 0, 0, 8388656, 0, 100667499, 0, 0, 0, 0, 0, 0, 0, 0, 4, 0, 0, 0, 0, 0, 32, -0.1, 0, 0, 0, 0, 0, 0, 0, 0, 0, 33554867, 0, 98307, 0, 150994947, 0, 3084, 0);

INSERT INTO weenie_class (`weenieClassId`, `baseAceObjectId`)
VALUES (12512, 12512);

INSERT INTO `base_ace_object` (`baseAceObjectId`, `name`, `typeId`, `paletteId`, `ammoType`, `blipColor`, `bitField`, `burden`, `combatUse`, `cooldownDuration`, `cooldownId`, `effects`, `containersCapacity`, `header`, `hookTypeId`, `iconId`, `iconOverlayId`, `iconUnderlayId`, `hookItemTypes`, `itemsCapacity`, `location`, `materialType`, `maxStackSize`, `maxStructure`, `radar`, `pscript`, `spellId`, `stackSize`, `structure`, `targetTypeId`, `usability`, `useRadius`, `validLocations`, `value`, `workmanship`, `animationFrameId`, `defaultScript`, `defaultScriptIntensity`, `elasticity`, `friction`, `locationId`, `modelTableId`, `objectScale`, `physicsBitField`, `physicsTableId`, `motionTableId`, `soundTableId`, `physicsState`, `translucency`)
VALUES (12480, 'Broadacre Cottages Portal', 65536, 0, 0, 0, 262164, 0, 0, 0, 0, 0, 0, 8388656, 0, 100667499, 0, 0, 0, 0, 0, 0, 0, 0, 4, 0, 0, 0, 0, 0, 32, -0.1, 0, 0, 0, 0, 0, 0, 0, 0, 0, 33554867, 0, 98307, 0, 150994947, 0, 3084, 0);

INSERT INTO weenie_class (`weenieClassId`, `baseAceObjectId`)
VALUES (12480, 12480);

INSERT INTO `base_ace_object` (`baseAceObjectId`, `name`, `typeId`, `paletteId`, `ammoType`, `blipColor`, `bitField`, `burden`, `combatUse`, `cooldownDuration`, `cooldownId`, `effects`, `containersCapacity`, `header`, `hookTypeId`, `iconId`, `iconOverlayId`, `iconUnderlayId`, `hookItemTypes`, `itemsCapacity`, `location`, `materialType`, `maxStackSize`, `maxStructure`, `radar`, `pscript`, `spellId`, `stackSize`, `structure`, `targetTypeId`, `usability`, `useRadius`, `validLocations`, `value`, `workmanship`, `animationFrameId`, `defaultScript`, `defaultScriptIntensity`, `elasticity`, `friction`, `locationId`, `modelTableId`, `objectScale`, `physicsBitField`, `physicsTableId`, `motionTableId`, `soundTableId`, `physicsState`, `translucency`)
VALUES (12558, 'Swamp Temple Place Portal', 65536, 0, 0, 0, 262164, 0, 0, 0, 0, 0, 0, 8388656, 0, 100667499, 0, 0, 0, 0, 0, 0, 0, 0, 4, 0, 0, 0, 0, 0, 32, -0.1, 0, 0, 0, 0, 0, 0, 0, 0, 0, 33554867, 0, 98307, 0, 150994947, 0, 3084, 0);

INSERT INTO weenie_class (`weenieClassId`, `baseAceObjectId`)
VALUES (12558, 12558);

INSERT INTO `base_ace_object` (`baseAceObjectId`, `name`, `typeId`, `paletteId`, `ammoType`, `blipColor`, `bitField`, `burden`, `combatUse`, `cooldownDuration`, `cooldownId`, `effects`, `containersCapacity`, `header`, `hookTypeId`, `iconId`, `iconOverlayId`, `iconUnderlayId`, `hookItemTypes`, `itemsCapacity`, `location`, `materialType`, `maxStackSize`, `maxStructure`, `radar`, `pscript`, `spellId`, `stackSize`, `structure`, `targetTypeId`, `usability`, `useRadius`, `validLocations`, `value`, `workmanship`, `animationFrameId`, `defaultScript`, `defaultScriptIntensity`, `elasticity`, `friction`, `locationId`, `modelTableId`, `objectScale`, `physicsBitField`, `physicsTableId`, `motionTableId`, `soundTableId`, `physicsState`, `translucency`)
VALUES (12568, 'Yanshi Namoon North Portal', 65536, 0, 0, 0, 262164, 0, 0, 0, 0, 0, 0, 8388656, 0, 100667499, 0, 0, 0, 0, 0, 0, 0, 0, 4, 0, 0, 0, 0, 0, 32, -0.1, 0, 0, 0, 0, 0, 0, 0, 0, 0, 33554867, 0, 98307, 0, 150994947, 0, 3084, 0);

INSERT INTO weenie_class (`weenieClassId`, `baseAceObjectId`)
VALUES (12568, 12568);

INSERT INTO `base_ace_object` (`baseAceObjectId`, `name`, `typeId`, `paletteId`, `ammoType`, `blipColor`, `bitField`, `burden`, `combatUse`, `cooldownDuration`, `cooldownId`, `effects`, `containersCapacity`, `header`, `hookTypeId`, `iconId`, `iconOverlayId`, `iconUnderlayId`, `hookItemTypes`, `itemsCapacity`, `location`, `materialType`, `maxStackSize`, `maxStructure`, `radar`, `pscript`, `spellId`, `stackSize`, `structure`, `targetTypeId`, `usability`, `useRadius`, `validLocations`, `value`, `workmanship`, `animationFrameId`, `defaultScript`, `defaultScriptIntensity`, `elasticity`, `friction`, `locationId`, `modelTableId`, `objectScale`, `physicsBitField`, `physicsTableId`, `motionTableId`, `soundTableId`, `physicsState`, `translucency`)
VALUES (14286, 'Taralla Portal', 65536, 0, 0, 0, 262164, 0, 0, 0, 0, 0, 0, 8388656, 0, 100667499, 0, 0, 0, 0, 0, 0, 0, 0, 4, 0, 0, 0, 0, 0, 32, -0.1, 0, 0, 0, 0, 0, 0, 0, 0, 0, 33554867, 0, 98307, 0, 150994947, 0, 3084, 0);

INSERT INTO weenie_class (`weenieClassId`, `baseAceObjectId`)
VALUES (14286, 14286);

INSERT INTO `base_ace_object` (`baseAceObjectId`, `name`, `typeId`, `paletteId`, `ammoType`, `blipColor`, `bitField`, `burden`, `combatUse`, `cooldownDuration`, `cooldownId`, `effects`, `containersCapacity`, `header`, `hookTypeId`, `iconId`, `iconOverlayId`, `iconUnderlayId`, `hookItemTypes`, `itemsCapacity`, `location`, `materialType`, `maxStackSize`, `maxStructure`, `radar`, `pscript`, `spellId`, `stackSize`, `structure`, `targetTypeId`, `usability`, `useRadius`, `validLocations`, `value`, `workmanship`, `animationFrameId`, `defaultScript`, `defaultScriptIntensity`, `elasticity`, `friction`, `locationId`, `modelTableId`, `objectScale`, `physicsBitField`, `physicsTableId`, `motionTableId`, `soundTableId`, `physicsState`, `translucency`)
VALUES (19145, 'Firesong Cottages Portal', 65536, 0, 0, 0, 262164, 0, 0, 0, 0, 0, 0, 8388656, 0, 100667499, 0, 0, 0, 0, 0, 0, 0, 0, 4, 0, 0, 0, 0, 0, 32, -0.1, 0, 0, 0, 0, 0, 0, 0, 0, 0, 33554867, 0, 98307, 0, 150994947, 0, 3084, 0);

INSERT INTO weenie_class (`weenieClassId`, `baseAceObjectId`)
VALUES (19145, 19145);

INSERT INTO `base_ace_object` (`baseAceObjectId`, `name`, `typeId`, `paletteId`, `ammoType`, `blipColor`, `bitField`, `burden`, `combatUse`, `cooldownDuration`, `cooldownId`, `effects`, `containersCapacity`, `header`, `hookTypeId`, `iconId`, `iconOverlayId`, `iconUnderlayId`, `hookItemTypes`, `itemsCapacity`, `location`, `materialType`, `maxStackSize`, `maxStructure`, `radar`, `pscript`, `spellId`, `stackSize`, `structure`, `targetTypeId`, `usability`, `useRadius`, `validLocations`, `value`, `workmanship`, `animationFrameId`, `defaultScript`, `defaultScriptIntensity`, `elasticity`, `friction`, `locationId`, `modelTableId`, `objectScale`, `physicsBitField`, `physicsTableId`, `motionTableId`, `soundTableId`, `physicsState`, `translucency`)
VALUES (14257, 'Crescent Lane Cottages Portal', 65536, 0, 0, 0, 262164, 0, 0, 0, 0, 0, 0, 8388656, 0, 100667499, 0, 0, 0, 0, 0, 0, 0, 0, 4, 0, 0, 0, 0, 0, 32, -0.1, 0, 0, 0, 0, 0, 0, 0, 0, 0, 33554867, 0, 98307, 0, 150994947, 0, 3084, 0);

INSERT INTO weenie_class (`weenieClassId`, `baseAceObjectId`)
VALUES (14257, 14257);

INSERT INTO `base_ace_object` (`baseAceObjectId`, `name`, `typeId`, `paletteId`, `ammoType`, `blipColor`, `bitField`, `burden`, `combatUse`, `cooldownDuration`, `cooldownId`, `effects`, `containersCapacity`, `header`, `hookTypeId`, `iconId`, `iconOverlayId`, `iconUnderlayId`, `hookItemTypes`, `itemsCapacity`, `location`, `materialType`, `maxStackSize`, `maxStructure`, `radar`, `pscript`, `spellId`, `stackSize`, `structure`, `targetTypeId`, `usability`, `useRadius`, `validLocations`, `value`, `workmanship`, `animationFrameId`, `defaultScript`, `defaultScriptIntensity`, `elasticity`, `friction`, `locationId`, `modelTableId`, `objectScale`, `physicsBitField`, `physicsTableId`, `motionTableId`, `soundTableId`, `physicsState`, `translucency`)
VALUES (13117, 'Northwater Cottages Portal', 65536, 0, 0, 0, 262164, 0, 0, 0, 0, 0, 0, 8388656, 0, 100667499, 0, 0, 0, 0, 0, 0, 0, 0, 4, 0, 0, 0, 0, 0, 32, -0.1, 0, 0, 0, 0, 0, 0, 0, 0, 0, 33554867, 0, 98307, 0, 150994947, 0, 3084, 0);

INSERT INTO weenie_class (`weenieClassId`, `baseAceObjectId`)
VALUES (13117, 13117);

INSERT INTO `base_ace_object` (`baseAceObjectId`, `name`, `typeId`, `paletteId`, `ammoType`, `blipColor`, `bitField`, `burden`, `combatUse`, `cooldownDuration`, `cooldownId`, `effects`, `containersCapacity`, `header`, `hookTypeId`, `iconId`, `iconOverlayId`, `iconUnderlayId`, `hookItemTypes`, `itemsCapacity`, `location`, `materialType`, `maxStackSize`, `maxStructure`, `radar`, `pscript`, `spellId`, `stackSize`, `structure`, `targetTypeId`, `usability`, `useRadius`, `validLocations`, `value`, `workmanship`, `animationFrameId`, `defaultScript`, `defaultScriptIntensity`, `elasticity`, `friction`, `locationId`, `modelTableId`, `objectScale`, `physicsBitField`, `physicsTableId`, `motionTableId`, `soundTableId`, `physicsState`, `translucency`)
VALUES (14291, 'West Yanshi Namoon Portal', 65536, 0, 0, 0, 262164, 0, 0, 0, 0, 0, 0, 8388656, 0, 100667499, 0, 0, 0, 0, 0, 0, 0, 0, 4, 0, 0, 0, 0, 0, 32, -0.1, 0, 0, 0, 0, 0, 0, 0, 0, 0, 33554867, 0, 98307, 0, 150994947, 0, 3084, 0);

INSERT INTO weenie_class (`weenieClassId`, `baseAceObjectId`)
VALUES (14291, 14291);

INSERT INTO `base_ace_object` (`baseAceObjectId`, `name`, `typeId`, `paletteId`, `ammoType`, `blipColor`, `bitField`, `burden`, `combatUse`, `cooldownDuration`, `cooldownId`, `effects`, `containersCapacity`, `header`, `hookTypeId`, `iconId`, `iconOverlayId`, `iconUnderlayId`, `hookItemTypes`, `itemsCapacity`, `location`, `materialType`, `maxStackSize`, `maxStructure`, `radar`, `pscript`, `spellId`, `stackSize`, `structure`, `targetTypeId`, `usability`, `useRadius`, `validLocations`, `value`, `workmanship`, `animationFrameId`, `defaultScript`, `defaultScriptIntensity`, `elasticity`, `friction`, `locationId`, `modelTableId`, `objectScale`, `physicsBitField`, `physicsTableId`, `motionTableId`, `soundTableId`, `physicsState`, `translucency`)
VALUES (14284, 'Snakehead Portal', 65536, 0, 0, 0, 262164, 0, 0, 0, 0, 0, 0, 8388656, 0, 100667499, 0, 0, 0, 0, 0, 0, 0, 0, 4, 0, 0, 0, 0, 0, 32, -0.1, 0, 0, 0, 0, 0, 0, 0, 0, 0, 33554867, 0, 98307, 0, 150994947, 0, 3084, 0);

INSERT INTO weenie_class (`weenieClassId`, `baseAceObjectId`)
VALUES (14284, 14284);

INSERT INTO `base_ace_object` (`baseAceObjectId`, `name`, `typeId`, `paletteId`, `ammoType`, `blipColor`, `bitField`, `burden`, `combatUse`, `cooldownDuration`, `cooldownId`, `effects`, `containersCapacity`, `header`, `hookTypeId`, `iconId`, `iconOverlayId`, `iconUnderlayId`, `hookItemTypes`, `itemsCapacity`, `location`, `materialType`, `maxStackSize`, `maxStructure`, `radar`, `pscript`, `spellId`, `stackSize`, `structure`, `targetTypeId`, `usability`, `useRadius`, `validLocations`, `value`, `workmanship`, `animationFrameId`, `defaultScript`, `defaultScriptIntensity`, `elasticity`, `friction`, `locationId`, `modelTableId`, `objectScale`, `physicsBitField`, `physicsTableId`, `motionTableId`, `soundTableId`, `physicsState`, `translucency`)
VALUES (12496, 'Faranar Foothills Portal', 65536, 0, 0, 0, 262164, 0, 0, 0, 0, 0, 0, 8388656, 0, 100667499, 0, 0, 0, 0, 0, 0, 0, 0, 4, 0, 0, 0, 0, 0, 32, -0.1, 0, 0, 0, 0, 0, 0, 0, 0, 0, 33554867, 0, 98307, 0, 150994947, 0, 3084, 0);

INSERT INTO weenie_class (`weenieClassId`, `baseAceObjectId`)
VALUES (12496, 12496);

INSERT INTO `base_ace_object` (`baseAceObjectId`, `name`, `typeId`, `paletteId`, `ammoType`, `blipColor`, `bitField`, `burden`, `combatUse`, `cooldownDuration`, `cooldownId`, `effects`, `containersCapacity`, `header`, `hookTypeId`, `iconId`, `iconOverlayId`, `iconUnderlayId`, `hookItemTypes`, `itemsCapacity`, `location`, `materialType`, `maxStackSize`, `maxStructure`, `radar`, `pscript`, `spellId`, `stackSize`, `structure`, `targetTypeId`, `usability`, `useRadius`, `validLocations`, `value`, `workmanship`, `animationFrameId`, `defaultScript`, `defaultScriptIntensity`, `elasticity`, `friction`, `locationId`, `modelTableId`, `objectScale`, `physicsBitField`, `physicsTableId`, `motionTableId`, `soundTableId`, `physicsState`, `translucency`)
VALUES (15163, 'Jenshi Cottages Portal', 65536, 0, 0, 0, 262164, 0, 0, 0, 0, 0, 0, 8388656, 0, 100667499, 0, 0, 0, 0, 0, 0, 0, 0, 4, 0, 0, 0, 0, 0, 32, -0.1, 0, 0, 0, 0, 0, 0, 0, 0, 0, 33554867, 0, 98307, 0, 150994947, 0, 3084, 0);

INSERT INTO weenie_class (`weenieClassId`, `baseAceObjectId`)
VALUES (15163, 15163);

INSERT INTO `base_ace_object` (`baseAceObjectId`, `name`, `typeId`, `paletteId`, `ammoType`, `blipColor`, `bitField`, `burden`, `combatUse`, `cooldownDuration`, `cooldownId`, `effects`, `containersCapacity`, `header`, `hookTypeId`, `iconId`, `iconOverlayId`, `iconUnderlayId`, `hookItemTypes`, `itemsCapacity`, `location`, `materialType`, `maxStackSize`, `maxStructure`, `radar`, `pscript`, `spellId`, `stackSize`, `structure`, `targetTypeId`, `usability`, `useRadius`, `validLocations`, `value`, `workmanship`, `animationFrameId`, `defaultScript`, `defaultScriptIntensity`, `elasticity`, `friction`, `locationId`, `modelTableId`, `objectScale`, `physicsBitField`, `physicsTableId`, `motionTableId`, `soundTableId`, `physicsState`, `translucency`)
VALUES (24185, 'Heart of Innocence', 65536, 0, 0, 0, 262164, 0, 0, 0, 0, 0, 0, 8388656, 0, 100667499, 0, 0, 0, 0, 0, 0, 0, 0, 4, 0, 0, 0, 0, 0, 32, -0.1, 0, 0, 0, 0, 0, 0, 0, 0, 0, 33555925, 0, 98307, 0, 150994947, 0, 3084, 0);

INSERT INTO weenie_class (`weenieClassId`, `baseAceObjectId`)
VALUES (24185, 24185);

INSERT INTO `base_ace_object` (`baseAceObjectId`, `name`, `typeId`, `paletteId`, `ammoType`, `blipColor`, `bitField`, `burden`, `combatUse`, `cooldownDuration`, `cooldownId`, `effects`, `containersCapacity`, `header`, `hookTypeId`, `iconId`, `iconOverlayId`, `iconUnderlayId`, `hookItemTypes`, `itemsCapacity`, `location`, `materialType`, `maxStackSize`, `maxStructure`, `radar`, `pscript`, `spellId`, `stackSize`, `structure`, `targetTypeId`, `usability`, `useRadius`, `validLocations`, `value`, `workmanship`, `animationFrameId`, `defaultScript`, `defaultScriptIntensity`, `elasticity`, `friction`, `locationId`, `modelTableId`, `objectScale`, `physicsBitField`, `physicsTableId`, `motionTableId`, `soundTableId`, `physicsState`, `translucency`)
VALUES (19716, 'Mammet Foundry Portal', 65536, 0, 0, 0, 262164, 0, 0, 0, 0, 0, 0, 8388656, 0, 100667499, 0, 0, 0, 0, 0, 0, 0, 0, 4, 0, 0, 0, 0, 0, 32, -0.1, 0, 0, 0, 0, 0, 0, 0, 0, 0, 33554867, 0, 98307, 0, 150994947, 0, 3084, 0);

INSERT INTO weenie_class (`weenieClassId`, `baseAceObjectId`)
VALUES (19716, 19716);

INSERT INTO `base_ace_object` (`baseAceObjectId`, `name`, `typeId`, `paletteId`, `ammoType`, `blipColor`, `bitField`, `burden`, `combatUse`, `cooldownDuration`, `cooldownId`, `effects`, `containersCapacity`, `header`, `hookTypeId`, `iconId`, `iconOverlayId`, `iconUnderlayId`, `hookItemTypes`, `itemsCapacity`, `location`, `materialType`, `maxStackSize`, `maxStructure`, `radar`, `pscript`, `spellId`, `stackSize`, `structure`, `targetTypeId`, `usability`, `useRadius`, `validLocations`, `value`, `workmanship`, `animationFrameId`, `defaultScript`, `defaultScriptIntensity`, `elasticity`, `friction`, `locationId`, `modelTableId`, `objectScale`, `physicsBitField`, `physicsTableId`, `motionTableId`, `soundTableId`, `physicsState`, `translucency`)
VALUES (6105, 'Sawato Meeting Hall Portal', 65536, 0, 0, 0, 262164, 0, 0, 0, 0, 0, 0, 8388656, 0, 100667499, 0, 0, 0, 0, 0, 0, 0, 0, 4, 0, 0, 0, 0, 0, 32, -0.1, 0, 0, 0, 0, 0, 0, 0, 0, 0, 33554867, 0, 98307, 0, 150994947, 0, 3084, 0);

INSERT INTO weenie_class (`weenieClassId`, `baseAceObjectId`)
VALUES (6105, 6105);

INSERT INTO `base_ace_object` (`baseAceObjectId`, `name`, `typeId`, `paletteId`, `ammoType`, `blipColor`, `bitField`, `burden`, `combatUse`, `cooldownDuration`, `cooldownId`, `effects`, `containersCapacity`, `header`, `hookTypeId`, `iconId`, `iconOverlayId`, `iconUnderlayId`, `hookItemTypes`, `itemsCapacity`, `location`, `materialType`, `maxStackSize`, `maxStructure`, `radar`, `pscript`, `spellId`, `stackSize`, `structure`, `targetTypeId`, `usability`, `useRadius`, `validLocations`, `value`, `workmanship`, `animationFrameId`, `defaultScript`, `defaultScriptIntensity`, `elasticity`, `friction`, `locationId`, `modelTableId`, `objectScale`, `physicsBitField`, `physicsTableId`, `motionTableId`, `soundTableId`, `physicsState`, `translucency`)
VALUES (19715, 'Colossus Foundry Portal', 65536, 0, 0, 0, 262164, 0, 0, 0, 0, 0, 0, 8388656, 0, 100667499, 0, 0, 0, 0, 0, 0, 0, 0, 4, 0, 0, 0, 0, 0, 32, -0.1, 0, 0, 0, 0, 0, 0, 0, 0, 0, 33554867, 0, 98307, 0, 150994947, 0, 3084, 0);

INSERT INTO weenie_class (`weenieClassId`, `baseAceObjectId`)
VALUES (19715, 19715);

INSERT INTO `base_ace_object` (`baseAceObjectId`, `name`, `typeId`, `paletteId`, `ammoType`, `blipColor`, `bitField`, `burden`, `combatUse`, `cooldownDuration`, `cooldownId`, `effects`, `containersCapacity`, `header`, `hookTypeId`, `iconId`, `iconOverlayId`, `iconUnderlayId`, `hookItemTypes`, `itemsCapacity`, `location`, `materialType`, `maxStackSize`, `maxStructure`, `radar`, `pscript`, `spellId`, `stackSize`, `structure`, `targetTypeId`, `usability`, `useRadius`, `validLocations`, `value`, `workmanship`, `animationFrameId`, `defaultScript`, `defaultScriptIntensity`, `elasticity`, `friction`, `locationId`, `modelTableId`, `objectScale`, `physicsBitField`, `physicsTableId`, `motionTableId`, `soundTableId`, `physicsState`, `translucency`)
VALUES (4937, 'Cave of Alabree', 65536, 0, 0, 0, 262164, 0, 0, 0, 0, 0, 0, 8388656, 0, 100667499, 0, 0, 0, 0, 0, 0, 0, 0, 4, 0, 0, 0, 0, 0, 32, -0.1, 0, 0, 0, 0, 0, 0, 0, 0, 0, 33555922, 0, 98307, 0, 150994947, 0, 3084, 0);

INSERT INTO weenie_class (`weenieClassId`, `baseAceObjectId`)
VALUES (4937, 4937);

INSERT INTO `base_ace_object` (`baseAceObjectId`, `name`, `typeId`, `paletteId`, `ammoType`, `blipColor`, `bitField`, `burden`, `combatUse`, `cooldownDuration`, `cooldownId`, `effects`, `containersCapacity`, `header`, `hookTypeId`, `iconId`, `iconOverlayId`, `iconUnderlayId`, `hookItemTypes`, `itemsCapacity`, `location`, `materialType`, `maxStackSize`, `maxStructure`, `radar`, `pscript`, `spellId`, `stackSize`, `structure`, `targetTypeId`, `usability`, `useRadius`, `validLocations`, `value`, `workmanship`, `animationFrameId`, `defaultScript`, `defaultScriptIntensity`, `elasticity`, `friction`, `locationId`, `modelTableId`, `objectScale`, `physicsBitField`, `physicsTableId`, `motionTableId`, `soundTableId`, `physicsState`, `translucency`)
VALUES (5198, 'Sea Temple Catacombs', 65536, 0, 0, 0, 262164, 0, 0, 0, 0, 0, 0, 8388656, 0, 100667499, 0, 0, 0, 0, 0, 0, 0, 0, 4, 0, 0, 0, 0, 0, 32, -0.1, 0, 0, 0, 0, 0, 0, 0, 0, 0, 33555922, 0, 98307, 0, 150994947, 0, 3084, 0);

INSERT INTO weenie_class (`weenieClassId`, `baseAceObjectId`)
VALUES (5198, 5198);

INSERT INTO `base_ace_object` (`baseAceObjectId`, `name`, `typeId`, `paletteId`, `ammoType`, `blipColor`, `bitField`, `burden`, `combatUse`, `cooldownDuration`, `cooldownId`, `effects`, `containersCapacity`, `header`, `hookTypeId`, `iconId`, `iconOverlayId`, `iconUnderlayId`, `hookItemTypes`, `itemsCapacity`, `location`, `materialType`, `maxStackSize`, `maxStructure`, `radar`, `pscript`, `spellId`, `stackSize`, `structure`, `targetTypeId`, `usability`, `useRadius`, `validLocations`, `value`, `workmanship`, `animationFrameId`, `defaultScript`, `defaultScriptIntensity`, `elasticity`, `friction`, `locationId`, `modelTableId`, `objectScale`, `physicsBitField`, `physicsTableId`, `motionTableId`, `soundTableId`, `physicsState`, `translucency`)
VALUES (43705, 'Olthoi Tunnel', 65536, 67109370, 0, 0, 262164, 0, 0, 0, 0, 0, 0, 8388656, 0, 100667499, 0, 0, 0, 0, 0, 0, 0, 0, 4, 0, 0, 0, 0, 0, 32, -0.1, 0, 0, 0, 0, 0, 0, 0, 0, 0, 33554867, 0, 98307, 0, 150994947, 0, 3084, 0);

INSERT INTO weenie_class (`weenieClassId`, `baseAceObjectId`)
VALUES (43705, 43705);

INSERT INTO `weenie_palette_changes` (`weenieClassId`, `subPaletteId`, `offset`, `length`)
VALUES (43705, 67111849, 8, 2040);

INSERT INTO `base_ace_object` (`baseAceObjectId`, `name`, `typeId`, `paletteId`, `ammoType`, `blipColor`, `bitField`, `burden`, `combatUse`, `cooldownDuration`, `cooldownId`, `effects`, `containersCapacity`, `header`, `hookTypeId`, `iconId`, `iconOverlayId`, `iconUnderlayId`, `hookItemTypes`, `itemsCapacity`, `location`, `materialType`, `maxStackSize`, `maxStructure`, `radar`, `pscript`, `spellId`, `stackSize`, `structure`, `targetTypeId`, `usability`, `useRadius`, `validLocations`, `value`, `workmanship`, `animationFrameId`, `defaultScript`, `defaultScriptIntensity`, `elasticity`, `friction`, `locationId`, `modelTableId`, `objectScale`, `physicsBitField`, `physicsTableId`, `motionTableId`, `soundTableId`, `physicsState`, `translucency`)
VALUES (1955, 'Gateway', 65536, 0, 0, 0, 262164, 0, 0, 0, 0, 0, 0, 8388656, 0, 100667499, 0, 0, 0, 0, 0, 0, 0, 0, 4, 0, 0, 0, 0, 0, 32, 0.75, 0, 0, 0, 0, 0, 0, 0, 0, 0, 33556212, 0, 98307, 0, 150994947, 0, 2052, 0);

INSERT INTO weenie_class (`weenieClassId`, `baseAceObjectId`)
VALUES (1955, 1955);

INSERT INTO `base_ace_object` (`baseAceObjectId`, `name`, `typeId`, `paletteId`, `ammoType`, `blipColor`, `bitField`, `burden`, `combatUse`, `cooldownDuration`, `cooldownId`, `effects`, `containersCapacity`, `header`, `hookTypeId`, `iconId`, `iconOverlayId`, `iconUnderlayId`, `hookItemTypes`, `itemsCapacity`, `location`, `materialType`, `maxStackSize`, `maxStructure`, `radar`, `pscript`, `spellId`, `stackSize`, `structure`, `targetTypeId`, `usability`, `useRadius`, `validLocations`, `value`, `workmanship`, `animationFrameId`, `defaultScript`, `defaultScriptIntensity`, `elasticity`, `friction`, `locationId`, `modelTableId`, `objectScale`, `physicsBitField`, `physicsTableId`, `motionTableId`, `soundTableId`, `physicsState`, `translucency`)
VALUES (5486, 'Destroyed Al-Jalima Portal', 65536, 0, 0, 0, 262164, 0, 0, 0, 0, 0, 0, 48, 0, 100667499, 0, 0, 0, 0, 0, 0, 0, 0, 0, 0, 0, 0, 0, 0, 1, -0.1, 0, 0, 0, 0, 0, 0, 0, 0, 0, 33561060, 0, 98307, 0, 150995314, 0, 3092, 0);

INSERT INTO weenie_class (`weenieClassId`, `baseAceObjectId`)
VALUES (5486, 5486);

INSERT INTO `base_ace_object` (`baseAceObjectId`, `name`, `typeId`, `paletteId`, `ammoType`, `blipColor`, `bitField`, `burden`, `combatUse`, `cooldownDuration`, `cooldownId`, `effects`, `containersCapacity`, `header`, `hookTypeId`, `iconId`, `iconOverlayId`, `iconUnderlayId`, `hookItemTypes`, `itemsCapacity`, `location`, `materialType`, `maxStackSize`, `maxStructure`, `radar`, `pscript`, `spellId`, `stackSize`, `structure`, `targetTypeId`, `usability`, `useRadius`, `validLocations`, `value`, `workmanship`, `animationFrameId`, `defaultScript`, `defaultScriptIntensity`, `elasticity`, `friction`, `locationId`, `modelTableId`, `objectScale`, `physicsBitField`, `physicsTableId`, `motionTableId`, `soundTableId`, `physicsState`, `translucency`)
VALUES (1900, 'Heartland', 65536, 0, 0, 0, 262164, 0, 0, 0, 0, 0, 0, 8388656, 0, 100667499, 0, 0, 0, 0, 0, 0, 0, 0, 4, 0, 0, 0, 0, 0, 32, -0.1, 0, 0, 0, 0, 0, 0, 0, 0, 0, 33554867, 0, 98307, 0, 150994947, 0, 3084, 0);

INSERT INTO weenie_class (`weenieClassId`, `baseAceObjectId`)
VALUES (1900, 1900);

INSERT INTO `base_ace_object` (`baseAceObjectId`, `name`, `typeId`, `paletteId`, `ammoType`, `blipColor`, `bitField`, `burden`, `combatUse`, `cooldownDuration`, `cooldownId`, `effects`, `containersCapacity`, `header`, `hookTypeId`, `iconId`, `iconOverlayId`, `iconUnderlayId`, `hookItemTypes`, `itemsCapacity`, `location`, `materialType`, `maxStackSize`, `maxStructure`, `radar`, `pscript`, `spellId`, `stackSize`, `structure`, `targetTypeId`, `usability`, `useRadius`, `validLocations`, `value`, `workmanship`, `animationFrameId`, `defaultScript`, `defaultScriptIntensity`, `elasticity`, `friction`, `locationId`, `modelTableId`, `objectScale`, `physicsBitField`, `physicsTableId`, `motionTableId`, `soundTableId`, `physicsState`, `translucency`)
VALUES (4925, 'Phyntos Menace', 65536, 0, 0, 0, 262164, 0, 0, 0, 0, 0, 0, 8388656, 0, 100667499, 0, 0, 0, 0, 0, 0, 0, 0, 4, 0, 0, 0, 0, 0, 32, -0.1, 0, 0, 0, 0, 0, 0, 0, 0, 0, 33555926, 0, 98307, 0, 150994947, 0, 3084, 0);

INSERT INTO weenie_class (`weenieClassId`, `baseAceObjectId`)
VALUES (4925, 4925);

INSERT INTO `base_ace_object` (`baseAceObjectId`, `name`, `typeId`, `paletteId`, `ammoType`, `blipColor`, `bitField`, `burden`, `combatUse`, `cooldownDuration`, `cooldownId`, `effects`, `containersCapacity`, `header`, `hookTypeId`, `iconId`, `iconOverlayId`, `iconUnderlayId`, `hookItemTypes`, `itemsCapacity`, `location`, `materialType`, `maxStackSize`, `maxStructure`, `radar`, `pscript`, `spellId`, `stackSize`, `structure`, `targetTypeId`, `usability`, `useRadius`, `validLocations`, `value`, `workmanship`, `animationFrameId`, `defaultScript`, `defaultScriptIntensity`, `elasticity`, `friction`, `locationId`, `modelTableId`, `objectScale`, `physicsBitField`, `physicsTableId`, `motionTableId`, `soundTableId`, `physicsState`, `translucency`)
VALUES (14635, 'Hidden Valley Portal', 65536, 0, 0, 0, 262164, 0, 0, 0, 0, 0, 0, 8388656, 0, 100667499, 0, 0, 0, 0, 0, 0, 0, 0, 4, 0, 0, 0, 0, 0, 32, -0.1, 0, 0, 0, 0, 0, 0, 0, 0, 0, 33554867, 0, 98307, 0, 150994947, 0, 3084, 0);

INSERT INTO weenie_class (`weenieClassId`, `baseAceObjectId`)
VALUES (14635, 14635);

INSERT INTO `base_ace_object` (`baseAceObjectId`, `name`, `typeId`, `paletteId`, `ammoType`, `blipColor`, `bitField`, `burden`, `combatUse`, `cooldownDuration`, `cooldownId`, `effects`, `containersCapacity`, `header`, `hookTypeId`, `iconId`, `iconOverlayId`, `iconUnderlayId`, `hookItemTypes`, `itemsCapacity`, `location`, `materialType`, `maxStackSize`, `maxStructure`, `radar`, `pscript`, `spellId`, `stackSize`, `structure`, `targetTypeId`, `usability`, `useRadius`, `validLocations`, `value`, `workmanship`, `animationFrameId`, `defaultScript`, `defaultScriptIntensity`, `elasticity`, `friction`, `locationId`, `modelTableId`, `objectScale`, `physicsBitField`, `physicsTableId`, `motionTableId`, `soundTableId`, `physicsState`, `translucency`)
VALUES (14674, 'Verena Portal', 65536, 0, 0, 0, 262164, 0, 0, 0, 0, 0, 0, 8388656, 0, 100667499, 0, 0, 0, 0, 0, 0, 0, 0, 4, 0, 0, 0, 0, 0, 32, -0.1, 0, 0, 0, 0, 0, 0, 0, 0, 0, 33554867, 0, 98307, 0, 150994947, 0, 3084, 0);

INSERT INTO weenie_class (`weenieClassId`, `baseAceObjectId`)
VALUES (14674, 14674);

INSERT INTO `base_ace_object` (`baseAceObjectId`, `name`, `typeId`, `paletteId`, `ammoType`, `blipColor`, `bitField`, `burden`, `combatUse`, `cooldownDuration`, `cooldownId`, `effects`, `containersCapacity`, `header`, `hookTypeId`, `iconId`, `iconOverlayId`, `iconUnderlayId`, `hookItemTypes`, `itemsCapacity`, `location`, `materialType`, `maxStackSize`, `maxStructure`, `radar`, `pscript`, `spellId`, `stackSize`, `structure`, `targetTypeId`, `usability`, `useRadius`, `validLocations`, `value`, `workmanship`, `animationFrameId`, `defaultScript`, `defaultScriptIntensity`, `elasticity`, `friction`, `locationId`, `modelTableId`, `objectScale`, `physicsBitField`, `physicsTableId`, `motionTableId`, `soundTableId`, `physicsState`, `translucency`)
VALUES (14647, 'Lord Cambarth Villas Portal', 65536, 0, 0, 0, 262164, 0, 0, 0, 0, 0, 0, 8388656, 0, 100667499, 0, 0, 0, 0, 0, 0, 0, 0, 4, 0, 0, 0, 0, 0, 32, -0.1, 0, 0, 0, 0, 0, 0, 0, 0, 0, 33554867, 0, 98307, 0, 150994947, 0, 3084, 0);

INSERT INTO weenie_class (`weenieClassId`, `baseAceObjectId`)
VALUES (14647, 14647);

INSERT INTO `base_ace_object` (`baseAceObjectId`, `name`, `typeId`, `paletteId`, `ammoType`, `blipColor`, `bitField`, `burden`, `combatUse`, `cooldownDuration`, `cooldownId`, `effects`, `containersCapacity`, `header`, `hookTypeId`, `iconId`, `iconOverlayId`, `iconUnderlayId`, `hookItemTypes`, `itemsCapacity`, `location`, `materialType`, `maxStackSize`, `maxStructure`, `radar`, `pscript`, `spellId`, `stackSize`, `structure`, `targetTypeId`, `usability`, `useRadius`, `validLocations`, `value`, `workmanship`, `animationFrameId`, `defaultScript`, `defaultScriptIntensity`, `elasticity`, `friction`, `locationId`, `modelTableId`, `objectScale`, `physicsBitField`, `physicsTableId`, `motionTableId`, `soundTableId`, `physicsState`, `translucency`)
VALUES (15161, 'Ice''s Edge Cottages Portal', 65536, 0, 0, 0, 262164, 0, 0, 0, 0, 0, 0, 8388656, 0, 100667499, 0, 0, 0, 0, 0, 0, 0, 0, 4, 0, 0, 0, 0, 0, 32, -0.1, 0, 0, 0, 0, 0, 0, 0, 0, 0, 33554867, 0, 98307, 0, 150994947, 0, 3084, 0);

INSERT INTO weenie_class (`weenieClassId`, `baseAceObjectId`)
VALUES (15161, 15161);

INSERT INTO `base_ace_object` (`baseAceObjectId`, `name`, `typeId`, `paletteId`, `ammoType`, `blipColor`, `bitField`, `burden`, `combatUse`, `cooldownDuration`, `cooldownId`, `effects`, `containersCapacity`, `header`, `hookTypeId`, `iconId`, `iconOverlayId`, `iconUnderlayId`, `hookItemTypes`, `itemsCapacity`, `location`, `materialType`, `maxStackSize`, `maxStructure`, `radar`, `pscript`, `spellId`, `stackSize`, `structure`, `targetTypeId`, `usability`, `useRadius`, `validLocations`, `value`, `workmanship`, `animationFrameId`, `defaultScript`, `defaultScriptIntensity`, `elasticity`, `friction`, `locationId`, `modelTableId`, `objectScale`, `physicsBitField`, `physicsTableId`, `motionTableId`, `soundTableId`, `physicsState`, `translucency`)
VALUES (14640, 'Laiti''s Villa Portal', 65536, 0, 0, 0, 262164, 0, 0, 0, 0, 0, 0, 8388656, 0, 100667499, 0, 0, 0, 0, 0, 0, 0, 0, 4, 0, 0, 0, 0, 0, 32, -0.1, 0, 0, 0, 0, 0, 0, 0, 0, 0, 33554867, 0, 98307, 0, 150994947, 0, 3084, 0);

INSERT INTO weenie_class (`weenieClassId`, `baseAceObjectId`)
VALUES (14640, 14640);

INSERT INTO `base_ace_object` (`baseAceObjectId`, `name`, `typeId`, `paletteId`, `ammoType`, `blipColor`, `bitField`, `burden`, `combatUse`, `cooldownDuration`, `cooldownId`, `effects`, `containersCapacity`, `header`, `hookTypeId`, `iconId`, `iconOverlayId`, `iconUnderlayId`, `hookItemTypes`, `itemsCapacity`, `location`, `materialType`, `maxStackSize`, `maxStructure`, `radar`, `pscript`, `spellId`, `stackSize`, `structure`, `targetTypeId`, `usability`, `useRadius`, `validLocations`, `value`, `workmanship`, `animationFrameId`, `defaultScript`, `defaultScriptIntensity`, `elasticity`, `friction`, `locationId`, `modelTableId`, `objectScale`, `physicsBitField`, `physicsTableId`, `motionTableId`, `soundTableId`, `physicsState`, `translucency`)
VALUES (14643, 'Lightbringer Dale Cottages Portal', 65536, 0, 0, 0, 262164, 0, 0, 0, 0, 0, 0, 8388656, 0, 100667499, 0, 0, 0, 0, 0, 0, 0, 0, 4, 0, 0, 0, 0, 0, 32, -0.1, 0, 0, 0, 0, 0, 0, 0, 0, 0, 33554867, 0, 98307, 0, 150994947, 0, 3084, 0);

INSERT INTO weenie_class (`weenieClassId`, `baseAceObjectId`)
VALUES (14643, 14643);

INSERT INTO `base_ace_object` (`baseAceObjectId`, `name`, `typeId`, `paletteId`, `ammoType`, `blipColor`, `bitField`, `burden`, `combatUse`, `cooldownDuration`, `cooldownId`, `effects`, `containersCapacity`, `header`, `hookTypeId`, `iconId`, `iconOverlayId`, `iconUnderlayId`, `hookItemTypes`, `itemsCapacity`, `location`, `materialType`, `maxStackSize`, `maxStructure`, `radar`, `pscript`, `spellId`, `stackSize`, `structure`, `targetTypeId`, `usability`, `useRadius`, `validLocations`, `value`, `workmanship`, `animationFrameId`, `defaultScript`, `defaultScriptIntensity`, `elasticity`, `friction`, `locationId`, `modelTableId`, `objectScale`, `physicsBitField`, `physicsTableId`, `motionTableId`, `soundTableId`, `physicsState`, `translucency`)
VALUES (15155, 'Durglen Portal', 65536, 0, 0, 0, 262164, 0, 0, 0, 0, 0, 0, 8388656, 0, 100667499, 0, 0, 0, 0, 0, 0, 0, 0, 4, 0, 0, 0, 0, 0, 32, -0.1, 0, 0, 0, 0, 0, 0, 0, 0, 0, 33554867, 0, 98307, 0, 150994947, 0, 3084, 0);

INSERT INTO weenie_class (`weenieClassId`, `baseAceObjectId`)
VALUES (15155, 15155);

INSERT INTO `base_ace_object` (`baseAceObjectId`, `name`, `typeId`, `paletteId`, `ammoType`, `blipColor`, `bitField`, `burden`, `combatUse`, `cooldownDuration`, `cooldownId`, `effects`, `containersCapacity`, `header`, `hookTypeId`, `iconId`, `iconOverlayId`, `iconUnderlayId`, `hookItemTypes`, `itemsCapacity`, `location`, `materialType`, `maxStackSize`, `maxStructure`, `radar`, `pscript`, `spellId`, `stackSize`, `structure`, `targetTypeId`, `usability`, `useRadius`, `validLocations`, `value`, `workmanship`, `animationFrameId`, `defaultScript`, `defaultScriptIntensity`, `elasticity`, `friction`, `locationId`, `modelTableId`, `objectScale`, `physicsBitField`, `physicsTableId`, `motionTableId`, `soundTableId`, `physicsState`, `translucency`)
VALUES (13141, 'Wisp Lake Cottages Portal', 65536, 0, 0, 0, 262164, 0, 0, 0, 0, 0, 0, 8388656, 0, 100667499, 0, 0, 0, 0, 0, 0, 0, 0, 4, 0, 0, 0, 0, 0, 32, -0.1, 0, 0, 0, 0, 0, 0, 0, 0, 0, 33554867, 0, 98307, 0, 150994947, 0, 3084, 0);

INSERT INTO weenie_class (`weenieClassId`, `baseAceObjectId`)
VALUES (13141, 13141);

INSERT INTO `base_ace_object` (`baseAceObjectId`, `name`, `typeId`, `paletteId`, `ammoType`, `blipColor`, `bitField`, `burden`, `combatUse`, `cooldownDuration`, `cooldownId`, `effects`, `containersCapacity`, `header`, `hookTypeId`, `iconId`, `iconOverlayId`, `iconUnderlayId`, `hookItemTypes`, `itemsCapacity`, `location`, `materialType`, `maxStackSize`, `maxStructure`, `radar`, `pscript`, `spellId`, `stackSize`, `structure`, `targetTypeId`, `usability`, `useRadius`, `validLocations`, `value`, `workmanship`, `animationFrameId`, `defaultScript`, `defaultScriptIntensity`, `elasticity`, `friction`, `locationId`, `modelTableId`, `objectScale`, `physicsBitField`, `physicsTableId`, `motionTableId`, `soundTableId`, `physicsState`, `translucency`)
VALUES (13125, 'Seaview Ridge Cottages Portal', 65536, 0, 0, 0, 262164, 0, 0, 0, 0, 0, 0, 8388656, 0, 100667499, 0, 0, 0, 0, 0, 0, 0, 0, 4, 0, 0, 0, 0, 0, 32, -0.1, 0, 0, 0, 0, 0, 0, 0, 0, 0, 33554867, 0, 98307, 0, 150994947, 0, 3084, 0);

INSERT INTO weenie_class (`weenieClassId`, `baseAceObjectId`)
VALUES (13125, 13125);

INSERT INTO `base_ace_object` (`baseAceObjectId`, `name`, `typeId`, `paletteId`, `ammoType`, `blipColor`, `bitField`, `burden`, `combatUse`, `cooldownDuration`, `cooldownId`, `effects`, `containersCapacity`, `header`, `hookTypeId`, `iconId`, `iconOverlayId`, `iconUnderlayId`, `hookItemTypes`, `itemsCapacity`, `location`, `materialType`, `maxStackSize`, `maxStructure`, `radar`, `pscript`, `spellId`, `stackSize`, `structure`, `targetTypeId`, `usability`, `useRadius`, `validLocations`, `value`, `workmanship`, `animationFrameId`, `defaultScript`, `defaultScriptIntensity`, `elasticity`, `friction`, `locationId`, `modelTableId`, `objectScale`, `physicsBitField`, `physicsTableId`, `motionTableId`, `soundTableId`, `physicsState`, `translucency`)
VALUES (12510, 'Lake Nemuel Settlement Portal', 65536, 0, 0, 0, 262164, 0, 0, 0, 0, 0, 0, 8388656, 0, 100667499, 0, 0, 0, 0, 0, 0, 0, 0, 4, 0, 0, 0, 0, 0, 32, -0.1, 0, 0, 0, 0, 0, 0, 0, 0, 0, 33554867, 0, 98307, 0, 150994947, 0, 3084, 0);

INSERT INTO weenie_class (`weenieClassId`, `baseAceObjectId`)
VALUES (12510, 12510);

INSERT INTO `base_ace_object` (`baseAceObjectId`, `name`, `typeId`, `paletteId`, `ammoType`, `blipColor`, `bitField`, `burden`, `combatUse`, `cooldownDuration`, `cooldownId`, `effects`, `containersCapacity`, `header`, `hookTypeId`, `iconId`, `iconOverlayId`, `iconUnderlayId`, `hookItemTypes`, `itemsCapacity`, `location`, `materialType`, `maxStackSize`, `maxStructure`, `radar`, `pscript`, `spellId`, `stackSize`, `structure`, `targetTypeId`, `usability`, `useRadius`, `validLocations`, `value`, `workmanship`, `animationFrameId`, `defaultScript`, `defaultScriptIntensity`, `elasticity`, `friction`, `locationId`, `modelTableId`, `objectScale`, `physicsBitField`, `physicsTableId`, `motionTableId`, `soundTableId`, `physicsState`, `translucency`)
VALUES (12567, 'Woodshore Cottages Portal', 65536, 0, 0, 0, 262164, 0, 0, 0, 0, 0, 0, 8388656, 0, 100667499, 0, 0, 0, 0, 0, 0, 0, 0, 4, 0, 0, 0, 0, 0, 32, -0.1, 0, 0, 0, 0, 0, 0, 0, 0, 0, 33554867, 0, 98307, 0, 150994947, 0, 3084, 0);

INSERT INTO weenie_class (`weenieClassId`, `baseAceObjectId`)
VALUES (12567, 12567);

INSERT INTO `base_ace_object` (`baseAceObjectId`, `name`, `typeId`, `paletteId`, `ammoType`, `blipColor`, `bitField`, `burden`, `combatUse`, `cooldownDuration`, `cooldownId`, `effects`, `containersCapacity`, `header`, `hookTypeId`, `iconId`, `iconOverlayId`, `iconUnderlayId`, `hookItemTypes`, `itemsCapacity`, `location`, `materialType`, `maxStackSize`, `maxStructure`, `radar`, `pscript`, `spellId`, `stackSize`, `structure`, `targetTypeId`, `usability`, `useRadius`, `validLocations`, `value`, `workmanship`, `animationFrameId`, `defaultScript`, `defaultScriptIntensity`, `elasticity`, `friction`, `locationId`, `modelTableId`, `objectScale`, `physicsBitField`, `physicsTableId`, `motionTableId`, `soundTableId`, `physicsState`, `translucency`)
VALUES (12547, 'Sonel Portal', 65536, 0, 0, 0, 262164, 0, 0, 0, 0, 0, 0, 8388656, 0, 100667499, 0, 0, 0, 0, 0, 0, 0, 0, 4, 0, 0, 0, 0, 0, 32, -0.1, 0, 0, 0, 0, 0, 0, 0, 0, 0, 33554867, 0, 98307, 0, 150994947, 0, 3084, 0);

INSERT INTO weenie_class (`weenieClassId`, `baseAceObjectId`)
VALUES (12547, 12547);

INSERT INTO `base_ace_object` (`baseAceObjectId`, `name`, `typeId`, `paletteId`, `ammoType`, `blipColor`, `bitField`, `burden`, `combatUse`, `cooldownDuration`, `cooldownId`, `effects`, `containersCapacity`, `header`, `hookTypeId`, `iconId`, `iconOverlayId`, `iconUnderlayId`, `hookItemTypes`, `itemsCapacity`, `location`, `materialType`, `maxStackSize`, `maxStructure`, `radar`, `pscript`, `spellId`, `stackSize`, `structure`, `targetTypeId`, `usability`, `useRadius`, `validLocations`, `value`, `workmanship`, `animationFrameId`, `defaultScript`, `defaultScriptIntensity`, `elasticity`, `friction`, `locationId`, `modelTableId`, `objectScale`, `physicsBitField`, `physicsTableId`, `motionTableId`, `soundTableId`, `physicsState`, `translucency`)
VALUES (14627, 'Empyrean Shore Villas Portal', 65536, 0, 0, 0, 262164, 0, 0, 0, 0, 0, 0, 8388656, 0, 100667499, 0, 0, 0, 0, 0, 0, 0, 0, 4, 0, 0, 0, 0, 0, 32, -0.1, 0, 0, 0, 0, 0, 0, 0, 0, 0, 33554867, 0, 98307, 0, 150994947, 0, 3084, 0);

INSERT INTO weenie_class (`weenieClassId`, `baseAceObjectId`)
VALUES (14627, 14627);

INSERT INTO `base_ace_object` (`baseAceObjectId`, `name`, `typeId`, `paletteId`, `ammoType`, `blipColor`, `bitField`, `burden`, `combatUse`, `cooldownDuration`, `cooldownId`, `effects`, `containersCapacity`, `header`, `hookTypeId`, `iconId`, `iconOverlayId`, `iconUnderlayId`, `hookItemTypes`, `itemsCapacity`, `location`, `materialType`, `maxStackSize`, `maxStructure`, `radar`, `pscript`, `spellId`, `stackSize`, `structure`, `targetTypeId`, `usability`, `useRadius`, `validLocations`, `value`, `workmanship`, `animationFrameId`, `defaultScript`, `defaultScriptIntensity`, `elasticity`, `friction`, `locationId`, `modelTableId`, `objectScale`, `physicsBitField`, `physicsTableId`, `motionTableId`, `soundTableId`, `physicsState`, `translucency`)
VALUES (15184, 'Regina Cottages Portal', 65536, 0, 0, 0, 262164, 0, 0, 0, 0, 0, 0, 8388656, 0, 100667499, 0, 0, 0, 0, 0, 0, 0, 0, 4, 0, 0, 0, 0, 0, 32, -0.1, 0, 0, 0, 0, 0, 0, 0, 0, 0, 33554867, 0, 98307, 0, 150994947, 0, 3084, 0);

INSERT INTO weenie_class (`weenieClassId`, `baseAceObjectId`)
VALUES (15184, 15184);

INSERT INTO `base_ace_object` (`baseAceObjectId`, `name`, `typeId`, `paletteId`, `ammoType`, `blipColor`, `bitField`, `burden`, `combatUse`, `cooldownDuration`, `cooldownId`, `effects`, `containersCapacity`, `header`, `hookTypeId`, `iconId`, `iconOverlayId`, `iconUnderlayId`, `hookItemTypes`, `itemsCapacity`, `location`, `materialType`, `maxStackSize`, `maxStructure`, `radar`, `pscript`, `spellId`, `stackSize`, `structure`, `targetTypeId`, `usability`, `useRadius`, `validLocations`, `value`, `workmanship`, `animationFrameId`, `defaultScript`, `defaultScriptIntensity`, `elasticity`, `friction`, `locationId`, `modelTableId`, `objectScale`, `physicsBitField`, `physicsTableId`, `motionTableId`, `soundTableId`, `physicsState`, `translucency`)
VALUES (15180, 'Northfire Estates Portal', 65536, 0, 0, 0, 262164, 0, 0, 0, 0, 0, 0, 8388656, 0, 100667499, 0, 0, 0, 0, 0, 0, 0, 0, 4, 0, 0, 0, 0, 0, 32, -0.1, 0, 0, 0, 0, 0, 0, 0, 0, 0, 33554867, 0, 98307, 0, 150994947, 0, 3084, 0);

INSERT INTO weenie_class (`weenieClassId`, `baseAceObjectId`)
VALUES (15180, 15180);

INSERT INTO `base_ace_object` (`baseAceObjectId`, `name`, `typeId`, `paletteId`, `ammoType`, `blipColor`, `bitField`, `burden`, `combatUse`, `cooldownDuration`, `cooldownId`, `effects`, `containersCapacity`, `header`, `hookTypeId`, `iconId`, `iconOverlayId`, `iconUnderlayId`, `hookItemTypes`, `itemsCapacity`, `location`, `materialType`, `maxStackSize`, `maxStructure`, `radar`, `pscript`, `spellId`, `stackSize`, `structure`, `targetTypeId`, `usability`, `useRadius`, `validLocations`, `value`, `workmanship`, `animationFrameId`, `defaultScript`, `defaultScriptIntensity`, `elasticity`, `friction`, `locationId`, `modelTableId`, `objectScale`, `physicsBitField`, `physicsTableId`, `motionTableId`, `soundTableId`, `physicsState`, `translucency`)
VALUES (13097, 'Dires'' Door Estates Portal', 65536, 0, 0, 0, 262164, 0, 0, 0, 0, 0, 0, 8388656, 0, 100667499, 0, 0, 0, 0, 0, 0, 0, 0, 4, 0, 0, 0, 0, 0, 32, -0.1, 0, 0, 0, 0, 0, 0, 0, 0, 0, 33554867, 0, 98307, 0, 150994947, 0, 3084, 0);

INSERT INTO weenie_class (`weenieClassId`, `baseAceObjectId`)
VALUES (13097, 13097);

INSERT INTO `base_ace_object` (`baseAceObjectId`, `name`, `typeId`, `paletteId`, `ammoType`, `blipColor`, `bitField`, `burden`, `combatUse`, `cooldownDuration`, `cooldownId`, `effects`, `containersCapacity`, `header`, `hookTypeId`, `iconId`, `iconOverlayId`, `iconUnderlayId`, `hookItemTypes`, `itemsCapacity`, `location`, `materialType`, `maxStackSize`, `maxStructure`, `radar`, `pscript`, `spellId`, `stackSize`, `structure`, `targetTypeId`, `usability`, `useRadius`, `validLocations`, `value`, `workmanship`, `animationFrameId`, `defaultScript`, `defaultScriptIntensity`, `elasticity`, `friction`, `locationId`, `modelTableId`, `objectScale`, `physicsBitField`, `physicsTableId`, `motionTableId`, `soundTableId`, `physicsState`, `translucency`)
VALUES (12486, 'Desolation Beach  Portal', 65536, 0, 0, 0, 262164, 0, 0, 0, 0, 0, 0, 8388656, 0, 100667499, 0, 0, 0, 0, 0, 0, 0, 0, 4, 0, 0, 0, 0, 0, 32, -0.1, 0, 0, 0, 0, 0, 0, 0, 0, 0, 33554867, 0, 98307, 0, 150994947, 0, 3084, 0);

INSERT INTO weenie_class (`weenieClassId`, `baseAceObjectId`)
VALUES (12486, 12486);

INSERT INTO `base_ace_object` (`baseAceObjectId`, `name`, `typeId`, `paletteId`, `ammoType`, `blipColor`, `bitField`, `burden`, `combatUse`, `cooldownDuration`, `cooldownId`, `effects`, `containersCapacity`, `header`, `hookTypeId`, `iconId`, `iconOverlayId`, `iconUnderlayId`, `hookItemTypes`, `itemsCapacity`, `location`, `materialType`, `maxStackSize`, `maxStructure`, `radar`, `pscript`, `spellId`, `stackSize`, `structure`, `targetTypeId`, `usability`, `useRadius`, `validLocations`, `value`, `workmanship`, `animationFrameId`, `defaultScript`, `defaultScriptIntensity`, `elasticity`, `friction`, `locationId`, `modelTableId`, `objectScale`, `physicsBitField`, `physicsTableId`, `motionTableId`, `soundTableId`, `physicsState`, `translucency`)
VALUES (15197, 'Thyrinn Cant Cottages Portal', 65536, 0, 0, 0, 262164, 0, 0, 0, 0, 0, 0, 8388656, 0, 100667499, 0, 0, 0, 0, 0, 0, 0, 0, 4, 0, 0, 0, 0, 0, 32, -0.1, 0, 0, 0, 0, 0, 0, 0, 0, 0, 33554867, 0, 98307, 0, 150994947, 0, 3084, 0);

INSERT INTO weenie_class (`weenieClassId`, `baseAceObjectId`)
VALUES (15197, 15197);

INSERT INTO `base_ace_object` (`baseAceObjectId`, `name`, `typeId`, `paletteId`, `ammoType`, `blipColor`, `bitField`, `burden`, `combatUse`, `cooldownDuration`, `cooldownId`, `effects`, `containersCapacity`, `header`, `hookTypeId`, `iconId`, `iconOverlayId`, `iconUnderlayId`, `hookItemTypes`, `itemsCapacity`, `location`, `materialType`, `maxStackSize`, `maxStructure`, `radar`, `pscript`, `spellId`, `stackSize`, `structure`, `targetTypeId`, `usability`, `useRadius`, `validLocations`, `value`, `workmanship`, `animationFrameId`, `defaultScript`, `defaultScriptIntensity`, `elasticity`, `friction`, `locationId`, `modelTableId`, `objectScale`, `physicsBitField`, `physicsTableId`, `motionTableId`, `soundTableId`, `physicsState`, `translucency`)
VALUES (15157, 'East Morntide Settlement Portal', 65536, 0, 0, 0, 262164, 0, 0, 0, 0, 0, 0, 8388656, 0, 100667499, 0, 0, 0, 0, 0, 0, 0, 0, 4, 0, 0, 0, 0, 0, 32, -0.1, 0, 0, 0, 0, 0, 0, 0, 0, 0, 33554867, 0, 98307, 0, 150994947, 0, 3084, 0);

INSERT INTO weenie_class (`weenieClassId`, `baseAceObjectId`)
VALUES (15157, 15157);

INSERT INTO `base_ace_object` (`baseAceObjectId`, `name`, `typeId`, `paletteId`, `ammoType`, `blipColor`, `bitField`, `burden`, `combatUse`, `cooldownDuration`, `cooldownId`, `effects`, `containersCapacity`, `header`, `hookTypeId`, `iconId`, `iconOverlayId`, `iconUnderlayId`, `hookItemTypes`, `itemsCapacity`, `location`, `materialType`, `maxStackSize`, `maxStructure`, `radar`, `pscript`, `spellId`, `stackSize`, `structure`, `targetTypeId`, `usability`, `useRadius`, `validLocations`, `value`, `workmanship`, `animationFrameId`, `defaultScript`, `defaultScriptIntensity`, `elasticity`, `friction`, `locationId`, `modelTableId`, `objectScale`, `physicsBitField`, `physicsTableId`, `motionTableId`, `soundTableId`, `physicsState`, `translucency`)
VALUES (44992, 'Frozen Wight Lair', 65536, 0, 0, 0, 262164, 0, 0, 0, 0, 0, 0, 8388656, 0, 100667499, 0, 0, 0, 0, 0, 0, 0, 0, 4, 0, 0, 0, 0, 0, 32, -0.1, 0, 0, 0, 0, 0, 0, 0, 0, 0, 33555925, 0.8, 98435, 0, 150994947, 0, 3084, 0);

INSERT INTO weenie_class (`weenieClassId`, `baseAceObjectId`)
VALUES (44992, 44992);

INSERT INTO `base_ace_object` (`baseAceObjectId`, `name`, `typeId`, `paletteId`, `ammoType`, `blipColor`, `bitField`, `burden`, `combatUse`, `cooldownDuration`, `cooldownId`, `effects`, `containersCapacity`, `header`, `hookTypeId`, `iconId`, `iconOverlayId`, `iconUnderlayId`, `hookItemTypes`, `itemsCapacity`, `location`, `materialType`, `maxStackSize`, `maxStructure`, `radar`, `pscript`, `spellId`, `stackSize`, `structure`, `targetTypeId`, `usability`, `useRadius`, `validLocations`, `value`, `workmanship`, `animationFrameId`, `defaultScript`, `defaultScriptIntensity`, `elasticity`, `friction`, `locationId`, `modelTableId`, `objectScale`, `physicsBitField`, `physicsTableId`, `motionTableId`, `soundTableId`, `physicsState`, `translucency`)
VALUES (6103, 'Rithwic Meeting Hall Portal', 65536, 0, 0, 0, 262164, 0, 0, 0, 0, 0, 0, 8388656, 0, 100667499, 0, 0, 0, 0, 0, 0, 0, 0, 4, 0, 0, 0, 0, 0, 32, -0.1, 0, 0, 0, 0, 0, 0, 0, 0, 0, 33554867, 0, 98307, 0, 150994947, 0, 3084, 0);

INSERT INTO weenie_class (`weenieClassId`, `baseAceObjectId`)
VALUES (6103, 6103);

INSERT INTO `base_ace_object` (`baseAceObjectId`, `name`, `typeId`, `paletteId`, `ammoType`, `blipColor`, `bitField`, `burden`, `combatUse`, `cooldownDuration`, `cooldownId`, `effects`, `containersCapacity`, `header`, `hookTypeId`, `iconId`, `iconOverlayId`, `iconUnderlayId`, `hookItemTypes`, `itemsCapacity`, `location`, `materialType`, `maxStackSize`, `maxStructure`, `radar`, `pscript`, `spellId`, `stackSize`, `structure`, `targetTypeId`, `usability`, `useRadius`, `validLocations`, `value`, `workmanship`, `animationFrameId`, `defaultScript`, `defaultScriptIntensity`, `elasticity`, `friction`, `locationId`, `modelTableId`, `objectScale`, `physicsBitField`, `physicsTableId`, `motionTableId`, `soundTableId`, `physicsState`, `translucency`)
VALUES (19717, 'Mannikin Foundry Portal', 65536, 0, 0, 0, 262164, 0, 0, 0, 0, 0, 0, 8388656, 0, 100667499, 0, 0, 0, 0, 0, 0, 0, 0, 4, 0, 0, 0, 0, 0, 32, -0.1, 0, 0, 0, 0, 0, 0, 0, 0, 0, 33554867, 0, 98307, 0, 150994947, 0, 3084, 0);

INSERT INTO weenie_class (`weenieClassId`, `baseAceObjectId`)
VALUES (19717, 19717);

INSERT INTO `base_ace_object` (`baseAceObjectId`, `name`, `typeId`, `paletteId`, `ammoType`, `blipColor`, `bitField`, `burden`, `combatUse`, `cooldownDuration`, `cooldownId`, `effects`, `containersCapacity`, `header`, `hookTypeId`, `iconId`, `iconOverlayId`, `iconUnderlayId`, `hookItemTypes`, `itemsCapacity`, `location`, `materialType`, `maxStackSize`, `maxStructure`, `radar`, `pscript`, `spellId`, `stackSize`, `structure`, `targetTypeId`, `usability`, `useRadius`, `validLocations`, `value`, `workmanship`, `animationFrameId`, `defaultScript`, `defaultScriptIntensity`, `elasticity`, `friction`, `locationId`, `modelTableId`, `objectScale`, `physicsBitField`, `physicsTableId`, `motionTableId`, `soundTableId`, `physicsState`, `translucency`)
VALUES (20919, 'Martine''s Retreat', 65536, 0, 0, 0, 262164, 0, 0, 0, 0, 0, 0, 8388656, 0, 100667499, 0, 0, 0, 0, 0, 0, 0, 0, 4, 0, 0, 0, 0, 0, 32, -0.1, 0, 0, 0, 0, 0, 0, 0, 0, 0, 33554867, 0, 98307, 0, 150994947, 0, 3084, 0);

INSERT INTO weenie_class (`weenieClassId`, `baseAceObjectId`)
VALUES (20919, 20919);

INSERT INTO `base_ace_object` (`baseAceObjectId`, `name`, `typeId`, `paletteId`, `ammoType`, `blipColor`, `bitField`, `burden`, `combatUse`, `cooldownDuration`, `cooldownId`, `effects`, `containersCapacity`, `header`, `hookTypeId`, `iconId`, `iconOverlayId`, `iconUnderlayId`, `hookItemTypes`, `itemsCapacity`, `location`, `materialType`, `maxStackSize`, `maxStructure`, `radar`, `pscript`, `spellId`, `stackSize`, `structure`, `targetTypeId`, `usability`, `useRadius`, `validLocations`, `value`, `workmanship`, `animationFrameId`, `defaultScript`, `defaultScriptIntensity`, `elasticity`, `friction`, `locationId`, `modelTableId`, `objectScale`, `physicsBitField`, `physicsTableId`, `motionTableId`, `soundTableId`, `physicsState`, `translucency`)
VALUES (46925, 'Proving Grounds Uber', 65536, 0, 0, 0, 262164, 0, 0, 0, 0, 0, 0, 8388656, 0, 100667499, 0, 0, 0, 0, 0, 0, 0, 0, 4, 0, 0, 0, 0, 0, 32, -0.1, 0, 0, 0, 0, 0, 0, 0, 0, 0, 33556212, 0, 98307, 0, 150994947, 0, 3084, 0);

INSERT INTO weenie_class (`weenieClassId`, `baseAceObjectId`)
VALUES (46925, 46925);

INSERT INTO `base_ace_object` (`baseAceObjectId`, `name`, `typeId`, `paletteId`, `ammoType`, `blipColor`, `bitField`, `burden`, `combatUse`, `cooldownDuration`, `cooldownId`, `effects`, `containersCapacity`, `header`, `hookTypeId`, `iconId`, `iconOverlayId`, `iconUnderlayId`, `hookItemTypes`, `itemsCapacity`, `location`, `materialType`, `maxStackSize`, `maxStructure`, `radar`, `pscript`, `spellId`, `stackSize`, `structure`, `targetTypeId`, `usability`, `useRadius`, `validLocations`, `value`, `workmanship`, `animationFrameId`, `defaultScript`, `defaultScriptIntensity`, `elasticity`, `friction`, `locationId`, `modelTableId`, `objectScale`, `physicsBitField`, `physicsTableId`, `motionTableId`, `soundTableId`, `physicsState`, `translucency`)
VALUES (21401, 'Citadel Library', 65536, 0, 0, 0, 262164, 0, 0, 0, 0, 0, 0, 8388656, 0, 100667499, 0, 0, 0, 0, 0, 0, 0, 0, 4, 0, 0, 0, 0, 0, 32, -0.1, 0, 0, 0, 0, 0, 0, 0, 0, 0, 33554867, 0, 98307, 0, 150994947, 0, 3084, 0);

INSERT INTO weenie_class (`weenieClassId`, `baseAceObjectId`)
VALUES (21401, 21401);

INSERT INTO `base_ace_object` (`baseAceObjectId`, `name`, `typeId`, `paletteId`, `ammoType`, `blipColor`, `bitField`, `burden`, `combatUse`, `cooldownDuration`, `cooldownId`, `effects`, `containersCapacity`, `header`, `hookTypeId`, `iconId`, `iconOverlayId`, `iconUnderlayId`, `hookItemTypes`, `itemsCapacity`, `location`, `materialType`, `maxStackSize`, `maxStructure`, `radar`, `pscript`, `spellId`, `stackSize`, `structure`, `targetTypeId`, `usability`, `useRadius`, `validLocations`, `value`, `workmanship`, `animationFrameId`, `defaultScript`, `defaultScriptIntensity`, `elasticity`, `friction`, `locationId`, `modelTableId`, `objectScale`, `physicsBitField`, `physicsTableId`, `motionTableId`, `soundTableId`, `physicsState`, `translucency`)
VALUES (21747, 'Proving Grounds Extreme', 65536, 0, 0, 0, 262164, 0, 0, 0, 0, 0, 0, 8388656, 0, 100667499, 0, 0, 0, 0, 0, 0, 0, 0, 4, 0, 0, 0, 0, 0, 32, -0.1, 0, 0, 0, 0, 0, 0, 0, 0, 0, 33555925, 0, 98307, 0, 150994947, 0, 3084, 0);

INSERT INTO weenie_class (`weenieClassId`, `baseAceObjectId`)
VALUES (21747, 21747);

INSERT INTO `base_ace_object` (`baseAceObjectId`, `name`, `typeId`, `paletteId`, `ammoType`, `blipColor`, `bitField`, `burden`, `combatUse`, `cooldownDuration`, `cooldownId`, `effects`, `containersCapacity`, `header`, `hookTypeId`, `iconId`, `iconOverlayId`, `iconUnderlayId`, `hookItemTypes`, `itemsCapacity`, `location`, `materialType`, `maxStackSize`, `maxStructure`, `radar`, `pscript`, `spellId`, `stackSize`, `structure`, `targetTypeId`, `usability`, `useRadius`, `validLocations`, `value`, `workmanship`, `animationFrameId`, `defaultScript`, `defaultScriptIntensity`, `elasticity`, `friction`, `locationId`, `modelTableId`, `objectScale`, `physicsBitField`, `physicsTableId`, `motionTableId`, `soundTableId`, `physicsState`, `translucency`)
VALUES (21748, 'Proving Grounds High', 65536, 0, 0, 0, 262164, 0, 0, 0, 0, 0, 0, 8388656, 0, 100667499, 0, 0, 0, 0, 0, 0, 0, 0, 4, 0, 0, 0, 0, 0, 32, -0.1, 0, 0, 0, 0, 0, 0, 0, 0, 0, 33555924, 0, 98307, 0, 150994947, 0, 3084, 0);

INSERT INTO weenie_class (`weenieClassId`, `baseAceObjectId`)
VALUES (21748, 21748);

INSERT INTO `base_ace_object` (`baseAceObjectId`, `name`, `typeId`, `paletteId`, `ammoType`, `blipColor`, `bitField`, `burden`, `combatUse`, `cooldownDuration`, `cooldownId`, `effects`, `containersCapacity`, `header`, `hookTypeId`, `iconId`, `iconOverlayId`, `iconUnderlayId`, `hookItemTypes`, `itemsCapacity`, `location`, `materialType`, `maxStackSize`, `maxStructure`, `radar`, `pscript`, `spellId`, `stackSize`, `structure`, `targetTypeId`, `usability`, `useRadius`, `validLocations`, `value`, `workmanship`, `animationFrameId`, `defaultScript`, `defaultScriptIntensity`, `elasticity`, `friction`, `locationId`, `modelTableId`, `objectScale`, `physicsBitField`, `physicsTableId`, `motionTableId`, `soundTableId`, `physicsState`, `translucency`)
VALUES (21750, 'Proving Grounds Mid', 65536, 0, 0, 0, 262164, 0, 0, 0, 0, 0, 0, 8388656, 0, 100667499, 0, 0, 0, 0, 0, 0, 0, 0, 4, 0, 0, 0, 0, 0, 32, -0.1, 0, 0, 0, 0, 0, 0, 0, 0, 0, 33555926, 0, 98307, 0, 150994947, 0, 3084, 0);

INSERT INTO weenie_class (`weenieClassId`, `baseAceObjectId`)
VALUES (21750, 21750);

INSERT INTO `base_ace_object` (`baseAceObjectId`, `name`, `typeId`, `paletteId`, `ammoType`, `blipColor`, `bitField`, `burden`, `combatUse`, `cooldownDuration`, `cooldownId`, `effects`, `containersCapacity`, `header`, `hookTypeId`, `iconId`, `iconOverlayId`, `iconUnderlayId`, `hookItemTypes`, `itemsCapacity`, `location`, `materialType`, `maxStackSize`, `maxStructure`, `radar`, `pscript`, `spellId`, `stackSize`, `structure`, `targetTypeId`, `usability`, `useRadius`, `validLocations`, `value`, `workmanship`, `animationFrameId`, `defaultScript`, `defaultScriptIntensity`, `elasticity`, `friction`, `locationId`, `modelTableId`, `objectScale`, `physicsBitField`, `physicsTableId`, `motionTableId`, `soundTableId`, `physicsState`, `translucency`)
VALUES (21749, 'Proving Grounds Low', 65536, 0, 0, 0, 262164, 0, 0, 0, 0, 0, 0, 8388656, 0, 100667499, 0, 0, 0, 0, 0, 0, 0, 0, 4, 0, 0, 0, 0, 0, 32, -0.1, 0, 0, 0, 0, 0, 0, 0, 0, 0, 33555923, 0, 98307, 0, 150994947, 0, 3084, 0);

INSERT INTO weenie_class (`weenieClassId`, `baseAceObjectId`)
VALUES (21749, 21749);

INSERT INTO `base_ace_object` (`baseAceObjectId`, `name`, `typeId`, `paletteId`, `ammoType`, `blipColor`, `bitField`, `burden`, `combatUse`, `cooldownDuration`, `cooldownId`, `effects`, `containersCapacity`, `header`, `hookTypeId`, `iconId`, `iconOverlayId`, `iconUnderlayId`, `hookItemTypes`, `itemsCapacity`, `location`, `materialType`, `maxStackSize`, `maxStructure`, `radar`, `pscript`, `spellId`, `stackSize`, `structure`, `targetTypeId`, `usability`, `useRadius`, `validLocations`, `value`, `workmanship`, `animationFrameId`, `defaultScript`, `defaultScriptIntensity`, `elasticity`, `friction`, `locationId`, `modelTableId`, `objectScale`, `physicsBitField`, `physicsTableId`, `motionTableId`, `soundTableId`, `physicsState`, `translucency`)
VALUES (46924, 'Prismatic Ziggurat', 65536, 0, 0, 0, 262164, 0, 0, 0, 0, 0, 0, 8388656, 0, 100667499, 0, 0, 0, 0, 0, 0, 0, 0, 4, 0, 0, 0, 0, 0, 32, -0.1, 0, 0, 0, 0, 0, 0, 0, 0, 0, 33556212, 0, 98307, 0, 150994947, 0, 3084, 0);

INSERT INTO weenie_class (`weenieClassId`, `baseAceObjectId`)
VALUES (46924, 46924);

INSERT INTO `base_ace_object` (`baseAceObjectId`, `name`, `typeId`, `paletteId`, `ammoType`, `blipColor`, `bitField`, `burden`, `combatUse`, `cooldownDuration`, `cooldownId`, `effects`, `containersCapacity`, `header`, `hookTypeId`, `iconId`, `iconOverlayId`, `iconUnderlayId`, `hookItemTypes`, `itemsCapacity`, `location`, `materialType`, `maxStackSize`, `maxStructure`, `radar`, `pscript`, `spellId`, `stackSize`, `structure`, `targetTypeId`, `usability`, `useRadius`, `validLocations`, `value`, `workmanship`, `animationFrameId`, `defaultScript`, `defaultScriptIntensity`, `elasticity`, `friction`, `locationId`, `modelTableId`, `objectScale`, `physicsBitField`, `physicsTableId`, `motionTableId`, `soundTableId`, `physicsState`, `translucency`)
VALUES (21425, 'Lightning Ziggurat', 65536, 0, 0, 0, 262164, 0, 0, 0, 0, 0, 0, 8388656, 0, 100667499, 0, 0, 0, 0, 0, 0, 0, 0, 4, 0, 0, 0, 0, 0, 32, -0.1, 0, 0, 0, 0, 0, 0, 0, 0, 0, 33555923, 0, 98307, 0, 150994947, 0, 3084, 0);

INSERT INTO weenie_class (`weenieClassId`, `baseAceObjectId`)
VALUES (21425, 21425);

INSERT INTO `base_ace_object` (`baseAceObjectId`, `name`, `typeId`, `paletteId`, `ammoType`, `blipColor`, `bitField`, `burden`, `combatUse`, `cooldownDuration`, `cooldownId`, `effects`, `containersCapacity`, `header`, `hookTypeId`, `iconId`, `iconOverlayId`, `iconUnderlayId`, `hookItemTypes`, `itemsCapacity`, `location`, `materialType`, `maxStackSize`, `maxStructure`, `radar`, `pscript`, `spellId`, `stackSize`, `structure`, `targetTypeId`, `usability`, `useRadius`, `validLocations`, `value`, `workmanship`, `animationFrameId`, `defaultScript`, `defaultScriptIntensity`, `elasticity`, `friction`, `locationId`, `modelTableId`, `objectScale`, `physicsBitField`, `physicsTableId`, `motionTableId`, `soundTableId`, `physicsState`, `translucency`)
VALUES (21399, 'Acid Ziggurat', 65536, 0, 0, 0, 262164, 0, 0, 0, 0, 0, 0, 8388656, 0, 100667499, 0, 0, 0, 0, 0, 0, 0, 0, 4, 0, 0, 0, 0, 0, 32, -0.1, 0, 0, 0, 0, 0, 0, 0, 0, 0, 33555926, 0, 98307, 0, 150994947, 0, 3084, 0);

INSERT INTO weenie_class (`weenieClassId`, `baseAceObjectId`)
VALUES (21399, 21399);

INSERT INTO `base_ace_object` (`baseAceObjectId`, `name`, `typeId`, `paletteId`, `ammoType`, `blipColor`, `bitField`, `burden`, `combatUse`, `cooldownDuration`, `cooldownId`, `effects`, `containersCapacity`, `header`, `hookTypeId`, `iconId`, `iconOverlayId`, `iconUnderlayId`, `hookItemTypes`, `itemsCapacity`, `location`, `materialType`, `maxStackSize`, `maxStructure`, `radar`, `pscript`, `spellId`, `stackSize`, `structure`, `targetTypeId`, `usability`, `useRadius`, `validLocations`, `value`, `workmanship`, `animationFrameId`, `defaultScript`, `defaultScriptIntensity`, `elasticity`, `friction`, `locationId`, `modelTableId`, `objectScale`, `physicsBitField`, `physicsTableId`, `motionTableId`, `soundTableId`, `physicsState`, `translucency`)
VALUES (21411, 'Fire Ziggurat', 65536, 0, 0, 0, 262164, 0, 0, 0, 0, 0, 0, 8388656, 0, 100667499, 0, 0, 0, 0, 0, 0, 0, 0, 4, 0, 0, 0, 0, 0, 32, -0.1, 0, 0, 0, 0, 0, 0, 0, 0, 0, 33555924, 0, 98307, 0, 150994947, 0, 3084, 0);

INSERT INTO weenie_class (`weenieClassId`, `baseAceObjectId`)
VALUES (21411, 21411);

INSERT INTO `base_ace_object` (`baseAceObjectId`, `name`, `typeId`, `paletteId`, `ammoType`, `blipColor`, `bitField`, `burden`, `combatUse`, `cooldownDuration`, `cooldownId`, `effects`, `containersCapacity`, `header`, `hookTypeId`, `iconId`, `iconOverlayId`, `iconUnderlayId`, `hookItemTypes`, `itemsCapacity`, `location`, `materialType`, `maxStackSize`, `maxStructure`, `radar`, `pscript`, `spellId`, `stackSize`, `structure`, `targetTypeId`, `usability`, `useRadius`, `validLocations`, `value`, `workmanship`, `animationFrameId`, `defaultScript`, `defaultScriptIntensity`, `elasticity`, `friction`, `locationId`, `modelTableId`, `objectScale`, `physicsBitField`, `physicsTableId`, `motionTableId`, `soundTableId`, `physicsState`, `translucency`)
VALUES (21413, 'Frost Ziggurat', 65536, 0, 0, 0, 262164, 0, 0, 0, 0, 0, 0, 8388656, 0, 100667499, 0, 0, 0, 0, 0, 0, 0, 0, 4, 0, 0, 0, 0, 0, 32, -0.1, 0, 0, 0, 0, 0, 0, 0, 0, 0, 33555925, 0, 98307, 0, 150994947, 0, 3084, 0);

INSERT INTO weenie_class (`weenieClassId`, `baseAceObjectId`)
VALUES (21413, 21413);

INSERT INTO `base_ace_object` (`baseAceObjectId`, `name`, `typeId`, `paletteId`, `ammoType`, `blipColor`, `bitField`, `burden`, `combatUse`, `cooldownDuration`, `cooldownId`, `effects`, `containersCapacity`, `header`, `hookTypeId`, `iconId`, `iconOverlayId`, `iconUnderlayId`, `hookItemTypes`, `itemsCapacity`, `location`, `materialType`, `maxStackSize`, `maxStructure`, `radar`, `pscript`, `spellId`, `stackSize`, `structure`, `targetTypeId`, `usability`, `useRadius`, `validLocations`, `value`, `workmanship`, `animationFrameId`, `defaultScript`, `defaultScriptIntensity`, `elasticity`, `friction`, `locationId`, `modelTableId`, `objectScale`, `physicsBitField`, `physicsTableId`, `motionTableId`, `soundTableId`, `physicsState`, `translucency`)
VALUES (6093, 'Eastham Meeting Hall Portal', 65536, 0, 0, 0, 262164, 0, 0, 0, 0, 0, 0, 8388656, 0, 100667499, 0, 0, 0, 0, 0, 0, 0, 0, 4, 0, 0, 0, 0, 0, 32, -0.1, 0, 0, 0, 0, 0, 0, 0, 0, 0, 33554867, 0, 98307, 0, 150994947, 0, 3084, 0);

INSERT INTO weenie_class (`weenieClassId`, `baseAceObjectId`)
VALUES (6093, 6093);

INSERT INTO `base_ace_object` (`baseAceObjectId`, `name`, `typeId`, `paletteId`, `ammoType`, `blipColor`, `bitField`, `burden`, `combatUse`, `cooldownDuration`, `cooldownId`, `effects`, `containersCapacity`, `header`, `hookTypeId`, `iconId`, `iconOverlayId`, `iconUnderlayId`, `hookItemTypes`, `itemsCapacity`, `location`, `materialType`, `maxStackSize`, `maxStructure`, `radar`, `pscript`, `spellId`, `stackSize`, `structure`, `targetTypeId`, `usability`, `useRadius`, `validLocations`, `value`, `workmanship`, `animationFrameId`, `defaultScript`, `defaultScriptIntensity`, `elasticity`, `friction`, `locationId`, `modelTableId`, `objectScale`, `physicsBitField`, `physicsTableId`, `motionTableId`, `soundTableId`, `physicsState`, `translucency`)
VALUES (39409, 'Patriarch''s Valley', 65536, 0, 0, 0, 262164, 0, 0, 0, 0, 0, 0, 8388656, 0, 100667499, 0, 0, 0, 0, 0, 0, 0, 0, 4, 0, 0, 0, 0, 0, 32, -0.1, 0, 0, 0, 0, 0, 0, 0, 0, 0, 33556212, 0, 98307, 0, 150994947, 0, 3084, 0);

INSERT INTO weenie_class (`weenieClassId`, `baseAceObjectId`)
VALUES (39409, 39409);

INSERT INTO `base_ace_object` (`baseAceObjectId`, `name`, `typeId`, `paletteId`, `ammoType`, `blipColor`, `bitField`, `burden`, `combatUse`, `cooldownDuration`, `cooldownId`, `effects`, `containersCapacity`, `header`, `hookTypeId`, `iconId`, `iconOverlayId`, `iconUnderlayId`, `hookItemTypes`, `itemsCapacity`, `location`, `materialType`, `maxStackSize`, `maxStructure`, `radar`, `pscript`, `spellId`, `stackSize`, `structure`, `targetTypeId`, `usability`, `useRadius`, `validLocations`, `value`, `workmanship`, `animationFrameId`, `defaultScript`, `defaultScriptIntensity`, `elasticity`, `friction`, `locationId`, `modelTableId`, `objectScale`, `physicsBitField`, `physicsTableId`, `motionTableId`, `soundTableId`, `physicsState`, `translucency`)
VALUES (33558, 'Asheron''s Island', 65536, 0, 0, 0, 262164, 0, 0, 0, 0, 0, 0, 8388656, 0, 100667499, 0, 0, 0, 0, 0, 0, 0, 0, 4, 0, 0, 0, 0, 0, 32, -0.1, 0, 0, 0, 0, 0, 0, 0, 0, 0, 33556212, 0, 98307, 0, 150994947, 0, 3084, 0);

INSERT INTO weenie_class (`weenieClassId`, `baseAceObjectId`)
VALUES (33558, 33558);

INSERT INTO `base_ace_object` (`baseAceObjectId`, `name`, `typeId`, `paletteId`, `ammoType`, `blipColor`, `bitField`, `burden`, `combatUse`, `cooldownDuration`, `cooldownId`, `effects`, `containersCapacity`, `header`, `hookTypeId`, `iconId`, `iconOverlayId`, `iconUnderlayId`, `hookItemTypes`, `itemsCapacity`, `location`, `materialType`, `maxStackSize`, `maxStructure`, `radar`, `pscript`, `spellId`, `stackSize`, `structure`, `targetTypeId`, `usability`, `useRadius`, `validLocations`, `value`, `workmanship`, `animationFrameId`, `defaultScript`, `defaultScriptIntensity`, `elasticity`, `friction`, `locationId`, `modelTableId`, `objectScale`, `physicsBitField`, `physicsTableId`, `motionTableId`, `soundTableId`, `physicsState`, `translucency`)
VALUES (35293, 'Asheron''s Castle', 65536, 0, 0, 0, 262164, 0, 0, 0, 0, 0, 0, 8388656, 0, 100674152, 0, 0, 0, 0, 0, 0, 0, 0, 4, 0, 0, 0, 0, 0, 32, 0.8, 0, 0, 0, 0, 0, 0, 0, 0, 0, 33558268, 0, 34821, 0, 0, 536871008, 66580, 0);

INSERT INTO weenie_class (`weenieClassId`, `baseAceObjectId`)
VALUES (35293, 35293);

INSERT INTO `base_ace_object` (`baseAceObjectId`, `name`, `typeId`, `paletteId`, `ammoType`, `blipColor`, `bitField`, `burden`, `combatUse`, `cooldownDuration`, `cooldownId`, `effects`, `containersCapacity`, `header`, `hookTypeId`, `iconId`, `iconOverlayId`, `iconUnderlayId`, `hookItemTypes`, `itemsCapacity`, `location`, `materialType`, `maxStackSize`, `maxStructure`, `radar`, `pscript`, `spellId`, `stackSize`, `structure`, `targetTypeId`, `usability`, `useRadius`, `validLocations`, `value`, `workmanship`, `animationFrameId`, `defaultScript`, `defaultScriptIntensity`, `elasticity`, `friction`, `locationId`, `modelTableId`, `objectScale`, `physicsBitField`, `physicsTableId`, `motionTableId`, `soundTableId`, `physicsState`, `translucency`)
VALUES (24516, 'Asheron''s Sanctum', 65536, 0, 0, 0, 262164, 0, 0, 0, 0, 0, 0, 8388624, 0, 100674152, 0, 0, 0, 0, 0, 0, 0, 0, 4, 0, 0, 0, 0, 0, 32, 0, 0, 0, 0, 0, 0, 0, 0, 0, 0, 33558268, 0, 34817, 0, 0, 536871008, 67596, 0);

INSERT INTO weenie_class (`weenieClassId`, `baseAceObjectId`)
VALUES (24516, 24516);

INSERT INTO `base_ace_object` (`baseAceObjectId`, `name`, `typeId`, `paletteId`, `ammoType`, `blipColor`, `bitField`, `burden`, `combatUse`, `cooldownDuration`, `cooldownId`, `effects`, `containersCapacity`, `header`, `hookTypeId`, `iconId`, `iconOverlayId`, `iconUnderlayId`, `hookItemTypes`, `itemsCapacity`, `location`, `materialType`, `maxStackSize`, `maxStructure`, `radar`, `pscript`, `spellId`, `stackSize`, `structure`, `targetTypeId`, `usability`, `useRadius`, `validLocations`, `value`, `workmanship`, `animationFrameId`, `defaultScript`, `defaultScriptIntensity`, `elasticity`, `friction`, `locationId`, `modelTableId`, `objectScale`, `physicsBitField`, `physicsTableId`, `motionTableId`, `soundTableId`, `physicsState`, `translucency`)
VALUES (10795, 'Obsidian Rim Portal', 65536, 0, 0, 0, 262164, 0, 0, 0, 0, 0, 0, 8388656, 0, 100667499, 0, 0, 0, 0, 0, 0, 0, 0, 4, 0, 0, 0, 0, 0, 32, -0.1, 0, 0, 0, 0, 0, 0, 0, 0, 0, 33555925, 0, 98307, 0, 150994947, 0, 3084, 0);

INSERT INTO weenie_class (`weenieClassId`, `baseAceObjectId`)
VALUES (10795, 10795);

INSERT INTO `base_ace_object` (`baseAceObjectId`, `name`, `typeId`, `paletteId`, `ammoType`, `blipColor`, `bitField`, `burden`, `combatUse`, `cooldownDuration`, `cooldownId`, `effects`, `containersCapacity`, `header`, `hookTypeId`, `iconId`, `iconOverlayId`, `iconUnderlayId`, `hookItemTypes`, `itemsCapacity`, `location`, `materialType`, `maxStackSize`, `maxStructure`, `radar`, `pscript`, `spellId`, `stackSize`, `structure`, `targetTypeId`, `usability`, `useRadius`, `validLocations`, `value`, `workmanship`, `animationFrameId`, `defaultScript`, `defaultScriptIntensity`, `elasticity`, `friction`, `locationId`, `modelTableId`, `objectScale`, `physicsBitField`, `physicsTableId`, `motionTableId`, `soundTableId`, `physicsState`, `translucency`)
VALUES (7211, 'Northwest Direlands Portal', 65536, 0, 0, 0, 262164, 0, 0, 0, 0, 0, 0, 8388656, 0, 100667499, 0, 0, 0, 0, 0, 0, 0, 0, 4, 0, 0, 0, 0, 0, 32, -0.1, 0, 0, 0, 0, 0, 0, 0, 0, 0, 33555926, 0, 98307, 0, 150994947, 0, 3084, 0);

INSERT INTO weenie_class (`weenieClassId`, `baseAceObjectId`)
VALUES (7211, 7211);

INSERT INTO `base_ace_object` (`baseAceObjectId`, `name`, `typeId`, `paletteId`, `ammoType`, `blipColor`, `bitField`, `burden`, `combatUse`, `cooldownDuration`, `cooldownId`, `effects`, `containersCapacity`, `header`, `hookTypeId`, `iconId`, `iconOverlayId`, `iconUnderlayId`, `hookItemTypes`, `itemsCapacity`, `location`, `materialType`, `maxStackSize`, `maxStructure`, `radar`, `pscript`, `spellId`, `stackSize`, `structure`, `targetTypeId`, `usability`, `useRadius`, `validLocations`, `value`, `workmanship`, `animationFrameId`, `defaultScript`, `defaultScriptIntensity`, `elasticity`, `friction`, `locationId`, `modelTableId`, `objectScale`, `physicsBitField`, `physicsTableId`, `motionTableId`, `soundTableId`, `physicsState`, `translucency`)
VALUES (28061, 'Coral Tunnels', 65536, 0, 0, 0, 262164, 0, 0, 0, 0, 0, 0, 8388656, 0, 100667499, 0, 0, 0, 0, 0, 0, 0, 0, 4, 0, 0, 0, 0, 0, 32, -0.1, 0, 0, 0, 0, 0, 0, 0, 0, 0, 33555926, 0, 98307, 0, 150994947, 0, 3084, 0);

INSERT INTO weenie_class (`weenieClassId`, `baseAceObjectId`)
VALUES (28061, 28061);

INSERT INTO `base_ace_object` (`baseAceObjectId`, `name`, `typeId`, `paletteId`, `ammoType`, `blipColor`, `bitField`, `burden`, `combatUse`, `cooldownDuration`, `cooldownId`, `effects`, `containersCapacity`, `header`, `hookTypeId`, `iconId`, `iconOverlayId`, `iconUnderlayId`, `hookItemTypes`, `itemsCapacity`, `location`, `materialType`, `maxStackSize`, `maxStructure`, `radar`, `pscript`, `spellId`, `stackSize`, `structure`, `targetTypeId`, `usability`, `useRadius`, `validLocations`, `value`, `workmanship`, `animationFrameId`, `defaultScript`, `defaultScriptIntensity`, `elasticity`, `friction`, `locationId`, `modelTableId`, `objectScale`, `physicsBitField`, `physicsTableId`, `motionTableId`, `soundTableId`, `physicsState`, `translucency`)
VALUES (7210, 'Obsidian Rim Portal', 65536, 0, 0, 0, 262164, 0, 0, 0, 0, 0, 0, 8388656, 0, 100667499, 0, 0, 0, 0, 0, 0, 0, 0, 4, 0, 0, 0, 0, 0, 32, -0.1, 0, 0, 0, 0, 0, 0, 0, 0, 0, 33555926, 0, 98307, 0, 150994947, 0, 3084, 0);

INSERT INTO weenie_class (`weenieClassId`, `baseAceObjectId`)
VALUES (7210, 7210);

INSERT INTO `base_ace_object` (`baseAceObjectId`, `name`, `typeId`, `paletteId`, `ammoType`, `blipColor`, `bitField`, `burden`, `combatUse`, `cooldownDuration`, `cooldownId`, `effects`, `containersCapacity`, `header`, `hookTypeId`, `iconId`, `iconOverlayId`, `iconUnderlayId`, `hookItemTypes`, `itemsCapacity`, `location`, `materialType`, `maxStackSize`, `maxStructure`, `radar`, `pscript`, `spellId`, `stackSize`, `structure`, `targetTypeId`, `usability`, `useRadius`, `validLocations`, `value`, `workmanship`, `animationFrameId`, `defaultScript`, `defaultScriptIntensity`, `elasticity`, `friction`, `locationId`, `modelTableId`, `objectScale`, `physicsBitField`, `physicsTableId`, `motionTableId`, `soundTableId`, `physicsState`, `translucency`)
VALUES (7194, 'Ayan Baqur Portal', 65536, 0, 0, 0, 262164, 0, 0, 0, 0, 0, 0, 8388656, 0, 100667499, 0, 0, 0, 0, 0, 0, 0, 0, 4, 0, 0, 0, 0, 0, 32, -0.1, 0, 0, 0, 0, 0, 0, 0, 0, 0, 33554867, 0, 98307, 0, 150994947, 0, 3084, 0);

INSERT INTO weenie_class (`weenieClassId`, `baseAceObjectId`)
VALUES (7194, 7194);

INSERT INTO `base_ace_object` (`baseAceObjectId`, `name`, `typeId`, `paletteId`, `ammoType`, `blipColor`, `bitField`, `burden`, `combatUse`, `cooldownDuration`, `cooldownId`, `effects`, `containersCapacity`, `header`, `hookTypeId`, `iconId`, `iconOverlayId`, `iconUnderlayId`, `hookItemTypes`, `itemsCapacity`, `location`, `materialType`, `maxStackSize`, `maxStructure`, `radar`, `pscript`, `spellId`, `stackSize`, `structure`, `targetTypeId`, `usability`, `useRadius`, `validLocations`, `value`, `workmanship`, `animationFrameId`, `defaultScript`, `defaultScriptIntensity`, `elasticity`, `friction`, `locationId`, `modelTableId`, `objectScale`, `physicsBitField`, `physicsTableId`, `motionTableId`, `soundTableId`, `physicsState`, `translucency`)
VALUES (4036, 'Destroyed Uziz Portal', 65536, 0, 0, 0, 262164, 0, 0, 0, 0, 0, 0, 48, 0, 100667499, 0, 0, 0, 0, 0, 0, 0, 0, 0, 0, 0, 0, 0, 0, 1, -0.1, 0, 0, 0, 0, 0, 0, 0, 0, 0, 33561060, 0, 98307, 0, 150995314, 0, 3092, 0);

INSERT INTO weenie_class (`weenieClassId`, `baseAceObjectId`)
VALUES (4036, 4036);

INSERT INTO `base_ace_object` (`baseAceObjectId`, `name`, `typeId`, `paletteId`, `ammoType`, `blipColor`, `bitField`, `burden`, `combatUse`, `cooldownDuration`, `cooldownId`, `effects`, `containersCapacity`, `header`, `hookTypeId`, `iconId`, `iconOverlayId`, `iconUnderlayId`, `hookItemTypes`, `itemsCapacity`, `location`, `materialType`, `maxStackSize`, `maxStructure`, `radar`, `pscript`, `spellId`, `stackSize`, `structure`, `targetTypeId`, `usability`, `useRadius`, `validLocations`, `value`, `workmanship`, `animationFrameId`, `defaultScript`, `defaultScriptIntensity`, `elasticity`, `friction`, `locationId`, `modelTableId`, `objectScale`, `physicsBitField`, `physicsTableId`, `motionTableId`, `soundTableId`, `physicsState`, `translucency`)
VALUES (28709, 'Destroyed Portal to Sanamar', 65536, 0, 0, 0, 262164, 0, 0, 0, 0, 0, 0, 48, 0, 100667499, 0, 0, 0, 0, 0, 0, 0, 0, 0, 0, 0, 0, 0, 0, 1, -0.1, 0, 0, 0, 0, 0, 0, 0, 0, 0, 33561060, 0, 98307, 0, 150995314, 0, 3092, 0);

INSERT INTO weenie_class (`weenieClassId`, `baseAceObjectId`)
VALUES (28709, 28709);

INSERT INTO `base_ace_object` (`baseAceObjectId`, `name`, `typeId`, `paletteId`, `ammoType`, `blipColor`, `bitField`, `burden`, `combatUse`, `cooldownDuration`, `cooldownId`, `effects`, `containersCapacity`, `header`, `hookTypeId`, `iconId`, `iconOverlayId`, `iconUnderlayId`, `hookItemTypes`, `itemsCapacity`, `location`, `materialType`, `maxStackSize`, `maxStructure`, `radar`, `pscript`, `spellId`, `stackSize`, `structure`, `targetTypeId`, `usability`, `useRadius`, `validLocations`, `value`, `workmanship`, `animationFrameId`, `defaultScript`, `defaultScriptIntensity`, `elasticity`, `friction`, `locationId`, `modelTableId`, `objectScale`, `physicsBitField`, `physicsTableId`, `motionTableId`, `soundTableId`, `physicsState`, `translucency`)
VALUES (11959, 'Base of the Timaru Plateau Portal', 65536, 0, 0, 0, 262164, 0, 0, 0, 0, 0, 0, 8388656, 0, 100667499, 0, 0, 0, 0, 0, 0, 0, 0, 4, 0, 0, 0, 0, 0, 32, -0.1, 0, 0, 0, 0, 0, 0, 0, 0, 0, 33554867, 0, 98307, 0, 150994947, 0, 3084, 0);

INSERT INTO weenie_class (`weenieClassId`, `baseAceObjectId`)
VALUES (11959, 11959);

INSERT INTO `base_ace_object` (`baseAceObjectId`, `name`, `typeId`, `paletteId`, `ammoType`, `blipColor`, `bitField`, `burden`, `combatUse`, `cooldownDuration`, `cooldownId`, `effects`, `containersCapacity`, `header`, `hookTypeId`, `iconId`, `iconOverlayId`, `iconUnderlayId`, `hookItemTypes`, `itemsCapacity`, `location`, `materialType`, `maxStackSize`, `maxStructure`, `radar`, `pscript`, `spellId`, `stackSize`, `structure`, `targetTypeId`, `usability`, `useRadius`, `validLocations`, `value`, `workmanship`, `animationFrameId`, `defaultScript`, `defaultScriptIntensity`, `elasticity`, `friction`, `locationId`, `modelTableId`, `objectScale`, `physicsBitField`, `physicsTableId`, `motionTableId`, `soundTableId`, `physicsState`, `translucency`)
VALUES (11958, 'Marescent Plateau Portal', 65536, 0, 0, 0, 262164, 0, 0, 0, 0, 0, 0, 8388656, 0, 100667499, 0, 0, 0, 0, 0, 0, 0, 0, 4, 0, 0, 0, 0, 0, 32, -0.1, 0, 0, 0, 0, 0, 0, 0, 0, 0, 33555926, 0, 98307, 0, 150994947, 0, 3084, 0);

INSERT INTO weenie_class (`weenieClassId`, `baseAceObjectId`)
VALUES (11958, 11958);

INSERT INTO `base_ace_object` (`baseAceObjectId`, `name`, `typeId`, `paletteId`, `ammoType`, `blipColor`, `bitField`, `burden`, `combatUse`, `cooldownDuration`, `cooldownId`, `effects`, `containersCapacity`, `header`, `hookTypeId`, `iconId`, `iconOverlayId`, `iconUnderlayId`, `hookItemTypes`, `itemsCapacity`, `location`, `materialType`, `maxStackSize`, `maxStructure`, `radar`, `pscript`, `spellId`, `stackSize`, `structure`, `targetTypeId`, `usability`, `useRadius`, `validLocations`, `value`, `workmanship`, `animationFrameId`, `defaultScript`, `defaultScriptIntensity`, `elasticity`, `friction`, `locationId`, `modelTableId`, `objectScale`, `physicsBitField`, `physicsTableId`, `motionTableId`, `soundTableId`, `physicsState`, `translucency`)
VALUES (11957, 'Base of the Cliffs Portal', 65536, 0, 0, 0, 262164, 0, 0, 0, 0, 0, 0, 8388656, 0, 100667499, 0, 0, 0, 0, 0, 0, 0, 0, 4, 0, 0, 0, 0, 0, 32, -0.1, 0, 0, 0, 0, 0, 0, 0, 0, 0, 33555926, 0, 98307, 0, 150994947, 0, 3084, 0);

INSERT INTO weenie_class (`weenieClassId`, `baseAceObjectId`)
VALUES (11957, 11957);

INSERT INTO `base_ace_object` (`baseAceObjectId`, `name`, `typeId`, `paletteId`, `ammoType`, `blipColor`, `bitField`, `burden`, `combatUse`, `cooldownDuration`, `cooldownId`, `effects`, `containersCapacity`, `header`, `hookTypeId`, `iconId`, `iconOverlayId`, `iconUnderlayId`, `hookItemTypes`, `itemsCapacity`, `location`, `materialType`, `maxStackSize`, `maxStructure`, `radar`, `pscript`, `spellId`, `stackSize`, `structure`, `targetTypeId`, `usability`, `useRadius`, `validLocations`, `value`, `workmanship`, `animationFrameId`, `defaultScript`, `defaultScriptIntensity`, `elasticity`, `friction`, `locationId`, `modelTableId`, `objectScale`, `physicsBitField`, `physicsTableId`, `motionTableId`, `soundTableId`, `physicsState`, `translucency`)
VALUES (4037, 'Destroyed Baishi Portal', 65536, 0, 0, 0, 262164, 0, 0, 0, 0, 0, 0, 48, 0, 100667499, 0, 0, 0, 0, 0, 0, 0, 0, 0, 0, 0, 0, 0, 0, 1, -0.1, 0, 0, 0, 0, 0, 0, 0, 0, 0, 33561060, 0, 98307, 0, 150995314, 0, 3092, 0);

INSERT INTO weenie_class (`weenieClassId`, `baseAceObjectId`)
VALUES (4037, 4037);

INSERT INTO `base_ace_object` (`baseAceObjectId`, `name`, `typeId`, `paletteId`, `ammoType`, `blipColor`, `bitField`, `burden`, `combatUse`, `cooldownDuration`, `cooldownId`, `effects`, `containersCapacity`, `header`, `hookTypeId`, `iconId`, `iconOverlayId`, `iconUnderlayId`, `hookItemTypes`, `itemsCapacity`, `location`, `materialType`, `maxStackSize`, `maxStructure`, `radar`, `pscript`, `spellId`, `stackSize`, `structure`, `targetTypeId`, `usability`, `useRadius`, `validLocations`, `value`, `workmanship`, `animationFrameId`, `defaultScript`, `defaultScriptIntensity`, `elasticity`, `friction`, `locationId`, `modelTableId`, `objectScale`, `physicsBitField`, `physicsTableId`, `motionTableId`, `soundTableId`, `physicsState`, `translucency`)
VALUES (38998, 'Holtburg Casino VIP Portal', 65536, 0, 0, 0, 262164, 0, 0, 0, 0, 0, 0, 8388656, 0, 100667499, 0, 0, 0, 0, 0, 0, 0, 0, 4, 0, 0, 0, 0, 0, 32, -0.1, 0, 0, 0, 0, 0, 0, 0, 0, 0, 33554867, 0, 98307, 0, 150994947, 0, 3084, 0);

INSERT INTO weenie_class (`weenieClassId`, `baseAceObjectId`)
VALUES (38998, 38998);

INSERT INTO `base_ace_object` (`baseAceObjectId`, `name`, `typeId`, `paletteId`, `ammoType`, `blipColor`, `bitField`, `burden`, `combatUse`, `cooldownDuration`, `cooldownId`, `effects`, `containersCapacity`, `header`, `hookTypeId`, `iconId`, `iconOverlayId`, `iconUnderlayId`, `hookItemTypes`, `itemsCapacity`, `location`, `materialType`, `maxStackSize`, `maxStructure`, `radar`, `pscript`, `spellId`, `stackSize`, `structure`, `targetTypeId`, `usability`, `useRadius`, `validLocations`, `value`, `workmanship`, `animationFrameId`, `defaultScript`, `defaultScriptIntensity`, `elasticity`, `friction`, `locationId`, `modelTableId`, `objectScale`, `physicsBitField`, `physicsTableId`, `motionTableId`, `soundTableId`, `physicsState`, `translucency`)
VALUES (39002, 'Shoushi Casino VIP Portal', 65536, 0, 0, 0, 262164, 0, 0, 0, 0, 0, 0, 8388656, 0, 100667499, 0, 0, 0, 0, 0, 0, 0, 0, 4, 0, 0, 0, 0, 0, 32, -0.1, 0, 0, 0, 0, 0, 0, 0, 0, 0, 33554867, 0, 98307, 0, 150994947, 0, 3084, 0);

INSERT INTO weenie_class (`weenieClassId`, `baseAceObjectId`)
VALUES (39002, 39002);

INSERT INTO `base_ace_object` (`baseAceObjectId`, `name`, `typeId`, `paletteId`, `ammoType`, `blipColor`, `bitField`, `burden`, `combatUse`, `cooldownDuration`, `cooldownId`, `effects`, `containersCapacity`, `header`, `hookTypeId`, `iconId`, `iconOverlayId`, `iconUnderlayId`, `hookItemTypes`, `itemsCapacity`, `location`, `materialType`, `maxStackSize`, `maxStructure`, `radar`, `pscript`, `spellId`, `stackSize`, `structure`, `targetTypeId`, `usability`, `useRadius`, `validLocations`, `value`, `workmanship`, `animationFrameId`, `defaultScript`, `defaultScriptIntensity`, `elasticity`, `friction`, `locationId`, `modelTableId`, `objectScale`, `physicsBitField`, `physicsTableId`, `motionTableId`, `soundTableId`, `physicsState`, `translucency`)
VALUES (39000, 'Yaraq Casino VIP Portal', 65536, 0, 0, 0, 262164, 0, 0, 0, 0, 0, 0, 8388656, 0, 100667499, 0, 0, 0, 0, 0, 0, 0, 0, 4, 0, 0, 0, 0, 0, 32, -0.1, 0, 0, 0, 0, 0, 0, 0, 0, 0, 33554867, 0, 98307, 0, 150994947, 0, 3084, 0);

INSERT INTO weenie_class (`weenieClassId`, `baseAceObjectId`)
VALUES (39000, 39000);

INSERT INTO `base_ace_object` (`baseAceObjectId`, `name`, `typeId`, `paletteId`, `ammoType`, `blipColor`, `bitField`, `burden`, `combatUse`, `cooldownDuration`, `cooldownId`, `effects`, `containersCapacity`, `header`, `hookTypeId`, `iconId`, `iconOverlayId`, `iconUnderlayId`, `hookItemTypes`, `itemsCapacity`, `location`, `materialType`, `maxStackSize`, `maxStructure`, `radar`, `pscript`, `spellId`, `stackSize`, `structure`, `targetTypeId`, `usability`, `useRadius`, `validLocations`, `value`, `workmanship`, `animationFrameId`, `defaultScript`, `defaultScriptIntensity`, `elasticity`, `friction`, `locationId`, `modelTableId`, `objectScale`, `physicsBitField`, `physicsTableId`, `motionTableId`, `soundTableId`, `physicsState`, `translucency`)
VALUES (7294, 'Surface Portal', 65536, 0, 0, 0, 262164, 0, 0, 0, 0, 0, 0, 8388656, 0, 100667499, 0, 0, 0, 0, 0, 0, 0, 0, 4, 0, 0, 0, 0, 0, 32, -0.1, 0, 0, 0, 0, 0, 0, 0, 0, 0, 33554867, 0, 98307, 0, 150994947, 0, 3084, 0);

INSERT INTO weenie_class (`weenieClassId`, `baseAceObjectId`)
VALUES (7294, 7294);

INSERT INTO `base_ace_object` (`baseAceObjectId`, `name`, `typeId`, `paletteId`, `ammoType`, `blipColor`, `bitField`, `burden`, `combatUse`, `cooldownDuration`, `cooldownId`, `effects`, `containersCapacity`, `header`, `hookTypeId`, `iconId`, `iconOverlayId`, `iconUnderlayId`, `hookItemTypes`, `itemsCapacity`, `location`, `materialType`, `maxStackSize`, `maxStructure`, `radar`, `pscript`, `spellId`, `stackSize`, `structure`, `targetTypeId`, `usability`, `useRadius`, `validLocations`, `value`, `workmanship`, `animationFrameId`, `defaultScript`, `defaultScriptIntensity`, `elasticity`, `friction`, `locationId`, `modelTableId`, `objectScale`, `physicsBitField`, `physicsTableId`, `motionTableId`, `soundTableId`, `physicsState`, `translucency`)
VALUES (8217, 'Xarabydun Town Portal', 65536, 0, 0, 0, 262164, 0, 0, 0, 0, 0, 0, 8388656, 0, 100667499, 0, 0, 0, 0, 0, 0, 0, 0, 4, 0, 0, 0, 0, 0, 32, -0.1, 0, 0, 0, 0, 0, 0, 0, 0, 0, 33554867, 0, 98307, 0, 150994947, 0, 3084, 0);

INSERT INTO weenie_class (`weenieClassId`, `baseAceObjectId`)
VALUES (8217, 8217);

INSERT INTO `base_ace_object` (`baseAceObjectId`, `name`, `typeId`, `paletteId`, `ammoType`, `blipColor`, `bitField`, `burden`, `combatUse`, `cooldownDuration`, `cooldownId`, `effects`, `containersCapacity`, `header`, `hookTypeId`, `iconId`, `iconOverlayId`, `iconUnderlayId`, `hookItemTypes`, `itemsCapacity`, `location`, `materialType`, `maxStackSize`, `maxStructure`, `radar`, `pscript`, `spellId`, `stackSize`, `structure`, `targetTypeId`, `usability`, `useRadius`, `validLocations`, `value`, `workmanship`, `animationFrameId`, `defaultScript`, `defaultScriptIntensity`, `elasticity`, `friction`, `locationId`, `modelTableId`, `objectScale`, `physicsBitField`, `physicsTableId`, `motionTableId`, `soundTableId`, `physicsState`, `translucency`)
VALUES (8219, 'Surface Portal', 65536, 0, 0, 0, 262164, 0, 0, 0, 0, 0, 0, 8388656, 0, 100667499, 0, 0, 0, 0, 0, 0, 0, 0, 4, 0, 0, 0, 0, 0, 32, -0.1, 0, 0, 0, 0, 0, 0, 0, 0, 0, 33554867, 0, 98307, 0, 150994947, 0, 3084, 0);

INSERT INTO weenie_class (`weenieClassId`, `baseAceObjectId`)
VALUES (8219, 8219);

INSERT INTO `base_ace_object` (`baseAceObjectId`, `name`, `typeId`, `paletteId`, `ammoType`, `blipColor`, `bitField`, `burden`, `combatUse`, `cooldownDuration`, `cooldownId`, `effects`, `containersCapacity`, `header`, `hookTypeId`, `iconId`, `iconOverlayId`, `iconUnderlayId`, `hookItemTypes`, `itemsCapacity`, `location`, `materialType`, `maxStackSize`, `maxStructure`, `radar`, `pscript`, `spellId`, `stackSize`, `structure`, `targetTypeId`, `usability`, `useRadius`, `validLocations`, `value`, `workmanship`, `animationFrameId`, `defaultScript`, `defaultScriptIntensity`, `elasticity`, `friction`, `locationId`, `modelTableId`, `objectScale`, `physicsBitField`, `physicsTableId`, `motionTableId`, `soundTableId`, `physicsState`, `translucency`)
VALUES (8221, 'Xarabydun Lifestone Portal', 65536, 0, 0, 0, 262164, 0, 0, 0, 0, 0, 0, 8388656, 0, 100667499, 0, 0, 0, 0, 0, 0, 0, 0, 4, 0, 0, 0, 0, 0, 32, -0.1, 0, 0, 0, 0, 0, 0, 0, 0, 0, 33554867, 0, 98307, 0, 150994947, 0, 3084, 0);

INSERT INTO weenie_class (`weenieClassId`, `baseAceObjectId`)
VALUES (8221, 8221);

INSERT INTO `base_ace_object` (`baseAceObjectId`, `name`, `typeId`, `paletteId`, `ammoType`, `blipColor`, `bitField`, `burden`, `combatUse`, `cooldownDuration`, `cooldownId`, `effects`, `containersCapacity`, `header`, `hookTypeId`, `iconId`, `iconOverlayId`, `iconUnderlayId`, `hookItemTypes`, `itemsCapacity`, `location`, `materialType`, `maxStackSize`, `maxStructure`, `radar`, `pscript`, `spellId`, `stackSize`, `structure`, `targetTypeId`, `usability`, `useRadius`, `validLocations`, `value`, `workmanship`, `animationFrameId`, `defaultScript`, `defaultScriptIntensity`, `elasticity`, `friction`, `locationId`, `modelTableId`, `objectScale`, `physicsBitField`, `physicsTableId`, `motionTableId`, `soundTableId`, `physicsState`, `translucency`)
VALUES (32811, 'Bookcase', 65536, 0, 0, 3, 262164, 0, 0, 0, 0, 0, 0, 1048624, 0, 100668246, 0, 0, 0, 0, 0, 0, 0, 0, 0, 0, 0, 0, 0, 0, 32, 0.75, 0, 0, 0, 101, 0, 0, 0, 0, 0, 33554819, 0, 163841, 0, 0, 0, 68612, 0);

INSERT INTO weenie_class (`weenieClassId`, `baseAceObjectId`)
VALUES (32811, 32811);

INSERT INTO `base_ace_object` (`baseAceObjectId`, `name`, `typeId`, `paletteId`, `ammoType`, `blipColor`, `bitField`, `burden`, `combatUse`, `cooldownDuration`, `cooldownId`, `effects`, `containersCapacity`, `header`, `hookTypeId`, `iconId`, `iconOverlayId`, `iconUnderlayId`, `hookItemTypes`, `itemsCapacity`, `location`, `materialType`, `maxStackSize`, `maxStructure`, `radar`, `pscript`, `spellId`, `stackSize`, `structure`, `targetTypeId`, `usability`, `useRadius`, `validLocations`, `value`, `workmanship`, `animationFrameId`, `defaultScript`, `defaultScriptIntensity`, `elasticity`, `friction`, `locationId`, `modelTableId`, `objectScale`, `physicsBitField`, `physicsTableId`, `motionTableId`, `soundTableId`, `physicsState`, `translucency`)
VALUES (7293, 'Halls of Metos', 65536, 0, 0, 0, 262164, 0, 0, 0, 0, 0, 0, 8388656, 0, 100667499, 0, 0, 0, 0, 0, 0, 0, 0, 4, 0, 0, 0, 0, 0, 32, -0.1, 0, 0, 0, 0, 0, 0, 0, 0, 0, 33555923, 0, 98307, 0, 150994947, 0, 3084, 0);

INSERT INTO weenie_class (`weenieClassId`, `baseAceObjectId`)
VALUES (7293, 7293);

INSERT INTO `base_ace_object` (`baseAceObjectId`, `name`, `typeId`, `paletteId`, `ammoType`, `blipColor`, `bitField`, `burden`, `combatUse`, `cooldownDuration`, `cooldownId`, `effects`, `containersCapacity`, `header`, `hookTypeId`, `iconId`, `iconOverlayId`, `iconUnderlayId`, `hookItemTypes`, `itemsCapacity`, `location`, `materialType`, `maxStackSize`, `maxStructure`, `radar`, `pscript`, `spellId`, `stackSize`, `structure`, `targetTypeId`, `usability`, `useRadius`, `validLocations`, `value`, `workmanship`, `animationFrameId`, `defaultScript`, `defaultScriptIntensity`, `elasticity`, `friction`, `locationId`, `modelTableId`, `objectScale`, `physicsBitField`, `physicsTableId`, `motionTableId`, `soundTableId`, `physicsState`, `translucency`)
VALUES (42178, 'Tusker Cave', 65536, 0, 0, 0, 262164, 0, 0, 0, 0, 0, 0, 8388656, 0, 100667499, 0, 0, 0, 0, 0, 0, 0, 0, 4, 0, 0, 0, 0, 0, 32, -0.1, 0, 0, 0, 0, 0, 0, 0, 0, 0, 33554867, 0.8, 98435, 0, 150994947, 0, 3084, 0);

INSERT INTO weenie_class (`weenieClassId`, `baseAceObjectId`)
VALUES (42178, 42178);

INSERT INTO `base_ace_object` (`baseAceObjectId`, `name`, `typeId`, `paletteId`, `ammoType`, `blipColor`, `bitField`, `burden`, `combatUse`, `cooldownDuration`, `cooldownId`, `effects`, `containersCapacity`, `header`, `hookTypeId`, `iconId`, `iconOverlayId`, `iconUnderlayId`, `hookItemTypes`, `itemsCapacity`, `location`, `materialType`, `maxStackSize`, `maxStructure`, `radar`, `pscript`, `spellId`, `stackSize`, `structure`, `targetTypeId`, `usability`, `useRadius`, `validLocations`, `value`, `workmanship`, `animationFrameId`, `defaultScript`, `defaultScriptIntensity`, `elasticity`, `friction`, `locationId`, `modelTableId`, `objectScale`, `physicsBitField`, `physicsTableId`, `motionTableId`, `soundTableId`, `physicsState`, `translucency`)
VALUES (42179, 'Tusker Cavern', 65536, 0, 0, 0, 262164, 0, 0, 0, 0, 0, 0, 8388656, 0, 100667499, 0, 0, 0, 0, 0, 0, 0, 0, 4, 0, 0, 0, 0, 0, 32, -0.1, 0, 0, 0, 0, 0, 0, 0, 0, 0, 33554867, 0.8, 98435, 0, 150994947, 0, 3084, 0);

INSERT INTO weenie_class (`weenieClassId`, `baseAceObjectId`)
VALUES (42179, 42179);

INSERT INTO `base_ace_object` (`baseAceObjectId`, `name`, `typeId`, `paletteId`, `ammoType`, `blipColor`, `bitField`, `burden`, `combatUse`, `cooldownDuration`, `cooldownId`, `effects`, `containersCapacity`, `header`, `hookTypeId`, `iconId`, `iconOverlayId`, `iconUnderlayId`, `hookItemTypes`, `itemsCapacity`, `location`, `materialType`, `maxStackSize`, `maxStructure`, `radar`, `pscript`, `spellId`, `stackSize`, `structure`, `targetTypeId`, `usability`, `useRadius`, `validLocations`, `value`, `workmanship`, `animationFrameId`, `defaultScript`, `defaultScriptIntensity`, `elasticity`, `friction`, `locationId`, `modelTableId`, `objectScale`, `physicsBitField`, `physicsTableId`, `motionTableId`, `soundTableId`, `physicsState`, `translucency`)
VALUES (42175, 'Tusker Abode', 65536, 0, 0, 0, 262164, 0, 0, 0, 0, 0, 0, 8388656, 0, 100667499, 0, 0, 0, 0, 0, 0, 0, 0, 4, 0, 0, 0, 0, 0, 32, -0.1, 0, 0, 0, 0, 0, 0, 0, 0, 0, 33554867, 0.8, 98435, 0, 150994947, 0, 3084, 0);

INSERT INTO weenie_class (`weenieClassId`, `baseAceObjectId`)
VALUES (42175, 42175);

INSERT INTO `base_ace_object` (`baseAceObjectId`, `name`, `typeId`, `paletteId`, `ammoType`, `blipColor`, `bitField`, `burden`, `combatUse`, `cooldownDuration`, `cooldownId`, `effects`, `containersCapacity`, `header`, `hookTypeId`, `iconId`, `iconOverlayId`, `iconUnderlayId`, `hookItemTypes`, `itemsCapacity`, `location`, `materialType`, `maxStackSize`, `maxStructure`, `radar`, `pscript`, `spellId`, `stackSize`, `structure`, `targetTypeId`, `usability`, `useRadius`, `validLocations`, `value`, `workmanship`, `animationFrameId`, `defaultScript`, `defaultScriptIntensity`, `elasticity`, `friction`, `locationId`, `modelTableId`, `objectScale`, `physicsBitField`, `physicsTableId`, `motionTableId`, `soundTableId`, `physicsState`, `translucency`)
VALUES (42146, 'Abandoned Tumerok Site', 65536, 0, 0, 0, 262164, 0, 0, 0, 0, 0, 0, 8388656, 0, 100667499, 0, 0, 0, 0, 0, 0, 0, 0, 4, 0, 0, 0, 0, 0, 32, -0.1, 0, 0, 0, 0, 0, 0, 0, 0, 0, 33554867, 0.8, 98435, 0, 150994947, 0, 3084, 0);

INSERT INTO weenie_class (`weenieClassId`, `baseAceObjectId`)
VALUES (42146, 42146);

INSERT INTO `base_ace_object` (`baseAceObjectId`, `name`, `typeId`, `paletteId`, `ammoType`, `blipColor`, `bitField`, `burden`, `combatUse`, `cooldownDuration`, `cooldownId`, `effects`, `containersCapacity`, `header`, `hookTypeId`, `iconId`, `iconOverlayId`, `iconUnderlayId`, `hookItemTypes`, `itemsCapacity`, `location`, `materialType`, `maxStackSize`, `maxStructure`, `radar`, `pscript`, `spellId`, `stackSize`, `structure`, `targetTypeId`, `usability`, `useRadius`, `validLocations`, `value`, `workmanship`, `animationFrameId`, `defaultScript`, `defaultScriptIntensity`, `elasticity`, `friction`, `locationId`, `modelTableId`, `objectScale`, `physicsBitField`, `physicsTableId`, `motionTableId`, `soundTableId`, `physicsState`, `translucency`)
VALUES (42181, 'Tusker Lodge', 65536, 0, 0, 0, 262164, 0, 0, 0, 0, 0, 0, 8388656, 0, 100667499, 0, 0, 0, 0, 0, 0, 0, 0, 4, 0, 0, 0, 0, 0, 32, -0.1, 0, 0, 0, 0, 0, 0, 0, 0, 0, 33554867, 0.8, 98435, 0, 150994947, 0, 3084, 0);

INSERT INTO weenie_class (`weenieClassId`, `baseAceObjectId`)
VALUES (42181, 42181);

INSERT INTO `base_ace_object` (`baseAceObjectId`, `name`, `typeId`, `paletteId`, `ammoType`, `blipColor`, `bitField`, `burden`, `combatUse`, `cooldownDuration`, `cooldownId`, `effects`, `containersCapacity`, `header`, `hookTypeId`, `iconId`, `iconOverlayId`, `iconUnderlayId`, `hookItemTypes`, `itemsCapacity`, `location`, `materialType`, `maxStackSize`, `maxStructure`, `radar`, `pscript`, `spellId`, `stackSize`, `structure`, `targetTypeId`, `usability`, `useRadius`, `validLocations`, `value`, `workmanship`, `animationFrameId`, `defaultScript`, `defaultScriptIntensity`, `elasticity`, `friction`, `locationId`, `modelTableId`, `objectScale`, `physicsBitField`, `physicsTableId`, `motionTableId`, `soundTableId`, `physicsState`, `translucency`)
VALUES (42176, 'Tusker Barracks', 65536, 0, 0, 0, 262164, 0, 0, 0, 0, 0, 0, 8388656, 0, 100667499, 0, 0, 0, 0, 0, 0, 0, 0, 4, 0, 0, 0, 0, 0, 32, -0.1, 0, 0, 0, 0, 0, 0, 0, 0, 0, 33554867, 0.8, 98435, 0, 150994947, 0, 3084, 0);

INSERT INTO weenie_class (`weenieClassId`, `baseAceObjectId`)
VALUES (42176, 42176);

INSERT INTO `base_ace_object` (`baseAceObjectId`, `name`, `typeId`, `paletteId`, `ammoType`, `blipColor`, `bitField`, `burden`, `combatUse`, `cooldownDuration`, `cooldownId`, `effects`, `containersCapacity`, `header`, `hookTypeId`, `iconId`, `iconOverlayId`, `iconUnderlayId`, `hookItemTypes`, `itemsCapacity`, `location`, `materialType`, `maxStackSize`, `maxStructure`, `radar`, `pscript`, `spellId`, `stackSize`, `structure`, `targetTypeId`, `usability`, `useRadius`, `validLocations`, `value`, `workmanship`, `animationFrameId`, `defaultScript`, `defaultScriptIntensity`, `elasticity`, `friction`, `locationId`, `modelTableId`, `objectScale`, `physicsBitField`, `physicsTableId`, `motionTableId`, `soundTableId`, `physicsState`, `translucency`)
VALUES (42148, 'Ancient Empyrean Grotto', 65536, 0, 0, 0, 262164, 0, 0, 0, 0, 0, 0, 8388656, 0, 100667499, 0, 0, 0, 0, 0, 0, 0, 0, 4, 0, 0, 0, 0, 0, 32, -0.1, 0, 0, 0, 0, 0, 0, 0, 0, 0, 33554867, 0.8, 98435, 0, 150994947, 0, 3084, 0);

INSERT INTO weenie_class (`weenieClassId`, `baseAceObjectId`)
VALUES (42148, 42148);

INSERT INTO `base_ace_object` (`baseAceObjectId`, `name`, `typeId`, `paletteId`, `ammoType`, `blipColor`, `bitField`, `burden`, `combatUse`, `cooldownDuration`, `cooldownId`, `effects`, `containersCapacity`, `header`, `hookTypeId`, `iconId`, `iconOverlayId`, `iconUnderlayId`, `hookItemTypes`, `itemsCapacity`, `location`, `materialType`, `maxStackSize`, `maxStructure`, `radar`, `pscript`, `spellId`, `stackSize`, `structure`, `targetTypeId`, `usability`, `useRadius`, `validLocations`, `value`, `workmanship`, `animationFrameId`, `defaultScript`, `defaultScriptIntensity`, `elasticity`, `friction`, `locationId`, `modelTableId`, `objectScale`, `physicsBitField`, `physicsTableId`, `motionTableId`, `soundTableId`, `physicsState`, `translucency`)
VALUES (42180, 'Tusker Habitat', 65536, 0, 0, 0, 262164, 0, 0, 0, 0, 0, 0, 8388656, 0, 100667499, 0, 0, 0, 0, 0, 0, 0, 0, 4, 0, 0, 0, 0, 0, 32, -0.1, 0, 0, 0, 0, 0, 0, 0, 0, 0, 33554867, 0.8, 98435, 0, 150994947, 0, 3084, 0);

INSERT INTO weenie_class (`weenieClassId`, `baseAceObjectId`)
VALUES (42180, 42180);

INSERT INTO `base_ace_object` (`baseAceObjectId`, `name`, `typeId`, `paletteId`, `ammoType`, `blipColor`, `bitField`, `burden`, `combatUse`, `cooldownDuration`, `cooldownId`, `effects`, `containersCapacity`, `header`, `hookTypeId`, `iconId`, `iconOverlayId`, `iconUnderlayId`, `hookItemTypes`, `itemsCapacity`, `location`, `materialType`, `maxStackSize`, `maxStructure`, `radar`, `pscript`, `spellId`, `stackSize`, `structure`, `targetTypeId`, `usability`, `useRadius`, `validLocations`, `value`, `workmanship`, `animationFrameId`, `defaultScript`, `defaultScriptIntensity`, `elasticity`, `friction`, `locationId`, `modelTableId`, `objectScale`, `physicsBitField`, `physicsTableId`, `motionTableId`, `soundTableId`, `physicsState`, `translucency`)
VALUES (42155, 'The Dark Lair', 65536, 0, 0, 0, 262164, 0, 0, 0, 0, 0, 0, 8388656, 0, 100667499, 0, 0, 0, 0, 0, 0, 0, 0, 4, 0, 0, 0, 0, 0, 32, -0.1, 0, 0, 0, 0, 0, 0, 0, 0, 0, 33554867, 0.8, 98435, 0, 150994947, 0, 3084, 0);

INSERT INTO weenie_class (`weenieClassId`, `baseAceObjectId`)
VALUES (42155, 42155);

INSERT INTO `base_ace_object` (`baseAceObjectId`, `name`, `typeId`, `paletteId`, `ammoType`, `blipColor`, `bitField`, `burden`, `combatUse`, `cooldownDuration`, `cooldownId`, `effects`, `containersCapacity`, `header`, `hookTypeId`, `iconId`, `iconOverlayId`, `iconUnderlayId`, `hookItemTypes`, `itemsCapacity`, `location`, `materialType`, `maxStackSize`, `maxStructure`, `radar`, `pscript`, `spellId`, `stackSize`, `structure`, `targetTypeId`, `usability`, `useRadius`, `validLocations`, `value`, `workmanship`, `animationFrameId`, `defaultScript`, `defaultScriptIntensity`, `elasticity`, `friction`, `locationId`, `modelTableId`, `objectScale`, `physicsBitField`, `physicsTableId`, `motionTableId`, `soundTableId`, `physicsState`, `translucency`)
VALUES (42177, 'Tusker Burrow', 65536, 0, 0, 0, 262164, 0, 0, 0, 0, 0, 0, 8388656, 0, 100667499, 0, 0, 0, 0, 0, 0, 0, 0, 4, 0, 0, 0, 0, 0, 32, -0.1, 0, 0, 0, 0, 0, 0, 0, 0, 0, 33554867, 0.8, 98435, 0, 150994947, 0, 3084, 0);

INSERT INTO weenie_class (`weenieClassId`, `baseAceObjectId`)
VALUES (42177, 42177);

INSERT INTO `base_ace_object` (`baseAceObjectId`, `name`, `typeId`, `paletteId`, `ammoType`, `blipColor`, `bitField`, `burden`, `combatUse`, `cooldownDuration`, `cooldownId`, `effects`, `containersCapacity`, `header`, `hookTypeId`, `iconId`, `iconOverlayId`, `iconUnderlayId`, `hookItemTypes`, `itemsCapacity`, `location`, `materialType`, `maxStackSize`, `maxStructure`, `radar`, `pscript`, `spellId`, `stackSize`, `structure`, `targetTypeId`, `usability`, `useRadius`, `validLocations`, `value`, `workmanship`, `animationFrameId`, `defaultScript`, `defaultScriptIntensity`, `elasticity`, `friction`, `locationId`, `modelTableId`, `objectScale`, `physicsBitField`, `physicsTableId`, `motionTableId`, `soundTableId`, `physicsState`, `translucency`)
VALUES (42154, 'Crumbling Empyrean Mansion', 65536, 0, 0, 0, 262164, 0, 0, 0, 0, 0, 0, 8388656, 0, 100667499, 0, 0, 0, 0, 0, 0, 0, 0, 4, 0, 0, 0, 0, 0, 32, -0.1, 0, 0, 0, 0, 0, 0, 0, 0, 0, 33554867, 0.8, 98435, 0, 150994947, 0, 3084, 0);

INSERT INTO weenie_class (`weenieClassId`, `baseAceObjectId`)
VALUES (42154, 42154);

INSERT INTO `base_ace_object` (`baseAceObjectId`, `name`, `typeId`, `paletteId`, `ammoType`, `blipColor`, `bitField`, `burden`, `combatUse`, `cooldownDuration`, `cooldownId`, `effects`, `containersCapacity`, `header`, `hookTypeId`, `iconId`, `iconOverlayId`, `iconUnderlayId`, `hookItemTypes`, `itemsCapacity`, `location`, `materialType`, `maxStackSize`, `maxStructure`, `radar`, `pscript`, `spellId`, `stackSize`, `structure`, `targetTypeId`, `usability`, `useRadius`, `validLocations`, `value`, `workmanship`, `animationFrameId`, `defaultScript`, `defaultScriptIntensity`, `elasticity`, `friction`, `locationId`, `modelTableId`, `objectScale`, `physicsBitField`, `physicsTableId`, `motionTableId`, `soundTableId`, `physicsState`, `translucency`)
VALUES (42170, 'An Olthoi Soldier Nest', 65536, 0, 0, 0, 262164, 0, 0, 0, 0, 0, 0, 8388656, 0, 100667499, 0, 0, 0, 0, 0, 0, 0, 0, 4, 0, 0, 0, 0, 0, 32, -0.1, 0, 0, 0, 0, 0, 0, 0, 0, 0, 33554867, 0.8, 98435, 0, 150994947, 0, 3084, 0);

INSERT INTO weenie_class (`weenieClassId`, `baseAceObjectId`)
VALUES (42170, 42170);

INSERT INTO `base_ace_object` (`baseAceObjectId`, `name`, `typeId`, `paletteId`, `ammoType`, `blipColor`, `bitField`, `burden`, `combatUse`, `cooldownDuration`, `cooldownId`, `effects`, `containersCapacity`, `header`, `hookTypeId`, `iconId`, `iconOverlayId`, `iconUnderlayId`, `hookItemTypes`, `itemsCapacity`, `location`, `materialType`, `maxStackSize`, `maxStructure`, `radar`, `pscript`, `spellId`, `stackSize`, `structure`, `targetTypeId`, `usability`, `useRadius`, `validLocations`, `value`, `workmanship`, `animationFrameId`, `defaultScript`, `defaultScriptIntensity`, `elasticity`, `friction`, `locationId`, `modelTableId`, `objectScale`, `physicsBitField`, `physicsTableId`, `motionTableId`, `soundTableId`, `physicsState`, `translucency`)
VALUES (42182, 'Tusker Quarters', 65536, 0, 0, 0, 262164, 0, 0, 0, 0, 0, 0, 8388656, 0, 100667499, 0, 0, 0, 0, 0, 0, 0, 0, 4, 0, 0, 0, 0, 0, 32, -0.1, 0, 0, 0, 0, 0, 0, 0, 0, 0, 33554867, 0.8, 98435, 0, 150994947, 0, 3084, 0);

INSERT INTO weenie_class (`weenieClassId`, `baseAceObjectId`)
VALUES (42182, 42182);

INSERT INTO `base_ace_object` (`baseAceObjectId`, `name`, `typeId`, `paletteId`, `ammoType`, `blipColor`, `bitField`, `burden`, `combatUse`, `cooldownDuration`, `cooldownId`, `effects`, `containersCapacity`, `header`, `hookTypeId`, `iconId`, `iconOverlayId`, `iconUnderlayId`, `hookItemTypes`, `itemsCapacity`, `location`, `materialType`, `maxStackSize`, `maxStructure`, `radar`, `pscript`, `spellId`, `stackSize`, `structure`, `targetTypeId`, `usability`, `useRadius`, `validLocations`, `value`, `workmanship`, `animationFrameId`, `defaultScript`, `defaultScriptIntensity`, `elasticity`, `friction`, `locationId`, `modelTableId`, `objectScale`, `physicsBitField`, `physicsTableId`, `motionTableId`, `soundTableId`, `physicsState`, `translucency`)
VALUES (42174, 'Tumerok Camps', 65536, 0, 0, 0, 262164, 0, 0, 0, 0, 0, 0, 8388656, 0, 100667499, 0, 0, 0, 0, 0, 0, 0, 0, 4, 0, 0, 0, 0, 0, 32, -0.1, 0, 0, 0, 0, 0, 0, 0, 0, 0, 33554867, 0.8, 98435, 0, 150994947, 0, 3084, 0);

INSERT INTO weenie_class (`weenieClassId`, `baseAceObjectId`)
VALUES (42174, 42174);

INSERT INTO `base_ace_object` (`baseAceObjectId`, `name`, `typeId`, `paletteId`, `ammoType`, `blipColor`, `bitField`, `burden`, `combatUse`, `cooldownDuration`, `cooldownId`, `effects`, `containersCapacity`, `header`, `hookTypeId`, `iconId`, `iconOverlayId`, `iconUnderlayId`, `hookItemTypes`, `itemsCapacity`, `location`, `materialType`, `maxStackSize`, `maxStructure`, `radar`, `pscript`, `spellId`, `stackSize`, `structure`, `targetTypeId`, `usability`, `useRadius`, `validLocations`, `value`, `workmanship`, `animationFrameId`, `defaultScript`, `defaultScriptIntensity`, `elasticity`, `friction`, `locationId`, `modelTableId`, `objectScale`, `physicsBitField`, `physicsTableId`, `motionTableId`, `soundTableId`, `physicsState`, `translucency`)
VALUES (42164, 'Skeleton Fort', 65536, 0, 0, 0, 262164, 0, 0, 0, 0, 0, 0, 8388656, 0, 100667499, 0, 0, 0, 0, 0, 0, 0, 0, 4, 0, 0, 0, 0, 0, 32, -0.1, 0, 0, 0, 0, 0, 0, 0, 0, 0, 33554867, 0.8, 98435, 0, 150994947, 0, 3084, 0);

INSERT INTO weenie_class (`weenieClassId`, `baseAceObjectId`)
VALUES (42164, 42164);

INSERT INTO `base_ace_object` (`baseAceObjectId`, `name`, `typeId`, `paletteId`, `ammoType`, `blipColor`, `bitField`, `burden`, `combatUse`, `cooldownDuration`, `cooldownId`, `effects`, `containersCapacity`, `header`, `hookTypeId`, `iconId`, `iconOverlayId`, `iconUnderlayId`, `hookItemTypes`, `itemsCapacity`, `location`, `materialType`, `maxStackSize`, `maxStructure`, `radar`, `pscript`, `spellId`, `stackSize`, `structure`, `targetTypeId`, `usability`, `useRadius`, `validLocations`, `value`, `workmanship`, `animationFrameId`, `defaultScript`, `defaultScriptIntensity`, `elasticity`, `friction`, `locationId`, `modelTableId`, `objectScale`, `physicsBitField`, `physicsTableId`, `motionTableId`, `soundTableId`, `physicsState`, `translucency`)
VALUES (42169, 'Mountain Sewer', 65536, 0, 0, 0, 262164, 0, 0, 0, 0, 0, 0, 8388656, 0, 100667499, 0, 0, 0, 0, 0, 0, 0, 0, 4, 0, 0, 0, 0, 0, 32, -0.1, 0, 0, 0, 0, 0, 0, 0, 0, 0, 33554867, 0.8, 98435, 0, 150994947, 0, 3084, 0);

INSERT INTO weenie_class (`weenieClassId`, `baseAceObjectId`)
VALUES (42169, 42169);

INSERT INTO `base_ace_object` (`baseAceObjectId`, `name`, `typeId`, `paletteId`, `ammoType`, `blipColor`, `bitField`, `burden`, `combatUse`, `cooldownDuration`, `cooldownId`, `effects`, `containersCapacity`, `header`, `hookTypeId`, `iconId`, `iconOverlayId`, `iconUnderlayId`, `hookItemTypes`, `itemsCapacity`, `location`, `materialType`, `maxStackSize`, `maxStructure`, `radar`, `pscript`, `spellId`, `stackSize`, `structure`, `targetTypeId`, `usability`, `useRadius`, `validLocations`, `value`, `workmanship`, `animationFrameId`, `defaultScript`, `defaultScriptIntensity`, `elasticity`, `friction`, `locationId`, `modelTableId`, `objectScale`, `physicsBitField`, `physicsTableId`, `motionTableId`, `soundTableId`, `physicsState`, `translucency`)
VALUES (42160, 'Green Mire Grave', 65536, 0, 0, 0, 262164, 0, 0, 0, 0, 0, 0, 8388656, 0, 100667499, 0, 0, 0, 0, 0, 0, 0, 0, 4, 0, 0, 0, 0, 0, 32, -0.1, 0, 0, 0, 0, 0, 0, 0, 0, 0, 33554867, 0.8, 98435, 0, 150994947, 0, 3084, 0);

INSERT INTO weenie_class (`weenieClassId`, `baseAceObjectId`)
VALUES (42160, 42160);

INSERT INTO `base_ace_object` (`baseAceObjectId`, `name`, `typeId`, `paletteId`, `ammoType`, `blipColor`, `bitField`, `burden`, `combatUse`, `cooldownDuration`, `cooldownId`, `effects`, `containersCapacity`, `header`, `hookTypeId`, `iconId`, `iconOverlayId`, `iconUnderlayId`, `hookItemTypes`, `itemsCapacity`, `location`, `materialType`, `maxStackSize`, `maxStructure`, `radar`, `pscript`, `spellId`, `stackSize`, `structure`, `targetTypeId`, `usability`, `useRadius`, `validLocations`, `value`, `workmanship`, `animationFrameId`, `defaultScript`, `defaultScriptIntensity`, `elasticity`, `friction`, `locationId`, `modelTableId`, `objectScale`, `physicsBitField`, `physicsTableId`, `motionTableId`, `soundTableId`, `physicsState`, `translucency`)
VALUES (42163, 'Mosswart Camp', 65536, 0, 0, 0, 262164, 0, 0, 0, 0, 0, 0, 8388656, 0, 100667499, 0, 0, 0, 0, 0, 0, 0, 0, 4, 0, 0, 0, 0, 0, 32, -0.1, 0, 0, 0, 0, 0, 0, 0, 0, 0, 33554867, 0.8, 98435, 0, 150994947, 0, 3084, 0);

INSERT INTO weenie_class (`weenieClassId`, `baseAceObjectId`)
VALUES (42163, 42163);

INSERT INTO `base_ace_object` (`baseAceObjectId`, `name`, `typeId`, `paletteId`, `ammoType`, `blipColor`, `bitField`, `burden`, `combatUse`, `cooldownDuration`, `cooldownId`, `effects`, `containersCapacity`, `header`, `hookTypeId`, `iconId`, `iconOverlayId`, `iconUnderlayId`, `hookItemTypes`, `itemsCapacity`, `location`, `materialType`, `maxStackSize`, `maxStructure`, `radar`, `pscript`, `spellId`, `stackSize`, `structure`, `targetTypeId`, `usability`, `useRadius`, `validLocations`, `value`, `workmanship`, `animationFrameId`, `defaultScript`, `defaultScriptIntensity`, `elasticity`, `friction`, `locationId`, `modelTableId`, `objectScale`, `physicsBitField`, `physicsTableId`, `motionTableId`, `soundTableId`, `physicsState`, `translucency`)
VALUES (42152, 'Mite Maze', 65536, 0, 0, 0, 262164, 0, 0, 0, 0, 0, 0, 8388656, 0, 100667499, 0, 0, 0, 0, 0, 0, 0, 0, 4, 0, 0, 0, 0, 0, 32, -0.1, 0, 0, 0, 0, 0, 0, 0, 0, 0, 33554867, 0.8, 98435, 0, 150994947, 0, 3084, 0);

INSERT INTO weenie_class (`weenieClassId`, `baseAceObjectId`)
VALUES (42152, 42152);

INSERT INTO `base_ace_object` (`baseAceObjectId`, `name`, `typeId`, `paletteId`, `ammoType`, `blipColor`, `bitField`, `burden`, `combatUse`, `cooldownDuration`, `cooldownId`, `effects`, `containersCapacity`, `header`, `hookTypeId`, `iconId`, `iconOverlayId`, `iconUnderlayId`, `hookItemTypes`, `itemsCapacity`, `location`, `materialType`, `maxStackSize`, `maxStructure`, `radar`, `pscript`, `spellId`, `stackSize`, `structure`, `targetTypeId`, `usability`, `useRadius`, `validLocations`, `value`, `workmanship`, `animationFrameId`, `defaultScript`, `defaultScriptIntensity`, `elasticity`, `friction`, `locationId`, `modelTableId`, `objectScale`, `physicsBitField`, `physicsTableId`, `motionTableId`, `soundTableId`, `physicsState`, `translucency`)
VALUES (42149, 'Banderling Camp', 65536, 0, 0, 0, 262164, 0, 0, 0, 0, 0, 0, 8388656, 0, 100667499, 0, 0, 0, 0, 0, 0, 0, 0, 4, 0, 0, 0, 0, 0, 32, -0.1, 0, 0, 0, 0, 0, 0, 0, 0, 0, 33554867, 0.8, 98435, 0, 150994947, 0, 3084, 0);

INSERT INTO weenie_class (`weenieClassId`, `baseAceObjectId`)
VALUES (42149, 42149);

INSERT INTO `base_ace_object` (`baseAceObjectId`, `name`, `typeId`, `paletteId`, `ammoType`, `blipColor`, `bitField`, `burden`, `combatUse`, `cooldownDuration`, `cooldownId`, `effects`, `containersCapacity`, `header`, `hookTypeId`, `iconId`, `iconOverlayId`, `iconUnderlayId`, `hookItemTypes`, `itemsCapacity`, `location`, `materialType`, `maxStackSize`, `maxStructure`, `radar`, `pscript`, `spellId`, `stackSize`, `structure`, `targetTypeId`, `usability`, `useRadius`, `validLocations`, `value`, `workmanship`, `animationFrameId`, `defaultScript`, `defaultScriptIntensity`, `elasticity`, `friction`, `locationId`, `modelTableId`, `objectScale`, `physicsBitField`, `physicsTableId`, `motionTableId`, `soundTableId`, `physicsState`, `translucency`)
VALUES (42150, 'Colier', 65536, 0, 0, 0, 262164, 0, 0, 0, 0, 0, 0, 8388656, 0, 100667499, 0, 0, 0, 0, 0, 0, 0, 0, 4, 0, 0, 0, 0, 0, 32, -0.1, 0, 0, 0, 0, 0, 0, 0, 0, 0, 33554867, 0.8, 98435, 0, 150994947, 0, 3084, 0);

INSERT INTO weenie_class (`weenieClassId`, `baseAceObjectId`)
VALUES (42150, 42150);

INSERT INTO `base_ace_object` (`baseAceObjectId`, `name`, `typeId`, `paletteId`, `ammoType`, `blipColor`, `bitField`, `burden`, `combatUse`, `cooldownDuration`, `cooldownId`, `effects`, `containersCapacity`, `header`, `hookTypeId`, `iconId`, `iconOverlayId`, `iconUnderlayId`, `hookItemTypes`, `itemsCapacity`, `location`, `materialType`, `maxStackSize`, `maxStructure`, `radar`, `pscript`, `spellId`, `stackSize`, `structure`, `targetTypeId`, `usability`, `useRadius`, `validLocations`, `value`, `workmanship`, `animationFrameId`, `defaultScript`, `defaultScriptIntensity`, `elasticity`, `friction`, `locationId`, `modelTableId`, `objectScale`, `physicsBitField`, `physicsTableId`, `motionTableId`, `soundTableId`, `physicsState`, `translucency`)
VALUES (42158, 'Folthid Estate', 65536, 0, 0, 0, 262164, 0, 0, 0, 0, 0, 0, 8388656, 0, 100667499, 0, 0, 0, 0, 0, 0, 0, 0, 4, 0, 0, 0, 0, 0, 32, -0.1, 0, 0, 0, 0, 0, 0, 0, 0, 0, 33554867, 0.8, 98435, 0, 150994947, 0, 3084, 0);

INSERT INTO weenie_class (`weenieClassId`, `baseAceObjectId`)
VALUES (42158, 42158);

INSERT INTO `base_ace_object` (`baseAceObjectId`, `name`, `typeId`, `paletteId`, `ammoType`, `blipColor`, `bitField`, `burden`, `combatUse`, `cooldownDuration`, `cooldownId`, `effects`, `containersCapacity`, `header`, `hookTypeId`, `iconId`, `iconOverlayId`, `iconUnderlayId`, `hookItemTypes`, `itemsCapacity`, `location`, `materialType`, `maxStackSize`, `maxStructure`, `radar`, `pscript`, `spellId`, `stackSize`, `structure`, `targetTypeId`, `usability`, `useRadius`, `validLocations`, `value`, `workmanship`, `animationFrameId`, `defaultScript`, `defaultScriptIntensity`, `elasticity`, `friction`, `locationId`, `modelTableId`, `objectScale`, `physicsBitField`, `physicsTableId`, `motionTableId`, `soundTableId`, `physicsState`, `translucency`)
VALUES (42171, 'Halls of Helm', 65536, 0, 0, 0, 262164, 0, 0, 0, 0, 0, 0, 8388656, 0, 100667499, 0, 0, 0, 0, 0, 0, 0, 0, 4, 0, 0, 0, 0, 0, 32, -0.1, 0, 0, 0, 0, 0, 0, 0, 0, 0, 33554867, 0.8, 98435, 0, 150994947, 0, 3084, 0);

INSERT INTO weenie_class (`weenieClassId`, `baseAceObjectId`)
VALUES (42171, 42171);

INSERT INTO `base_ace_object` (`baseAceObjectId`, `name`, `typeId`, `paletteId`, `ammoType`, `blipColor`, `bitField`, `burden`, `combatUse`, `cooldownDuration`, `cooldownId`, `effects`, `containersCapacity`, `header`, `hookTypeId`, `iconId`, `iconOverlayId`, `iconUnderlayId`, `hookItemTypes`, `itemsCapacity`, `location`, `materialType`, `maxStackSize`, `maxStructure`, `radar`, `pscript`, `spellId`, `stackSize`, `structure`, `targetTypeId`, `usability`, `useRadius`, `validLocations`, `value`, `workmanship`, `animationFrameId`, `defaultScript`, `defaultScriptIntensity`, `elasticity`, `friction`, `locationId`, `modelTableId`, `objectScale`, `physicsBitField`, `physicsTableId`, `motionTableId`, `soundTableId`, `physicsState`, `translucency`)
VALUES (42162, 'Haunted Mansion', 65536, 0, 0, 0, 262164, 0, 0, 0, 0, 0, 0, 8388656, 0, 100667499, 0, 0, 0, 0, 0, 0, 0, 0, 4, 0, 0, 0, 0, 0, 32, -0.1, 0, 0, 0, 0, 0, 0, 0, 0, 0, 33554867, 0.8, 98435, 0, 150994947, 0, 3084, 0);

INSERT INTO weenie_class (`weenieClassId`, `baseAceObjectId`)
VALUES (42162, 42162);

INSERT INTO `base_ace_object` (`baseAceObjectId`, `name`, `typeId`, `paletteId`, `ammoType`, `blipColor`, `bitField`, `burden`, `combatUse`, `cooldownDuration`, `cooldownId`, `effects`, `containersCapacity`, `header`, `hookTypeId`, `iconId`, `iconOverlayId`, `iconUnderlayId`, `hookItemTypes`, `itemsCapacity`, `location`, `materialType`, `maxStackSize`, `maxStructure`, `radar`, `pscript`, `spellId`, `stackSize`, `structure`, `targetTypeId`, `usability`, `useRadius`, `validLocations`, `value`, `workmanship`, `animationFrameId`, `defaultScript`, `defaultScriptIntensity`, `elasticity`, `friction`, `locationId`, `modelTableId`, `objectScale`, `physicsBitField`, `physicsTableId`, `motionTableId`, `soundTableId`, `physicsState`, `translucency`)
VALUES (42147, 'Suntik', 65536, 0, 0, 0, 262164, 0, 0, 0, 0, 0, 0, 8388656, 0, 100667499, 0, 0, 0, 0, 0, 0, 0, 0, 4, 0, 0, 0, 0, 0, 32, -0.1, 0, 0, 0, 0, 0, 0, 0, 0, 0, 33554867, 0.8, 98435, 0, 150994947, 0, 3084, 0);

INSERT INTO weenie_class (`weenieClassId`, `baseAceObjectId`)
VALUES (42147, 42147);

INSERT INTO `base_ace_object` (`baseAceObjectId`, `name`, `typeId`, `paletteId`, `ammoType`, `blipColor`, `bitField`, `burden`, `combatUse`, `cooldownDuration`, `cooldownId`, `effects`, `containersCapacity`, `header`, `hookTypeId`, `iconId`, `iconOverlayId`, `iconUnderlayId`, `hookItemTypes`, `itemsCapacity`, `location`, `materialType`, `maxStackSize`, `maxStructure`, `radar`, `pscript`, `spellId`, `stackSize`, `structure`, `targetTypeId`, `usability`, `useRadius`, `validLocations`, `value`, `workmanship`, `animationFrameId`, `defaultScript`, `defaultScriptIntensity`, `elasticity`, `friction`, `locationId`, `modelTableId`, `objectScale`, `physicsBitField`, `physicsTableId`, `motionTableId`, `soundTableId`, `physicsState`, `translucency`)
VALUES (42159, 'Glenden Wood', 65536, 0, 0, 0, 262164, 0, 0, 0, 0, 0, 0, 8388656, 0, 100667499, 0, 0, 0, 0, 0, 0, 0, 0, 4, 0, 0, 0, 0, 0, 32, -0.1, 0, 0, 0, 0, 0, 0, 0, 0, 0, 33554867, 0.8, 98435, 0, 150994947, 0, 3084, 0);

INSERT INTO weenie_class (`weenieClassId`, `baseAceObjectId`)
VALUES (42159, 42159);

INSERT INTO `base_ace_object` (`baseAceObjectId`, `name`, `typeId`, `paletteId`, `ammoType`, `blipColor`, `bitField`, `burden`, `combatUse`, `cooldownDuration`, `cooldownId`, `effects`, `containersCapacity`, `header`, `hookTypeId`, `iconId`, `iconOverlayId`, `iconUnderlayId`, `hookItemTypes`, `itemsCapacity`, `location`, `materialType`, `maxStackSize`, `maxStructure`, `radar`, `pscript`, `spellId`, `stackSize`, `structure`, `targetTypeId`, `usability`, `useRadius`, `validLocations`, `value`, `workmanship`, `animationFrameId`, `defaultScript`, `defaultScriptIntensity`, `elasticity`, `friction`, `locationId`, `modelTableId`, `objectScale`, `physicsBitField`, `physicsTableId`, `motionTableId`, `soundTableId`, `physicsState`, `translucency`)
VALUES (42151, 'Blackmire Temple', 65536, 0, 0, 0, 262164, 0, 0, 0, 0, 0, 0, 8388656, 0, 100667499, 0, 0, 0, 0, 0, 0, 0, 0, 4, 0, 0, 0, 0, 0, 32, -0.1, 0, 0, 0, 0, 0, 0, 0, 0, 0, 33554867, 0.8, 98435, 0, 150994947, 0, 3084, 0);

INSERT INTO weenie_class (`weenieClassId`, `baseAceObjectId`)
VALUES (42151, 42151);

INSERT INTO `base_ace_object` (`baseAceObjectId`, `name`, `typeId`, `paletteId`, `ammoType`, `blipColor`, `bitField`, `burden`, `combatUse`, `cooldownDuration`, `cooldownId`, `effects`, `containersCapacity`, `header`, `hookTypeId`, `iconId`, `iconOverlayId`, `iconUnderlayId`, `hookItemTypes`, `itemsCapacity`, `location`, `materialType`, `maxStackSize`, `maxStructure`, `radar`, `pscript`, `spellId`, `stackSize`, `structure`, `targetTypeId`, `usability`, `useRadius`, `validLocations`, `value`, `workmanship`, `animationFrameId`, `defaultScript`, `defaultScriptIntensity`, `elasticity`, `friction`, `locationId`, `modelTableId`, `objectScale`, `physicsBitField`, `physicsTableId`, `motionTableId`, `soundTableId`, `physicsState`, `translucency`)
VALUES (42161, 'Bellig Tower Base', 65536, 0, 0, 0, 262164, 0, 0, 0, 0, 0, 0, 8388656, 0, 100667499, 0, 0, 0, 0, 0, 0, 0, 0, 4, 0, 0, 0, 0, 0, 32, -0.1, 0, 0, 0, 0, 0, 0, 0, 0, 0, 33554867, 0.8, 98435, 0, 150994947, 0, 3084, 0);

INSERT INTO weenie_class (`weenieClassId`, `baseAceObjectId`)
VALUES (42161, 42161);

INSERT INTO `base_ace_object` (`baseAceObjectId`, `name`, `typeId`, `paletteId`, `ammoType`, `blipColor`, `bitField`, `burden`, `combatUse`, `cooldownDuration`, `cooldownId`, `effects`, `containersCapacity`, `header`, `hookTypeId`, `iconId`, `iconOverlayId`, `iconUnderlayId`, `hookItemTypes`, `itemsCapacity`, `location`, `materialType`, `maxStackSize`, `maxStructure`, `radar`, `pscript`, `spellId`, `stackSize`, `structure`, `targetTypeId`, `usability`, `useRadius`, `validLocations`, `value`, `workmanship`, `animationFrameId`, `defaultScript`, `defaultScriptIntensity`, `elasticity`, `friction`, `locationId`, `modelTableId`, `objectScale`, `physicsBitField`, `physicsTableId`, `motionTableId`, `soundTableId`, `physicsState`, `translucency`)
VALUES (42165, 'Hunter''s Leap', 65536, 0, 0, 0, 262164, 0, 0, 0, 0, 0, 0, 8388656, 0, 100667499, 0, 0, 0, 0, 0, 0, 0, 0, 4, 0, 0, 0, 0, 0, 32, -0.1, 0, 0, 0, 0, 0, 0, 0, 0, 0, 33554867, 0.8, 98435, 0, 150994947, 0, 3084, 0);

INSERT INTO weenie_class (`weenieClassId`, `baseAceObjectId`)
VALUES (42165, 42165);

INSERT INTO `base_ace_object` (`baseAceObjectId`, `name`, `typeId`, `paletteId`, `ammoType`, `blipColor`, `bitField`, `burden`, `combatUse`, `cooldownDuration`, `cooldownId`, `effects`, `containersCapacity`, `header`, `hookTypeId`, `iconId`, `iconOverlayId`, `iconUnderlayId`, `hookItemTypes`, `itemsCapacity`, `location`, `materialType`, `maxStackSize`, `maxStructure`, `radar`, `pscript`, `spellId`, `stackSize`, `structure`, `targetTypeId`, `usability`, `useRadius`, `validLocations`, `value`, `workmanship`, `animationFrameId`, `defaultScript`, `defaultScriptIntensity`, `elasticity`, `friction`, `locationId`, `modelTableId`, `objectScale`, `physicsBitField`, `physicsTableId`, `motionTableId`, `soundTableId`, `physicsState`, `translucency`)
VALUES (42157, 'Fledgemaster''s Camp', 65536, 0, 0, 0, 262164, 0, 0, 0, 0, 0, 0, 8388656, 0, 100667499, 0, 0, 0, 0, 0, 0, 0, 0, 4, 0, 0, 0, 0, 0, 32, -0.1, 0, 0, 0, 0, 0, 0, 0, 0, 0, 33554867, 0.8, 98435, 0, 150994947, 0, 3084, 0);

INSERT INTO weenie_class (`weenieClassId`, `baseAceObjectId`)
VALUES (42157, 42157);

INSERT INTO `base_ace_object` (`baseAceObjectId`, `name`, `typeId`, `paletteId`, `ammoType`, `blipColor`, `bitField`, `burden`, `combatUse`, `cooldownDuration`, `cooldownId`, `effects`, `containersCapacity`, `header`, `hookTypeId`, `iconId`, `iconOverlayId`, `iconUnderlayId`, `hookItemTypes`, `itemsCapacity`, `location`, `materialType`, `maxStackSize`, `maxStructure`, `radar`, `pscript`, `spellId`, `stackSize`, `structure`, `targetTypeId`, `usability`, `useRadius`, `validLocations`, `value`, `workmanship`, `animationFrameId`, `defaultScript`, `defaultScriptIntensity`, `elasticity`, `friction`, `locationId`, `modelTableId`, `objectScale`, `physicsBitField`, `physicsTableId`, `motionTableId`, `soundTableId`, `physicsState`, `translucency`)
VALUES (42167, 'Mosswart Maze', 65536, 0, 0, 0, 262164, 0, 0, 0, 0, 0, 0, 8388656, 0, 100667499, 0, 0, 0, 0, 0, 0, 0, 0, 4, 0, 0, 0, 0, 0, 32, -0.1, 0, 0, 0, 0, 0, 0, 0, 0, 0, 33554867, 0.8, 98435, 0, 150994947, 0, 3084, 0);

INSERT INTO weenie_class (`weenieClassId`, `baseAceObjectId`)
VALUES (42167, 42167);

INSERT INTO `base_ace_object` (`baseAceObjectId`, `name`, `typeId`, `paletteId`, `ammoType`, `blipColor`, `bitField`, `burden`, `combatUse`, `cooldownDuration`, `cooldownId`, `effects`, `containersCapacity`, `header`, `hookTypeId`, `iconId`, `iconOverlayId`, `iconUnderlayId`, `hookItemTypes`, `itemsCapacity`, `location`, `materialType`, `maxStackSize`, `maxStructure`, `radar`, `pscript`, `spellId`, `stackSize`, `structure`, `targetTypeId`, `usability`, `useRadius`, `validLocations`, `value`, `workmanship`, `animationFrameId`, `defaultScript`, `defaultScriptIntensity`, `elasticity`, `friction`, `locationId`, `modelTableId`, `objectScale`, `physicsBitField`, `physicsTableId`, `motionTableId`, `soundTableId`, `physicsState`, `translucency`)
VALUES (42166, 'Banderling Conquest Dungeon', 65536, 0, 0, 0, 262164, 0, 0, 0, 0, 0, 0, 8388656, 0, 100667499, 0, 0, 0, 0, 0, 0, 0, 0, 4, 0, 0, 0, 0, 0, 32, -0.1, 0, 0, 0, 0, 0, 0, 0, 0, 0, 33554867, 0.8, 98435, 0, 150994947, 0, 3084, 0);

INSERT INTO weenie_class (`weenieClassId`, `baseAceObjectId`)
VALUES (42166, 42166);

INSERT INTO `base_ace_object` (`baseAceObjectId`, `name`, `typeId`, `paletteId`, `ammoType`, `blipColor`, `bitField`, `burden`, `combatUse`, `cooldownDuration`, `cooldownId`, `effects`, `containersCapacity`, `header`, `hookTypeId`, `iconId`, `iconOverlayId`, `iconUnderlayId`, `hookItemTypes`, `itemsCapacity`, `location`, `materialType`, `maxStackSize`, `maxStructure`, `radar`, `pscript`, `spellId`, `stackSize`, `structure`, `targetTypeId`, `usability`, `useRadius`, `validLocations`, `value`, `workmanship`, `animationFrameId`, `defaultScript`, `defaultScriptIntensity`, `elasticity`, `friction`, `locationId`, `modelTableId`, `objectScale`, `physicsBitField`, `physicsTableId`, `motionTableId`, `soundTableId`, `physicsState`, `translucency`)
VALUES (42153, 'Castle of Baron Nuvillus', 65536, 0, 0, 0, 262164, 0, 0, 0, 0, 0, 0, 8388656, 0, 100667499, 0, 0, 0, 0, 0, 0, 0, 0, 4, 0, 0, 0, 0, 0, 32, -0.1, 0, 0, 0, 0, 0, 0, 0, 0, 0, 33554867, 0.8, 98435, 0, 150994947, 0, 3084, 0);

INSERT INTO weenie_class (`weenieClassId`, `baseAceObjectId`)
VALUES (42153, 42153);

INSERT INTO `base_ace_object` (`baseAceObjectId`, `name`, `typeId`, `paletteId`, `ammoType`, `blipColor`, `bitField`, `burden`, `combatUse`, `cooldownDuration`, `cooldownId`, `effects`, `containersCapacity`, `header`, `hookTypeId`, `iconId`, `iconOverlayId`, `iconUnderlayId`, `hookItemTypes`, `itemsCapacity`, `location`, `materialType`, `maxStackSize`, `maxStructure`, `radar`, `pscript`, `spellId`, `stackSize`, `structure`, `targetTypeId`, `usability`, `useRadius`, `validLocations`, `value`, `workmanship`, `animationFrameId`, `defaultScript`, `defaultScriptIntensity`, `elasticity`, `friction`, `locationId`, `modelTableId`, `objectScale`, `physicsBitField`, `physicsTableId`, `motionTableId`, `soundTableId`, `physicsState`, `translucency`)
VALUES (42173, 'Trothyr''s Rest', 65536, 0, 0, 0, 262164, 0, 0, 0, 0, 0, 0, 8388656, 0, 100667499, 0, 0, 0, 0, 0, 0, 0, 0, 4, 0, 0, 0, 0, 0, 32, -0.1, 0, 0, 0, 0, 0, 0, 0, 0, 0, 33554867, 0.8, 98435, 0, 150994947, 0, 3084, 0);

INSERT INTO weenie_class (`weenieClassId`, `baseAceObjectId`)
VALUES (42173, 42173);

INSERT INTO `base_ace_object` (`baseAceObjectId`, `name`, `typeId`, `paletteId`, `ammoType`, `blipColor`, `bitField`, `burden`, `combatUse`, `cooldownDuration`, `cooldownId`, `effects`, `containersCapacity`, `header`, `hookTypeId`, `iconId`, `iconOverlayId`, `iconUnderlayId`, `hookItemTypes`, `itemsCapacity`, `location`, `materialType`, `maxStackSize`, `maxStructure`, `radar`, `pscript`, `spellId`, `stackSize`, `structure`, `targetTypeId`, `usability`, `useRadius`, `validLocations`, `value`, `workmanship`, `animationFrameId`, `defaultScript`, `defaultScriptIntensity`, `elasticity`, `friction`, `locationId`, `modelTableId`, `objectScale`, `physicsBitField`, `physicsTableId`, `motionTableId`, `soundTableId`, `physicsState`, `translucency`)
VALUES (42168, 'Catacombs of the Forgotten', 65536, 0, 0, 0, 262164, 0, 0, 0, 0, 0, 0, 8388656, 0, 100667499, 0, 0, 0, 0, 0, 0, 0, 0, 4, 0, 0, 0, 0, 0, 32, -0.1, 0, 0, 0, 0, 0, 0, 0, 0, 0, 33554867, 0.8, 98435, 0, 150994947, 0, 3084, 0);

INSERT INTO weenie_class (`weenieClassId`, `baseAceObjectId`)
VALUES (42168, 42168);

INSERT INTO `base_ace_object` (`baseAceObjectId`, `name`, `typeId`, `paletteId`, `ammoType`, `blipColor`, `bitField`, `burden`, `combatUse`, `cooldownDuration`, `cooldownId`, `effects`, `containersCapacity`, `header`, `hookTypeId`, `iconId`, `iconOverlayId`, `iconUnderlayId`, `hookItemTypes`, `itemsCapacity`, `location`, `materialType`, `maxStackSize`, `maxStructure`, `radar`, `pscript`, `spellId`, `stackSize`, `structure`, `targetTypeId`, `usability`, `useRadius`, `validLocations`, `value`, `workmanship`, `animationFrameId`, `defaultScript`, `defaultScriptIntensity`, `elasticity`, `friction`, `locationId`, `modelTableId`, `objectScale`, `physicsBitField`, `physicsTableId`, `motionTableId`, `soundTableId`, `physicsState`, `translucency`)
VALUES (42172, 'Dangerous Cave', 65536, 0, 0, 0, 262164, 0, 0, 0, 0, 0, 0, 8388656, 0, 100667499, 0, 0, 0, 0, 0, 0, 0, 0, 4, 0, 0, 0, 0, 0, 32, -0.1, 0, 0, 0, 0, 0, 0, 0, 0, 0, 33554867, 0.8, 98435, 0, 150994947, 0, 3084, 0);

INSERT INTO weenie_class (`weenieClassId`, `baseAceObjectId`)
VALUES (42172, 42172);

INSERT INTO `base_ace_object` (`baseAceObjectId`, `name`, `typeId`, `paletteId`, `ammoType`, `blipColor`, `bitField`, `burden`, `combatUse`, `cooldownDuration`, `cooldownId`, `effects`, `containersCapacity`, `header`, `hookTypeId`, `iconId`, `iconOverlayId`, `iconUnderlayId`, `hookItemTypes`, `itemsCapacity`, `location`, `materialType`, `maxStackSize`, `maxStructure`, `radar`, `pscript`, `spellId`, `stackSize`, `structure`, `targetTypeId`, `usability`, `useRadius`, `validLocations`, `value`, `workmanship`, `animationFrameId`, `defaultScript`, `defaultScriptIntensity`, `elasticity`, `friction`, `locationId`, `modelTableId`, `objectScale`, `physicsBitField`, `physicsTableId`, `motionTableId`, `soundTableId`, `physicsState`, `translucency`)
VALUES (42156, 'Dryreach', 65536, 0, 0, 0, 262164, 0, 0, 0, 0, 0, 0, 8388656, 0, 100667499, 0, 0, 0, 0, 0, 0, 0, 0, 4, 0, 0, 0, 0, 0, 32, -0.1, 0, 0, 0, 0, 0, 0, 0, 0, 0, 33554867, 0.8, 98435, 0, 150994947, 0, 3084, 0);

INSERT INTO weenie_class (`weenieClassId`, `baseAceObjectId`)
VALUES (42156, 42156);

INSERT INTO `base_ace_object` (`baseAceObjectId`, `name`, `typeId`, `paletteId`, `ammoType`, `blipColor`, `bitField`, `burden`, `combatUse`, `cooldownDuration`, `cooldownId`, `effects`, `containersCapacity`, `header`, `hookTypeId`, `iconId`, `iconOverlayId`, `iconUnderlayId`, `hookItemTypes`, `itemsCapacity`, `location`, `materialType`, `maxStackSize`, `maxStructure`, `radar`, `pscript`, `spellId`, `stackSize`, `structure`, `targetTypeId`, `usability`, `useRadius`, `validLocations`, `value`, `workmanship`, `animationFrameId`, `defaultScript`, `defaultScriptIntensity`, `elasticity`, `friction`, `locationId`, `modelTableId`, `objectScale`, `physicsBitField`, `physicsTableId`, `motionTableId`, `soundTableId`, `physicsState`, `translucency`)
VALUES (22089, 'Mansion Dungeon Portal', 65536, 0, 0, 0, 262164, 0, 0, 0, 0, 0, 0, 8388656, 0, 100667499, 0, 0, 0, 0, 0, 0, 0, 0, 4, 0, 0, 0, 0, 0, 32, 0.75, 0, 0, 0, 0, 0, 0, 0, 0, 0, 33554867, 0, 98307, 0, 150994947, 0, 3092, 0);

INSERT INTO weenie_class (`weenieClassId`, `baseAceObjectId`)
VALUES (22089, 22089);

INSERT INTO `base_ace_object` (`baseAceObjectId`, `name`, `typeId`, `paletteId`, `ammoType`, `blipColor`, `bitField`, `burden`, `combatUse`, `cooldownDuration`, `cooldownId`, `effects`, `containersCapacity`, `header`, `hookTypeId`, `iconId`, `iconOverlayId`, `iconUnderlayId`, `hookItemTypes`, `itemsCapacity`, `location`, `materialType`, `maxStackSize`, `maxStructure`, `radar`, `pscript`, `spellId`, `stackSize`, `structure`, `targetTypeId`, `usability`, `useRadius`, `validLocations`, `value`, `workmanship`, `animationFrameId`, `defaultScript`, `defaultScriptIntensity`, `elasticity`, `friction`, `locationId`, `modelTableId`, `objectScale`, `physicsBitField`, `physicsTableId`, `motionTableId`, `soundTableId`, `physicsState`, `translucency`)
VALUES (2080, 'Adventurer''s Haven', 65536, 0, 0, 0, 262164, 0, 0, 0, 0, 0, 0, 8388656, 0, 100667499, 0, 0, 0, 0, 0, 0, 0, 0, 4, 0, 0, 0, 0, 0, 32, -0.1, 0, 0, 0, 0, 0, 0, 0, 0, 0, 33554867, 0, 98307, 0, 150994947, 0, 3084, 0);

INSERT INTO weenie_class (`weenieClassId`, `baseAceObjectId`)
VALUES (2080, 2080);

INSERT INTO `base_ace_object` (`baseAceObjectId`, `name`, `typeId`, `paletteId`, `ammoType`, `blipColor`, `bitField`, `burden`, `combatUse`, `cooldownDuration`, `cooldownId`, `effects`, `containersCapacity`, `header`, `hookTypeId`, `iconId`, `iconOverlayId`, `iconUnderlayId`, `hookItemTypes`, `itemsCapacity`, `location`, `materialType`, `maxStackSize`, `maxStructure`, `radar`, `pscript`, `spellId`, `stackSize`, `structure`, `targetTypeId`, `usability`, `useRadius`, `validLocations`, `value`, `workmanship`, `animationFrameId`, `defaultScript`, `defaultScriptIntensity`, `elasticity`, `friction`, `locationId`, `modelTableId`, `objectScale`, `physicsBitField`, `physicsTableId`, `motionTableId`, `soundTableId`, `physicsState`, `translucency`)
VALUES (1029, 'Destroyed Portal to Yanshi', 65536, 0, 0, 0, 262164, 0, 0, 0, 0, 0, 0, 48, 0, 100667499, 0, 0, 0, 0, 0, 0, 0, 0, 0, 0, 0, 0, 0, 0, 1, -0.1, 0, 0, 0, 0, 0, 0, 0, 0, 0, 33561060, 0, 98307, 0, 150995314, 0, 3092, 0);

INSERT INTO weenie_class (`weenieClassId`, `baseAceObjectId`)
VALUES (1029, 1029);

INSERT INTO `base_ace_object` (`baseAceObjectId`, `name`, `typeId`, `paletteId`, `ammoType`, `blipColor`, `bitField`, `burden`, `combatUse`, `cooldownDuration`, `cooldownId`, `effects`, `containersCapacity`, `header`, `hookTypeId`, `iconId`, `iconOverlayId`, `iconUnderlayId`, `hookItemTypes`, `itemsCapacity`, `location`, `materialType`, `maxStackSize`, `maxStructure`, `radar`, `pscript`, `spellId`, `stackSize`, `structure`, `targetTypeId`, `usability`, `useRadius`, `validLocations`, `value`, `workmanship`, `animationFrameId`, `defaultScript`, `defaultScriptIntensity`, `elasticity`, `friction`, `locationId`, `modelTableId`, `objectScale`, `physicsBitField`, `physicsTableId`, `motionTableId`, `soundTableId`, `physicsState`, `translucency`)
VALUES (2081, 'Surface', 65536, 0, 0, 0, 262164, 0, 0, 0, 0, 0, 0, 8388656, 0, 100667499, 0, 0, 0, 0, 0, 0, 0, 0, 4, 0, 0, 0, 0, 0, 32, -0.1, 0, 0, 0, 0, 0, 0, 0, 0, 0, 33554867, 0, 98307, 0, 150994947, 0, 3084, 0);

INSERT INTO weenie_class (`weenieClassId`, `baseAceObjectId`)
VALUES (2081, 2081);

INSERT INTO `base_ace_object` (`baseAceObjectId`, `name`, `typeId`, `paletteId`, `ammoType`, `blipColor`, `bitField`, `burden`, `combatUse`, `cooldownDuration`, `cooldownId`, `effects`, `containersCapacity`, `header`, `hookTypeId`, `iconId`, `iconOverlayId`, `iconUnderlayId`, `hookItemTypes`, `itemsCapacity`, `location`, `materialType`, `maxStackSize`, `maxStructure`, `radar`, `pscript`, `spellId`, `stackSize`, `structure`, `targetTypeId`, `usability`, `useRadius`, `validLocations`, `value`, `workmanship`, `animationFrameId`, `defaultScript`, `defaultScriptIntensity`, `elasticity`, `friction`, `locationId`, `modelTableId`, `objectScale`, `physicsBitField`, `physicsTableId`, `motionTableId`, `soundTableId`, `physicsState`, `translucency`)
VALUES (4570, 'Destroyed Lytelthorpe Portal', 65536, 0, 0, 0, 262164, 0, 0, 0, 0, 0, 0, 48, 0, 100667499, 0, 0, 0, 0, 0, 0, 0, 0, 0, 0, 0, 0, 0, 0, 1, -0.1, 0, 0, 0, 0, 0, 0, 0, 0, 0, 33561060, 0, 98307, 0, 150995314, 0, 3092, 0);

INSERT INTO weenie_class (`weenieClassId`, `baseAceObjectId`)
VALUES (4570, 4570);

INSERT INTO `base_ace_object` (`baseAceObjectId`, `name`, `typeId`, `paletteId`, `ammoType`, `blipColor`, `bitField`, `burden`, `combatUse`, `cooldownDuration`, `cooldownId`, `effects`, `containersCapacity`, `header`, `hookTypeId`, `iconId`, `iconOverlayId`, `iconUnderlayId`, `hookItemTypes`, `itemsCapacity`, `location`, `materialType`, `maxStackSize`, `maxStructure`, `radar`, `pscript`, `spellId`, `stackSize`, `structure`, `targetTypeId`, `usability`, `useRadius`, `validLocations`, `value`, `workmanship`, `animationFrameId`, `defaultScript`, `defaultScriptIntensity`, `elasticity`, `friction`, `locationId`, `modelTableId`, `objectScale`, `physicsBitField`, `physicsTableId`, `motionTableId`, `soundTableId`, `physicsState`, `translucency`)
VALUES (11960, 'Destroyed Portal to Redspire', 65536, 0, 0, 0, 262164, 0, 0, 0, 0, 0, 0, 48, 0, 100667499, 0, 0, 0, 0, 0, 0, 0, 0, 0, 0, 0, 0, 0, 0, 1, -0.1, 0, 0, 0, 0, 0, 0, 0, 0, 0, 33561060, 0, 98307, 0, 150995314, 0, 3092, 0);

INSERT INTO weenie_class (`weenieClassId`, `baseAceObjectId`)
VALUES (11960, 11960);

INSERT INTO `base_ace_object` (`baseAceObjectId`, `name`, `typeId`, `paletteId`, `ammoType`, `blipColor`, `bitField`, `burden`, `combatUse`, `cooldownDuration`, `cooldownId`, `effects`, `containersCapacity`, `header`, `hookTypeId`, `iconId`, `iconOverlayId`, `iconUnderlayId`, `hookItemTypes`, `itemsCapacity`, `location`, `materialType`, `maxStackSize`, `maxStructure`, `radar`, `pscript`, `spellId`, `stackSize`, `structure`, `targetTypeId`, `usability`, `useRadius`, `validLocations`, `value`, `workmanship`, `animationFrameId`, `defaultScript`, `defaultScriptIntensity`, `elasticity`, `friction`, `locationId`, `modelTableId`, `objectScale`, `physicsBitField`, `physicsTableId`, `motionTableId`, `soundTableId`, `physicsState`, `translucency`)
VALUES (1904, 'Mountain Shortcut', 65536, 0, 0, 0, 262164, 0, 0, 0, 0, 0, 0, 8388656, 0, 100667499, 0, 0, 0, 0, 0, 0, 0, 0, 4, 0, 0, 0, 0, 0, 32, -0.1, 0, 0, 0, 0, 0, 0, 0, 0, 0, 33554867, 0, 98307, 0, 150994947, 0, 3084, 0);

INSERT INTO weenie_class (`weenieClassId`, `baseAceObjectId`)
VALUES (1904, 1904);

INSERT INTO `base_ace_object` (`baseAceObjectId`, `name`, `typeId`, `paletteId`, `ammoType`, `blipColor`, `bitField`, `burden`, `combatUse`, `cooldownDuration`, `cooldownId`, `effects`, `containersCapacity`, `header`, `hookTypeId`, `iconId`, `iconOverlayId`, `iconUnderlayId`, `hookItemTypes`, `itemsCapacity`, `location`, `materialType`, `maxStackSize`, `maxStructure`, `radar`, `pscript`, `spellId`, `stackSize`, `structure`, `targetTypeId`, `usability`, `useRadius`, `validLocations`, `value`, `workmanship`, `animationFrameId`, `defaultScript`, `defaultScriptIntensity`, `elasticity`, `friction`, `locationId`, `modelTableId`, `objectScale`, `physicsBitField`, `physicsTableId`, `motionTableId`, `soundTableId`, `physicsState`, `translucency`)
VALUES (1595, 'Abandoned Mine', 65536, 0, 0, 0, 262164, 0, 0, 0, 0, 0, 0, 8388656, 0, 100667499, 0, 0, 0, 0, 0, 0, 0, 0, 4, 0, 0, 0, 0, 0, 32, -0.1, 0, 0, 0, 0, 0, 0, 0, 0, 0, 33554867, 0, 98307, 0, 150994947, 0, 3084, 0);

INSERT INTO weenie_class (`weenieClassId`, `baseAceObjectId`)
VALUES (1595, 1595);

INSERT INTO `base_ace_object` (`baseAceObjectId`, `name`, `typeId`, `paletteId`, `ammoType`, `blipColor`, `bitField`, `burden`, `combatUse`, `cooldownDuration`, `cooldownId`, `effects`, `containersCapacity`, `header`, `hookTypeId`, `iconId`, `iconOverlayId`, `iconUnderlayId`, `hookItemTypes`, `itemsCapacity`, `location`, `materialType`, `maxStackSize`, `maxStructure`, `radar`, `pscript`, `spellId`, `stackSize`, `structure`, `targetTypeId`, `usability`, `useRadius`, `validLocations`, `value`, `workmanship`, `animationFrameId`, `defaultScript`, `defaultScriptIntensity`, `elasticity`, `friction`, `locationId`, `modelTableId`, `objectScale`, `physicsBitField`, `physicsTableId`, `motionTableId`, `soundTableId`, `physicsState`, `translucency`)
VALUES (1596, 'Surface', 65536, 0, 0, 0, 262164, 0, 0, 0, 0, 0, 0, 8388656, 0, 100667499, 0, 0, 0, 0, 0, 0, 0, 0, 4, 0, 0, 0, 0, 0, 32, -0.1, 0, 0, 0, 0, 0, 0, 0, 0, 0, 33554867, 0, 98307, 0, 150994947, 0, 3084, 0);

INSERT INTO weenie_class (`weenieClassId`, `baseAceObjectId`)
VALUES (1596, 1596);

INSERT INTO `base_ace_object` (`baseAceObjectId`, `name`, `typeId`, `paletteId`, `ammoType`, `blipColor`, `bitField`, `burden`, `combatUse`, `cooldownDuration`, `cooldownId`, `effects`, `containersCapacity`, `header`, `hookTypeId`, `iconId`, `iconOverlayId`, `iconUnderlayId`, `hookItemTypes`, `itemsCapacity`, `location`, `materialType`, `maxStackSize`, `maxStructure`, `radar`, `pscript`, `spellId`, `stackSize`, `structure`, `targetTypeId`, `usability`, `useRadius`, `validLocations`, `value`, `workmanship`, `animationFrameId`, `defaultScript`, `defaultScriptIntensity`, `elasticity`, `friction`, `locationId`, `modelTableId`, `objectScale`, `physicsBitField`, `physicsTableId`, `motionTableId`, `soundTableId`, `physicsState`, `translucency`)
VALUES (1018, 'Destroyed Portal to Hebian-To', 65536, 0, 0, 0, 262164, 0, 0, 0, 0, 0, 0, 48, 0, 100667499, 0, 0, 0, 0, 0, 0, 0, 0, 0, 0, 0, 0, 0, 0, 1, -0.1, 0, 0, 0, 0, 0, 0, 0, 0, 0, 33561060, 0, 98307, 0, 150995314, 0, 3092, 0);

INSERT INTO weenie_class (`weenieClassId`, `baseAceObjectId`)
VALUES (1018, 1018);

INSERT INTO `base_ace_object` (`baseAceObjectId`, `name`, `typeId`, `paletteId`, `ammoType`, `blipColor`, `bitField`, `burden`, `combatUse`, `cooldownDuration`, `cooldownId`, `effects`, `containersCapacity`, `header`, `hookTypeId`, `iconId`, `iconOverlayId`, `iconUnderlayId`, `hookItemTypes`, `itemsCapacity`, `location`, `materialType`, `maxStackSize`, `maxStructure`, `radar`, `pscript`, `spellId`, `stackSize`, `structure`, `targetTypeId`, `usability`, `useRadius`, `validLocations`, `value`, `workmanship`, `animationFrameId`, `defaultScript`, `defaultScriptIntensity`, `elasticity`, `friction`, `locationId`, `modelTableId`, `objectScale`, `physicsBitField`, `physicsTableId`, `motionTableId`, `soundTableId`, `physicsState`, `translucency`)
VALUES (1099, 'Underground City Portal', 65536, 0, 0, 0, 262164, 0, 0, 0, 0, 0, 0, 8388656, 0, 100667499, 0, 0, 0, 0, 0, 0, 0, 0, 4, 0, 0, 0, 0, 0, 32, -0.1, 0, 0, 0, 0, 0, 0, 0, 0, 0, 33554867, 0, 98307, 0, 150994947, 0, 3084, 0);

INSERT INTO weenie_class (`weenieClassId`, `baseAceObjectId`)
VALUES (1099, 1099);

INSERT INTO `base_ace_object` (`baseAceObjectId`, `name`, `typeId`, `paletteId`, `ammoType`, `blipColor`, `bitField`, `burden`, `combatUse`, `cooldownDuration`, `cooldownId`, `effects`, `containersCapacity`, `header`, `hookTypeId`, `iconId`, `iconOverlayId`, `iconUnderlayId`, `hookItemTypes`, `itemsCapacity`, `location`, `materialType`, `maxStackSize`, `maxStructure`, `radar`, `pscript`, `spellId`, `stackSize`, `structure`, `targetTypeId`, `usability`, `useRadius`, `validLocations`, `value`, `workmanship`, `animationFrameId`, `defaultScript`, `defaultScriptIntensity`, `elasticity`, `friction`, `locationId`, `modelTableId`, `objectScale`, `physicsBitField`, `physicsTableId`, `motionTableId`, `soundTableId`, `physicsState`, `translucency`)
VALUES (1025, 'Destroyed Portal to Rithwic', 65536, 0, 0, 0, 262164, 0, 0, 0, 0, 0, 0, 48, 0, 100667499, 0, 0, 0, 0, 0, 0, 0, 0, 0, 0, 0, 0, 0, 0, 1, -0.1, 0, 0, 0, 0, 0, 0, 0, 0, 0, 33561060, 0, 98307, 0, 150995314, 0, 3092, 0);

INSERT INTO weenie_class (`weenieClassId`, `baseAceObjectId`)
VALUES (1025, 1025);

INSERT INTO `base_ace_object` (`baseAceObjectId`, `name`, `typeId`, `paletteId`, `ammoType`, `blipColor`, `bitField`, `burden`, `combatUse`, `cooldownDuration`, `cooldownId`, `effects`, `containersCapacity`, `header`, `hookTypeId`, `iconId`, `iconOverlayId`, `iconUnderlayId`, `hookItemTypes`, `itemsCapacity`, `location`, `materialType`, `maxStackSize`, `maxStructure`, `radar`, `pscript`, `spellId`, `stackSize`, `structure`, `targetTypeId`, `usability`, `useRadius`, `validLocations`, `value`, `workmanship`, `animationFrameId`, `defaultScript`, `defaultScriptIntensity`, `elasticity`, `friction`, `locationId`, `modelTableId`, `objectScale`, `physicsBitField`, `physicsTableId`, `motionTableId`, `soundTableId`, `physicsState`, `translucency`)
VALUES (1013, 'Destroyed Portal to Arwic', 65536, 0, 0, 0, 262164, 0, 0, 0, 0, 0, 0, 48, 0, 100667499, 0, 0, 0, 0, 0, 0, 0, 0, 0, 0, 0, 0, 0, 0, 1, -0.1, 0, 0, 0, 0, 0, 0, 0, 0, 0, 33561060, 0, 98307, 0, 150995314, 0, 3092, 0);

INSERT INTO weenie_class (`weenieClassId`, `baseAceObjectId`)
VALUES (1013, 1013);

INSERT INTO `base_ace_object` (`baseAceObjectId`, `name`, `typeId`, `paletteId`, `ammoType`, `blipColor`, `bitField`, `burden`, `combatUse`, `cooldownDuration`, `cooldownId`, `effects`, `containersCapacity`, `header`, `hookTypeId`, `iconId`, `iconOverlayId`, `iconUnderlayId`, `hookItemTypes`, `itemsCapacity`, `location`, `materialType`, `maxStackSize`, `maxStructure`, `radar`, `pscript`, `spellId`, `stackSize`, `structure`, `targetTypeId`, `usability`, `useRadius`, `validLocations`, `value`, `workmanship`, `animationFrameId`, `defaultScript`, `defaultScriptIntensity`, `elasticity`, `friction`, `locationId`, `modelTableId`, `objectScale`, `physicsBitField`, `physicsTableId`, `motionTableId`, `soundTableId`, `physicsState`, `translucency`)
VALUES (1014, 'Destroyed Portal to Cragstone', 65536, 0, 0, 0, 262164, 0, 0, 0, 0, 0, 0, 48, 0, 100667499, 0, 0, 0, 0, 0, 0, 0, 0, 0, 0, 0, 0, 0, 0, 1, -0.1, 0, 0, 0, 0, 0, 0, 0, 0, 0, 33561060, 0, 98307, 0, 150995314, 0, 3092, 0);

INSERT INTO weenie_class (`weenieClassId`, `baseAceObjectId`)
VALUES (1014, 1014);

INSERT INTO `base_ace_object` (`baseAceObjectId`, `name`, `typeId`, `paletteId`, `ammoType`, `blipColor`, `bitField`, `burden`, `combatUse`, `cooldownDuration`, `cooldownId`, `effects`, `containersCapacity`, `header`, `hookTypeId`, `iconId`, `iconOverlayId`, `iconUnderlayId`, `hookItemTypes`, `itemsCapacity`, `location`, `materialType`, `maxStackSize`, `maxStructure`, `radar`, `pscript`, `spellId`, `stackSize`, `structure`, `targetTypeId`, `usability`, `useRadius`, `validLocations`, `value`, `workmanship`, `animationFrameId`, `defaultScript`, `defaultScriptIntensity`, `elasticity`, `friction`, `locationId`, `modelTableId`, `objectScale`, `physicsBitField`, `physicsTableId`, `motionTableId`, `soundTableId`, `physicsState`, `translucency`)
VALUES (37164, 'Surface', 65536, 0, 0, 0, 262164, 0, 0, 0, 0, 0, 0, 8388656, 0, 100667499, 0, 0, 0, 0, 0, 0, 0, 0, 4, 0, 0, 0, 0, 0, 32, -0.1, 0, 0, 0, 0, 0, 0, 0, 0, 0, 33554867, 0, 98307, 0, 150994947, 0, 3084, 0);

INSERT INTO weenie_class (`weenieClassId`, `baseAceObjectId`)
VALUES (37164, 37164);

INSERT INTO `base_ace_object` (`baseAceObjectId`, `name`, `typeId`, `paletteId`, `ammoType`, `blipColor`, `bitField`, `burden`, `combatUse`, `cooldownDuration`, `cooldownId`, `effects`, `containersCapacity`, `header`, `hookTypeId`, `iconId`, `iconOverlayId`, `iconUnderlayId`, `hookItemTypes`, `itemsCapacity`, `location`, `materialType`, `maxStackSize`, `maxStructure`, `radar`, `pscript`, `spellId`, `stackSize`, `structure`, `targetTypeId`, `usability`, `useRadius`, `validLocations`, `value`, `workmanship`, `animationFrameId`, `defaultScript`, `defaultScriptIntensity`, `elasticity`, `friction`, `locationId`, `modelTableId`, `objectScale`, `physicsBitField`, `physicsTableId`, `motionTableId`, `soundTableId`, `physicsState`, `translucency`)
VALUES (42221, 'Stronghold', 65536, 0, 0, 0, 262164, 0, 0, 0, 0, 0, 0, 8388656, 0, 100667499, 0, 0, 0, 0, 0, 0, 0, 0, 4, 0, 0, 0, 0, 0, 32, -0.1, 0, 0, 0, 0, 0, 0, 0, 0, 0, 33555925, 0, 98307, 0, 150994947, 0, 3084, 0);

INSERT INTO weenie_class (`weenieClassId`, `baseAceObjectId`)
VALUES (42221, 42221);

INSERT INTO `base_ace_object` (`baseAceObjectId`, `name`, `typeId`, `paletteId`, `ammoType`, `blipColor`, `bitField`, `burden`, `combatUse`, `cooldownDuration`, `cooldownId`, `effects`, `containersCapacity`, `header`, `hookTypeId`, `iconId`, `iconOverlayId`, `iconUnderlayId`, `hookItemTypes`, `itemsCapacity`, `location`, `materialType`, `maxStackSize`, `maxStructure`, `radar`, `pscript`, `spellId`, `stackSize`, `structure`, `targetTypeId`, `usability`, `useRadius`, `validLocations`, `value`, `workmanship`, `animationFrameId`, `defaultScript`, `defaultScriptIntensity`, `elasticity`, `friction`, `locationId`, `modelTableId`, `objectScale`, `physicsBitField`, `physicsTableId`, `motionTableId`, `soundTableId`, `physicsState`, `translucency`)
VALUES (14449, 'Underground Passage', 65536, 0, 0, 0, 262164, 0, 0, 0, 0, 0, 0, 8388656, 0, 100667499, 0, 0, 0, 0, 0, 0, 0, 0, 4, 0, 0, 0, 0, 0, 32, -0.1, 0, 0, 0, 0, 0, 0, 0, 0, 0, 33554867, 0, 98307, 0, 150994947, 0, 3084, 0);

INSERT INTO weenie_class (`weenieClassId`, `baseAceObjectId`)
VALUES (14449, 14449);

INSERT INTO `base_ace_object` (`baseAceObjectId`, `name`, `typeId`, `paletteId`, `ammoType`, `blipColor`, `bitField`, `burden`, `combatUse`, `cooldownDuration`, `cooldownId`, `effects`, `containersCapacity`, `header`, `hookTypeId`, `iconId`, `iconOverlayId`, `iconUnderlayId`, `hookItemTypes`, `itemsCapacity`, `location`, `materialType`, `maxStackSize`, `maxStructure`, `radar`, `pscript`, `spellId`, `stackSize`, `structure`, `targetTypeId`, `usability`, `useRadius`, `validLocations`, `value`, `workmanship`, `animationFrameId`, `defaultScript`, `defaultScriptIntensity`, `elasticity`, `friction`, `locationId`, `modelTableId`, `objectScale`, `physicsBitField`, `physicsTableId`, `motionTableId`, `soundTableId`, `physicsState`, `translucency`)
VALUES (6096, 'Holtburg Meeting Hall Portal', 65536, 0, 0, 0, 262164, 0, 0, 0, 0, 0, 0, 8388656, 0, 100667499, 0, 0, 0, 0, 0, 0, 0, 0, 4, 0, 0, 0, 0, 0, 32, -0.1, 0, 0, 0, 0, 0, 0, 0, 0, 0, 33554867, 0, 98307, 0, 150994947, 0, 3084, 0);

INSERT INTO weenie_class (`weenieClassId`, `baseAceObjectId`)
VALUES (6096, 6096);

INSERT INTO `base_ace_object` (`baseAceObjectId`, `name`, `typeId`, `paletteId`, `ammoType`, `blipColor`, `bitField`, `burden`, `combatUse`, `cooldownDuration`, `cooldownId`, `effects`, `containersCapacity`, `header`, `hookTypeId`, `iconId`, `iconOverlayId`, `iconUnderlayId`, `hookItemTypes`, `itemsCapacity`, `location`, `materialType`, `maxStackSize`, `maxStructure`, `radar`, `pscript`, `spellId`, `stackSize`, `structure`, `targetTypeId`, `usability`, `useRadius`, `validLocations`, `value`, `workmanship`, `animationFrameId`, `defaultScript`, `defaultScriptIntensity`, `elasticity`, `friction`, `locationId`, `modelTableId`, `objectScale`, `physicsBitField`, `physicsTableId`, `motionTableId`, `soundTableId`, `physicsState`, `translucency`)
VALUES (4935, 'Holtburg Redoubt', 65536, 0, 0, 0, 262164, 0, 0, 0, 0, 0, 0, 8388656, 0, 100667499, 0, 0, 0, 0, 0, 0, 0, 0, 4, 0, 0, 0, 0, 0, 32, -0.1, 0, 0, 0, 0, 0, 0, 0, 0, 0, 33555922, 0, 98307, 0, 150994947, 0, 3084, 0);

INSERT INTO weenie_class (`weenieClassId`, `baseAceObjectId`)
VALUES (4935, 4935);

INSERT INTO `base_ace_object` (`baseAceObjectId`, `name`, `typeId`, `paletteId`, `ammoType`, `blipColor`, `bitField`, `burden`, `combatUse`, `cooldownDuration`, `cooldownId`, `effects`, `containersCapacity`, `header`, `hookTypeId`, `iconId`, `iconOverlayId`, `iconUnderlayId`, `hookItemTypes`, `itemsCapacity`, `location`, `materialType`, `maxStackSize`, `maxStructure`, `radar`, `pscript`, `spellId`, `stackSize`, `structure`, `targetTypeId`, `usability`, `useRadius`, `validLocations`, `value`, `workmanship`, `animationFrameId`, `defaultScript`, `defaultScriptIntensity`, `elasticity`, `friction`, `locationId`, `modelTableId`, `objectScale`, `physicsBitField`, `physicsTableId`, `motionTableId`, `soundTableId`, `physicsState`, `translucency`)
VALUES (12503, 'Holtburg Wilderness Settlement Portal', 65536, 0, 0, 0, 262164, 0, 0, 0, 0, 0, 0, 8388656, 0, 100667499, 0, 0, 0, 0, 0, 0, 0, 0, 4, 0, 0, 0, 0, 0, 32, -0.1, 0, 0, 0, 0, 0, 0, 0, 0, 0, 33554867, 0, 98307, 0, 150994947, 0, 3084, 0);

INSERT INTO weenie_class (`weenieClassId`, `baseAceObjectId`)
VALUES (12503, 12503);

INSERT INTO `base_ace_object` (`baseAceObjectId`, `name`, `typeId`, `paletteId`, `ammoType`, `blipColor`, `bitField`, `burden`, `combatUse`, `cooldownDuration`, `cooldownId`, `effects`, `containersCapacity`, `header`, `hookTypeId`, `iconId`, `iconOverlayId`, `iconUnderlayId`, `hookItemTypes`, `itemsCapacity`, `location`, `materialType`, `maxStackSize`, `maxStructure`, `radar`, `pscript`, `spellId`, `stackSize`, `structure`, `targetTypeId`, `usability`, `useRadius`, `validLocations`, `value`, `workmanship`, `animationFrameId`, `defaultScript`, `defaultScriptIntensity`, `elasticity`, `friction`, `locationId`, `modelTableId`, `objectScale`, `physicsBitField`, `physicsTableId`, `motionTableId`, `soundTableId`, `physicsState`, `translucency`)
VALUES (12527, 'New Colier Portal', 65536, 0, 0, 0, 262164, 0, 0, 0, 0, 0, 0, 8388656, 0, 100667499, 0, 0, 0, 0, 0, 0, 0, 0, 4, 0, 0, 0, 0, 0, 32, -0.1, 0, 0, 0, 0, 0, 0, 0, 0, 0, 33554867, 0, 98307, 0, 150994947, 0, 3084, 0);

INSERT INTO weenie_class (`weenieClassId`, `baseAceObjectId`)
VALUES (12527, 12527);

INSERT INTO `base_ace_object` (`baseAceObjectId`, `name`, `typeId`, `paletteId`, `ammoType`, `blipColor`, `bitField`, `burden`, `combatUse`, `cooldownDuration`, `cooldownId`, `effects`, `containersCapacity`, `header`, `hookTypeId`, `iconId`, `iconOverlayId`, `iconUnderlayId`, `hookItemTypes`, `itemsCapacity`, `location`, `materialType`, `maxStackSize`, `maxStructure`, `radar`, `pscript`, `spellId`, `stackSize`, `structure`, `targetTypeId`, `usability`, `useRadius`, `validLocations`, `value`, `workmanship`, `animationFrameId`, `defaultScript`, `defaultScriptIntensity`, `elasticity`, `friction`, `locationId`, `modelTableId`, `objectScale`, `physicsBitField`, `physicsTableId`, `motionTableId`, `soundTableId`, `physicsState`, `translucency`)
VALUES (13138, 'West Holtburg Villas Portal', 65536, 0, 0, 0, 262164, 0, 0, 0, 0, 0, 0, 8388656, 0, 100667499, 0, 0, 0, 0, 0, 0, 0, 0, 4, 0, 0, 0, 0, 0, 32, -0.1, 0, 0, 0, 0, 0, 0, 0, 0, 0, 33554867, 0, 98307, 0, 150994947, 0, 3084, 0);

INSERT INTO weenie_class (`weenieClassId`, `baseAceObjectId`)
VALUES (13138, 13138);

INSERT INTO `base_ace_object` (`baseAceObjectId`, `name`, `typeId`, `paletteId`, `ammoType`, `blipColor`, `bitField`, `burden`, `combatUse`, `cooldownDuration`, `cooldownId`, `effects`, `containersCapacity`, `header`, `hookTypeId`, `iconId`, `iconOverlayId`, `iconUnderlayId`, `hookItemTypes`, `itemsCapacity`, `location`, `materialType`, `maxStackSize`, `maxStructure`, `radar`, `pscript`, `spellId`, `stackSize`, `structure`, `targetTypeId`, `usability`, `useRadius`, `validLocations`, `value`, `workmanship`, `animationFrameId`, `defaultScript`, `defaultScriptIntensity`, `elasticity`, `friction`, `locationId`, `modelTableId`, `objectScale`, `physicsBitField`, `physicsTableId`, `motionTableId`, `soundTableId`, `physicsState`, `translucency`)
VALUES (12495, 'Evensong Settlement Portal', 65536, 0, 0, 0, 262164, 0, 0, 0, 0, 0, 0, 8388656, 0, 100667499, 0, 0, 0, 0, 0, 0, 0, 0, 4, 0, 0, 0, 0, 0, 32, -0.1, 0, 0, 0, 0, 0, 0, 0, 0, 0, 33554867, 0, 98307, 0, 150994947, 0, 3084, 0);

INSERT INTO weenie_class (`weenieClassId`, `baseAceObjectId`)
VALUES (12495, 12495);

INSERT INTO `base_ace_object` (`baseAceObjectId`, `name`, `typeId`, `paletteId`, `ammoType`, `blipColor`, `bitField`, `burden`, `combatUse`, `cooldownDuration`, `cooldownId`, `effects`, `containersCapacity`, `header`, `hookTypeId`, `iconId`, `iconOverlayId`, `iconUnderlayId`, `hookItemTypes`, `itemsCapacity`, `location`, `materialType`, `maxStackSize`, `maxStructure`, `radar`, `pscript`, `spellId`, `stackSize`, `structure`, `targetTypeId`, `usability`, `useRadius`, `validLocations`, `value`, `workmanship`, `animationFrameId`, `defaultScript`, `defaultScriptIntensity`, `elasticity`, `friction`, `locationId`, `modelTableId`, `objectScale`, `physicsBitField`, `physicsTableId`, `motionTableId`, `soundTableId`, `physicsState`, `translucency`)
VALUES (12513, 'Lilyglen Cottages Portal', 65536, 0, 0, 0, 262164, 0, 0, 0, 0, 0, 0, 8388656, 0, 100667499, 0, 0, 0, 0, 0, 0, 0, 0, 4, 0, 0, 0, 0, 0, 32, -0.1, 0, 0, 0, 0, 0, 0, 0, 0, 0, 33554867, 0, 98307, 0, 150994947, 0, 3084, 0);

INSERT INTO weenie_class (`weenieClassId`, `baseAceObjectId`)
VALUES (12513, 12513);

INSERT INTO `base_ace_object` (`baseAceObjectId`, `name`, `typeId`, `paletteId`, `ammoType`, `blipColor`, `bitField`, `burden`, `combatUse`, `cooldownDuration`, `cooldownId`, `effects`, `containersCapacity`, `header`, `hookTypeId`, `iconId`, `iconOverlayId`, `iconUnderlayId`, `hookItemTypes`, `itemsCapacity`, `location`, `materialType`, `maxStackSize`, `maxStructure`, `radar`, `pscript`, `spellId`, `stackSize`, `structure`, `targetTypeId`, `usability`, `useRadius`, `validLocations`, `value`, `workmanship`, `animationFrameId`, `defaultScript`, `defaultScriptIntensity`, `elasticity`, `friction`, `locationId`, `modelTableId`, `objectScale`, `physicsBitField`, `physicsTableId`, `motionTableId`, `soundTableId`, `physicsState`, `translucency`)
VALUES (12566, 'Woodsbane Cottages Portal', 65536, 0, 0, 0, 262164, 0, 0, 0, 0, 0, 0, 8388656, 0, 100667499, 0, 0, 0, 0, 0, 0, 0, 0, 4, 0, 0, 0, 0, 0, 32, -0.1, 0, 0, 0, 0, 0, 0, 0, 0, 0, 33554867, 0, 98307, 0, 150994947, 0, 3084, 0);

INSERT INTO weenie_class (`weenieClassId`, `baseAceObjectId`)
VALUES (12566, 12566);

INSERT INTO `base_ace_object` (`baseAceObjectId`, `name`, `typeId`, `paletteId`, `ammoType`, `blipColor`, `bitField`, `burden`, `combatUse`, `cooldownDuration`, `cooldownId`, `effects`, `containersCapacity`, `header`, `hookTypeId`, `iconId`, `iconOverlayId`, `iconUnderlayId`, `hookItemTypes`, `itemsCapacity`, `location`, `materialType`, `maxStackSize`, `maxStructure`, `radar`, `pscript`, `spellId`, `stackSize`, `structure`, `targetTypeId`, `usability`, `useRadius`, `validLocations`, `value`, `workmanship`, `animationFrameId`, `defaultScript`, `defaultScriptIntensity`, `elasticity`, `friction`, `locationId`, `modelTableId`, `objectScale`, `physicsBitField`, `physicsTableId`, `motionTableId`, `soundTableId`, `physicsState`, `translucency`)
VALUES (12523, 'Mountain Keep Cottages Portal', 65536, 0, 0, 0, 262164, 0, 0, 0, 0, 0, 0, 8388656, 0, 100667499, 0, 0, 0, 0, 0, 0, 0, 0, 4, 0, 0, 0, 0, 0, 32, -0.1, 0, 0, 0, 0, 0, 0, 0, 0, 0, 33554867, 0, 98307, 0, 150994947, 0, 3084, 0);

INSERT INTO weenie_class (`weenieClassId`, `baseAceObjectId`)
VALUES (12523, 12523);

INSERT INTO `base_ace_object` (`baseAceObjectId`, `name`, `typeId`, `paletteId`, `ammoType`, `blipColor`, `bitField`, `burden`, `combatUse`, `cooldownDuration`, `cooldownId`, `effects`, `containersCapacity`, `header`, `hookTypeId`, `iconId`, `iconOverlayId`, `iconUnderlayId`, `hookItemTypes`, `itemsCapacity`, `location`, `materialType`, `maxStackSize`, `maxStructure`, `radar`, `pscript`, `spellId`, `stackSize`, `structure`, `targetTypeId`, `usability`, `useRadius`, `validLocations`, `value`, `workmanship`, `animationFrameId`, `defaultScript`, `defaultScriptIntensity`, `elasticity`, `friction`, `locationId`, `modelTableId`, `objectScale`, `physicsBitField`, `physicsTableId`, `motionTableId`, `soundTableId`, `physicsState`, `translucency`)
VALUES (37107, 'Surface', 65536, 0, 0, 0, 262164, 0, 0, 0, 0, 0, 0, 8388656, 0, 100667499, 0, 0, 0, 0, 0, 0, 0, 0, 4, 0, 0, 0, 0, 0, 32, -0.1, 0, 0, 0, 0, 0, 0, 0, 0, 0, 33554867, 0, 98307, 0, 150994947, 0, 3084, 0);

INSERT INTO weenie_class (`weenieClassId`, `baseAceObjectId`)
VALUES (37107, 37107);

INSERT INTO `base_ace_object` (`baseAceObjectId`, `name`, `typeId`, `paletteId`, `ammoType`, `blipColor`, `bitField`, `burden`, `combatUse`, `cooldownDuration`, `cooldownId`, `effects`, `containersCapacity`, `header`, `hookTypeId`, `iconId`, `iconOverlayId`, `iconUnderlayId`, `hookItemTypes`, `itemsCapacity`, `location`, `materialType`, `maxStackSize`, `maxStructure`, `radar`, `pscript`, `spellId`, `stackSize`, `structure`, `targetTypeId`, `usability`, `useRadius`, `validLocations`, `value`, `workmanship`, `animationFrameId`, `defaultScript`, `defaultScriptIntensity`, `elasticity`, `friction`, `locationId`, `modelTableId`, `objectScale`, `physicsBitField`, `physicsTableId`, `motionTableId`, `soundTableId`, `physicsState`, `translucency`)
VALUES (31514, 'Tunnel of Love', 65536, 0, 0, 0, 262164, 0, 0, 0, 0, 0, 0, 8388656, 0, 100667499, 0, 0, 0, 0, 0, 0, 0, 0, 4, 0, 0, 0, 0, 0, 32, -0.1, 0, 0, 0, 0, 0, 0, 0, 0, 0, 33555925, 0, 98307, 0, 150994947, 0, 3084, 0);

INSERT INTO weenie_class (`weenieClassId`, `baseAceObjectId`)
VALUES (31514, 31514);

INSERT INTO `base_ace_object` (`baseAceObjectId`, `name`, `typeId`, `paletteId`, `ammoType`, `blipColor`, `bitField`, `burden`, `combatUse`, `cooldownDuration`, `cooldownId`, `effects`, `containersCapacity`, `header`, `hookTypeId`, `iconId`, `iconOverlayId`, `iconUnderlayId`, `hookItemTypes`, `itemsCapacity`, `location`, `materialType`, `maxStackSize`, `maxStructure`, `radar`, `pscript`, `spellId`, `stackSize`, `structure`, `targetTypeId`, `usability`, `useRadius`, `validLocations`, `value`, `workmanship`, `animationFrameId`, `defaultScript`, `defaultScriptIntensity`, `elasticity`, `friction`, `locationId`, `modelTableId`, `objectScale`, `physicsBitField`, `physicsTableId`, `motionTableId`, `soundTableId`, `physicsState`, `translucency`)
VALUES (31515, 'Surface', 65536, 0, 0, 0, 262164, 0, 0, 0, 0, 0, 0, 8388656, 0, 100667499, 0, 0, 0, 0, 0, 0, 0, 0, 4, 0, 0, 0, 0, 0, 32, -0.1, 0, 0, 0, 0, 0, 0, 0, 0, 0, 33554867, 0, 98307, 0, 150994947, 0, 3084, 0);

INSERT INTO weenie_class (`weenieClassId`, `baseAceObjectId`)
VALUES (31515, 31515);

INSERT INTO `base_ace_object` (`baseAceObjectId`, `name`, `typeId`, `paletteId`, `ammoType`, `blipColor`, `bitField`, `burden`, `combatUse`, `cooldownDuration`, `cooldownId`, `effects`, `containersCapacity`, `header`, `hookTypeId`, `iconId`, `iconOverlayId`, `iconUnderlayId`, `hookItemTypes`, `itemsCapacity`, `location`, `materialType`, `maxStackSize`, `maxStructure`, `radar`, `pscript`, `spellId`, `stackSize`, `structure`, `targetTypeId`, `usability`, `useRadius`, `validLocations`, `value`, `workmanship`, `animationFrameId`, `defaultScript`, `defaultScriptIntensity`, `elasticity`, `friction`, `locationId`, `modelTableId`, `objectScale`, `physicsBitField`, `physicsTableId`, `motionTableId`, `soundTableId`, `physicsState`, `translucency`)
VALUES (1015, 'Cragstone Portal', 65536, 0, 0, 0, 262164, 0, 0, 0, 0, 0, 0, 8388656, 0, 100667499, 0, 0, 0, 0, 0, 0, 0, 0, 4, 0, 0, 0, 0, 0, 32, -0.1, 0, 0, 0, 0, 0, 0, 0, 0, 0, 33554867, 0, 98307, 0, 150994947, 0, 3084, 0);

INSERT INTO weenie_class (`weenieClassId`, `baseAceObjectId`)
VALUES (1015, 1015);

INSERT INTO `base_ace_object` (`baseAceObjectId`, `name`, `typeId`, `paletteId`, `ammoType`, `blipColor`, `bitField`, `burden`, `combatUse`, `cooldownDuration`, `cooldownId`, `effects`, `containersCapacity`, `header`, `hookTypeId`, `iconId`, `iconOverlayId`, `iconUnderlayId`, `hookItemTypes`, `itemsCapacity`, `location`, `materialType`, `maxStackSize`, `maxStructure`, `radar`, `pscript`, `spellId`, `stackSize`, `structure`, `targetTypeId`, `usability`, `useRadius`, `validLocations`, `value`, `workmanship`, `animationFrameId`, `defaultScript`, `defaultScriptIntensity`, `elasticity`, `friction`, `locationId`, `modelTableId`, `objectScale`, `physicsBitField`, `physicsTableId`, `motionTableId`, `soundTableId`, `physicsState`, `translucency`)
VALUES (6095, 'Hebian-to Meeting Hall Portal', 65536, 0, 0, 0, 262164, 0, 0, 0, 0, 0, 0, 8388656, 0, 100667499, 0, 0, 0, 0, 0, 0, 0, 0, 4, 0, 0, 0, 0, 0, 32, -0.1, 0, 0, 0, 0, 0, 0, 0, 0, 0, 33554867, 0, 98307, 0, 150994947, 0, 3084, 0);

INSERT INTO weenie_class (`weenieClassId`, `baseAceObjectId`)
VALUES (6095, 6095);

INSERT INTO `base_ace_object` (`baseAceObjectId`, `name`, `typeId`, `paletteId`, `ammoType`, `blipColor`, `bitField`, `burden`, `combatUse`, `cooldownDuration`, `cooldownId`, `effects`, `containersCapacity`, `header`, `hookTypeId`, `iconId`, `iconOverlayId`, `iconUnderlayId`, `hookItemTypes`, `itemsCapacity`, `location`, `materialType`, `maxStackSize`, `maxStructure`, `radar`, `pscript`, `spellId`, `stackSize`, `structure`, `targetTypeId`, `usability`, `useRadius`, `validLocations`, `value`, `workmanship`, `animationFrameId`, `defaultScript`, `defaultScriptIntensity`, `elasticity`, `friction`, `locationId`, `modelTableId`, `objectScale`, `physicsBitField`, `physicsTableId`, `motionTableId`, `soundTableId`, `physicsState`, `translucency`)
VALUES (15837, 'Sanctum Residential Halls Portal', 65536, 0, 0, 0, 262164, 0, 0, 0, 0, 0, 0, 8388656, 0, 100667499, 0, 0, 0, 0, 0, 0, 0, 0, 4, 0, 0, 0, 0, 0, 32, -0.1, 0, 0, 0, 0, 0, 0, 0, 0, 0, 33554867, 0, 98307, 0, 150994947, 0, 3084, 0);

INSERT INTO weenie_class (`weenieClassId`, `baseAceObjectId`)
VALUES (15837, 15837);

INSERT INTO `base_ace_object` (`baseAceObjectId`, `name`, `typeId`, `paletteId`, `ammoType`, `blipColor`, `bitField`, `burden`, `combatUse`, `cooldownDuration`, `cooldownId`, `effects`, `containersCapacity`, `header`, `hookTypeId`, `iconId`, `iconOverlayId`, `iconUnderlayId`, `hookItemTypes`, `itemsCapacity`, `location`, `materialType`, `maxStackSize`, `maxStructure`, `radar`, `pscript`, `spellId`, `stackSize`, `structure`, `targetTypeId`, `usability`, `useRadius`, `validLocations`, `value`, `workmanship`, `animationFrameId`, `defaultScript`, `defaultScriptIntensity`, `elasticity`, `friction`, `locationId`, `modelTableId`, `objectScale`, `physicsBitField`, `physicsTableId`, `motionTableId`, `soundTableId`, `physicsState`, `translucency`)
VALUES (1024, 'Qalaba''r Portal', 65536, 0, 0, 0, 262164, 0, 0, 0, 0, 0, 0, 8388656, 0, 100667499, 0, 0, 0, 0, 0, 0, 0, 0, 4, 0, 0, 0, 0, 0, 32, -0.1, 0, 0, 0, 0, 0, 0, 0, 0, 0, 33554867, 0, 98307, 0, 150994947, 0, 3084, 0);

INSERT INTO weenie_class (`weenieClassId`, `baseAceObjectId`)
VALUES (1024, 1024);

INSERT INTO `base_ace_object` (`baseAceObjectId`, `name`, `typeId`, `paletteId`, `ammoType`, `blipColor`, `bitField`, `burden`, `combatUse`, `cooldownDuration`, `cooldownId`, `effects`, `containersCapacity`, `header`, `hookTypeId`, `iconId`, `iconOverlayId`, `iconUnderlayId`, `hookItemTypes`, `itemsCapacity`, `location`, `materialType`, `maxStackSize`, `maxStructure`, `radar`, `pscript`, `spellId`, `stackSize`, `structure`, `targetTypeId`, `usability`, `useRadius`, `validLocations`, `value`, `workmanship`, `animationFrameId`, `defaultScript`, `defaultScriptIntensity`, `elasticity`, `friction`, `locationId`, `modelTableId`, `objectScale`, `physicsBitField`, `physicsTableId`, `motionTableId`, `soundTableId`, `physicsState`, `translucency`)
VALUES (6101, 'Nanto Meeting Hall Portal', 65536, 0, 0, 0, 262164, 0, 0, 0, 0, 0, 0, 8388656, 0, 100667499, 0, 0, 0, 0, 0, 0, 0, 0, 4, 0, 0, 0, 0, 0, 32, -0.1, 0, 0, 0, 0, 0, 0, 0, 0, 0, 33554867, 0, 98307, 0, 150994947, 0, 3084, 0);

INSERT INTO weenie_class (`weenieClassId`, `baseAceObjectId`)
VALUES (6101, 6101);

INSERT INTO `base_ace_object` (`baseAceObjectId`, `name`, `typeId`, `paletteId`, `ammoType`, `blipColor`, `bitField`, `burden`, `combatUse`, `cooldownDuration`, `cooldownId`, `effects`, `containersCapacity`, `header`, `hookTypeId`, `iconId`, `iconOverlayId`, `iconUnderlayId`, `hookItemTypes`, `itemsCapacity`, `location`, `materialType`, `maxStackSize`, `maxStructure`, `radar`, `pscript`, `spellId`, `stackSize`, `structure`, `targetTypeId`, `usability`, `useRadius`, `validLocations`, `value`, `workmanship`, `animationFrameId`, `defaultScript`, `defaultScriptIntensity`, `elasticity`, `friction`, `locationId`, `modelTableId`, `objectScale`, `physicsBitField`, `physicsTableId`, `motionTableId`, `soundTableId`, `physicsState`, `translucency`)
VALUES (24435, 'Matron Hive South', 65536, 0, 0, 0, 262164, 0, 0, 0, 0, 0, 0, 8388656, 0, 100667499, 0, 0, 0, 0, 0, 0, 0, 0, 4, 0, 0, 0, 0, 0, 32, -0.1, 0, 0, 0, 0, 0, 0, 0, 0, 0, 33555923, 0, 98307, 0, 150994947, 0, 3084, 0);

INSERT INTO weenie_class (`weenieClassId`, `baseAceObjectId`)
VALUES (24435, 24435);

INSERT INTO `base_ace_object` (`baseAceObjectId`, `name`, `typeId`, `paletteId`, `ammoType`, `blipColor`, `bitField`, `burden`, `combatUse`, `cooldownDuration`, `cooldownId`, `effects`, `containersCapacity`, `header`, `hookTypeId`, `iconId`, `iconOverlayId`, `iconUnderlayId`, `hookItemTypes`, `itemsCapacity`, `location`, `materialType`, `maxStackSize`, `maxStructure`, `radar`, `pscript`, `spellId`, `stackSize`, `structure`, `targetTypeId`, `usability`, `useRadius`, `validLocations`, `value`, `workmanship`, `animationFrameId`, `defaultScript`, `defaultScriptIntensity`, `elasticity`, `friction`, `locationId`, `modelTableId`, `objectScale`, `physicsBitField`, `physicsTableId`, `motionTableId`, `soundTableId`, `physicsState`, `translucency`)
VALUES (4959, 'Empyrean Garrison', 65536, 0, 0, 0, 262164, 0, 0, 0, 0, 0, 0, 8388656, 0, 100667499, 0, 0, 0, 0, 0, 0, 0, 0, 4, 0, 0, 0, 0, 0, 32, -0.1, 0, 0, 0, 0, 0, 0, 0, 0, 0, 33555922, 0, 98307, 0, 150994947, 0, 3084, 0);

INSERT INTO weenie_class (`weenieClassId`, `baseAceObjectId`)
VALUES (4959, 4959);

INSERT INTO `base_ace_object` (`baseAceObjectId`, `name`, `typeId`, `paletteId`, `ammoType`, `blipColor`, `bitField`, `burden`, `combatUse`, `cooldownDuration`, `cooldownId`, `effects`, `containersCapacity`, `header`, `hookTypeId`, `iconId`, `iconOverlayId`, `iconUnderlayId`, `hookItemTypes`, `itemsCapacity`, `location`, `materialType`, `maxStackSize`, `maxStructure`, `radar`, `pscript`, `spellId`, `stackSize`, `structure`, `targetTypeId`, `usability`, `useRadius`, `validLocations`, `value`, `workmanship`, `animationFrameId`, `defaultScript`, `defaultScriptIntensity`, `elasticity`, `friction`, `locationId`, `modelTableId`, `objectScale`, `physicsBitField`, `physicsTableId`, `motionTableId`, `soundTableId`, `physicsState`, `translucency`)
VALUES (4923, 'Water Temple Portal', 65536, 0, 0, 0, 262164, 0, 0, 0, 0, 0, 0, 8388656, 0, 100667499, 0, 0, 0, 0, 0, 0, 0, 0, 4, 0, 0, 0, 0, 0, 32, -0.1, 0, 0, 0, 0, 0, 0, 0, 0, 0, 33555923, 0, 98307, 0, 150994947, 0, 3084, 0);

INSERT INTO weenie_class (`weenieClassId`, `baseAceObjectId`)
VALUES (4923, 4923);

INSERT INTO `base_ace_object` (`baseAceObjectId`, `name`, `typeId`, `paletteId`, `ammoType`, `blipColor`, `bitField`, `burden`, `combatUse`, `cooldownDuration`, `cooldownId`, `effects`, `containersCapacity`, `header`, `hookTypeId`, `iconId`, `iconOverlayId`, `iconUnderlayId`, `hookItemTypes`, `itemsCapacity`, `location`, `materialType`, `maxStackSize`, `maxStructure`, `radar`, `pscript`, `spellId`, `stackSize`, `structure`, `targetTypeId`, `usability`, `useRadius`, `validLocations`, `value`, `workmanship`, `animationFrameId`, `defaultScript`, `defaultScriptIntensity`, `elasticity`, `friction`, `locationId`, `modelTableId`, `objectScale`, `physicsBitField`, `physicsTableId`, `motionTableId`, `soundTableId`, `physicsState`, `translucency`)
VALUES (14655, 'Ong-Hau Village Portal', 65536, 0, 0, 0, 262164, 0, 0, 0, 0, 0, 0, 8388656, 0, 100667499, 0, 0, 0, 0, 0, 0, 0, 0, 4, 0, 0, 0, 0, 0, 32, -0.1, 0, 0, 0, 0, 0, 0, 0, 0, 0, 33554867, 0, 98307, 0, 150994947, 0, 3084, 0);

INSERT INTO weenie_class (`weenieClassId`, `baseAceObjectId`)
VALUES (14655, 14655);

INSERT INTO `base_ace_object` (`baseAceObjectId`, `name`, `typeId`, `paletteId`, `ammoType`, `blipColor`, `bitField`, `burden`, `combatUse`, `cooldownDuration`, `cooldownId`, `effects`, `containersCapacity`, `header`, `hookTypeId`, `iconId`, `iconOverlayId`, `iconUnderlayId`, `hookItemTypes`, `itemsCapacity`, `location`, `materialType`, `maxStackSize`, `maxStructure`, `radar`, `pscript`, `spellId`, `stackSize`, `structure`, `targetTypeId`, `usability`, `useRadius`, `validLocations`, `value`, `workmanship`, `animationFrameId`, `defaultScript`, `defaultScriptIntensity`, `elasticity`, `friction`, `locationId`, `modelTableId`, `objectScale`, `physicsBitField`, `physicsTableId`, `motionTableId`, `soundTableId`, `physicsState`, `translucency`)
VALUES (13130, 'Snowy Valley Portal', 65536, 0, 0, 0, 262164, 0, 0, 0, 0, 0, 0, 8388656, 0, 100667499, 0, 0, 0, 0, 0, 0, 0, 0, 4, 0, 0, 0, 0, 0, 32, -0.1, 0, 0, 0, 0, 0, 0, 0, 0, 0, 33554867, 0, 98307, 0, 150994947, 0, 3084, 0);

INSERT INTO weenie_class (`weenieClassId`, `baseAceObjectId`)
VALUES (13130, 13130);

INSERT INTO `base_ace_object` (`baseAceObjectId`, `name`, `typeId`, `paletteId`, `ammoType`, `blipColor`, `bitField`, `burden`, `combatUse`, `cooldownDuration`, `cooldownId`, `effects`, `containersCapacity`, `header`, `hookTypeId`, `iconId`, `iconOverlayId`, `iconUnderlayId`, `hookItemTypes`, `itemsCapacity`, `location`, `materialType`, `maxStackSize`, `maxStructure`, `radar`, `pscript`, `spellId`, `stackSize`, `structure`, `targetTypeId`, `usability`, `useRadius`, `validLocations`, `value`, `workmanship`, `animationFrameId`, `defaultScript`, `defaultScriptIntensity`, `elasticity`, `friction`, `locationId`, `modelTableId`, `objectScale`, `physicsBitField`, `physicsTableId`, `motionTableId`, `soundTableId`, `physicsState`, `translucency`)
VALUES (12487, 'Dryreach Beach Cottages Portal', 65536, 0, 0, 0, 262164, 0, 0, 0, 0, 0, 0, 8388656, 0, 100667499, 0, 0, 0, 0, 0, 0, 0, 0, 4, 0, 0, 0, 0, 0, 32, -0.1, 0, 0, 0, 0, 0, 0, 0, 0, 0, 33554867, 0, 98307, 0, 150994947, 0, 3084, 0);

INSERT INTO weenie_class (`weenieClassId`, `baseAceObjectId`)
VALUES (12487, 12487);

INSERT INTO `base_ace_object` (`baseAceObjectId`, `name`, `typeId`, `paletteId`, `ammoType`, `blipColor`, `bitField`, `burden`, `combatUse`, `cooldownDuration`, `cooldownId`, `effects`, `containersCapacity`, `header`, `hookTypeId`, `iconId`, `iconOverlayId`, `iconUnderlayId`, `hookItemTypes`, `itemsCapacity`, `location`, `materialType`, `maxStackSize`, `maxStructure`, `radar`, `pscript`, `spellId`, `stackSize`, `structure`, `targetTypeId`, `usability`, `useRadius`, `validLocations`, `value`, `workmanship`, `animationFrameId`, `defaultScript`, `defaultScriptIntensity`, `elasticity`, `friction`, `locationId`, `modelTableId`, `objectScale`, `physicsBitField`, `physicsTableId`, `motionTableId`, `soundTableId`, `physicsState`, `translucency`)
VALUES (21464, 'Haven Residential Halls Portal', 65536, 0, 0, 0, 262164, 0, 0, 0, 0, 0, 0, 8388656, 0, 100667499, 0, 0, 0, 0, 0, 0, 0, 0, 4, 0, 0, 0, 0, 0, 32, -0.1, 0, 0, 0, 0, 0, 0, 0, 0, 0, 33554867, 0, 98307, 0, 150994947, 0, 3084, 0);

INSERT INTO weenie_class (`weenieClassId`, `baseAceObjectId`)
VALUES (21464, 21464);

INSERT INTO `base_ace_object` (`baseAceObjectId`, `name`, `typeId`, `paletteId`, `ammoType`, `blipColor`, `bitField`, `burden`, `combatUse`, `cooldownDuration`, `cooldownId`, `effects`, `containersCapacity`, `header`, `hookTypeId`, `iconId`, `iconOverlayId`, `iconUnderlayId`, `hookItemTypes`, `itemsCapacity`, `location`, `materialType`, `maxStackSize`, `maxStructure`, `radar`, `pscript`, `spellId`, `stackSize`, `structure`, `targetTypeId`, `usability`, `useRadius`, `validLocations`, `value`, `workmanship`, `animationFrameId`, `defaultScript`, `defaultScriptIntensity`, `elasticity`, `friction`, `locationId`, `modelTableId`, `objectScale`, `physicsBitField`, `physicsTableId`, `motionTableId`, `soundTableId`, `physicsState`, `translucency`)
VALUES (14676, 'Westshore Cottages Portal', 65536, 0, 0, 0, 262164, 0, 0, 0, 0, 0, 0, 8388656, 0, 100667499, 0, 0, 0, 0, 0, 0, 0, 0, 4, 0, 0, 0, 0, 0, 32, -0.1, 0, 0, 0, 0, 0, 0, 0, 0, 0, 33554867, 0, 98307, 0, 150994947, 0, 3084, 0);

INSERT INTO weenie_class (`weenieClassId`, `baseAceObjectId`)
VALUES (14676, 14676);

INSERT INTO `base_ace_object` (`baseAceObjectId`, `name`, `typeId`, `paletteId`, `ammoType`, `blipColor`, `bitField`, `burden`, `combatUse`, `cooldownDuration`, `cooldownId`, `effects`, `containersCapacity`, `header`, `hookTypeId`, `iconId`, `iconOverlayId`, `iconUnderlayId`, `hookItemTypes`, `itemsCapacity`, `location`, `materialType`, `maxStackSize`, `maxStructure`, `radar`, `pscript`, `spellId`, `stackSize`, `structure`, `targetTypeId`, `usability`, `useRadius`, `validLocations`, `value`, `workmanship`, `animationFrameId`, `defaultScript`, `defaultScriptIntensity`, `elasticity`, `friction`, `locationId`, `modelTableId`, `objectScale`, `physicsBitField`, `physicsTableId`, `motionTableId`, `soundTableId`, `physicsState`, `translucency`)
VALUES (19140, 'Dame Tolani Villas Portal', 65536, 0, 0, 0, 262164, 0, 0, 0, 0, 0, 0, 8388656, 0, 100667499, 0, 0, 0, 0, 0, 0, 0, 0, 4, 0, 0, 0, 0, 0, 32, -0.1, 0, 0, 0, 0, 0, 0, 0, 0, 0, 33554867, 0, 98307, 0, 150994947, 0, 3084, 0);

INSERT INTO weenie_class (`weenieClassId`, `baseAceObjectId`)
VALUES (19140, 19140);

INSERT INTO `base_ace_object` (`baseAceObjectId`, `name`, `typeId`, `paletteId`, `ammoType`, `blipColor`, `bitField`, `burden`, `combatUse`, `cooldownDuration`, `cooldownId`, `effects`, `containersCapacity`, `header`, `hookTypeId`, `iconId`, `iconOverlayId`, `iconUnderlayId`, `hookItemTypes`, `itemsCapacity`, `location`, `materialType`, `maxStackSize`, `maxStructure`, `radar`, `pscript`, `spellId`, `stackSize`, `structure`, `targetTypeId`, `usability`, `useRadius`, `validLocations`, `value`, `workmanship`, `animationFrameId`, `defaultScript`, `defaultScriptIntensity`, `elasticity`, `friction`, `locationId`, `modelTableId`, `objectScale`, `physicsBitField`, `physicsTableId`, `motionTableId`, `soundTableId`, `physicsState`, `translucency`)
VALUES (12472, 'Ariake Portal', 65536, 0, 0, 0, 262164, 0, 0, 0, 0, 0, 0, 8388656, 0, 100667499, 0, 0, 0, 0, 0, 0, 0, 0, 4, 0, 0, 0, 0, 0, 32, -0.1, 0, 0, 0, 0, 0, 0, 0, 0, 0, 33554867, 0, 98307, 0, 150994947, 0, 3084, 0);

INSERT INTO weenie_class (`weenieClassId`, `baseAceObjectId`)
VALUES (12472, 12472);

INSERT INTO `base_ace_object` (`baseAceObjectId`, `name`, `typeId`, `paletteId`, `ammoType`, `blipColor`, `bitField`, `burden`, `combatUse`, `cooldownDuration`, `cooldownId`, `effects`, `containersCapacity`, `header`, `hookTypeId`, `iconId`, `iconOverlayId`, `iconUnderlayId`, `hookItemTypes`, `itemsCapacity`, `location`, `materialType`, `maxStackSize`, `maxStructure`, `radar`, `pscript`, `spellId`, `stackSize`, `structure`, `targetTypeId`, `usability`, `useRadius`, `validLocations`, `value`, `workmanship`, `animationFrameId`, `defaultScript`, `defaultScriptIntensity`, `elasticity`, `friction`, `locationId`, `modelTableId`, `objectScale`, `physicsBitField`, `physicsTableId`, `motionTableId`, `soundTableId`, `physicsState`, `translucency`)
VALUES (13137, 'Tou-Tou Road Villas Portal', 65536, 0, 0, 0, 262164, 0, 0, 0, 0, 0, 0, 8388656, 0, 100667499, 0, 0, 0, 0, 0, 0, 0, 0, 4, 0, 0, 0, 0, 0, 32, -0.1, 0, 0, 0, 0, 0, 0, 0, 0, 0, 33554867, 0, 98307, 0, 150994947, 0, 3084, 0);

INSERT INTO weenie_class (`weenieClassId`, `baseAceObjectId`)
VALUES (13137, 13137);

INSERT INTO `base_ace_object` (`baseAceObjectId`, `name`, `typeId`, `paletteId`, `ammoType`, `blipColor`, `bitField`, `burden`, `combatUse`, `cooldownDuration`, `cooldownId`, `effects`, `containersCapacity`, `header`, `hookTypeId`, `iconId`, `iconOverlayId`, `iconUnderlayId`, `hookItemTypes`, `itemsCapacity`, `location`, `materialType`, `maxStackSize`, `maxStructure`, `radar`, `pscript`, `spellId`, `stackSize`, `structure`, `targetTypeId`, `usability`, `useRadius`, `validLocations`, `value`, `workmanship`, `animationFrameId`, `defaultScript`, `defaultScriptIntensity`, `elasticity`, `friction`, `locationId`, `modelTableId`, `objectScale`, `physicsBitField`, `physicsTableId`, `motionTableId`, `soundTableId`, `physicsState`, `translucency`)
VALUES (12561, 'Tou-Tou Penninsula Cottages Portal', 65536, 0, 0, 0, 262164, 0, 0, 0, 0, 0, 0, 8388656, 0, 100667499, 0, 0, 0, 0, 0, 0, 0, 0, 4, 0, 0, 0, 0, 0, 32, -0.1, 0, 0, 0, 0, 0, 0, 0, 0, 0, 33554867, 0, 98307, 0, 150994947, 0, 3084, 0);

INSERT INTO weenie_class (`weenieClassId`, `baseAceObjectId`)
VALUES (12561, 12561);

INSERT INTO `base_ace_object` (`baseAceObjectId`, `name`, `typeId`, `paletteId`, `ammoType`, `blipColor`, `bitField`, `burden`, `combatUse`, `cooldownDuration`, `cooldownId`, `effects`, `containersCapacity`, `header`, `hookTypeId`, `iconId`, `iconOverlayId`, `iconUnderlayId`, `hookItemTypes`, `itemsCapacity`, `location`, `materialType`, `maxStackSize`, `maxStructure`, `radar`, `pscript`, `spellId`, `stackSize`, `structure`, `targetTypeId`, `usability`, `useRadius`, `validLocations`, `value`, `workmanship`, `animationFrameId`, `defaultScript`, `defaultScriptIntensity`, `elasticity`, `friction`, `locationId`, `modelTableId`, `objectScale`, `physicsBitField`, `physicsTableId`, `motionTableId`, `soundTableId`, `physicsState`, `translucency`)
VALUES (13112, 'Nan-Zari Portal', 65536, 0, 0, 0, 262164, 0, 0, 0, 0, 0, 0, 8388656, 0, 100667499, 0, 0, 0, 0, 0, 0, 0, 0, 4, 0, 0, 0, 0, 0, 32, -0.1, 0, 0, 0, 0, 0, 0, 0, 0, 0, 33554867, 0, 98307, 0, 150994947, 0, 3084, 0);

INSERT INTO weenie_class (`weenieClassId`, `baseAceObjectId`)
VALUES (13112, 13112);

INSERT INTO `base_ace_object` (`baseAceObjectId`, `name`, `typeId`, `paletteId`, `ammoType`, `blipColor`, `bitField`, `burden`, `combatUse`, `cooldownDuration`, `cooldownId`, `effects`, `containersCapacity`, `header`, `hookTypeId`, `iconId`, `iconOverlayId`, `iconUnderlayId`, `hookItemTypes`, `itemsCapacity`, `location`, `materialType`, `maxStackSize`, `maxStructure`, `radar`, `pscript`, `spellId`, `stackSize`, `structure`, `targetTypeId`, `usability`, `useRadius`, `validLocations`, `value`, `workmanship`, `animationFrameId`, `defaultScript`, `defaultScriptIntensity`, `elasticity`, `friction`, `locationId`, `modelTableId`, `objectScale`, `physicsBitField`, `physicsTableId`, `motionTableId`, `soundTableId`, `physicsState`, `translucency`)
VALUES (43865, 'The Shadows', 65536, 0, 0, 0, 262164, 0, 0, 0, 0, 0, 0, 8388656, 0, 100667499, 0, 0, 0, 0, 0, 0, 0, 0, 4, 0, 0, 0, 0, 0, 32, -0.1, 0, 0, 0, 0, 0, 0, 0, 0, 0, 33561212, 0, 98307, 0, 150995314, 0, 1036, 0);

INSERT INTO weenie_class (`weenieClassId`, `baseAceObjectId`)
VALUES (43865, 43865);

INSERT INTO `base_ace_object` (`baseAceObjectId`, `name`, `typeId`, `paletteId`, `ammoType`, `blipColor`, `bitField`, `burden`, `combatUse`, `cooldownDuration`, `cooldownId`, `effects`, `containersCapacity`, `header`, `hookTypeId`, `iconId`, `iconOverlayId`, `iconUnderlayId`, `hookItemTypes`, `itemsCapacity`, `location`, `materialType`, `maxStackSize`, `maxStructure`, `radar`, `pscript`, `spellId`, `stackSize`, `structure`, `targetTypeId`, `usability`, `useRadius`, `validLocations`, `value`, `workmanship`, `animationFrameId`, `defaultScript`, `defaultScriptIntensity`, `elasticity`, `friction`, `locationId`, `modelTableId`, `objectScale`, `physicsBitField`, `physicsTableId`, `motionTableId`, `soundTableId`, `physicsState`, `translucency`)
VALUES (43561, 'Olthoi Tunnel', 65536, 67109370, 0, 0, 262164, 0, 0, 0, 0, 0, 0, 8388656, 0, 100667499, 0, 0, 0, 0, 0, 0, 0, 0, 4, 0, 0, 0, 0, 0, 32, -0.1, 0, 0, 0, 0, 0, 0, 0, 0, 0, 33554867, 0, 98307, 0, 150994947, 0, 3084, 0);

INSERT INTO weenie_class (`weenieClassId`, `baseAceObjectId`)
VALUES (43561, 43561);

INSERT INTO `weenie_palette_changes` (`weenieClassId`, `subPaletteId`, `offset`, `length`)
VALUES (43561, 67111849, 8, 2040);

INSERT INTO `base_ace_object` (`baseAceObjectId`, `name`, `typeId`, `paletteId`, `ammoType`, `blipColor`, `bitField`, `burden`, `combatUse`, `cooldownDuration`, `cooldownId`, `effects`, `containersCapacity`, `header`, `hookTypeId`, `iconId`, `iconOverlayId`, `iconUnderlayId`, `hookItemTypes`, `itemsCapacity`, `location`, `materialType`, `maxStackSize`, `maxStructure`, `radar`, `pscript`, `spellId`, `stackSize`, `structure`, `targetTypeId`, `usability`, `useRadius`, `validLocations`, `value`, `workmanship`, `animationFrameId`, `defaultScript`, `defaultScriptIntensity`, `elasticity`, `friction`, `locationId`, `modelTableId`, `objectScale`, `physicsBitField`, `physicsTableId`, `motionTableId`, `soundTableId`, `physicsState`, `translucency`)
VALUES (10857, 'An Olthoi Soldier Nest', 65536, 0, 0, 0, 262164, 0, 0, 0, 0, 0, 0, 8388656, 0, 100667499, 0, 0, 0, 0, 0, 0, 0, 0, 4, 0, 0, 0, 0, 0, 32, -0.1, 0, 0, 0, 0, 0, 0, 0, 0, 0, 33555923, 0, 98307, 0, 150994947, 0, 3084, 0);

INSERT INTO weenie_class (`weenieClassId`, `baseAceObjectId`)
VALUES (10857, 10857);

INSERT INTO `base_ace_object` (`baseAceObjectId`, `name`, `typeId`, `paletteId`, `ammoType`, `blipColor`, `bitField`, `burden`, `combatUse`, `cooldownDuration`, `cooldownId`, `effects`, `containersCapacity`, `header`, `hookTypeId`, `iconId`, `iconOverlayId`, `iconUnderlayId`, `hookItemTypes`, `itemsCapacity`, `location`, `materialType`, `maxStackSize`, `maxStructure`, `radar`, `pscript`, `spellId`, `stackSize`, `structure`, `targetTypeId`, `usability`, `useRadius`, `validLocations`, `value`, `workmanship`, `animationFrameId`, `defaultScript`, `defaultScriptIntensity`, `elasticity`, `friction`, `locationId`, `modelTableId`, `objectScale`, `physicsBitField`, `physicsTableId`, `motionTableId`, `soundTableId`, `physicsState`, `translucency`)
VALUES (11221, 'Small Hive Portal', 65536, 0, 0, 0, 262164, 0, 0, 0, 0, 0, 0, 8388656, 0, 100667499, 0, 0, 0, 0, 0, 0, 0, 0, 4, 0, 0, 0, 0, 0, 32, -0.1, 0, 0, 0, 0, 0, 0, 0, 0, 0, 33555926, 0, 98307, 0, 150994947, 0, 3084, 0);

INSERT INTO weenie_class (`weenieClassId`, `baseAceObjectId`)
VALUES (11221, 11221);

INSERT INTO `base_ace_object` (`baseAceObjectId`, `name`, `typeId`, `paletteId`, `ammoType`, `blipColor`, `bitField`, `burden`, `combatUse`, `cooldownDuration`, `cooldownId`, `effects`, `containersCapacity`, `header`, `hookTypeId`, `iconId`, `iconOverlayId`, `iconUnderlayId`, `hookItemTypes`, `itemsCapacity`, `location`, `materialType`, `maxStackSize`, `maxStructure`, `radar`, `pscript`, `spellId`, `stackSize`, `structure`, `targetTypeId`, `usability`, `useRadius`, `validLocations`, `value`, `workmanship`, `animationFrameId`, `defaultScript`, `defaultScriptIntensity`, `elasticity`, `friction`, `locationId`, `modelTableId`, `objectScale`, `physicsBitField`, `physicsTableId`, `motionTableId`, `soundTableId`, `physicsState`, `translucency`)
VALUES (11213, 'East Fork Dam Hive Portal', 65536, 0, 0, 0, 262164, 0, 0, 0, 0, 0, 0, 8388656, 0, 100667499, 0, 0, 0, 0, 0, 0, 0, 0, 4, 0, 0, 0, 0, 0, 32, -0.1, 0, 0, 0, 0, 0, 0, 0, 0, 0, 33555925, 0, 98307, 0, 150994947, 0, 3084, 0);

INSERT INTO weenie_class (`weenieClassId`, `baseAceObjectId`)
VALUES (11213, 11213);

INSERT INTO `base_ace_object` (`baseAceObjectId`, `name`, `typeId`, `paletteId`, `ammoType`, `blipColor`, `bitField`, `burden`, `combatUse`, `cooldownDuration`, `cooldownId`, `effects`, `containersCapacity`, `header`, `hookTypeId`, `iconId`, `iconOverlayId`, `iconUnderlayId`, `hookItemTypes`, `itemsCapacity`, `location`, `materialType`, `maxStackSize`, `maxStructure`, `radar`, `pscript`, `spellId`, `stackSize`, `structure`, `targetTypeId`, `usability`, `useRadius`, `validLocations`, `value`, `workmanship`, `animationFrameId`, `defaultScript`, `defaultScriptIntensity`, `elasticity`, `friction`, `locationId`, `modelTableId`, `objectScale`, `physicsBitField`, `physicsTableId`, `motionTableId`, `soundTableId`, `physicsState`, `translucency`)
VALUES (11223, 'Simple Hive Portal', 65536, 0, 0, 0, 262164, 0, 0, 0, 0, 0, 0, 8388656, 0, 100667499, 0, 0, 0, 0, 0, 0, 0, 0, 4, 0, 0, 0, 0, 0, 32, -0.1, 0, 0, 0, 0, 0, 0, 0, 0, 0, 33555926, 0, 98307, 0, 150994947, 0, 3084, 0);

INSERT INTO weenie_class (`weenieClassId`, `baseAceObjectId`)
VALUES (11223, 11223);

INSERT INTO `base_ace_object` (`baseAceObjectId`, `name`, `typeId`, `paletteId`, `ammoType`, `blipColor`, `bitField`, `burden`, `combatUse`, `cooldownDuration`, `cooldownId`, `effects`, `containersCapacity`, `header`, `hookTypeId`, `iconId`, `iconOverlayId`, `iconUnderlayId`, `hookItemTypes`, `itemsCapacity`, `location`, `materialType`, `maxStackSize`, `maxStructure`, `radar`, `pscript`, `spellId`, `stackSize`, `structure`, `targetTypeId`, `usability`, `useRadius`, `validLocations`, `value`, `workmanship`, `animationFrameId`, `defaultScript`, `defaultScriptIntensity`, `elasticity`, `friction`, `locationId`, `modelTableId`, `objectScale`, `physicsBitField`, `physicsTableId`, `motionTableId`, `soundTableId`, `physicsState`, `translucency`)
VALUES (11225, 'Shallow Hive Portal', 65536, 0, 0, 0, 262164, 0, 0, 0, 0, 0, 0, 8388656, 0, 100667499, 0, 0, 0, 0, 0, 0, 0, 0, 4, 0, 0, 0, 0, 0, 32, -0.1, 0, 0, 0, 0, 0, 0, 0, 0, 0, 33555925, 0, 98307, 0, 150994947, 0, 3084, 0);

INSERT INTO weenie_class (`weenieClassId`, `baseAceObjectId`)
VALUES (11225, 11225);

INSERT INTO `base_ace_object` (`baseAceObjectId`, `name`, `typeId`, `paletteId`, `ammoType`, `blipColor`, `bitField`, `burden`, `combatUse`, `cooldownDuration`, `cooldownId`, `effects`, `containersCapacity`, `header`, `hookTypeId`, `iconId`, `iconOverlayId`, `iconUnderlayId`, `hookItemTypes`, `itemsCapacity`, `location`, `materialType`, `maxStackSize`, `maxStructure`, `radar`, `pscript`, `spellId`, `stackSize`, `structure`, `targetTypeId`, `usability`, `useRadius`, `validLocations`, `value`, `workmanship`, `animationFrameId`, `defaultScript`, `defaultScriptIntensity`, `elasticity`, `friction`, `locationId`, `modelTableId`, `objectScale`, `physicsBitField`, `physicsTableId`, `motionTableId`, `soundTableId`, `physicsState`, `translucency`)
VALUES (11227, 'New Hive Portal', 65536, 0, 0, 0, 262164, 0, 0, 0, 0, 0, 0, 8388656, 0, 100667499, 0, 0, 0, 0, 0, 0, 0, 0, 4, 0, 0, 0, 0, 0, 32, -0.1, 0, 0, 0, 0, 0, 0, 0, 0, 0, 33555925, 0, 98307, 0, 150994947, 0, 3084, 0);

INSERT INTO weenie_class (`weenieClassId`, `baseAceObjectId`)
VALUES (11227, 11227);

INSERT INTO `base_ace_object` (`baseAceObjectId`, `name`, `typeId`, `paletteId`, `ammoType`, `blipColor`, `bitField`, `burden`, `combatUse`, `cooldownDuration`, `cooldownId`, `effects`, `containersCapacity`, `header`, `hookTypeId`, `iconId`, `iconOverlayId`, `iconUnderlayId`, `hookItemTypes`, `itemsCapacity`, `location`, `materialType`, `maxStackSize`, `maxStructure`, `radar`, `pscript`, `spellId`, `stackSize`, `structure`, `targetTypeId`, `usability`, `useRadius`, `validLocations`, `value`, `workmanship`, `animationFrameId`, `defaultScript`, `defaultScriptIntensity`, `elasticity`, `friction`, `locationId`, `modelTableId`, `objectScale`, `physicsBitField`, `physicsTableId`, `motionTableId`, `soundTableId`, `physicsState`, `translucency`)
VALUES (11217, 'North Fork Dam Hive Portal', 65536, 0, 0, 0, 262164, 0, 0, 0, 0, 0, 0, 8388656, 0, 100667499, 0, 0, 0, 0, 0, 0, 0, 0, 4, 0, 0, 0, 0, 0, 32, -0.1, 0, 0, 0, 0, 0, 0, 0, 0, 0, 33555925, 0, 98307, 0, 150994947, 0, 3084, 0);

INSERT INTO weenie_class (`weenieClassId`, `baseAceObjectId`)
VALUES (11217, 11217);

INSERT INTO `base_ace_object` (`baseAceObjectId`, `name`, `typeId`, `paletteId`, `ammoType`, `blipColor`, `bitField`, `burden`, `combatUse`, `cooldownDuration`, `cooldownId`, `effects`, `containersCapacity`, `header`, `hookTypeId`, `iconId`, `iconOverlayId`, `iconUnderlayId`, `hookItemTypes`, `itemsCapacity`, `location`, `materialType`, `maxStackSize`, `maxStructure`, `radar`, `pscript`, `spellId`, `stackSize`, `structure`, `targetTypeId`, `usability`, `useRadius`, `validLocations`, `value`, `workmanship`, `animationFrameId`, `defaultScript`, `defaultScriptIntensity`, `elasticity`, `friction`, `locationId`, `modelTableId`, `objectScale`, `physicsBitField`, `physicsTableId`, `motionTableId`, `soundTableId`, `physicsState`, `translucency`)
VALUES (11219, 'Tiny Hive Portal', 65536, 0, 0, 0, 262164, 0, 0, 0, 0, 0, 0, 8388656, 0, 100667499, 0, 0, 0, 0, 0, 0, 0, 0, 4, 0, 0, 0, 0, 0, 32, -0.1, 0, 0, 0, 0, 0, 0, 0, 0, 0, 33555923, 0, 98307, 0, 150994947, 0, 3084, 0);

INSERT INTO weenie_class (`weenieClassId`, `baseAceObjectId`)
VALUES (11219, 11219);

INSERT INTO `base_ace_object` (`baseAceObjectId`, `name`, `typeId`, `paletteId`, `ammoType`, `blipColor`, `bitField`, `burden`, `combatUse`, `cooldownDuration`, `cooldownId`, `effects`, `containersCapacity`, `header`, `hookTypeId`, `iconId`, `iconOverlayId`, `iconUnderlayId`, `hookItemTypes`, `itemsCapacity`, `location`, `materialType`, `maxStackSize`, `maxStructure`, `radar`, `pscript`, `spellId`, `stackSize`, `structure`, `targetTypeId`, `usability`, `useRadius`, `validLocations`, `value`, `workmanship`, `animationFrameId`, `defaultScript`, `defaultScriptIntensity`, `elasticity`, `friction`, `locationId`, `modelTableId`, `objectScale`, `physicsBitField`, `physicsTableId`, `motionTableId`, `soundTableId`, `physicsState`, `translucency`)
VALUES (10849, 'Lair of the Eviscerators', 65536, 0, 0, 0, 262164, 0, 0, 0, 0, 0, 0, 8388656, 0, 100667499, 0, 0, 0, 0, 0, 0, 0, 0, 4, 0, 0, 0, 0, 0, 32, -0.1, 0, 0, 0, 0, 0, 0, 0, 0, 0, 33555926, 0, 98307, 0, 150994947, 0, 3084, 0);

INSERT INTO weenie_class (`weenieClassId`, `baseAceObjectId`)
VALUES (10849, 10849);

INSERT INTO `base_ace_object` (`baseAceObjectId`, `name`, `typeId`, `paletteId`, `ammoType`, `blipColor`, `bitField`, `burden`, `combatUse`, `cooldownDuration`, `cooldownId`, `effects`, `containersCapacity`, `header`, `hookTypeId`, `iconId`, `iconOverlayId`, `iconUnderlayId`, `hookItemTypes`, `itemsCapacity`, `location`, `materialType`, `maxStackSize`, `maxStructure`, `radar`, `pscript`, `spellId`, `stackSize`, `structure`, `targetTypeId`, `usability`, `useRadius`, `validLocations`, `value`, `workmanship`, `animationFrameId`, `defaultScript`, `defaultScriptIntensity`, `elasticity`, `friction`, `locationId`, `modelTableId`, `objectScale`, `physicsBitField`, `physicsTableId`, `motionTableId`, `soundTableId`, `physicsState`, `translucency`)
VALUES (38156, 'Blighted Putrid Moarsman Tunnels', 65536, 0, 0, 0, 262164, 0, 0, 0, 0, 0, 0, 8388656, 0, 100667499, 0, 0, 0, 0, 0, 0, 0, 0, 4, 0, 0, 0, 0, 0, 32, -0.1, 0, 0, 0, 0, 0, 0, 0, 0, 0, 33555924, 0, 98307, 0, 150994947, 0, 3084, 0);

INSERT INTO weenie_class (`weenieClassId`, `baseAceObjectId`)
VALUES (38156, 38156);

INSERT INTO `base_ace_object` (`baseAceObjectId`, `name`, `typeId`, `paletteId`, `ammoType`, `blipColor`, `bitField`, `burden`, `combatUse`, `cooldownDuration`, `cooldownId`, `effects`, `containersCapacity`, `header`, `hookTypeId`, `iconId`, `iconOverlayId`, `iconUnderlayId`, `hookItemTypes`, `itemsCapacity`, `location`, `materialType`, `maxStackSize`, `maxStructure`, `radar`, `pscript`, `spellId`, `stackSize`, `structure`, `targetTypeId`, `usability`, `useRadius`, `validLocations`, `value`, `workmanship`, `animationFrameId`, `defaultScript`, `defaultScriptIntensity`, `elasticity`, `friction`, `locationId`, `modelTableId`, `objectScale`, `physicsBitField`, `physicsTableId`, `motionTableId`, `soundTableId`, `physicsState`, `translucency`)
VALUES (6091, 'Baishi Meeting Hall Portal', 65536, 0, 0, 0, 262164, 0, 0, 0, 0, 0, 0, 8388656, 0, 100667499, 0, 0, 0, 0, 0, 0, 0, 0, 4, 0, 0, 0, 0, 0, 32, -0.1, 0, 0, 0, 0, 0, 0, 0, 0, 0, 33554867, 0, 98307, 0, 150994947, 0, 3084, 0);

INSERT INTO weenie_class (`weenieClassId`, `baseAceObjectId`)
VALUES (6091, 6091);

INSERT INTO `base_ace_object` (`baseAceObjectId`, `name`, `typeId`, `paletteId`, `ammoType`, `blipColor`, `bitField`, `burden`, `combatUse`, `cooldownDuration`, `cooldownId`, `effects`, `containersCapacity`, `header`, `hookTypeId`, `iconId`, `iconOverlayId`, `iconUnderlayId`, `hookItemTypes`, `itemsCapacity`, `location`, `materialType`, `maxStackSize`, `maxStructure`, `radar`, `pscript`, `spellId`, `stackSize`, `structure`, `targetTypeId`, `usability`, `useRadius`, `validLocations`, `value`, `workmanship`, `animationFrameId`, `defaultScript`, `defaultScriptIntensity`, `elasticity`, `friction`, `locationId`, `modelTableId`, `objectScale`, `physicsBitField`, `physicsTableId`, `motionTableId`, `soundTableId`, `physicsState`, `translucency`)
VALUES (24433, 'Matron Hive East', 65536, 0, 0, 0, 262164, 0, 0, 0, 0, 0, 0, 8388656, 0, 100667499, 0, 0, 0, 0, 0, 0, 0, 0, 4, 0, 0, 0, 0, 0, 32, -0.1, 0, 0, 0, 0, 0, 0, 0, 0, 0, 33556212, 0, 98307, 0, 150994947, 0, 3084, 0);

INSERT INTO weenie_class (`weenieClassId`, `baseAceObjectId`)
VALUES (24433, 24433);

INSERT INTO `base_ace_object` (`baseAceObjectId`, `name`, `typeId`, `paletteId`, `ammoType`, `blipColor`, `bitField`, `burden`, `combatUse`, `cooldownDuration`, `cooldownId`, `effects`, `containersCapacity`, `header`, `hookTypeId`, `iconId`, `iconOverlayId`, `iconUnderlayId`, `hookItemTypes`, `itemsCapacity`, `location`, `materialType`, `maxStackSize`, `maxStructure`, `radar`, `pscript`, `spellId`, `stackSize`, `structure`, `targetTypeId`, `usability`, `useRadius`, `validLocations`, `value`, `workmanship`, `animationFrameId`, `defaultScript`, `defaultScriptIntensity`, `elasticity`, `friction`, `locationId`, `modelTableId`, `objectScale`, `physicsBitField`, `physicsTableId`, `motionTableId`, `soundTableId`, `physicsState`, `translucency`)
VALUES (11954, 'Destroyed Portal to Greenspire', 65536, 0, 0, 0, 262164, 0, 0, 0, 0, 0, 0, 48, 0, 100667499, 0, 0, 0, 0, 0, 0, 0, 0, 0, 0, 0, 0, 0, 0, 1, -0.1, 0, 0, 0, 0, 0, 0, 0, 0, 0, 33561060, 0, 98307, 0, 150995314, 0, 3092, 0);

INSERT INTO weenie_class (`weenieClassId`, `baseAceObjectId`)
VALUES (11954, 11954);

INSERT INTO `base_ace_object` (`baseAceObjectId`, `name`, `typeId`, `paletteId`, `ammoType`, `blipColor`, `bitField`, `burden`, `combatUse`, `cooldownDuration`, `cooldownId`, `effects`, `containersCapacity`, `header`, `hookTypeId`, `iconId`, `iconOverlayId`, `iconUnderlayId`, `hookItemTypes`, `itemsCapacity`, `location`, `materialType`, `maxStackSize`, `maxStructure`, `radar`, `pscript`, `spellId`, `stackSize`, `structure`, `targetTypeId`, `usability`, `useRadius`, `validLocations`, `value`, `workmanship`, `animationFrameId`, `defaultScript`, `defaultScriptIntensity`, `elasticity`, `friction`, `locationId`, `modelTableId`, `objectScale`, `physicsBitField`, `physicsTableId`, `motionTableId`, `soundTableId`, `physicsState`, `translucency`)
VALUES (6111, 'Yaraq Meeting Hall Portal', 65536, 0, 0, 0, 262164, 0, 0, 0, 0, 0, 0, 8388656, 0, 100667499, 0, 0, 0, 0, 0, 0, 0, 0, 4, 0, 0, 0, 0, 0, 32, -0.1, 0, 0, 0, 0, 0, 0, 0, 0, 0, 33554867, 0, 98307, 0, 150994947, 0, 3084, 0);

INSERT INTO weenie_class (`weenieClassId`, `baseAceObjectId`)
VALUES (6111, 6111);

INSERT INTO `base_ace_object` (`baseAceObjectId`, `name`, `typeId`, `paletteId`, `ammoType`, `blipColor`, `bitField`, `burden`, `combatUse`, `cooldownDuration`, `cooldownId`, `effects`, `containersCapacity`, `header`, `hookTypeId`, `iconId`, `iconOverlayId`, `iconUnderlayId`, `hookItemTypes`, `itemsCapacity`, `location`, `materialType`, `maxStackSize`, `maxStructure`, `radar`, `pscript`, `spellId`, `stackSize`, `structure`, `targetTypeId`, `usability`, `useRadius`, `validLocations`, `value`, `workmanship`, `animationFrameId`, `defaultScript`, `defaultScriptIntensity`, `elasticity`, `friction`, `locationId`, `modelTableId`, `objectScale`, `physicsBitField`, `physicsTableId`, `motionTableId`, `soundTableId`, `physicsState`, `translucency`)
VALUES (43066, 'Portal to Town Network', 65536, 0, 0, 0, 262164, 0, 0, 0, 0, 0, 0, 8388656, 0, 100667499, 0, 0, 0, 0, 0, 0, 0, 0, 4, 0, 0, 0, 0, 0, 32, -0.1, 0, 0, 0, 0, 0, 0, 0, 0, 0, 33554867, 0, 98307, 0, 150994947, 0, 3084, 0);

INSERT INTO weenie_class (`weenieClassId`, `baseAceObjectId`)
VALUES (43066, 43066);

INSERT INTO `base_ace_object` (`baseAceObjectId`, `name`, `typeId`, `paletteId`, `ammoType`, `blipColor`, `bitField`, `burden`, `combatUse`, `cooldownDuration`, `cooldownId`, `effects`, `containersCapacity`, `header`, `hookTypeId`, `iconId`, `iconOverlayId`, `iconUnderlayId`, `hookItemTypes`, `itemsCapacity`, `location`, `materialType`, `maxStackSize`, `maxStructure`, `radar`, `pscript`, `spellId`, `stackSize`, `structure`, `targetTypeId`, `usability`, `useRadius`, `validLocations`, `value`, `workmanship`, `animationFrameId`, `defaultScript`, `defaultScriptIntensity`, `elasticity`, `friction`, `locationId`, `modelTableId`, `objectScale`, `physicsBitField`, `physicsTableId`, `motionTableId`, `soundTableId`, `physicsState`, `translucency`)
VALUES (1547, 'Colier Mine', 65536, 0, 0, 0, 262164, 0, 0, 0, 0, 0, 0, 8388656, 0, 100667499, 0, 0, 0, 0, 0, 0, 0, 0, 4, 0, 0, 0, 0, 0, 32, -0.1, 0, 0, 0, 0, 0, 0, 0, 0, 0, 33554867, 0, 98307, 0, 150994947, 0, 3084, 0);

INSERT INTO weenie_class (`weenieClassId`, `baseAceObjectId`)
VALUES (1547, 1547);

INSERT INTO `base_ace_object` (`baseAceObjectId`, `name`, `typeId`, `paletteId`, `ammoType`, `blipColor`, `bitField`, `burden`, `combatUse`, `cooldownDuration`, `cooldownId`, `effects`, `containersCapacity`, `header`, `hookTypeId`, `iconId`, `iconOverlayId`, `iconUnderlayId`, `hookItemTypes`, `itemsCapacity`, `location`, `materialType`, `maxStackSize`, `maxStructure`, `radar`, `pscript`, `spellId`, `stackSize`, `structure`, `targetTypeId`, `usability`, `useRadius`, `validLocations`, `value`, `workmanship`, `animationFrameId`, `defaultScript`, `defaultScriptIntensity`, `elasticity`, `friction`, `locationId`, `modelTableId`, `objectScale`, `physicsBitField`, `physicsTableId`, `motionTableId`, `soundTableId`, `physicsState`, `translucency`)
VALUES (1548, 'Surface Portal', 65536, 0, 0, 0, 262164, 0, 0, 0, 0, 0, 0, 8388656, 0, 100667499, 0, 0, 0, 0, 0, 0, 0, 0, 4, 0, 0, 0, 0, 0, 32, -0.1, 0, 0, 0, 0, 0, 0, 0, 0, 0, 33554867, 0, 98307, 0, 150994947, 0, 3084, 0);

INSERT INTO weenie_class (`weenieClassId`, `baseAceObjectId`)
VALUES (1548, 1548);

INSERT INTO `base_ace_object` (`baseAceObjectId`, `name`, `typeId`, `paletteId`, `ammoType`, `blipColor`, `bitField`, `burden`, `combatUse`, `cooldownDuration`, `cooldownId`, `effects`, `containersCapacity`, `header`, `hookTypeId`, `iconId`, `iconOverlayId`, `iconUnderlayId`, `hookItemTypes`, `itemsCapacity`, `location`, `materialType`, `maxStackSize`, `maxStructure`, `radar`, `pscript`, `spellId`, `stackSize`, `structure`, `targetTypeId`, `usability`, `useRadius`, `validLocations`, `value`, `workmanship`, `animationFrameId`, `defaultScript`, `defaultScriptIntensity`, `elasticity`, `friction`, `locationId`, `modelTableId`, `objectScale`, `physicsBitField`, `physicsTableId`, `motionTableId`, `soundTableId`, `physicsState`, `translucency`)
VALUES (1544, 'Colier Mine Portal', 65536, 0, 0, 0, 262164, 0, 0, 0, 0, 0, 0, 8388656, 0, 100667499, 0, 0, 0, 0, 0, 0, 0, 0, 4, 0, 0, 0, 0, 0, 32, -0.1, 0, 0, 0, 0, 0, 0, 0, 0, 0, 33554867, 0, 98307, 0, 150994947, 0, 3084, 0);

INSERT INTO weenie_class (`weenieClassId`, `baseAceObjectId`)
VALUES (1544, 1544);

INSERT INTO `base_ace_object` (`baseAceObjectId`, `name`, `typeId`, `paletteId`, `ammoType`, `blipColor`, `bitField`, `burden`, `combatUse`, `cooldownDuration`, `cooldownId`, `effects`, `containersCapacity`, `header`, `hookTypeId`, `iconId`, `iconOverlayId`, `iconUnderlayId`, `hookItemTypes`, `itemsCapacity`, `location`, `materialType`, `maxStackSize`, `maxStructure`, `radar`, `pscript`, `spellId`, `stackSize`, `structure`, `targetTypeId`, `usability`, `useRadius`, `validLocations`, `value`, `workmanship`, `animationFrameId`, `defaultScript`, `defaultScriptIntensity`, `elasticity`, `friction`, `locationId`, `modelTableId`, `objectScale`, `physicsBitField`, `physicsTableId`, `motionTableId`, `soundTableId`, `physicsState`, `translucency`)
VALUES (1543, 'Colier Mine Portal', 65536, 0, 0, 0, 262164, 0, 0, 0, 0, 0, 0, 8388656, 0, 100667499, 0, 0, 0, 0, 0, 0, 0, 0, 4, 0, 0, 0, 0, 0, 32, -0.1, 0, 0, 0, 0, 0, 0, 0, 0, 0, 33554867, 0, 98307, 0, 150994947, 0, 3084, 0);

INSERT INTO weenie_class (`weenieClassId`, `baseAceObjectId`)
VALUES (1543, 1543);

INSERT INTO `base_ace_object` (`baseAceObjectId`, `name`, `typeId`, `paletteId`, `ammoType`, `blipColor`, `bitField`, `burden`, `combatUse`, `cooldownDuration`, `cooldownId`, `effects`, `containersCapacity`, `header`, `hookTypeId`, `iconId`, `iconOverlayId`, `iconUnderlayId`, `hookItemTypes`, `itemsCapacity`, `location`, `materialType`, `maxStackSize`, `maxStructure`, `radar`, `pscript`, `spellId`, `stackSize`, `structure`, `targetTypeId`, `usability`, `useRadius`, `validLocations`, `value`, `workmanship`, `animationFrameId`, `defaultScript`, `defaultScriptIntensity`, `elasticity`, `friction`, `locationId`, `modelTableId`, `objectScale`, `physicsBitField`, `physicsTableId`, `motionTableId`, `soundTableId`, `physicsState`, `translucency`)
VALUES (1545, 'Colier Mine Portal', 65536, 0, 0, 0, 262164, 0, 0, 0, 0, 0, 0, 8388656, 0, 100667499, 0, 0, 0, 0, 0, 0, 0, 0, 4, 0, 0, 0, 0, 0, 32, -0.1, 0, 0, 0, 0, 0, 0, 0, 0, 0, 33554867, 0, 98307, 0, 150994947, 0, 3084, 0);

INSERT INTO weenie_class (`weenieClassId`, `baseAceObjectId`)
VALUES (1545, 1545);

INSERT INTO `base_ace_object` (`baseAceObjectId`, `name`, `typeId`, `paletteId`, `ammoType`, `blipColor`, `bitField`, `burden`, `combatUse`, `cooldownDuration`, `cooldownId`, `effects`, `containersCapacity`, `header`, `hookTypeId`, `iconId`, `iconOverlayId`, `iconUnderlayId`, `hookItemTypes`, `itemsCapacity`, `location`, `materialType`, `maxStackSize`, `maxStructure`, `radar`, `pscript`, `spellId`, `stackSize`, `structure`, `targetTypeId`, `usability`, `useRadius`, `validLocations`, `value`, `workmanship`, `animationFrameId`, `defaultScript`, `defaultScriptIntensity`, `elasticity`, `friction`, `locationId`, `modelTableId`, `objectScale`, `physicsBitField`, `physicsTableId`, `motionTableId`, `soundTableId`, `physicsState`, `translucency`)
VALUES (1546, 'Colier Mine Portal', 65536, 0, 0, 0, 262164, 0, 0, 0, 0, 0, 0, 8388656, 0, 100667499, 0, 0, 0, 0, 0, 0, 0, 0, 4, 0, 0, 0, 0, 0, 32, -0.1, 0, 0, 0, 0, 0, 0, 0, 0, 0, 33554867, 0, 98307, 0, 150994947, 0, 3084, 0);

INSERT INTO weenie_class (`weenieClassId`, `baseAceObjectId`)
VALUES (1546, 1546);

INSERT INTO `base_ace_object` (`baseAceObjectId`, `name`, `typeId`, `paletteId`, `ammoType`, `blipColor`, `bitField`, `burden`, `combatUse`, `cooldownDuration`, `cooldownId`, `effects`, `containersCapacity`, `header`, `hookTypeId`, `iconId`, `iconOverlayId`, `iconUnderlayId`, `hookItemTypes`, `itemsCapacity`, `location`, `materialType`, `maxStackSize`, `maxStructure`, `radar`, `pscript`, `spellId`, `stackSize`, `structure`, `targetTypeId`, `usability`, `useRadius`, `validLocations`, `value`, `workmanship`, `animationFrameId`, `defaultScript`, `defaultScriptIntensity`, `elasticity`, `friction`, `locationId`, `modelTableId`, `objectScale`, `physicsBitField`, `physicsTableId`, `motionTableId`, `soundTableId`, `physicsState`, `translucency`)
VALUES (1512, 'Halls of the Helm', 65536, 0, 0, 0, 262164, 0, 0, 0, 0, 0, 0, 8388656, 0, 100667499, 0, 0, 0, 0, 0, 0, 0, 0, 4, 0, 0, 0, 0, 0, 32, -0.1, 0, 0, 0, 0, 0, 0, 0, 0, 0, 33555922, 0, 98307, 0, 150994947, 0, 3084, 0);

INSERT INTO weenie_class (`weenieClassId`, `baseAceObjectId`)
VALUES (1512, 1512);

INSERT INTO `base_ace_object` (`baseAceObjectId`, `name`, `typeId`, `paletteId`, `ammoType`, `blipColor`, `bitField`, `burden`, `combatUse`, `cooldownDuration`, `cooldownId`, `effects`, `containersCapacity`, `header`, `hookTypeId`, `iconId`, `iconOverlayId`, `iconUnderlayId`, `hookItemTypes`, `itemsCapacity`, `location`, `materialType`, `maxStackSize`, `maxStructure`, `radar`, `pscript`, `spellId`, `stackSize`, `structure`, `targetTypeId`, `usability`, `useRadius`, `validLocations`, `value`, `workmanship`, `animationFrameId`, `defaultScript`, `defaultScriptIntensity`, `elasticity`, `friction`, `locationId`, `modelTableId`, `objectScale`, `physicsBitField`, `physicsTableId`, `motionTableId`, `soundTableId`, `physicsState`, `translucency`)
VALUES (1513, 'Surface', 65536, 0, 0, 0, 262164, 0, 0, 0, 0, 0, 0, 8388656, 0, 100667499, 0, 0, 0, 0, 0, 0, 0, 0, 4, 0, 0, 0, 0, 0, 32, -0.1, 0, 0, 0, 0, 0, 0, 0, 0, 0, 33554867, 0, 98307, 0, 150994947, 0, 3084, 0);

INSERT INTO weenie_class (`weenieClassId`, `baseAceObjectId`)
VALUES (1513, 1513);

INSERT INTO `base_ace_object` (`baseAceObjectId`, `name`, `typeId`, `paletteId`, `ammoType`, `blipColor`, `bitField`, `burden`, `combatUse`, `cooldownDuration`, `cooldownId`, `effects`, `containersCapacity`, `header`, `hookTypeId`, `iconId`, `iconOverlayId`, `iconUnderlayId`, `hookItemTypes`, `itemsCapacity`, `location`, `materialType`, `maxStackSize`, `maxStructure`, `radar`, `pscript`, `spellId`, `stackSize`, `structure`, `targetTypeId`, `usability`, `useRadius`, `validLocations`, `value`, `workmanship`, `animationFrameId`, `defaultScript`, `defaultScriptIntensity`, `elasticity`, `friction`, `locationId`, `modelTableId`, `objectScale`, `physicsBitField`, `physicsTableId`, `motionTableId`, `soundTableId`, `physicsState`, `translucency`)
VALUES (3636, 'A Cave', 65536, 0, 0, 0, 262164, 0, 0, 0, 0, 0, 0, 8388656, 0, 100667499, 0, 0, 0, 0, 0, 0, 0, 0, 4, 0, 0, 0, 0, 0, 32, -0.1, 0, 0, 0, 0, 0, 0, 0, 0, 0, 33554867, 0, 98307, 0, 150994947, 0, 3084, 0);

INSERT INTO weenie_class (`weenieClassId`, `baseAceObjectId`)
VALUES (3636, 3636);

INSERT INTO `base_ace_object` (`baseAceObjectId`, `name`, `typeId`, `paletteId`, `ammoType`, `blipColor`, `bitField`, `burden`, `combatUse`, `cooldownDuration`, `cooldownId`, `effects`, `containersCapacity`, `header`, `hookTypeId`, `iconId`, `iconOverlayId`, `iconUnderlayId`, `hookItemTypes`, `itemsCapacity`, `location`, `materialType`, `maxStackSize`, `maxStructure`, `radar`, `pscript`, `spellId`, `stackSize`, `structure`, `targetTypeId`, `usability`, `useRadius`, `validLocations`, `value`, `workmanship`, `animationFrameId`, `defaultScript`, `defaultScriptIntensity`, `elasticity`, `friction`, `locationId`, `modelTableId`, `objectScale`, `physicsBitField`, `physicsTableId`, `motionTableId`, `soundTableId`, `physicsState`, `translucency`)
VALUES (3637, 'Surface', 65536, 0, 0, 0, 262164, 0, 0, 0, 0, 0, 0, 8388656, 0, 100667499, 0, 0, 0, 0, 0, 0, 0, 0, 4, 0, 0, 0, 0, 0, 32, -0.1, 0, 0, 0, 0, 0, 0, 0, 0, 0, 33554867, 0, 98307, 0, 150994947, 0, 3084, 0);

INSERT INTO weenie_class (`weenieClassId`, `baseAceObjectId`)
VALUES (3637, 3637);

INSERT INTO `base_ace_object` (`baseAceObjectId`, `name`, `typeId`, `paletteId`, `ammoType`, `blipColor`, `bitField`, `burden`, `combatUse`, `cooldownDuration`, `cooldownId`, `effects`, `containersCapacity`, `header`, `hookTypeId`, `iconId`, `iconOverlayId`, `iconUnderlayId`, `hookItemTypes`, `itemsCapacity`, `location`, `materialType`, `maxStackSize`, `maxStructure`, `radar`, `pscript`, `spellId`, `stackSize`, `structure`, `targetTypeId`, `usability`, `useRadius`, `validLocations`, `value`, `workmanship`, `animationFrameId`, `defaultScript`, `defaultScriptIntensity`, `elasticity`, `friction`, `locationId`, `modelTableId`, `objectScale`, `physicsBitField`, `physicsTableId`, `motionTableId`, `soundTableId`, `physicsState`, `translucency`)
VALUES (1122, 'Trothyr''s Rest', 65536, 0, 0, 0, 262164, 0, 0, 0, 0, 0, 0, 8388656, 0, 100667499, 0, 0, 0, 0, 0, 0, 0, 0, 4, 0, 0, 0, 0, 0, 32, -0.1, 0, 0, 0, 0, 0, 0, 0, 0, 0, 33554867, 0, 98307, 0, 150994947, 0, 3084, 0);

INSERT INTO weenie_class (`weenieClassId`, `baseAceObjectId`)
VALUES (1122, 1122);

INSERT INTO `base_ace_object` (`baseAceObjectId`, `name`, `typeId`, `paletteId`, `ammoType`, `blipColor`, `bitField`, `burden`, `combatUse`, `cooldownDuration`, `cooldownId`, `effects`, `containersCapacity`, `header`, `hookTypeId`, `iconId`, `iconOverlayId`, `iconUnderlayId`, `hookItemTypes`, `itemsCapacity`, `location`, `materialType`, `maxStackSize`, `maxStructure`, `radar`, `pscript`, `spellId`, `stackSize`, `structure`, `targetTypeId`, `usability`, `useRadius`, `validLocations`, `value`, `workmanship`, `animationFrameId`, `defaultScript`, `defaultScriptIntensity`, `elasticity`, `friction`, `locationId`, `modelTableId`, `objectScale`, `physicsBitField`, `physicsTableId`, `motionTableId`, `soundTableId`, `physicsState`, `translucency`)
VALUES (1098, 'Surface', 65536, 0, 0, 0, 262164, 0, 0, 0, 0, 0, 0, 8388656, 0, 100667499, 0, 0, 0, 0, 0, 0, 0, 0, 4, 0, 0, 0, 0, 0, 32, -0.1, 0, 0, 0, 0, 0, 0, 0, 0, 0, 33554867, 0, 98307, 0, 150994947, 0, 3084, 0);

INSERT INTO weenie_class (`weenieClassId`, `baseAceObjectId`)
VALUES (1098, 1098);

INSERT INTO `base_ace_object` (`baseAceObjectId`, `name`, `typeId`, `paletteId`, `ammoType`, `blipColor`, `bitField`, `burden`, `combatUse`, `cooldownDuration`, `cooldownId`, `effects`, `containersCapacity`, `header`, `hookTypeId`, `iconId`, `iconOverlayId`, `iconUnderlayId`, `hookItemTypes`, `itemsCapacity`, `location`, `materialType`, `maxStackSize`, `maxStructure`, `radar`, `pscript`, `spellId`, `stackSize`, `structure`, `targetTypeId`, `usability`, `useRadius`, `validLocations`, `value`, `workmanship`, `animationFrameId`, `defaultScript`, `defaultScriptIntensity`, `elasticity`, `friction`, `locationId`, `modelTableId`, `objectScale`, `physicsBitField`, `physicsTableId`, `motionTableId`, `soundTableId`, `physicsState`, `translucency`)
VALUES (2082, 'Hunter''s Leap', 65536, 0, 0, 0, 262164, 0, 0, 0, 0, 0, 0, 8388656, 0, 100667499, 0, 0, 0, 0, 0, 0, 0, 0, 4, 0, 0, 0, 0, 0, 32, -0.1, 0, 0, 0, 0, 0, 0, 0, 0, 0, 33554867, 0, 98307, 0, 150994947, 0, 3084, 0);

INSERT INTO weenie_class (`weenieClassId`, `baseAceObjectId`)
VALUES (2082, 2082);

INSERT INTO `base_ace_object` (`baseAceObjectId`, `name`, `typeId`, `paletteId`, `ammoType`, `blipColor`, `bitField`, `burden`, `combatUse`, `cooldownDuration`, `cooldownId`, `effects`, `containersCapacity`, `header`, `hookTypeId`, `iconId`, `iconOverlayId`, `iconUnderlayId`, `hookItemTypes`, `itemsCapacity`, `location`, `materialType`, `maxStackSize`, `maxStructure`, `radar`, `pscript`, `spellId`, `stackSize`, `structure`, `targetTypeId`, `usability`, `useRadius`, `validLocations`, `value`, `workmanship`, `animationFrameId`, `defaultScript`, `defaultScriptIntensity`, `elasticity`, `friction`, `locationId`, `modelTableId`, `objectScale`, `physicsBitField`, `physicsTableId`, `motionTableId`, `soundTableId`, `physicsState`, `translucency`)
VALUES (2083, 'Surface', 65536, 0, 0, 0, 262164, 0, 0, 0, 0, 0, 0, 8388656, 0, 100667499, 0, 0, 0, 0, 0, 0, 0, 0, 4, 0, 0, 0, 0, 0, 32, -0.1, 0, 0, 0, 0, 0, 0, 0, 0, 0, 33554867, 0, 98307, 0, 150994947, 0, 3084, 0);

INSERT INTO weenie_class (`weenieClassId`, `baseAceObjectId`)
VALUES (2083, 2083);

INSERT INTO `base_ace_object` (`baseAceObjectId`, `name`, `typeId`, `paletteId`, `ammoType`, `blipColor`, `bitField`, `burden`, `combatUse`, `cooldownDuration`, `cooldownId`, `effects`, `containersCapacity`, `header`, `hookTypeId`, `iconId`, `iconOverlayId`, `iconUnderlayId`, `hookItemTypes`, `itemsCapacity`, `location`, `materialType`, `maxStackSize`, `maxStructure`, `radar`, `pscript`, `spellId`, `stackSize`, `structure`, `targetTypeId`, `usability`, `useRadius`, `validLocations`, `value`, `workmanship`, `animationFrameId`, `defaultScript`, `defaultScriptIntensity`, `elasticity`, `friction`, `locationId`, `modelTableId`, `objectScale`, `physicsBitField`, `physicsTableId`, `motionTableId`, `soundTableId`, `physicsState`, `translucency`)
VALUES (30384, 'Destroyed Portal to Westwatch', 65536, 0, 0, 0, 262164, 0, 0, 0, 0, 0, 0, 48, 0, 100667499, 0, 0, 0, 0, 0, 0, 0, 0, 0, 0, 0, 0, 0, 0, 1, -0.1, 0, 0, 0, 0, 0, 0, 0, 0, 0, 33561060, 0, 98307, 0, 150995314, 0, 3092, 0);

INSERT INTO weenie_class (`weenieClassId`, `baseAceObjectId`)
VALUES (30384, 30384);

INSERT INTO `base_ace_object` (`baseAceObjectId`, `name`, `typeId`, `paletteId`, `ammoType`, `blipColor`, `bitField`, `burden`, `combatUse`, `cooldownDuration`, `cooldownId`, `effects`, `containersCapacity`, `header`, `hookTypeId`, `iconId`, `iconOverlayId`, `iconUnderlayId`, `hookItemTypes`, `itemsCapacity`, `location`, `materialType`, `maxStackSize`, `maxStructure`, `radar`, `pscript`, `spellId`, `stackSize`, `structure`, `targetTypeId`, `usability`, `useRadius`, `validLocations`, `value`, `workmanship`, `animationFrameId`, `defaultScript`, `defaultScriptIntensity`, `elasticity`, `friction`, `locationId`, `modelTableId`, `objectScale`, `physicsBitField`, `physicsTableId`, `motionTableId`, `soundTableId`, `physicsState`, `translucency`)
VALUES (30383, 'Destroyed Portal to Eastwatch', 65536, 0, 0, 0, 262164, 0, 0, 0, 0, 0, 0, 48, 0, 100667499, 0, 0, 0, 0, 0, 0, 0, 0, 0, 0, 0, 0, 0, 0, 1, -0.1, 0, 0, 0, 0, 0, 0, 0, 0, 0, 33561060, 0, 98307, 0, 150995314, 0, 3092, 0);

INSERT INTO weenie_class (`weenieClassId`, `baseAceObjectId`)
VALUES (30383, 30383);

INSERT INTO `base_ace_object` (`baseAceObjectId`, `name`, `typeId`, `paletteId`, `ammoType`, `blipColor`, `bitField`, `burden`, `combatUse`, `cooldownDuration`, `cooldownId`, `effects`, `containersCapacity`, `header`, `hookTypeId`, `iconId`, `iconOverlayId`, `iconUnderlayId`, `hookItemTypes`, `itemsCapacity`, `location`, `materialType`, `maxStackSize`, `maxStructure`, `radar`, `pscript`, `spellId`, `stackSize`, `structure`, `targetTypeId`, `usability`, `useRadius`, `validLocations`, `value`, `workmanship`, `animationFrameId`, `defaultScript`, `defaultScriptIntensity`, `elasticity`, `friction`, `locationId`, `modelTableId`, `objectScale`, `physicsBitField`, `physicsTableId`, `motionTableId`, `soundTableId`, `physicsState`, `translucency`)
VALUES (8367, 'Mosswart Maze Portal', 65536, 0, 0, 0, 262164, 0, 0, 0, 0, 0, 0, 8388656, 0, 100667499, 0, 0, 0, 0, 0, 0, 0, 0, 4, 0, 0, 0, 0, 0, 32, -0.1, 0, 0, 0, 0, 0, 0, 0, 0, 0, 33554867, 0, 98307, 0, 150994947, 0, 3084, 0);

INSERT INTO weenie_class (`weenieClassId`, `baseAceObjectId`)
VALUES (8367, 8367);

INSERT INTO `base_ace_object` (`baseAceObjectId`, `name`, `typeId`, `paletteId`, `ammoType`, `blipColor`, `bitField`, `burden`, `combatUse`, `cooldownDuration`, `cooldownId`, `effects`, `containersCapacity`, `header`, `hookTypeId`, `iconId`, `iconOverlayId`, `iconUnderlayId`, `hookItemTypes`, `itemsCapacity`, `location`, `materialType`, `maxStackSize`, `maxStructure`, `radar`, `pscript`, `spellId`, `stackSize`, `structure`, `targetTypeId`, `usability`, `useRadius`, `validLocations`, `value`, `workmanship`, `animationFrameId`, `defaultScript`, `defaultScriptIntensity`, `elasticity`, `friction`, `locationId`, `modelTableId`, `objectScale`, `physicsBitField`, `physicsTableId`, `motionTableId`, `soundTableId`, `physicsState`, `translucency`)
VALUES (8379, 'Banderling Conquest Dungeon', 65536, 0, 0, 0, 262164, 0, 0, 0, 0, 0, 0, 8388656, 0, 100667499, 0, 0, 0, 0, 0, 0, 0, 0, 4, 0, 0, 0, 0, 0, 32, -0.1, 0, 0, 0, 0, 0, 0, 0, 0, 0, 33554867, 0, 98307, 0, 150994947, 0, 3084, 0);

INSERT INTO weenie_class (`weenieClassId`, `baseAceObjectId`)
VALUES (8379, 8379);

INSERT INTO `base_ace_object` (`baseAceObjectId`, `name`, `typeId`, `paletteId`, `ammoType`, `blipColor`, `bitField`, `burden`, `combatUse`, `cooldownDuration`, `cooldownId`, `effects`, `containersCapacity`, `header`, `hookTypeId`, `iconId`, `iconOverlayId`, `iconUnderlayId`, `hookItemTypes`, `itemsCapacity`, `location`, `materialType`, `maxStackSize`, `maxStructure`, `radar`, `pscript`, `spellId`, `stackSize`, `structure`, `targetTypeId`, `usability`, `useRadius`, `validLocations`, `value`, `workmanship`, `animationFrameId`, `defaultScript`, `defaultScriptIntensity`, `elasticity`, `friction`, `locationId`, `modelTableId`, `objectScale`, `physicsBitField`, `physicsTableId`, `motionTableId`, `soundTableId`, `physicsState`, `translucency`)
VALUES (8380, 'Surface Portal', 65536, 0, 0, 0, 262164, 0, 0, 0, 0, 0, 0, 8388656, 0, 100667499, 0, 0, 0, 0, 0, 0, 0, 0, 4, 0, 0, 0, 0, 0, 32, -0.1, 0, 0, 0, 0, 0, 0, 0, 0, 0, 33554867, 0, 98307, 0, 150994947, 0, 3084, 0);

INSERT INTO weenie_class (`weenieClassId`, `baseAceObjectId`)
VALUES (8380, 8380);

INSERT INTO `base_ace_object` (`baseAceObjectId`, `name`, `typeId`, `paletteId`, `ammoType`, `blipColor`, `bitField`, `burden`, `combatUse`, `cooldownDuration`, `cooldownId`, `effects`, `containersCapacity`, `header`, `hookTypeId`, `iconId`, `iconOverlayId`, `iconUnderlayId`, `hookItemTypes`, `itemsCapacity`, `location`, `materialType`, `maxStackSize`, `maxStructure`, `radar`, `pscript`, `spellId`, `stackSize`, `structure`, `targetTypeId`, `usability`, `useRadius`, `validLocations`, `value`, `workmanship`, `animationFrameId`, `defaultScript`, `defaultScriptIntensity`, `elasticity`, `friction`, `locationId`, `modelTableId`, `objectScale`, `physicsBitField`, `physicsTableId`, `motionTableId`, `soundTableId`, `physicsState`, `translucency`)
VALUES (7614, 'Catacombs of the Forgotten Portal', 65536, 0, 0, 0, 262164, 0, 0, 0, 0, 0, 0, 8388656, 0, 100667499, 0, 0, 0, 0, 0, 0, 0, 0, 4, 0, 0, 0, 0, 0, 32, -0.1, 0, 0, 0, 0, 0, 0, 0, 0, 0, 33555923, 0, 98307, 0, 150994947, 0, 3084, 0);

INSERT INTO weenie_class (`weenieClassId`, `baseAceObjectId`)
VALUES (7614, 7614);

INSERT INTO `base_ace_object` (`baseAceObjectId`, `name`, `typeId`, `paletteId`, `ammoType`, `blipColor`, `bitField`, `burden`, `combatUse`, `cooldownDuration`, `cooldownId`, `effects`, `containersCapacity`, `header`, `hookTypeId`, `iconId`, `iconOverlayId`, `iconUnderlayId`, `hookItemTypes`, `itemsCapacity`, `location`, `materialType`, `maxStackSize`, `maxStructure`, `radar`, `pscript`, `spellId`, `stackSize`, `structure`, `targetTypeId`, `usability`, `useRadius`, `validLocations`, `value`, `workmanship`, `animationFrameId`, `defaultScript`, `defaultScriptIntensity`, `elasticity`, `friction`, `locationId`, `modelTableId`, `objectScale`, `physicsBitField`, `physicsTableId`, `motionTableId`, `soundTableId`, `physicsState`, `translucency`)
VALUES (7615, 'Surface Portal', 65536, 0, 0, 0, 262164, 0, 0, 0, 0, 0, 0, 8388656, 0, 100667499, 0, 0, 0, 0, 0, 0, 0, 0, 4, 0, 0, 0, 0, 0, 32, -0.1, 0, 0, 0, 0, 0, 0, 0, 0, 0, 33554867, 0, 98307, 0, 150994947, 0, 3084, 0);

INSERT INTO weenie_class (`weenieClassId`, `baseAceObjectId`)
VALUES (7615, 7615);

INSERT INTO `base_ace_object` (`baseAceObjectId`, `name`, `typeId`, `paletteId`, `ammoType`, `blipColor`, `bitField`, `burden`, `combatUse`, `cooldownDuration`, `cooldownId`, `effects`, `containersCapacity`, `header`, `hookTypeId`, `iconId`, `iconOverlayId`, `iconUnderlayId`, `hookItemTypes`, `itemsCapacity`, `location`, `materialType`, `maxStackSize`, `maxStructure`, `radar`, `pscript`, `spellId`, `stackSize`, `structure`, `targetTypeId`, `usability`, `useRadius`, `validLocations`, `value`, `workmanship`, `animationFrameId`, `defaultScript`, `defaultScriptIntensity`, `elasticity`, `friction`, `locationId`, `modelTableId`, `objectScale`, `physicsBitField`, `physicsTableId`, `motionTableId`, `soundTableId`, `physicsState`, `translucency`)
VALUES (3634, 'Mountain Sewer Portal', 65536, 0, 0, 0, 262164, 0, 0, 0, 0, 0, 0, 8388656, 0, 100667499, 0, 0, 0, 0, 0, 0, 0, 0, 4, 0, 0, 0, 0, 0, 32, -0.1, 0, 0, 0, 0, 0, 0, 0, 0, 0, 33555923, 0, 98307, 0, 150994947, 0, 3084, 0);

INSERT INTO weenie_class (`weenieClassId`, `baseAceObjectId`)
VALUES (3634, 3634);

INSERT INTO `base_ace_object` (`baseAceObjectId`, `name`, `typeId`, `paletteId`, `ammoType`, `blipColor`, `bitField`, `burden`, `combatUse`, `cooldownDuration`, `cooldownId`, `effects`, `containersCapacity`, `header`, `hookTypeId`, `iconId`, `iconOverlayId`, `iconUnderlayId`, `hookItemTypes`, `itemsCapacity`, `location`, `materialType`, `maxStackSize`, `maxStructure`, `radar`, `pscript`, `spellId`, `stackSize`, `structure`, `targetTypeId`, `usability`, `useRadius`, `validLocations`, `value`, `workmanship`, `animationFrameId`, `defaultScript`, `defaultScriptIntensity`, `elasticity`, `friction`, `locationId`, `modelTableId`, `objectScale`, `physicsBitField`, `physicsTableId`, `motionTableId`, `soundTableId`, `physicsState`, `translucency`)
VALUES (6100, 'Mayoi Meeting Hall Portal', 65536, 0, 0, 0, 262164, 0, 0, 0, 0, 0, 0, 8388656, 0, 100667499, 0, 0, 0, 0, 0, 0, 0, 0, 4, 0, 0, 0, 0, 0, 32, -0.1, 0, 0, 0, 0, 0, 0, 0, 0, 0, 33554867, 0, 98307, 0, 150994947, 0, 3084, 0);

INSERT INTO weenie_class (`weenieClassId`, `baseAceObjectId`)
VALUES (6100, 6100);

INSERT INTO `base_ace_object` (`baseAceObjectId`, `name`, `typeId`, `paletteId`, `ammoType`, `blipColor`, `bitField`, `burden`, `combatUse`, `cooldownDuration`, `cooldownId`, `effects`, `containersCapacity`, `header`, `hookTypeId`, `iconId`, `iconOverlayId`, `iconUnderlayId`, `hookItemTypes`, `itemsCapacity`, `location`, `materialType`, `maxStackSize`, `maxStructure`, `radar`, `pscript`, `spellId`, `stackSize`, `structure`, `targetTypeId`, `usability`, `useRadius`, `validLocations`, `value`, `workmanship`, `animationFrameId`, `defaultScript`, `defaultScriptIntensity`, `elasticity`, `friction`, `locationId`, `modelTableId`, `objectScale`, `physicsBitField`, `physicsTableId`, `motionTableId`, `soundTableId`, `physicsState`, `translucency`)
VALUES (3635, 'Surface', 65536, 0, 0, 0, 262164, 0, 0, 0, 0, 0, 0, 8388656, 0, 100667499, 0, 0, 0, 0, 0, 0, 0, 0, 4, 0, 0, 0, 0, 0, 32, -0.1, 0, 0, 0, 0, 0, 0, 0, 0, 0, 33554867, 0, 98307, 0, 150994947, 0, 3084, 0);

INSERT INTO weenie_class (`weenieClassId`, `baseAceObjectId`)
VALUES (3635, 3635);

INSERT INTO `base_ace_object` (`baseAceObjectId`, `name`, `typeId`, `paletteId`, `ammoType`, `blipColor`, `bitField`, `burden`, `combatUse`, `cooldownDuration`, `cooldownId`, `effects`, `containersCapacity`, `header`, `hookTypeId`, `iconId`, `iconOverlayId`, `iconUnderlayId`, `hookItemTypes`, `itemsCapacity`, `location`, `materialType`, `maxStackSize`, `maxStructure`, `radar`, `pscript`, `spellId`, `stackSize`, `structure`, `targetTypeId`, `usability`, `useRadius`, `validLocations`, `value`, `workmanship`, `animationFrameId`, `defaultScript`, `defaultScriptIntensity`, `elasticity`, `friction`, `locationId`, `modelTableId`, `objectScale`, `physicsBitField`, `physicsTableId`, `motionTableId`, `soundTableId`, `physicsState`, `translucency`)
VALUES (1121, 'Mite Maze Portal', 65536, 0, 0, 0, 262164, 0, 0, 0, 0, 0, 0, 8388656, 0, 100667499, 0, 0, 0, 0, 0, 0, 0, 0, 4, 0, 0, 0, 0, 0, 32, -0.1, 0, 0, 0, 0, 0, 0, 0, 0, 0, 33554867, 0, 98307, 0, 150994947, 0, 3084, 0);

INSERT INTO weenie_class (`weenieClassId`, `baseAceObjectId`)
VALUES (1121, 1121);

INSERT INTO `base_ace_object` (`baseAceObjectId`, `name`, `typeId`, `paletteId`, `ammoType`, `blipColor`, `bitField`, `burden`, `combatUse`, `cooldownDuration`, `cooldownId`, `effects`, `containersCapacity`, `header`, `hookTypeId`, `iconId`, `iconOverlayId`, `iconUnderlayId`, `hookItemTypes`, `itemsCapacity`, `location`, `materialType`, `maxStackSize`, `maxStructure`, `radar`, `pscript`, `spellId`, `stackSize`, `structure`, `targetTypeId`, `usability`, `useRadius`, `validLocations`, `value`, `workmanship`, `animationFrameId`, `defaultScript`, `defaultScriptIntensity`, `elasticity`, `friction`, `locationId`, `modelTableId`, `objectScale`, `physicsBitField`, `physicsTableId`, `motionTableId`, `soundTableId`, `physicsState`, `translucency`)
VALUES (1094, 'Surface', 65536, 0, 0, 0, 262164, 0, 0, 0, 0, 0, 0, 8388656, 0, 100667499, 0, 0, 0, 0, 0, 0, 0, 0, 4, 0, 0, 0, 0, 0, 32, -0.1, 0, 0, 0, 0, 0, 0, 0, 0, 0, 33554867, 0, 98307, 0, 150994947, 0, 3084, 0);

INSERT INTO weenie_class (`weenieClassId`, `baseAceObjectId`)
VALUES (1094, 1094);

INSERT INTO `base_ace_object` (`baseAceObjectId`, `name`, `typeId`, `paletteId`, `ammoType`, `blipColor`, `bitField`, `burden`, `combatUse`, `cooldownDuration`, `cooldownId`, `effects`, `containersCapacity`, `header`, `hookTypeId`, `iconId`, `iconOverlayId`, `iconUnderlayId`, `hookItemTypes`, `itemsCapacity`, `location`, `materialType`, `maxStackSize`, `maxStructure`, `radar`, `pscript`, `spellId`, `stackSize`, `structure`, `targetTypeId`, `usability`, `useRadius`, `validLocations`, `value`, `workmanship`, `animationFrameId`, `defaultScript`, `defaultScriptIntensity`, `elasticity`, `friction`, `locationId`, `modelTableId`, `objectScale`, `physicsBitField`, `physicsTableId`, `motionTableId`, `soundTableId`, `physicsState`, `translucency`)
VALUES (6092, 'Cragstone Meeting Hall Portal', 65536, 0, 0, 0, 262164, 0, 0, 0, 0, 0, 0, 8388656, 0, 100667499, 0, 0, 0, 0, 0, 0, 0, 0, 4, 0, 0, 0, 0, 0, 32, -0.1, 0, 0, 0, 0, 0, 0, 0, 0, 0, 33554867, 0, 98307, 0, 150994947, 0, 3084, 0);

INSERT INTO weenie_class (`weenieClassId`, `baseAceObjectId`)
VALUES (6092, 6092);

INSERT INTO `base_ace_object` (`baseAceObjectId`, `name`, `typeId`, `paletteId`, `ammoType`, `blipColor`, `bitField`, `burden`, `combatUse`, `cooldownDuration`, `cooldownId`, `effects`, `containersCapacity`, `header`, `hookTypeId`, `iconId`, `iconOverlayId`, `iconUnderlayId`, `hookItemTypes`, `itemsCapacity`, `location`, `materialType`, `maxStackSize`, `maxStructure`, `radar`, `pscript`, `spellId`, `stackSize`, `structure`, `targetTypeId`, `usability`, `useRadius`, `validLocations`, `value`, `workmanship`, `animationFrameId`, `defaultScript`, `defaultScriptIntensity`, `elasticity`, `friction`, `locationId`, `modelTableId`, `objectScale`, `physicsBitField`, `physicsTableId`, `motionTableId`, `soundTableId`, `physicsState`, `translucency`)
VALUES (22090, 'House Portal', 65536, 0, 0, 0, 262164, 0, 0, 0, 0, 0, 0, 8388656, 0, 100667499, 0, 0, 0, 0, 0, 0, 0, 0, 4, 0, 0, 0, 0, 0, 32, -0.1, 0, 0, 0, 0, 0, 0, 0, 0, 0, 33554867, 0, 98307, 0, 150994947, 0, 3084, 0);

INSERT INTO weenie_class (`weenieClassId`, `baseAceObjectId`)
VALUES (22090, 22090);

INSERT INTO `base_ace_object` (`baseAceObjectId`, `name`, `typeId`, `paletteId`, `ammoType`, `blipColor`, `bitField`, `burden`, `combatUse`, `cooldownDuration`, `cooldownId`, `effects`, `containersCapacity`, `header`, `hookTypeId`, `iconId`, `iconOverlayId`, `iconUnderlayId`, `hookItemTypes`, `itemsCapacity`, `location`, `materialType`, `maxStackSize`, `maxStructure`, `radar`, `pscript`, `spellId`, `stackSize`, `structure`, `targetTypeId`, `usability`, `useRadius`, `validLocations`, `value`, `workmanship`, `animationFrameId`, `defaultScript`, `defaultScriptIntensity`, `elasticity`, `friction`, `locationId`, `modelTableId`, `objectScale`, `physicsBitField`, `physicsTableId`, `motionTableId`, `soundTableId`, `physicsState`, `translucency`)
VALUES (22655, 'Surface', 65536, 0, 0, 0, 262164, 0, 0, 0, 0, 0, 0, 8388656, 0, 100667499, 0, 0, 0, 0, 0, 0, 0, 0, 4, 0, 0, 0, 0, 0, 32, -0.1, 0, 0, 0, 0, 0, 0, 0, 0, 0, 33554867, 0, 98307, 0, 150994947, 0, 3084, 0);

INSERT INTO weenie_class (`weenieClassId`, `baseAceObjectId`)
VALUES (22655, 22655);

INSERT INTO `base_ace_object` (`baseAceObjectId`, `name`, `typeId`, `paletteId`, `ammoType`, `blipColor`, `bitField`, `burden`, `combatUse`, `cooldownDuration`, `cooldownId`, `effects`, `containersCapacity`, `header`, `hookTypeId`, `iconId`, `iconOverlayId`, `iconUnderlayId`, `hookItemTypes`, `itemsCapacity`, `location`, `materialType`, `maxStackSize`, `maxStructure`, `radar`, `pscript`, `spellId`, `stackSize`, `structure`, `targetTypeId`, `usability`, `useRadius`, `validLocations`, `value`, `workmanship`, `animationFrameId`, `defaultScript`, `defaultScriptIntensity`, `elasticity`, `friction`, `locationId`, `modelTableId`, `objectScale`, `physicsBitField`, `physicsTableId`, `motionTableId`, `soundTableId`, `physicsState`, `translucency`)
VALUES (22679, 'Surface', 65536, 0, 0, 0, 262164, 0, 0, 0, 0, 0, 0, 8388656, 0, 100667499, 0, 0, 0, 0, 0, 0, 0, 0, 4, 0, 0, 0, 0, 0, 32, -0.1, 0, 0, 0, 0, 0, 0, 0, 0, 0, 33554867, 0, 98307, 0, 150994947, 0, 3084, 0);

INSERT INTO weenie_class (`weenieClassId`, `baseAceObjectId`)
VALUES (22679, 22679);

INSERT INTO `base_ace_object` (`baseAceObjectId`, `name`, `typeId`, `paletteId`, `ammoType`, `blipColor`, `bitField`, `burden`, `combatUse`, `cooldownDuration`, `cooldownId`, `effects`, `containersCapacity`, `header`, `hookTypeId`, `iconId`, `iconOverlayId`, `iconUnderlayId`, `hookItemTypes`, `itemsCapacity`, `location`, `materialType`, `maxStackSize`, `maxStructure`, `radar`, `pscript`, `spellId`, `stackSize`, `structure`, `targetTypeId`, `usability`, `useRadius`, `validLocations`, `value`, `workmanship`, `animationFrameId`, `defaultScript`, `defaultScriptIntensity`, `elasticity`, `friction`, `locationId`, `modelTableId`, `objectScale`, `physicsBitField`, `physicsTableId`, `motionTableId`, `soundTableId`, `physicsState`, `translucency`)
VALUES (22692, 'Tusker Quarters', 65536, 0, 0, 0, 262164, 0, 0, 0, 0, 0, 0, 8388656, 0, 100667499, 0, 0, 0, 0, 0, 0, 0, 0, 4, 0, 0, 0, 0, 0, 32, -0.1, 0, 0, 0, 0, 0, 0, 0, 0, 0, 33555926, 0, 98307, 0, 150994947, 0, 3084, 0);

INSERT INTO weenie_class (`weenieClassId`, `baseAceObjectId`)
VALUES (22692, 22692);

INSERT INTO `base_ace_object` (`baseAceObjectId`, `name`, `typeId`, `paletteId`, `ammoType`, `blipColor`, `bitField`, `burden`, `combatUse`, `cooldownDuration`, `cooldownId`, `effects`, `containersCapacity`, `header`, `hookTypeId`, `iconId`, `iconOverlayId`, `iconUnderlayId`, `hookItemTypes`, `itemsCapacity`, `location`, `materialType`, `maxStackSize`, `maxStructure`, `radar`, `pscript`, `spellId`, `stackSize`, `structure`, `targetTypeId`, `usability`, `useRadius`, `validLocations`, `value`, `workmanship`, `animationFrameId`, `defaultScript`, `defaultScriptIntensity`, `elasticity`, `friction`, `locationId`, `modelTableId`, `objectScale`, `physicsBitField`, `physicsTableId`, `motionTableId`, `soundTableId`, `physicsState`, `translucency`)
VALUES (22693, 'Surface', 65536, 0, 0, 0, 262164, 0, 0, 0, 0, 0, 0, 8388656, 0, 100667499, 0, 0, 0, 0, 0, 0, 0, 0, 4, 0, 0, 0, 0, 0, 32, -0.1, 0, 0, 0, 0, 0, 0, 0, 0, 0, 33554867, 0, 98307, 0, 150994947, 0, 3084, 0);

INSERT INTO weenie_class (`weenieClassId`, `baseAceObjectId`)
VALUES (22693, 22693);

INSERT INTO `base_ace_object` (`baseAceObjectId`, `name`, `typeId`, `paletteId`, `ammoType`, `blipColor`, `bitField`, `burden`, `combatUse`, `cooldownDuration`, `cooldownId`, `effects`, `containersCapacity`, `header`, `hookTypeId`, `iconId`, `iconOverlayId`, `iconUnderlayId`, `hookItemTypes`, `itemsCapacity`, `location`, `materialType`, `maxStackSize`, `maxStructure`, `radar`, `pscript`, `spellId`, `stackSize`, `structure`, `targetTypeId`, `usability`, `useRadius`, `validLocations`, `value`, `workmanship`, `animationFrameId`, `defaultScript`, `defaultScriptIntensity`, `elasticity`, `friction`, `locationId`, `modelTableId`, `objectScale`, `physicsBitField`, `physicsTableId`, `motionTableId`, `soundTableId`, `physicsState`, `translucency`)
VALUES (373, 'Bellig Tower Base', 65536, 0, 0, 0, 262164, 0, 0, 0, 0, 0, 0, 8388656, 0, 100667499, 0, 0, 0, 0, 0, 0, 0, 0, 4, 0, 0, 0, 0, 0, 32, -0.1, 0, 0, 0, 0, 0, 0, 0, 0, 0, 33554867, 0, 98307, 0, 150994947, 0, 3084, 0);

INSERT INTO weenie_class (`weenieClassId`, `baseAceObjectId`)
VALUES (373, 373);

INSERT INTO `base_ace_object` (`baseAceObjectId`, `name`, `typeId`, `paletteId`, `ammoType`, `blipColor`, `bitField`, `burden`, `combatUse`, `cooldownDuration`, `cooldownId`, `effects`, `containersCapacity`, `header`, `hookTypeId`, `iconId`, `iconOverlayId`, `iconUnderlayId`, `hookItemTypes`, `itemsCapacity`, `location`, `materialType`, `maxStackSize`, `maxStructure`, `radar`, `pscript`, `spellId`, `stackSize`, `structure`, `targetTypeId`, `usability`, `useRadius`, `validLocations`, `value`, `workmanship`, `animationFrameId`, `defaultScript`, `defaultScriptIntensity`, `elasticity`, `friction`, `locationId`, `modelTableId`, `objectScale`, `physicsBitField`, `physicsTableId`, `motionTableId`, `soundTableId`, `physicsState`, `translucency`)
VALUES (375, 'Bellig Tower', 65536, 0, 0, 0, 262164, 0, 0, 0, 0, 0, 0, 8388656, 0, 100667499, 0, 0, 0, 0, 0, 0, 0, 0, 4, 0, 0, 0, 0, 0, 32, -0.1, 0, 0, 0, 0, 0, 0, 0, 0, 0, 33554867, 0, 98307, 0, 150994947, 0, 3084, 0);

INSERT INTO weenie_class (`weenieClassId`, `baseAceObjectId`)
VALUES (375, 375);

INSERT INTO `base_ace_object` (`baseAceObjectId`, `name`, `typeId`, `paletteId`, `ammoType`, `blipColor`, `bitField`, `burden`, `combatUse`, `cooldownDuration`, `cooldownId`, `effects`, `containersCapacity`, `header`, `hookTypeId`, `iconId`, `iconOverlayId`, `iconUnderlayId`, `hookItemTypes`, `itemsCapacity`, `location`, `materialType`, `maxStackSize`, `maxStructure`, `radar`, `pscript`, `spellId`, `stackSize`, `structure`, `targetTypeId`, `usability`, `useRadius`, `validLocations`, `value`, `workmanship`, `animationFrameId`, `defaultScript`, `defaultScriptIntensity`, `elasticity`, `friction`, `locationId`, `modelTableId`, `objectScale`, `physicsBitField`, `physicsTableId`, `motionTableId`, `soundTableId`, `physicsState`, `translucency`)
VALUES (374, 'Surface', 65536, 0, 0, 0, 262164, 0, 0, 0, 0, 0, 0, 8388656, 0, 100667499, 0, 0, 0, 0, 0, 0, 0, 0, 4, 0, 0, 0, 0, 0, 32, -0.1, 0, 0, 0, 0, 0, 0, 0, 0, 0, 33554867, 0, 98307, 0, 150994947, 0, 3084, 0);

INSERT INTO weenie_class (`weenieClassId`, `baseAceObjectId`)
VALUES (374, 374);

INSERT INTO `base_ace_object` (`baseAceObjectId`, `name`, `typeId`, `paletteId`, `ammoType`, `blipColor`, `bitField`, `burden`, `combatUse`, `cooldownDuration`, `cooldownId`, `effects`, `containersCapacity`, `header`, `hookTypeId`, `iconId`, `iconOverlayId`, `iconUnderlayId`, `hookItemTypes`, `itemsCapacity`, `location`, `materialType`, `maxStackSize`, `maxStructure`, `radar`, `pscript`, `spellId`, `stackSize`, `structure`, `targetTypeId`, `usability`, `useRadius`, `validLocations`, `value`, `workmanship`, `animationFrameId`, `defaultScript`, `defaultScriptIntensity`, `elasticity`, `friction`, `locationId`, `modelTableId`, `objectScale`, `physicsBitField`, `physicsTableId`, `motionTableId`, `soundTableId`, `physicsState`, `translucency`)
VALUES (376, 'Bellig Top', 65536, 0, 0, 0, 262164, 0, 0, 0, 0, 0, 0, 8388656, 0, 100667499, 0, 0, 0, 0, 0, 0, 0, 0, 4, 0, 0, 0, 0, 0, 32, -0.1, 0, 0, 0, 0, 0, 0, 0, 0, 0, 33554867, 0, 98307, 0, 150994947, 0, 3084, 0);

INSERT INTO weenie_class (`weenieClassId`, `baseAceObjectId`)
VALUES (376, 376);

INSERT INTO `base_ace_object` (`baseAceObjectId`, `name`, `typeId`, `paletteId`, `ammoType`, `blipColor`, `bitField`, `burden`, `combatUse`, `cooldownDuration`, `cooldownId`, `effects`, `containersCapacity`, `header`, `hookTypeId`, `iconId`, `iconOverlayId`, `iconUnderlayId`, `hookItemTypes`, `itemsCapacity`, `location`, `materialType`, `maxStackSize`, `maxStructure`, `radar`, `pscript`, `spellId`, `stackSize`, `structure`, `targetTypeId`, `usability`, `useRadius`, `validLocations`, `value`, `workmanship`, `animationFrameId`, `defaultScript`, `defaultScriptIntensity`, `elasticity`, `friction`, `locationId`, `modelTableId`, `objectScale`, `physicsBitField`, `physicsTableId`, `motionTableId`, `soundTableId`, `physicsState`, `translucency`)
VALUES (15775, 'Arcanum Storehouse', 65536, 0, 0, 0, 262164, 0, 0, 0, 0, 0, 0, 8388640, 0, 100667499, 0, 0, 0, 0, 0, 0, 0, 0, 4, 0, 0, 0, 0, 0, 0, -0.1, 0, 0, 0, 0, 0, 0, 0, 0, 0, 33555923, 0, 98307, 0, 150994947, 0, 3084, 0);

INSERT INTO weenie_class (`weenieClassId`, `baseAceObjectId`)
VALUES (15775, 15775);

INSERT INTO `base_ace_object` (`baseAceObjectId`, `name`, `typeId`, `paletteId`, `ammoType`, `blipColor`, `bitField`, `burden`, `combatUse`, `cooldownDuration`, `cooldownId`, `effects`, `containersCapacity`, `header`, `hookTypeId`, `iconId`, `iconOverlayId`, `iconUnderlayId`, `hookItemTypes`, `itemsCapacity`, `location`, `materialType`, `maxStackSize`, `maxStructure`, `radar`, `pscript`, `spellId`, `stackSize`, `structure`, `targetTypeId`, `usability`, `useRadius`, `validLocations`, `value`, `workmanship`, `animationFrameId`, `defaultScript`, `defaultScriptIntensity`, `elasticity`, `friction`, `locationId`, `modelTableId`, `objectScale`, `physicsBitField`, `physicsTableId`, `motionTableId`, `soundTableId`, `physicsState`, `translucency`)
VALUES (6098, 'Lin Meeting Hall Portal', 65536, 0, 0, 0, 262164, 0, 0, 0, 0, 0, 0, 8388656, 0, 100667499, 0, 0, 0, 0, 0, 0, 0, 0, 4, 0, 0, 0, 0, 0, 32, -0.1, 0, 0, 0, 0, 0, 0, 0, 0, 0, 33554867, 0, 98307, 0, 150994947, 0, 3084, 0);

INSERT INTO weenie_class (`weenieClassId`, `baseAceObjectId`)
VALUES (6098, 6098);

INSERT INTO `base_ace_object` (`baseAceObjectId`, `name`, `typeId`, `paletteId`, `ammoType`, `blipColor`, `bitField`, `burden`, `combatUse`, `cooldownDuration`, `cooldownId`, `effects`, `containersCapacity`, `header`, `hookTypeId`, `iconId`, `iconOverlayId`, `iconUnderlayId`, `hookItemTypes`, `itemsCapacity`, `location`, `materialType`, `maxStackSize`, `maxStructure`, `radar`, `pscript`, `spellId`, `stackSize`, `structure`, `targetTypeId`, `usability`, `useRadius`, `validLocations`, `value`, `workmanship`, `animationFrameId`, `defaultScript`, `defaultScriptIntensity`, `elasticity`, `friction`, `locationId`, `modelTableId`, `objectScale`, `physicsBitField`, `physicsTableId`, `motionTableId`, `soundTableId`, `physicsState`, `translucency`)
VALUES (22231, 'Victory Residential Halls Portal', 65536, 0, 0, 0, 262164, 0, 0, 0, 0, 0, 0, 8388656, 0, 100667499, 0, 0, 0, 0, 0, 0, 0, 0, 4, 0, 0, 0, 0, 0, 32, -0.1, 0, 0, 0, 0, 0, 0, 0, 0, 0, 33554867, 0, 98307, 0, 150994947, 0, 3084, 0);

INSERT INTO weenie_class (`weenieClassId`, `baseAceObjectId`)
VALUES (22231, 22231);

INSERT INTO `base_ace_object` (`baseAceObjectId`, `name`, `typeId`, `paletteId`, `ammoType`, `blipColor`, `bitField`, `burden`, `combatUse`, `cooldownDuration`, `cooldownId`, `effects`, `containersCapacity`, `header`, `hookTypeId`, `iconId`, `iconOverlayId`, `iconUnderlayId`, `hookItemTypes`, `itemsCapacity`, `location`, `materialType`, `maxStackSize`, `maxStructure`, `radar`, `pscript`, `spellId`, `stackSize`, `structure`, `targetTypeId`, `usability`, `useRadius`, `validLocations`, `value`, `workmanship`, `animationFrameId`, `defaultScript`, `defaultScriptIntensity`, `elasticity`, `friction`, `locationId`, `modelTableId`, `objectScale`, `physicsBitField`, `physicsTableId`, `motionTableId`, `soundTableId`, `physicsState`, `translucency`)
VALUES (22661, 'Tusker Barracks', 65536, 0, 0, 0, 262164, 0, 0, 0, 0, 0, 0, 8388656, 0, 100667499, 0, 0, 0, 0, 0, 0, 0, 0, 4, 0, 0, 0, 0, 0, 32, -0.1, 0, 0, 0, 0, 0, 0, 0, 0, 0, 33555926, 0, 98307, 0, 150994947, 0, 3084, 0);

INSERT INTO weenie_class (`weenieClassId`, `baseAceObjectId`)
VALUES (22661, 22661);

INSERT INTO `base_ace_object` (`baseAceObjectId`, `name`, `typeId`, `paletteId`, `ammoType`, `blipColor`, `bitField`, `burden`, `combatUse`, `cooldownDuration`, `cooldownId`, `effects`, `containersCapacity`, `header`, `hookTypeId`, `iconId`, `iconOverlayId`, `iconUnderlayId`, `hookItemTypes`, `itemsCapacity`, `location`, `materialType`, `maxStackSize`, `maxStructure`, `radar`, `pscript`, `spellId`, `stackSize`, `structure`, `targetTypeId`, `usability`, `useRadius`, `validLocations`, `value`, `workmanship`, `animationFrameId`, `defaultScript`, `defaultScriptIntensity`, `elasticity`, `friction`, `locationId`, `modelTableId`, `objectScale`, `physicsBitField`, `physicsTableId`, `motionTableId`, `soundTableId`, `physicsState`, `translucency`)
VALUES (22662, 'Surface', 65536, 0, 0, 0, 262164, 0, 0, 0, 0, 0, 0, 8388656, 0, 100667499, 0, 0, 0, 0, 0, 0, 0, 0, 4, 0, 0, 0, 0, 0, 32, -0.1, 0, 0, 0, 0, 0, 0, 0, 0, 0, 33554867, 0, 98307, 0, 150994947, 0, 3084, 0);

INSERT INTO weenie_class (`weenieClassId`, `baseAceObjectId`)
VALUES (22662, 22662);

INSERT INTO `base_ace_object` (`baseAceObjectId`, `name`, `typeId`, `paletteId`, `ammoType`, `blipColor`, `bitField`, `burden`, `combatUse`, `cooldownDuration`, `cooldownId`, `effects`, `containersCapacity`, `header`, `hookTypeId`, `iconId`, `iconOverlayId`, `iconUnderlayId`, `hookItemTypes`, `itemsCapacity`, `location`, `materialType`, `maxStackSize`, `maxStructure`, `radar`, `pscript`, `spellId`, `stackSize`, `structure`, `targetTypeId`, `usability`, `useRadius`, `validLocations`, `value`, `workmanship`, `animationFrameId`, `defaultScript`, `defaultScriptIntensity`, `elasticity`, `friction`, `locationId`, `modelTableId`, `objectScale`, `physicsBitField`, `physicsTableId`, `motionTableId`, `soundTableId`, `physicsState`, `translucency`)
VALUES (2068, 'Drudge Hideout', 65536, 0, 0, 0, 262164, 0, 0, 0, 0, 0, 0, 8388656, 0, 100667499, 0, 0, 0, 0, 0, 0, 0, 0, 4, 0, 0, 0, 0, 0, 32, -0.1, 0, 0, 0, 0, 0, 0, 0, 0, 0, 33555922, 0, 98307, 0, 150994947, 0, 3084, 0);

INSERT INTO weenie_class (`weenieClassId`, `baseAceObjectId`)
VALUES (2068, 2068);

INSERT INTO `base_ace_object` (`baseAceObjectId`, `name`, `typeId`, `paletteId`, `ammoType`, `blipColor`, `bitField`, `burden`, `combatUse`, `cooldownDuration`, `cooldownId`, `effects`, `containersCapacity`, `header`, `hookTypeId`, `iconId`, `iconOverlayId`, `iconUnderlayId`, `hookItemTypes`, `itemsCapacity`, `location`, `materialType`, `maxStackSize`, `maxStructure`, `radar`, `pscript`, `spellId`, `stackSize`, `structure`, `targetTypeId`, `usability`, `useRadius`, `validLocations`, `value`, `workmanship`, `animationFrameId`, `defaultScript`, `defaultScriptIntensity`, `elasticity`, `friction`, `locationId`, `modelTableId`, `objectScale`, `physicsBitField`, `physicsTableId`, `motionTableId`, `soundTableId`, `physicsState`, `translucency`)
VALUES (44351, 'Surface', 65536, 0, 0, 0, 262164, 0, 0, 0, 0, 0, 0, 8388656, 0, 100667499, 0, 0, 0, 0, 0, 0, 0, 0, 4, 0, 0, 0, 0, 0, 32, -0.1, 0, 0, 0, 0, 0, 0, 0, 0, 0, 33554867, 0, 98307, 0, 150994947, 0, 3084, 0);

INSERT INTO weenie_class (`weenieClassId`, `baseAceObjectId`)
VALUES (44351, 44351);

INSERT INTO `base_ace_object` (`baseAceObjectId`, `name`, `typeId`, `paletteId`, `ammoType`, `blipColor`, `bitField`, `burden`, `combatUse`, `cooldownDuration`, `cooldownId`, `effects`, `containersCapacity`, `header`, `hookTypeId`, `iconId`, `iconOverlayId`, `iconUnderlayId`, `hookItemTypes`, `itemsCapacity`, `location`, `materialType`, `maxStackSize`, `maxStructure`, `radar`, `pscript`, `spellId`, `stackSize`, `structure`, `targetTypeId`, `usability`, `useRadius`, `validLocations`, `value`, `workmanship`, `animationFrameId`, `defaultScript`, `defaultScriptIntensity`, `elasticity`, `friction`, `locationId`, `modelTableId`, `objectScale`, `physicsBitField`, `physicsTableId`, `motionTableId`, `soundTableId`, `physicsState`, `translucency`)
VALUES (23076, 'Dark Tree Crystal Mine', 65536, 0, 0, 0, 262164, 0, 0, 0, 0, 0, 0, 8388656, 0, 100667499, 0, 0, 0, 0, 0, 0, 0, 0, 4, 0, 0, 0, 0, 0, 32, -0.1, 0, 0, 0, 0, 0, 0, 0, 0, 0, 33555926, 0, 98307, 0, 150994947, 0, 3084, 0);

INSERT INTO weenie_class (`weenieClassId`, `baseAceObjectId`)
VALUES (23076, 23076);

INSERT INTO `base_ace_object` (`baseAceObjectId`, `name`, `typeId`, `paletteId`, `ammoType`, `blipColor`, `bitField`, `burden`, `combatUse`, `cooldownDuration`, `cooldownId`, `effects`, `containersCapacity`, `header`, `hookTypeId`, `iconId`, `iconOverlayId`, `iconUnderlayId`, `hookItemTypes`, `itemsCapacity`, `location`, `materialType`, `maxStackSize`, `maxStructure`, `radar`, `pscript`, `spellId`, `stackSize`, `structure`, `targetTypeId`, `usability`, `useRadius`, `validLocations`, `value`, `workmanship`, `animationFrameId`, `defaultScript`, `defaultScriptIntensity`, `elasticity`, `friction`, `locationId`, `modelTableId`, `objectScale`, `physicsBitField`, `physicsTableId`, `motionTableId`, `soundTableId`, `physicsState`, `translucency`)
VALUES (23077, 'Surface', 65536, 0, 0, 0, 262164, 0, 0, 0, 0, 0, 0, 8388656, 0, 100667499, 0, 0, 0, 0, 0, 0, 0, 0, 4, 0, 0, 0, 0, 0, 32, -0.1, 0, 0, 0, 0, 0, 0, 0, 0, 0, 33554867, 0, 98307, 0, 150994947, 0, 3084, 0);

INSERT INTO weenie_class (`weenieClassId`, `baseAceObjectId`)
VALUES (23077, 23077);

INSERT INTO `base_ace_object` (`baseAceObjectId`, `name`, `typeId`, `paletteId`, `ammoType`, `blipColor`, `bitField`, `burden`, `combatUse`, `cooldownDuration`, `cooldownId`, `effects`, `containersCapacity`, `header`, `hookTypeId`, `iconId`, `iconOverlayId`, `iconUnderlayId`, `hookItemTypes`, `itemsCapacity`, `location`, `materialType`, `maxStackSize`, `maxStructure`, `radar`, `pscript`, `spellId`, `stackSize`, `structure`, `targetTypeId`, `usability`, `useRadius`, `validLocations`, `value`, `workmanship`, `animationFrameId`, `defaultScript`, `defaultScriptIntensity`, `elasticity`, `friction`, `locationId`, `modelTableId`, `objectScale`, `physicsBitField`, `physicsTableId`, `motionTableId`, `soundTableId`, `physicsState`, `translucency`)
VALUES (19147, 'Hand-on-Sword Cottages Portal', 65536, 0, 0, 0, 262164, 0, 0, 0, 0, 0, 0, 8388656, 0, 100667499, 0, 0, 0, 0, 0, 0, 0, 0, 4, 0, 0, 0, 0, 0, 32, -0.1, 0, 0, 0, 0, 0, 0, 0, 0, 0, 33554867, 0, 98307, 0, 150994947, 0, 3084, 0);

INSERT INTO weenie_class (`weenieClassId`, `baseAceObjectId`)
VALUES (19147, 19147);

INSERT INTO `base_ace_object` (`baseAceObjectId`, `name`, `typeId`, `paletteId`, `ammoType`, `blipColor`, `bitField`, `burden`, `combatUse`, `cooldownDuration`, `cooldownId`, `effects`, `containersCapacity`, `header`, `hookTypeId`, `iconId`, `iconOverlayId`, `iconUnderlayId`, `hookItemTypes`, `itemsCapacity`, `location`, `materialType`, `maxStackSize`, `maxStructure`, `radar`, `pscript`, `spellId`, `stackSize`, `structure`, `targetTypeId`, `usability`, `useRadius`, `validLocations`, `value`, `workmanship`, `animationFrameId`, `defaultScript`, `defaultScriptIntensity`, `elasticity`, `friction`, `locationId`, `modelTableId`, `objectScale`, `physicsBitField`, `physicsTableId`, `motionTableId`, `soundTableId`, `physicsState`, `translucency`)
VALUES (19150, 'Jeweled Thorn Estates Portal', 65536, 0, 0, 0, 262164, 0, 0, 0, 0, 0, 0, 8388656, 0, 100667499, 0, 0, 0, 0, 0, 0, 0, 0, 4, 0, 0, 0, 0, 0, 32, -0.1, 0, 0, 0, 0, 0, 0, 0, 0, 0, 33554867, 0, 98307, 0, 150994947, 0, 3084, 0);

INSERT INTO weenie_class (`weenieClassId`, `baseAceObjectId`)
VALUES (19150, 19150);

INSERT INTO `base_ace_object` (`baseAceObjectId`, `name`, `typeId`, `paletteId`, `ammoType`, `blipColor`, `bitField`, `burden`, `combatUse`, `cooldownDuration`, `cooldownId`, `effects`, `containersCapacity`, `header`, `hookTypeId`, `iconId`, `iconOverlayId`, `iconUnderlayId`, `hookItemTypes`, `itemsCapacity`, `location`, `materialType`, `maxStackSize`, `maxStructure`, `radar`, `pscript`, `spellId`, `stackSize`, `structure`, `targetTypeId`, `usability`, `useRadius`, `validLocations`, `value`, `workmanship`, `animationFrameId`, `defaultScript`, `defaultScriptIntensity`, `elasticity`, `friction`, `locationId`, `modelTableId`, `objectScale`, `physicsBitField`, `physicsTableId`, `motionTableId`, `soundTableId`, `physicsState`, `translucency`)
VALUES (19158, 'Secluded Valley Cottages Portal', 65536, 0, 0, 0, 262164, 0, 0, 0, 0, 0, 0, 8388656, 0, 100667499, 0, 0, 0, 0, 0, 0, 0, 0, 4, 0, 0, 0, 0, 0, 32, -0.1, 0, 0, 0, 0, 0, 0, 0, 0, 0, 33554867, 0, 98307, 0, 150994947, 0, 3084, 0);

INSERT INTO weenie_class (`weenieClassId`, `baseAceObjectId`)
VALUES (19158, 19158);

INSERT INTO `base_ace_object` (`baseAceObjectId`, `name`, `typeId`, `paletteId`, `ammoType`, `blipColor`, `bitField`, `burden`, `combatUse`, `cooldownDuration`, `cooldownId`, `effects`, `containersCapacity`, `header`, `hookTypeId`, `iconId`, `iconOverlayId`, `iconUnderlayId`, `hookItemTypes`, `itemsCapacity`, `location`, `materialType`, `maxStackSize`, `maxStructure`, `radar`, `pscript`, `spellId`, `stackSize`, `structure`, `targetTypeId`, `usability`, `useRadius`, `validLocations`, `value`, `workmanship`, `animationFrameId`, `defaultScript`, `defaultScriptIntensity`, `elasticity`, `friction`, `locationId`, `modelTableId`, `objectScale`, `physicsBitField`, `physicsTableId`, `motionTableId`, `soundTableId`, `physicsState`, `translucency`)
VALUES (19142, 'Defiant Prey Cottages Portal', 65536, 0, 0, 0, 262164, 0, 0, 0, 0, 0, 0, 8388656, 0, 100667499, 0, 0, 0, 0, 0, 0, 0, 0, 4, 0, 0, 0, 0, 0, 32, -0.1, 0, 0, 0, 0, 0, 0, 0, 0, 0, 33554867, 0, 98307, 0, 150994947, 0, 3084, 0);

INSERT INTO weenie_class (`weenieClassId`, `baseAceObjectId`)
VALUES (19142, 19142);

INSERT INTO `base_ace_object` (`baseAceObjectId`, `name`, `typeId`, `paletteId`, `ammoType`, `blipColor`, `bitField`, `burden`, `combatUse`, `cooldownDuration`, `cooldownId`, `effects`, `containersCapacity`, `header`, `hookTypeId`, `iconId`, `iconOverlayId`, `iconUnderlayId`, `hookItemTypes`, `itemsCapacity`, `location`, `materialType`, `maxStackSize`, `maxStructure`, `radar`, `pscript`, `spellId`, `stackSize`, `structure`, `targetTypeId`, `usability`, `useRadius`, `validLocations`, `value`, `workmanship`, `animationFrameId`, `defaultScript`, `defaultScriptIntensity`, `elasticity`, `friction`, `locationId`, `modelTableId`, `objectScale`, `physicsBitField`, `physicsTableId`, `motionTableId`, `soundTableId`, `physicsState`, `translucency`)
VALUES (13104, 'Far Claw Villas Portal', 65536, 0, 0, 0, 262164, 0, 0, 0, 0, 0, 0, 8388656, 0, 100667499, 0, 0, 0, 0, 0, 0, 0, 0, 4, 0, 0, 0, 0, 0, 32, -0.1, 0, 0, 0, 0, 0, 0, 0, 0, 0, 33554867, 0, 98307, 0, 150994947, 0, 3084, 0);

INSERT INTO weenie_class (`weenieClassId`, `baseAceObjectId`)
VALUES (13104, 13104);

INSERT INTO `base_ace_object` (`baseAceObjectId`, `name`, `typeId`, `paletteId`, `ammoType`, `blipColor`, `bitField`, `burden`, `combatUse`, `cooldownDuration`, `cooldownId`, `effects`, `containersCapacity`, `header`, `hookTypeId`, `iconId`, `iconOverlayId`, `iconUnderlayId`, `hookItemTypes`, `itemsCapacity`, `location`, `materialType`, `maxStackSize`, `maxStructure`, `radar`, `pscript`, `spellId`, `stackSize`, `structure`, `targetTypeId`, `usability`, `useRadius`, `validLocations`, `value`, `workmanship`, `animationFrameId`, `defaultScript`, `defaultScriptIntensity`, `elasticity`, `friction`, `locationId`, `modelTableId`, `objectScale`, `physicsBitField`, `physicsTableId`, `motionTableId`, `soundTableId`, `physicsState`, `translucency`)
VALUES (14654, 'Norvale Portal', 65536, 0, 0, 0, 262164, 0, 0, 0, 0, 0, 0, 8388656, 0, 100667499, 0, 0, 0, 0, 0, 0, 0, 0, 4, 0, 0, 0, 0, 0, 32, -0.1, 0, 0, 0, 0, 0, 0, 0, 0, 0, 33554867, 0, 98307, 0, 150994947, 0, 3084, 0);

INSERT INTO weenie_class (`weenieClassId`, `baseAceObjectId`)
VALUES (14654, 14654);

INSERT INTO `base_ace_object` (`baseAceObjectId`, `name`, `typeId`, `paletteId`, `ammoType`, `blipColor`, `bitField`, `burden`, `combatUse`, `cooldownDuration`, `cooldownId`, `effects`, `containersCapacity`, `header`, `hookTypeId`, `iconId`, `iconOverlayId`, `iconUnderlayId`, `hookItemTypes`, `itemsCapacity`, `location`, `materialType`, `maxStackSize`, `maxStructure`, `radar`, `pscript`, `spellId`, `stackSize`, `structure`, `targetTypeId`, `usability`, `useRadius`, `validLocations`, `value`, `workmanship`, `animationFrameId`, `defaultScript`, `defaultScriptIntensity`, `elasticity`, `friction`, `locationId`, `modelTableId`, `objectScale`, `physicsBitField`, `physicsTableId`, `motionTableId`, `soundTableId`, `physicsState`, `translucency`)
VALUES (12543, 'Sennon Valley Retreat Portal', 65536, 0, 0, 0, 262164, 0, 0, 0, 0, 0, 0, 8388656, 0, 100667499, 0, 0, 0, 0, 0, 0, 0, 0, 4, 0, 0, 0, 0, 0, 32, -0.1, 0, 0, 0, 0, 0, 0, 0, 0, 0, 33554867, 0, 98307, 0, 150994947, 0, 3084, 0);

INSERT INTO weenie_class (`weenieClassId`, `baseAceObjectId`)
VALUES (12543, 12543);

INSERT INTO `base_ace_object` (`baseAceObjectId`, `name`, `typeId`, `paletteId`, `ammoType`, `blipColor`, `bitField`, `burden`, `combatUse`, `cooldownDuration`, `cooldownId`, `effects`, `containersCapacity`, `header`, `hookTypeId`, `iconId`, `iconOverlayId`, `iconUnderlayId`, `hookItemTypes`, `itemsCapacity`, `location`, `materialType`, `maxStackSize`, `maxStructure`, `radar`, `pscript`, `spellId`, `stackSize`, `structure`, `targetTypeId`, `usability`, `useRadius`, `validLocations`, `value`, `workmanship`, `animationFrameId`, `defaultScript`, `defaultScriptIntensity`, `elasticity`, `friction`, `locationId`, `modelTableId`, `objectScale`, `physicsBitField`, `physicsTableId`, `motionTableId`, `soundTableId`, `physicsState`, `translucency`)
VALUES (12482, 'Cape Feirgard Cottages Portal', 65536, 0, 0, 0, 262164, 0, 0, 0, 0, 0, 0, 8388656, 0, 100667499, 0, 0, 0, 0, 0, 0, 0, 0, 4, 0, 0, 0, 0, 0, 32, -0.1, 0, 0, 0, 0, 0, 0, 0, 0, 0, 33554867, 0, 98307, 0, 150994947, 0, 3084, 0);

INSERT INTO weenie_class (`weenieClassId`, `baseAceObjectId`)
VALUES (12482, 12482);

INSERT INTO `base_ace_object` (`baseAceObjectId`, `name`, `typeId`, `paletteId`, `ammoType`, `blipColor`, `bitField`, `burden`, `combatUse`, `cooldownDuration`, `cooldownId`, `effects`, `containersCapacity`, `header`, `hookTypeId`, `iconId`, `iconOverlayId`, `iconUnderlayId`, `hookItemTypes`, `itemsCapacity`, `location`, `materialType`, `maxStackSize`, `maxStructure`, `radar`, `pscript`, `spellId`, `stackSize`, `structure`, `targetTypeId`, `usability`, `useRadius`, `validLocations`, `value`, `workmanship`, `animationFrameId`, `defaultScript`, `defaultScriptIntensity`, `elasticity`, `friction`, `locationId`, `modelTableId`, `objectScale`, `physicsBitField`, `physicsTableId`, `motionTableId`, `soundTableId`, `physicsState`, `translucency`)
VALUES (12549, 'Southeast Arwic Settlement Portal', 65536, 0, 0, 0, 262164, 0, 0, 0, 0, 0, 0, 8388656, 0, 100667499, 0, 0, 0, 0, 0, 0, 0, 0, 4, 0, 0, 0, 0, 0, 32, -0.1, 0, 0, 0, 0, 0, 0, 0, 0, 0, 33554867, 0, 98307, 0, 150994947, 0, 3084, 0);

INSERT INTO weenie_class (`weenieClassId`, `baseAceObjectId`)
VALUES (12549, 12549);

INSERT INTO `base_ace_object` (`baseAceObjectId`, `name`, `typeId`, `paletteId`, `ammoType`, `blipColor`, `bitField`, `burden`, `combatUse`, `cooldownDuration`, `cooldownId`, `effects`, `containersCapacity`, `header`, `hookTypeId`, `iconId`, `iconOverlayId`, `iconUnderlayId`, `hookItemTypes`, `itemsCapacity`, `location`, `materialType`, `maxStackSize`, `maxStructure`, `radar`, `pscript`, `spellId`, `stackSize`, `structure`, `targetTypeId`, `usability`, `useRadius`, `validLocations`, `value`, `workmanship`, `animationFrameId`, `defaultScript`, `defaultScriptIntensity`, `elasticity`, `friction`, `locationId`, `modelTableId`, `objectScale`, `physicsBitField`, `physicsTableId`, `motionTableId`, `soundTableId`, `physicsState`, `translucency`)
VALUES (12493, 'East Span Way Settlement Portal', 65536, 0, 0, 0, 262164, 0, 0, 0, 0, 0, 0, 8388656, 0, 100667499, 0, 0, 0, 0, 0, 0, 0, 0, 4, 0, 0, 0, 0, 0, 32, -0.1, 0, 0, 0, 0, 0, 0, 0, 0, 0, 33554867, 0, 98307, 0, 150994947, 0, 3084, 0);

INSERT INTO weenie_class (`weenieClassId`, `baseAceObjectId`)
VALUES (12493, 12493);

INSERT INTO `base_ace_object` (`baseAceObjectId`, `name`, `typeId`, `paletteId`, `ammoType`, `blipColor`, `bitField`, `burden`, `combatUse`, `cooldownDuration`, `cooldownId`, `effects`, `containersCapacity`, `header`, `hookTypeId`, `iconId`, `iconOverlayId`, `iconUnderlayId`, `hookItemTypes`, `itemsCapacity`, `location`, `materialType`, `maxStackSize`, `maxStructure`, `radar`, `pscript`, `spellId`, `stackSize`, `structure`, `targetTypeId`, `usability`, `useRadius`, `validLocations`, `value`, `workmanship`, `animationFrameId`, `defaultScript`, `defaultScriptIntensity`, `elasticity`, `friction`, `locationId`, `modelTableId`, `objectScale`, `physicsBitField`, `physicsTableId`, `motionTableId`, `soundTableId`, `physicsState`, `translucency`)
VALUES (13090, 'South Beach Pass Villas Portal', 65536, 0, 0, 0, 262164, 0, 0, 0, 0, 0, 0, 8388656, 0, 100667499, 0, 0, 0, 0, 0, 0, 0, 0, 4, 0, 0, 0, 0, 0, 32, -0.1, 0, 0, 0, 0, 0, 0, 0, 0, 0, 33554867, 0, 98307, 0, 150994947, 0, 3084, 0);

INSERT INTO weenie_class (`weenieClassId`, `baseAceObjectId`)
VALUES (13090, 13090);

INSERT INTO `base_ace_object` (`baseAceObjectId`, `name`, `typeId`, `paletteId`, `ammoType`, `blipColor`, `bitField`, `burden`, `combatUse`, `cooldownDuration`, `cooldownId`, `effects`, `containersCapacity`, `header`, `hookTypeId`, `iconId`, `iconOverlayId`, `iconUnderlayId`, `hookItemTypes`, `itemsCapacity`, `location`, `materialType`, `maxStackSize`, `maxStructure`, `radar`, `pscript`, `spellId`, `stackSize`, `structure`, `targetTypeId`, `usability`, `useRadius`, `validLocations`, `value`, `workmanship`, `animationFrameId`, `defaultScript`, `defaultScriptIntensity`, `elasticity`, `friction`, `locationId`, `modelTableId`, `objectScale`, `physicsBitField`, `physicsTableId`, `motionTableId`, `soundTableId`, `physicsState`, `translucency`)
VALUES (14628, 'Eotensfang Cottages Portal', 65536, 0, 0, 0, 262164, 0, 0, 0, 0, 0, 0, 8388656, 0, 100667499, 0, 0, 0, 0, 0, 0, 0, 0, 4, 0, 0, 0, 0, 0, 32, -0.1, 0, 0, 0, 0, 0, 0, 0, 0, 0, 33554867, 0, 98307, 0, 150994947, 0, 3084, 0);

INSERT INTO weenie_class (`weenieClassId`, `baseAceObjectId`)
VALUES (14628, 14628);

INSERT INTO `base_ace_object` (`baseAceObjectId`, `name`, `typeId`, `paletteId`, `ammoType`, `blipColor`, `bitField`, `burden`, `combatUse`, `cooldownDuration`, `cooldownId`, `effects`, `containersCapacity`, `header`, `hookTypeId`, `iconId`, `iconOverlayId`, `iconUnderlayId`, `hookItemTypes`, `itemsCapacity`, `location`, `materialType`, `maxStackSize`, `maxStructure`, `radar`, `pscript`, `spellId`, `stackSize`, `structure`, `targetTypeId`, `usability`, `useRadius`, `validLocations`, `value`, `workmanship`, `animationFrameId`, `defaultScript`, `defaultScriptIntensity`, `elasticity`, `friction`, `locationId`, `modelTableId`, `objectScale`, `physicsBitField`, `physicsTableId`, `motionTableId`, `soundTableId`, `physicsState`, `translucency`)
VALUES (14252, 'Alvador Portal', 65536, 0, 0, 0, 262164, 0, 0, 0, 0, 0, 0, 8388656, 0, 100667499, 0, 0, 0, 0, 0, 0, 0, 0, 4, 0, 0, 0, 0, 0, 32, -0.1, 0, 0, 0, 0, 0, 0, 0, 0, 0, 33554867, 0, 98307, 0, 150994947, 0, 3084, 0);

INSERT INTO weenie_class (`weenieClassId`, `baseAceObjectId`)
VALUES (14252, 14252);

INSERT INTO `base_ace_object` (`baseAceObjectId`, `name`, `typeId`, `paletteId`, `ammoType`, `blipColor`, `bitField`, `burden`, `combatUse`, `cooldownDuration`, `cooldownId`, `effects`, `containersCapacity`, `header`, `hookTypeId`, `iconId`, `iconOverlayId`, `iconUnderlayId`, `hookItemTypes`, `itemsCapacity`, `location`, `materialType`, `maxStackSize`, `maxStructure`, `radar`, `pscript`, `spellId`, `stackSize`, `structure`, `targetTypeId`, `usability`, `useRadius`, `validLocations`, `value`, `workmanship`, `animationFrameId`, `defaultScript`, `defaultScriptIntensity`, `elasticity`, `friction`, `locationId`, `modelTableId`, `objectScale`, `physicsBitField`, `physicsTableId`, `motionTableId`, `soundTableId`, `physicsState`, `translucency`)
VALUES (14614, 'Bleak Valley Portal', 65536, 0, 0, 0, 262164, 0, 0, 0, 0, 0, 0, 8388656, 0, 100667499, 0, 0, 0, 0, 0, 0, 0, 0, 4, 0, 0, 0, 0, 0, 32, -0.1, 0, 0, 0, 0, 0, 0, 0, 0, 0, 33554867, 0, 98307, 0, 150994947, 0, 3084, 0);

INSERT INTO weenie_class (`weenieClassId`, `baseAceObjectId`)
VALUES (14614, 14614);

INSERT INTO `base_ace_object` (`baseAceObjectId`, `name`, `typeId`, `paletteId`, `ammoType`, `blipColor`, `bitField`, `burden`, `combatUse`, `cooldownDuration`, `cooldownId`, `effects`, `containersCapacity`, `header`, `hookTypeId`, `iconId`, `iconOverlayId`, `iconUnderlayId`, `hookItemTypes`, `itemsCapacity`, `location`, `materialType`, `maxStackSize`, `maxStructure`, `radar`, `pscript`, `spellId`, `stackSize`, `structure`, `targetTypeId`, `usability`, `useRadius`, `validLocations`, `value`, `workmanship`, `animationFrameId`, `defaultScript`, `defaultScriptIntensity`, `elasticity`, `friction`, `locationId`, `modelTableId`, `objectScale`, `physicsBitField`, `physicsTableId`, `motionTableId`, `soundTableId`, `physicsState`, `translucency`)
VALUES (15669, 'Broken Haft Vale Portal', 65536, 0, 0, 0, 262164, 0, 0, 0, 0, 0, 0, 8388656, 0, 100667499, 0, 0, 0, 0, 0, 0, 0, 0, 4, 0, 0, 0, 0, 0, 32, -0.1, 0, 0, 0, 0, 0, 0, 0, 0, 0, 33554867, 0, 98307, 0, 150994947, 0, 3084, 0);

INSERT INTO weenie_class (`weenieClassId`, `baseAceObjectId`)
VALUES (15669, 15669);

INSERT INTO `base_ace_object` (`baseAceObjectId`, `name`, `typeId`, `paletteId`, `ammoType`, `blipColor`, `bitField`, `burden`, `combatUse`, `cooldownDuration`, `cooldownId`, `effects`, `containersCapacity`, `header`, `hookTypeId`, `iconId`, `iconOverlayId`, `iconUnderlayId`, `hookItemTypes`, `itemsCapacity`, `location`, `materialType`, `maxStackSize`, `maxStructure`, `radar`, `pscript`, `spellId`, `stackSize`, `structure`, `targetTypeId`, `usability`, `useRadius`, `validLocations`, `value`, `workmanship`, `animationFrameId`, `defaultScript`, `defaultScriptIntensity`, `elasticity`, `friction`, `locationId`, `modelTableId`, `objectScale`, `physicsBitField`, `physicsTableId`, `motionTableId`, `soundTableId`, `physicsState`, `translucency`)
VALUES (15667, 'Baron''s Domain Portal', 65536, 0, 0, 0, 262164, 0, 0, 0, 0, 0, 0, 8388656, 0, 100667499, 0, 0, 0, 0, 0, 0, 0, 0, 4, 0, 0, 0, 0, 0, 32, -0.1, 0, 0, 0, 0, 0, 0, 0, 0, 0, 33554867, 0, 98307, 0, 150994947, 0, 3084, 0);

INSERT INTO weenie_class (`weenieClassId`, `baseAceObjectId`)
VALUES (15667, 15667);

INSERT INTO `base_ace_object` (`baseAceObjectId`, `name`, `typeId`, `paletteId`, `ammoType`, `blipColor`, `bitField`, `burden`, `combatUse`, `cooldownDuration`, `cooldownId`, `effects`, `containersCapacity`, `header`, `hookTypeId`, `iconId`, `iconOverlayId`, `iconUnderlayId`, `hookItemTypes`, `itemsCapacity`, `location`, `materialType`, `maxStackSize`, `maxStructure`, `radar`, `pscript`, `spellId`, `stackSize`, `structure`, `targetTypeId`, `usability`, `useRadius`, `validLocations`, `value`, `workmanship`, `animationFrameId`, `defaultScript`, `defaultScriptIntensity`, `elasticity`, `friction`, `locationId`, `modelTableId`, `objectScale`, `physicsBitField`, `physicsTableId`, `motionTableId`, `soundTableId`, `physicsState`, `translucency`)
VALUES (14650, 'Lost Wish Cottages Portal', 65536, 0, 0, 0, 262164, 0, 0, 0, 0, 0, 0, 8388656, 0, 100667499, 0, 0, 0, 0, 0, 0, 0, 0, 4, 0, 0, 0, 0, 0, 32, -0.1, 0, 0, 0, 0, 0, 0, 0, 0, 0, 33554867, 0, 98307, 0, 150994947, 0, 3084, 0);

INSERT INTO weenie_class (`weenieClassId`, `baseAceObjectId`)
VALUES (14650, 14650);

INSERT INTO `base_ace_object` (`baseAceObjectId`, `name`, `typeId`, `paletteId`, `ammoType`, `blipColor`, `bitField`, `burden`, `combatUse`, `cooldownDuration`, `cooldownId`, `effects`, `containersCapacity`, `header`, `hookTypeId`, `iconId`, `iconOverlayId`, `iconUnderlayId`, `hookItemTypes`, `itemsCapacity`, `location`, `materialType`, `maxStackSize`, `maxStructure`, `radar`, `pscript`, `spellId`, `stackSize`, `structure`, `targetTypeId`, `usability`, `useRadius`, `validLocations`, `value`, `workmanship`, `animationFrameId`, `defaultScript`, `defaultScriptIntensity`, `elasticity`, `friction`, `locationId`, `modelTableId`, `objectScale`, `physicsBitField`, `physicsTableId`, `motionTableId`, `soundTableId`, `physicsState`, `translucency`)
VALUES (15665, 'Artifice Cottages Portal', 65536, 0, 0, 0, 262164, 0, 0, 0, 0, 0, 0, 8388656, 0, 100667499, 0, 0, 0, 0, 0, 0, 0, 0, 4, 0, 0, 0, 0, 0, 32, -0.1, 0, 0, 0, 0, 0, 0, 0, 0, 0, 33554867, 0, 98307, 0, 150994947, 0, 3084, 0);

INSERT INTO weenie_class (`weenieClassId`, `baseAceObjectId`)
VALUES (15665, 15665);

INSERT INTO `base_ace_object` (`baseAceObjectId`, `name`, `typeId`, `paletteId`, `ammoType`, `blipColor`, `bitField`, `burden`, `combatUse`, `cooldownDuration`, `cooldownId`, `effects`, `containersCapacity`, `header`, `hookTypeId`, `iconId`, `iconOverlayId`, `iconUnderlayId`, `hookItemTypes`, `itemsCapacity`, `location`, `materialType`, `maxStackSize`, `maxStructure`, `radar`, `pscript`, `spellId`, `stackSize`, `structure`, `targetTypeId`, `usability`, `useRadius`, `validLocations`, `value`, `workmanship`, `animationFrameId`, `defaultScript`, `defaultScriptIntensity`, `elasticity`, `friction`, `locationId`, `modelTableId`, `objectScale`, `physicsBitField`, `physicsTableId`, `motionTableId`, `soundTableId`, `physicsState`, `translucency`)
VALUES (15149, 'Dagger Vale Portal', 65536, 0, 0, 0, 262164, 0, 0, 0, 0, 0, 0, 8388656, 0, 100667499, 0, 0, 0, 0, 0, 0, 0, 0, 4, 0, 0, 0, 0, 0, 32, -0.1, 0, 0, 0, 0, 0, 0, 0, 0, 0, 33554867, 0, 98307, 0, 150994947, 0, 3084, 0);

INSERT INTO weenie_class (`weenieClassId`, `baseAceObjectId`)
VALUES (15149, 15149);

INSERT INTO `base_ace_object` (`baseAceObjectId`, `name`, `typeId`, `paletteId`, `ammoType`, `blipColor`, `bitField`, `burden`, `combatUse`, `cooldownDuration`, `cooldownId`, `effects`, `containersCapacity`, `header`, `hookTypeId`, `iconId`, `iconOverlayId`, `iconUnderlayId`, `hookItemTypes`, `itemsCapacity`, `location`, `materialType`, `maxStackSize`, `maxStructure`, `radar`, `pscript`, `spellId`, `stackSize`, `structure`, `targetTypeId`, `usability`, `useRadius`, `validLocations`, `value`, `workmanship`, `animationFrameId`, `defaultScript`, `defaultScriptIntensity`, `elasticity`, `friction`, `locationId`, `modelTableId`, `objectScale`, `physicsBitField`, `physicsTableId`, `motionTableId`, `soundTableId`, `physicsState`, `translucency`)
VALUES (23075, 'Surface', 65536, 0, 0, 0, 262164, 0, 0, 0, 0, 0, 0, 8388656, 0, 100667499, 0, 0, 0, 0, 0, 0, 0, 0, 4, 0, 0, 0, 0, 0, 32, -0.1, 0, 0, 0, 0, 0, 0, 0, 0, 0, 33554867, 0, 98307, 0, 150994947, 0, 3084, 0);

INSERT INTO weenie_class (`weenieClassId`, `baseAceObjectId`)
VALUES (23075, 23075);

INSERT INTO `base_ace_object` (`baseAceObjectId`, `name`, `typeId`, `paletteId`, `ammoType`, `blipColor`, `bitField`, `burden`, `combatUse`, `cooldownDuration`, `cooldownId`, `effects`, `containersCapacity`, `header`, `hookTypeId`, `iconId`, `iconOverlayId`, `iconUnderlayId`, `hookItemTypes`, `itemsCapacity`, `location`, `materialType`, `maxStackSize`, `maxStructure`, `radar`, `pscript`, `spellId`, `stackSize`, `structure`, `targetTypeId`, `usability`, `useRadius`, `validLocations`, `value`, `workmanship`, `animationFrameId`, `defaultScript`, `defaultScriptIntensity`, `elasticity`, `friction`, `locationId`, `modelTableId`, `objectScale`, `physicsBitField`, `physicsTableId`, `motionTableId`, `soundTableId`, `physicsState`, `translucency`)
VALUES (23081, 'Warehouse Annex Mine', 65536, 0, 0, 0, 262164, 0, 0, 0, 0, 0, 0, 8388656, 0, 100667499, 0, 0, 0, 0, 0, 0, 0, 0, 4, 0, 0, 0, 0, 0, 32, -0.1, 0, 0, 0, 0, 0, 0, 0, 0, 0, 33555926, 0, 98307, 0, 150994947, 0, 3084, 0);

INSERT INTO weenie_class (`weenieClassId`, `baseAceObjectId`)
VALUES (23081, 23081);

INSERT INTO `base_ace_object` (`baseAceObjectId`, `name`, `typeId`, `paletteId`, `ammoType`, `blipColor`, `bitField`, `burden`, `combatUse`, `cooldownDuration`, `cooldownId`, `effects`, `containersCapacity`, `header`, `hookTypeId`, `iconId`, `iconOverlayId`, `iconUnderlayId`, `hookItemTypes`, `itemsCapacity`, `location`, `materialType`, `maxStackSize`, `maxStructure`, `radar`, `pscript`, `spellId`, `stackSize`, `structure`, `targetTypeId`, `usability`, `useRadius`, `validLocations`, `value`, `workmanship`, `animationFrameId`, `defaultScript`, `defaultScriptIntensity`, `elasticity`, `friction`, `locationId`, `modelTableId`, `objectScale`, `physicsBitField`, `physicsTableId`, `motionTableId`, `soundTableId`, `physicsState`, `translucency`)
VALUES (23043, 'Warehouse', 65536, 0, 0, 0, 262164, 0, 0, 0, 0, 0, 0, 8388656, 0, 100667499, 0, 0, 0, 0, 0, 0, 0, 0, 4, 0, 0, 0, 0, 0, 32, -0.1, 0, 0, 0, 0, 0, 0, 0, 0, 0, 33554867, 0, 98307, 0, 150994947, 0, 3084, 0);

INSERT INTO weenie_class (`weenieClassId`, `baseAceObjectId`)
VALUES (23043, 23043);

INSERT INTO `base_ace_object` (`baseAceObjectId`, `name`, `typeId`, `paletteId`, `ammoType`, `blipColor`, `bitField`, `burden`, `combatUse`, `cooldownDuration`, `cooldownId`, `effects`, `containersCapacity`, `header`, `hookTypeId`, `iconId`, `iconOverlayId`, `iconUnderlayId`, `hookItemTypes`, `itemsCapacity`, `location`, `materialType`, `maxStackSize`, `maxStructure`, `radar`, `pscript`, `spellId`, `stackSize`, `structure`, `targetTypeId`, `usability`, `useRadius`, `validLocations`, `value`, `workmanship`, `animationFrameId`, `defaultScript`, `defaultScriptIntensity`, `elasticity`, `friction`, `locationId`, `modelTableId`, `objectScale`, `physicsBitField`, `physicsTableId`, `motionTableId`, `soundTableId`, `physicsState`, `translucency`)
VALUES (23078, 'Surface', 65536, 0, 0, 0, 262164, 0, 0, 0, 0, 0, 0, 8388656, 0, 100667499, 0, 0, 0, 0, 0, 0, 0, 0, 4, 0, 0, 0, 0, 0, 32, -0.1, 0, 0, 0, 0, 0, 0, 0, 0, 0, 33554867, 0, 98307, 0, 150994947, 0, 3084, 0);

INSERT INTO weenie_class (`weenieClassId`, `baseAceObjectId`)
VALUES (23078, 23078);

INSERT INTO `base_ace_object` (`baseAceObjectId`, `name`, `typeId`, `paletteId`, `ammoType`, `blipColor`, `bitField`, `burden`, `combatUse`, `cooldownDuration`, `cooldownId`, `effects`, `containersCapacity`, `header`, `hookTypeId`, `iconId`, `iconOverlayId`, `iconUnderlayId`, `hookItemTypes`, `itemsCapacity`, `location`, `materialType`, `maxStackSize`, `maxStructure`, `radar`, `pscript`, `spellId`, `stackSize`, `structure`, `targetTypeId`, `usability`, `useRadius`, `validLocations`, `value`, `workmanship`, `animationFrameId`, `defaultScript`, `defaultScriptIntensity`, `elasticity`, `friction`, `locationId`, `modelTableId`, `objectScale`, `physicsBitField`, `physicsTableId`, `motionTableId`, `soundTableId`, `physicsState`, `translucency`)
VALUES (23079, 'Warehouse Annex Mine', 65536, 0, 0, 0, 262164, 0, 0, 0, 0, 0, 0, 8388656, 0, 100667499, 0, 0, 0, 0, 0, 0, 0, 0, 4, 0, 0, 0, 0, 0, 32, -0.1, 0, 0, 0, 0, 0, 0, 0, 0, 0, 33555926, 0, 98307, 0, 150994947, 0, 3084, 0);

INSERT INTO weenie_class (`weenieClassId`, `baseAceObjectId`)
VALUES (23079, 23079);

INSERT INTO `base_ace_object` (`baseAceObjectId`, `name`, `typeId`, `paletteId`, `ammoType`, `blipColor`, `bitField`, `burden`, `combatUse`, `cooldownDuration`, `cooldownId`, `effects`, `containersCapacity`, `header`, `hookTypeId`, `iconId`, `iconOverlayId`, `iconUnderlayId`, `hookItemTypes`, `itemsCapacity`, `location`, `materialType`, `maxStackSize`, `maxStructure`, `radar`, `pscript`, `spellId`, `stackSize`, `structure`, `targetTypeId`, `usability`, `useRadius`, `validLocations`, `value`, `workmanship`, `animationFrameId`, `defaultScript`, `defaultScriptIntensity`, `elasticity`, `friction`, `locationId`, `modelTableId`, `objectScale`, `physicsBitField`, `physicsTableId`, `motionTableId`, `soundTableId`, `physicsState`, `translucency`)
VALUES (23080, 'Surface', 65536, 0, 0, 0, 262164, 0, 0, 0, 0, 0, 0, 8388656, 0, 100667499, 0, 0, 0, 0, 0, 0, 0, 0, 4, 0, 0, 0, 0, 0, 32, -0.1, 0, 0, 0, 0, 0, 0, 0, 0, 0, 33554867, 0, 98307, 0, 150994947, 0, 3084, 0);

INSERT INTO weenie_class (`weenieClassId`, `baseAceObjectId`)
VALUES (23080, 23080);

INSERT INTO `base_ace_object` (`baseAceObjectId`, `name`, `typeId`, `paletteId`, `ammoType`, `blipColor`, `bitField`, `burden`, `combatUse`, `cooldownDuration`, `cooldownId`, `effects`, `containersCapacity`, `header`, `hookTypeId`, `iconId`, `iconOverlayId`, `iconUnderlayId`, `hookItemTypes`, `itemsCapacity`, `location`, `materialType`, `maxStackSize`, `maxStructure`, `radar`, `pscript`, `spellId`, `stackSize`, `structure`, `targetTypeId`, `usability`, `useRadius`, `validLocations`, `value`, `workmanship`, `animationFrameId`, `defaultScript`, `defaultScriptIntensity`, `elasticity`, `friction`, `locationId`, `modelTableId`, `objectScale`, `physicsBitField`, `physicsTableId`, `motionTableId`, `soundTableId`, `physicsState`, `translucency`)
VALUES (25684, 'Olthoi Chasm', 65536, 0, 0, 0, 262164, 0, 0, 0, 0, 0, 0, 8388656, 0, 100667499, 0, 0, 0, 0, 0, 0, 0, 0, 4, 0, 0, 0, 0, 0, 32, -0.1, 0, 0, 0, 0, 0, 0, 0, 0, 0, 33555923, 0, 98307, 0, 150994947, 0, 3084, 0);

INSERT INTO weenie_class (`weenieClassId`, `baseAceObjectId`)
VALUES (25684, 25684);

INSERT INTO `base_ace_object` (`baseAceObjectId`, `name`, `typeId`, `paletteId`, `ammoType`, `blipColor`, `bitField`, `burden`, `combatUse`, `cooldownDuration`, `cooldownId`, `effects`, `containersCapacity`, `header`, `hookTypeId`, `iconId`, `iconOverlayId`, `iconUnderlayId`, `hookItemTypes`, `itemsCapacity`, `location`, `materialType`, `maxStackSize`, `maxStructure`, `radar`, `pscript`, `spellId`, `stackSize`, `structure`, `targetTypeId`, `usability`, `useRadius`, `validLocations`, `value`, `workmanship`, `animationFrameId`, `defaultScript`, `defaultScriptIntensity`, `elasticity`, `friction`, `locationId`, `modelTableId`, `objectScale`, `physicsBitField`, `physicsTableId`, `motionTableId`, `soundTableId`, `physicsState`, `translucency`)
VALUES (25685, 'Shallow Olthoi Chasm', 65536, 0, 0, 0, 262164, 0, 0, 0, 0, 0, 0, 8388656, 0, 100667499, 0, 0, 0, 0, 0, 0, 0, 0, 4, 0, 0, 0, 0, 0, 32, -0.1, 0, 0, 0, 0, 0, 0, 0, 0, 0, 33555926, 0, 98307, 0, 150994947, 0, 3084, 0);

INSERT INTO weenie_class (`weenieClassId`, `baseAceObjectId`)
VALUES (25685, 25685);

INSERT INTO `base_ace_object` (`baseAceObjectId`, `name`, `typeId`, `paletteId`, `ammoType`, `blipColor`, `bitField`, `burden`, `combatUse`, `cooldownDuration`, `cooldownId`, `effects`, `containersCapacity`, `header`, `hookTypeId`, `iconId`, `iconOverlayId`, `iconUnderlayId`, `hookItemTypes`, `itemsCapacity`, `location`, `materialType`, `maxStackSize`, `maxStructure`, `radar`, `pscript`, `spellId`, `stackSize`, `structure`, `targetTypeId`, `usability`, `useRadius`, `validLocations`, `value`, `workmanship`, `animationFrameId`, `defaultScript`, `defaultScriptIntensity`, `elasticity`, `friction`, `locationId`, `modelTableId`, `objectScale`, `physicsBitField`, `physicsTableId`, `motionTableId`, `soundTableId`, `physicsState`, `translucency`)
VALUES (25686, 'Deep Olthoi Chasm', 65536, 0, 0, 0, 262164, 0, 0, 0, 0, 0, 0, 8388656, 0, 100667499, 0, 0, 0, 0, 0, 0, 0, 0, 4, 0, 0, 0, 0, 0, 32, -0.1, 0, 0, 0, 0, 0, 0, 0, 0, 0, 33555924, 0, 98307, 0, 150994947, 0, 3084, 0);

INSERT INTO weenie_class (`weenieClassId`, `baseAceObjectId`)
VALUES (25686, 25686);

INSERT INTO `base_ace_object` (`baseAceObjectId`, `name`, `typeId`, `paletteId`, `ammoType`, `blipColor`, `bitField`, `burden`, `combatUse`, `cooldownDuration`, `cooldownId`, `effects`, `containersCapacity`, `header`, `hookTypeId`, `iconId`, `iconOverlayId`, `iconUnderlayId`, `hookItemTypes`, `itemsCapacity`, `location`, `materialType`, `maxStackSize`, `maxStructure`, `radar`, `pscript`, `spellId`, `stackSize`, `structure`, `targetTypeId`, `usability`, `useRadius`, `validLocations`, `value`, `workmanship`, `animationFrameId`, `defaultScript`, `defaultScriptIntensity`, `elasticity`, `friction`, `locationId`, `modelTableId`, `objectScale`, `physicsBitField`, `physicsTableId`, `motionTableId`, `soundTableId`, `physicsState`, `translucency`)
VALUES (25687, 'Cavernous Olthoi Chasm', 65536, 0, 0, 0, 262164, 0, 0, 0, 0, 0, 0, 8388656, 0, 100667499, 0, 0, 0, 0, 0, 0, 0, 0, 4, 0, 0, 0, 0, 0, 32, -0.1, 0, 0, 0, 0, 0, 0, 0, 0, 0, 33555925, 0, 98307, 0, 150994947, 0, 3084, 0);

INSERT INTO weenie_class (`weenieClassId`, `baseAceObjectId`)
VALUES (25687, 25687);

INSERT INTO `base_ace_object` (`baseAceObjectId`, `name`, `typeId`, `paletteId`, `ammoType`, `blipColor`, `bitField`, `burden`, `combatUse`, `cooldownDuration`, `cooldownId`, `effects`, `containersCapacity`, `header`, `hookTypeId`, `iconId`, `iconOverlayId`, `iconUnderlayId`, `hookItemTypes`, `itemsCapacity`, `location`, `materialType`, `maxStackSize`, `maxStructure`, `radar`, `pscript`, `spellId`, `stackSize`, `structure`, `targetTypeId`, `usability`, `useRadius`, `validLocations`, `value`, `workmanship`, `animationFrameId`, `defaultScript`, `defaultScriptIntensity`, `elasticity`, `friction`, `locationId`, `modelTableId`, `objectScale`, `physicsBitField`, `physicsTableId`, `motionTableId`, `soundTableId`, `physicsState`, `translucency`)
VALUES (25688, 'Abyssal Olthoi Chasm', 65536, 0, 0, 0, 262164, 0, 0, 0, 0, 0, 0, 8388656, 0, 100667499, 0, 0, 0, 0, 0, 0, 0, 0, 4, 0, 0, 0, 0, 0, 32, -0.1, 0, 0, 0, 0, 0, 0, 0, 0, 0, 33555925, 0, 98307, 0, 150994947, 0, 3084, 0);

INSERT INTO weenie_class (`weenieClassId`, `baseAceObjectId`)
VALUES (25688, 25688);

INSERT INTO `base_ace_object` (`baseAceObjectId`, `name`, `typeId`, `paletteId`, `ammoType`, `blipColor`, `bitField`, `burden`, `combatUse`, `cooldownDuration`, `cooldownId`, `effects`, `containersCapacity`, `header`, `hookTypeId`, `iconId`, `iconOverlayId`, `iconUnderlayId`, `hookItemTypes`, `itemsCapacity`, `location`, `materialType`, `maxStackSize`, `maxStructure`, `radar`, `pscript`, `spellId`, `stackSize`, `structure`, `targetTypeId`, `usability`, `useRadius`, `validLocations`, `value`, `workmanship`, `animationFrameId`, `defaultScript`, `defaultScriptIntensity`, `elasticity`, `friction`, `locationId`, `modelTableId`, `objectScale`, `physicsBitField`, `physicsTableId`, `motionTableId`, `soundTableId`, `physicsState`, `translucency`)
VALUES (46019, 'Surface Portal', 65536, 67109370, 0, 0, 262164, 0, 0, 0, 0, 0, 0, 8388656, 0, 100667499, 0, 0, 0, 0, 0, 0, 0, 0, 4, 0, 0, 0, 0, 0, 32, -0.1, 0, 0, 0, 0, 0, 0, 0, 0, 0, 33554867, 0, 98307, 0, 150994947, 0, 3084, 0);

INSERT INTO weenie_class (`weenieClassId`, `baseAceObjectId`)
VALUES (46019, 46019);

INSERT INTO `weenie_palette_changes` (`weenieClassId`, `subPaletteId`, `offset`, `length`)
VALUES (46019, 67111849, 8, 2040);

INSERT INTO `base_ace_object` (`baseAceObjectId`, `name`, `typeId`, `paletteId`, `ammoType`, `blipColor`, `bitField`, `burden`, `combatUse`, `cooldownDuration`, `cooldownId`, `effects`, `containersCapacity`, `header`, `hookTypeId`, `iconId`, `iconOverlayId`, `iconUnderlayId`, `hookItemTypes`, `itemsCapacity`, `location`, `materialType`, `maxStackSize`, `maxStructure`, `radar`, `pscript`, `spellId`, `stackSize`, `structure`, `targetTypeId`, `usability`, `useRadius`, `validLocations`, `value`, `workmanship`, `animationFrameId`, `defaultScript`, `defaultScriptIntensity`, `elasticity`, `friction`, `locationId`, `modelTableId`, `objectScale`, `physicsBitField`, `physicsTableId`, `motionTableId`, `soundTableId`, `physicsState`, `translucency`)
VALUES (6795, 'Nexus Portal', 65536, 0, 0, 0, 262164, 0, 0, 0, 0, 0, 0, 8388656, 0, 100667499, 0, 0, 0, 0, 0, 0, 0, 0, 4, 0, 0, 0, 0, 0, 32, -0.1, 0, 0, 0, 0, 0, 0, 0, 0, 0, 33555925, 0, 98307, 0, 150994947, 0, 3084, 0);

INSERT INTO weenie_class (`weenieClassId`, `baseAceObjectId`)
VALUES (6795, 6795);

INSERT INTO `base_ace_object` (`baseAceObjectId`, `name`, `typeId`, `paletteId`, `ammoType`, `blipColor`, `bitField`, `burden`, `combatUse`, `cooldownDuration`, `cooldownId`, `effects`, `containersCapacity`, `header`, `hookTypeId`, `iconId`, `iconOverlayId`, `iconUnderlayId`, `hookItemTypes`, `itemsCapacity`, `location`, `materialType`, `maxStackSize`, `maxStructure`, `radar`, `pscript`, `spellId`, `stackSize`, `structure`, `targetTypeId`, `usability`, `useRadius`, `validLocations`, `value`, `workmanship`, `animationFrameId`, `defaultScript`, `defaultScriptIntensity`, `elasticity`, `friction`, `locationId`, `modelTableId`, `objectScale`, `physicsBitField`, `physicsTableId`, `motionTableId`, `soundTableId`, `physicsState`, `translucency`)
VALUES (33985, 'Ancient Caves', 65536, 0, 0, 0, 262164, 0, 0, 0, 0, 0, 0, 8388656, 0, 100667499, 0, 0, 0, 0, 0, 0, 0, 0, 4, 0, 0, 0, 0, 0, 32, -0.1, 0, 0, 0, 0, 0, 0, 0, 0, 0, 33555926, 0, 98307, 0, 150994947, 0, 3084, 0);

INSERT INTO weenie_class (`weenieClassId`, `baseAceObjectId`)
VALUES (33985, 33985);

INSERT INTO `base_ace_object` (`baseAceObjectId`, `name`, `typeId`, `paletteId`, `ammoType`, `blipColor`, `bitField`, `burden`, `combatUse`, `cooldownDuration`, `cooldownId`, `effects`, `containersCapacity`, `header`, `hookTypeId`, `iconId`, `iconOverlayId`, `iconUnderlayId`, `hookItemTypes`, `itemsCapacity`, `location`, `materialType`, `maxStackSize`, `maxStructure`, `radar`, `pscript`, `spellId`, `stackSize`, `structure`, `targetTypeId`, `usability`, `useRadius`, `validLocations`, `value`, `workmanship`, `animationFrameId`, `defaultScript`, `defaultScriptIntensity`, `elasticity`, `friction`, `locationId`, `modelTableId`, `objectScale`, `physicsBitField`, `physicsTableId`, `motionTableId`, `soundTableId`, `physicsState`, `translucency`)
VALUES (28825, 'Abayar''s Laboratory', 65536, 0, 0, 0, 262164, 0, 0, 0, 0, 0, 0, 8388656, 0, 100667499, 0, 0, 0, 0, 0, 0, 0, 0, 4, 0, 0, 0, 0, 0, 32, -0.1, 0, 0, 0, 0, 0, 0, 0, 0, 0, 33555925, 0, 98307, 0, 150994947, 0, 3084, 0);

INSERT INTO weenie_class (`weenieClassId`, `baseAceObjectId`)
VALUES (28825, 28825);

INSERT INTO `base_ace_object` (`baseAceObjectId`, `name`, `typeId`, `paletteId`, `ammoType`, `blipColor`, `bitField`, `burden`, `combatUse`, `cooldownDuration`, `cooldownId`, `effects`, `containersCapacity`, `header`, `hookTypeId`, `iconId`, `iconOverlayId`, `iconUnderlayId`, `hookItemTypes`, `itemsCapacity`, `location`, `materialType`, `maxStackSize`, `maxStructure`, `radar`, `pscript`, `spellId`, `stackSize`, `structure`, `targetTypeId`, `usability`, `useRadius`, `validLocations`, `value`, `workmanship`, `animationFrameId`, `defaultScript`, `defaultScriptIntensity`, `elasticity`, `friction`, `locationId`, `modelTableId`, `objectScale`, `physicsBitField`, `physicsTableId`, `motionTableId`, `soundTableId`, `physicsState`, `translucency`)
VALUES (6102, 'Qalaba''r Meeting Hall Portal', 65536, 0, 0, 0, 262164, 0, 0, 0, 0, 0, 0, 8388656, 0, 100667499, 0, 0, 0, 0, 0, 0, 0, 0, 4, 0, 0, 0, 0, 0, 32, -0.1, 0, 0, 0, 0, 0, 0, 0, 0, 0, 33554867, 0, 98307, 0, 150994947, 0, 3084, 0);

INSERT INTO weenie_class (`weenieClassId`, `baseAceObjectId`)
VALUES (6102, 6102);

INSERT INTO `base_ace_object` (`baseAceObjectId`, `name`, `typeId`, `paletteId`, `ammoType`, `blipColor`, `bitField`, `burden`, `combatUse`, `cooldownDuration`, `cooldownId`, `effects`, `containersCapacity`, `header`, `hookTypeId`, `iconId`, `iconOverlayId`, `iconUnderlayId`, `hookItemTypes`, `itemsCapacity`, `location`, `materialType`, `maxStackSize`, `maxStructure`, `radar`, `pscript`, `spellId`, `stackSize`, `structure`, `targetTypeId`, `usability`, `useRadius`, `validLocations`, `value`, `workmanship`, `animationFrameId`, `defaultScript`, `defaultScriptIntensity`, `elasticity`, `friction`, `locationId`, `modelTableId`, `objectScale`, `physicsBitField`, `physicsTableId`, `motionTableId`, `soundTableId`, `physicsState`, `translucency`)
VALUES (32127, 'Vissidal Island', 65536, 0, 0, 0, 262164, 0, 0, 0, 0, 0, 0, 8388656, 0, 100667499, 0, 0, 0, 0, 0, 0, 0, 0, 4, 0, 0, 0, 0, 0, 32, -0.1, 0, 0, 0, 0, 0, 0, 0, 0, 0, 33555925, 0, 98307, 0, 150994947, 0, 3084, 0);

INSERT INTO weenie_class (`weenieClassId`, `baseAceObjectId`)
VALUES (32127, 32127);

INSERT INTO `base_ace_object` (`baseAceObjectId`, `name`, `typeId`, `paletteId`, `ammoType`, `blipColor`, `bitField`, `burden`, `combatUse`, `cooldownDuration`, `cooldownId`, `effects`, `containersCapacity`, `header`, `hookTypeId`, `iconId`, `iconOverlayId`, `iconUnderlayId`, `hookItemTypes`, `itemsCapacity`, `location`, `materialType`, `maxStackSize`, `maxStructure`, `radar`, `pscript`, `spellId`, `stackSize`, `structure`, `targetTypeId`, `usability`, `useRadius`, `validLocations`, `value`, `workmanship`, `animationFrameId`, `defaultScript`, `defaultScriptIntensity`, `elasticity`, `friction`, `locationId`, `modelTableId`, `objectScale`, `physicsBitField`, `physicsTableId`, `motionTableId`, `soundTableId`, `physicsState`, `translucency`)
VALUES (37070, 'Trial of the Deep', 65536, 0, 0, 0, 262164, 0, 0, 0, 0, 0, 0, 8388656, 0, 100667499, 0, 0, 0, 0, 0, 0, 0, 0, 4, 0, 0, 0, 0, 0, 32, -0.1, 0, 0, 0, 0, 0, 0, 0, 0, 0, 33555925, 0, 98307, 0, 150994947, 0, 3084, 0);

INSERT INTO weenie_class (`weenieClassId`, `baseAceObjectId`)
VALUES (37070, 37070);

INSERT INTO `base_ace_object` (`baseAceObjectId`, `name`, `typeId`, `paletteId`, `ammoType`, `blipColor`, `bitField`, `burden`, `combatUse`, `cooldownDuration`, `cooldownId`, `effects`, `containersCapacity`, `header`, `hookTypeId`, `iconId`, `iconOverlayId`, `iconUnderlayId`, `hookItemTypes`, `itemsCapacity`, `location`, `materialType`, `maxStackSize`, `maxStructure`, `radar`, `pscript`, `spellId`, `stackSize`, `structure`, `targetTypeId`, `usability`, `useRadius`, `validLocations`, `value`, `workmanship`, `animationFrameId`, `defaultScript`, `defaultScriptIntensity`, `elasticity`, `friction`, `locationId`, `modelTableId`, `objectScale`, `physicsBitField`, `physicsTableId`, `motionTableId`, `soundTableId`, `physicsState`, `translucency`)
VALUES (33251, 'Assassins'' Hideout', 65536, 0, 0, 0, 262164, 0, 0, 0, 0, 0, 0, 8388656, 0, 100667499, 0, 0, 0, 0, 0, 0, 0, 0, 4, 0, 0, 0, 0, 0, 32, -0.1, 0, 0, 0, 0, 0, 0, 0, 0, 0, 33555925, 0, 98307, 0, 150994947, 0, 3084, 0);

INSERT INTO weenie_class (`weenieClassId`, `baseAceObjectId`)
VALUES (33251, 33251);

INSERT INTO `base_ace_object` (`baseAceObjectId`, `name`, `typeId`, `paletteId`, `ammoType`, `blipColor`, `bitField`, `burden`, `combatUse`, `cooldownDuration`, `cooldownId`, `effects`, `containersCapacity`, `header`, `hookTypeId`, `iconId`, `iconOverlayId`, `iconUnderlayId`, `hookItemTypes`, `itemsCapacity`, `location`, `materialType`, `maxStackSize`, `maxStructure`, `radar`, `pscript`, `spellId`, `stackSize`, `structure`, `targetTypeId`, `usability`, `useRadius`, `validLocations`, `value`, `workmanship`, `animationFrameId`, `defaultScript`, `defaultScriptIntensity`, `elasticity`, `friction`, `locationId`, `modelTableId`, `objectScale`, `physicsBitField`, `physicsTableId`, `motionTableId`, `soundTableId`, `physicsState`, `translucency`)
VALUES (28807, 'Surface', 65536, 0, 0, 0, 262164, 0, 0, 0, 0, 0, 0, 8388656, 0, 100667499, 0, 0, 0, 0, 0, 0, 0, 0, 4, 0, 0, 0, 0, 0, 32, -0.1, 0, 0, 0, 0, 0, 0, 0, 0, 0, 33554867, 0, 98307, 0, 150994947, 0, 3084, 0);

INSERT INTO weenie_class (`weenieClassId`, `baseAceObjectId`)
VALUES (28807, 28807);

INSERT INTO `base_ace_object` (`baseAceObjectId`, `name`, `typeId`, `paletteId`, `ammoType`, `blipColor`, `bitField`, `burden`, `combatUse`, `cooldownDuration`, `cooldownId`, `effects`, `containersCapacity`, `header`, `hookTypeId`, `iconId`, `iconOverlayId`, `iconUnderlayId`, `hookItemTypes`, `itemsCapacity`, `location`, `materialType`, `maxStackSize`, `maxStructure`, `radar`, `pscript`, `spellId`, `stackSize`, `structure`, `targetTypeId`, `usability`, `useRadius`, `validLocations`, `value`, `workmanship`, `animationFrameId`, `defaultScript`, `defaultScriptIntensity`, `elasticity`, `friction`, `locationId`, `modelTableId`, `objectScale`, `physicsBitField`, `physicsTableId`, `motionTableId`, `soundTableId`, `physicsState`, `translucency`)
VALUES (36727, 'Lonely Fortress', 65536, 0, 0, 0, 262164, 0, 0, 0, 0, 0, 0, 8388656, 0, 100667499, 0, 0, 0, 0, 0, 0, 0, 0, 4, 0, 0, 0, 0, 0, 32, -0.1, 0, 0, 0, 0, 0, 0, 0, 0, 0, 33555925, 0, 98307, 0, 150994947, 0, 3084, 0);

INSERT INTO weenie_class (`weenieClassId`, `baseAceObjectId`)
VALUES (36727, 36727);

INSERT INTO `base_ace_object` (`baseAceObjectId`, `name`, `typeId`, `paletteId`, `ammoType`, `blipColor`, `bitField`, `burden`, `combatUse`, `cooldownDuration`, `cooldownId`, `effects`, `containersCapacity`, `header`, `hookTypeId`, `iconId`, `iconOverlayId`, `iconUnderlayId`, `hookItemTypes`, `itemsCapacity`, `location`, `materialType`, `maxStackSize`, `maxStructure`, `radar`, `pscript`, `spellId`, `stackSize`, `structure`, `targetTypeId`, `usability`, `useRadius`, `validLocations`, `value`, `workmanship`, `animationFrameId`, `defaultScript`, `defaultScriptIntensity`, `elasticity`, `friction`, `locationId`, `modelTableId`, `objectScale`, `physicsBitField`, `physicsTableId`, `motionTableId`, `soundTableId`, `physicsState`, `translucency`)
VALUES (7291, 'Halls of Metos', 65536, 0, 0, 0, 262164, 0, 0, 0, 0, 0, 0, 8388656, 0, 100667499, 0, 0, 0, 0, 0, 0, 0, 0, 4, 0, 0, 0, 0, 0, 32, -0.1, 0, 0, 0, 0, 0, 0, 0, 0, 0, 33555923, 0, 98307, 0, 150994947, 0, 3084, 0);

INSERT INTO weenie_class (`weenieClassId`, `baseAceObjectId`)
VALUES (7291, 7291);

INSERT INTO `base_ace_object` (`baseAceObjectId`, `name`, `typeId`, `paletteId`, `ammoType`, `blipColor`, `bitField`, `burden`, `combatUse`, `cooldownDuration`, `cooldownId`, `effects`, `containersCapacity`, `header`, `hookTypeId`, `iconId`, `iconOverlayId`, `iconUnderlayId`, `hookItemTypes`, `itemsCapacity`, `location`, `materialType`, `maxStackSize`, `maxStructure`, `radar`, `pscript`, `spellId`, `stackSize`, `structure`, `targetTypeId`, `usability`, `useRadius`, `validLocations`, `value`, `workmanship`, `animationFrameId`, `defaultScript`, `defaultScriptIntensity`, `elasticity`, `friction`, `locationId`, `modelTableId`, `objectScale`, `physicsBitField`, `physicsTableId`, `motionTableId`, `soundTableId`, `physicsState`, `translucency`)
VALUES (7292, 'Surface Portal', 65536, 0, 0, 0, 262164, 0, 0, 0, 0, 0, 0, 8388656, 0, 100667499, 0, 0, 0, 0, 0, 0, 0, 0, 4, 0, 0, 0, 0, 0, 32, -0.1, 0, 0, 0, 0, 0, 0, 0, 0, 0, 33554867, 0, 98307, 0, 150994947, 0, 3084, 0);

INSERT INTO weenie_class (`weenieClassId`, `baseAceObjectId`)
VALUES (7292, 7292);

INSERT INTO `base_ace_object` (`baseAceObjectId`, `name`, `typeId`, `paletteId`, `ammoType`, `blipColor`, `bitField`, `burden`, `combatUse`, `cooldownDuration`, `cooldownId`, `effects`, `containersCapacity`, `header`, `hookTypeId`, `iconId`, `iconOverlayId`, `iconUnderlayId`, `hookItemTypes`, `itemsCapacity`, `location`, `materialType`, `maxStackSize`, `maxStructure`, `radar`, `pscript`, `spellId`, `stackSize`, `structure`, `targetTypeId`, `usability`, `useRadius`, `validLocations`, `value`, `workmanship`, `animationFrameId`, `defaultScript`, `defaultScriptIntensity`, `elasticity`, `friction`, `locationId`, `modelTableId`, `objectScale`, `physicsBitField`, `physicsTableId`, `motionTableId`, `soundTableId`, `physicsState`, `translucency`)
VALUES (1103, 'Eotensfang Portal', 65536, 0, 0, 0, 262164, 0, 0, 0, 0, 0, 0, 8388656, 0, 100667499, 0, 0, 0, 0, 0, 0, 0, 0, 4, 0, 0, 0, 0, 0, 32, -0.1, 0, 0, 0, 0, 0, 0, 0, 0, 0, 33554867, 0, 98307, 0, 150994947, 0, 3084, 0);

INSERT INTO weenie_class (`weenieClassId`, `baseAceObjectId`)
VALUES (1103, 1103);

INSERT INTO `base_ace_object` (`baseAceObjectId`, `name`, `typeId`, `paletteId`, `ammoType`, `blipColor`, `bitField`, `burden`, `combatUse`, `cooldownDuration`, `cooldownId`, `effects`, `containersCapacity`, `header`, `hookTypeId`, `iconId`, `iconOverlayId`, `iconUnderlayId`, `hookItemTypes`, `itemsCapacity`, `location`, `materialType`, `maxStackSize`, `maxStructure`, `radar`, `pscript`, `spellId`, `stackSize`, `structure`, `targetTypeId`, `usability`, `useRadius`, `validLocations`, `value`, `workmanship`, `animationFrameId`, `defaultScript`, `defaultScriptIntensity`, `elasticity`, `friction`, `locationId`, `modelTableId`, `objectScale`, `physicsBitField`, `physicsTableId`, `motionTableId`, `soundTableId`, `physicsState`, `translucency`)
VALUES (1306, 'Bandit Castle Prison', 65536, 0, 0, 0, 262164, 0, 0, 0, 0, 0, 0, 8388656, 0, 100667499, 0, 0, 0, 0, 0, 0, 0, 0, 4, 0, 0, 0, 0, 0, 32, -0.1, 0, 0, 0, 0, 0, 0, 0, 0, 0, 33554867, 0, 98307, 0, 150994947, 0, 3084, 0);

INSERT INTO weenie_class (`weenieClassId`, `baseAceObjectId`)
VALUES (1306, 1306);

INSERT INTO `base_ace_object` (`baseAceObjectId`, `name`, `typeId`, `paletteId`, `ammoType`, `blipColor`, `bitField`, `burden`, `combatUse`, `cooldownDuration`, `cooldownId`, `effects`, `containersCapacity`, `header`, `hookTypeId`, `iconId`, `iconOverlayId`, `iconUnderlayId`, `hookItemTypes`, `itemsCapacity`, `location`, `materialType`, `maxStackSize`, `maxStructure`, `radar`, `pscript`, `spellId`, `stackSize`, `structure`, `targetTypeId`, `usability`, `useRadius`, `validLocations`, `value`, `workmanship`, `animationFrameId`, `defaultScript`, `defaultScriptIntensity`, `elasticity`, `friction`, `locationId`, `modelTableId`, `objectScale`, `physicsBitField`, `physicsTableId`, `motionTableId`, `soundTableId`, `physicsState`, `translucency`)
VALUES (6106, 'Shoushi Meeting Hall Portal', 65536, 0, 0, 0, 262164, 0, 0, 0, 0, 0, 0, 8388656, 0, 100667499, 0, 0, 0, 0, 0, 0, 0, 0, 4, 0, 0, 0, 0, 0, 32, -0.1, 0, 0, 0, 0, 0, 0, 0, 0, 0, 33554867, 0, 98307, 0, 150994947, 0, 3084, 0);

INSERT INTO weenie_class (`weenieClassId`, `baseAceObjectId`)
VALUES (6106, 6106);

INSERT INTO `base_ace_object` (`baseAceObjectId`, `name`, `typeId`, `paletteId`, `ammoType`, `blipColor`, `bitField`, `burden`, `combatUse`, `cooldownDuration`, `cooldownId`, `effects`, `containersCapacity`, `header`, `hookTypeId`, `iconId`, `iconOverlayId`, `iconUnderlayId`, `hookItemTypes`, `itemsCapacity`, `location`, `materialType`, `maxStackSize`, `maxStructure`, `radar`, `pscript`, `spellId`, `stackSize`, `structure`, `targetTypeId`, `usability`, `useRadius`, `validLocations`, `value`, `workmanship`, `animationFrameId`, `defaultScript`, `defaultScriptIntensity`, `elasticity`, `friction`, `locationId`, `modelTableId`, `objectScale`, `physicsBitField`, `physicsTableId`, `motionTableId`, `soundTableId`, `physicsState`, `translucency`)
VALUES (43571, 'Olthoi Tunnel', 65536, 67109370, 0, 0, 262164, 0, 0, 0, 0, 0, 0, 8388656, 0, 100667499, 0, 0, 0, 0, 0, 0, 0, 0, 4, 0, 0, 0, 0, 0, 32, -0.1, 0, 0, 0, 0, 0, 0, 0, 0, 0, 33554867, 0, 98307, 0, 150994947, 0, 3084, 0);

INSERT INTO weenie_class (`weenieClassId`, `baseAceObjectId`)
VALUES (43571, 43571);

INSERT INTO `weenie_palette_changes` (`weenieClassId`, `subPaletteId`, `offset`, `length`)
VALUES (43571, 67111849, 8, 2040);

INSERT INTO `base_ace_object` (`baseAceObjectId`, `name`, `typeId`, `paletteId`, `ammoType`, `blipColor`, `bitField`, `burden`, `combatUse`, `cooldownDuration`, `cooldownId`, `effects`, `containersCapacity`, `header`, `hookTypeId`, `iconId`, `iconOverlayId`, `iconUnderlayId`, `hookItemTypes`, `itemsCapacity`, `location`, `materialType`, `maxStackSize`, `maxStructure`, `radar`, `pscript`, `spellId`, `stackSize`, `structure`, `targetTypeId`, `usability`, `useRadius`, `validLocations`, `value`, `workmanship`, `animationFrameId`, `defaultScript`, `defaultScriptIntensity`, `elasticity`, `friction`, `locationId`, `modelTableId`, `objectScale`, `physicsBitField`, `physicsTableId`, `motionTableId`, `soundTableId`, `physicsState`, `translucency`)
VALUES (9071, 'Humming Crystal Portal', 65536, 67109370, 0, 0, 262164, 0, 0, 0, 0, 0, 0, 8388656, 0, 100667499, 0, 0, 0, 0, 0, 0, 0, 0, 4, 0, 0, 0, 0, 0, 32, -0.1, 0, 0, 0, 0, 0, 0, 0, 0, 0, 33554867, 0, 98307, 0, 150994947, 0, 3084, 0);

INSERT INTO weenie_class (`weenieClassId`, `baseAceObjectId`)
VALUES (9071, 9071);

INSERT INTO `weenie_palette_changes` (`weenieClassId`, `subPaletteId`, `offset`, `length`)
VALUES (9071, 67111849, 8, 2040);

INSERT INTO `base_ace_object` (`baseAceObjectId`, `name`, `typeId`, `paletteId`, `ammoType`, `blipColor`, `bitField`, `burden`, `combatUse`, `cooldownDuration`, `cooldownId`, `effects`, `containersCapacity`, `header`, `hookTypeId`, `iconId`, `iconOverlayId`, `iconUnderlayId`, `hookItemTypes`, `itemsCapacity`, `location`, `materialType`, `maxStackSize`, `maxStructure`, `radar`, `pscript`, `spellId`, `stackSize`, `structure`, `targetTypeId`, `usability`, `useRadius`, `validLocations`, `value`, `workmanship`, `animationFrameId`, `defaultScript`, `defaultScriptIntensity`, `elasticity`, `friction`, `locationId`, `modelTableId`, `objectScale`, `physicsBitField`, `physicsTableId`, `motionTableId`, `soundTableId`, `physicsState`, `translucency`)
VALUES (43563, 'Olthoi Tunnel', 65536, 67109370, 0, 0, 262164, 0, 0, 0, 0, 0, 0, 8388656, 0, 100667499, 0, 0, 0, 0, 0, 0, 0, 0, 4, 0, 0, 0, 0, 0, 32, -0.1, 0, 0, 0, 0, 0, 0, 0, 0, 0, 33554867, 0, 98307, 0, 150994947, 0, 3084, 0);

INSERT INTO weenie_class (`weenieClassId`, `baseAceObjectId`)
VALUES (43563, 43563);

INSERT INTO `weenie_palette_changes` (`weenieClassId`, `subPaletteId`, `offset`, `length`)
VALUES (43563, 67111849, 8, 2040);

INSERT INTO `base_ace_object` (`baseAceObjectId`, `name`, `typeId`, `paletteId`, `ammoType`, `blipColor`, `bitField`, `burden`, `combatUse`, `cooldownDuration`, `cooldownId`, `effects`, `containersCapacity`, `header`, `hookTypeId`, `iconId`, `iconOverlayId`, `iconUnderlayId`, `hookItemTypes`, `itemsCapacity`, `location`, `materialType`, `maxStackSize`, `maxStructure`, `radar`, `pscript`, `spellId`, `stackSize`, `structure`, `targetTypeId`, `usability`, `useRadius`, `validLocations`, `value`, `workmanship`, `animationFrameId`, `defaultScript`, `defaultScriptIntensity`, `elasticity`, `friction`, `locationId`, `modelTableId`, `objectScale`, `physicsBitField`, `physicsTableId`, `motionTableId`, `soundTableId`, `physicsState`, `translucency`)
VALUES (6112, 'Zaikhal Meeting Hall Portal', 65536, 0, 0, 0, 262164, 0, 0, 0, 0, 0, 0, 8388656, 0, 100667499, 0, 0, 0, 0, 0, 0, 0, 0, 4, 0, 0, 0, 0, 0, 32, -0.1, 0, 0, 0, 0, 0, 0, 0, 0, 0, 33554867, 0, 98307, 0, 150994947, 0, 3084, 0);

INSERT INTO weenie_class (`weenieClassId`, `baseAceObjectId`)
VALUES (6112, 6112);

INSERT INTO `base_ace_object` (`baseAceObjectId`, `name`, `typeId`, `paletteId`, `ammoType`, `blipColor`, `bitField`, `burden`, `combatUse`, `cooldownDuration`, `cooldownId`, `effects`, `containersCapacity`, `header`, `hookTypeId`, `iconId`, `iconOverlayId`, `iconUnderlayId`, `hookItemTypes`, `itemsCapacity`, `location`, `materialType`, `maxStackSize`, `maxStructure`, `radar`, `pscript`, `spellId`, `stackSize`, `structure`, `targetTypeId`, `usability`, `useRadius`, `validLocations`, `value`, `workmanship`, `animationFrameId`, `defaultScript`, `defaultScriptIntensity`, `elasticity`, `friction`, `locationId`, `modelTableId`, `objectScale`, `physicsBitField`, `physicsTableId`, `motionTableId`, `soundTableId`, `physicsState`, `translucency`)
VALUES (25495, 'Lair of the Ancient Queen', 65536, 0, 0, 0, 262164, 0, 0, 0, 0, 0, 0, 8388656, 0, 100667499, 0, 0, 0, 0, 0, 0, 0, 0, 4, 0, 0, 0, 0, 0, 32, -0.1, 0, 0, 0, 0, 0, 0, 0, 0, 0, 33554867, 0, 98307, 0, 150994947, 0, 3084, 0);

INSERT INTO weenie_class (`weenieClassId`, `baseAceObjectId`)
VALUES (25495, 25495);

INSERT INTO `base_ace_object` (`baseAceObjectId`, `name`, `typeId`, `paletteId`, `ammoType`, `blipColor`, `bitField`, `burden`, `combatUse`, `cooldownDuration`, `cooldownId`, `effects`, `containersCapacity`, `header`, `hookTypeId`, `iconId`, `iconOverlayId`, `iconUnderlayId`, `hookItemTypes`, `itemsCapacity`, `location`, `materialType`, `maxStackSize`, `maxStructure`, `radar`, `pscript`, `spellId`, `stackSize`, `structure`, `targetTypeId`, `usability`, `useRadius`, `validLocations`, `value`, `workmanship`, `animationFrameId`, `defaultScript`, `defaultScriptIntensity`, `elasticity`, `friction`, `locationId`, `modelTableId`, `objectScale`, `physicsBitField`, `physicsTableId`, `motionTableId`, `soundTableId`, `physicsState`, `translucency`)
VALUES (2550, 'Plateau Base', 65536, 0, 0, 0, 262164, 0, 0, 0, 0, 0, 0, 8388656, 0, 100667499, 0, 0, 0, 0, 0, 0, 0, 0, 4, 0, 0, 0, 0, 0, 32, -0.1, 0, 0, 0, 0, 0, 0, 0, 0, 0, 33554867, 0, 98307, 0, 150994947, 0, 3084, 0);

INSERT INTO weenie_class (`weenieClassId`, `baseAceObjectId`)
VALUES (2550, 2550);

INSERT INTO `base_ace_object` (`baseAceObjectId`, `name`, `typeId`, `paletteId`, `ammoType`, `blipColor`, `bitField`, `burden`, `combatUse`, `cooldownDuration`, `cooldownId`, `effects`, `containersCapacity`, `header`, `hookTypeId`, `iconId`, `iconOverlayId`, `iconUnderlayId`, `hookItemTypes`, `itemsCapacity`, `location`, `materialType`, `maxStackSize`, `maxStructure`, `radar`, `pscript`, `spellId`, `stackSize`, `structure`, `targetTypeId`, `usability`, `useRadius`, `validLocations`, `value`, `workmanship`, `animationFrameId`, `defaultScript`, `defaultScriptIntensity`, `elasticity`, `friction`, `locationId`, `modelTableId`, `objectScale`, `physicsBitField`, `physicsTableId`, `motionTableId`, `soundTableId`, `physicsState`, `translucency`)
VALUES (5109, 'Mountain Cavern Portal', 65536, 0, 0, 0, 262164, 0, 0, 0, 0, 0, 0, 8388656, 0, 100667499, 0, 0, 0, 0, 0, 0, 0, 0, 1, 0, 0, 0, 0, 0, 32, -0.1, 0, 0, 0, 0, 0, 0, 0, 0, 0, 33555923, 0, 98307, 0, 150994947, 0, 3084, 0);

INSERT INTO weenie_class (`weenieClassId`, `baseAceObjectId`)
VALUES (5109, 5109);

INSERT INTO `base_ace_object` (`baseAceObjectId`, `name`, `typeId`, `paletteId`, `ammoType`, `blipColor`, `bitField`, `burden`, `combatUse`, `cooldownDuration`, `cooldownId`, `effects`, `containersCapacity`, `header`, `hookTypeId`, `iconId`, `iconOverlayId`, `iconUnderlayId`, `hookItemTypes`, `itemsCapacity`, `location`, `materialType`, `maxStackSize`, `maxStructure`, `radar`, `pscript`, `spellId`, `stackSize`, `structure`, `targetTypeId`, `usability`, `useRadius`, `validLocations`, `value`, `workmanship`, `animationFrameId`, `defaultScript`, `defaultScriptIntensity`, `elasticity`, `friction`, `locationId`, `modelTableId`, `objectScale`, `physicsBitField`, `physicsTableId`, `motionTableId`, `soundTableId`, `physicsState`, `translucency`)
VALUES (5110, 'Surface', 65536, 0, 0, 0, 262164, 0, 0, 0, 0, 0, 0, 8388656, 0, 100667499, 0, 0, 0, 0, 0, 0, 0, 0, 4, 0, 0, 0, 0, 0, 32, -0.1, 0, 0, 0, 0, 0, 0, 0, 0, 0, 33554867, 0, 98307, 0, 150994947, 0, 3084, 0);

INSERT INTO weenie_class (`weenieClassId`, `baseAceObjectId`)
VALUES (5110, 5110);

INSERT INTO `base_ace_object` (`baseAceObjectId`, `name`, `typeId`, `paletteId`, `ammoType`, `blipColor`, `bitField`, `burden`, `combatUse`, `cooldownDuration`, `cooldownId`, `effects`, `containersCapacity`, `header`, `hookTypeId`, `iconId`, `iconOverlayId`, `iconUnderlayId`, `hookItemTypes`, `itemsCapacity`, `location`, `materialType`, `maxStackSize`, `maxStructure`, `radar`, `pscript`, `spellId`, `stackSize`, `structure`, `targetTypeId`, `usability`, `useRadius`, `validLocations`, `value`, `workmanship`, `animationFrameId`, `defaultScript`, `defaultScriptIntensity`, `elasticity`, `friction`, `locationId`, `modelTableId`, `objectScale`, `physicsBitField`, `physicsTableId`, `motionTableId`, `soundTableId`, `physicsState`, `translucency`)
VALUES (5112, 'Magical Portal', 65536, 0, 0, 0, 262164, 0, 0, 0, 0, 0, 0, 8388656, 0, 100667499, 0, 0, 0, 0, 0, 0, 0, 0, 4, 0, 0, 0, 0, 0, 32, -0.1, 0, 0, 0, 0, 0, 0, 0, 0, 0, 33554867, 0, 98307, 0, 150994947, 0, 3084, 0);

INSERT INTO weenie_class (`weenieClassId`, `baseAceObjectId`)
VALUES (5112, 5112);

INSERT INTO `base_ace_object` (`baseAceObjectId`, `name`, `typeId`, `paletteId`, `ammoType`, `blipColor`, `bitField`, `burden`, `combatUse`, `cooldownDuration`, `cooldownId`, `effects`, `containersCapacity`, `header`, `hookTypeId`, `iconId`, `iconOverlayId`, `iconUnderlayId`, `hookItemTypes`, `itemsCapacity`, `location`, `materialType`, `maxStackSize`, `maxStructure`, `radar`, `pscript`, `spellId`, `stackSize`, `structure`, `targetTypeId`, `usability`, `useRadius`, `validLocations`, `value`, `workmanship`, `animationFrameId`, `defaultScript`, `defaultScriptIntensity`, `elasticity`, `friction`, `locationId`, `modelTableId`, `objectScale`, `physicsBitField`, `physicsTableId`, `motionTableId`, `soundTableId`, `physicsState`, `translucency`)
VALUES (5113, 'Magical Portal', 65536, 0, 0, 0, 262164, 0, 0, 0, 0, 0, 0, 8388656, 0, 100667499, 0, 0, 0, 0, 0, 0, 0, 0, 4, 0, 0, 0, 0, 0, 32, -0.1, 0, 0, 0, 0, 0, 0, 0, 0, 0, 33554867, 0, 98307, 0, 150994947, 0, 3084, 0);

INSERT INTO weenie_class (`weenieClassId`, `baseAceObjectId`)
VALUES (5113, 5113);

INSERT INTO `base_ace_object` (`baseAceObjectId`, `name`, `typeId`, `paletteId`, `ammoType`, `blipColor`, `bitField`, `burden`, `combatUse`, `cooldownDuration`, `cooldownId`, `effects`, `containersCapacity`, `header`, `hookTypeId`, `iconId`, `iconOverlayId`, `iconUnderlayId`, `hookItemTypes`, `itemsCapacity`, `location`, `materialType`, `maxStackSize`, `maxStructure`, `radar`, `pscript`, `spellId`, `stackSize`, `structure`, `targetTypeId`, `usability`, `useRadius`, `validLocations`, `value`, `workmanship`, `animationFrameId`, `defaultScript`, `defaultScriptIntensity`, `elasticity`, `friction`, `locationId`, `modelTableId`, `objectScale`, `physicsBitField`, `physicsTableId`, `motionTableId`, `soundTableId`, `physicsState`, `translucency`)
VALUES (5114, 'Magical Portal', 65536, 0, 0, 0, 262164, 0, 0, 0, 0, 0, 0, 8388656, 0, 100667499, 0, 0, 0, 0, 0, 0, 0, 0, 4, 0, 0, 0, 0, 0, 32, -0.1, 0, 0, 0, 0, 0, 0, 0, 0, 0, 33554867, 0, 98307, 0, 150994947, 0, 3084, 0);

INSERT INTO weenie_class (`weenieClassId`, `baseAceObjectId`)
VALUES (5114, 5114);

INSERT INTO `base_ace_object` (`baseAceObjectId`, `name`, `typeId`, `paletteId`, `ammoType`, `blipColor`, `bitField`, `burden`, `combatUse`, `cooldownDuration`, `cooldownId`, `effects`, `containersCapacity`, `header`, `hookTypeId`, `iconId`, `iconOverlayId`, `iconUnderlayId`, `hookItemTypes`, `itemsCapacity`, `location`, `materialType`, `maxStackSize`, `maxStructure`, `radar`, `pscript`, `spellId`, `stackSize`, `structure`, `targetTypeId`, `usability`, `useRadius`, `validLocations`, `value`, `workmanship`, `animationFrameId`, `defaultScript`, `defaultScriptIntensity`, `elasticity`, `friction`, `locationId`, `modelTableId`, `objectScale`, `physicsBitField`, `physicsTableId`, `motionTableId`, `soundTableId`, `physicsState`, `translucency`)
VALUES (5900, 'Lost City of Frore Portal', 65536, 0, 0, 0, 262164, 0, 0, 0, 0, 0, 0, 8388656, 0, 100667499, 0, 0, 0, 0, 0, 0, 0, 0, 1, 0, 0, 0, 0, 0, 32, -0.1, 0, 0, 0, 0, 0, 0, 0, 0, 0, 33555923, 0, 98307, 0, 150994947, 0, 3084, 0);

INSERT INTO weenie_class (`weenieClassId`, `baseAceObjectId`)
VALUES (5900, 5900);

INSERT INTO `base_ace_object` (`baseAceObjectId`, `name`, `typeId`, `paletteId`, `ammoType`, `blipColor`, `bitField`, `burden`, `combatUse`, `cooldownDuration`, `cooldownId`, `effects`, `containersCapacity`, `header`, `hookTypeId`, `iconId`, `iconOverlayId`, `iconUnderlayId`, `hookItemTypes`, `itemsCapacity`, `location`, `materialType`, `maxStackSize`, `maxStructure`, `radar`, `pscript`, `spellId`, `stackSize`, `structure`, `targetTypeId`, `usability`, `useRadius`, `validLocations`, `value`, `workmanship`, `animationFrameId`, `defaultScript`, `defaultScriptIntensity`, `elasticity`, `friction`, `locationId`, `modelTableId`, `objectScale`, `physicsBitField`, `physicsTableId`, `motionTableId`, `soundTableId`, `physicsState`, `translucency`)
VALUES (19369, 'Oriel Residential Halls Portal', 65536, 0, 0, 0, 262164, 0, 0, 0, 0, 0, 0, 8388656, 0, 100667499, 0, 0, 0, 0, 0, 0, 0, 0, 4, 0, 0, 0, 0, 0, 32, -0.1, 0, 0, 0, 0, 0, 0, 0, 0, 0, 33554867, 0, 98307, 0, 150994947, 0, 3084, 0);

INSERT INTO weenie_class (`weenieClassId`, `baseAceObjectId`)
VALUES (19369, 19369);

INSERT INTO `base_ace_object` (`baseAceObjectId`, `name`, `typeId`, `paletteId`, `ammoType`, `blipColor`, `bitField`, `burden`, `combatUse`, `cooldownDuration`, `cooldownId`, `effects`, `containersCapacity`, `header`, `hookTypeId`, `iconId`, `iconOverlayId`, `iconUnderlayId`, `hookItemTypes`, `itemsCapacity`, `location`, `materialType`, `maxStackSize`, `maxStructure`, `radar`, `pscript`, `spellId`, `stackSize`, `structure`, `targetTypeId`, `usability`, `useRadius`, `validLocations`, `value`, `workmanship`, `animationFrameId`, `defaultScript`, `defaultScriptIntensity`, `elasticity`, `friction`, `locationId`, `modelTableId`, `objectScale`, `physicsBitField`, `physicsTableId`, `motionTableId`, `soundTableId`, `physicsState`, `translucency`)
VALUES (15683, 'Shield of Valor Cottages Portal', 65536, 0, 0, 0, 262164, 0, 0, 0, 0, 0, 0, 8388656, 0, 100667499, 0, 0, 0, 0, 0, 0, 0, 0, 4, 0, 0, 0, 0, 0, 32, -0.1, 0, 0, 0, 0, 0, 0, 0, 0, 0, 33554867, 0, 98307, 0, 150994947, 0, 3084, 0);

INSERT INTO weenie_class (`weenieClassId`, `baseAceObjectId`)
VALUES (15683, 15683);

INSERT INTO `base_ace_object` (`baseAceObjectId`, `name`, `typeId`, `paletteId`, `ammoType`, `blipColor`, `bitField`, `burden`, `combatUse`, `cooldownDuration`, `cooldownId`, `effects`, `containersCapacity`, `header`, `hookTypeId`, `iconId`, `iconOverlayId`, `iconUnderlayId`, `hookItemTypes`, `itemsCapacity`, `location`, `materialType`, `maxStackSize`, `maxStructure`, `radar`, `pscript`, `spellId`, `stackSize`, `structure`, `targetTypeId`, `usability`, `useRadius`, `validLocations`, `value`, `workmanship`, `animationFrameId`, `defaultScript`, `defaultScriptIntensity`, `elasticity`, `friction`, `locationId`, `modelTableId`, `objectScale`, `physicsBitField`, `physicsTableId`, `motionTableId`, `soundTableId`, `physicsState`, `translucency`)
VALUES (15162, 'Inquisitor''s Dale Cottages Portal', 65536, 0, 0, 0, 262164, 0, 0, 0, 0, 0, 0, 8388656, 0, 100667499, 0, 0, 0, 0, 0, 0, 0, 0, 4, 0, 0, 0, 0, 0, 32, -0.1, 0, 0, 0, 0, 0, 0, 0, 0, 0, 33554867, 0, 98307, 0, 150994947, 0, 3084, 0);

INSERT INTO weenie_class (`weenieClassId`, `baseAceObjectId`)
VALUES (15162, 15162);

INSERT INTO `base_ace_object` (`baseAceObjectId`, `name`, `typeId`, `paletteId`, `ammoType`, `blipColor`, `bitField`, `burden`, `combatUse`, `cooldownDuration`, `cooldownId`, `effects`, `containersCapacity`, `header`, `hookTypeId`, `iconId`, `iconOverlayId`, `iconUnderlayId`, `hookItemTypes`, `itemsCapacity`, `location`, `materialType`, `maxStackSize`, `maxStructure`, `radar`, `pscript`, `spellId`, `stackSize`, `structure`, `targetTypeId`, `usability`, `useRadius`, `validLocations`, `value`, `workmanship`, `animationFrameId`, `defaultScript`, `defaultScriptIntensity`, `elasticity`, `friction`, `locationId`, `modelTableId`, `objectScale`, `physicsBitField`, `physicsTableId`, `motionTableId`, `soundTableId`, `physicsState`, `translucency`)
VALUES (15168, 'Lady Maila Estates Portal', 65536, 0, 0, 0, 262164, 0, 0, 0, 0, 0, 0, 8388656, 0, 100667499, 0, 0, 0, 0, 0, 0, 0, 0, 4, 0, 0, 0, 0, 0, 32, -0.1, 0, 0, 0, 0, 0, 0, 0, 0, 0, 33554867, 0, 98307, 0, 150994947, 0, 3084, 0);

INSERT INTO weenie_class (`weenieClassId`, `baseAceObjectId`)
VALUES (15168, 15168);

INSERT INTO `base_ace_object` (`baseAceObjectId`, `name`, `typeId`, `paletteId`, `ammoType`, `blipColor`, `bitField`, `burden`, `combatUse`, `cooldownDuration`, `cooldownId`, `effects`, `containersCapacity`, `header`, `hookTypeId`, `iconId`, `iconOverlayId`, `iconUnderlayId`, `hookItemTypes`, `itemsCapacity`, `location`, `materialType`, `maxStackSize`, `maxStructure`, `radar`, `pscript`, `spellId`, `stackSize`, `structure`, `targetTypeId`, `usability`, `useRadius`, `validLocations`, `value`, `workmanship`, `animationFrameId`, `defaultScript`, `defaultScriptIntensity`, `elasticity`, `friction`, `locationId`, `modelTableId`, `objectScale`, `physicsBitField`, `physicsTableId`, `motionTableId`, `soundTableId`, `physicsState`, `translucency`)
VALUES (14658, 'Point Tremblant Portal', 65536, 0, 0, 0, 262164, 0, 0, 0, 0, 0, 0, 8388656, 0, 100667499, 0, 0, 0, 0, 0, 0, 0, 0, 4, 0, 0, 0, 0, 0, 32, -0.1, 0, 0, 0, 0, 0, 0, 0, 0, 0, 33554867, 0, 98307, 0, 150994947, 0, 3084, 0);

INSERT INTO weenie_class (`weenieClassId`, `baseAceObjectId`)
VALUES (14658, 14658);

INSERT INTO `base_ace_object` (`baseAceObjectId`, `name`, `typeId`, `paletteId`, `ammoType`, `blipColor`, `bitField`, `burden`, `combatUse`, `cooldownDuration`, `cooldownId`, `effects`, `containersCapacity`, `header`, `hookTypeId`, `iconId`, `iconOverlayId`, `iconUnderlayId`, `hookItemTypes`, `itemsCapacity`, `location`, `materialType`, `maxStackSize`, `maxStructure`, `radar`, `pscript`, `spellId`, `stackSize`, `structure`, `targetTypeId`, `usability`, `useRadius`, `validLocations`, `value`, `workmanship`, `animationFrameId`, `defaultScript`, `defaultScriptIntensity`, `elasticity`, `friction`, `locationId`, `modelTableId`, `objectScale`, `physicsBitField`, `physicsTableId`, `motionTableId`, `soundTableId`, `physicsState`, `translucency`)
VALUES (15684, 'Songview Portal', 65536, 0, 0, 0, 262164, 0, 0, 0, 0, 0, 0, 8388656, 0, 100667499, 0, 0, 0, 0, 0, 0, 0, 0, 4, 0, 0, 0, 0, 0, 32, -0.1, 0, 0, 0, 0, 0, 0, 0, 0, 0, 33554867, 0, 98307, 0, 150994947, 0, 3084, 0);

INSERT INTO weenie_class (`weenieClassId`, `baseAceObjectId`)
VALUES (15684, 15684);

INSERT INTO `base_ace_object` (`baseAceObjectId`, `name`, `typeId`, `paletteId`, `ammoType`, `blipColor`, `bitField`, `burden`, `combatUse`, `cooldownDuration`, `cooldownId`, `effects`, `containersCapacity`, `header`, `hookTypeId`, `iconId`, `iconOverlayId`, `iconUnderlayId`, `hookItemTypes`, `itemsCapacity`, `location`, `materialType`, `maxStackSize`, `maxStructure`, `radar`, `pscript`, `spellId`, `stackSize`, `structure`, `targetTypeId`, `usability`, `useRadius`, `validLocations`, `value`, `workmanship`, `animationFrameId`, `defaultScript`, `defaultScriptIntensity`, `elasticity`, `friction`, `locationId`, `modelTableId`, `objectScale`, `physicsBitField`, `physicsTableId`, `motionTableId`, `soundTableId`, `physicsState`, `translucency`)
VALUES (15189, 'Shore Vista Cottages Portal', 65536, 0, 0, 0, 262164, 0, 0, 0, 0, 0, 0, 8388656, 0, 100667499, 0, 0, 0, 0, 0, 0, 0, 0, 4, 0, 0, 0, 0, 0, 32, -0.1, 0, 0, 0, 0, 0, 0, 0, 0, 0, 33554867, 0, 98307, 0, 150994947, 0, 3084, 0);

INSERT INTO weenie_class (`weenieClassId`, `baseAceObjectId`)
VALUES (15189, 15189);

INSERT INTO `base_ace_object` (`baseAceObjectId`, `name`, `typeId`, `paletteId`, `ammoType`, `blipColor`, `bitField`, `burden`, `combatUse`, `cooldownDuration`, `cooldownId`, `effects`, `containersCapacity`, `header`, `hookTypeId`, `iconId`, `iconOverlayId`, `iconUnderlayId`, `hookItemTypes`, `itemsCapacity`, `location`, `materialType`, `maxStackSize`, `maxStructure`, `radar`, `pscript`, `spellId`, `stackSize`, `structure`, `targetTypeId`, `usability`, `useRadius`, `validLocations`, `value`, `workmanship`, `animationFrameId`, `defaultScript`, `defaultScriptIntensity`, `elasticity`, `friction`, `locationId`, `modelTableId`, `objectScale`, `physicsBitField`, `physicsTableId`, `motionTableId`, `soundTableId`, `physicsState`, `translucency`)
VALUES (13105, 'Font Alpa Portal', 65536, 0, 0, 0, 262164, 0, 0, 0, 0, 0, 0, 8388656, 0, 100667499, 0, 0, 0, 0, 0, 0, 0, 0, 4, 0, 0, 0, 0, 0, 32, -0.1, 0, 0, 0, 0, 0, 0, 0, 0, 0, 33554867, 0, 98307, 0, 150994947, 0, 3084, 0);

INSERT INTO weenie_class (`weenieClassId`, `baseAceObjectId`)
VALUES (13105, 13105);

INSERT INTO `base_ace_object` (`baseAceObjectId`, `name`, `typeId`, `paletteId`, `ammoType`, `blipColor`, `bitField`, `burden`, `combatUse`, `cooldownDuration`, `cooldownId`, `effects`, `containersCapacity`, `header`, `hookTypeId`, `iconId`, `iconOverlayId`, `iconUnderlayId`, `hookItemTypes`, `itemsCapacity`, `location`, `materialType`, `maxStackSize`, `maxStructure`, `radar`, `pscript`, `spellId`, `stackSize`, `structure`, `targetTypeId`, `usability`, `useRadius`, `validLocations`, `value`, `workmanship`, `animationFrameId`, `defaultScript`, `defaultScriptIntensity`, `elasticity`, `friction`, `locationId`, `modelTableId`, `objectScale`, `physicsBitField`, `physicsTableId`, `motionTableId`, `soundTableId`, `physicsState`, `translucency`)
VALUES (12515, 'Lugian Meadows Settlement Portal', 65536, 0, 0, 0, 262164, 0, 0, 0, 0, 0, 0, 8388656, 0, 100667499, 0, 0, 0, 0, 0, 0, 0, 0, 4, 0, 0, 0, 0, 0, 32, -0.1, 0, 0, 0, 0, 0, 0, 0, 0, 0, 33554867, 0, 98307, 0, 150994947, 0, 3084, 0);

INSERT INTO weenie_class (`weenieClassId`, `baseAceObjectId`)
VALUES (12515, 12515);

INSERT INTO `base_ace_object` (`baseAceObjectId`, `name`, `typeId`, `paletteId`, `ammoType`, `blipColor`, `bitField`, `burden`, `combatUse`, `cooldownDuration`, `cooldownId`, `effects`, `containersCapacity`, `header`, `hookTypeId`, `iconId`, `iconOverlayId`, `iconUnderlayId`, `hookItemTypes`, `itemsCapacity`, `location`, `materialType`, `maxStackSize`, `maxStructure`, `radar`, `pscript`, `spellId`, `stackSize`, `structure`, `targetTypeId`, `usability`, `useRadius`, `validLocations`, `value`, `workmanship`, `animationFrameId`, `defaultScript`, `defaultScriptIntensity`, `elasticity`, `friction`, `locationId`, `modelTableId`, `objectScale`, `physicsBitField`, `physicsTableId`, `motionTableId`, `soundTableId`, `physicsState`, `translucency`)
VALUES (12562, 'Vesayan Overlook Portal', 65536, 0, 0, 0, 262164, 0, 0, 0, 0, 0, 0, 8388656, 0, 100667499, 0, 0, 0, 0, 0, 0, 0, 0, 4, 0, 0, 0, 0, 0, 32, -0.1, 0, 0, 0, 0, 0, 0, 0, 0, 0, 33554867, 0, 98307, 0, 150994947, 0, 3084, 0);

INSERT INTO weenie_class (`weenieClassId`, `baseAceObjectId`)
VALUES (12562, 12562);

INSERT INTO `base_ace_object` (`baseAceObjectId`, `name`, `typeId`, `paletteId`, `ammoType`, `blipColor`, `bitField`, `burden`, `combatUse`, `cooldownDuration`, `cooldownId`, `effects`, `containersCapacity`, `header`, `hookTypeId`, `iconId`, `iconOverlayId`, `iconUnderlayId`, `hookItemTypes`, `itemsCapacity`, `location`, `materialType`, `maxStackSize`, `maxStructure`, `radar`, `pscript`, `spellId`, `stackSize`, `structure`, `targetTypeId`, `usability`, `useRadius`, `validLocations`, `value`, `workmanship`, `animationFrameId`, `defaultScript`, `defaultScriptIntensity`, `elasticity`, `friction`, `locationId`, `modelTableId`, `objectScale`, `physicsBitField`, `physicsTableId`, `motionTableId`, `soundTableId`, `physicsState`, `translucency`)
VALUES (12519, 'Meditation Meadow Portal', 65536, 0, 0, 0, 262164, 0, 0, 0, 0, 0, 0, 8388656, 0, 100667499, 0, 0, 0, 0, 0, 0, 0, 0, 4, 0, 0, 0, 0, 0, 32, -0.1, 0, 0, 0, 0, 0, 0, 0, 0, 0, 33554867, 0, 98307, 0, 150994947, 0, 3084, 0);

INSERT INTO weenie_class (`weenieClassId`, `baseAceObjectId`)
VALUES (12519, 12519);

INSERT INTO `base_ace_object` (`baseAceObjectId`, `name`, `typeId`, `paletteId`, `ammoType`, `blipColor`, `bitField`, `burden`, `combatUse`, `cooldownDuration`, `cooldownId`, `effects`, `containersCapacity`, `header`, `hookTypeId`, `iconId`, `iconOverlayId`, `iconUnderlayId`, `hookItemTypes`, `itemsCapacity`, `location`, `materialType`, `maxStackSize`, `maxStructure`, `radar`, `pscript`, `spellId`, `stackSize`, `structure`, `targetTypeId`, `usability`, `useRadius`, `validLocations`, `value`, `workmanship`, `animationFrameId`, `defaultScript`, `defaultScriptIntensity`, `elasticity`, `friction`, `locationId`, `modelTableId`, `objectScale`, `physicsBitField`, `physicsTableId`, `motionTableId`, `soundTableId`, `physicsState`, `translucency`)
VALUES (14292, 'Xinh Portal', 65536, 0, 0, 0, 262164, 0, 0, 0, 0, 0, 0, 8388656, 0, 100667499, 0, 0, 0, 0, 0, 0, 0, 0, 4, 0, 0, 0, 0, 0, 32, -0.1, 0, 0, 0, 0, 0, 0, 0, 0, 0, 33554867, 0, 98307, 0, 150994947, 0, 3084, 0);

INSERT INTO weenie_class (`weenieClassId`, `baseAceObjectId`)
VALUES (14292, 14292);

INSERT INTO `base_ace_object` (`baseAceObjectId`, `name`, `typeId`, `paletteId`, `ammoType`, `blipColor`, `bitField`, `burden`, `combatUse`, `cooldownDuration`, `cooldownId`, `effects`, `containersCapacity`, `header`, `hookTypeId`, `iconId`, `iconOverlayId`, `iconUnderlayId`, `hookItemTypes`, `itemsCapacity`, `location`, `materialType`, `maxStackSize`, `maxStructure`, `radar`, `pscript`, `spellId`, `stackSize`, `structure`, `targetTypeId`, `usability`, `useRadius`, `validLocations`, `value`, `workmanship`, `animationFrameId`, `defaultScript`, `defaultScriptIntensity`, `elasticity`, `friction`, `locationId`, `modelTableId`, `objectScale`, `physicsBitField`, `physicsTableId`, `motionTableId`, `soundTableId`, `physicsState`, `translucency`)
VALUES (13139, 'West Mayoi Mountain Villas Portal', 65536, 0, 0, 0, 262164, 0, 0, 0, 0, 0, 0, 8388656, 0, 100667499, 0, 0, 0, 0, 0, 0, 0, 0, 4, 0, 0, 0, 0, 0, 32, -0.1, 0, 0, 0, 0, 0, 0, 0, 0, 0, 33554867, 0, 98307, 0, 150994947, 0, 3084, 0);

INSERT INTO weenie_class (`weenieClassId`, `baseAceObjectId`)
VALUES (13139, 13139);

INSERT INTO `base_ace_object` (`baseAceObjectId`, `name`, `typeId`, `paletteId`, `ammoType`, `blipColor`, `bitField`, `burden`, `combatUse`, `cooldownDuration`, `cooldownId`, `effects`, `containersCapacity`, `header`, `hookTypeId`, `iconId`, `iconOverlayId`, `iconUnderlayId`, `hookItemTypes`, `itemsCapacity`, `location`, `materialType`, `maxStackSize`, `maxStructure`, `radar`, `pscript`, `spellId`, `stackSize`, `structure`, `targetTypeId`, `usability`, `useRadius`, `validLocations`, `value`, `workmanship`, `animationFrameId`, `defaultScript`, `defaultScriptIntensity`, `elasticity`, `friction`, `locationId`, `modelTableId`, `objectScale`, `physicsBitField`, `physicsTableId`, `motionTableId`, `soundTableId`, `physicsState`, `translucency`)
VALUES (6884, 'Mysterious Tunnels Portal', 65536, 0, 0, 0, 262164, 0, 0, 0, 0, 0, 0, 8388656, 0, 100667499, 0, 0, 0, 0, 0, 0, 0, 0, 4, 0, 0, 0, 0, 0, 32, -0.1, 0, 0, 0, 0, 0, 0, 0, 0, 0, 33555922, 0, 98307, 0, 150994947, 0, 3084, 0);

INSERT INTO weenie_class (`weenieClassId`, `baseAceObjectId`)
VALUES (6884, 6884);

INSERT INTO `base_ace_object` (`baseAceObjectId`, `name`, `typeId`, `paletteId`, `ammoType`, `blipColor`, `bitField`, `burden`, `combatUse`, `cooldownDuration`, `cooldownId`, `effects`, `containersCapacity`, `header`, `hookTypeId`, `iconId`, `iconOverlayId`, `iconUnderlayId`, `hookItemTypes`, `itemsCapacity`, `location`, `materialType`, `maxStackSize`, `maxStructure`, `radar`, `pscript`, `spellId`, `stackSize`, `structure`, `targetTypeId`, `usability`, `useRadius`, `validLocations`, `value`, `workmanship`, `animationFrameId`, `defaultScript`, `defaultScriptIntensity`, `elasticity`, `friction`, `locationId`, `modelTableId`, `objectScale`, `physicsBitField`, `physicsTableId`, `motionTableId`, `soundTableId`, `physicsState`, `translucency`)
VALUES (37387, 'Celestial Hand Stronghold', 65536, 0, 0, 0, 262164, 0, 0, 0, 0, 0, 0, 8388656, 0, 100667499, 0, 0, 0, 0, 0, 0, 0, 0, 4, 0, 0, 0, 0, 0, 32, -0.1, 0, 0, 0, 0, 0, 0, 0, 0, 0, 33555925, 0, 98307, 0, 150994947, 0, 3084, 0);

INSERT INTO weenie_class (`weenieClassId`, `baseAceObjectId`)
VALUES (37387, 37387);

INSERT INTO `base_ace_object` (`baseAceObjectId`, `name`, `typeId`, `paletteId`, `ammoType`, `blipColor`, `bitField`, `burden`, `combatUse`, `cooldownDuration`, `cooldownId`, `effects`, `containersCapacity`, `header`, `hookTypeId`, `iconId`, `iconOverlayId`, `iconUnderlayId`, `hookItemTypes`, `itemsCapacity`, `location`, `materialType`, `maxStackSize`, `maxStructure`, `radar`, `pscript`, `spellId`, `stackSize`, `structure`, `targetTypeId`, `usability`, `useRadius`, `validLocations`, `value`, `workmanship`, `animationFrameId`, `defaultScript`, `defaultScriptIntensity`, `elasticity`, `friction`, `locationId`, `modelTableId`, `objectScale`, `physicsBitField`, `physicsTableId`, `motionTableId`, `soundTableId`, `physicsState`, `translucency`)
VALUES (53446, 'Celestial Hand Gauntlet', 65536, 0, 0, 0, 262164, 0, 0, 0, 0, 0, 0, 8388656, 0, 100667499, 0, 0, 0, 0, 0, 0, 0, 0, 4, 0, 0, 0, 0, 0, 32, -0.1, 0, 0, 0, 0, 0, 0, 0, 0, 0, 33555922, 0, 98307, 0, 150994947, 0, 3084, 0);

INSERT INTO weenie_class (`weenieClassId`, `baseAceObjectId`)
VALUES (53446, 53446);

INSERT INTO `base_ace_object` (`baseAceObjectId`, `name`, `typeId`, `paletteId`, `ammoType`, `blipColor`, `bitField`, `burden`, `combatUse`, `cooldownDuration`, `cooldownId`, `effects`, `containersCapacity`, `header`, `hookTypeId`, `iconId`, `iconOverlayId`, `iconUnderlayId`, `hookItemTypes`, `itemsCapacity`, `location`, `materialType`, `maxStackSize`, `maxStructure`, `radar`, `pscript`, `spellId`, `stackSize`, `structure`, `targetTypeId`, `usability`, `useRadius`, `validLocations`, `value`, `workmanship`, `animationFrameId`, `defaultScript`, `defaultScriptIntensity`, `elasticity`, `friction`, `locationId`, `modelTableId`, `objectScale`, `physicsBitField`, `physicsTableId`, `motionTableId`, `soundTableId`, `physicsState`, `translucency`)
VALUES (8532, 'Catacombs of Ithaenc Portal', 65536, 0, 0, 0, 262164, 0, 0, 0, 0, 0, 0, 8388656, 0, 100667499, 0, 0, 0, 0, 0, 0, 0, 0, 4, 0, 0, 0, 0, 0, 32, -0.1, 0, 0, 0, 0, 0, 0, 0, 0, 0, 33554867, 0, 98307, 0, 150994947, 0, 3084, 0);

INSERT INTO weenie_class (`weenieClassId`, `baseAceObjectId`)
VALUES (8532, 8532);

INSERT INTO `base_ace_object` (`baseAceObjectId`, `name`, `typeId`, `paletteId`, `ammoType`, `blipColor`, `bitField`, `burden`, `combatUse`, `cooldownDuration`, `cooldownId`, `effects`, `containersCapacity`, `header`, `hookTypeId`, `iconId`, `iconOverlayId`, `iconUnderlayId`, `hookItemTypes`, `itemsCapacity`, `location`, `materialType`, `maxStackSize`, `maxStructure`, `radar`, `pscript`, `spellId`, `stackSize`, `structure`, `targetTypeId`, `usability`, `useRadius`, `validLocations`, `value`, `workmanship`, `animationFrameId`, `defaultScript`, `defaultScriptIntensity`, `elasticity`, `friction`, `locationId`, `modelTableId`, `objectScale`, `physicsBitField`, `physicsTableId`, `motionTableId`, `soundTableId`, `physicsState`, `translucency`)
VALUES (33786, 'Shadow-Infested Black Spear Temple', 65536, 0, 0, 0, 262164, 0, 0, 0, 0, 0, 0, 8388656, 0, 100667499, 0, 0, 0, 0, 0, 0, 0, 0, 4, 0, 0, 0, 0, 0, 32, -0.1, 0, 0, 0, 0, 0, 0, 0, 0, 0, 33555925, 0, 98307, 0, 150994947, 0, 3084, 0);

INSERT INTO weenie_class (`weenieClassId`, `baseAceObjectId`)
VALUES (33786, 33786);

INSERT INTO `base_ace_object` (`baseAceObjectId`, `name`, `typeId`, `paletteId`, `ammoType`, `blipColor`, `bitField`, `burden`, `combatUse`, `cooldownDuration`, `cooldownId`, `effects`, `containersCapacity`, `header`, `hookTypeId`, `iconId`, `iconOverlayId`, `iconUnderlayId`, `hookItemTypes`, `itemsCapacity`, `location`, `materialType`, `maxStackSize`, `maxStructure`, `radar`, `pscript`, `spellId`, `stackSize`, `structure`, `targetTypeId`, `usability`, `useRadius`, `validLocations`, `value`, `workmanship`, `animationFrameId`, `defaultScript`, `defaultScriptIntensity`, `elasticity`, `friction`, `locationId`, `modelTableId`, `objectScale`, `physicsBitField`, `physicsTableId`, `motionTableId`, `soundTableId`, `physicsState`, `translucency`)
VALUES (8444, 'Treacherous Tunnels Portal', 65536, 0, 0, 0, 262164, 0, 0, 0, 0, 0, 0, 8388656, 0, 100667499, 0, 0, 0, 0, 0, 0, 0, 0, 4, 0, 0, 0, 0, 0, 32, -0.1, 0, 0, 0, 0, 0, 0, 0, 0, 0, 33556733, 0, 98307, 0, 150994947, 0, 3084, 0);

INSERT INTO weenie_class (`weenieClassId`, `baseAceObjectId`)
VALUES (8444, 8444);

INSERT INTO `base_ace_object` (`baseAceObjectId`, `name`, `typeId`, `paletteId`, `ammoType`, `blipColor`, `bitField`, `burden`, `combatUse`, `cooldownDuration`, `cooldownId`, `effects`, `containersCapacity`, `header`, `hookTypeId`, `iconId`, `iconOverlayId`, `iconUnderlayId`, `hookItemTypes`, `itemsCapacity`, `location`, `materialType`, `maxStackSize`, `maxStructure`, `radar`, `pscript`, `spellId`, `stackSize`, `structure`, `targetTypeId`, `usability`, `useRadius`, `validLocations`, `value`, `workmanship`, `animationFrameId`, `defaultScript`, `defaultScriptIntensity`, `elasticity`, `friction`, `locationId`, `modelTableId`, `objectScale`, `physicsBitField`, `physicsTableId`, `motionTableId`, `soundTableId`, `physicsState`, `translucency`)
VALUES (8598, 'Moars', 65536, 0, 0, 0, 262164, 0, 0, 0, 0, 0, 0, 8388656, 0, 100667499, 0, 0, 0, 0, 0, 0, 0, 0, 4, 0, 0, 0, 0, 0, 32, -0.1, 0, 0, 0, 0, 0, 0, 0, 0, 0, 33554867, 0, 98307, 0, 150994947, 0, 3084, 0);

INSERT INTO weenie_class (`weenieClassId`, `baseAceObjectId`)
VALUES (8598, 8598);

INSERT INTO `base_ace_object` (`baseAceObjectId`, `name`, `typeId`, `paletteId`, `ammoType`, `blipColor`, `bitField`, `burden`, `combatUse`, `cooldownDuration`, `cooldownId`, `effects`, `containersCapacity`, `header`, `hookTypeId`, `iconId`, `iconOverlayId`, `iconUnderlayId`, `hookItemTypes`, `itemsCapacity`, `location`, `materialType`, `maxStackSize`, `maxStructure`, `radar`, `pscript`, `spellId`, `stackSize`, `structure`, `targetTypeId`, `usability`, `useRadius`, `validLocations`, `value`, `workmanship`, `animationFrameId`, `defaultScript`, `defaultScriptIntensity`, `elasticity`, `friction`, `locationId`, `modelTableId`, `objectScale`, `physicsBitField`, `physicsTableId`, `motionTableId`, `soundTableId`, `physicsState`, `translucency`)
VALUES (8445, 'Forsaken Portal', 65536, 0, 0, 0, 262164, 0, 0, 0, 0, 0, 0, 8388656, 0, 100667499, 0, 0, 0, 0, 0, 0, 0, 0, 4, 0, 0, 0, 0, 0, 32, -0.1, 0, 0, 0, 0, 0, 0, 0, 0, 0, 33556733, 0, 98307, 0, 150994947, 0, 3084, 0);

INSERT INTO weenie_class (`weenieClassId`, `baseAceObjectId`)
VALUES (8445, 8445);

INSERT INTO `base_ace_object` (`baseAceObjectId`, `name`, `typeId`, `paletteId`, `ammoType`, `blipColor`, `bitField`, `burden`, `combatUse`, `cooldownDuration`, `cooldownId`, `effects`, `containersCapacity`, `header`, `hookTypeId`, `iconId`, `iconOverlayId`, `iconUnderlayId`, `hookItemTypes`, `itemsCapacity`, `location`, `materialType`, `maxStackSize`, `maxStructure`, `radar`, `pscript`, `spellId`, `stackSize`, `structure`, `targetTypeId`, `usability`, `useRadius`, `validLocations`, `value`, `workmanship`, `animationFrameId`, `defaultScript`, `defaultScriptIntensity`, `elasticity`, `friction`, `locationId`, `modelTableId`, `objectScale`, `physicsBitField`, `physicsTableId`, `motionTableId`, `soundTableId`, `physicsState`, `translucency`)
VALUES (34510, 'Stone Fists', 65536, 0, 0, 8, 262164, 0, 0, 0, 0, 0, 0, 9437200, 0, 100667940, 0, 0, 0, 0, 0, 0, 0, 0, 4, 0, 0, 0, 0, 0, 32, 0, 0, 0, 0, 0, 0, 0, 0, 0, 0, 33556426, 1.4, 100483, 0, 150995163, 536871052, 1040, 0);

INSERT INTO weenie_class (`weenieClassId`, `baseAceObjectId`)
VALUES (34510, 34510);

INSERT INTO `weenie_texture_map_changes` (`weenieClassId`, `index`, `oldId`, `newId`)
VALUES (34510, 0, 83892410, 83897667)
     , (34510, 0, 83892411, 83897667)
     , (34510, 1, 83892412, 83897667)
     , (34510, 2, 83892412, 83897667)
     , (34510, 4, 83892412, 83897667)
     , (34510, 5, 83892412, 83897667)
     , (34510, 7, 83892412, 83897667)
     , (34510, 8, 83892412, 83897667)
     , (34510, 9, 83892412, 83897667)
     , (34510, 11, 83892412, 83897667)
     , (34510, 12, 83892412, 83897667);

INSERT INTO `weenie_animation_changes` (`weenieClassId`, `index`, `animationId`)
VALUES (34510, 0, 16784123)
     , (34510, 1, 16784101)
     , (34510, 2, 16784094)
     , (34510, 4, 16784104)
     , (34510, 5, 16784097)
     , (34510, 7, 16784091)
     , (34510, 8, 16784117)
     , (34510, 9, 16784111)
     , (34510, 11, 16784119)
     , (34510, 12, 16784114);

INSERT INTO `base_ace_object` (`baseAceObjectId`, `name`, `typeId`, `paletteId`, `ammoType`, `blipColor`, `bitField`, `burden`, `combatUse`, `cooldownDuration`, `cooldownId`, `effects`, `containersCapacity`, `header`, `hookTypeId`, `iconId`, `iconOverlayId`, `iconUnderlayId`, `hookItemTypes`, `itemsCapacity`, `location`, `materialType`, `maxStackSize`, `maxStructure`, `radar`, `pscript`, `spellId`, `stackSize`, `structure`, `targetTypeId`, `usability`, `useRadius`, `validLocations`, `value`, `workmanship`, `animationFrameId`, `defaultScript`, `defaultScriptIntensity`, `elasticity`, `friction`, `locationId`, `modelTableId`, `objectScale`, `physicsBitField`, `physicsTableId`, `motionTableId`, `soundTableId`, `physicsState`, `translucency`)
VALUES (34535, 'Locked Door', 65536, 0, 0, 8, 262164, 0, 0, 0, 0, 0, 0, 9437232, 0, 100677070, 0, 0, 0, 0, 0, 0, 0, 0, 4, 0, 0, 0, 0, 0, 32, 0.3, 0, 0, 0, 0, 0, 0, 0, 0, 0, 33560143, 0, 32769, 0, 0, 0, 66576, 0);

INSERT INTO weenie_class (`weenieClassId`, `baseAceObjectId`)
VALUES (34535, 34535);

INSERT INTO `base_ace_object` (`baseAceObjectId`, `name`, `typeId`, `paletteId`, `ammoType`, `blipColor`, `bitField`, `burden`, `combatUse`, `cooldownDuration`, `cooldownId`, `effects`, `containersCapacity`, `header`, `hookTypeId`, `iconId`, `iconOverlayId`, `iconUnderlayId`, `hookItemTypes`, `itemsCapacity`, `location`, `materialType`, `maxStackSize`, `maxStructure`, `radar`, `pscript`, `spellId`, `stackSize`, `structure`, `targetTypeId`, `usability`, `useRadius`, `validLocations`, `value`, `workmanship`, `animationFrameId`, `defaultScript`, `defaultScriptIntensity`, `elasticity`, `friction`, `locationId`, `modelTableId`, `objectScale`, `physicsBitField`, `physicsTableId`, `motionTableId`, `soundTableId`, `physicsState`, `translucency`)
VALUES (34511, 'Azaxis', 65536, 0, 0, 8, 262164, 0, 0, 0, 0, 0, 0, 9437200, 0, 100667943, 0, 0, 0, 0, 0, 0, 0, 0, 4, 0, 0, 0, 0, 0, 32, 0, 0, 0, 0, 0, 0, 0, 0, 0, 0, 33554497, 2, 100483, 0, 150995173, 536871052, 1040, 0);

INSERT INTO weenie_class (`weenieClassId`, `baseAceObjectId`)
VALUES (34511, 34511);

INSERT INTO `weenie_texture_map_changes` (`weenieClassId`, `index`, `oldId`, `newId`)
VALUES (34511, 0, 83890034, 83897668)
     , (34511, 0, 83890029, 83897668)
     , (34511, 1, 83890030, 83897668)
     , (34511, 2, 83897243, 83897668)
     , (34511, 3, 83890031, 83897668)
     , (34511, 4, 83890033, 83897668)
     , (34511, 5, 83890032, 83897668)
     , (34511, 6, 83890033, 83897668)
     , (34511, 7, 83890032, 83897668)
     , (34511, 8, 83886214, 83897668)
     , (34511, 9, 83890028, 83897668)
     , (34511, 10, 83889238, 83897668)
     , (34511, 10, 83886747, 83897668)
     , (34511, 11, 83889238, 83897668)
     , (34511, 11, 83886747, 83897668);

INSERT INTO `weenie_animation_changes` (`weenieClassId`, `index`, `animationId`)
VALUES (34511, 0, 16780700)
     , (34511, 1, 16780698)
     , (34511, 2, 16780699)
     , (34511, 3, 16780703)
     , (34511, 4, 16780696)
     , (34511, 5, 16780694)
     , (34511, 6, 16780697)
     , (34511, 7, 16780695)
     , (34511, 8, 16780701)
     , (34511, 9, 16780702)
     , (34511, 10, 16785974)
     , (34511, 11, 16785974);

INSERT INTO `base_ace_object` (`baseAceObjectId`, `name`, `typeId`, `paletteId`, `ammoType`, `blipColor`, `bitField`, `burden`, `combatUse`, `cooldownDuration`, `cooldownId`, `effects`, `containersCapacity`, `header`, `hookTypeId`, `iconId`, `iconOverlayId`, `iconUnderlayId`, `hookItemTypes`, `itemsCapacity`, `location`, `materialType`, `maxStackSize`, `maxStructure`, `radar`, `pscript`, `spellId`, `stackSize`, `structure`, `targetTypeId`, `usability`, `useRadius`, `validLocations`, `value`, `workmanship`, `animationFrameId`, `defaultScript`, `defaultScriptIntensity`, `elasticity`, `friction`, `locationId`, `modelTableId`, `objectScale`, `physicsBitField`, `physicsTableId`, `motionTableId`, `soundTableId`, `physicsState`, `translucency`)
VALUES (34512, 'Killagurg', 65536, 0, 0, 8, 262164, 0, 0, 0, 0, 0, 0, 9437200, 0, 100667449, 0, 0, 0, 0, 0, 0, 0, 0, 4, 0, 0, 0, 0, 0, 32, 0, 0, 0, 0, 0, 0, 0, 0, 0, 0, 33557327, 2, 100483, 0, 150995166, 536871052, 1040, 0);

INSERT INTO weenie_class (`weenieClassId`, `baseAceObjectId`)
VALUES (34512, 34512);

INSERT INTO `weenie_texture_map_changes` (`weenieClassId`, `index`, `oldId`, `newId`)
VALUES (34512, 0, 83893769, 83897668)
     , (34512, 1, 83893768, 83897668)
     , (34512, 2, 83893766, 83897668)
     , (34512, 3, 83893766, 83897668)
     , (34512, 4, 83893766, 83897668)
     , (34512, 5, 83893766, 83897668)
     , (34512, 6, 83893766, 83897668)
     , (34512, 7, 83893766, 83897668)
     , (34512, 8, 83893767, 83897668)
     , (34512, 9, 83893768, 83897668)
     , (34512, 10, 83893766, 83897668)
     , (34512, 11, 83893767, 83897668)
     , (34512, 12, 83893768, 83897668)
     , (34512, 13, 83893766, 83897668)
     , (34512, 14, 83893766, 83897668)
     , (34512, 15, 83893766, 83897668)
     , (34512, 16, 83893766, 83897668);

INSERT INTO `weenie_animation_changes` (`weenieClassId`, `index`, `animationId`)
VALUES (34512, 0, 16787248)
     , (34512, 1, 16787249)
     , (34512, 2, 16787261)
     , (34512, 3, 16787254)
     , (34512, 4, 16787250)
     , (34512, 5, 16787259)
     , (34512, 6, 16787255)
     , (34512, 7, 16787253)
     , (34512, 8, 16787260)
     , (34512, 9, 16787262)
     , (34512, 10, 16787252)
     , (34512, 11, 16787258)
     , (34512, 12, 16787263)
     , (34512, 13, 16787251)
     , (34512, 14, 16787247)
     , (34512, 15, 16787257)
     , (34512, 16, 16787256);

INSERT INTO `base_ace_object` (`baseAceObjectId`, `name`, `typeId`, `paletteId`, `ammoType`, `blipColor`, `bitField`, `burden`, `combatUse`, `cooldownDuration`, `cooldownId`, `effects`, `containersCapacity`, `header`, `hookTypeId`, `iconId`, `iconOverlayId`, `iconUnderlayId`, `hookItemTypes`, `itemsCapacity`, `location`, `materialType`, `maxStackSize`, `maxStructure`, `radar`, `pscript`, `spellId`, `stackSize`, `structure`, `targetTypeId`, `usability`, `useRadius`, `validLocations`, `value`, `workmanship`, `animationFrameId`, `defaultScript`, `defaultScriptIntensity`, `elasticity`, `friction`, `locationId`, `modelTableId`, `objectScale`, `physicsBitField`, `physicsTableId`, `motionTableId`, `soundTableId`, `physicsState`, `translucency`)
VALUES (34522, 'Arena 7', 65536, 0, 0, 0, 262164, 0, 0, 0, 0, 0, 0, 8388656, 0, 100677070, 0, 0, 0, 0, 0, 0, 0, 0, 4, 0, 0, 0, 0, 0, 32, 0.3, 0, 0, 0, 0, 0, 0, 0, 0, 0, 33560143, 0, 32769, 0, 0, 0, 66576, 0);

INSERT INTO weenie_class (`weenieClassId`, `baseAceObjectId`)
VALUES (34522, 34522);

INSERT INTO `base_ace_object` (`baseAceObjectId`, `name`, `typeId`, `paletteId`, `ammoType`, `blipColor`, `bitField`, `burden`, `combatUse`, `cooldownDuration`, `cooldownId`, `effects`, `containersCapacity`, `header`, `hookTypeId`, `iconId`, `iconOverlayId`, `iconUnderlayId`, `hookItemTypes`, `itemsCapacity`, `location`, `materialType`, `maxStackSize`, `maxStructure`, `radar`, `pscript`, `spellId`, `stackSize`, `structure`, `targetTypeId`, `usability`, `useRadius`, `validLocations`, `value`, `workmanship`, `animationFrameId`, `defaultScript`, `defaultScriptIntensity`, `elasticity`, `friction`, `locationId`, `modelTableId`, `objectScale`, `physicsBitField`, `physicsTableId`, `motionTableId`, `soundTableId`, `physicsState`, `translucency`)
VALUES (34523, 'Arena 8', 65536, 0, 0, 0, 262164, 0, 0, 0, 0, 0, 0, 8388656, 0, 100677070, 0, 0, 0, 0, 0, 0, 0, 0, 4, 0, 0, 0, 0, 0, 32, 0.3, 0, 0, 0, 0, 0, 0, 0, 0, 0, 33560143, 0, 32769, 0, 0, 0, 66576, 0);

INSERT INTO weenie_class (`weenieClassId`, `baseAceObjectId`)
VALUES (34523, 34523);

INSERT INTO `base_ace_object` (`baseAceObjectId`, `name`, `typeId`, `paletteId`, `ammoType`, `blipColor`, `bitField`, `burden`, `combatUse`, `cooldownDuration`, `cooldownId`, `effects`, `containersCapacity`, `header`, `hookTypeId`, `iconId`, `iconOverlayId`, `iconUnderlayId`, `hookItemTypes`, `itemsCapacity`, `location`, `materialType`, `maxStackSize`, `maxStructure`, `radar`, `pscript`, `spellId`, `stackSize`, `structure`, `targetTypeId`, `usability`, `useRadius`, `validLocations`, `value`, `workmanship`, `animationFrameId`, `defaultScript`, `defaultScriptIntensity`, `elasticity`, `friction`, `locationId`, `modelTableId`, `objectScale`, `physicsBitField`, `physicsTableId`, `motionTableId`, `soundTableId`, `physicsState`, `translucency`)
VALUES (35003, 'The Colosseum', 65536, 0, 0, 0, 262164, 0, 0, 0, 0, 0, 0, 8388656, 0, 100677070, 0, 0, 0, 0, 0, 0, 0, 0, 4, 0, 0, 0, 0, 0, 32, 0.3, 0, 0, 0, 0, 0, 0, 0, 0, 0, 33560143, 0, 32769, 0, 0, 0, 66576, 0);

INSERT INTO weenie_class (`weenieClassId`, `baseAceObjectId`)
VALUES (35003, 35003);

INSERT INTO `base_ace_object` (`baseAceObjectId`, `name`, `typeId`, `paletteId`, `ammoType`, `blipColor`, `bitField`, `burden`, `combatUse`, `cooldownDuration`, `cooldownId`, `effects`, `containersCapacity`, `header`, `hookTypeId`, `iconId`, `iconOverlayId`, `iconUnderlayId`, `hookItemTypes`, `itemsCapacity`, `location`, `materialType`, `maxStackSize`, `maxStructure`, `radar`, `pscript`, `spellId`, `stackSize`, `structure`, `targetTypeId`, `usability`, `useRadius`, `validLocations`, `value`, `workmanship`, `animationFrameId`, `defaultScript`, `defaultScriptIntensity`, `elasticity`, `friction`, `locationId`, `modelTableId`, `objectScale`, `physicsBitField`, `physicsTableId`, `motionTableId`, `soundTableId`, `physicsState`, `translucency`)
VALUES (6088, 'Al-Arqas Meeting Hall Portal', 65536, 0, 0, 0, 262164, 0, 0, 0, 0, 0, 0, 8388656, 0, 100667499, 0, 0, 0, 0, 0, 0, 0, 0, 4, 0, 0, 0, 0, 0, 32, -0.1, 0, 0, 0, 0, 0, 0, 0, 0, 0, 33554867, 0, 98307, 0, 150994947, 0, 3084, 0);

INSERT INTO weenie_class (`weenieClassId`, `baseAceObjectId`)
VALUES (6088, 6088);

INSERT INTO `base_ace_object` (`baseAceObjectId`, `name`, `typeId`, `paletteId`, `ammoType`, `blipColor`, `bitField`, `burden`, `combatUse`, `cooldownDuration`, `cooldownId`, `effects`, `containersCapacity`, `header`, `hookTypeId`, `iconId`, `iconOverlayId`, `iconUnderlayId`, `hookItemTypes`, `itemsCapacity`, `location`, `materialType`, `maxStackSize`, `maxStructure`, `radar`, `pscript`, `spellId`, `stackSize`, `structure`, `targetTypeId`, `usability`, `useRadius`, `validLocations`, `value`, `workmanship`, `animationFrameId`, `defaultScript`, `defaultScriptIntensity`, `elasticity`, `friction`, `locationId`, `modelTableId`, `objectScale`, `physicsBitField`, `physicsTableId`, `motionTableId`, `soundTableId`, `physicsState`, `translucency`)
VALUES (5520, 'Exit', 65536, 0, 0, 0, 262164, 0, 0, 0, 0, 0, 0, 8388656, 0, 100667499, 0, 0, 0, 0, 0, 0, 0, 0, 4, 0, 0, 0, 0, 0, 32, -0.1, 0, 0, 0, 0, 0, 0, 0, 0, 0, 33554867, 0, 98307, 0, 150994947, 0, 3084, 0);

INSERT INTO weenie_class (`weenieClassId`, `baseAceObjectId`)
VALUES (5520, 5520);

INSERT INTO `base_ace_object` (`baseAceObjectId`, `name`, `typeId`, `paletteId`, `ammoType`, `blipColor`, `bitField`, `burden`, `combatUse`, `cooldownDuration`, `cooldownId`, `effects`, `containersCapacity`, `header`, `hookTypeId`, `iconId`, `iconOverlayId`, `iconUnderlayId`, `hookItemTypes`, `itemsCapacity`, `location`, `materialType`, `maxStackSize`, `maxStructure`, `radar`, `pscript`, `spellId`, `stackSize`, `structure`, `targetTypeId`, `usability`, `useRadius`, `validLocations`, `value`, `workmanship`, `animationFrameId`, `defaultScript`, `defaultScriptIntensity`, `elasticity`, `friction`, `locationId`, `modelTableId`, `objectScale`, `physicsBitField`, `physicsTableId`, `motionTableId`, `soundTableId`, `physicsState`, `translucency`)
VALUES (5519, 'Smugglers Fort', 65536, 0, 0, 0, 262164, 0, 0, 0, 0, 0, 0, 8388656, 0, 100667499, 0, 0, 0, 0, 0, 0, 0, 0, 4, 0, 0, 0, 0, 0, 32, -0.1, 0, 0, 0, 0, 0, 0, 0, 0, 0, 33555923, 0, 98307, 0, 150994947, 0, 3084, 0);

INSERT INTO weenie_class (`weenieClassId`, `baseAceObjectId`)
VALUES (5519, 5519);

INSERT INTO `base_ace_object` (`baseAceObjectId`, `name`, `typeId`, `paletteId`, `ammoType`, `blipColor`, `bitField`, `burden`, `combatUse`, `cooldownDuration`, `cooldownId`, `effects`, `containersCapacity`, `header`, `hookTypeId`, `iconId`, `iconOverlayId`, `iconUnderlayId`, `hookItemTypes`, `itemsCapacity`, `location`, `materialType`, `maxStackSize`, `maxStructure`, `radar`, `pscript`, `spellId`, `stackSize`, `structure`, `targetTypeId`, `usability`, `useRadius`, `validLocations`, `value`, `workmanship`, `animationFrameId`, `defaultScript`, `defaultScriptIntensity`, `elasticity`, `friction`, `locationId`, `modelTableId`, `objectScale`, `physicsBitField`, `physicsTableId`, `motionTableId`, `soundTableId`, `physicsState`, `translucency`)
VALUES (5501, 'Smugglers Hideaway', 65536, 0, 0, 0, 262164, 0, 0, 0, 0, 0, 0, 8388656, 0, 100667499, 0, 0, 0, 0, 0, 0, 0, 0, 4, 0, 0, 0, 0, 0, 32, -0.1, 0, 0, 0, 0, 0, 0, 0, 0, 0, 33555923, 0, 98307, 0, 150994947, 0, 3084, 0);

INSERT INTO weenie_class (`weenieClassId`, `baseAceObjectId`)
VALUES (5501, 5501);

INSERT INTO `base_ace_object` (`baseAceObjectId`, `name`, `typeId`, `paletteId`, `ammoType`, `blipColor`, `bitField`, `burden`, `combatUse`, `cooldownDuration`, `cooldownId`, `effects`, `containersCapacity`, `header`, `hookTypeId`, `iconId`, `iconOverlayId`, `iconUnderlayId`, `hookItemTypes`, `itemsCapacity`, `location`, `materialType`, `maxStackSize`, `maxStructure`, `radar`, `pscript`, `spellId`, `stackSize`, `structure`, `targetTypeId`, `usability`, `useRadius`, `validLocations`, `value`, `workmanship`, `animationFrameId`, `defaultScript`, `defaultScriptIntensity`, `elasticity`, `friction`, `locationId`, `modelTableId`, `objectScale`, `physicsBitField`, `physicsTableId`, `motionTableId`, `soundTableId`, `physicsState`, `translucency`)
VALUES (5502, 'Surface', 65536, 0, 0, 0, 262164, 0, 0, 0, 0, 0, 0, 8388656, 0, 100667499, 0, 0, 0, 0, 0, 0, 0, 0, 4, 0, 0, 0, 0, 0, 32, -0.1, 0, 0, 0, 0, 0, 0, 0, 0, 0, 33554867, 0, 98307, 0, 150994947, 0, 3084, 0);

INSERT INTO weenie_class (`weenieClassId`, `baseAceObjectId`)
VALUES (5502, 5502);

INSERT INTO `base_ace_object` (`baseAceObjectId`, `name`, `typeId`, `paletteId`, `ammoType`, `blipColor`, `bitField`, `burden`, `combatUse`, `cooldownDuration`, `cooldownId`, `effects`, `containersCapacity`, `header`, `hookTypeId`, `iconId`, `iconOverlayId`, `iconUnderlayId`, `hookItemTypes`, `itemsCapacity`, `location`, `materialType`, `maxStackSize`, `maxStructure`, `radar`, `pscript`, `spellId`, `stackSize`, `structure`, `targetTypeId`, `usability`, `useRadius`, `validLocations`, `value`, `workmanship`, `animationFrameId`, `defaultScript`, `defaultScriptIntensity`, `elasticity`, `friction`, `locationId`, `modelTableId`, `objectScale`, `physicsBitField`, `physicsTableId`, `motionTableId`, `soundTableId`, `physicsState`, `translucency`)
VALUES (4955, 'Stone Cathedral', 65536, 0, 0, 0, 262164, 0, 0, 0, 0, 0, 0, 8388656, 0, 100667499, 0, 0, 0, 0, 0, 0, 0, 0, 4, 0, 0, 0, 0, 0, 32, -0.1, 0, 0, 0, 0, 0, 0, 0, 0, 0, 33555922, 0, 98307, 0, 150994947, 0, 3084, 0);

INSERT INTO weenie_class (`weenieClassId`, `baseAceObjectId`)
VALUES (4955, 4955);

INSERT INTO `base_ace_object` (`baseAceObjectId`, `name`, `typeId`, `paletteId`, `ammoType`, `blipColor`, `bitField`, `burden`, `combatUse`, `cooldownDuration`, `cooldownId`, `effects`, `containersCapacity`, `header`, `hookTypeId`, `iconId`, `iconOverlayId`, `iconUnderlayId`, `hookItemTypes`, `itemsCapacity`, `location`, `materialType`, `maxStackSize`, `maxStructure`, `radar`, `pscript`, `spellId`, `stackSize`, `structure`, `targetTypeId`, `usability`, `useRadius`, `validLocations`, `value`, `workmanship`, `animationFrameId`, `defaultScript`, `defaultScriptIntensity`, `elasticity`, `friction`, `locationId`, `modelTableId`, `objectScale`, `physicsBitField`, `physicsTableId`, `motionTableId`, `soundTableId`, `physicsState`, `translucency`)
VALUES (4965, 'Shreth Hive Portal', 65536, 0, 0, 0, 262164, 0, 0, 0, 0, 0, 0, 8388656, 0, 100667499, 0, 0, 0, 0, 0, 0, 0, 0, 4, 0, 0, 0, 0, 0, 32, -0.1, 0, 0, 0, 0, 0, 0, 0, 0, 0, 33555922, 0, 98307, 0, 150994947, 0, 3084, 0);

INSERT INTO weenie_class (`weenieClassId`, `baseAceObjectId`)
VALUES (4965, 4965);

INSERT INTO `base_ace_object` (`baseAceObjectId`, `name`, `typeId`, `paletteId`, `ammoType`, `blipColor`, `bitField`, `burden`, `combatUse`, `cooldownDuration`, `cooldownId`, `effects`, `containersCapacity`, `header`, `hookTypeId`, `iconId`, `iconOverlayId`, `iconUnderlayId`, `hookItemTypes`, `itemsCapacity`, `location`, `materialType`, `maxStackSize`, `maxStructure`, `radar`, `pscript`, `spellId`, `stackSize`, `structure`, `targetTypeId`, `usability`, `useRadius`, `validLocations`, `value`, `workmanship`, `animationFrameId`, `defaultScript`, `defaultScriptIntensity`, `elasticity`, `friction`, `locationId`, `modelTableId`, `objectScale`, `physicsBitField`, `physicsTableId`, `motionTableId`, `soundTableId`, `physicsState`, `translucency`)
VALUES (27694, 'Renegade Stronghold', 65536, 0, 0, 0, 262164, 0, 0, 0, 0, 0, 0, 8388656, 0, 100667499, 0, 0, 0, 0, 0, 0, 0, 0, 4, 0, 0, 0, 0, 0, 32, -0.1, 0, 0, 0, 0, 0, 0, 0, 0, 0, 33555926, 0, 98307, 0, 150994947, 0, 3084, 0);

INSERT INTO weenie_class (`weenieClassId`, `baseAceObjectId`)
VALUES (27694, 27694);

INSERT INTO `base_ace_object` (`baseAceObjectId`, `name`, `typeId`, `paletteId`, `ammoType`, `blipColor`, `bitField`, `burden`, `combatUse`, `cooldownDuration`, `cooldownId`, `effects`, `containersCapacity`, `header`, `hookTypeId`, `iconId`, `iconOverlayId`, `iconUnderlayId`, `hookItemTypes`, `itemsCapacity`, `location`, `materialType`, `maxStackSize`, `maxStructure`, `radar`, `pscript`, `spellId`, `stackSize`, `structure`, `targetTypeId`, `usability`, `useRadius`, `validLocations`, `value`, `workmanship`, `animationFrameId`, `defaultScript`, `defaultScriptIntensity`, `elasticity`, `friction`, `locationId`, `modelTableId`, `objectScale`, `physicsBitField`, `physicsTableId`, `motionTableId`, `soundTableId`, `physicsState`, `translucency`)
VALUES (27695, 'Exit to Surface', 65536, 0, 0, 0, 262164, 0, 0, 0, 0, 0, 0, 8388656, 0, 100667499, 0, 0, 0, 0, 0, 0, 0, 0, 4, 0, 0, 0, 0, 0, 32, -0.1, 0, 0, 0, 0, 0, 0, 0, 0, 0, 33554867, 0, 98307, 0, 150994947, 0, 3084, 0);

INSERT INTO weenie_class (`weenieClassId`, `baseAceObjectId`)
VALUES (27695, 27695);

INSERT INTO `base_ace_object` (`baseAceObjectId`, `name`, `typeId`, `paletteId`, `ammoType`, `blipColor`, `bitField`, `burden`, `combatUse`, `cooldownDuration`, `cooldownId`, `effects`, `containersCapacity`, `header`, `hookTypeId`, `iconId`, `iconOverlayId`, `iconUnderlayId`, `hookItemTypes`, `itemsCapacity`, `location`, `materialType`, `maxStackSize`, `maxStructure`, `radar`, `pscript`, `spellId`, `stackSize`, `structure`, `targetTypeId`, `usability`, `useRadius`, `validLocations`, `value`, `workmanship`, `animationFrameId`, `defaultScript`, `defaultScriptIntensity`, `elasticity`, `friction`, `locationId`, `modelTableId`, `objectScale`, `physicsBitField`, `physicsTableId`, `motionTableId`, `soundTableId`, `physicsState`, `translucency`)
VALUES (35595, 'Cave', 65536, 0, 0, 0, 262164, 0, 0, 0, 0, 0, 0, 8388656, 0, 100667499, 0, 0, 0, 0, 0, 0, 0, 0, 4, 0, 0, 0, 0, 0, 32, -0.1, 0, 0, 0, 0, 0, 0, 0, 0, 0, 33555924, 0, 98307, 0, 150994947, 0, 3084, 0);

INSERT INTO weenie_class (`weenieClassId`, `baseAceObjectId`)
VALUES (35595, 35595);

INSERT INTO `base_ace_object` (`baseAceObjectId`, `name`, `typeId`, `paletteId`, `ammoType`, `blipColor`, `bitField`, `burden`, `combatUse`, `cooldownDuration`, `cooldownId`, `effects`, `containersCapacity`, `header`, `hookTypeId`, `iconId`, `iconOverlayId`, `iconUnderlayId`, `hookItemTypes`, `itemsCapacity`, `location`, `materialType`, `maxStackSize`, `maxStructure`, `radar`, `pscript`, `spellId`, `stackSize`, `structure`, `targetTypeId`, `usability`, `useRadius`, `validLocations`, `value`, `workmanship`, `animationFrameId`, `defaultScript`, `defaultScriptIntensity`, `elasticity`, `friction`, `locationId`, `modelTableId`, `objectScale`, `physicsBitField`, `physicsTableId`, `motionTableId`, `soundTableId`, `physicsState`, `translucency`)
VALUES (15673, 'Far Horizon Cottages Portal', 65536, 0, 0, 0, 262164, 0, 0, 0, 0, 0, 0, 8388656, 0, 100667499, 0, 0, 0, 0, 0, 0, 0, 0, 4, 0, 0, 0, 0, 0, 32, -0.1, 0, 0, 0, 0, 0, 0, 0, 0, 0, 33554867, 0, 98307, 0, 150994947, 0, 3084, 0);

INSERT INTO weenie_class (`weenieClassId`, `baseAceObjectId`)
VALUES (15673, 15673);

INSERT INTO `base_ace_object` (`baseAceObjectId`, `name`, `typeId`, `paletteId`, `ammoType`, `blipColor`, `bitField`, `burden`, `combatUse`, `cooldownDuration`, `cooldownId`, `effects`, `containersCapacity`, `header`, `hookTypeId`, `iconId`, `iconOverlayId`, `iconUnderlayId`, `hookItemTypes`, `itemsCapacity`, `location`, `materialType`, `maxStackSize`, `maxStructure`, `radar`, `pscript`, `spellId`, `stackSize`, `structure`, `targetTypeId`, `usability`, `useRadius`, `validLocations`, `value`, `workmanship`, `animationFrameId`, `defaultScript`, `defaultScriptIntensity`, `elasticity`, `friction`, `locationId`, `modelTableId`, `objectScale`, `physicsBitField`, `physicsTableId`, `motionTableId`, `soundTableId`, `physicsState`, `translucency`)
VALUES (14266, 'Ispan Hill Portal', 65536, 0, 0, 0, 262164, 0, 0, 0, 0, 0, 0, 8388656, 0, 100667499, 0, 0, 0, 0, 0, 0, 0, 0, 4, 0, 0, 0, 0, 0, 32, -0.1, 0, 0, 0, 0, 0, 0, 0, 0, 0, 33554867, 0, 98307, 0, 150994947, 0, 3084, 0);

INSERT INTO weenie_class (`weenieClassId`, `baseAceObjectId`)
VALUES (14266, 14266);

INSERT INTO `base_ace_object` (`baseAceObjectId`, `name`, `typeId`, `paletteId`, `ammoType`, `blipColor`, `bitField`, `burden`, `combatUse`, `cooldownDuration`, `cooldownId`, `effects`, `containersCapacity`, `header`, `hookTypeId`, `iconId`, `iconOverlayId`, `iconUnderlayId`, `hookItemTypes`, `itemsCapacity`, `location`, `materialType`, `maxStackSize`, `maxStructure`, `radar`, `pscript`, `spellId`, `stackSize`, `structure`, `targetTypeId`, `usability`, `useRadius`, `validLocations`, `value`, `workmanship`, `animationFrameId`, `defaultScript`, `defaultScriptIntensity`, `elasticity`, `friction`, `locationId`, `modelTableId`, `objectScale`, `physicsBitField`, `physicsTableId`, `motionTableId`, `soundTableId`, `physicsState`, `translucency`)
VALUES (14263, 'Haliana Portal', 65536, 0, 0, 0, 262164, 0, 0, 0, 0, 0, 0, 8388656, 0, 100667499, 0, 0, 0, 0, 0, 0, 0, 0, 4, 0, 0, 0, 0, 0, 32, -0.1, 0, 0, 0, 0, 0, 0, 0, 0, 0, 33554867, 0, 98307, 0, 150994947, 0, 3084, 0);

INSERT INTO weenie_class (`weenieClassId`, `baseAceObjectId`)
VALUES (14263, 14263);

INSERT INTO `base_ace_object` (`baseAceObjectId`, `name`, `typeId`, `paletteId`, `ammoType`, `blipColor`, `bitField`, `burden`, `combatUse`, `cooldownDuration`, `cooldownId`, `effects`, `containersCapacity`, `header`, `hookTypeId`, `iconId`, `iconOverlayId`, `iconUnderlayId`, `hookItemTypes`, `itemsCapacity`, `location`, `materialType`, `maxStackSize`, `maxStructure`, `radar`, `pscript`, `spellId`, `stackSize`, `structure`, `targetTypeId`, `usability`, `useRadius`, `validLocations`, `value`, `workmanship`, `animationFrameId`, `defaultScript`, `defaultScriptIntensity`, `elasticity`, `friction`, `locationId`, `modelTableId`, `objectScale`, `physicsBitField`, `physicsTableId`, `motionTableId`, `soundTableId`, `physicsState`, `translucency`)
VALUES (12498, 'Forgotten Hills Portal', 65536, 0, 0, 0, 262164, 0, 0, 0, 0, 0, 0, 8388656, 0, 100667499, 0, 0, 0, 0, 0, 0, 0, 0, 4, 0, 0, 0, 0, 0, 32, -0.1, 0, 0, 0, 0, 0, 0, 0, 0, 0, 33554867, 0, 98307, 0, 150994947, 0, 3084, 0);

INSERT INTO weenie_class (`weenieClassId`, `baseAceObjectId`)
VALUES (12498, 12498);

INSERT INTO `base_ace_object` (`baseAceObjectId`, `name`, `typeId`, `paletteId`, `ammoType`, `blipColor`, `bitField`, `burden`, `combatUse`, `cooldownDuration`, `cooldownId`, `effects`, `containersCapacity`, `header`, `hookTypeId`, `iconId`, `iconOverlayId`, `iconUnderlayId`, `hookItemTypes`, `itemsCapacity`, `location`, `materialType`, `maxStackSize`, `maxStructure`, `radar`, `pscript`, `spellId`, `stackSize`, `structure`, `targetTypeId`, `usability`, `useRadius`, `validLocations`, `value`, `workmanship`, `animationFrameId`, `defaultScript`, `defaultScriptIntensity`, `elasticity`, `friction`, `locationId`, `modelTableId`, `objectScale`, `physicsBitField`, `physicsTableId`, `motionTableId`, `soundTableId`, `physicsState`, `translucency`)
VALUES (12553, 'South Victory Harbor Portal', 65536, 0, 0, 0, 262164, 0, 0, 0, 0, 0, 0, 8388656, 0, 100667499, 0, 0, 0, 0, 0, 0, 0, 0, 4, 0, 0, 0, 0, 0, 32, -0.1, 0, 0, 0, 0, 0, 0, 0, 0, 0, 33554867, 0, 98307, 0, 150994947, 0, 3084, 0);

INSERT INTO weenie_class (`weenieClassId`, `baseAceObjectId`)
VALUES (12553, 12553);

INSERT INTO `base_ace_object` (`baseAceObjectId`, `name`, `typeId`, `paletteId`, `ammoType`, `blipColor`, `bitField`, `burden`, `combatUse`, `cooldownDuration`, `cooldownId`, `effects`, `containersCapacity`, `header`, `hookTypeId`, `iconId`, `iconOverlayId`, `iconUnderlayId`, `hookItemTypes`, `itemsCapacity`, `location`, `materialType`, `maxStackSize`, `maxStructure`, `radar`, `pscript`, `spellId`, `stackSize`, `structure`, `targetTypeId`, `usability`, `useRadius`, `validLocations`, `value`, `workmanship`, `animationFrameId`, `defaultScript`, `defaultScriptIntensity`, `elasticity`, `friction`, `locationId`, `modelTableId`, `objectScale`, `physicsBitField`, `physicsTableId`, `motionTableId`, `soundTableId`, `physicsState`, `translucency`)
VALUES (12485, 'Cragstone Farms Portal', 65536, 0, 0, 0, 262164, 0, 0, 0, 0, 0, 0, 8388656, 0, 100667499, 0, 0, 0, 0, 0, 0, 0, 0, 4, 0, 0, 0, 0, 0, 32, -0.1, 0, 0, 0, 0, 0, 0, 0, 0, 0, 33554867, 0, 98307, 0, 150994947, 0, 3084, 0);

INSERT INTO weenie_class (`weenieClassId`, `baseAceObjectId`)
VALUES (12485, 12485);

INSERT INTO `base_ace_object` (`baseAceObjectId`, `name`, `typeId`, `paletteId`, `ammoType`, `blipColor`, `bitField`, `burden`, `combatUse`, `cooldownDuration`, `cooldownId`, `effects`, `containersCapacity`, `header`, `hookTypeId`, `iconId`, `iconOverlayId`, `iconUnderlayId`, `hookItemTypes`, `itemsCapacity`, `location`, `materialType`, `maxStackSize`, `maxStructure`, `radar`, `pscript`, `spellId`, `stackSize`, `structure`, `targetTypeId`, `usability`, `useRadius`, `validLocations`, `value`, `workmanship`, `animationFrameId`, `defaultScript`, `defaultScriptIntensity`, `elasticity`, `friction`, `locationId`, `modelTableId`, `objectScale`, `physicsBitField`, `physicsTableId`, `motionTableId`, `soundTableId`, `physicsState`, `translucency`)
VALUES (15199, 'Tinkelo Hold Villas Portal', 65536, 0, 0, 0, 262164, 0, 0, 0, 0, 0, 0, 8388656, 0, 100667499, 0, 0, 0, 0, 0, 0, 0, 0, 4, 0, 0, 0, 0, 0, 32, -0.1, 0, 0, 0, 0, 0, 0, 0, 0, 0, 33554867, 0, 98307, 0, 150994947, 0, 3084, 0);

INSERT INTO weenie_class (`weenieClassId`, `baseAceObjectId`)
VALUES (15199, 15199);

INSERT INTO `base_ace_object` (`baseAceObjectId`, `name`, `typeId`, `paletteId`, `ammoType`, `blipColor`, `bitField`, `burden`, `combatUse`, `cooldownDuration`, `cooldownId`, `effects`, `containersCapacity`, `header`, `hookTypeId`, `iconId`, `iconOverlayId`, `iconUnderlayId`, `hookItemTypes`, `itemsCapacity`, `location`, `materialType`, `maxStackSize`, `maxStructure`, `radar`, `pscript`, `spellId`, `stackSize`, `structure`, `targetTypeId`, `usability`, `useRadius`, `validLocations`, `value`, `workmanship`, `animationFrameId`, `defaultScript`, `defaultScriptIntensity`, `elasticity`, `friction`, `locationId`, `modelTableId`, `objectScale`, `physicsBitField`, `physicsTableId`, `motionTableId`, `soundTableId`, `physicsState`, `translucency`)
VALUES (14649, 'Lost Realm Cottages Portal', 65536, 0, 0, 0, 262164, 0, 0, 0, 0, 0, 0, 8388656, 0, 100667499, 0, 0, 0, 0, 0, 0, 0, 0, 4, 0, 0, 0, 0, 0, 32, -0.1, 0, 0, 0, 0, 0, 0, 0, 0, 0, 33554867, 0, 98307, 0, 150994947, 0, 3084, 0);

INSERT INTO weenie_class (`weenieClassId`, `baseAceObjectId`)
VALUES (14649, 14649);

INSERT INTO `base_ace_object` (`baseAceObjectId`, `name`, `typeId`, `paletteId`, `ammoType`, `blipColor`, `bitField`, `burden`, `combatUse`, `cooldownDuration`, `cooldownId`, `effects`, `containersCapacity`, `header`, `hookTypeId`, `iconId`, `iconOverlayId`, `iconUnderlayId`, `hookItemTypes`, `itemsCapacity`, `location`, `materialType`, `maxStackSize`, `maxStructure`, `radar`, `pscript`, `spellId`, `stackSize`, `structure`, `targetTypeId`, `usability`, `useRadius`, `validLocations`, `value`, `workmanship`, `animationFrameId`, `defaultScript`, `defaultScriptIntensity`, `elasticity`, `friction`, `locationId`, `modelTableId`, `objectScale`, `physicsBitField`, `physicsTableId`, `motionTableId`, `soundTableId`, `physicsState`, `translucency`)
VALUES (14666, 'Solstice Hill Portal', 65536, 0, 0, 0, 262164, 0, 0, 0, 0, 0, 0, 8388656, 0, 100667499, 0, 0, 0, 0, 0, 0, 0, 0, 4, 0, 0, 0, 0, 0, 32, -0.1, 0, 0, 0, 0, 0, 0, 0, 0, 0, 33554867, 0, 98307, 0, 150994947, 0, 3084, 0);

INSERT INTO weenie_class (`weenieClassId`, `baseAceObjectId`)
VALUES (14666, 14666);

INSERT INTO `base_ace_object` (`baseAceObjectId`, `name`, `typeId`, `paletteId`, `ammoType`, `blipColor`, `bitField`, `burden`, `combatUse`, `cooldownDuration`, `cooldownId`, `effects`, `containersCapacity`, `header`, `hookTypeId`, `iconId`, `iconOverlayId`, `iconUnderlayId`, `hookItemTypes`, `itemsCapacity`, `location`, `materialType`, `maxStackSize`, `maxStructure`, `radar`, `pscript`, `spellId`, `stackSize`, `structure`, `targetTypeId`, `usability`, `useRadius`, `validLocations`, `value`, `workmanship`, `animationFrameId`, `defaultScript`, `defaultScriptIntensity`, `elasticity`, `friction`, `locationId`, `modelTableId`, `objectScale`, `physicsBitField`, `physicsTableId`, `motionTableId`, `soundTableId`, `physicsState`, `translucency`)
VALUES (14651, 'Meerthus Square Portal', 65536, 0, 0, 0, 262164, 0, 0, 0, 0, 0, 0, 8388656, 0, 100667499, 0, 0, 0, 0, 0, 0, 0, 0, 4, 0, 0, 0, 0, 0, 32, -0.1, 0, 0, 0, 0, 0, 0, 0, 0, 0, 33554867, 0, 98307, 0, 150994947, 0, 3084, 0);

INSERT INTO weenie_class (`weenieClassId`, `baseAceObjectId`)
VALUES (14651, 14651);

INSERT INTO `base_ace_object` (`baseAceObjectId`, `name`, `typeId`, `paletteId`, `ammoType`, `blipColor`, `bitField`, `burden`, `combatUse`, `cooldownDuration`, `cooldownId`, `effects`, `containersCapacity`, `header`, `hookTypeId`, `iconId`, `iconOverlayId`, `iconUnderlayId`, `hookItemTypes`, `itemsCapacity`, `location`, `materialType`, `maxStackSize`, `maxStructure`, `radar`, `pscript`, `spellId`, `stackSize`, `structure`, `targetTypeId`, `usability`, `useRadius`, `validLocations`, `value`, `workmanship`, `animationFrameId`, `defaultScript`, `defaultScriptIntensity`, `elasticity`, `friction`, `locationId`, `modelTableId`, `objectScale`, `physicsBitField`, `physicsTableId`, `motionTableId`, `soundTableId`, `physicsState`, `translucency`)
VALUES (15670, 'Colier View Hill Portal', 65536, 0, 0, 0, 262164, 0, 0, 0, 0, 0, 0, 8388656, 0, 100667499, 0, 0, 0, 0, 0, 0, 0, 0, 4, 0, 0, 0, 0, 0, 32, -0.1, 0, 0, 0, 0, 0, 0, 0, 0, 0, 33554867, 0, 98307, 0, 150994947, 0, 3084, 0);

INSERT INTO weenie_class (`weenieClassId`, `baseAceObjectId`)
VALUES (15670, 15670);

INSERT INTO `base_ace_object` (`baseAceObjectId`, `name`, `typeId`, `paletteId`, `ammoType`, `blipColor`, `bitField`, `burden`, `combatUse`, `cooldownDuration`, `cooldownId`, `effects`, `containersCapacity`, `header`, `hookTypeId`, `iconId`, `iconOverlayId`, `iconUnderlayId`, `hookItemTypes`, `itemsCapacity`, `location`, `materialType`, `maxStackSize`, `maxStructure`, `radar`, `pscript`, `spellId`, `stackSize`, `structure`, `targetTypeId`, `usability`, `useRadius`, `validLocations`, `value`, `workmanship`, `animationFrameId`, `defaultScript`, `defaultScriptIntensity`, `elasticity`, `friction`, `locationId`, `modelTableId`, `objectScale`, `physicsBitField`, `physicsTableId`, `motionTableId`, `soundTableId`, `physicsState`, `translucency`)
VALUES (7295, 'Halls of Metos', 65536, 0, 0, 0, 262164, 0, 0, 0, 0, 0, 0, 8388656, 0, 100667499, 0, 0, 0, 0, 0, 0, 0, 0, 4, 0, 0, 0, 0, 0, 32, -0.1, 0, 0, 0, 0, 0, 0, 0, 0, 0, 33555923, 0, 98307, 0, 150994947, 0, 3084, 0);

INSERT INTO weenie_class (`weenieClassId`, `baseAceObjectId`)
VALUES (7295, 7295);

INSERT INTO `base_ace_object` (`baseAceObjectId`, `name`, `typeId`, `paletteId`, `ammoType`, `blipColor`, `bitField`, `burden`, `combatUse`, `cooldownDuration`, `cooldownId`, `effects`, `containersCapacity`, `header`, `hookTypeId`, `iconId`, `iconOverlayId`, `iconUnderlayId`, `hookItemTypes`, `itemsCapacity`, `location`, `materialType`, `maxStackSize`, `maxStructure`, `radar`, `pscript`, `spellId`, `stackSize`, `structure`, `targetTypeId`, `usability`, `useRadius`, `validLocations`, `value`, `workmanship`, `animationFrameId`, `defaultScript`, `defaultScriptIntensity`, `elasticity`, `friction`, `locationId`, `modelTableId`, `objectScale`, `physicsBitField`, `physicsTableId`, `motionTableId`, `soundTableId`, `physicsState`, `translucency`)
VALUES (7296, 'Surface Portal', 65536, 0, 0, 0, 262164, 0, 0, 0, 0, 0, 0, 8388656, 0, 100667499, 0, 0, 0, 0, 0, 0, 0, 0, 4, 0, 0, 0, 0, 0, 32, -0.1, 0, 0, 0, 0, 0, 0, 0, 0, 0, 33554867, 0, 98307, 0, 150994947, 0, 3084, 0);

INSERT INTO weenie_class (`weenieClassId`, `baseAceObjectId`)
VALUES (7296, 7296);

INSERT INTO `base_ace_object` (`baseAceObjectId`, `name`, `typeId`, `paletteId`, `ammoType`, `blipColor`, `bitField`, `burden`, `combatUse`, `cooldownDuration`, `cooldownId`, `effects`, `containersCapacity`, `header`, `hookTypeId`, `iconId`, `iconOverlayId`, `iconUnderlayId`, `hookItemTypes`, `itemsCapacity`, `location`, `materialType`, `maxStackSize`, `maxStructure`, `radar`, `pscript`, `spellId`, `stackSize`, `structure`, `targetTypeId`, `usability`, `useRadius`, `validLocations`, `value`, `workmanship`, `animationFrameId`, `defaultScript`, `defaultScriptIntensity`, `elasticity`, `friction`, `locationId`, `modelTableId`, `objectScale`, `physicsBitField`, `physicsTableId`, `motionTableId`, `soundTableId`, `physicsState`, `translucency`)
VALUES (29439, 'Silver Legion Keep', 65536, 0, 0, 0, 262164, 0, 0, 0, 0, 0, 0, 8388656, 0, 100667499, 0, 0, 0, 0, 0, 0, 0, 0, 4, 0, 0, 0, 0, 0, 32, -0.1, 0, 0, 0, 0, 0, 0, 0, 0, 0, 33555924, 0, 98307, 0, 150994947, 0, 3084, 0);

INSERT INTO weenie_class (`weenieClassId`, `baseAceObjectId`)
VALUES (29439, 29439);

INSERT INTO `base_ace_object` (`baseAceObjectId`, `name`, `typeId`, `paletteId`, `ammoType`, `blipColor`, `bitField`, `burden`, `combatUse`, `cooldownDuration`, `cooldownId`, `effects`, `containersCapacity`, `header`, `hookTypeId`, `iconId`, `iconOverlayId`, `iconUnderlayId`, `hookItemTypes`, `itemsCapacity`, `location`, `materialType`, `maxStackSize`, `maxStructure`, `radar`, `pscript`, `spellId`, `stackSize`, `structure`, `targetTypeId`, `usability`, `useRadius`, `validLocations`, `value`, `workmanship`, `animationFrameId`, `defaultScript`, `defaultScriptIntensity`, `elasticity`, `friction`, `locationId`, `modelTableId`, `objectScale`, `physicsBitField`, `physicsTableId`, `motionTableId`, `soundTableId`, `physicsState`, `translucency`)
VALUES (15177, 'Nalib Cavana Settlement Portal', 65536, 0, 0, 0, 262164, 0, 0, 0, 0, 0, 0, 8388656, 0, 100667499, 0, 0, 0, 0, 0, 0, 0, 0, 4, 0, 0, 0, 0, 0, 32, -0.1, 0, 0, 0, 0, 0, 0, 0, 0, 0, 33554867, 0, 98307, 0, 150994947, 0, 3084, 0);

INSERT INTO weenie_class (`weenieClassId`, `baseAceObjectId`)
VALUES (15177, 15177);

INSERT INTO `base_ace_object` (`baseAceObjectId`, `name`, `typeId`, `paletteId`, `ammoType`, `blipColor`, `bitField`, `burden`, `combatUse`, `cooldownDuration`, `cooldownId`, `effects`, `containersCapacity`, `header`, `hookTypeId`, `iconId`, `iconOverlayId`, `iconUnderlayId`, `hookItemTypes`, `itemsCapacity`, `location`, `materialType`, `maxStackSize`, `maxStructure`, `radar`, `pscript`, `spellId`, `stackSize`, `structure`, `targetTypeId`, `usability`, `useRadius`, `validLocations`, `value`, `workmanship`, `animationFrameId`, `defaultScript`, `defaultScriptIntensity`, `elasticity`, `friction`, `locationId`, `modelTableId`, `objectScale`, `physicsBitField`, `physicsTableId`, `motionTableId`, `soundTableId`, `physicsState`, `translucency`)
VALUES (15147, 'Bright Blade Cottages Portal', 65536, 0, 0, 0, 262164, 0, 0, 0, 0, 0, 0, 8388656, 0, 100667499, 0, 0, 0, 0, 0, 0, 0, 0, 4, 0, 0, 0, 0, 0, 32, -0.1, 0, 0, 0, 0, 0, 0, 0, 0, 0, 33554867, 0, 98307, 0, 150994947, 0, 3084, 0);

INSERT INTO weenie_class (`weenieClassId`, `baseAceObjectId`)
VALUES (15147, 15147);

INSERT INTO `base_ace_object` (`baseAceObjectId`, `name`, `typeId`, `paletteId`, `ammoType`, `blipColor`, `bitField`, `burden`, `combatUse`, `cooldownDuration`, `cooldownId`, `effects`, `containersCapacity`, `header`, `hookTypeId`, `iconId`, `iconOverlayId`, `iconUnderlayId`, `hookItemTypes`, `itemsCapacity`, `location`, `materialType`, `maxStackSize`, `maxStructure`, `radar`, `pscript`, `spellId`, `stackSize`, `structure`, `targetTypeId`, `usability`, `useRadius`, `validLocations`, `value`, `workmanship`, `animationFrameId`, `defaultScript`, `defaultScriptIntensity`, `elasticity`, `friction`, `locationId`, `modelTableId`, `objectScale`, `physicsBitField`, `physicsTableId`, `motionTableId`, `soundTableId`, `physicsState`, `translucency`)
VALUES (12528, 'New Suntik Portal', 65536, 0, 0, 0, 262164, 0, 0, 0, 0, 0, 0, 8388656, 0, 100667499, 0, 0, 0, 0, 0, 0, 0, 0, 4, 0, 0, 0, 0, 0, 32, -0.1, 0, 0, 0, 0, 0, 0, 0, 0, 0, 33554867, 0, 98307, 0, 150994947, 0, 3084, 0);

INSERT INTO weenie_class (`weenieClassId`, `baseAceObjectId`)
VALUES (12528, 12528);

INSERT INTO `base_ace_object` (`baseAceObjectId`, `name`, `typeId`, `paletteId`, `ammoType`, `blipColor`, `bitField`, `burden`, `combatUse`, `cooldownDuration`, `cooldownId`, `effects`, `containersCapacity`, `header`, `hookTypeId`, `iconId`, `iconOverlayId`, `iconUnderlayId`, `hookItemTypes`, `itemsCapacity`, `location`, `materialType`, `maxStackSize`, `maxStructure`, `radar`, `pscript`, `spellId`, `stackSize`, `structure`, `targetTypeId`, `usability`, `useRadius`, `validLocations`, `value`, `workmanship`, `animationFrameId`, `defaultScript`, `defaultScriptIntensity`, `elasticity`, `friction`, `locationId`, `modelTableId`, `objectScale`, `physicsBitField`, `physicsTableId`, `motionTableId`, `soundTableId`, `physicsState`, `translucency`)
VALUES (14648, 'Loredane Villas Portal', 65536, 0, 0, 0, 262164, 0, 0, 0, 0, 0, 0, 8388656, 0, 100667499, 0, 0, 0, 0, 0, 0, 0, 0, 4, 0, 0, 0, 0, 0, 32, -0.1, 0, 0, 0, 0, 0, 0, 0, 0, 0, 33554867, 0, 98307, 0, 150994947, 0, 3084, 0);

INSERT INTO weenie_class (`weenieClassId`, `baseAceObjectId`)
VALUES (14648, 14648);

INSERT INTO `base_ace_object` (`baseAceObjectId`, `name`, `typeId`, `paletteId`, `ammoType`, `blipColor`, `bitField`, `burden`, `combatUse`, `cooldownDuration`, `cooldownId`, `effects`, `containersCapacity`, `header`, `hookTypeId`, `iconId`, `iconOverlayId`, `iconUnderlayId`, `hookItemTypes`, `itemsCapacity`, `location`, `materialType`, `maxStackSize`, `maxStructure`, `radar`, `pscript`, `spellId`, `stackSize`, `structure`, `targetTypeId`, `usability`, `useRadius`, `validLocations`, `value`, `workmanship`, `animationFrameId`, `defaultScript`, `defaultScriptIntensity`, `elasticity`, `friction`, `locationId`, `modelTableId`, `objectScale`, `physicsBitField`, `physicsTableId`, `motionTableId`, `soundTableId`, `physicsState`, `translucency`)
VALUES (14625, 'Embara Portal', 65536, 0, 0, 0, 262164, 0, 0, 0, 0, 0, 0, 8388656, 0, 100667499, 0, 0, 0, 0, 0, 0, 0, 0, 4, 0, 0, 0, 0, 0, 32, -0.1, 0, 0, 0, 0, 0, 0, 0, 0, 0, 33554867, 0, 98307, 0, 150994947, 0, 3084, 0);

INSERT INTO weenie_class (`weenieClassId`, `baseAceObjectId`)
VALUES (14625, 14625);

INSERT INTO `base_ace_object` (`baseAceObjectId`, `name`, `typeId`, `paletteId`, `ammoType`, `blipColor`, `bitField`, `burden`, `combatUse`, `cooldownDuration`, `cooldownId`, `effects`, `containersCapacity`, `header`, `hookTypeId`, `iconId`, `iconOverlayId`, `iconUnderlayId`, `hookItemTypes`, `itemsCapacity`, `location`, `materialType`, `maxStackSize`, `maxStructure`, `radar`, `pscript`, `spellId`, `stackSize`, `structure`, `targetTypeId`, `usability`, `useRadius`, `validLocations`, `value`, `workmanship`, `animationFrameId`, `defaultScript`, `defaultScriptIntensity`, `elasticity`, `friction`, `locationId`, `modelTableId`, `objectScale`, `physicsBitField`, `physicsTableId`, `motionTableId`, `soundTableId`, `physicsState`, `translucency`)
VALUES (12517, 'Maitland  Portal', 65536, 0, 0, 0, 262164, 0, 0, 0, 0, 0, 0, 8388656, 0, 100667499, 0, 0, 0, 0, 0, 0, 0, 0, 4, 0, 0, 0, 0, 0, 32, -0.1, 0, 0, 0, 0, 0, 0, 0, 0, 0, 33554867, 0, 98307, 0, 150994947, 0, 3084, 0);

INSERT INTO weenie_class (`weenieClassId`, `baseAceObjectId`)
VALUES (12517, 12517);

INSERT INTO `base_ace_object` (`baseAceObjectId`, `name`, `typeId`, `paletteId`, `ammoType`, `blipColor`, `bitField`, `burden`, `combatUse`, `cooldownDuration`, `cooldownId`, `effects`, `containersCapacity`, `header`, `hookTypeId`, `iconId`, `iconOverlayId`, `iconUnderlayId`, `hookItemTypes`, `itemsCapacity`, `location`, `materialType`, `maxStackSize`, `maxStructure`, `radar`, `pscript`, `spellId`, `stackSize`, `structure`, `targetTypeId`, `usability`, `useRadius`, `validLocations`, `value`, `workmanship`, `animationFrameId`, `defaultScript`, `defaultScriptIntensity`, `elasticity`, `friction`, `locationId`, `modelTableId`, `objectScale`, `physicsBitField`, `physicsTableId`, `motionTableId`, `soundTableId`, `physicsState`, `translucency`)
VALUES (14264, 'Helms Villas Portal', 65536, 0, 0, 0, 262164, 0, 0, 0, 0, 0, 0, 8388656, 0, 100667499, 0, 0, 0, 0, 0, 0, 0, 0, 4, 0, 0, 0, 0, 0, 32, -0.1, 0, 0, 0, 0, 0, 0, 0, 0, 0, 33554867, 0, 98307, 0, 150994947, 0, 3084, 0);

INSERT INTO weenie_class (`weenieClassId`, `baseAceObjectId`)
VALUES (14264, 14264);

INSERT INTO `base_ace_object` (`baseAceObjectId`, `name`, `typeId`, `paletteId`, `ammoType`, `blipColor`, `bitField`, `burden`, `combatUse`, `cooldownDuration`, `cooldownId`, `effects`, `containersCapacity`, `header`, `hookTypeId`, `iconId`, `iconOverlayId`, `iconUnderlayId`, `hookItemTypes`, `itemsCapacity`, `location`, `materialType`, `maxStackSize`, `maxStructure`, `radar`, `pscript`, `spellId`, `stackSize`, `structure`, `targetTypeId`, `usability`, `useRadius`, `validLocations`, `value`, `workmanship`, `animationFrameId`, `defaultScript`, `defaultScriptIntensity`, `elasticity`, `friction`, `locationId`, `modelTableId`, `objectScale`, `physicsBitField`, `physicsTableId`, `motionTableId`, `soundTableId`, `physicsState`, `translucency`)
VALUES (12541, 'Sanai Portal', 65536, 0, 0, 0, 262164, 0, 0, 0, 0, 0, 0, 8388656, 0, 100667499, 0, 0, 0, 0, 0, 0, 0, 0, 4, 0, 0, 0, 0, 0, 32, -0.1, 0, 0, 0, 0, 0, 0, 0, 0, 0, 33554867, 0, 98307, 0, 150994947, 0, 3084, 0);

INSERT INTO weenie_class (`weenieClassId`, `baseAceObjectId`)
VALUES (12541, 12541);

INSERT INTO `base_ace_object` (`baseAceObjectId`, `name`, `typeId`, `paletteId`, `ammoType`, `blipColor`, `bitField`, `burden`, `combatUse`, `cooldownDuration`, `cooldownId`, `effects`, `containersCapacity`, `header`, `hookTypeId`, `iconId`, `iconOverlayId`, `iconUnderlayId`, `hookItemTypes`, `itemsCapacity`, `location`, `materialType`, `maxStackSize`, `maxStructure`, `radar`, `pscript`, `spellId`, `stackSize`, `structure`, `targetTypeId`, `usability`, `useRadius`, `validLocations`, `value`, `workmanship`, `animationFrameId`, `defaultScript`, `defaultScriptIntensity`, `elasticity`, `friction`, `locationId`, `modelTableId`, `objectScale`, `physicsBitField`, `physicsTableId`, `motionTableId`, `soundTableId`, `physicsState`, `translucency`)
VALUES (13126, 'Sharvale Portal', 65536, 0, 0, 0, 262164, 0, 0, 0, 0, 0, 0, 8388656, 0, 100667499, 0, 0, 0, 0, 0, 0, 0, 0, 4, 0, 0, 0, 0, 0, 32, -0.1, 0, 0, 0, 0, 0, 0, 0, 0, 0, 33554867, 0, 98307, 0, 150994947, 0, 3084, 0);

INSERT INTO weenie_class (`weenieClassId`, `baseAceObjectId`)
VALUES (13126, 13126);

INSERT INTO `base_ace_object` (`baseAceObjectId`, `name`, `typeId`, `paletteId`, `ammoType`, `blipColor`, `bitField`, `burden`, `combatUse`, `cooldownDuration`, `cooldownId`, `effects`, `containersCapacity`, `header`, `hookTypeId`, `iconId`, `iconOverlayId`, `iconUnderlayId`, `hookItemTypes`, `itemsCapacity`, `location`, `materialType`, `maxStackSize`, `maxStructure`, `radar`, `pscript`, `spellId`, `stackSize`, `structure`, `targetTypeId`, `usability`, `useRadius`, `validLocations`, `value`, `workmanship`, `animationFrameId`, `defaultScript`, `defaultScriptIntensity`, `elasticity`, `friction`, `locationId`, `modelTableId`, `objectScale`, `physicsBitField`, `physicsTableId`, `motionTableId`, `soundTableId`, `physicsState`, `translucency`)
VALUES (12518, 'Majestic Hill Cottages Portal', 65536, 0, 0, 0, 262164, 0, 0, 0, 0, 0, 0, 8388656, 0, 100667499, 0, 0, 0, 0, 0, 0, 0, 0, 4, 0, 0, 0, 0, 0, 32, -0.1, 0, 0, 0, 0, 0, 0, 0, 0, 0, 33554867, 0, 98307, 0, 150994947, 0, 3084, 0);

INSERT INTO weenie_class (`weenieClassId`, `baseAceObjectId`)
VALUES (12518, 12518);

INSERT INTO `base_ace_object` (`baseAceObjectId`, `name`, `typeId`, `paletteId`, `ammoType`, `blipColor`, `bitField`, `burden`, `combatUse`, `cooldownDuration`, `cooldownId`, `effects`, `containersCapacity`, `header`, `hookTypeId`, `iconId`, `iconOverlayId`, `iconUnderlayId`, `hookItemTypes`, `itemsCapacity`, `location`, `materialType`, `maxStackSize`, `maxStructure`, `radar`, `pscript`, `spellId`, `stackSize`, `structure`, `targetTypeId`, `usability`, `useRadius`, `validLocations`, `value`, `workmanship`, `animationFrameId`, `defaultScript`, `defaultScriptIntensity`, `elasticity`, `friction`, `locationId`, `modelTableId`, `objectScale`, `physicsBitField`, `physicsTableId`, `motionTableId`, `soundTableId`, `physicsState`, `translucency`)
VALUES (12560, 'Tiofor Deeps Portal', 65536, 0, 0, 0, 262164, 0, 0, 0, 0, 0, 0, 8388656, 0, 100667499, 0, 0, 0, 0, 0, 0, 0, 0, 4, 0, 0, 0, 0, 0, 32, -0.1, 0, 0, 0, 0, 0, 0, 0, 0, 0, 33554867, 0, 98307, 0, 150994947, 0, 3084, 0);

INSERT INTO weenie_class (`weenieClassId`, `baseAceObjectId`)
VALUES (12560, 12560);

INSERT INTO `base_ace_object` (`baseAceObjectId`, `name`, `typeId`, `paletteId`, `ammoType`, `blipColor`, `bitField`, `burden`, `combatUse`, `cooldownDuration`, `cooldownId`, `effects`, `containersCapacity`, `header`, `hookTypeId`, `iconId`, `iconOverlayId`, `iconUnderlayId`, `hookItemTypes`, `itemsCapacity`, `location`, `materialType`, `maxStackSize`, `maxStructure`, `radar`, `pscript`, `spellId`, `stackSize`, `structure`, `targetTypeId`, `usability`, `useRadius`, `validLocations`, `value`, `workmanship`, `animationFrameId`, `defaultScript`, `defaultScriptIntensity`, `elasticity`, `friction`, `locationId`, `modelTableId`, `objectScale`, `physicsBitField`, `physicsTableId`, `motionTableId`, `soundTableId`, `physicsState`, `translucency`)
VALUES (13101, 'East Danby Portal', 65536, 0, 0, 0, 262164, 0, 0, 0, 0, 0, 0, 8388656, 0, 100667499, 0, 0, 0, 0, 0, 0, 0, 0, 4, 0, 0, 0, 0, 0, 32, -0.1, 0, 0, 0, 0, 0, 0, 0, 0, 0, 33554867, 0, 98307, 0, 150994947, 0, 3084, 0);

INSERT INTO weenie_class (`weenieClassId`, `baseAceObjectId`)
VALUES (13101, 13101);

INSERT INTO `base_ace_object` (`baseAceObjectId`, `name`, `typeId`, `paletteId`, `ammoType`, `blipColor`, `bitField`, `burden`, `combatUse`, `cooldownDuration`, `cooldownId`, `effects`, `containersCapacity`, `header`, `hookTypeId`, `iconId`, `iconOverlayId`, `iconUnderlayId`, `hookItemTypes`, `itemsCapacity`, `location`, `materialType`, `maxStackSize`, `maxStructure`, `radar`, `pscript`, `spellId`, `stackSize`, `structure`, `targetTypeId`, `usability`, `useRadius`, `validLocations`, `value`, `workmanship`, `animationFrameId`, `defaultScript`, `defaultScriptIntensity`, `elasticity`, `friction`, `locationId`, `modelTableId`, `objectScale`, `physicsBitField`, `physicsTableId`, `motionTableId`, `soundTableId`, `physicsState`, `translucency`)
VALUES (15674, 'Gharu''n Victory Villas Portal', 65536, 0, 0, 0, 262164, 0, 0, 0, 0, 0, 0, 8388656, 0, 100667499, 0, 0, 0, 0, 0, 0, 0, 0, 4, 0, 0, 0, 0, 0, 32, -0.1, 0, 0, 0, 0, 0, 0, 0, 0, 0, 33554867, 0, 98307, 0, 150994947, 0, 3084, 0);

INSERT INTO weenie_class (`weenieClassId`, `baseAceObjectId`)
VALUES (15674, 15674);

INSERT INTO `base_ace_object` (`baseAceObjectId`, `name`, `typeId`, `paletteId`, `ammoType`, `blipColor`, `bitField`, `burden`, `combatUse`, `cooldownDuration`, `cooldownId`, `effects`, `containersCapacity`, `header`, `hookTypeId`, `iconId`, `iconOverlayId`, `iconUnderlayId`, `hookItemTypes`, `itemsCapacity`, `location`, `materialType`, `maxStackSize`, `maxStructure`, `radar`, `pscript`, `spellId`, `stackSize`, `structure`, `targetTypeId`, `usability`, `useRadius`, `validLocations`, `value`, `workmanship`, `animationFrameId`, `defaultScript`, `defaultScriptIntensity`, `elasticity`, `friction`, `locationId`, `modelTableId`, `objectScale`, `physicsBitField`, `physicsTableId`, `motionTableId`, `soundTableId`, `physicsState`, `translucency`)
VALUES (15671, 'Deepvale Cottages Portal', 65536, 0, 0, 0, 262164, 0, 0, 0, 0, 0, 0, 8388656, 0, 100667499, 0, 0, 0, 0, 0, 0, 0, 0, 4, 0, 0, 0, 0, 0, 32, -0.1, 0, 0, 0, 0, 0, 0, 0, 0, 0, 33554867, 0, 98307, 0, 150994947, 0, 3084, 0);

INSERT INTO weenie_class (`weenieClassId`, `baseAceObjectId`)
VALUES (15671, 15671);

INSERT INTO `base_ace_object` (`baseAceObjectId`, `name`, `typeId`, `paletteId`, `ammoType`, `blipColor`, `bitField`, `burden`, `combatUse`, `cooldownDuration`, `cooldownId`, `effects`, `containersCapacity`, `header`, `hookTypeId`, `iconId`, `iconOverlayId`, `iconUnderlayId`, `hookItemTypes`, `itemsCapacity`, `location`, `materialType`, `maxStackSize`, `maxStructure`, `radar`, `pscript`, `spellId`, `stackSize`, `structure`, `targetTypeId`, `usability`, `useRadius`, `validLocations`, `value`, `workmanship`, `animationFrameId`, `defaultScript`, `defaultScriptIntensity`, `elasticity`, `friction`, `locationId`, `modelTableId`, `objectScale`, `physicsBitField`, `physicsTableId`, `motionTableId`, `soundTableId`, `physicsState`, `translucency`)
VALUES (14677, 'West Zaikhal Freehold Portal', 65536, 0, 0, 0, 262164, 0, 0, 0, 0, 0, 0, 8388656, 0, 100667499, 0, 0, 0, 0, 0, 0, 0, 0, 4, 0, 0, 0, 0, 0, 32, -0.1, 0, 0, 0, 0, 0, 0, 0, 0, 0, 33554867, 0, 98307, 0, 150994947, 0, 3084, 0);

INSERT INTO weenie_class (`weenieClassId`, `baseAceObjectId`)
VALUES (14677, 14677);

INSERT INTO `base_ace_object` (`baseAceObjectId`, `name`, `typeId`, `paletteId`, `ammoType`, `blipColor`, `bitField`, `burden`, `combatUse`, `cooldownDuration`, `cooldownId`, `effects`, `containersCapacity`, `header`, `hookTypeId`, `iconId`, `iconOverlayId`, `iconUnderlayId`, `hookItemTypes`, `itemsCapacity`, `location`, `materialType`, `maxStackSize`, `maxStructure`, `radar`, `pscript`, `spellId`, `stackSize`, `structure`, `targetTypeId`, `usability`, `useRadius`, `validLocations`, `value`, `workmanship`, `animationFrameId`, `defaultScript`, `defaultScriptIntensity`, `elasticity`, `friction`, `locationId`, `modelTableId`, `objectScale`, `physicsBitField`, `physicsTableId`, `motionTableId`, `soundTableId`, `physicsState`, `translucency`)
VALUES (14669, 'Stonebend Cottages Portal', 65536, 0, 0, 0, 262164, 0, 0, 0, 0, 0, 0, 8388656, 0, 100667499, 0, 0, 0, 0, 0, 0, 0, 0, 4, 0, 0, 0, 0, 0, 32, -0.1, 0, 0, 0, 0, 0, 0, 0, 0, 0, 33554867, 0, 98307, 0, 150994947, 0, 3084, 0);

INSERT INTO weenie_class (`weenieClassId`, `baseAceObjectId`)
VALUES (14669, 14669);

INSERT INTO `base_ace_object` (`baseAceObjectId`, `name`, `typeId`, `paletteId`, `ammoType`, `blipColor`, `bitField`, `burden`, `combatUse`, `cooldownDuration`, `cooldownId`, `effects`, `containersCapacity`, `header`, `hookTypeId`, `iconId`, `iconOverlayId`, `iconUnderlayId`, `hookItemTypes`, `itemsCapacity`, `location`, `materialType`, `maxStackSize`, `maxStructure`, `radar`, `pscript`, `spellId`, `stackSize`, `structure`, `targetTypeId`, `usability`, `useRadius`, `validLocations`, `value`, `workmanship`, `animationFrameId`, `defaultScript`, `defaultScriptIntensity`, `elasticity`, `friction`, `locationId`, `modelTableId`, `objectScale`, `physicsBitField`, `physicsTableId`, `motionTableId`, `soundTableId`, `physicsState`, `translucency`)
VALUES (4572, 'Destroyed Portal to Khayyaban', 65536, 0, 0, 0, 262164, 0, 0, 0, 0, 0, 0, 48, 0, 100667499, 0, 0, 0, 0, 0, 0, 0, 0, 0, 0, 0, 0, 0, 0, 1, -0.1, 0, 0, 0, 0, 0, 0, 0, 0, 0, 33561060, 0, 98307, 0, 150995314, 0, 3092, 0);

INSERT INTO weenie_class (`weenieClassId`, `baseAceObjectId`)
VALUES (4572, 4572);

INSERT INTO `base_ace_object` (`baseAceObjectId`, `name`, `typeId`, `paletteId`, `ammoType`, `blipColor`, `bitField`, `burden`, `combatUse`, `cooldownDuration`, `cooldownId`, `effects`, `containersCapacity`, `header`, `hookTypeId`, `iconId`, `iconOverlayId`, `iconUnderlayId`, `hookItemTypes`, `itemsCapacity`, `location`, `materialType`, `maxStackSize`, `maxStructure`, `radar`, `pscript`, `spellId`, `stackSize`, `structure`, `targetTypeId`, `usability`, `useRadius`, `validLocations`, `value`, `workmanship`, `animationFrameId`, `defaultScript`, `defaultScriptIntensity`, `elasticity`, `friction`, `locationId`, `modelTableId`, `objectScale`, `physicsBitField`, `physicsTableId`, `motionTableId`, `soundTableId`, `physicsState`, `translucency`)
VALUES (6089, 'Al-Jalima Meeting Hall Portal', 65536, 0, 0, 0, 262164, 0, 0, 0, 0, 0, 0, 8388656, 0, 100667499, 0, 0, 0, 0, 0, 0, 0, 0, 4, 0, 0, 0, 0, 0, 32, -0.1, 0, 0, 0, 0, 0, 0, 0, 0, 0, 33554867, 0, 98307, 0, 150994947, 0, 3084, 0);

INSERT INTO weenie_class (`weenieClassId`, `baseAceObjectId`)
VALUES (6089, 6089);

INSERT INTO `base_ace_object` (`baseAceObjectId`, `name`, `typeId`, `paletteId`, `ammoType`, `blipColor`, `bitField`, `burden`, `combatUse`, `cooldownDuration`, `cooldownId`, `effects`, `containersCapacity`, `header`, `hookTypeId`, `iconId`, `iconOverlayId`, `iconUnderlayId`, `hookItemTypes`, `itemsCapacity`, `location`, `materialType`, `maxStackSize`, `maxStructure`, `radar`, `pscript`, `spellId`, `stackSize`, `structure`, `targetTypeId`, `usability`, `useRadius`, `validLocations`, `value`, `workmanship`, `animationFrameId`, `defaultScript`, `defaultScriptIntensity`, `elasticity`, `friction`, `locationId`, `modelTableId`, `objectScale`, `physicsBitField`, `physicsTableId`, `motionTableId`, `soundTableId`, `physicsState`, `translucency`)
VALUES (15156, 'East Al-Jalima Villas Portal', 65536, 0, 0, 0, 262164, 0, 0, 0, 0, 0, 0, 8388656, 0, 100667499, 0, 0, 0, 0, 0, 0, 0, 0, 4, 0, 0, 0, 0, 0, 32, -0.1, 0, 0, 0, 0, 0, 0, 0, 0, 0, 33554867, 0, 98307, 0, 150994947, 0, 3084, 0);

INSERT INTO weenie_class (`weenieClassId`, `baseAceObjectId`)
VALUES (15156, 15156);

INSERT INTO `base_ace_object` (`baseAceObjectId`, `name`, `typeId`, `paletteId`, `ammoType`, `blipColor`, `bitField`, `burden`, `combatUse`, `cooldownDuration`, `cooldownId`, `effects`, `containersCapacity`, `header`, `hookTypeId`, `iconId`, `iconOverlayId`, `iconUnderlayId`, `hookItemTypes`, `itemsCapacity`, `location`, `materialType`, `maxStackSize`, `maxStructure`, `radar`, `pscript`, `spellId`, `stackSize`, `structure`, `targetTypeId`, `usability`, `useRadius`, `validLocations`, `value`, `workmanship`, `animationFrameId`, `defaultScript`, `defaultScriptIntensity`, `elasticity`, `friction`, `locationId`, `modelTableId`, `objectScale`, `physicsBitField`, `physicsTableId`, `motionTableId`, `soundTableId`, `physicsState`, `translucency`)
VALUES (15164, 'Mirthless Dale Portal', 65536, 0, 0, 0, 262164, 0, 0, 0, 0, 0, 0, 8388656, 0, 100667499, 0, 0, 0, 0, 0, 0, 0, 0, 4, 0, 0, 0, 0, 0, 32, -0.1, 0, 0, 0, 0, 0, 0, 0, 0, 0, 33554867, 0, 98307, 0, 150994947, 0, 3084, 0);

INSERT INTO weenie_class (`weenieClassId`, `baseAceObjectId`)
VALUES (15164, 15164);

INSERT INTO `base_ace_object` (`baseAceObjectId`, `name`, `typeId`, `paletteId`, `ammoType`, `blipColor`, `bitField`, `burden`, `combatUse`, `cooldownDuration`, `cooldownId`, `effects`, `containersCapacity`, `header`, `hookTypeId`, `iconId`, `iconOverlayId`, `iconUnderlayId`, `hookItemTypes`, `itemsCapacity`, `location`, `materialType`, `maxStackSize`, `maxStructure`, `radar`, `pscript`, `spellId`, `stackSize`, `structure`, `targetTypeId`, `usability`, `useRadius`, `validLocations`, `value`, `workmanship`, `animationFrameId`, `defaultScript`, `defaultScriptIntensity`, `elasticity`, `friction`, `locationId`, `modelTableId`, `objectScale`, `physicsBitField`, `physicsTableId`, `motionTableId`, `soundTableId`, `physicsState`, `translucency`)
VALUES (12499, 'Four Towers Settlement Portal', 65536, 0, 0, 0, 262164, 0, 0, 0, 0, 0, 0, 8388656, 0, 100667499, 0, 0, 0, 0, 0, 0, 0, 0, 4, 0, 0, 0, 0, 0, 32, -0.1, 0, 0, 0, 0, 0, 0, 0, 0, 0, 33554867, 0, 98307, 0, 150994947, 0, 3084, 0);

INSERT INTO weenie_class (`weenieClassId`, `baseAceObjectId`)
VALUES (12499, 12499);

INSERT INTO `base_ace_object` (`baseAceObjectId`, `name`, `typeId`, `paletteId`, `ammoType`, `blipColor`, `bitField`, `burden`, `combatUse`, `cooldownDuration`, `cooldownId`, `effects`, `containersCapacity`, `header`, `hookTypeId`, `iconId`, `iconOverlayId`, `iconUnderlayId`, `hookItemTypes`, `itemsCapacity`, `location`, `materialType`, `maxStackSize`, `maxStructure`, `radar`, `pscript`, `spellId`, `stackSize`, `structure`, `targetTypeId`, `usability`, `useRadius`, `validLocations`, `value`, `workmanship`, `animationFrameId`, `defaultScript`, `defaultScriptIntensity`, `elasticity`, `friction`, `locationId`, `modelTableId`, `objectScale`, `physicsBitField`, `physicsTableId`, `motionTableId`, `soundTableId`, `physicsState`, `translucency`)
VALUES (12476, 'Bay of Sands Portal', 65536, 0, 0, 0, 262164, 0, 0, 0, 0, 0, 0, 8388656, 0, 100667499, 0, 0, 0, 0, 0, 0, 0, 0, 4, 0, 0, 0, 0, 0, 32, -0.1, 0, 0, 0, 0, 0, 0, 0, 0, 0, 33554867, 0, 98307, 0, 150994947, 0, 3084, 0);

INSERT INTO weenie_class (`weenieClassId`, `baseAceObjectId`)
VALUES (12476, 12476);

INSERT INTO `base_ace_object` (`baseAceObjectId`, `name`, `typeId`, `paletteId`, `ammoType`, `blipColor`, `bitField`, `burden`, `combatUse`, `cooldownDuration`, `cooldownId`, `effects`, `containersCapacity`, `header`, `hookTypeId`, `iconId`, `iconOverlayId`, `iconUnderlayId`, `hookItemTypes`, `itemsCapacity`, `location`, `materialType`, `maxStackSize`, `maxStructure`, `radar`, `pscript`, `spellId`, `stackSize`, `structure`, `targetTypeId`, `usability`, `useRadius`, `validLocations`, `value`, `workmanship`, `animationFrameId`, `defaultScript`, `defaultScriptIntensity`, `elasticity`, `friction`, `locationId`, `modelTableId`, `objectScale`, `physicsBitField`, `physicsTableId`, `motionTableId`, `soundTableId`, `physicsState`, `translucency`)
VALUES (14272, 'Midsong Cottages Portal', 65536, 0, 0, 0, 262164, 0, 0, 0, 0, 0, 0, 8388656, 0, 100667499, 0, 0, 0, 0, 0, 0, 0, 0, 4, 0, 0, 0, 0, 0, 32, -0.1, 0, 0, 0, 0, 0, 0, 0, 0, 0, 33554867, 0, 98307, 0, 150994947, 0, 3084, 0);

INSERT INTO weenie_class (`weenieClassId`, `baseAceObjectId`)
VALUES (14272, 14272);

INSERT INTO `base_ace_object` (`baseAceObjectId`, `name`, `typeId`, `paletteId`, `ammoType`, `blipColor`, `bitField`, `burden`, `combatUse`, `cooldownDuration`, `cooldownId`, `effects`, `containersCapacity`, `header`, `hookTypeId`, `iconId`, `iconOverlayId`, `iconUnderlayId`, `hookItemTypes`, `itemsCapacity`, `location`, `materialType`, `maxStackSize`, `maxStructure`, `radar`, `pscript`, `spellId`, `stackSize`, `structure`, `targetTypeId`, `usability`, `useRadius`, `validLocations`, `value`, `workmanship`, `animationFrameId`, `defaultScript`, `defaultScriptIntensity`, `elasticity`, `friction`, `locationId`, `modelTableId`, `objectScale`, `physicsBitField`, `physicsTableId`, `motionTableId`, `soundTableId`, `physicsState`, `translucency`)
VALUES (14267, 'Jackcat Canyon Portal', 65536, 0, 0, 0, 262164, 0, 0, 0, 0, 0, 0, 8388656, 0, 100667499, 0, 0, 0, 0, 0, 0, 0, 0, 4, 0, 0, 0, 0, 0, 32, -0.1, 0, 0, 0, 0, 0, 0, 0, 0, 0, 33554867, 0, 98307, 0, 150994947, 0, 3084, 0);

INSERT INTO weenie_class (`weenieClassId`, `baseAceObjectId`)
VALUES (14267, 14267);

INSERT INTO `base_ace_object` (`baseAceObjectId`, `name`, `typeId`, `paletteId`, `ammoType`, `blipColor`, `bitField`, `burden`, `combatUse`, `cooldownDuration`, `cooldownId`, `effects`, `containersCapacity`, `header`, `hookTypeId`, `iconId`, `iconOverlayId`, `iconUnderlayId`, `hookItemTypes`, `itemsCapacity`, `location`, `materialType`, `maxStackSize`, `maxStructure`, `radar`, `pscript`, `spellId`, `stackSize`, `structure`, `targetTypeId`, `usability`, `useRadius`, `validLocations`, `value`, `workmanship`, `animationFrameId`, `defaultScript`, `defaultScriptIntensity`, `elasticity`, `friction`, `locationId`, `modelTableId`, `objectScale`, `physicsBitField`, `physicsTableId`, `motionTableId`, `soundTableId`, `physicsState`, `translucency`)
VALUES (12525, 'Musansayn Portal', 65536, 0, 0, 0, 262164, 0, 0, 0, 0, 0, 0, 8388656, 0, 100667499, 0, 0, 0, 0, 0, 0, 0, 0, 4, 0, 0, 0, 0, 0, 32, -0.1, 0, 0, 0, 0, 0, 0, 0, 0, 0, 33554867, 0, 98307, 0, 150994947, 0, 3084, 0);

INSERT INTO weenie_class (`weenieClassId`, `baseAceObjectId`)
VALUES (12525, 12525);

INSERT INTO `base_ace_object` (`baseAceObjectId`, `name`, `typeId`, `paletteId`, `ammoType`, `blipColor`, `bitField`, `burden`, `combatUse`, `cooldownDuration`, `cooldownId`, `effects`, `containersCapacity`, `header`, `hookTypeId`, `iconId`, `iconOverlayId`, `iconUnderlayId`, `hookItemTypes`, `itemsCapacity`, `location`, `materialType`, `maxStackSize`, `maxStructure`, `radar`, `pscript`, `spellId`, `stackSize`, `structure`, `targetTypeId`, `usability`, `useRadius`, `validLocations`, `value`, `workmanship`, `animationFrameId`, `defaultScript`, `defaultScriptIntensity`, `elasticity`, `friction`, `locationId`, `modelTableId`, `objectScale`, `physicsBitField`, `physicsTableId`, `motionTableId`, `soundTableId`, `physicsState`, `translucency`)
VALUES (15678, 'Nidal-Taraq Villas Portal', 65536, 0, 0, 0, 262164, 0, 0, 0, 0, 0, 0, 8388656, 0, 100667499, 0, 0, 0, 0, 0, 0, 0, 0, 4, 0, 0, 0, 0, 0, 32, -0.1, 0, 0, 0, 0, 0, 0, 0, 0, 0, 33554867, 0, 98307, 0, 150994947, 0, 3084, 0);

INSERT INTO weenie_class (`weenieClassId`, `baseAceObjectId`)
VALUES (15678, 15678);

INSERT INTO `base_ace_object` (`baseAceObjectId`, `name`, `typeId`, `paletteId`, `ammoType`, `blipColor`, `bitField`, `burden`, `combatUse`, `cooldownDuration`, `cooldownId`, `effects`, `containersCapacity`, `header`, `hookTypeId`, `iconId`, `iconOverlayId`, `iconUnderlayId`, `hookItemTypes`, `itemsCapacity`, `location`, `materialType`, `maxStackSize`, `maxStructure`, `radar`, `pscript`, `spellId`, `stackSize`, `structure`, `targetTypeId`, `usability`, `useRadius`, `validLocations`, `value`, `workmanship`, `animationFrameId`, `defaultScript`, `defaultScriptIntensity`, `elasticity`, `friction`, `locationId`, `modelTableId`, `objectScale`, `physicsBitField`, `physicsTableId`, `motionTableId`, `soundTableId`, `physicsState`, `translucency`)
VALUES (15171, 'Mahara Cottages Portal', 65536, 0, 0, 0, 262164, 0, 0, 0, 0, 0, 0, 8388656, 0, 100667499, 0, 0, 0, 0, 0, 0, 0, 0, 4, 0, 0, 0, 0, 0, 32, -0.1, 0, 0, 0, 0, 0, 0, 0, 0, 0, 33554867, 0, 98307, 0, 150994947, 0, 3084, 0);

INSERT INTO weenie_class (`weenieClassId`, `baseAceObjectId`)
VALUES (15171, 15171);

INSERT INTO `base_ace_object` (`baseAceObjectId`, `name`, `typeId`, `paletteId`, `ammoType`, `blipColor`, `bitField`, `burden`, `combatUse`, `cooldownDuration`, `cooldownId`, `effects`, `containersCapacity`, `header`, `hookTypeId`, `iconId`, `iconOverlayId`, `iconUnderlayId`, `hookItemTypes`, `itemsCapacity`, `location`, `materialType`, `maxStackSize`, `maxStructure`, `radar`, `pscript`, `spellId`, `stackSize`, `structure`, `targetTypeId`, `usability`, `useRadius`, `validLocations`, `value`, `workmanship`, `animationFrameId`, `defaultScript`, `defaultScriptIntensity`, `elasticity`, `friction`, `locationId`, `modelTableId`, `objectScale`, `physicsBitField`, `physicsTableId`, `motionTableId`, `soundTableId`, `physicsState`, `translucency`)
VALUES (15176, 'Mimiana Villas Portal', 65536, 0, 0, 0, 262164, 0, 0, 0, 0, 0, 0, 8388656, 0, 100667499, 0, 0, 0, 0, 0, 0, 0, 0, 4, 0, 0, 0, 0, 0, 32, -0.1, 0, 0, 0, 0, 0, 0, 0, 0, 0, 33554867, 0, 98307, 0, 150994947, 0, 3084, 0);

INSERT INTO weenie_class (`weenieClassId`, `baseAceObjectId`)
VALUES (15176, 15176);

INSERT INTO `base_ace_object` (`baseAceObjectId`, `name`, `typeId`, `paletteId`, `ammoType`, `blipColor`, `bitField`, `burden`, `combatUse`, `cooldownDuration`, `cooldownId`, `effects`, `containersCapacity`, `header`, `hookTypeId`, `iconId`, `iconOverlayId`, `iconUnderlayId`, `hookItemTypes`, `itemsCapacity`, `location`, `materialType`, `maxStackSize`, `maxStructure`, `radar`, `pscript`, `spellId`, `stackSize`, `structure`, `targetTypeId`, `usability`, `useRadius`, `validLocations`, `value`, `workmanship`, `animationFrameId`, `defaultScript`, `defaultScriptIntensity`, `elasticity`, `friction`, `locationId`, `modelTableId`, `objectScale`, `physicsBitField`, `physicsTableId`, `motionTableId`, `soundTableId`, `physicsState`, `translucency`)
VALUES (14610, 'Al-Arqis Cottages Portal', 65536, 0, 0, 0, 262164, 0, 0, 0, 0, 0, 0, 8388656, 0, 100667499, 0, 0, 0, 0, 0, 0, 0, 0, 4, 0, 0, 0, 0, 0, 32, -0.1, 0, 0, 0, 0, 0, 0, 0, 0, 0, 33554867, 0, 98307, 0, 150994947, 0, 3084, 0);

INSERT INTO weenie_class (`weenieClassId`, `baseAceObjectId`)
VALUES (14610, 14610);

INSERT INTO `base_ace_object` (`baseAceObjectId`, `name`, `typeId`, `paletteId`, `ammoType`, `blipColor`, `bitField`, `burden`, `combatUse`, `cooldownDuration`, `cooldownId`, `effects`, `containersCapacity`, `header`, `hookTypeId`, `iconId`, `iconOverlayId`, `iconUnderlayId`, `hookItemTypes`, `itemsCapacity`, `location`, `materialType`, `maxStackSize`, `maxStructure`, `radar`, `pscript`, `spellId`, `stackSize`, `structure`, `targetTypeId`, `usability`, `useRadius`, `validLocations`, `value`, `workmanship`, `animationFrameId`, `defaultScript`, `defaultScriptIntensity`, `elasticity`, `friction`, `locationId`, `modelTableId`, `objectScale`, `physicsBitField`, `physicsTableId`, `motionTableId`, `soundTableId`, `physicsState`, `translucency`)
VALUES (13095, 'Bucolic Villas Portal', 65536, 0, 0, 0, 262164, 0, 0, 0, 0, 0, 0, 8388656, 0, 100667499, 0, 0, 0, 0, 0, 0, 0, 0, 4, 0, 0, 0, 0, 0, 32, -0.1, 0, 0, 0, 0, 0, 0, 0, 0, 0, 33554867, 0, 98307, 0, 150994947, 0, 3084, 0);

INSERT INTO weenie_class (`weenieClassId`, `baseAceObjectId`)
VALUES (13095, 13095);

INSERT INTO `base_ace_object` (`baseAceObjectId`, `name`, `typeId`, `paletteId`, `ammoType`, `blipColor`, `bitField`, `burden`, `combatUse`, `cooldownDuration`, `cooldownId`, `effects`, `containersCapacity`, `header`, `hookTypeId`, `iconId`, `iconOverlayId`, `iconUnderlayId`, `hookItemTypes`, `itemsCapacity`, `location`, `materialType`, `maxStackSize`, `maxStructure`, `radar`, `pscript`, `spellId`, `stackSize`, `structure`, `targetTypeId`, `usability`, `useRadius`, `validLocations`, `value`, `workmanship`, `animationFrameId`, `defaultScript`, `defaultScriptIntensity`, `elasticity`, `friction`, `locationId`, `modelTableId`, `objectScale`, `physicsBitField`, `physicsTableId`, `motionTableId`, `soundTableId`, `physicsState`, `translucency`)
VALUES (14251, 'Alfreth Ridge Cottages Portal', 65536, 0, 0, 0, 262164, 0, 0, 0, 0, 0, 0, 8388656, 0, 100667499, 0, 0, 0, 0, 0, 0, 0, 0, 4, 0, 0, 0, 0, 0, 32, -0.1, 0, 0, 0, 0, 0, 0, 0, 0, 0, 33554867, 0, 98307, 0, 150994947, 0, 3084, 0);

INSERT INTO weenie_class (`weenieClassId`, `baseAceObjectId`)
VALUES (14251, 14251);

INSERT INTO `base_ace_object` (`baseAceObjectId`, `name`, `typeId`, `paletteId`, `ammoType`, `blipColor`, `bitField`, `burden`, `combatUse`, `cooldownDuration`, `cooldownId`, `effects`, `containersCapacity`, `header`, `hookTypeId`, `iconId`, `iconOverlayId`, `iconUnderlayId`, `hookItemTypes`, `itemsCapacity`, `location`, `materialType`, `maxStackSize`, `maxStructure`, `radar`, `pscript`, `spellId`, `stackSize`, `structure`, `targetTypeId`, `usability`, `useRadius`, `validLocations`, `value`, `workmanship`, `animationFrameId`, `defaultScript`, `defaultScriptIntensity`, `elasticity`, `friction`, `locationId`, `modelTableId`, `objectScale`, `physicsBitField`, `physicsTableId`, `motionTableId`, `soundTableId`, `physicsState`, `translucency`)
VALUES (19156, 'Reviled Maw Cottages Portal', 65536, 0, 0, 0, 262164, 0, 0, 0, 0, 0, 0, 8388656, 0, 100667499, 0, 0, 0, 0, 0, 0, 0, 0, 4, 0, 0, 0, 0, 0, 32, -0.1, 0, 0, 0, 0, 0, 0, 0, 0, 0, 33554867, 0, 98307, 0, 150994947, 0, 3084, 0);

INSERT INTO weenie_class (`weenieClassId`, `baseAceObjectId`)
VALUES (19156, 19156);

INSERT INTO `base_ace_object` (`baseAceObjectId`, `name`, `typeId`, `paletteId`, `ammoType`, `blipColor`, `bitField`, `burden`, `combatUse`, `cooldownDuration`, `cooldownId`, `effects`, `containersCapacity`, `header`, `hookTypeId`, `iconId`, `iconOverlayId`, `iconUnderlayId`, `hookItemTypes`, `itemsCapacity`, `location`, `materialType`, `maxStackSize`, `maxStructure`, `radar`, `pscript`, `spellId`, `stackSize`, `structure`, `targetTypeId`, `usability`, `useRadius`, `validLocations`, `value`, `workmanship`, `animationFrameId`, `defaultScript`, `defaultScriptIntensity`, `elasticity`, `friction`, `locationId`, `modelTableId`, `objectScale`, `physicsBitField`, `physicsTableId`, `motionTableId`, `soundTableId`, `physicsState`, `translucency`)
VALUES (14631, 'Fearnot Valley Cottages Portal', 65536, 0, 0, 0, 262164, 0, 0, 0, 0, 0, 0, 8388656, 0, 100667499, 0, 0, 0, 0, 0, 0, 0, 0, 4, 0, 0, 0, 0, 0, 32, -0.1, 0, 0, 0, 0, 0, 0, 0, 0, 0, 33554867, 0, 98307, 0, 150994947, 0, 3084, 0);

INSERT INTO weenie_class (`weenieClassId`, `baseAceObjectId`)
VALUES (14631, 14631);

INSERT INTO `base_ace_object` (`baseAceObjectId`, `name`, `typeId`, `paletteId`, `ammoType`, `blipColor`, `bitField`, `burden`, `combatUse`, `cooldownDuration`, `cooldownId`, `effects`, `containersCapacity`, `header`, `hookTypeId`, `iconId`, `iconOverlayId`, `iconUnderlayId`, `hookItemTypes`, `itemsCapacity`, `location`, `materialType`, `maxStackSize`, `maxStructure`, `radar`, `pscript`, `spellId`, `stackSize`, `structure`, `targetTypeId`, `usability`, `useRadius`, `validLocations`, `value`, `workmanship`, `animationFrameId`, `defaultScript`, `defaultScriptIntensity`, `elasticity`, `friction`, `locationId`, `modelTableId`, `objectScale`, `physicsBitField`, `physicsTableId`, `motionTableId`, `soundTableId`, `physicsState`, `translucency`)
VALUES (14259, 'Dillo Butte Settlement Portal', 65536, 0, 0, 0, 262164, 0, 0, 0, 0, 0, 0, 8388656, 0, 100667499, 0, 0, 0, 0, 0, 0, 0, 0, 4, 0, 0, 0, 0, 0, 32, -0.1, 0, 0, 0, 0, 0, 0, 0, 0, 0, 33554867, 0, 98307, 0, 150994947, 0, 3084, 0);

INSERT INTO weenie_class (`weenieClassId`, `baseAceObjectId`)
VALUES (14259, 14259);

INSERT INTO `base_ace_object` (`baseAceObjectId`, `name`, `typeId`, `paletteId`, `ammoType`, `blipColor`, `bitField`, `burden`, `combatUse`, `cooldownDuration`, `cooldownId`, `effects`, `containersCapacity`, `header`, `hookTypeId`, `iconId`, `iconOverlayId`, `iconUnderlayId`, `hookItemTypes`, `itemsCapacity`, `location`, `materialType`, `maxStackSize`, `maxStructure`, `radar`, `pscript`, `spellId`, `stackSize`, `structure`, `targetTypeId`, `usability`, `useRadius`, `validLocations`, `value`, `workmanship`, `animationFrameId`, `defaultScript`, `defaultScriptIntensity`, `elasticity`, `friction`, `locationId`, `modelTableId`, `objectScale`, `physicsBitField`, `physicsTableId`, `motionTableId`, `soundTableId`, `physicsState`, `translucency`)
VALUES (19162, 'Tusker Notch Portal', 65536, 0, 0, 0, 262164, 0, 0, 0, 0, 0, 0, 8388656, 0, 100667499, 0, 0, 0, 0, 0, 0, 0, 0, 4, 0, 0, 0, 0, 0, 32, -0.1, 0, 0, 0, 0, 0, 0, 0, 0, 0, 33554867, 0, 98307, 0, 150994947, 0, 3084, 0);

INSERT INTO weenie_class (`weenieClassId`, `baseAceObjectId`)
VALUES (19162, 19162);

INSERT INTO `base_ace_object` (`baseAceObjectId`, `name`, `typeId`, `paletteId`, `ammoType`, `blipColor`, `bitField`, `burden`, `combatUse`, `cooldownDuration`, `cooldownId`, `effects`, `containersCapacity`, `header`, `hookTypeId`, `iconId`, `iconOverlayId`, `iconUnderlayId`, `hookItemTypes`, `itemsCapacity`, `location`, `materialType`, `maxStackSize`, `maxStructure`, `radar`, `pscript`, `spellId`, `stackSize`, `structure`, `targetTypeId`, `usability`, `useRadius`, `validLocations`, `value`, `workmanship`, `animationFrameId`, `defaultScript`, `defaultScriptIntensity`, `elasticity`, `friction`, `locationId`, `modelTableId`, `objectScale`, `physicsBitField`, `physicsTableId`, `motionTableId`, `soundTableId`, `physicsState`, `translucency`)
VALUES (19165, 'Unified Heart Villas Portal', 65536, 0, 0, 0, 262164, 0, 0, 0, 0, 0, 0, 8388656, 0, 100667499, 0, 0, 0, 0, 0, 0, 0, 0, 4, 0, 0, 0, 0, 0, 32, -0.1, 0, 0, 0, 0, 0, 0, 0, 0, 0, 33554867, 0, 98307, 0, 150994947, 0, 3084, 0);

INSERT INTO weenie_class (`weenieClassId`, `baseAceObjectId`)
VALUES (19165, 19165);

INSERT INTO `base_ace_object` (`baseAceObjectId`, `name`, `typeId`, `paletteId`, `ammoType`, `blipColor`, `bitField`, `burden`, `combatUse`, `cooldownDuration`, `cooldownId`, `effects`, `containersCapacity`, `header`, `hookTypeId`, `iconId`, `iconOverlayId`, `iconUnderlayId`, `hookItemTypes`, `itemsCapacity`, `location`, `materialType`, `maxStackSize`, `maxStructure`, `radar`, `pscript`, `spellId`, `stackSize`, `structure`, `targetTypeId`, `usability`, `useRadius`, `validLocations`, `value`, `workmanship`, `animationFrameId`, `defaultScript`, `defaultScriptIntensity`, `elasticity`, `friction`, `locationId`, `modelTableId`, `objectScale`, `physicsBitField`, `physicsTableId`, `motionTableId`, `soundTableId`, `physicsState`, `translucency`)
VALUES (5517, 'Forbidden Crypts Portal', 65536, 0, 0, 0, 262164, 0, 0, 0, 0, 0, 0, 8388656, 0, 100667499, 0, 0, 0, 0, 0, 0, 0, 0, 4, 0, 0, 0, 0, 0, 32, -0.1, 0, 0, 0, 0, 0, 0, 0, 0, 0, 33555923, 0, 98307, 0, 150994947, 0, 3084, 0);

INSERT INTO weenie_class (`weenieClassId`, `baseAceObjectId`)
VALUES (5517, 5517);

INSERT INTO `base_ace_object` (`baseAceObjectId`, `name`, `typeId`, `paletteId`, `ammoType`, `blipColor`, `bitField`, `burden`, `combatUse`, `cooldownDuration`, `cooldownId`, `effects`, `containersCapacity`, `header`, `hookTypeId`, `iconId`, `iconOverlayId`, `iconUnderlayId`, `hookItemTypes`, `itemsCapacity`, `location`, `materialType`, `maxStackSize`, `maxStructure`, `radar`, `pscript`, `spellId`, `stackSize`, `structure`, `targetTypeId`, `usability`, `useRadius`, `validLocations`, `value`, `workmanship`, `animationFrameId`, `defaultScript`, `defaultScriptIntensity`, `elasticity`, `friction`, `locationId`, `modelTableId`, `objectScale`, `physicsBitField`, `physicsTableId`, `motionTableId`, `soundTableId`, `physicsState`, `translucency`)
VALUES (9410, 'Outside Linvak Tukal', 65536, 0, 0, 0, 262164, 0, 0, 0, 0, 0, 0, 8388656, 0, 100667499, 0, 0, 0, 0, 0, 0, 0, 0, 4, 0, 0, 0, 0, 0, 32, -0.1, 0, 0, 0, 0, 0, 0, 0, 0, 0, 33554867, 0, 98307, 0, 150994947, 0, 3084, 0);

INSERT INTO weenie_class (`weenieClassId`, `baseAceObjectId`)
VALUES (9410, 9410);

INSERT INTO `base_ace_object` (`baseAceObjectId`, `name`, `typeId`, `paletteId`, `ammoType`, `blipColor`, `bitField`, `burden`, `combatUse`, `cooldownDuration`, `cooldownId`, `effects`, `containersCapacity`, `header`, `hookTypeId`, `iconId`, `iconOverlayId`, `iconUnderlayId`, `hookItemTypes`, `itemsCapacity`, `location`, `materialType`, `maxStackSize`, `maxStructure`, `radar`, `pscript`, `spellId`, `stackSize`, `structure`, `targetTypeId`, `usability`, `useRadius`, `validLocations`, `value`, `workmanship`, `animationFrameId`, `defaultScript`, `defaultScriptIntensity`, `elasticity`, `friction`, `locationId`, `modelTableId`, `objectScale`, `physicsBitField`, `physicsTableId`, `motionTableId`, `soundTableId`, `physicsState`, `translucency`)
VALUES (32996, 'Dardante''s Workshop', 65536, 0, 0, 0, 262164, 0, 0, 0, 0, 0, 0, 8388656, 0, 100667499, 0, 0, 0, 0, 0, 0, 0, 0, 4, 0, 0, 0, 0, 0, 32, -0.1, 0, 0, 0, 0, 0, 0, 0, 0, 0, 33555925, 0, 98307, 0, 150994947, 0, 3084, 0);

INSERT INTO weenie_class (`weenieClassId`, `baseAceObjectId`)
VALUES (32996, 32996);

INSERT INTO `base_ace_object` (`baseAceObjectId`, `name`, `typeId`, `paletteId`, `ammoType`, `blipColor`, `bitField`, `burden`, `combatUse`, `cooldownDuration`, `cooldownId`, `effects`, `containersCapacity`, `header`, `hookTypeId`, `iconId`, `iconOverlayId`, `iconUnderlayId`, `hookItemTypes`, `itemsCapacity`, `location`, `materialType`, `maxStackSize`, `maxStructure`, `radar`, `pscript`, `spellId`, `stackSize`, `structure`, `targetTypeId`, `usability`, `useRadius`, `validLocations`, `value`, `workmanship`, `animationFrameId`, `defaultScript`, `defaultScriptIntensity`, `elasticity`, `friction`, `locationId`, `modelTableId`, `objectScale`, `physicsBitField`, `physicsTableId`, `motionTableId`, `soundTableId`, `physicsState`, `translucency`)
VALUES (28713, 'Viamontian Torture Chamber', 65536, 0, 0, 0, 262164, 0, 0, 0, 0, 0, 0, 8388656, 0, 100667499, 0, 0, 0, 0, 0, 0, 0, 0, 4, 0, 0, 0, 0, 0, 32, -0.1, 0, 0, 0, 0, 0, 0, 0, 0, 0, 33555923, 0, 98307, 0, 150994947, 0, 3084, 0);

INSERT INTO weenie_class (`weenieClassId`, `baseAceObjectId`)
VALUES (28713, 28713);

INSERT INTO `base_ace_object` (`baseAceObjectId`, `name`, `typeId`, `paletteId`, `ammoType`, `blipColor`, `bitField`, `burden`, `combatUse`, `cooldownDuration`, `cooldownId`, `effects`, `containersCapacity`, `header`, `hookTypeId`, `iconId`, `iconOverlayId`, `iconUnderlayId`, `hookItemTypes`, `itemsCapacity`, `location`, `materialType`, `maxStackSize`, `maxStructure`, `radar`, `pscript`, `spellId`, `stackSize`, `structure`, `targetTypeId`, `usability`, `useRadius`, `validLocations`, `value`, `workmanship`, `animationFrameId`, `defaultScript`, `defaultScriptIntensity`, `elasticity`, `friction`, `locationId`, `modelTableId`, `objectScale`, `physicsBitField`, `physicsTableId`, `motionTableId`, `soundTableId`, `physicsState`, `translucency`)
VALUES (33016, 'Rossu Morta Chapterhouse', 65536, 0, 0, 0, 262164, 0, 0, 0, 0, 0, 0, 8388656, 0, 100667499, 0, 0, 0, 0, 0, 0, 0, 0, 4, 0, 0, 0, 0, 0, 32, -0.1, 0, 0, 0, 0, 0, 0, 0, 0, 0, 33554867, 0, 98307, 0, 150994947, 0, 3084, 0);

INSERT INTO weenie_class (`weenieClassId`, `baseAceObjectId`)
VALUES (33016, 33016);

INSERT INTO `base_ace_object` (`baseAceObjectId`, `name`, `typeId`, `paletteId`, `ammoType`, `blipColor`, `bitField`, `burden`, `combatUse`, `cooldownDuration`, `cooldownId`, `effects`, `containersCapacity`, `header`, `hookTypeId`, `iconId`, `iconOverlayId`, `iconUnderlayId`, `hookItemTypes`, `itemsCapacity`, `location`, `materialType`, `maxStackSize`, `maxStructure`, `radar`, `pscript`, `spellId`, `stackSize`, `structure`, `targetTypeId`, `usability`, `useRadius`, `validLocations`, `value`, `workmanship`, `animationFrameId`, `defaultScript`, `defaultScriptIntensity`, `elasticity`, `friction`, `locationId`, `modelTableId`, `objectScale`, `physicsBitField`, `physicsTableId`, `motionTableId`, `soundTableId`, `physicsState`, `translucency`)
VALUES (28714, 'Dericost Ruin', 65536, 0, 0, 0, 262164, 0, 0, 0, 0, 0, 0, 8388656, 0, 100667499, 0, 0, 0, 0, 0, 0, 0, 0, 4, 0, 0, 0, 0, 0, 32, -0.1, 0, 0, 0, 0, 0, 0, 0, 0, 0, 33555923, 0, 98307, 0, 150994947, 0, 3084, 0);

INSERT INTO weenie_class (`weenieClassId`, `baseAceObjectId`)
VALUES (28714, 28714);

INSERT INTO `base_ace_object` (`baseAceObjectId`, `name`, `typeId`, `paletteId`, `ammoType`, `blipColor`, `bitField`, `burden`, `combatUse`, `cooldownDuration`, `cooldownId`, `effects`, `containersCapacity`, `header`, `hookTypeId`, `iconId`, `iconOverlayId`, `iconUnderlayId`, `hookItemTypes`, `itemsCapacity`, `location`, `materialType`, `maxStackSize`, `maxStructure`, `radar`, `pscript`, `spellId`, `stackSize`, `structure`, `targetTypeId`, `usability`, `useRadius`, `validLocations`, `value`, `workmanship`, `animationFrameId`, `defaultScript`, `defaultScriptIntensity`, `elasticity`, `friction`, `locationId`, `modelTableId`, `objectScale`, `physicsBitField`, `physicsTableId`, `motionTableId`, `soundTableId`, `physicsState`, `translucency`)
VALUES (28715, 'Surface', 65536, 0, 0, 0, 262164, 0, 0, 0, 0, 0, 0, 8388656, 0, 100667499, 0, 0, 0, 0, 0, 0, 0, 0, 4, 0, 0, 0, 0, 0, 32, -0.1, 0, 0, 0, 0, 0, 0, 0, 0, 0, 33554867, 0, 98307, 0, 150994947, 0, 3084, 0);

INSERT INTO weenie_class (`weenieClassId`, `baseAceObjectId`)
VALUES (28715, 28715);

INSERT INTO `base_ace_object` (`baseAceObjectId`, `name`, `typeId`, `paletteId`, `ammoType`, `blipColor`, `bitField`, `burden`, `combatUse`, `cooldownDuration`, `cooldownId`, `effects`, `containersCapacity`, `header`, `hookTypeId`, `iconId`, `iconOverlayId`, `iconUnderlayId`, `hookItemTypes`, `itemsCapacity`, `location`, `materialType`, `maxStackSize`, `maxStructure`, `radar`, `pscript`, `spellId`, `stackSize`, `structure`, `targetTypeId`, `usability`, `useRadius`, `validLocations`, `value`, `workmanship`, `animationFrameId`, `defaultScript`, `defaultScriptIntensity`, `elasticity`, `friction`, `locationId`, `modelTableId`, `objectScale`, `physicsBitField`, `physicsTableId`, `motionTableId`, `soundTableId`, `physicsState`, `translucency`)
VALUES (1345, 'A Red Rat Lair', 65536, 0, 0, 0, 262164, 0, 0, 0, 0, 0, 0, 8388656, 0, 100667499, 0, 0, 0, 0, 0, 0, 0, 0, 4, 0, 0, 0, 0, 0, 32, -0.1, 0, 0, 0, 0, 0, 0, 0, 0, 0, 33555922, 0, 98307, 0, 150994947, 0, 3084, 0);

INSERT INTO weenie_class (`weenieClassId`, `baseAceObjectId`)
VALUES (1345, 1345);

INSERT INTO `base_ace_object` (`baseAceObjectId`, `name`, `typeId`, `paletteId`, `ammoType`, `blipColor`, `bitField`, `burden`, `combatUse`, `cooldownDuration`, `cooldownId`, `effects`, `containersCapacity`, `header`, `hookTypeId`, `iconId`, `iconOverlayId`, `iconUnderlayId`, `hookItemTypes`, `itemsCapacity`, `location`, `materialType`, `maxStackSize`, `maxStructure`, `radar`, `pscript`, `spellId`, `stackSize`, `structure`, `targetTypeId`, `usability`, `useRadius`, `validLocations`, `value`, `workmanship`, `animationFrameId`, `defaultScript`, `defaultScriptIntensity`, `elasticity`, `friction`, `locationId`, `modelTableId`, `objectScale`, `physicsBitField`, `physicsTableId`, `motionTableId`, `soundTableId`, `physicsState`, `translucency`)
VALUES (29502, 'Hall of Karlun', 65536, 0, 0, 0, 262164, 0, 0, 0, 0, 0, 0, 8388656, 0, 100667499, 0, 0, 0, 0, 0, 0, 0, 0, 4, 0, 0, 0, 0, 0, 32, -0.1, 0, 0, 0, 0, 0, 0, 0, 0, 0, 33555925, 0, 98307, 0, 150994947, 0, 3084, 0);

INSERT INTO weenie_class (`weenieClassId`, `baseAceObjectId`)
VALUES (29502, 29502);

INSERT INTO `base_ace_object` (`baseAceObjectId`, `name`, `typeId`, `paletteId`, `ammoType`, `blipColor`, `bitField`, `burden`, `combatUse`, `cooldownDuration`, `cooldownId`, `effects`, `containersCapacity`, `header`, `hookTypeId`, `iconId`, `iconOverlayId`, `iconUnderlayId`, `hookItemTypes`, `itemsCapacity`, `location`, `materialType`, `maxStackSize`, `maxStructure`, `radar`, `pscript`, `spellId`, `stackSize`, `structure`, `targetTypeId`, `usability`, `useRadius`, `validLocations`, `value`, `workmanship`, `animationFrameId`, `defaultScript`, `defaultScriptIntensity`, `elasticity`, `friction`, `locationId`, `modelTableId`, `objectScale`, `physicsBitField`, `physicsTableId`, `motionTableId`, `soundTableId`, `physicsState`, `translucency`)
VALUES (29501, 'Exit Karlun''s Fort', 65536, 0, 0, 0, 262164, 0, 0, 0, 0, 0, 0, 8388656, 0, 100667499, 0, 0, 0, 0, 0, 0, 0, 0, 4, 0, 0, 0, 0, 0, 32, -0.1, 0, 0, 0, 0, 0, 0, 0, 0, 0, 33554867, 0, 98307, 0, 150994947, 0, 3084, 0);

INSERT INTO weenie_class (`weenieClassId`, `baseAceObjectId`)
VALUES (29501, 29501);

INSERT INTO `base_ace_object` (`baseAceObjectId`, `name`, `typeId`, `paletteId`, `ammoType`, `blipColor`, `bitField`, `burden`, `combatUse`, `cooldownDuration`, `cooldownId`, `effects`, `containersCapacity`, `header`, `hookTypeId`, `iconId`, `iconOverlayId`, `iconUnderlayId`, `hookItemTypes`, `itemsCapacity`, `location`, `materialType`, `maxStackSize`, `maxStructure`, `radar`, `pscript`, `spellId`, `stackSize`, `structure`, `targetTypeId`, `usability`, `useRadius`, `validLocations`, `value`, `workmanship`, `animationFrameId`, `defaultScript`, `defaultScriptIntensity`, `elasticity`, `friction`, `locationId`, `modelTableId`, `objectScale`, `physicsBitField`, `physicsTableId`, `motionTableId`, `soundTableId`, `physicsState`, `translucency`)
VALUES (29500, 'Karlun''s Fort', 65536, 0, 0, 0, 262164, 0, 0, 0, 0, 0, 0, 8388656, 0, 100667499, 0, 0, 0, 0, 0, 0, 0, 0, 4, 0, 0, 0, 0, 0, 32, -0.1, 0, 0, 0, 0, 0, 0, 0, 0, 0, 33555925, 0, 98307, 0, 150994947, 0, 3084, 0);

INSERT INTO weenie_class (`weenieClassId`, `baseAceObjectId`)
VALUES (29500, 29500);

INSERT INTO `base_ace_object` (`baseAceObjectId`, `name`, `typeId`, `paletteId`, `ammoType`, `blipColor`, `bitField`, `burden`, `combatUse`, `cooldownDuration`, `cooldownId`, `effects`, `containersCapacity`, `header`, `hookTypeId`, `iconId`, `iconOverlayId`, `iconUnderlayId`, `hookItemTypes`, `itemsCapacity`, `location`, `materialType`, `maxStackSize`, `maxStructure`, `radar`, `pscript`, `spellId`, `stackSize`, `structure`, `targetTypeId`, `usability`, `useRadius`, `validLocations`, `value`, `workmanship`, `animationFrameId`, `defaultScript`, `defaultScriptIntensity`, `elasticity`, `friction`, `locationId`, `modelTableId`, `objectScale`, `physicsBitField`, `physicsTableId`, `motionTableId`, `soundTableId`, `physicsState`, `translucency`)
VALUES (29496, 'Eater Pit', 65536, 0, 0, 0, 262164, 0, 0, 0, 0, 0, 0, 8388656, 0, 100667499, 0, 0, 0, 0, 0, 0, 0, 0, 4, 0, 0, 0, 0, 0, 32, -0.1, 0, 0, 0, 0, 0, 0, 0, 0, 0, 33555925, 0, 98307, 0, 150994947, 0, 3084, 0);

INSERT INTO weenie_class (`weenieClassId`, `baseAceObjectId`)
VALUES (29496, 29496);

INSERT INTO `base_ace_object` (`baseAceObjectId`, `name`, `typeId`, `paletteId`, `ammoType`, `blipColor`, `bitField`, `burden`, `combatUse`, `cooldownDuration`, `cooldownId`, `effects`, `containersCapacity`, `header`, `hookTypeId`, `iconId`, `iconOverlayId`, `iconUnderlayId`, `hookItemTypes`, `itemsCapacity`, `location`, `materialType`, `maxStackSize`, `maxStructure`, `radar`, `pscript`, `spellId`, `stackSize`, `structure`, `targetTypeId`, `usability`, `useRadius`, `validLocations`, `value`, `workmanship`, `animationFrameId`, `defaultScript`, `defaultScriptIntensity`, `elasticity`, `friction`, `locationId`, `modelTableId`, `objectScale`, `physicsBitField`, `physicsTableId`, `motionTableId`, `soundTableId`, `physicsState`, `translucency`)
VALUES (29497, 'Surface', 65536, 0, 0, 0, 262164, 0, 0, 0, 0, 0, 0, 8388656, 0, 100667499, 0, 0, 0, 0, 0, 0, 0, 0, 4, 0, 0, 0, 0, 0, 32, -0.1, 0, 0, 0, 0, 0, 0, 0, 0, 0, 33554867, 0, 98307, 0, 150994947, 0, 3084, 0);

INSERT INTO weenie_class (`weenieClassId`, `baseAceObjectId`)
VALUES (29497, 29497);

INSERT INTO `base_ace_object` (`baseAceObjectId`, `name`, `typeId`, `paletteId`, `ammoType`, `blipColor`, `bitField`, `burden`, `combatUse`, `cooldownDuration`, `cooldownId`, `effects`, `containersCapacity`, `header`, `hookTypeId`, `iconId`, `iconOverlayId`, `iconUnderlayId`, `hookItemTypes`, `itemsCapacity`, `location`, `materialType`, `maxStackSize`, `maxStructure`, `radar`, `pscript`, `spellId`, `stackSize`, `structure`, `targetTypeId`, `usability`, `useRadius`, `validLocations`, `value`, `workmanship`, `animationFrameId`, `defaultScript`, `defaultScriptIntensity`, `elasticity`, `friction`, `locationId`, `modelTableId`, `objectScale`, `physicsBitField`, `physicsTableId`, `motionTableId`, `soundTableId`, `physicsState`, `translucency`)
VALUES (30382, 'Plains of Ruin', 65536, 0, 0, 0, 262164, 0, 0, 0, 0, 0, 0, 8388656, 0, 100667499, 0, 0, 0, 0, 0, 0, 0, 0, 4, 0, 0, 0, 0, 0, 32, -0.1, 0, 0, 0, 0, 0, 0, 0, 0, 0, 33555925, 0, 98307, 0, 150994947, 0, 3084, 0);

INSERT INTO weenie_class (`weenieClassId`, `baseAceObjectId`)
VALUES (30382, 30382);

INSERT INTO `base_ace_object` (`baseAceObjectId`, `name`, `typeId`, `paletteId`, `ammoType`, `blipColor`, `bitField`, `burden`, `combatUse`, `cooldownDuration`, `cooldownId`, `effects`, `containersCapacity`, `header`, `hookTypeId`, `iconId`, `iconOverlayId`, `iconUnderlayId`, `hookItemTypes`, `itemsCapacity`, `location`, `materialType`, `maxStackSize`, `maxStructure`, `radar`, `pscript`, `spellId`, `stackSize`, `structure`, `targetTypeId`, `usability`, `useRadius`, `validLocations`, `value`, `workmanship`, `animationFrameId`, `defaultScript`, `defaultScriptIntensity`, `elasticity`, `friction`, `locationId`, `modelTableId`, `objectScale`, `physicsBitField`, `physicsTableId`, `motionTableId`, `soundTableId`, `physicsState`, `translucency`)
VALUES (32695, 'Silyun Chapterhouse', 65536, 0, 0, 0, 262164, 0, 0, 0, 0, 0, 0, 8388656, 0, 100667499, 0, 0, 0, 0, 0, 0, 0, 0, 4, 0, 0, 0, 0, 0, 32, -0.1, 0, 0, 0, 0, 0, 0, 0, 0, 0, 33555925, 0, 98307, 0, 150994947, 0, 3084, 0);

INSERT INTO weenie_class (`weenieClassId`, `baseAceObjectId`)
VALUES (32695, 32695);

INSERT INTO `base_ace_object` (`baseAceObjectId`, `name`, `typeId`, `paletteId`, `ammoType`, `blipColor`, `bitField`, `burden`, `combatUse`, `cooldownDuration`, `cooldownId`, `effects`, `containersCapacity`, `header`, `hookTypeId`, `iconId`, `iconOverlayId`, `iconUnderlayId`, `hookItemTypes`, `itemsCapacity`, `location`, `materialType`, `maxStackSize`, `maxStructure`, `radar`, `pscript`, `spellId`, `stackSize`, `structure`, `targetTypeId`, `usability`, `useRadius`, `validLocations`, `value`, `workmanship`, `animationFrameId`, `defaultScript`, `defaultScriptIntensity`, `elasticity`, `friction`, `locationId`, `modelTableId`, `objectScale`, `physicsBitField`, `physicsTableId`, `motionTableId`, `soundTableId`, `physicsState`, `translucency`)
VALUES (29498, 'Heart of Madness', 65536, 0, 0, 0, 262164, 0, 0, 0, 0, 0, 0, 8388656, 0, 100667499, 0, 0, 0, 0, 0, 0, 0, 0, 4, 0, 0, 0, 0, 0, 32, -0.1, 0, 0, 0, 0, 0, 0, 0, 0, 0, 33555925, 0, 98307, 0, 150994947, 0, 3084, 0);

INSERT INTO weenie_class (`weenieClassId`, `baseAceObjectId`)
VALUES (29498, 29498);

INSERT INTO `base_ace_object` (`baseAceObjectId`, `name`, `typeId`, `paletteId`, `ammoType`, `blipColor`, `bitField`, `burden`, `combatUse`, `cooldownDuration`, `cooldownId`, `effects`, `containersCapacity`, `header`, `hookTypeId`, `iconId`, `iconOverlayId`, `iconUnderlayId`, `hookItemTypes`, `itemsCapacity`, `location`, `materialType`, `maxStackSize`, `maxStructure`, `radar`, `pscript`, `spellId`, `stackSize`, `structure`, `targetTypeId`, `usability`, `useRadius`, `validLocations`, `value`, `workmanship`, `animationFrameId`, `defaultScript`, `defaultScriptIntensity`, `elasticity`, `friction`, `locationId`, `modelTableId`, `objectScale`, `physicsBitField`, `physicsTableId`, `motionTableId`, `soundTableId`, `physicsState`, `translucency`)
VALUES (29499, 'Surface', 65536, 0, 0, 0, 262164, 0, 0, 0, 0, 0, 0, 8388656, 0, 100667499, 0, 0, 0, 0, 0, 0, 0, 0, 4, 0, 0, 0, 0, 0, 32, -0.1, 0, 0, 0, 0, 0, 0, 0, 0, 0, 33554867, 0, 98307, 0, 150994947, 0, 3084, 0);

INSERT INTO weenie_class (`weenieClassId`, `baseAceObjectId`)
VALUES (29499, 29499);

INSERT INTO `base_ace_object` (`baseAceObjectId`, `name`, `typeId`, `paletteId`, `ammoType`, `blipColor`, `bitField`, `burden`, `combatUse`, `cooldownDuration`, `cooldownId`, `effects`, `containersCapacity`, `header`, `hookTypeId`, `iconId`, `iconOverlayId`, `iconUnderlayId`, `hookItemTypes`, `itemsCapacity`, `location`, `materialType`, `maxStackSize`, `maxStructure`, `radar`, `pscript`, `spellId`, `stackSize`, `structure`, `targetTypeId`, `usability`, `useRadius`, `validLocations`, `value`, `workmanship`, `animationFrameId`, `defaultScript`, `defaultScriptIntensity`, `elasticity`, `friction`, `locationId`, `modelTableId`, `objectScale`, `physicsBitField`, `physicsTableId`, `motionTableId`, `soundTableId`, `physicsState`, `translucency`)
VALUES (29503, 'Surface', 65536, 0, 0, 0, 262164, 0, 0, 0, 0, 0, 0, 8388656, 0, 100667499, 0, 0, 0, 0, 0, 0, 0, 0, 4, 0, 0, 0, 0, 0, 32, -0.1, 0, 0, 0, 0, 0, 0, 0, 0, 0, 33554867, 0, 98307, 0, 150994947, 0, 3084, 0);

INSERT INTO weenie_class (`weenieClassId`, `baseAceObjectId`)
VALUES (29503, 29503);

INSERT INTO `base_ace_object` (`baseAceObjectId`, `name`, `typeId`, `paletteId`, `ammoType`, `blipColor`, `bitField`, `burden`, `combatUse`, `cooldownDuration`, `cooldownId`, `effects`, `containersCapacity`, `header`, `hookTypeId`, `iconId`, `iconOverlayId`, `iconUnderlayId`, `hookItemTypes`, `itemsCapacity`, `location`, `materialType`, `maxStackSize`, `maxStructure`, `radar`, `pscript`, `spellId`, `stackSize`, `structure`, `targetTypeId`, `usability`, `useRadius`, `validLocations`, `value`, `workmanship`, `animationFrameId`, `defaultScript`, `defaultScriptIntensity`, `elasticity`, `friction`, `locationId`, `modelTableId`, `objectScale`, `physicsBitField`, `physicsTableId`, `motionTableId`, `soundTableId`, `physicsState`, `translucency`)
VALUES (29095, 'Sultry Hovel', 65536, 0, 0, 0, 262164, 0, 0, 0, 0, 0, 0, 8388656, 0, 100667499, 0, 0, 0, 0, 0, 0, 0, 0, 4, 0, 0, 0, 0, 0, 32, -0.1, 0, 0, 0, 0, 0, 0, 0, 0, 0, 33555922, 0, 98307, 0, 150994947, 0, 3084, 0);

INSERT INTO weenie_class (`weenieClassId`, `baseAceObjectId`)
VALUES (29095, 29095);

INSERT INTO `base_ace_object` (`baseAceObjectId`, `name`, `typeId`, `paletteId`, `ammoType`, `blipColor`, `bitField`, `burden`, `combatUse`, `cooldownDuration`, `cooldownId`, `effects`, `containersCapacity`, `header`, `hookTypeId`, `iconId`, `iconOverlayId`, `iconUnderlayId`, `hookItemTypes`, `itemsCapacity`, `location`, `materialType`, `maxStackSize`, `maxStructure`, `radar`, `pscript`, `spellId`, `stackSize`, `structure`, `targetTypeId`, `usability`, `useRadius`, `validLocations`, `value`, `workmanship`, `animationFrameId`, `defaultScript`, `defaultScriptIntensity`, `elasticity`, `friction`, `locationId`, `modelTableId`, `objectScale`, `physicsBitField`, `physicsTableId`, `motionTableId`, `soundTableId`, `physicsState`, `translucency`)
VALUES (29101, 'Moist Hovel', 65536, 0, 0, 0, 262164, 0, 0, 0, 0, 0, 0, 8388656, 0, 100667499, 0, 0, 0, 0, 0, 0, 0, 0, 4, 0, 0, 0, 0, 0, 32, -0.1, 0, 0, 0, 0, 0, 0, 0, 0, 0, 33555922, 0, 98307, 0, 150994947, 0, 3084, 0);

INSERT INTO weenie_class (`weenieClassId`, `baseAceObjectId`)
VALUES (29101, 29101);

INSERT INTO `base_ace_object` (`baseAceObjectId`, `name`, `typeId`, `paletteId`, `ammoType`, `blipColor`, `bitField`, `burden`, `combatUse`, `cooldownDuration`, `cooldownId`, `effects`, `containersCapacity`, `header`, `hookTypeId`, `iconId`, `iconOverlayId`, `iconUnderlayId`, `hookItemTypes`, `itemsCapacity`, `location`, `materialType`, `maxStackSize`, `maxStructure`, `radar`, `pscript`, `spellId`, `stackSize`, `structure`, `targetTypeId`, `usability`, `useRadius`, `validLocations`, `value`, `workmanship`, `animationFrameId`, `defaultScript`, `defaultScriptIntensity`, `elasticity`, `friction`, `locationId`, `modelTableId`, `objectScale`, `physicsBitField`, `physicsTableId`, `motionTableId`, `soundTableId`, `physicsState`, `translucency`)
VALUES (23770, 'Basement', 65536, 0, 0, 0, 262164, 0, 0, 0, 0, 0, 0, 8388656, 0, 100667499, 0, 0, 0, 0, 0, 0, 0, 0, 4, 0, 0, 0, 0, 0, 32, -0.1, 0, 0, 0, 0, 0, 0, 0, 0, 0, 33554867, 0, 98307, 0, 150994947, 0, 3084, 0);

INSERT INTO weenie_class (`weenieClassId`, `baseAceObjectId`)
VALUES (23770, 23770);

INSERT INTO `base_ace_object` (`baseAceObjectId`, `name`, `typeId`, `paletteId`, `ammoType`, `blipColor`, `bitField`, `burden`, `combatUse`, `cooldownDuration`, `cooldownId`, `effects`, `containersCapacity`, `header`, `hookTypeId`, `iconId`, `iconOverlayId`, `iconUnderlayId`, `hookItemTypes`, `itemsCapacity`, `location`, `materialType`, `maxStackSize`, `maxStructure`, `radar`, `pscript`, `spellId`, `stackSize`, `structure`, `targetTypeId`, `usability`, `useRadius`, `validLocations`, `value`, `workmanship`, `animationFrameId`, `defaultScript`, `defaultScriptIntensity`, `elasticity`, `friction`, `locationId`, `modelTableId`, `objectScale`, `physicsBitField`, `physicsTableId`, `motionTableId`, `soundTableId`, `physicsState`, `translucency`)
VALUES (23771, 'Exit', 65536, 0, 0, 0, 262164, 0, 0, 0, 0, 0, 0, 8388656, 0, 100667499, 0, 0, 0, 0, 0, 0, 0, 0, 4, 0, 0, 0, 0, 0, 32, -0.1, 0, 0, 0, 0, 0, 0, 0, 0, 0, 33554867, 0, 98307, 0, 150994947, 0, 3084, 0);

INSERT INTO weenie_class (`weenieClassId`, `baseAceObjectId`)
VALUES (23771, 23771);

INSERT INTO `base_ace_object` (`baseAceObjectId`, `name`, `typeId`, `paletteId`, `ammoType`, `blipColor`, `bitField`, `burden`, `combatUse`, `cooldownDuration`, `cooldownId`, `effects`, `containersCapacity`, `header`, `hookTypeId`, `iconId`, `iconOverlayId`, `iconUnderlayId`, `hookItemTypes`, `itemsCapacity`, `location`, `materialType`, `maxStackSize`, `maxStructure`, `radar`, `pscript`, `spellId`, `stackSize`, `structure`, `targetTypeId`, `usability`, `useRadius`, `validLocations`, `value`, `workmanship`, `animationFrameId`, `defaultScript`, `defaultScriptIntensity`, `elasticity`, `friction`, `locationId`, `modelTableId`, `objectScale`, `physicsBitField`, `physicsTableId`, `motionTableId`, `soundTableId`, `physicsState`, `translucency`)
VALUES (46620, 'Hoshino Tower', 65536, 0, 0, 0, 262164, 0, 0, 0, 0, 0, 0, 8388656, 0, 100667499, 0, 0, 0, 0, 0, 0, 0, 0, 4, 0, 0, 0, 0, 0, 32, -0.1, 0, 0, 0, 0, 0, 0, 0, 0, 0, 33555925, 0.75, 98435, 0, 150994947, 0, 3084, 0);

INSERT INTO weenie_class (`weenieClassId`, `baseAceObjectId`)
VALUES (46620, 46620);

INSERT INTO `base_ace_object` (`baseAceObjectId`, `name`, `typeId`, `paletteId`, `ammoType`, `blipColor`, `bitField`, `burden`, `combatUse`, `cooldownDuration`, `cooldownId`, `effects`, `containersCapacity`, `header`, `hookTypeId`, `iconId`, `iconOverlayId`, `iconUnderlayId`, `hookItemTypes`, `itemsCapacity`, `location`, `materialType`, `maxStackSize`, `maxStructure`, `radar`, `pscript`, `spellId`, `stackSize`, `structure`, `targetTypeId`, `usability`, `useRadius`, `validLocations`, `value`, `workmanship`, `animationFrameId`, `defaultScript`, `defaultScriptIntensity`, `elasticity`, `friction`, `locationId`, `modelTableId`, `objectScale`, `physicsBitField`, `physicsTableId`, `motionTableId`, `soundTableId`, `physicsState`, `translucency`)
VALUES (45725, 'Twisted Refuge', 65536, 0, 0, 0, 262164, 0, 0, 0, 0, 0, 0, 8388656, 0, 100667499, 0, 0, 0, 0, 0, 0, 0, 0, 4, 0, 0, 0, 0, 0, 32, -0.1, 0, 0, 0, 0, 0, 0, 0, 0, 0, 33555925, 0, 98307, 0, 150994947, 0, 3084, 0);

INSERT INTO weenie_class (`weenieClassId`, `baseAceObjectId`)
VALUES (45725, 45725);

INSERT INTO `base_ace_object` (`baseAceObjectId`, `name`, `typeId`, `paletteId`, `ammoType`, `blipColor`, `bitField`, `burden`, `combatUse`, `cooldownDuration`, `cooldownId`, `effects`, `containersCapacity`, `header`, `hookTypeId`, `iconId`, `iconOverlayId`, `iconUnderlayId`, `hookItemTypes`, `itemsCapacity`, `location`, `materialType`, `maxStackSize`, `maxStructure`, `radar`, `pscript`, `spellId`, `stackSize`, `structure`, `targetTypeId`, `usability`, `useRadius`, `validLocations`, `value`, `workmanship`, `animationFrameId`, `defaultScript`, `defaultScriptIntensity`, `elasticity`, `friction`, `locationId`, `modelTableId`, `objectScale`, `physicsBitField`, `physicsTableId`, `motionTableId`, `soundTableId`, `physicsState`, `translucency`)
VALUES (30960, 'Dark Design', 65536, 0, 0, 0, 262164, 0, 0, 0, 0, 0, 0, 8388656, 0, 100667499, 0, 0, 0, 0, 0, 0, 0, 0, 4, 0, 0, 0, 0, 0, 32, -0.1, 0, 0, 0, 0, 0, 0, 0, 0, 0, 33555925, 0, 98307, 0, 150994947, 0, 3084, 0);

INSERT INTO weenie_class (`weenieClassId`, `baseAceObjectId`)
VALUES (30960, 30960);

INSERT INTO `base_ace_object` (`baseAceObjectId`, `name`, `typeId`, `paletteId`, `ammoType`, `blipColor`, `bitField`, `burden`, `combatUse`, `cooldownDuration`, `cooldownId`, `effects`, `containersCapacity`, `header`, `hookTypeId`, `iconId`, `iconOverlayId`, `iconUnderlayId`, `hookItemTypes`, `itemsCapacity`, `location`, `materialType`, `maxStackSize`, `maxStructure`, `radar`, `pscript`, `spellId`, `stackSize`, `structure`, `targetTypeId`, `usability`, `useRadius`, `validLocations`, `value`, `workmanship`, `animationFrameId`, `defaultScript`, `defaultScriptIntensity`, `elasticity`, `friction`, `locationId`, `modelTableId`, `objectScale`, `physicsBitField`, `physicsTableId`, `motionTableId`, `soundTableId`, `physicsState`, `translucency`)
VALUES (45727, 'Frozen Refuge', 65536, 0, 0, 0, 262164, 0, 0, 0, 0, 0, 0, 8388656, 0, 100667499, 0, 0, 0, 0, 0, 0, 0, 0, 4, 0, 0, 0, 0, 0, 32, -0.1, 0, 0, 0, 0, 0, 0, 0, 0, 0, 33555925, 0, 98307, 0, 150994947, 0, 3084, 0);

INSERT INTO weenie_class (`weenieClassId`, `baseAceObjectId`)
VALUES (45727, 45727);

INSERT INTO `base_ace_object` (`baseAceObjectId`, `name`, `typeId`, `paletteId`, `ammoType`, `blipColor`, `bitField`, `burden`, `combatUse`, `cooldownDuration`, `cooldownId`, `effects`, `containersCapacity`, `header`, `hookTypeId`, `iconId`, `iconOverlayId`, `iconUnderlayId`, `hookItemTypes`, `itemsCapacity`, `location`, `materialType`, `maxStackSize`, `maxStructure`, `radar`, `pscript`, `spellId`, `stackSize`, `structure`, `targetTypeId`, `usability`, `useRadius`, `validLocations`, `value`, `workmanship`, `animationFrameId`, `defaultScript`, `defaultScriptIntensity`, `elasticity`, `friction`, `locationId`, `modelTableId`, `objectScale`, `physicsBitField`, `physicsTableId`, `motionTableId`, `soundTableId`, `physicsState`, `translucency`)
VALUES (28788, 'Undead Temple', 65536, 0, 0, 0, 262164, 0, 0, 0, 0, 0, 0, 8388656, 0, 100667499, 0, 0, 0, 0, 0, 0, 0, 0, 4, 0, 0, 0, 0, 0, 32, -0.1, 0, 0, 0, 0, 0, 0, 0, 0, 0, 33555925, 0, 98307, 0, 150994947, 0, 3084, 0);

INSERT INTO weenie_class (`weenieClassId`, `baseAceObjectId`)
VALUES (28788, 28788);

INSERT INTO `base_ace_object` (`baseAceObjectId`, `name`, `typeId`, `paletteId`, `ammoType`, `blipColor`, `bitField`, `burden`, `combatUse`, `cooldownDuration`, `cooldownId`, `effects`, `containersCapacity`, `header`, `hookTypeId`, `iconId`, `iconOverlayId`, `iconUnderlayId`, `hookItemTypes`, `itemsCapacity`, `location`, `materialType`, `maxStackSize`, `maxStructure`, `radar`, `pscript`, `spellId`, `stackSize`, `structure`, `targetTypeId`, `usability`, `useRadius`, `validLocations`, `value`, `workmanship`, `animationFrameId`, `defaultScript`, `defaultScriptIntensity`, `elasticity`, `friction`, `locationId`, `modelTableId`, `objectScale`, `physicsBitField`, `physicsTableId`, `motionTableId`, `soundTableId`, `physicsState`, `translucency`)
VALUES (10982, 'Destroyed Ahurenga Portal', 65536, 0, 0, 0, 262164, 0, 0, 0, 0, 0, 0, 48, 0, 100667499, 0, 0, 0, 0, 0, 0, 0, 0, 0, 0, 0, 0, 0, 0, 1, -0.1, 0, 0, 0, 0, 0, 0, 0, 0, 0, 33561060, 0, 98307, 0, 150995314, 0, 3092, 0);

INSERT INTO weenie_class (`weenieClassId`, `baseAceObjectId`)
VALUES (10982, 10982);

INSERT INTO `base_ace_object` (`baseAceObjectId`, `name`, `typeId`, `paletteId`, `ammoType`, `blipColor`, `bitField`, `burden`, `combatUse`, `cooldownDuration`, `cooldownId`, `effects`, `containersCapacity`, `header`, `hookTypeId`, `iconId`, `iconOverlayId`, `iconUnderlayId`, `hookItemTypes`, `itemsCapacity`, `location`, `materialType`, `maxStackSize`, `maxStructure`, `radar`, `pscript`, `spellId`, `stackSize`, `structure`, `targetTypeId`, `usability`, `useRadius`, `validLocations`, `value`, `workmanship`, `animationFrameId`, `defaultScript`, `defaultScriptIntensity`, `elasticity`, `friction`, `locationId`, `modelTableId`, `objectScale`, `physicsBitField`, `physicsTableId`, `motionTableId`, `soundTableId`, `physicsState`, `translucency`)
VALUES (4926, 'Surface', 65536, 0, 0, 0, 262164, 0, 0, 0, 0, 0, 0, 8388656, 0, 100667499, 0, 0, 0, 0, 0, 0, 0, 0, 4, 0, 0, 0, 0, 0, 32, -0.1, 0, 0, 0, 0, 0, 0, 0, 0, 0, 33554867, 0, 98307, 0, 150994947, 0, 2060, 0);

INSERT INTO weenie_class (`weenieClassId`, `baseAceObjectId`)
VALUES (4926, 4926);

INSERT INTO `base_ace_object` (`baseAceObjectId`, `name`, `typeId`, `paletteId`, `ammoType`, `blipColor`, `bitField`, `burden`, `combatUse`, `cooldownDuration`, `cooldownId`, `effects`, `containersCapacity`, `header`, `hookTypeId`, `iconId`, `iconOverlayId`, `iconUnderlayId`, `hookItemTypes`, `itemsCapacity`, `location`, `materialType`, `maxStackSize`, `maxStructure`, `radar`, `pscript`, `spellId`, `stackSize`, `structure`, `targetTypeId`, `usability`, `useRadius`, `validLocations`, `value`, `workmanship`, `animationFrameId`, `defaultScript`, `defaultScriptIntensity`, `elasticity`, `friction`, `locationId`, `modelTableId`, `objectScale`, `physicsBitField`, `physicsTableId`, `motionTableId`, `soundTableId`, `physicsState`, `translucency`)
VALUES (7935, 'The Floating City', 65536, 0, 0, 0, 262164, 0, 0, 0, 0, 0, 0, 8388656, 0, 100667499, 0, 0, 0, 0, 0, 0, 0, 0, 4, 0, 0, 0, 0, 0, 32, -0.1, 0, 0, 0, 0, 0, 0, 0, 0, 0, 33554867, 0, 98307, 0, 150994947, 0, 3084, 0);

INSERT INTO weenie_class (`weenieClassId`, `baseAceObjectId`)
VALUES (7935, 7935);

INSERT INTO `base_ace_object` (`baseAceObjectId`, `name`, `typeId`, `paletteId`, `ammoType`, `blipColor`, `bitField`, `burden`, `combatUse`, `cooldownDuration`, `cooldownId`, `effects`, `containersCapacity`, `header`, `hookTypeId`, `iconId`, `iconOverlayId`, `iconUnderlayId`, `hookItemTypes`, `itemsCapacity`, `location`, `materialType`, `maxStackSize`, `maxStructure`, `radar`, `pscript`, `spellId`, `stackSize`, `structure`, `targetTypeId`, `usability`, `useRadius`, `validLocations`, `value`, `workmanship`, `animationFrameId`, `defaultScript`, `defaultScriptIntensity`, `elasticity`, `friction`, `locationId`, `modelTableId`, `objectScale`, `physicsBitField`, `physicsTableId`, `motionTableId`, `soundTableId`, `physicsState`, `translucency`)
VALUES (8384, 'Direlands Southwest Shore Portal', 65536, 0, 0, 0, 262164, 0, 0, 0, 0, 0, 0, 8388656, 0, 100667499, 0, 0, 0, 0, 0, 0, 0, 0, 4, 0, 0, 0, 0, 0, 32, -0.1, 0, 0, 0, 0, 0, 0, 0, 0, 0, 33555926, 0, 98307, 0, 150994947, 0, 3084, 0);

INSERT INTO weenie_class (`weenieClassId`, `baseAceObjectId`)
VALUES (8384, 8384);

INSERT INTO `base_ace_object` (`baseAceObjectId`, `name`, `typeId`, `paletteId`, `ammoType`, `blipColor`, `bitField`, `burden`, `combatUse`, `cooldownDuration`, `cooldownId`, `effects`, `containersCapacity`, `header`, `hookTypeId`, `iconId`, `iconOverlayId`, `iconUnderlayId`, `hookItemTypes`, `itemsCapacity`, `location`, `materialType`, `maxStackSize`, `maxStructure`, `radar`, `pscript`, `spellId`, `stackSize`, `structure`, `targetTypeId`, `usability`, `useRadius`, `validLocations`, `value`, `workmanship`, `animationFrameId`, `defaultScript`, `defaultScriptIntensity`, `elasticity`, `friction`, `locationId`, `modelTableId`, `objectScale`, `physicsBitField`, `physicsTableId`, `motionTableId`, `soundTableId`, `physicsState`, `translucency`)
VALUES (4941, 'Banished Assembly', 65536, 0, 0, 0, 262164, 0, 0, 0, 0, 0, 0, 8388656, 0, 100667499, 0, 0, 0, 0, 0, 0, 0, 0, 4, 0, 0, 0, 0, 0, 32, -0.1, 0, 0, 0, 0, 0, 0, 0, 0, 0, 33555925, 0, 98307, 0, 150994947, 0, 3084, 0);

INSERT INTO weenie_class (`weenieClassId`, `baseAceObjectId`)
VALUES (4941, 4941);

INSERT INTO `base_ace_object` (`baseAceObjectId`, `name`, `typeId`, `paletteId`, `ammoType`, `blipColor`, `bitField`, `burden`, `combatUse`, `cooldownDuration`, `cooldownId`, `effects`, `containersCapacity`, `header`, `hookTypeId`, `iconId`, `iconOverlayId`, `iconUnderlayId`, `hookItemTypes`, `itemsCapacity`, `location`, `materialType`, `maxStackSize`, `maxStructure`, `radar`, `pscript`, `spellId`, `stackSize`, `structure`, `targetTypeId`, `usability`, `useRadius`, `validLocations`, `value`, `workmanship`, `animationFrameId`, `defaultScript`, `defaultScriptIntensity`, `elasticity`, `friction`, `locationId`, `modelTableId`, `objectScale`, `physicsBitField`, `physicsTableId`, `motionTableId`, `soundTableId`, `physicsState`, `translucency`)
VALUES (30693, 'Vile Sanctuary', 65536, 0, 0, 0, 262164, 0, 0, 0, 0, 0, 0, 8388656, 0, 100667499, 0, 0, 0, 0, 0, 0, 0, 0, 4, 0, 0, 0, 0, 0, 32, -0.1, 0, 0, 0, 0, 0, 0, 0, 0, 0, 33555925, 0, 98307, 0, 150994947, 0, 3084, 0);

INSERT INTO weenie_class (`weenieClassId`, `baseAceObjectId`)
VALUES (30693, 30693);

INSERT INTO `base_ace_object` (`baseAceObjectId`, `name`, `typeId`, `paletteId`, `ammoType`, `blipColor`, `bitField`, `burden`, `combatUse`, `cooldownDuration`, `cooldownId`, `effects`, `containersCapacity`, `header`, `hookTypeId`, `iconId`, `iconOverlayId`, `iconUnderlayId`, `hookItemTypes`, `itemsCapacity`, `location`, `materialType`, `maxStackSize`, `maxStructure`, `radar`, `pscript`, `spellId`, `stackSize`, `structure`, `targetTypeId`, `usability`, `useRadius`, `validLocations`, `value`, `workmanship`, `animationFrameId`, `defaultScript`, `defaultScriptIntensity`, `elasticity`, `friction`, `locationId`, `modelTableId`, `objectScale`, `physicsBitField`, `physicsTableId`, `motionTableId`, `soundTableId`, `physicsState`, `translucency`)
VALUES (6397, 'Serac Vault Portal', 65536, 0, 0, 0, 262164, 0, 0, 0, 0, 0, 0, 8388656, 0, 100667499, 0, 0, 0, 0, 0, 0, 0, 0, 4, 0, 0, 0, 0, 0, 32, -0.1, 0, 0, 0, 0, 0, 0, 0, 0, 0, 33555923, 0, 98307, 0, 150994947, 0, 3084, 0);

INSERT INTO weenie_class (`weenieClassId`, `baseAceObjectId`)
VALUES (6397, 6397);

INSERT INTO `base_ace_object` (`baseAceObjectId`, `name`, `typeId`, `paletteId`, `ammoType`, `blipColor`, `bitField`, `burden`, `combatUse`, `cooldownDuration`, `cooldownId`, `effects`, `containersCapacity`, `header`, `hookTypeId`, `iconId`, `iconOverlayId`, `iconUnderlayId`, `hookItemTypes`, `itemsCapacity`, `location`, `materialType`, `maxStackSize`, `maxStructure`, `radar`, `pscript`, `spellId`, `stackSize`, `structure`, `targetTypeId`, `usability`, `useRadius`, `validLocations`, `value`, `workmanship`, `animationFrameId`, `defaultScript`, `defaultScriptIntensity`, `elasticity`, `friction`, `locationId`, `modelTableId`, `objectScale`, `physicsBitField`, `physicsTableId`, `motionTableId`, `soundTableId`, `physicsState`, `translucency`)
VALUES (47208, 'Falatacot Depot', 65536, 0, 0, 0, 262164, 0, 0, 0, 0, 0, 0, 8388656, 0, 100667499, 0, 0, 0, 0, 0, 0, 0, 0, 4, 0, 0, 0, 0, 0, 32, -0.1, 0, 0, 0, 0, 0, 0, 0, 0, 0, 33555925, 0, 98307, 0, 150994947, 0, 3084, 0);

INSERT INTO weenie_class (`weenieClassId`, `baseAceObjectId`)
VALUES (47208, 47208);

INSERT INTO `base_ace_object` (`baseAceObjectId`, `name`, `typeId`, `paletteId`, `ammoType`, `blipColor`, `bitField`, `burden`, `combatUse`, `cooldownDuration`, `cooldownId`, `effects`, `containersCapacity`, `header`, `hookTypeId`, `iconId`, `iconOverlayId`, `iconUnderlayId`, `hookItemTypes`, `itemsCapacity`, `location`, `materialType`, `maxStackSize`, `maxStructure`, `radar`, `pscript`, `spellId`, `stackSize`, `structure`, `targetTypeId`, `usability`, `useRadius`, `validLocations`, `value`, `workmanship`, `animationFrameId`, `defaultScript`, `defaultScriptIntensity`, `elasticity`, `friction`, `locationId`, `modelTableId`, `objectScale`, `physicsBitField`, `physicsTableId`, `motionTableId`, `soundTableId`, `physicsState`, `translucency`)
VALUES (9070, 'Exit Portal', 65536, 67109370, 0, 0, 262164, 0, 0, 0, 0, 0, 0, 8388656, 0, 100667499, 0, 0, 0, 0, 0, 0, 0, 0, 4, 0, 0, 0, 0, 0, 32, -0.1, 0, 0, 0, 0, 0, 0, 0, 0, 0, 33554867, 0, 98307, 0, 150994947, 0, 3084, 0);

INSERT INTO weenie_class (`weenieClassId`, `baseAceObjectId`)
VALUES (9070, 9070);

INSERT INTO `weenie_palette_changes` (`weenieClassId`, `subPaletteId`, `offset`, `length`)
VALUES (9070, 67111849, 8, 2040);

INSERT INTO `base_ace_object` (`baseAceObjectId`, `name`, `typeId`, `paletteId`, `ammoType`, `blipColor`, `bitField`, `burden`, `combatUse`, `cooldownDuration`, `cooldownId`, `effects`, `containersCapacity`, `header`, `hookTypeId`, `iconId`, `iconOverlayId`, `iconUnderlayId`, `hookItemTypes`, `itemsCapacity`, `location`, `materialType`, `maxStackSize`, `maxStructure`, `radar`, `pscript`, `spellId`, `stackSize`, `structure`, `targetTypeId`, `usability`, `useRadius`, `validLocations`, `value`, `workmanship`, `animationFrameId`, `defaultScript`, `defaultScriptIntensity`, `elasticity`, `friction`, `locationId`, `modelTableId`, `objectScale`, `physicsBitField`, `physicsTableId`, `motionTableId`, `soundTableId`, `physicsState`, `translucency`)
VALUES (9069, 'Exit Portal', 65536, 67109370, 0, 0, 262164, 0, 0, 0, 0, 0, 0, 8388656, 0, 100667499, 0, 0, 0, 0, 0, 0, 0, 0, 4, 0, 0, 0, 0, 0, 32, -0.1, 0, 0, 0, 0, 0, 0, 0, 0, 0, 33554867, 0, 98307, 0, 150994947, 0, 3084, 0);

INSERT INTO weenie_class (`weenieClassId`, `baseAceObjectId`)
VALUES (9069, 9069);

INSERT INTO `weenie_palette_changes` (`weenieClassId`, `subPaletteId`, `offset`, `length`)
VALUES (9069, 67111849, 8, 2040);

INSERT INTO `base_ace_object` (`baseAceObjectId`, `name`, `typeId`, `paletteId`, `ammoType`, `blipColor`, `bitField`, `burden`, `combatUse`, `cooldownDuration`, `cooldownId`, `effects`, `containersCapacity`, `header`, `hookTypeId`, `iconId`, `iconOverlayId`, `iconUnderlayId`, `hookItemTypes`, `itemsCapacity`, `location`, `materialType`, `maxStackSize`, `maxStructure`, `radar`, `pscript`, `spellId`, `stackSize`, `structure`, `targetTypeId`, `usability`, `useRadius`, `validLocations`, `value`, `workmanship`, `animationFrameId`, `defaultScript`, `defaultScriptIntensity`, `elasticity`, `friction`, `locationId`, `modelTableId`, `objectScale`, `physicsBitField`, `physicsTableId`, `motionTableId`, `soundTableId`, `physicsState`, `translucency`)
VALUES (9106, 'Hieromancers'' Halls Portal', 65536, 67109370, 0, 0, 262164, 0, 0, 0, 0, 0, 0, 8388656, 0, 100667499, 0, 0, 0, 0, 0, 0, 0, 0, 4, 0, 0, 0, 0, 0, 32, -0.1, 0, 0, 0, 0, 0, 0, 0, 0, 0, 33554867, 0, 98307, 0, 150994947, 0, 3084, 0);

INSERT INTO weenie_class (`weenieClassId`, `baseAceObjectId`)
VALUES (9106, 9106);

INSERT INTO `weenie_palette_changes` (`weenieClassId`, `subPaletteId`, `offset`, `length`)
VALUES (9106, 67111849, 8, 2040);

INSERT INTO `base_ace_object` (`baseAceObjectId`, `name`, `typeId`, `paletteId`, `ammoType`, `blipColor`, `bitField`, `burden`, `combatUse`, `cooldownDuration`, `cooldownId`, `effects`, `containersCapacity`, `header`, `hookTypeId`, `iconId`, `iconOverlayId`, `iconUnderlayId`, `hookItemTypes`, `itemsCapacity`, `location`, `materialType`, `maxStackSize`, `maxStructure`, `radar`, `pscript`, `spellId`, `stackSize`, `structure`, `targetTypeId`, `usability`, `useRadius`, `validLocations`, `value`, `workmanship`, `animationFrameId`, `defaultScript`, `defaultScriptIntensity`, `elasticity`, `friction`, `locationId`, `modelTableId`, `objectScale`, `physicsBitField`, `physicsTableId`, `motionTableId`, `soundTableId`, `physicsState`, `translucency`)
VALUES (37386, 'Surface', 65536, 0, 0, 0, 262164, 0, 0, 0, 0, 0, 0, 8388656, 0, 100667499, 0, 0, 0, 0, 0, 0, 0, 0, 4, 0, 0, 0, 0, 0, 32, -0.1, 0, 0, 0, 0, 0, 0, 0, 0, 0, 33554867, 0, 98307, 0, 150994947, 0, 3084, 0);

INSERT INTO weenie_class (`weenieClassId`, `baseAceObjectId`)
VALUES (37386, 37386);

INSERT INTO `base_ace_object` (`baseAceObjectId`, `name`, `typeId`, `paletteId`, `ammoType`, `blipColor`, `bitField`, `burden`, `combatUse`, `cooldownDuration`, `cooldownId`, `effects`, `containersCapacity`, `header`, `hookTypeId`, `iconId`, `iconOverlayId`, `iconUnderlayId`, `hookItemTypes`, `itemsCapacity`, `location`, `materialType`, `maxStackSize`, `maxStructure`, `radar`, `pscript`, `spellId`, `stackSize`, `structure`, `targetTypeId`, `usability`, `useRadius`, `validLocations`, `value`, `workmanship`, `animationFrameId`, `defaultScript`, `defaultScriptIntensity`, `elasticity`, `friction`, `locationId`, `modelTableId`, `objectScale`, `physicsBitField`, `physicsTableId`, `motionTableId`, `soundTableId`, `physicsState`, `translucency`)
VALUES (9072, 'Mainland Portal', 65536, 67109370, 0, 0, 262164, 0, 0, 0, 0, 0, 0, 8388656, 0, 100667499, 0, 0, 0, 0, 0, 0, 0, 0, 4, 0, 0, 0, 0, 0, 32, -0.1, 0, 0, 0, 0, 0, 0, 0, 0, 0, 33554867, 0, 98307, 0, 150994947, 0, 3084, 0);

INSERT INTO weenie_class (`weenieClassId`, `baseAceObjectId`)
VALUES (9072, 9072);

INSERT INTO `weenie_palette_changes` (`weenieClassId`, `subPaletteId`, `offset`, `length`)
VALUES (9072, 67111849, 8, 2040);

INSERT INTO `base_ace_object` (`baseAceObjectId`, `name`, `typeId`, `paletteId`, `ammoType`, `blipColor`, `bitField`, `burden`, `combatUse`, `cooldownDuration`, `cooldownId`, `effects`, `containersCapacity`, `header`, `hookTypeId`, `iconId`, `iconOverlayId`, `iconUnderlayId`, `hookItemTypes`, `itemsCapacity`, `location`, `materialType`, `maxStackSize`, `maxStructure`, `radar`, `pscript`, `spellId`, `stackSize`, `structure`, `targetTypeId`, `usability`, `useRadius`, `validLocations`, `value`, `workmanship`, `animationFrameId`, `defaultScript`, `defaultScriptIntensity`, `elasticity`, `friction`, `locationId`, `modelTableId`, `objectScale`, `physicsBitField`, `physicsTableId`, `motionTableId`, `soundTableId`, `physicsState`, `translucency`)
VALUES (9073, 'Surface Portal', 65536, 67109370, 0, 0, 262164, 0, 0, 0, 0, 0, 0, 8388656, 0, 100667499, 0, 0, 0, 0, 0, 0, 0, 0, 4, 0, 0, 0, 0, 0, 32, -0.1, 0, 0, 0, 0, 0, 0, 0, 0, 0, 33554867, 0, 98307, 0, 150994947, 0, 3084, 0);

INSERT INTO weenie_class (`weenieClassId`, `baseAceObjectId`)
VALUES (9073, 9073);

INSERT INTO `weenie_palette_changes` (`weenieClassId`, `subPaletteId`, `offset`, `length`)
VALUES (9073, 67111849, 8, 2040);

INSERT INTO `base_ace_object` (`baseAceObjectId`, `name`, `typeId`, `paletteId`, `ammoType`, `blipColor`, `bitField`, `burden`, `combatUse`, `cooldownDuration`, `cooldownId`, `effects`, `containersCapacity`, `header`, `hookTypeId`, `iconId`, `iconOverlayId`, `iconUnderlayId`, `hookItemTypes`, `itemsCapacity`, `location`, `materialType`, `maxStackSize`, `maxStructure`, `radar`, `pscript`, `spellId`, `stackSize`, `structure`, `targetTypeId`, `usability`, `useRadius`, `validLocations`, `value`, `workmanship`, `animationFrameId`, `defaultScript`, `defaultScriptIntensity`, `elasticity`, `friction`, `locationId`, `modelTableId`, `objectScale`, `physicsBitField`, `physicsTableId`, `motionTableId`, `soundTableId`, `physicsState`, `translucency`)
VALUES (15192, 'Sonpay Portal', 65536, 0, 0, 0, 262164, 0, 0, 0, 0, 0, 0, 8388656, 0, 100667499, 0, 0, 0, 0, 0, 0, 0, 0, 4, 0, 0, 0, 0, 0, 32, -0.1, 0, 0, 0, 0, 0, 0, 0, 0, 0, 33554867, 0, 98307, 0, 150994947, 0, 3084, 0);

INSERT INTO weenie_class (`weenieClassId`, `baseAceObjectId`)
VALUES (15192, 15192);

INSERT INTO `base_ace_object` (`baseAceObjectId`, `name`, `typeId`, `paletteId`, `ammoType`, `blipColor`, `bitField`, `burden`, `combatUse`, `cooldownDuration`, `cooldownId`, `effects`, `containersCapacity`, `header`, `hookTypeId`, `iconId`, `iconOverlayId`, `iconUnderlayId`, `hookItemTypes`, `itemsCapacity`, `location`, `materialType`, `maxStackSize`, `maxStructure`, `radar`, `pscript`, `spellId`, `stackSize`, `structure`, `targetTypeId`, `usability`, `useRadius`, `validLocations`, `value`, `workmanship`, `animationFrameId`, `defaultScript`, `defaultScriptIntensity`, `elasticity`, `friction`, `locationId`, `modelTableId`, `objectScale`, `physicsBitField`, `physicsTableId`, `motionTableId`, `soundTableId`, `physicsState`, `translucency`)
VALUES (15144, 'Avatania Cottages Portal', 65536, 0, 0, 0, 262164, 0, 0, 0, 0, 0, 0, 8388656, 0, 100667499, 0, 0, 0, 0, 0, 0, 0, 0, 4, 0, 0, 0, 0, 0, 32, -0.1, 0, 0, 0, 0, 0, 0, 0, 0, 0, 33554867, 0, 98307, 0, 150994947, 0, 3084, 0);

INSERT INTO weenie_class (`weenieClassId`, `baseAceObjectId`)
VALUES (15144, 15144);

INSERT INTO `base_ace_object` (`baseAceObjectId`, `name`, `typeId`, `paletteId`, `ammoType`, `blipColor`, `bitField`, `burden`, `combatUse`, `cooldownDuration`, `cooldownId`, `effects`, `containersCapacity`, `header`, `hookTypeId`, `iconId`, `iconOverlayId`, `iconUnderlayId`, `hookItemTypes`, `itemsCapacity`, `location`, `materialType`, `maxStackSize`, `maxStructure`, `radar`, `pscript`, `spellId`, `stackSize`, `structure`, `targetTypeId`, `usability`, `useRadius`, `validLocations`, `value`, `workmanship`, `animationFrameId`, `defaultScript`, `defaultScriptIntensity`, `elasticity`, `friction`, `locationId`, `modelTableId`, `objectScale`, `physicsBitField`, `physicsTableId`, `motionTableId`, `soundTableId`, `physicsState`, `translucency`)
VALUES (14619, 'Desert Vanguard Cottages Portal', 65536, 0, 0, 0, 262164, 0, 0, 0, 0, 0, 0, 8388656, 0, 100667499, 0, 0, 0, 0, 0, 0, 0, 0, 4, 0, 0, 0, 0, 0, 32, -0.1, 0, 0, 0, 0, 0, 0, 0, 0, 0, 33554867, 0, 98307, 0, 150994947, 0, 3084, 0);

INSERT INTO weenie_class (`weenieClassId`, `baseAceObjectId`)
VALUES (14619, 14619);

INSERT INTO `base_ace_object` (`baseAceObjectId`, `name`, `typeId`, `paletteId`, `ammoType`, `blipColor`, `bitField`, `burden`, `combatUse`, `cooldownDuration`, `cooldownId`, `effects`, `containersCapacity`, `header`, `hookTypeId`, `iconId`, `iconOverlayId`, `iconUnderlayId`, `hookItemTypes`, `itemsCapacity`, `location`, `materialType`, `maxStackSize`, `maxStructure`, `radar`, `pscript`, `spellId`, `stackSize`, `structure`, `targetTypeId`, `usability`, `useRadius`, `validLocations`, `value`, `workmanship`, `animationFrameId`, `defaultScript`, `defaultScriptIntensity`, `elasticity`, `friction`, `locationId`, `modelTableId`, `objectScale`, `physicsBitField`, `physicsTableId`, `motionTableId`, `soundTableId`, `physicsState`, `translucency`)
VALUES (14664, 'Sands-of-the-Skull Cottages Portal', 65536, 0, 0, 0, 262164, 0, 0, 0, 0, 0, 0, 8388656, 0, 100667499, 0, 0, 0, 0, 0, 0, 0, 0, 4, 0, 0, 0, 0, 0, 32, -0.1, 0, 0, 0, 0, 0, 0, 0, 0, 0, 33554867, 0, 98307, 0, 150994947, 0, 3084, 0);

INSERT INTO weenie_class (`weenieClassId`, `baseAceObjectId`)
VALUES (14664, 14664);

INSERT INTO `base_ace_object` (`baseAceObjectId`, `name`, `typeId`, `paletteId`, `ammoType`, `blipColor`, `bitField`, `burden`, `combatUse`, `cooldownDuration`, `cooldownId`, `effects`, `containersCapacity`, `header`, `hookTypeId`, `iconId`, `iconOverlayId`, `iconUnderlayId`, `hookItemTypes`, `itemsCapacity`, `location`, `materialType`, `maxStackSize`, `maxStructure`, `radar`, `pscript`, `spellId`, `stackSize`, `structure`, `targetTypeId`, `usability`, `useRadius`, `validLocations`, `value`, `workmanship`, `animationFrameId`, `defaultScript`, `defaultScriptIntensity`, `elasticity`, `friction`, `locationId`, `modelTableId`, `objectScale`, `physicsBitField`, `physicsTableId`, `motionTableId`, `soundTableId`, `physicsState`, `translucency`)
VALUES (15139, 'Al-Mar Oasis Portal', 65536, 0, 0, 0, 262164, 0, 0, 0, 0, 0, 0, 8388656, 0, 100667499, 0, 0, 0, 0, 0, 0, 0, 0, 4, 0, 0, 0, 0, 0, 32, -0.1, 0, 0, 0, 0, 0, 0, 0, 0, 0, 33554867, 0, 98307, 0, 150994947, 0, 3084, 0);

INSERT INTO weenie_class (`weenieClassId`, `baseAceObjectId`)
VALUES (15139, 15139);

INSERT INTO `base_ace_object` (`baseAceObjectId`, `name`, `typeId`, `paletteId`, `ammoType`, `blipColor`, `bitField`, `burden`, `combatUse`, `cooldownDuration`, `cooldownId`, `effects`, `containersCapacity`, `header`, `hookTypeId`, `iconId`, `iconOverlayId`, `iconUnderlayId`, `hookItemTypes`, `itemsCapacity`, `location`, `materialType`, `maxStackSize`, `maxStructure`, `radar`, `pscript`, `spellId`, `stackSize`, `structure`, `targetTypeId`, `usability`, `useRadius`, `validLocations`, `value`, `workmanship`, `animationFrameId`, `defaultScript`, `defaultScriptIntensity`, `elasticity`, `friction`, `locationId`, `modelTableId`, `objectScale`, `physicsBitField`, `physicsTableId`, `motionTableId`, `soundTableId`, `physicsState`, `translucency`)
VALUES (15185, 'Rethux Vale Portal', 65536, 0, 0, 0, 262164, 0, 0, 0, 0, 0, 0, 8388656, 0, 100667499, 0, 0, 0, 0, 0, 0, 0, 0, 4, 0, 0, 0, 0, 0, 32, -0.1, 0, 0, 0, 0, 0, 0, 0, 0, 0, 33554867, 0, 98307, 0, 150994947, 0, 3084, 0);

INSERT INTO weenie_class (`weenieClassId`, `baseAceObjectId`)
VALUES (15185, 15185);

INSERT INTO `base_ace_object` (`baseAceObjectId`, `name`, `typeId`, `paletteId`, `ammoType`, `blipColor`, `bitField`, `burden`, `combatUse`, `cooldownDuration`, `cooldownId`, `effects`, `containersCapacity`, `header`, `hookTypeId`, `iconId`, `iconOverlayId`, `iconUnderlayId`, `hookItemTypes`, `itemsCapacity`, `location`, `materialType`, `maxStackSize`, `maxStructure`, `radar`, `pscript`, `spellId`, `stackSize`, `structure`, `targetTypeId`, `usability`, `useRadius`, `validLocations`, `value`, `workmanship`, `animationFrameId`, `defaultScript`, `defaultScriptIntensity`, `elasticity`, `friction`, `locationId`, `modelTableId`, `objectScale`, `physicsBitField`, `physicsTableId`, `motionTableId`, `soundTableId`, `physicsState`, `translucency`)
VALUES (14629, 'Erevana Villas Portal', 65536, 0, 0, 0, 262164, 0, 0, 0, 0, 0, 0, 8388656, 0, 100667499, 0, 0, 0, 0, 0, 0, 0, 0, 4, 0, 0, 0, 0, 0, 32, -0.1, 0, 0, 0, 0, 0, 0, 0, 0, 0, 33554867, 0, 98307, 0, 150994947, 0, 3084, 0);

INSERT INTO weenie_class (`weenieClassId`, `baseAceObjectId`)
VALUES (14629, 14629);

INSERT INTO `base_ace_object` (`baseAceObjectId`, `name`, `typeId`, `paletteId`, `ammoType`, `blipColor`, `bitField`, `burden`, `combatUse`, `cooldownDuration`, `cooldownId`, `effects`, `containersCapacity`, `header`, `hookTypeId`, `iconId`, `iconOverlayId`, `iconUnderlayId`, `hookItemTypes`, `itemsCapacity`, `location`, `materialType`, `maxStackSize`, `maxStructure`, `radar`, `pscript`, `spellId`, `stackSize`, `structure`, `targetTypeId`, `usability`, `useRadius`, `validLocations`, `value`, `workmanship`, `animationFrameId`, `defaultScript`, `defaultScriptIntensity`, `elasticity`, `friction`, `locationId`, `modelTableId`, `objectScale`, `physicsBitField`, `physicsTableId`, `motionTableId`, `soundTableId`, `physicsState`, `translucency`)
VALUES (13094, 'Brigand Sands Cottages Portal', 65536, 0, 0, 0, 262164, 0, 0, 0, 0, 0, 0, 8388656, 0, 100667499, 0, 0, 0, 0, 0, 0, 0, 0, 4, 0, 0, 0, 0, 0, 32, -0.1, 0, 0, 0, 0, 0, 0, 0, 0, 0, 33554867, 0, 98307, 0, 150994947, 0, 3084, 0);

INSERT INTO weenie_class (`weenieClassId`, `baseAceObjectId`)
VALUES (13094, 13094);

INSERT INTO `base_ace_object` (`baseAceObjectId`, `name`, `typeId`, `paletteId`, `ammoType`, `blipColor`, `bitField`, `burden`, `combatUse`, `cooldownDuration`, `cooldownId`, `effects`, `containersCapacity`, `header`, `hookTypeId`, `iconId`, `iconOverlayId`, `iconUnderlayId`, `hookItemTypes`, `itemsCapacity`, `location`, `materialType`, `maxStackSize`, `maxStructure`, `radar`, `pscript`, `spellId`, `stackSize`, `structure`, `targetTypeId`, `usability`, `useRadius`, `validLocations`, `value`, `workmanship`, `animationFrameId`, `defaultScript`, `defaultScriptIntensity`, `elasticity`, `friction`, `locationId`, `modelTableId`, `objectScale`, `physicsBitField`, `physicsTableId`, `motionTableId`, `soundTableId`, `physicsState`, `translucency`)
VALUES (14278, 'Plainsview Cottages Portal', 65536, 0, 0, 0, 262164, 0, 0, 0, 0, 0, 0, 8388656, 0, 100667499, 0, 0, 0, 0, 0, 0, 0, 0, 4, 0, 0, 0, 0, 0, 32, -0.1, 0, 0, 0, 0, 0, 0, 0, 0, 0, 33554867, 0, 98307, 0, 150994947, 0, 3084, 0);

INSERT INTO weenie_class (`weenieClassId`, `baseAceObjectId`)
VALUES (14278, 14278);

INSERT INTO `base_ace_object` (`baseAceObjectId`, `name`, `typeId`, `paletteId`, `ammoType`, `blipColor`, `bitField`, `burden`, `combatUse`, `cooldownDuration`, `cooldownId`, `effects`, `containersCapacity`, `header`, `hookTypeId`, `iconId`, `iconOverlayId`, `iconUnderlayId`, `hookItemTypes`, `itemsCapacity`, `location`, `materialType`, `maxStackSize`, `maxStructure`, `radar`, `pscript`, `spellId`, `stackSize`, `structure`, `targetTypeId`, `usability`, `useRadius`, `validLocations`, `value`, `workmanship`, `animationFrameId`, `defaultScript`, `defaultScriptIntensity`, `elasticity`, `friction`, `locationId`, `modelTableId`, `objectScale`, `physicsBitField`, `physicsTableId`, `motionTableId`, `soundTableId`, `physicsState`, `translucency`)
VALUES (13093, 'Bhah Dhah Villas Portal', 65536, 0, 0, 0, 262164, 0, 0, 0, 0, 0, 0, 8388656, 0, 100667499, 0, 0, 0, 0, 0, 0, 0, 0, 4, 0, 0, 0, 0, 0, 32, -0.1, 0, 0, 0, 0, 0, 0, 0, 0, 0, 33554867, 0, 98307, 0, 150994947, 0, 3084, 0);

INSERT INTO weenie_class (`weenieClassId`, `baseAceObjectId`)
VALUES (13093, 13093);

INSERT INTO `base_ace_object` (`baseAceObjectId`, `name`, `typeId`, `paletteId`, `ammoType`, `blipColor`, `bitField`, `burden`, `combatUse`, `cooldownDuration`, `cooldownId`, `effects`, `containersCapacity`, `header`, `hookTypeId`, `iconId`, `iconOverlayId`, `iconUnderlayId`, `hookItemTypes`, `itemsCapacity`, `location`, `materialType`, `maxStackSize`, `maxStructure`, `radar`, `pscript`, `spellId`, `stackSize`, `structure`, `targetTypeId`, `usability`, `useRadius`, `validLocations`, `value`, `workmanship`, `animationFrameId`, `defaultScript`, `defaultScriptIntensity`, `elasticity`, `friction`, `locationId`, `modelTableId`, `objectScale`, `physicsBitField`, `physicsTableId`, `motionTableId`, `soundTableId`, `physicsState`, `translucency`)
VALUES (12551, 'South Khayyaban Cottages Portal', 65536, 0, 0, 0, 262164, 0, 0, 0, 0, 0, 0, 8388656, 0, 100667499, 0, 0, 0, 0, 0, 0, 0, 0, 4, 0, 0, 0, 0, 0, 32, -0.1, 0, 0, 0, 0, 0, 0, 0, 0, 0, 33554867, 0, 98307, 0, 150994947, 0, 3084, 0);

INSERT INTO weenie_class (`weenieClassId`, `baseAceObjectId`)
VALUES (12551, 12551);

INSERT INTO `base_ace_object` (`baseAceObjectId`, `name`, `typeId`, `paletteId`, `ammoType`, `blipColor`, `bitField`, `burden`, `combatUse`, `cooldownDuration`, `cooldownId`, `effects`, `containersCapacity`, `header`, `hookTypeId`, `iconId`, `iconOverlayId`, `iconUnderlayId`, `hookItemTypes`, `itemsCapacity`, `location`, `materialType`, `maxStackSize`, `maxStructure`, `radar`, `pscript`, `spellId`, `stackSize`, `structure`, `targetTypeId`, `usability`, `useRadius`, `validLocations`, `value`, `workmanship`, `animationFrameId`, `defaultScript`, `defaultScriptIntensity`, `elasticity`, `friction`, `locationId`, `modelTableId`, `objectScale`, `physicsBitField`, `physicsTableId`, `motionTableId`, `soundTableId`, `physicsState`, `translucency`)
VALUES (15682, 'Shield of Ispar Villas Portal', 65536, 0, 0, 0, 262164, 0, 0, 0, 0, 0, 0, 8388656, 0, 100667499, 0, 0, 0, 0, 0, 0, 0, 0, 4, 0, 0, 0, 0, 0, 32, -0.1, 0, 0, 0, 0, 0, 0, 0, 0, 0, 33554867, 0, 98307, 0, 150994947, 0, 3084, 0);

INSERT INTO weenie_class (`weenieClassId`, `baseAceObjectId`)
VALUES (15682, 15682);

INSERT INTO `base_ace_object` (`baseAceObjectId`, `name`, `typeId`, `paletteId`, `ammoType`, `blipColor`, `bitField`, `burden`, `combatUse`, `cooldownDuration`, `cooldownId`, `effects`, `containersCapacity`, `header`, `hookTypeId`, `iconId`, `iconOverlayId`, `iconUnderlayId`, `hookItemTypes`, `itemsCapacity`, `location`, `materialType`, `maxStackSize`, `maxStructure`, `radar`, `pscript`, `spellId`, `stackSize`, `structure`, `targetTypeId`, `usability`, `useRadius`, `validLocations`, `value`, `workmanship`, `animationFrameId`, `defaultScript`, `defaultScriptIntensity`, `elasticity`, `friction`, `locationId`, `modelTableId`, `objectScale`, `physicsBitField`, `physicsTableId`, `motionTableId`, `soundTableId`, `physicsState`, `translucency`)
VALUES (14270, 'Kanasa Portal', 65536, 0, 0, 0, 262164, 0, 0, 0, 0, 0, 0, 8388656, 0, 100667499, 0, 0, 0, 0, 0, 0, 0, 0, 4, 0, 0, 0, 0, 0, 32, -0.1, 0, 0, 0, 0, 0, 0, 0, 0, 0, 33554867, 0, 98307, 0, 150994947, 0, 3084, 0);

INSERT INTO weenie_class (`weenieClassId`, `baseAceObjectId`)
VALUES (14270, 14270);

INSERT INTO `base_ace_object` (`baseAceObjectId`, `name`, `typeId`, `paletteId`, `ammoType`, `blipColor`, `bitField`, `burden`, `combatUse`, `cooldownDuration`, `cooldownId`, `effects`, `containersCapacity`, `header`, `hookTypeId`, `iconId`, `iconOverlayId`, `iconUnderlayId`, `hookItemTypes`, `itemsCapacity`, `location`, `materialType`, `maxStackSize`, `maxStructure`, `radar`, `pscript`, `spellId`, `stackSize`, `structure`, `targetTypeId`, `usability`, `useRadius`, `validLocations`, `value`, `workmanship`, `animationFrameId`, `defaultScript`, `defaultScriptIntensity`, `elasticity`, `friction`, `locationId`, `modelTableId`, `objectScale`, `physicsBitField`, `physicsTableId`, `motionTableId`, `soundTableId`, `physicsState`, `translucency`)
VALUES (12544, 'Serpent Hills Settlement Portal', 65536, 0, 0, 0, 262164, 0, 0, 0, 0, 0, 0, 8388656, 0, 100667499, 0, 0, 0, 0, 0, 0, 0, 0, 4, 0, 0, 0, 0, 0, 32, -0.1, 0, 0, 0, 0, 0, 0, 0, 0, 0, 33554867, 0, 98307, 0, 150994947, 0, 3084, 0);

INSERT INTO weenie_class (`weenieClassId`, `baseAceObjectId`)
VALUES (12544, 12544);

INSERT INTO `base_ace_object` (`baseAceObjectId`, `name`, `typeId`, `paletteId`, `ammoType`, `blipColor`, `bitField`, `burden`, `combatUse`, `cooldownDuration`, `cooldownId`, `effects`, `containersCapacity`, `header`, `hookTypeId`, `iconId`, `iconOverlayId`, `iconUnderlayId`, `hookItemTypes`, `itemsCapacity`, `location`, `materialType`, `maxStackSize`, `maxStructure`, `radar`, `pscript`, `spellId`, `stackSize`, `structure`, `targetTypeId`, `usability`, `useRadius`, `validLocations`, `value`, `workmanship`, `animationFrameId`, `defaultScript`, `defaultScriptIntensity`, `elasticity`, `friction`, `locationId`, `modelTableId`, `objectScale`, `physicsBitField`, `physicsTableId`, `motionTableId`, `soundTableId`, `physicsState`, `translucency`)
VALUES (15663, 'Ardent Realm Portal', 65536, 0, 0, 0, 262164, 0, 0, 0, 0, 0, 0, 8388656, 0, 100667499, 0, 0, 0, 0, 0, 0, 0, 0, 4, 0, 0, 0, 0, 0, 32, -0.1, 0, 0, 0, 0, 0, 0, 0, 0, 0, 33554867, 0, 98307, 0, 150994947, 0, 3084, 0);

INSERT INTO weenie_class (`weenieClassId`, `baseAceObjectId`)
VALUES (15663, 15663);

INSERT INTO `base_ace_object` (`baseAceObjectId`, `name`, `typeId`, `paletteId`, `ammoType`, `blipColor`, `bitField`, `burden`, `combatUse`, `cooldownDuration`, `cooldownId`, `effects`, `containersCapacity`, `header`, `hookTypeId`, `iconId`, `iconOverlayId`, `iconUnderlayId`, `hookItemTypes`, `itemsCapacity`, `location`, `materialType`, `maxStackSize`, `maxStructure`, `radar`, `pscript`, `spellId`, `stackSize`, `structure`, `targetTypeId`, `usability`, `useRadius`, `validLocations`, `value`, `workmanship`, `animationFrameId`, `defaultScript`, `defaultScriptIntensity`, `elasticity`, `friction`, `locationId`, `modelTableId`, `objectScale`, `physicsBitField`, `physicsTableId`, `motionTableId`, `soundTableId`, `physicsState`, `translucency`)
VALUES (12559, 'Taklihuan Settlement Portal', 65536, 0, 0, 0, 262164, 0, 0, 0, 0, 0, 0, 8388656, 0, 100667499, 0, 0, 0, 0, 0, 0, 0, 0, 4, 0, 0, 0, 0, 0, 32, -0.1, 0, 0, 0, 0, 0, 0, 0, 0, 0, 33554867, 0, 98307, 0, 150994947, 0, 3084, 0);

INSERT INTO weenie_class (`weenieClassId`, `baseAceObjectId`)
VALUES (12559, 12559);

INSERT INTO `base_ace_object` (`baseAceObjectId`, `name`, `typeId`, `paletteId`, `ammoType`, `blipColor`, `bitField`, `burden`, `combatUse`, `cooldownDuration`, `cooldownId`, `effects`, `containersCapacity`, `header`, `hookTypeId`, `iconId`, `iconOverlayId`, `iconUnderlayId`, `hookItemTypes`, `itemsCapacity`, `location`, `materialType`, `maxStackSize`, `maxStructure`, `radar`, `pscript`, `spellId`, `stackSize`, `structure`, `targetTypeId`, `usability`, `useRadius`, `validLocations`, `value`, `workmanship`, `animationFrameId`, `defaultScript`, `defaultScriptIntensity`, `elasticity`, `friction`, `locationId`, `modelTableId`, `objectScale`, `physicsBitField`, `physicsTableId`, `motionTableId`, `soundTableId`, `physicsState`, `translucency`)
VALUES (12556, 'Spire Hills Settlement Portal', 65536, 0, 0, 0, 262164, 0, 0, 0, 0, 0, 0, 8388656, 0, 100667499, 0, 0, 0, 0, 0, 0, 0, 0, 4, 0, 0, 0, 0, 0, 32, -0.1, 0, 0, 0, 0, 0, 0, 0, 0, 0, 33554867, 0, 98307, 0, 150994947, 0, 3084, 0);

INSERT INTO weenie_class (`weenieClassId`, `baseAceObjectId`)
VALUES (12556, 12556);

INSERT INTO `base_ace_object` (`baseAceObjectId`, `name`, `typeId`, `paletteId`, `ammoType`, `blipColor`, `bitField`, `burden`, `combatUse`, `cooldownDuration`, `cooldownId`, `effects`, `containersCapacity`, `header`, `hookTypeId`, `iconId`, `iconOverlayId`, `iconUnderlayId`, `hookItemTypes`, `itemsCapacity`, `location`, `materialType`, `maxStackSize`, `maxStructure`, `radar`, `pscript`, `spellId`, `stackSize`, `structure`, `targetTypeId`, `usability`, `useRadius`, `validLocations`, `value`, `workmanship`, `animationFrameId`, `defaultScript`, `defaultScriptIntensity`, `elasticity`, `friction`, `locationId`, `modelTableId`, `objectScale`, `physicsBitField`, `physicsTableId`, `motionTableId`, `soundTableId`, `physicsState`, `translucency`)
VALUES (12488, 'Dunes End Cottages Portal', 65536, 0, 0, 0, 262164, 0, 0, 0, 0, 0, 0, 8388656, 0, 100667499, 0, 0, 0, 0, 0, 0, 0, 0, 4, 0, 0, 0, 0, 0, 32, -0.1, 0, 0, 0, 0, 0, 0, 0, 0, 0, 33554867, 0, 98307, 0, 150994947, 0, 3084, 0);

INSERT INTO weenie_class (`weenieClassId`, `baseAceObjectId`)
VALUES (12488, 12488);

INSERT INTO `base_ace_object` (`baseAceObjectId`, `name`, `typeId`, `paletteId`, `ammoType`, `blipColor`, `bitField`, `burden`, `combatUse`, `cooldownDuration`, `cooldownId`, `effects`, `containersCapacity`, `header`, `hookTypeId`, `iconId`, `iconOverlayId`, `iconUnderlayId`, `hookItemTypes`, `itemsCapacity`, `location`, `materialType`, `maxStackSize`, `maxStructure`, `radar`, `pscript`, `spellId`, `stackSize`, `structure`, `targetTypeId`, `usability`, `useRadius`, `validLocations`, `value`, `workmanship`, `animationFrameId`, `defaultScript`, `defaultScriptIntensity`, `elasticity`, `friction`, `locationId`, `modelTableId`, `objectScale`, `physicsBitField`, `physicsTableId`, `motionTableId`, `soundTableId`, `physicsState`, `translucency`)
VALUES (19161, 'Stone Scythe Stronghold Portal', 65536, 0, 0, 0, 262164, 0, 0, 0, 0, 0, 0, 8388656, 0, 100667499, 0, 0, 0, 0, 0, 0, 0, 0, 4, 0, 0, 0, 0, 0, 32, -0.1, 0, 0, 0, 0, 0, 0, 0, 0, 0, 33554867, 0, 98307, 0, 150994947, 0, 3084, 0);

INSERT INTO weenie_class (`weenieClassId`, `baseAceObjectId`)
VALUES (19161, 19161);

INSERT INTO `base_ace_object` (`baseAceObjectId`, `name`, `typeId`, `paletteId`, `ammoType`, `blipColor`, `bitField`, `burden`, `combatUse`, `cooldownDuration`, `cooldownId`, `effects`, `containersCapacity`, `header`, `hookTypeId`, `iconId`, `iconOverlayId`, `iconUnderlayId`, `hookItemTypes`, `itemsCapacity`, `location`, `materialType`, `maxStackSize`, `maxStructure`, `radar`, `pscript`, `spellId`, `stackSize`, `structure`, `targetTypeId`, `usability`, `useRadius`, `validLocations`, `value`, `workmanship`, `animationFrameId`, `defaultScript`, `defaultScriptIntensity`, `elasticity`, `friction`, `locationId`, `modelTableId`, `objectScale`, `physicsBitField`, `physicsTableId`, `motionTableId`, `soundTableId`, `physicsState`, `translucency`)
VALUES (19155, 'Rending Talon Cottages Portal', 65536, 0, 0, 0, 262164, 0, 0, 0, 0, 0, 0, 8388656, 0, 100667499, 0, 0, 0, 0, 0, 0, 0, 0, 4, 0, 0, 0, 0, 0, 32, -0.1, 0, 0, 0, 0, 0, 0, 0, 0, 0, 33554867, 0, 98307, 0, 150994947, 0, 3084, 0);

INSERT INTO weenie_class (`weenieClassId`, `baseAceObjectId`)
VALUES (19155, 19155);

INSERT INTO `base_ace_object` (`baseAceObjectId`, `name`, `typeId`, `paletteId`, `ammoType`, `blipColor`, `bitField`, `burden`, `combatUse`, `cooldownDuration`, `cooldownId`, `effects`, `containersCapacity`, `header`, `hookTypeId`, `iconId`, `iconOverlayId`, `iconUnderlayId`, `hookItemTypes`, `itemsCapacity`, `location`, `materialType`, `maxStackSize`, `maxStructure`, `radar`, `pscript`, `spellId`, `stackSize`, `structure`, `targetTypeId`, `usability`, `useRadius`, `validLocations`, `value`, `workmanship`, `animationFrameId`, `defaultScript`, `defaultScriptIntensity`, `elasticity`, `friction`, `locationId`, `modelTableId`, `objectScale`, `physicsBitField`, `physicsTableId`, `motionTableId`, `soundTableId`, `physicsState`, `translucency`)
VALUES (6395, 'Jahannan Vault Portal', 65536, 0, 0, 0, 262164, 0, 0, 0, 0, 0, 0, 8388656, 0, 100667499, 0, 0, 0, 0, 0, 0, 0, 0, 4, 0, 0, 0, 0, 0, 32, -0.1, 0, 0, 0, 0, 0, 0, 0, 0, 0, 33555923, 0, 98307, 0, 150994947, 0, 3084, 0);

INSERT INTO weenie_class (`weenieClassId`, `baseAceObjectId`)
VALUES (6395, 6395);

INSERT INTO `base_ace_object` (`baseAceObjectId`, `name`, `typeId`, `paletteId`, `ammoType`, `blipColor`, `bitField`, `burden`, `combatUse`, `cooldownDuration`, `cooldownId`, `effects`, `containersCapacity`, `header`, `hookTypeId`, `iconId`, `iconOverlayId`, `iconUnderlayId`, `hookItemTypes`, `itemsCapacity`, `location`, `materialType`, `maxStackSize`, `maxStructure`, `radar`, `pscript`, `spellId`, `stackSize`, `structure`, `targetTypeId`, `usability`, `useRadius`, `validLocations`, `value`, `workmanship`, `animationFrameId`, `defaultScript`, `defaultScriptIntensity`, `elasticity`, `friction`, `locationId`, `modelTableId`, `objectScale`, `physicsBitField`, `physicsTableId`, `motionTableId`, `soundTableId`, `physicsState`, `translucency`)
VALUES (6396, 'Surface Portal', 65536, 0, 0, 0, 262164, 0, 0, 0, 0, 0, 0, 8388656, 0, 100667499, 0, 0, 0, 0, 0, 0, 0, 0, 4, 0, 0, 0, 0, 0, 32, -0.1, 0, 0, 0, 0, 0, 0, 0, 0, 0, 33554867, 0, 98307, 0, 150994947, 0, 3084, 0);

INSERT INTO weenie_class (`weenieClassId`, `baseAceObjectId`)
VALUES (6396, 6396);

INSERT INTO `base_ace_object` (`baseAceObjectId`, `name`, `typeId`, `paletteId`, `ammoType`, `blipColor`, `bitField`, `burden`, `combatUse`, `cooldownDuration`, `cooldownId`, `effects`, `containersCapacity`, `header`, `hookTypeId`, `iconId`, `iconOverlayId`, `iconUnderlayId`, `hookItemTypes`, `itemsCapacity`, `location`, `materialType`, `maxStackSize`, `maxStructure`, `radar`, `pscript`, `spellId`, `stackSize`, `structure`, `targetTypeId`, `usability`, `useRadius`, `validLocations`, `value`, `workmanship`, `animationFrameId`, `defaultScript`, `defaultScriptIntensity`, `elasticity`, `friction`, `locationId`, `modelTableId`, `objectScale`, `physicsBitField`, `physicsTableId`, `motionTableId`, `soundTableId`, `physicsState`, `translucency`)
VALUES (2086, 'Lair of Death', 65536, 0, 0, 0, 262164, 0, 0, 0, 0, 0, 0, 8388656, 0, 100667499, 0, 0, 0, 0, 0, 0, 0, 0, 4, 0, 0, 0, 0, 0, 32, -0.1, 0, 0, 0, 0, 0, 0, 0, 0, 0, 33555923, 0, 98307, 0, 150994947, 0, 3084, 0);

INSERT INTO weenie_class (`weenieClassId`, `baseAceObjectId`)
VALUES (2086, 2086);

INSERT INTO `base_ace_object` (`baseAceObjectId`, `name`, `typeId`, `paletteId`, `ammoType`, `blipColor`, `bitField`, `burden`, `combatUse`, `cooldownDuration`, `cooldownId`, `effects`, `containersCapacity`, `header`, `hookTypeId`, `iconId`, `iconOverlayId`, `iconUnderlayId`, `hookItemTypes`, `itemsCapacity`, `location`, `materialType`, `maxStackSize`, `maxStructure`, `radar`, `pscript`, `spellId`, `stackSize`, `structure`, `targetTypeId`, `usability`, `useRadius`, `validLocations`, `value`, `workmanship`, `animationFrameId`, `defaultScript`, `defaultScriptIntensity`, `elasticity`, `friction`, `locationId`, `modelTableId`, `objectScale`, `physicsBitField`, `physicsTableId`, `motionTableId`, `soundTableId`, `physicsState`, `translucency`)
VALUES (2087, 'Surface', 65536, 0, 0, 0, 262164, 0, 0, 0, 0, 0, 0, 8388656, 0, 100667499, 0, 0, 0, 0, 0, 0, 0, 0, 4, 0, 0, 0, 0, 0, 32, -0.1, 0, 0, 0, 0, 0, 0, 0, 0, 0, 33554867, 0, 98307, 0, 150994947, 0, 3084, 0);

INSERT INTO weenie_class (`weenieClassId`, `baseAceObjectId`)
VALUES (2087, 2087);

INSERT INTO `base_ace_object` (`baseAceObjectId`, `name`, `typeId`, `paletteId`, `ammoType`, `blipColor`, `bitField`, `burden`, `combatUse`, `cooldownDuration`, `cooldownId`, `effects`, `containersCapacity`, `header`, `hookTypeId`, `iconId`, `iconOverlayId`, `iconUnderlayId`, `hookItemTypes`, `itemsCapacity`, `location`, `materialType`, `maxStackSize`, `maxStructure`, `radar`, `pscript`, `spellId`, `stackSize`, `structure`, `targetTypeId`, `usability`, `useRadius`, `validLocations`, `value`, `workmanship`, `animationFrameId`, `defaultScript`, `defaultScriptIntensity`, `elasticity`, `friction`, `locationId`, `modelTableId`, `objectScale`, `physicsBitField`, `physicsTableId`, `motionTableId`, `soundTableId`, `physicsState`, `translucency`)
VALUES (1102, 'Bandit Castle Portal', 65536, 0, 0, 0, 262164, 0, 0, 0, 0, 0, 0, 8388656, 0, 100667499, 0, 0, 0, 0, 0, 0, 0, 0, 4, 0, 0, 0, 0, 0, 32, -0.1, 0, 0, 0, 0, 0, 0, 0, 0, 0, 33554867, 0, 98307, 0, 150994947, 0, 3084, 0);

INSERT INTO weenie_class (`weenieClassId`, `baseAceObjectId`)
VALUES (1102, 1102);

INSERT INTO `base_ace_object` (`baseAceObjectId`, `name`, `typeId`, `paletteId`, `ammoType`, `blipColor`, `bitField`, `burden`, `combatUse`, `cooldownDuration`, `cooldownId`, `effects`, `containersCapacity`, `header`, `hookTypeId`, `iconId`, `iconOverlayId`, `iconUnderlayId`, `hookItemTypes`, `itemsCapacity`, `location`, `materialType`, `maxStackSize`, `maxStructure`, `radar`, `pscript`, `spellId`, `stackSize`, `structure`, `targetTypeId`, `usability`, `useRadius`, `validLocations`, `value`, `workmanship`, `animationFrameId`, `defaultScript`, `defaultScriptIntensity`, `elasticity`, `friction`, `locationId`, `modelTableId`, `objectScale`, `physicsBitField`, `physicsTableId`, `motionTableId`, `soundTableId`, `physicsState`, `translucency`)
VALUES (32710, 'Viamontian Laboratory', 65536, 0, 0, 0, 262164, 0, 0, 0, 0, 0, 0, 8388656, 0, 100667499, 0, 0, 0, 0, 0, 0, 0, 0, 4, 0, 0, 0, 0, 0, 32, -0.1, 0, 0, 0, 0, 0, 0, 0, 0, 0, 33555926, 0, 98307, 0, 150994947, 0, 3084, 0);

INSERT INTO weenie_class (`weenieClassId`, `baseAceObjectId`)
VALUES (32710, 32710);

INSERT INTO `base_ace_object` (`baseAceObjectId`, `name`, `typeId`, `paletteId`, `ammoType`, `blipColor`, `bitField`, `burden`, `combatUse`, `cooldownDuration`, `cooldownId`, `effects`, `containersCapacity`, `header`, `hookTypeId`, `iconId`, `iconOverlayId`, `iconUnderlayId`, `hookItemTypes`, `itemsCapacity`, `location`, `materialType`, `maxStackSize`, `maxStructure`, `radar`, `pscript`, `spellId`, `stackSize`, `structure`, `targetTypeId`, `usability`, `useRadius`, `validLocations`, `value`, `workmanship`, `animationFrameId`, `defaultScript`, `defaultScriptIntensity`, `elasticity`, `friction`, `locationId`, `modelTableId`, `objectScale`, `physicsBitField`, `physicsTableId`, `motionTableId`, `soundTableId`, `physicsState`, `translucency`)
VALUES (24436, 'Matron Hive North', 65536, 0, 0, 0, 262164, 0, 0, 0, 0, 0, 0, 8388656, 0, 100667499, 0, 0, 0, 0, 0, 0, 0, 0, 4, 0, 0, 0, 0, 0, 32, -0.1, 0, 0, 0, 0, 0, 0, 0, 0, 0, 33555926, 0, 98307, 0, 150994947, 0, 3084, 0);

INSERT INTO weenie_class (`weenieClassId`, `baseAceObjectId`)
VALUES (24436, 24436);

INSERT INTO `base_ace_object` (`baseAceObjectId`, `name`, `typeId`, `paletteId`, `ammoType`, `blipColor`, `bitField`, `burden`, `combatUse`, `cooldownDuration`, `cooldownId`, `effects`, `containersCapacity`, `header`, `hookTypeId`, `iconId`, `iconOverlayId`, `iconUnderlayId`, `hookItemTypes`, `itemsCapacity`, `location`, `materialType`, `maxStackSize`, `maxStructure`, `radar`, `pscript`, `spellId`, `stackSize`, `structure`, `targetTypeId`, `usability`, `useRadius`, `validLocations`, `value`, `workmanship`, `animationFrameId`, `defaultScript`, `defaultScriptIntensity`, `elasticity`, `friction`, `locationId`, `modelTableId`, `objectScale`, `physicsBitField`, `physicsTableId`, `motionTableId`, `soundTableId`, `physicsState`, `translucency`)
VALUES (4567, 'Destroyed Lin Portal', 65536, 0, 0, 0, 262164, 0, 0, 0, 0, 0, 0, 48, 0, 100667499, 0, 0, 0, 0, 0, 0, 0, 0, 0, 0, 0, 0, 0, 0, 1, -0.1, 0, 0, 0, 0, 0, 0, 0, 0, 0, 33561060, 0, 98307, 0, 150995314, 0, 3092, 0);

INSERT INTO weenie_class (`weenieClassId`, `baseAceObjectId`)
VALUES (4567, 4567);

INSERT INTO `base_ace_object` (`baseAceObjectId`, `name`, `typeId`, `paletteId`, `ammoType`, `blipColor`, `bitField`, `burden`, `combatUse`, `cooldownDuration`, `cooldownId`, `effects`, `containersCapacity`, `header`, `hookTypeId`, `iconId`, `iconOverlayId`, `iconUnderlayId`, `hookItemTypes`, `itemsCapacity`, `location`, `materialType`, `maxStackSize`, `maxStructure`, `radar`, `pscript`, `spellId`, `stackSize`, `structure`, `targetTypeId`, `usability`, `useRadius`, `validLocations`, `value`, `workmanship`, `animationFrameId`, `defaultScript`, `defaultScriptIntensity`, `elasticity`, `friction`, `locationId`, `modelTableId`, `objectScale`, `physicsBitField`, `physicsTableId`, `motionTableId`, `soundTableId`, `physicsState`, `translucency`)
VALUES (6097, 'Khayyaban Meeting Hall Portal', 65536, 0, 0, 0, 262164, 0, 0, 0, 0, 0, 0, 8388656, 0, 100667499, 0, 0, 0, 0, 0, 0, 0, 0, 4, 0, 0, 0, 0, 0, 32, -0.1, 0, 0, 0, 0, 0, 0, 0, 0, 0, 33554867, 0, 98307, 0, 150994947, 0, 3084, 0);

INSERT INTO weenie_class (`weenieClassId`, `baseAceObjectId`)
VALUES (6097, 6097);

INSERT INTO `base_ace_object` (`baseAceObjectId`, `name`, `typeId`, `paletteId`, `ammoType`, `blipColor`, `bitField`, `burden`, `combatUse`, `cooldownDuration`, `cooldownId`, `effects`, `containersCapacity`, `header`, `hookTypeId`, `iconId`, `iconOverlayId`, `iconUnderlayId`, `hookItemTypes`, `itemsCapacity`, `location`, `materialType`, `maxStackSize`, `maxStructure`, `radar`, `pscript`, `spellId`, `stackSize`, `structure`, `targetTypeId`, `usability`, `useRadius`, `validLocations`, `value`, `workmanship`, `animationFrameId`, `defaultScript`, `defaultScriptIntensity`, `elasticity`, `friction`, `locationId`, `modelTableId`, `objectScale`, `physicsBitField`, `physicsTableId`, `motionTableId`, `soundTableId`, `physicsState`, `translucency`)
VALUES (21418, 'Frost Guardian Lair', 65536, 0, 0, 0, 262164, 0, 0, 0, 0, 0, 0, 8388656, 0, 100667499, 0, 0, 0, 0, 0, 0, 0, 0, 4, 0, 0, 0, 0, 0, 32, -0.1, 0, 0, 0, 0, 0, 0, 0, 0, 0, 33555923, 0, 98307, 0, 150994947, 0, 3084, 0);

INSERT INTO weenie_class (`weenieClassId`, `baseAceObjectId`)
VALUES (21418, 21418);

INSERT INTO `base_ace_object` (`baseAceObjectId`, `name`, `typeId`, `paletteId`, `ammoType`, `blipColor`, `bitField`, `burden`, `combatUse`, `cooldownDuration`, `cooldownId`, `effects`, `containersCapacity`, `header`, `hookTypeId`, `iconId`, `iconOverlayId`, `iconUnderlayId`, `hookItemTypes`, `itemsCapacity`, `location`, `materialType`, `maxStackSize`, `maxStructure`, `radar`, `pscript`, `spellId`, `stackSize`, `structure`, `targetTypeId`, `usability`, `useRadius`, `validLocations`, `value`, `workmanship`, `animationFrameId`, `defaultScript`, `defaultScriptIntensity`, `elasticity`, `friction`, `locationId`, `modelTableId`, `objectScale`, `physicsBitField`, `physicsTableId`, `motionTableId`, `soundTableId`, `physicsState`, `translucency`)
VALUES (21950, 'Proving Grounds Low', 65536, 0, 0, 0, 262164, 0, 0, 0, 0, 0, 0, 8388656, 0, 100667499, 0, 0, 0, 0, 0, 0, 0, 0, 4, 0, 0, 0, 0, 0, 32, -0.1, 0, 0, 0, 0, 0, 0, 0, 0, 0, 33555923, 0, 98307, 0, 150994947, 0, 3084, 0);

INSERT INTO weenie_class (`weenieClassId`, `baseAceObjectId`)
VALUES (21950, 21950);

INSERT INTO `base_ace_object` (`baseAceObjectId`, `name`, `typeId`, `paletteId`, `ammoType`, `blipColor`, `bitField`, `burden`, `combatUse`, `cooldownDuration`, `cooldownId`, `effects`, `containersCapacity`, `header`, `hookTypeId`, `iconId`, `iconOverlayId`, `iconUnderlayId`, `hookItemTypes`, `itemsCapacity`, `location`, `materialType`, `maxStackSize`, `maxStructure`, `radar`, `pscript`, `spellId`, `stackSize`, `structure`, `targetTypeId`, `usability`, `useRadius`, `validLocations`, `value`, `workmanship`, `animationFrameId`, `defaultScript`, `defaultScriptIntensity`, `elasticity`, `friction`, `locationId`, `modelTableId`, `objectScale`, `physicsBitField`, `physicsTableId`, `motionTableId`, `soundTableId`, `physicsState`, `translucency`)
VALUES (21958, 'Proving Grounds Low', 65536, 0, 0, 0, 262164, 0, 0, 0, 0, 0, 0, 8388656, 0, 100667499, 0, 0, 0, 0, 0, 0, 0, 0, 4, 0, 0, 0, 0, 0, 32, -0.1, 0, 0, 0, 0, 0, 0, 0, 0, 0, 33555923, 0, 98307, 0, 150994947, 0, 3084, 0);

INSERT INTO weenie_class (`weenieClassId`, `baseAceObjectId`)
VALUES (21958, 21958);

INSERT INTO `base_ace_object` (`baseAceObjectId`, `name`, `typeId`, `paletteId`, `ammoType`, `blipColor`, `bitField`, `burden`, `combatUse`, `cooldownDuration`, `cooldownId`, `effects`, `containersCapacity`, `header`, `hookTypeId`, `iconId`, `iconOverlayId`, `iconUnderlayId`, `hookItemTypes`, `itemsCapacity`, `location`, `materialType`, `maxStackSize`, `maxStructure`, `radar`, `pscript`, `spellId`, `stackSize`, `structure`, `targetTypeId`, `usability`, `useRadius`, `validLocations`, `value`, `workmanship`, `animationFrameId`, `defaultScript`, `defaultScriptIntensity`, `elasticity`, `friction`, `locationId`, `modelTableId`, `objectScale`, `physicsBitField`, `physicsTableId`, `motionTableId`, `soundTableId`, `physicsState`, `translucency`)
VALUES (21405, 'Citadel Valley', 65536, 0, 0, 0, 262164, 0, 0, 0, 0, 0, 0, 8388656, 0, 100667499, 0, 0, 0, 0, 0, 0, 0, 0, 4, 0, 0, 0, 0, 0, 32, -0.1, 0, 0, 0, 0, 0, 0, 0, 0, 0, 33555923, 0, 98307, 0, 150994947, 0, 3084, 0);

INSERT INTO weenie_class (`weenieClassId`, `baseAceObjectId`)
VALUES (21405, 21405);

INSERT INTO `base_ace_object` (`baseAceObjectId`, `name`, `typeId`, `paletteId`, `ammoType`, `blipColor`, `bitField`, `burden`, `combatUse`, `cooldownDuration`, `cooldownId`, `effects`, `containersCapacity`, `header`, `hookTypeId`, `iconId`, `iconOverlayId`, `iconUnderlayId`, `hookItemTypes`, `itemsCapacity`, `location`, `materialType`, `maxStackSize`, `maxStructure`, `radar`, `pscript`, `spellId`, `stackSize`, `structure`, `targetTypeId`, `usability`, `useRadius`, `validLocations`, `value`, `workmanship`, `animationFrameId`, `defaultScript`, `defaultScriptIntensity`, `elasticity`, `friction`, `locationId`, `modelTableId`, `objectScale`, `physicsBitField`, `physicsTableId`, `motionTableId`, `soundTableId`, `physicsState`, `translucency`)
VALUES (46926, 'Prismatic Devastation', 65536, 0, 0, 0, 262164, 0, 0, 0, 0, 0, 0, 8388656, 0, 100667499, 0, 0, 0, 0, 0, 0, 0, 0, 4, 0, 0, 0, 0, 0, 32, -0.1, 0, 0, 0, 0, 0, 0, 0, 0, 0, 33556212, 0, 98307, 0, 150994947, 0, 3084, 0);

INSERT INTO weenie_class (`weenieClassId`, `baseAceObjectId`)
VALUES (46926, 46926);

INSERT INTO `base_ace_object` (`baseAceObjectId`, `name`, `typeId`, `paletteId`, `ammoType`, `blipColor`, `bitField`, `burden`, `combatUse`, `cooldownDuration`, `cooldownId`, `effects`, `containersCapacity`, `header`, `hookTypeId`, `iconId`, `iconOverlayId`, `iconUnderlayId`, `hookItemTypes`, `itemsCapacity`, `location`, `materialType`, `maxStackSize`, `maxStructure`, `radar`, `pscript`, `spellId`, `stackSize`, `structure`, `targetTypeId`, `usability`, `useRadius`, `validLocations`, `value`, `workmanship`, `animationFrameId`, `defaultScript`, `defaultScriptIntensity`, `elasticity`, `friction`, `locationId`, `modelTableId`, `objectScale`, `physicsBitField`, `physicsTableId`, `motionTableId`, `soundTableId`, `physicsState`, `translucency`)
VALUES (21408, 'Entropic Decay', 65536, 0, 0, 0, 262164, 0, 0, 0, 0, 0, 0, 8388656, 0, 100667499, 0, 0, 0, 0, 0, 0, 0, 0, 4, 0, 0, 0, 0, 0, 32, -0.1, 0, 0, 0, 0, 0, 0, 0, 0, 0, 33555924, 0, 98307, 0, 150994947, 0, 3084, 0);

INSERT INTO weenie_class (`weenieClassId`, `baseAceObjectId`)
VALUES (21408, 21408);

INSERT INTO `base_ace_object` (`baseAceObjectId`, `name`, `typeId`, `paletteId`, `ammoType`, `blipColor`, `bitField`, `burden`, `combatUse`, `cooldownDuration`, `cooldownId`, `effects`, `containersCapacity`, `header`, `hookTypeId`, `iconId`, `iconOverlayId`, `iconUnderlayId`, `hookItemTypes`, `itemsCapacity`, `location`, `materialType`, `maxStackSize`, `maxStructure`, `radar`, `pscript`, `spellId`, `stackSize`, `structure`, `targetTypeId`, `usability`, `useRadius`, `validLocations`, `value`, `workmanship`, `animationFrameId`, `defaultScript`, `defaultScriptIntensity`, `elasticity`, `friction`, `locationId`, `modelTableId`, `objectScale`, `physicsBitField`, `physicsTableId`, `motionTableId`, `soundTableId`, `physicsState`, `translucency`)
VALUES (21407, 'Electric Destruction', 65536, 0, 0, 0, 262164, 0, 0, 0, 0, 0, 0, 8388656, 0, 100667499, 0, 0, 0, 0, 0, 0, 0, 0, 4, 0, 0, 0, 0, 0, 32, -0.1, 0, 0, 0, 0, 0, 0, 0, 0, 0, 33555925, 0, 98307, 0, 150994947, 0, 3084, 0);

INSERT INTO weenie_class (`weenieClassId`, `baseAceObjectId`)
VALUES (21407, 21407);

INSERT INTO `base_ace_object` (`baseAceObjectId`, `name`, `typeId`, `paletteId`, `ammoType`, `blipColor`, `bitField`, `burden`, `combatUse`, `cooldownDuration`, `cooldownId`, `effects`, `containersCapacity`, `header`, `hookTypeId`, `iconId`, `iconOverlayId`, `iconUnderlayId`, `hookItemTypes`, `itemsCapacity`, `location`, `materialType`, `maxStackSize`, `maxStructure`, `radar`, `pscript`, `spellId`, `stackSize`, `structure`, `targetTypeId`, `usability`, `useRadius`, `validLocations`, `value`, `workmanship`, `animationFrameId`, `defaultScript`, `defaultScriptIntensity`, `elasticity`, `friction`, `locationId`, `modelTableId`, `objectScale`, `physicsBitField`, `physicsTableId`, `motionTableId`, `soundTableId`, `physicsState`, `translucency`)
VALUES (21409, 'Fiery Consumption', 65536, 0, 0, 0, 262164, 0, 0, 0, 0, 0, 0, 8388656, 0, 100667499, 0, 0, 0, 0, 0, 0, 0, 0, 4, 0, 0, 0, 0, 0, 32, -0.1, 0, 0, 0, 0, 0, 0, 0, 0, 0, 33555926, 0, 98307, 0, 150994947, 0, 3084, 0);

INSERT INTO weenie_class (`weenieClassId`, `baseAceObjectId`)
VALUES (21409, 21409);

INSERT INTO `base_ace_object` (`baseAceObjectId`, `name`, `typeId`, `paletteId`, `ammoType`, `blipColor`, `bitField`, `burden`, `combatUse`, `cooldownDuration`, `cooldownId`, `effects`, `containersCapacity`, `header`, `hookTypeId`, `iconId`, `iconOverlayId`, `iconUnderlayId`, `hookItemTypes`, `itemsCapacity`, `location`, `materialType`, `maxStackSize`, `maxStructure`, `radar`, `pscript`, `spellId`, `stackSize`, `structure`, `targetTypeId`, `usability`, `useRadius`, `validLocations`, `value`, `workmanship`, `animationFrameId`, `defaultScript`, `defaultScriptIntensity`, `elasticity`, `friction`, `locationId`, `modelTableId`, `objectScale`, `physicsBitField`, `physicsTableId`, `motionTableId`, `soundTableId`, `physicsState`, `translucency`)
VALUES (21423, 'Icy Demise', 65536, 0, 0, 0, 262164, 0, 0, 0, 0, 0, 0, 8388656, 0, 100667499, 0, 0, 0, 0, 0, 0, 0, 0, 4, 0, 0, 0, 0, 0, 32, -0.1, 0, 0, 0, 0, 0, 0, 0, 0, 0, 33555923, 0, 98307, 0, 150994947, 0, 3084, 0);

INSERT INTO weenie_class (`weenieClassId`, `baseAceObjectId`)
VALUES (21423, 21423);

INSERT INTO `base_ace_object` (`baseAceObjectId`, `name`, `typeId`, `paletteId`, `ammoType`, `blipColor`, `bitField`, `burden`, `combatUse`, `cooldownDuration`, `cooldownId`, `effects`, `containersCapacity`, `header`, `hookTypeId`, `iconId`, `iconOverlayId`, `iconUnderlayId`, `hookItemTypes`, `itemsCapacity`, `location`, `materialType`, `maxStackSize`, `maxStructure`, `radar`, `pscript`, `spellId`, `stackSize`, `structure`, `targetTypeId`, `usability`, `useRadius`, `validLocations`, `value`, `workmanship`, `animationFrameId`, `defaultScript`, `defaultScriptIntensity`, `elasticity`, `friction`, `locationId`, `modelTableId`, `objectScale`, `physicsBitField`, `physicsTableId`, `motionTableId`, `soundTableId`, `physicsState`, `translucency`)
VALUES (21400, 'Citadel Apex', 65536, 0, 0, 0, 262164, 0, 0, 0, 0, 0, 0, 8388656, 0, 100667499, 0, 0, 0, 0, 0, 0, 0, 0, 4, 0, 0, 0, 0, 0, 32, -0.1, 0, 0, 0, 0, 0, 0, 0, 0, 0, 33554867, 0, 98307, 0, 150994947, 0, 3084, 0);

INSERT INTO weenie_class (`weenieClassId`, `baseAceObjectId`)
VALUES (21400, 21400);

INSERT INTO `base_ace_object` (`baseAceObjectId`, `name`, `typeId`, `paletteId`, `ammoType`, `blipColor`, `bitField`, `burden`, `combatUse`, `cooldownDuration`, `cooldownId`, `effects`, `containersCapacity`, `header`, `hookTypeId`, `iconId`, `iconOverlayId`, `iconUnderlayId`, `hookItemTypes`, `itemsCapacity`, `location`, `materialType`, `maxStackSize`, `maxStructure`, `radar`, `pscript`, `spellId`, `stackSize`, `structure`, `targetTypeId`, `usability`, `useRadius`, `validLocations`, `value`, `workmanship`, `animationFrameId`, `defaultScript`, `defaultScriptIntensity`, `elasticity`, `friction`, `locationId`, `modelTableId`, `objectScale`, `physicsBitField`, `physicsTableId`, `motionTableId`, `soundTableId`, `physicsState`, `translucency`)
VALUES (1599, 'Hebian-to Sewers', 65536, 0, 0, 0, 262164, 0, 0, 0, 0, 0, 0, 8388656, 0, 100667499, 0, 0, 0, 0, 0, 0, 0, 0, 4, 0, 0, 0, 0, 0, 32, -0.1, 0, 0, 0, 0, 0, 0, 0, 0, 0, 33555922, 0, 98307, 0, 150994947, 0, 3084, 0);

INSERT INTO weenie_class (`weenieClassId`, `baseAceObjectId`)
VALUES (1599, 1599);

INSERT INTO `base_ace_object` (`baseAceObjectId`, `name`, `typeId`, `paletteId`, `ammoType`, `blipColor`, `bitField`, `burden`, `combatUse`, `cooldownDuration`, `cooldownId`, `effects`, `containersCapacity`, `header`, `hookTypeId`, `iconId`, `iconOverlayId`, `iconUnderlayId`, `hookItemTypes`, `itemsCapacity`, `location`, `materialType`, `maxStackSize`, `maxStructure`, `radar`, `pscript`, `spellId`, `stackSize`, `structure`, `targetTypeId`, `usability`, `useRadius`, `validLocations`, `value`, `workmanship`, `animationFrameId`, `defaultScript`, `defaultScriptIntensity`, `elasticity`, `friction`, `locationId`, `modelTableId`, `objectScale`, `physicsBitField`, `physicsTableId`, `motionTableId`, `soundTableId`, `physicsState`, `translucency`)
VALUES (1600, 'Surface', 65536, 0, 0, 0, 262164, 0, 0, 0, 0, 0, 0, 8388656, 0, 100667499, 0, 0, 0, 0, 0, 0, 0, 0, 4, 0, 0, 0, 0, 0, 32, -0.1, 0, 0, 0, 0, 0, 0, 0, 0, 0, 33554867, 0, 98307, 0, 150994947, 0, 3084, 0);

INSERT INTO weenie_class (`weenieClassId`, `baseAceObjectId`)
VALUES (1600, 1600);

INSERT INTO `base_ace_object` (`baseAceObjectId`, `name`, `typeId`, `paletteId`, `ammoType`, `blipColor`, `bitField`, `burden`, `combatUse`, `cooldownDuration`, `cooldownId`, `effects`, `containersCapacity`, `header`, `hookTypeId`, `iconId`, `iconOverlayId`, `iconUnderlayId`, `hookItemTypes`, `itemsCapacity`, `location`, `materialType`, `maxStackSize`, `maxStructure`, `radar`, `pscript`, `spellId`, `stackSize`, `structure`, `targetTypeId`, `usability`, `useRadius`, `validLocations`, `value`, `workmanship`, `animationFrameId`, `defaultScript`, `defaultScriptIntensity`, `elasticity`, `friction`, `locationId`, `modelTableId`, `objectScale`, `physicsBitField`, `physicsTableId`, `motionTableId`, `soundTableId`, `physicsState`, `translucency`)
VALUES (1337, 'A Drudge Nest', 65536, 0, 0, 0, 262164, 0, 0, 0, 0, 0, 0, 8388656, 0, 100667499, 0, 0, 0, 0, 0, 0, 0, 0, 4, 0, 0, 0, 0, 0, 32, -0.1, 0, 0, 0, 0, 0, 0, 0, 0, 0, 33554867, 0, 98307, 0, 150994947, 0, 3084, 0);

INSERT INTO weenie_class (`weenieClassId`, `baseAceObjectId`)
VALUES (1337, 1337);

INSERT INTO `base_ace_object` (`baseAceObjectId`, `name`, `typeId`, `paletteId`, `ammoType`, `blipColor`, `bitField`, `burden`, `combatUse`, `cooldownDuration`, `cooldownId`, `effects`, `containersCapacity`, `header`, `hookTypeId`, `iconId`, `iconOverlayId`, `iconUnderlayId`, `hookItemTypes`, `itemsCapacity`, `location`, `materialType`, `maxStackSize`, `maxStructure`, `radar`, `pscript`, `spellId`, `stackSize`, `structure`, `targetTypeId`, `usability`, `useRadius`, `validLocations`, `value`, `workmanship`, `animationFrameId`, `defaultScript`, `defaultScriptIntensity`, `elasticity`, `friction`, `locationId`, `modelTableId`, `objectScale`, `physicsBitField`, `physicsTableId`, `motionTableId`, `soundTableId`, `physicsState`, `translucency`)
VALUES (30965, 'Surface', 65536, 0, 0, 0, 262164, 0, 0, 0, 0, 0, 0, 8388656, 0, 100667499, 0, 0, 0, 0, 0, 0, 0, 0, 4, 0, 0, 0, 0, 0, 32, -0.1, 0, 0, 0, 0, 0, 0, 0, 0, 0, 33554867, 0, 98307, 0, 150994947, 0, 3084, 0);

INSERT INTO weenie_class (`weenieClassId`, `baseAceObjectId`)
VALUES (30965, 30965);

INSERT INTO `base_ace_object` (`baseAceObjectId`, `name`, `typeId`, `paletteId`, `ammoType`, `blipColor`, `bitField`, `burden`, `combatUse`, `cooldownDuration`, `cooldownId`, `effects`, `containersCapacity`, `header`, `hookTypeId`, `iconId`, `iconOverlayId`, `iconUnderlayId`, `hookItemTypes`, `itemsCapacity`, `location`, `materialType`, `maxStackSize`, `maxStructure`, `radar`, `pscript`, `spellId`, `stackSize`, `structure`, `targetTypeId`, `usability`, `useRadius`, `validLocations`, `value`, `workmanship`, `animationFrameId`, `defaultScript`, `defaultScriptIntensity`, `elasticity`, `friction`, `locationId`, `modelTableId`, `objectScale`, `physicsBitField`, `physicsTableId`, `motionTableId`, `soundTableId`, `physicsState`, `translucency`)
VALUES (30964, 'Egg Orchard', 65536, 0, 0, 0, 262164, 0, 0, 0, 0, 0, 0, 8388656, 0, 100667499, 0, 0, 0, 0, 0, 0, 0, 0, 4, 0, 0, 0, 0, 0, 32, -0.1, 0, 0, 0, 0, 0, 0, 0, 0, 0, 33555925, 0, 98307, 0, 150994947, 0, 3084, 0);

INSERT INTO weenie_class (`weenieClassId`, `baseAceObjectId`)
VALUES (30964, 30964);

INSERT INTO `base_ace_object` (`baseAceObjectId`, `name`, `typeId`, `paletteId`, `ammoType`, `blipColor`, `bitField`, `burden`, `combatUse`, `cooldownDuration`, `cooldownId`, `effects`, `containersCapacity`, `header`, `hookTypeId`, `iconId`, `iconOverlayId`, `iconUnderlayId`, `hookItemTypes`, `itemsCapacity`, `location`, `materialType`, `maxStackSize`, `maxStructure`, `radar`, `pscript`, `spellId`, `stackSize`, `structure`, `targetTypeId`, `usability`, `useRadius`, `validLocations`, `value`, `workmanship`, `animationFrameId`, `defaultScript`, `defaultScriptIntensity`, `elasticity`, `friction`, `locationId`, `modelTableId`, `objectScale`, `physicsBitField`, `physicsTableId`, `motionTableId`, `soundTableId`, `physicsState`, `translucency`)
VALUES (31928, 'Egg Orchard West', 65536, 0, 0, 0, 262164, 0, 0, 0, 0, 0, 0, 8388656, 0, 100667499, 0, 0, 0, 0, 0, 0, 0, 0, 4, 0, 0, 0, 0, 0, 32, -0.1, 0, 0, 0, 0, 0, 0, 0, 0, 0, 33555925, 0, 98307, 0, 150994947, 0, 3084, 0);

INSERT INTO weenie_class (`weenieClassId`, `baseAceObjectId`)
VALUES (31928, 31928);

INSERT INTO `base_ace_object` (`baseAceObjectId`, `name`, `typeId`, `paletteId`, `ammoType`, `blipColor`, `bitField`, `burden`, `combatUse`, `cooldownDuration`, `cooldownId`, `effects`, `containersCapacity`, `header`, `hookTypeId`, `iconId`, `iconOverlayId`, `iconUnderlayId`, `hookItemTypes`, `itemsCapacity`, `location`, `materialType`, `maxStackSize`, `maxStructure`, `radar`, `pscript`, `spellId`, `stackSize`, `structure`, `targetTypeId`, `usability`, `useRadius`, `validLocations`, `value`, `workmanship`, `animationFrameId`, `defaultScript`, `defaultScriptIntensity`, `elasticity`, `friction`, `locationId`, `modelTableId`, `objectScale`, `physicsBitField`, `physicsTableId`, `motionTableId`, `soundTableId`, `physicsState`, `translucency`)
VALUES (31926, 'Egg Orchard East', 65536, 0, 0, 0, 262164, 0, 0, 0, 0, 0, 0, 8388656, 0, 100667499, 0, 0, 0, 0, 0, 0, 0, 0, 4, 0, 0, 0, 0, 0, 32, -0.1, 0, 0, 0, 0, 0, 0, 0, 0, 0, 33555925, 0, 98307, 0, 150994947, 0, 3084, 0);

INSERT INTO weenie_class (`weenieClassId`, `baseAceObjectId`)
VALUES (31926, 31926);

INSERT INTO `base_ace_object` (`baseAceObjectId`, `name`, `typeId`, `paletteId`, `ammoType`, `blipColor`, `bitField`, `burden`, `combatUse`, `cooldownDuration`, `cooldownId`, `effects`, `containersCapacity`, `header`, `hookTypeId`, `iconId`, `iconOverlayId`, `iconUnderlayId`, `hookItemTypes`, `itemsCapacity`, `location`, `materialType`, `maxStackSize`, `maxStructure`, `radar`, `pscript`, `spellId`, `stackSize`, `structure`, `targetTypeId`, `usability`, `useRadius`, `validLocations`, `value`, `workmanship`, `animationFrameId`, `defaultScript`, `defaultScriptIntensity`, `elasticity`, `friction`, `locationId`, `modelTableId`, `objectScale`, `physicsBitField`, `physicsTableId`, `motionTableId`, `soundTableId`, `physicsState`, `translucency`)
VALUES (38728, 'Graveyard', 65536, 0, 0, 0, 262164, 0, 0, 0, 0, 0, 0, 8388656, 0, 100667499, 0, 0, 0, 0, 0, 0, 0, 0, 4, 0, 0, 0, 0, 0, 32, -0.1, 0, 0, 0, 0, 0, 0, 0, 0, 0, 33554867, 0, 98307, 0, 150994947, 0, 3084, 0);

INSERT INTO weenie_class (`weenieClassId`, `baseAceObjectId`)
VALUES (38728, 38728);

INSERT INTO `base_ace_object` (`baseAceObjectId`, `name`, `typeId`, `paletteId`, `ammoType`, `blipColor`, `bitField`, `burden`, `combatUse`, `cooldownDuration`, `cooldownId`, `effects`, `containersCapacity`, `header`, `hookTypeId`, `iconId`, `iconOverlayId`, `iconUnderlayId`, `hookItemTypes`, `itemsCapacity`, `location`, `materialType`, `maxStackSize`, `maxStructure`, `radar`, `pscript`, `spellId`, `stackSize`, `structure`, `targetTypeId`, `usability`, `useRadius`, `validLocations`, `value`, `workmanship`, `animationFrameId`, `defaultScript`, `defaultScriptIntensity`, `elasticity`, `friction`, `locationId`, `modelTableId`, `objectScale`, `physicsBitField`, `physicsTableId`, `motionTableId`, `soundTableId`, `physicsState`, `translucency`)
VALUES (5606, 'Folthid Cellar Portal', 65536, 0, 0, 0, 262164, 0, 0, 0, 0, 0, 0, 8388656, 0, 100667499, 0, 0, 0, 0, 0, 0, 0, 0, 4, 0, 0, 0, 0, 0, 32, -0.1, 0, 0, 0, 0, 0, 0, 0, 0, 0, 33555923, 0, 98307, 0, 150994947, 0, 3084, 0);

INSERT INTO weenie_class (`weenieClassId`, `baseAceObjectId`)
VALUES (5606, 5606);

INSERT INTO `base_ace_object` (`baseAceObjectId`, `name`, `typeId`, `paletteId`, `ammoType`, `blipColor`, `bitField`, `burden`, `combatUse`, `cooldownDuration`, `cooldownId`, `effects`, `containersCapacity`, `header`, `hookTypeId`, `iconId`, `iconOverlayId`, `iconUnderlayId`, `hookItemTypes`, `itemsCapacity`, `location`, `materialType`, `maxStackSize`, `maxStructure`, `radar`, `pscript`, `spellId`, `stackSize`, `structure`, `targetTypeId`, `usability`, `useRadius`, `validLocations`, `value`, `workmanship`, `animationFrameId`, `defaultScript`, `defaultScriptIntensity`, `elasticity`, `friction`, `locationId`, `modelTableId`, `objectScale`, `physicsBitField`, `physicsTableId`, `motionTableId`, `soundTableId`, `physicsState`, `translucency`)
VALUES (32676, 'Cells of the Black Book', 65536, 0, 0, 0, 262164, 0, 0, 0, 0, 0, 0, 8388656, 0, 100667499, 0, 0, 0, 0, 0, 0, 0, 0, 4, 0, 0, 0, 0, 0, 32, -0.1, 0, 0, 0, 0, 0, 0, 0, 0, 0, 33555924, 0, 98307, 0, 150994947, 0, 3084, 0);

INSERT INTO weenie_class (`weenieClassId`, `baseAceObjectId`)
VALUES (32676, 32676);

INSERT INTO `base_ace_object` (`baseAceObjectId`, `name`, `typeId`, `paletteId`, `ammoType`, `blipColor`, `bitField`, `burden`, `combatUse`, `cooldownDuration`, `cooldownId`, `effects`, `containersCapacity`, `header`, `hookTypeId`, `iconId`, `iconOverlayId`, `iconUnderlayId`, `hookItemTypes`, `itemsCapacity`, `location`, `materialType`, `maxStackSize`, `maxStructure`, `radar`, `pscript`, `spellId`, `stackSize`, `structure`, `targetTypeId`, `usability`, `useRadius`, `validLocations`, `value`, `workmanship`, `animationFrameId`, `defaultScript`, `defaultScriptIntensity`, `elasticity`, `friction`, `locationId`, `modelTableId`, `objectScale`, `physicsBitField`, `physicsTableId`, `motionTableId`, `soundTableId`, `physicsState`, `translucency`)
VALUES (32677, 'Cells of the Black Book', 65536, 0, 0, 0, 262164, 0, 0, 0, 0, 0, 0, 8388656, 0, 100667499, 0, 0, 0, 0, 0, 0, 0, 0, 4, 0, 0, 0, 0, 0, 32, -0.1, 0, 0, 0, 0, 0, 0, 0, 0, 0, 33555924, 0, 98307, 0, 150994947, 0, 3084, 0);

INSERT INTO weenie_class (`weenieClassId`, `baseAceObjectId`)
VALUES (32677, 32677);

INSERT INTO `base_ace_object` (`baseAceObjectId`, `name`, `typeId`, `paletteId`, `ammoType`, `blipColor`, `bitField`, `burden`, `combatUse`, `cooldownDuration`, `cooldownId`, `effects`, `containersCapacity`, `header`, `hookTypeId`, `iconId`, `iconOverlayId`, `iconUnderlayId`, `hookItemTypes`, `itemsCapacity`, `location`, `materialType`, `maxStackSize`, `maxStructure`, `radar`, `pscript`, `spellId`, `stackSize`, `structure`, `targetTypeId`, `usability`, `useRadius`, `validLocations`, `value`, `workmanship`, `animationFrameId`, `defaultScript`, `defaultScriptIntensity`, `elasticity`, `friction`, `locationId`, `modelTableId`, `objectScale`, `physicsBitField`, `physicsTableId`, `motionTableId`, `soundTableId`, `physicsState`, `translucency`)
VALUES (32674, 'Cells of the Black Book', 65536, 0, 0, 0, 262164, 0, 0, 0, 0, 0, 0, 8388656, 0, 100667499, 0, 0, 0, 0, 0, 0, 0, 0, 4, 0, 0, 0, 0, 0, 32, -0.1, 0, 0, 0, 0, 0, 0, 0, 0, 0, 33555924, 0, 98307, 0, 150994947, 0, 3084, 0);

INSERT INTO weenie_class (`weenieClassId`, `baseAceObjectId`)
VALUES (32674, 32674);

INSERT INTO `base_ace_object` (`baseAceObjectId`, `name`, `typeId`, `paletteId`, `ammoType`, `blipColor`, `bitField`, `burden`, `combatUse`, `cooldownDuration`, `cooldownId`, `effects`, `containersCapacity`, `header`, `hookTypeId`, `iconId`, `iconOverlayId`, `iconUnderlayId`, `hookItemTypes`, `itemsCapacity`, `location`, `materialType`, `maxStackSize`, `maxStructure`, `radar`, `pscript`, `spellId`, `stackSize`, `structure`, `targetTypeId`, `usability`, `useRadius`, `validLocations`, `value`, `workmanship`, `animationFrameId`, `defaultScript`, `defaultScriptIntensity`, `elasticity`, `friction`, `locationId`, `modelTableId`, `objectScale`, `physicsBitField`, `physicsTableId`, `motionTableId`, `soundTableId`, `physicsState`, `translucency`)
VALUES (32675, 'Cells of the Black Book', 65536, 0, 0, 0, 262164, 0, 0, 0, 0, 0, 0, 8388656, 0, 100667499, 0, 0, 0, 0, 0, 0, 0, 0, 4, 0, 0, 0, 0, 0, 32, -0.1, 0, 0, 0, 0, 0, 0, 0, 0, 0, 33555924, 0, 98307, 0, 150994947, 0, 3084, 0);

INSERT INTO weenie_class (`weenieClassId`, `baseAceObjectId`)
VALUES (32675, 32675);

INSERT INTO `base_ace_object` (`baseAceObjectId`, `name`, `typeId`, `paletteId`, `ammoType`, `blipColor`, `bitField`, `burden`, `combatUse`, `cooldownDuration`, `cooldownId`, `effects`, `containersCapacity`, `header`, `hookTypeId`, `iconId`, `iconOverlayId`, `iconUnderlayId`, `hookItemTypes`, `itemsCapacity`, `location`, `materialType`, `maxStackSize`, `maxStructure`, `radar`, `pscript`, `spellId`, `stackSize`, `structure`, `targetTypeId`, `usability`, `useRadius`, `validLocations`, `value`, `workmanship`, `animationFrameId`, `defaultScript`, `defaultScriptIntensity`, `elasticity`, `friction`, `locationId`, `modelTableId`, `objectScale`, `physicsBitField`, `physicsTableId`, `motionTableId`, `soundTableId`, `physicsState`, `translucency`)
VALUES (32678, 'Surface', 65536, 0, 0, 0, 262164, 0, 0, 0, 0, 0, 0, 8388656, 0, 100667499, 0, 0, 0, 0, 0, 0, 0, 0, 4, 0, 0, 0, 0, 0, 32, -0.1, 0, 0, 0, 0, 0, 0, 0, 0, 0, 33554867, 0, 98307, 0, 150994947, 0, 3084, 0);

INSERT INTO weenie_class (`weenieClassId`, `baseAceObjectId`)
VALUES (32678, 32678);

INSERT INTO `base_ace_object` (`baseAceObjectId`, `name`, `typeId`, `paletteId`, `ammoType`, `blipColor`, `bitField`, `burden`, `combatUse`, `cooldownDuration`, `cooldownId`, `effects`, `containersCapacity`, `header`, `hookTypeId`, `iconId`, `iconOverlayId`, `iconUnderlayId`, `hookItemTypes`, `itemsCapacity`, `location`, `materialType`, `maxStackSize`, `maxStructure`, `radar`, `pscript`, `spellId`, `stackSize`, `structure`, `targetTypeId`, `usability`, `useRadius`, `validLocations`, `value`, `workmanship`, `animationFrameId`, `defaultScript`, `defaultScriptIntensity`, `elasticity`, `friction`, `locationId`, `modelTableId`, `objectScale`, `physicsBitField`, `physicsTableId`, `motionTableId`, `soundTableId`, `physicsState`, `translucency`)
VALUES (46357, 'Lost Ruins', 65536, 0, 0, 0, 262164, 0, 0, 0, 0, 0, 0, 8388656, 0, 100667499, 0, 0, 0, 0, 0, 0, 0, 0, 4, 0, 0, 0, 0, 0, 32, -0.1, 0, 0, 0, 0, 0, 0, 0, 0, 0, 33560216, 0, 98307, 0, 150995314, 0, 3084, 0);

INSERT INTO weenie_class (`weenieClassId`, `baseAceObjectId`)
VALUES (46357, 46357);

INSERT INTO `base_ace_object` (`baseAceObjectId`, `name`, `typeId`, `paletteId`, `ammoType`, `blipColor`, `bitField`, `burden`, `combatUse`, `cooldownDuration`, `cooldownId`, `effects`, `containersCapacity`, `header`, `hookTypeId`, `iconId`, `iconOverlayId`, `iconUnderlayId`, `hookItemTypes`, `itemsCapacity`, `location`, `materialType`, `maxStackSize`, `maxStructure`, `radar`, `pscript`, `spellId`, `stackSize`, `structure`, `targetTypeId`, `usability`, `useRadius`, `validLocations`, `value`, `workmanship`, `animationFrameId`, `defaultScript`, `defaultScriptIntensity`, `elasticity`, `friction`, `locationId`, `modelTableId`, `objectScale`, `physicsBitField`, `physicsTableId`, `motionTableId`, `soundTableId`, `physicsState`, `translucency`)
VALUES (14282, 'Siege Road Villas Portal', 65536, 0, 0, 0, 262164, 0, 0, 0, 0, 0, 0, 8388656, 0, 100667499, 0, 0, 0, 0, 0, 0, 0, 0, 4, 0, 0, 0, 0, 0, 32, -0.1, 0, 0, 0, 0, 0, 0, 0, 0, 0, 33554867, 0, 98307, 0, 150994947, 0, 3084, 0);

INSERT INTO weenie_class (`weenieClassId`, `baseAceObjectId`)
VALUES (14282, 14282);

INSERT INTO `base_ace_object` (`baseAceObjectId`, `name`, `typeId`, `paletteId`, `ammoType`, `blipColor`, `bitField`, `burden`, `combatUse`, `cooldownDuration`, `cooldownId`, `effects`, `containersCapacity`, `header`, `hookTypeId`, `iconId`, `iconOverlayId`, `iconUnderlayId`, `hookItemTypes`, `itemsCapacity`, `location`, `materialType`, `maxStackSize`, `maxStructure`, `radar`, `pscript`, `spellId`, `stackSize`, `structure`, `targetTypeId`, `usability`, `useRadius`, `validLocations`, `value`, `workmanship`, `animationFrameId`, `defaultScript`, `defaultScriptIntensity`, `elasticity`, `friction`, `locationId`, `modelTableId`, `objectScale`, `physicsBitField`, `physicsTableId`, `motionTableId`, `soundTableId`, `physicsState`, `translucency`)
VALUES (13129, 'Slinker Meadows Portal', 65536, 0, 0, 0, 262164, 0, 0, 0, 0, 0, 0, 8388656, 0, 100667499, 0, 0, 0, 0, 0, 0, 0, 0, 4, 0, 0, 0, 0, 0, 32, -0.1, 0, 0, 0, 0, 0, 0, 0, 0, 0, 33554867, 0, 98307, 0, 150994947, 0, 3084, 0);

INSERT INTO weenie_class (`weenieClassId`, `baseAceObjectId`)
VALUES (13129, 13129);

INSERT INTO `base_ace_object` (`baseAceObjectId`, `name`, `typeId`, `paletteId`, `ammoType`, `blipColor`, `bitField`, `burden`, `combatUse`, `cooldownDuration`, `cooldownId`, `effects`, `containersCapacity`, `header`, `hookTypeId`, `iconId`, `iconOverlayId`, `iconUnderlayId`, `hookItemTypes`, `itemsCapacity`, `location`, `materialType`, `maxStackSize`, `maxStructure`, `radar`, `pscript`, `spellId`, `stackSize`, `structure`, `targetTypeId`, `usability`, `useRadius`, `validLocations`, `value`, `workmanship`, `animationFrameId`, `defaultScript`, `defaultScriptIntensity`, `elasticity`, `friction`, `locationId`, `modelTableId`, `objectScale`, `physicsBitField`, `physicsTableId`, `motionTableId`, `soundTableId`, `physicsState`, `translucency`)
VALUES (15178, 'New Cannthalo Portal', 65536, 0, 0, 0, 262164, 0, 0, 0, 0, 0, 0, 8388656, 0, 100667499, 0, 0, 0, 0, 0, 0, 0, 0, 4, 0, 0, 0, 0, 0, 32, -0.1, 0, 0, 0, 0, 0, 0, 0, 0, 0, 33554867, 0, 98307, 0, 150994947, 0, 3084, 0);

INSERT INTO weenie_class (`weenieClassId`, `baseAceObjectId`)
VALUES (15178, 15178);

INSERT INTO `base_ace_object` (`baseAceObjectId`, `name`, `typeId`, `paletteId`, `ammoType`, `blipColor`, `bitField`, `burden`, `combatUse`, `cooldownDuration`, `cooldownId`, `effects`, `containersCapacity`, `header`, `hookTypeId`, `iconId`, `iconOverlayId`, `iconUnderlayId`, `hookItemTypes`, `itemsCapacity`, `location`, `materialType`, `maxStackSize`, `maxStructure`, `radar`, `pscript`, `spellId`, `stackSize`, `structure`, `targetTypeId`, `usability`, `useRadius`, `validLocations`, `value`, `workmanship`, `animationFrameId`, `defaultScript`, `defaultScriptIntensity`, `elasticity`, `friction`, `locationId`, `modelTableId`, `objectScale`, `physicsBitField`, `physicsTableId`, `motionTableId`, `soundTableId`, `physicsState`, `translucency`)
VALUES (15159, 'Glystaene Cottages Portal', 65536, 0, 0, 0, 262164, 0, 0, 0, 0, 0, 0, 8388656, 0, 100667499, 0, 0, 0, 0, 0, 0, 0, 0, 4, 0, 0, 0, 0, 0, 32, -0.1, 0, 0, 0, 0, 0, 0, 0, 0, 0, 33554867, 0, 98307, 0, 150994947, 0, 3084, 0);

INSERT INTO weenie_class (`weenieClassId`, `baseAceObjectId`)
VALUES (15159, 15159);

INSERT INTO `base_ace_object` (`baseAceObjectId`, `name`, `typeId`, `paletteId`, `ammoType`, `blipColor`, `bitField`, `burden`, `combatUse`, `cooldownDuration`, `cooldownId`, `effects`, `containersCapacity`, `header`, `hookTypeId`, `iconId`, `iconOverlayId`, `iconUnderlayId`, `hookItemTypes`, `itemsCapacity`, `location`, `materialType`, `maxStackSize`, `maxStructure`, `radar`, `pscript`, `spellId`, `stackSize`, `structure`, `targetTypeId`, `usability`, `useRadius`, `validLocations`, `value`, `workmanship`, `animationFrameId`, `defaultScript`, `defaultScriptIntensity`, `elasticity`, `friction`, `locationId`, `modelTableId`, `objectScale`, `physicsBitField`, `physicsTableId`, `motionTableId`, `soundTableId`, `physicsState`, `translucency`)
VALUES (12546, 'Siege Road Settlement Portal', 65536, 0, 0, 0, 262164, 0, 0, 0, 0, 0, 0, 8388656, 0, 100667499, 0, 0, 0, 0, 0, 0, 0, 0, 4, 0, 0, 0, 0, 0, 32, -0.1, 0, 0, 0, 0, 0, 0, 0, 0, 0, 33554867, 0, 98307, 0, 150994947, 0, 3084, 0);

INSERT INTO weenie_class (`weenieClassId`, `baseAceObjectId`)
VALUES (12546, 12546);

INSERT INTO `base_ace_object` (`baseAceObjectId`, `name`, `typeId`, `paletteId`, `ammoType`, `blipColor`, `bitField`, `burden`, `combatUse`, `cooldownDuration`, `cooldownId`, `effects`, `containersCapacity`, `header`, `hookTypeId`, `iconId`, `iconOverlayId`, `iconUnderlayId`, `hookItemTypes`, `itemsCapacity`, `location`, `materialType`, `maxStackSize`, `maxStructure`, `radar`, `pscript`, `spellId`, `stackSize`, `structure`, `targetTypeId`, `usability`, `useRadius`, `validLocations`, `value`, `workmanship`, `animationFrameId`, `defaultScript`, `defaultScriptIntensity`, `elasticity`, `friction`, `locationId`, `modelTableId`, `objectScale`, `physicsBitField`, `physicsTableId`, `motionTableId`, `soundTableId`, `physicsState`, `translucency`)
VALUES (12500, 'Gaerwel Edge Settlement Portal', 65536, 0, 0, 0, 262164, 0, 0, 0, 0, 0, 0, 8388656, 0, 100667499, 0, 0, 0, 0, 0, 0, 0, 0, 4, 0, 0, 0, 0, 0, 32, -0.1, 0, 0, 0, 0, 0, 0, 0, 0, 0, 33554867, 0, 98307, 0, 150994947, 0, 3084, 0);

INSERT INTO weenie_class (`weenieClassId`, `baseAceObjectId`)
VALUES (12500, 12500);

INSERT INTO `base_ace_object` (`baseAceObjectId`, `name`, `typeId`, `paletteId`, `ammoType`, `blipColor`, `bitField`, `burden`, `combatUse`, `cooldownDuration`, `cooldownId`, `effects`, `containersCapacity`, `header`, `hookTypeId`, `iconId`, `iconOverlayId`, `iconUnderlayId`, `hookItemTypes`, `itemsCapacity`, `location`, `materialType`, `maxStackSize`, `maxStructure`, `radar`, `pscript`, `spellId`, `stackSize`, `structure`, `targetTypeId`, `usability`, `useRadius`, `validLocations`, `value`, `workmanship`, `animationFrameId`, `defaultScript`, `defaultScriptIntensity`, `elasticity`, `friction`, `locationId`, `modelTableId`, `objectScale`, `physicsBitField`, `physicsTableId`, `motionTableId`, `soundTableId`, `physicsState`, `translucency`)
VALUES (19149, 'Isparian Flame Estates Portal', 65536, 0, 0, 0, 262164, 0, 0, 0, 0, 0, 0, 8388656, 0, 100667499, 0, 0, 0, 0, 0, 0, 0, 0, 4, 0, 0, 0, 0, 0, 32, -0.1, 0, 0, 0, 0, 0, 0, 0, 0, 0, 33554867, 0, 98307, 0, 150994947, 0, 3084, 0);

INSERT INTO weenie_class (`weenieClassId`, `baseAceObjectId`)
VALUES (19149, 19149);

INSERT INTO `base_ace_object` (`baseAceObjectId`, `name`, `typeId`, `paletteId`, `ammoType`, `blipColor`, `bitField`, `burden`, `combatUse`, `cooldownDuration`, `cooldownId`, `effects`, `containersCapacity`, `header`, `hookTypeId`, `iconId`, `iconOverlayId`, `iconUnderlayId`, `hookItemTypes`, `itemsCapacity`, `location`, `materialType`, `maxStackSize`, `maxStructure`, `radar`, `pscript`, `spellId`, `stackSize`, `structure`, `targetTypeId`, `usability`, `useRadius`, `validLocations`, `value`, `workmanship`, `animationFrameId`, `defaultScript`, `defaultScriptIntensity`, `elasticity`, `friction`, `locationId`, `modelTableId`, `objectScale`, `physicsBitField`, `physicsTableId`, `motionTableId`, `soundTableId`, `physicsState`, `translucency`)
VALUES (13102, 'East Rithwic Estates Portal', 65536, 0, 0, 0, 262164, 0, 0, 0, 0, 0, 0, 8388656, 0, 100667499, 0, 0, 0, 0, 0, 0, 0, 0, 4, 0, 0, 0, 0, 0, 32, -0.1, 0, 0, 0, 0, 0, 0, 0, 0, 0, 33554867, 0, 98307, 0, 150994947, 0, 3084, 0);

INSERT INTO weenie_class (`weenieClassId`, `baseAceObjectId`)
VALUES (13102, 13102);

INSERT INTO `base_ace_object` (`baseAceObjectId`, `name`, `typeId`, `paletteId`, `ammoType`, `blipColor`, `bitField`, `burden`, `combatUse`, `cooldownDuration`, `cooldownId`, `effects`, `containersCapacity`, `header`, `hookTypeId`, `iconId`, `iconOverlayId`, `iconUnderlayId`, `hookItemTypes`, `itemsCapacity`, `location`, `materialType`, `maxStackSize`, `maxStructure`, `radar`, `pscript`, `spellId`, `stackSize`, `structure`, `targetTypeId`, `usability`, `useRadius`, `validLocations`, `value`, `workmanship`, `animationFrameId`, `defaultScript`, `defaultScriptIntensity`, `elasticity`, `friction`, `locationId`, `modelTableId`, `objectScale`, `physicsBitField`, `physicsTableId`, `motionTableId`, `soundTableId`, `physicsState`, `translucency`)
VALUES (12520, 'Meridian Cottages Portal', 65536, 0, 0, 0, 262164, 0, 0, 0, 0, 0, 0, 8388656, 0, 100667499, 0, 0, 0, 0, 0, 0, 0, 0, 4, 0, 0, 0, 0, 0, 32, -0.1, 0, 0, 0, 0, 0, 0, 0, 0, 0, 33554867, 0, 98307, 0, 150994947, 0, 3084, 0);

INSERT INTO weenie_class (`weenieClassId`, `baseAceObjectId`)
VALUES (12520, 12520);

INSERT INTO `base_ace_object` (`baseAceObjectId`, `name`, `typeId`, `paletteId`, `ammoType`, `blipColor`, `bitField`, `burden`, `combatUse`, `cooldownDuration`, `cooldownId`, `effects`, `containersCapacity`, `header`, `hookTypeId`, `iconId`, `iconOverlayId`, `iconUnderlayId`, `hookItemTypes`, `itemsCapacity`, `location`, `materialType`, `maxStackSize`, `maxStructure`, `radar`, `pscript`, `spellId`, `stackSize`, `structure`, `targetTypeId`, `usability`, `useRadius`, `validLocations`, `value`, `workmanship`, `animationFrameId`, `defaultScript`, `defaultScriptIntensity`, `elasticity`, `friction`, `locationId`, `modelTableId`, `objectScale`, `physicsBitField`, `physicsTableId`, `motionTableId`, `soundTableId`, `physicsState`, `translucency`)
VALUES (12511, 'Leafdawning Settlement Portal', 65536, 0, 0, 0, 262164, 0, 0, 0, 0, 0, 0, 8388656, 0, 100667499, 0, 0, 0, 0, 0, 0, 0, 0, 4, 0, 0, 0, 0, 0, 32, -0.1, 0, 0, 0, 0, 0, 0, 0, 0, 0, 33554867, 0, 98307, 0, 150994947, 0, 3084, 0);

INSERT INTO weenie_class (`weenieClassId`, `baseAceObjectId`)
VALUES (12511, 12511);

INSERT INTO `base_ace_object` (`baseAceObjectId`, `name`, `typeId`, `paletteId`, `ammoType`, `blipColor`, `bitField`, `burden`, `combatUse`, `cooldownDuration`, `cooldownId`, `effects`, `containersCapacity`, `header`, `hookTypeId`, `iconId`, `iconOverlayId`, `iconUnderlayId`, `hookItemTypes`, `itemsCapacity`, `location`, `materialType`, `maxStackSize`, `maxStructure`, `radar`, `pscript`, `spellId`, `stackSize`, `structure`, `targetTypeId`, `usability`, `useRadius`, `validLocations`, `value`, `workmanship`, `animationFrameId`, `defaultScript`, `defaultScriptIntensity`, `elasticity`, `friction`, `locationId`, `modelTableId`, `objectScale`, `physicsBitField`, `physicsTableId`, `motionTableId`, `soundTableId`, `physicsState`, `translucency`)
VALUES (13140, 'West Rithwic Estates Portal', 65536, 0, 0, 0, 262164, 0, 0, 0, 0, 0, 0, 8388656, 0, 100667499, 0, 0, 0, 0, 0, 0, 0, 0, 4, 0, 0, 0, 0, 0, 32, -0.1, 0, 0, 0, 0, 0, 0, 0, 0, 0, 33554867, 0, 98307, 0, 150994947, 0, 3084, 0);

INSERT INTO weenie_class (`weenieClassId`, `baseAceObjectId`)
VALUES (13140, 13140);

INSERT INTO `base_ace_object` (`baseAceObjectId`, `name`, `typeId`, `paletteId`, `ammoType`, `blipColor`, `bitField`, `burden`, `combatUse`, `cooldownDuration`, `cooldownId`, `effects`, `containersCapacity`, `header`, `hookTypeId`, `iconId`, `iconOverlayId`, `iconUnderlayId`, `hookItemTypes`, `itemsCapacity`, `location`, `materialType`, `maxStackSize`, `maxStructure`, `radar`, `pscript`, `spellId`, `stackSize`, `structure`, `targetTypeId`, `usability`, `useRadius`, `validLocations`, `value`, `workmanship`, `animationFrameId`, `defaultScript`, `defaultScriptIntensity`, `elasticity`, `friction`, `locationId`, `modelTableId`, `objectScale`, `physicsBitField`, `physicsTableId`, `motionTableId`, `soundTableId`, `physicsState`, `translucency`)
VALUES (14639, 'King Pwyll Square Portal', 65536, 0, 0, 0, 262164, 0, 0, 0, 0, 0, 0, 8388656, 0, 100667499, 0, 0, 0, 0, 0, 0, 0, 0, 4, 0, 0, 0, 0, 0, 32, -0.1, 0, 0, 0, 0, 0, 0, 0, 0, 0, 33554867, 0, 98307, 0, 150994947, 0, 3084, 0);

INSERT INTO weenie_class (`weenieClassId`, `baseAceObjectId`)
VALUES (14639, 14639);

INSERT INTO `base_ace_object` (`baseAceObjectId`, `name`, `typeId`, `paletteId`, `ammoType`, `blipColor`, `bitField`, `burden`, `combatUse`, `cooldownDuration`, `cooldownId`, `effects`, `containersCapacity`, `header`, `hookTypeId`, `iconId`, `iconOverlayId`, `iconUnderlayId`, `hookItemTypes`, `itemsCapacity`, `location`, `materialType`, `maxStackSize`, `maxStructure`, `radar`, `pscript`, `spellId`, `stackSize`, `structure`, `targetTypeId`, `usability`, `useRadius`, `validLocations`, `value`, `workmanship`, `animationFrameId`, `defaultScript`, `defaultScriptIntensity`, `elasticity`, `friction`, `locationId`, `modelTableId`, `objectScale`, `physicsBitField`, `physicsTableId`, `motionTableId`, `soundTableId`, `physicsState`, `translucency`)
VALUES (5526, 'Mount Lethe Magma Tubes Portal', 65536, 0, 0, 0, 262164, 0, 0, 0, 0, 0, 0, 8388656, 0, 100667499, 0, 0, 0, 0, 0, 0, 0, 0, 4, 0, 0, 0, 0, 0, 32, -0.1, 0, 0, 0, 0, 0, 0, 0, 0, 0, 33555923, 0, 98307, 0, 150994947, 0, 3084, 0);

INSERT INTO weenie_class (`weenieClassId`, `baseAceObjectId`)
VALUES (5526, 5526);

INSERT INTO `base_ace_object` (`baseAceObjectId`, `name`, `typeId`, `paletteId`, `ammoType`, `blipColor`, `bitField`, `burden`, `combatUse`, `cooldownDuration`, `cooldownId`, `effects`, `containersCapacity`, `header`, `hookTypeId`, `iconId`, `iconOverlayId`, `iconUnderlayId`, `hookItemTypes`, `itemsCapacity`, `location`, `materialType`, `maxStackSize`, `maxStructure`, `radar`, `pscript`, `spellId`, `stackSize`, `structure`, `targetTypeId`, `usability`, `useRadius`, `validLocations`, `value`, `workmanship`, `animationFrameId`, `defaultScript`, `defaultScriptIntensity`, `elasticity`, `friction`, `locationId`, `modelTableId`, `objectScale`, `physicsBitField`, `physicsTableId`, `motionTableId`, `soundTableId`, `physicsState`, `translucency`)
VALUES (5528, 'Surface Portal', 65536, 0, 0, 0, 262164, 0, 0, 0, 0, 0, 0, 8388656, 0, 100667499, 0, 0, 0, 0, 0, 0, 0, 0, 4, 0, 0, 0, 0, 0, 32, -0.1, 0, 0, 0, 0, 0, 0, 0, 0, 0, 33554867, 0, 98307, 0, 150994947, 0, 3084, 0);

INSERT INTO weenie_class (`weenieClassId`, `baseAceObjectId`)
VALUES (5528, 5528);

INSERT INTO `base_ace_object` (`baseAceObjectId`, `name`, `typeId`, `paletteId`, `ammoType`, `blipColor`, `bitField`, `burden`, `combatUse`, `cooldownDuration`, `cooldownId`, `effects`, `containersCapacity`, `header`, `hookTypeId`, `iconId`, `iconOverlayId`, `iconUnderlayId`, `hookItemTypes`, `itemsCapacity`, `location`, `materialType`, `maxStackSize`, `maxStructure`, `radar`, `pscript`, `spellId`, `stackSize`, `structure`, `targetTypeId`, `usability`, `useRadius`, `validLocations`, `value`, `workmanship`, `animationFrameId`, `defaultScript`, `defaultScriptIntensity`, `elasticity`, `friction`, `locationId`, `modelTableId`, `objectScale`, `physicsBitField`, `physicsTableId`, `motionTableId`, `soundTableId`, `physicsState`, `translucency`)
VALUES (5529, 'Surface Portal', 65536, 0, 0, 0, 262164, 0, 0, 0, 0, 0, 0, 8388656, 0, 100667499, 0, 0, 0, 0, 0, 0, 0, 0, 4, 0, 0, 0, 0, 0, 32, -0.1, 0, 0, 0, 0, 0, 0, 0, 0, 0, 33554867, 0, 98307, 0, 150994947, 0, 3084, 0);

INSERT INTO weenie_class (`weenieClassId`, `baseAceObjectId`)
VALUES (5529, 5529);

INSERT INTO `base_ace_object` (`baseAceObjectId`, `name`, `typeId`, `paletteId`, `ammoType`, `blipColor`, `bitField`, `burden`, `combatUse`, `cooldownDuration`, `cooldownId`, `effects`, `containersCapacity`, `header`, `hookTypeId`, `iconId`, `iconOverlayId`, `iconUnderlayId`, `hookItemTypes`, `itemsCapacity`, `location`, `materialType`, `maxStackSize`, `maxStructure`, `radar`, `pscript`, `spellId`, `stackSize`, `structure`, `targetTypeId`, `usability`, `useRadius`, `validLocations`, `value`, `workmanship`, `animationFrameId`, `defaultScript`, `defaultScriptIntensity`, `elasticity`, `friction`, `locationId`, `modelTableId`, `objectScale`, `physicsBitField`, `physicsTableId`, `motionTableId`, `soundTableId`, `physicsState`, `translucency`)
VALUES (15200, 'Village Quan Portal', 65536, 0, 0, 0, 262164, 0, 0, 0, 0, 0, 0, 8388656, 0, 100667499, 0, 0, 0, 0, 0, 0, 0, 0, 4, 0, 0, 0, 0, 0, 32, -0.1, 0, 0, 0, 0, 0, 0, 0, 0, 0, 33554867, 0, 98307, 0, 150994947, 0, 3084, 0);

INSERT INTO weenie_class (`weenieClassId`, `baseAceObjectId`)
VALUES (15200, 15200);

INSERT INTO `base_ace_object` (`baseAceObjectId`, `name`, `typeId`, `paletteId`, `ammoType`, `blipColor`, `bitField`, `burden`, `combatUse`, `cooldownDuration`, `cooldownId`, `effects`, `containersCapacity`, `header`, `hookTypeId`, `iconId`, `iconOverlayId`, `iconUnderlayId`, `hookItemTypes`, `itemsCapacity`, `location`, `materialType`, `maxStackSize`, `maxStructure`, `radar`, `pscript`, `spellId`, `stackSize`, `structure`, `targetTypeId`, `usability`, `useRadius`, `validLocations`, `value`, `workmanship`, `animationFrameId`, `defaultScript`, `defaultScriptIntensity`, `elasticity`, `friction`, `locationId`, `modelTableId`, `objectScale`, `physicsBitField`, `physicsTableId`, `motionTableId`, `soundTableId`, `physicsState`, `translucency`)
VALUES (14646, 'Lo-Han Portal', 65536, 0, 0, 0, 262164, 0, 0, 0, 0, 0, 0, 8388656, 0, 100667499, 0, 0, 0, 0, 0, 0, 0, 0, 4, 0, 0, 0, 0, 0, 32, -0.1, 0, 0, 0, 0, 0, 0, 0, 0, 0, 33554867, 0, 98307, 0, 150994947, 0, 3084, 0);

INSERT INTO weenie_class (`weenieClassId`, `baseAceObjectId`)
VALUES (14646, 14646);

INSERT INTO `base_ace_object` (`baseAceObjectId`, `name`, `typeId`, `paletteId`, `ammoType`, `blipColor`, `bitField`, `burden`, `combatUse`, `cooldownDuration`, `cooldownId`, `effects`, `containersCapacity`, `header`, `hookTypeId`, `iconId`, `iconOverlayId`, `iconUnderlayId`, `hookItemTypes`, `itemsCapacity`, `location`, `materialType`, `maxStackSize`, `maxStructure`, `radar`, `pscript`, `spellId`, `stackSize`, `structure`, `targetTypeId`, `usability`, `useRadius`, `validLocations`, `value`, `workmanship`, `animationFrameId`, `defaultScript`, `defaultScriptIntensity`, `elasticity`, `friction`, `locationId`, `modelTableId`, `objectScale`, `physicsBitField`, `physicsTableId`, `motionTableId`, `soundTableId`, `physicsState`, `translucency`)
VALUES (13116, 'North Sawato Villas Portal', 65536, 0, 0, 0, 262164, 0, 0, 0, 0, 0, 0, 8388656, 0, 100667499, 0, 0, 0, 0, 0, 0, 0, 0, 4, 0, 0, 0, 0, 0, 32, -0.1, 0, 0, 0, 0, 0, 0, 0, 0, 0, 33554867, 0, 98307, 0, 150994947, 0, 3084, 0);

INSERT INTO weenie_class (`weenieClassId`, `baseAceObjectId`)
VALUES (13116, 13116);

INSERT INTO `base_ace_object` (`baseAceObjectId`, `name`, `typeId`, `paletteId`, `ammoType`, `blipColor`, `bitField`, `burden`, `combatUse`, `cooldownDuration`, `cooldownId`, `effects`, `containersCapacity`, `header`, `hookTypeId`, `iconId`, `iconOverlayId`, `iconUnderlayId`, `hookItemTypes`, `itemsCapacity`, `location`, `materialType`, `maxStackSize`, `maxStructure`, `radar`, `pscript`, `spellId`, `stackSize`, `structure`, `targetTypeId`, `usability`, `useRadius`, `validLocations`, `value`, `workmanship`, `animationFrameId`, `defaultScript`, `defaultScriptIntensity`, `elasticity`, `friction`, `locationId`, `modelTableId`, `objectScale`, `physicsBitField`, `physicsTableId`, `motionTableId`, `soundTableId`, `physicsState`, `translucency`)
VALUES (14679, 'Zin-Dai Portal', 65536, 0, 0, 0, 262164, 0, 0, 0, 0, 0, 0, 8388656, 0, 100667499, 0, 0, 0, 0, 0, 0, 0, 0, 4, 0, 0, 0, 0, 0, 32, -0.1, 0, 0, 0, 0, 0, 0, 0, 0, 0, 33554867, 0, 98307, 0, 150994947, 0, 3084, 0);

INSERT INTO weenie_class (`weenieClassId`, `baseAceObjectId`)
VALUES (14679, 14679);

INSERT INTO `base_ace_object` (`baseAceObjectId`, `name`, `typeId`, `paletteId`, `ammoType`, `blipColor`, `bitField`, `burden`, `combatUse`, `cooldownDuration`, `cooldownId`, `effects`, `containersCapacity`, `header`, `hookTypeId`, `iconId`, `iconOverlayId`, `iconUnderlayId`, `hookItemTypes`, `itemsCapacity`, `location`, `materialType`, `maxStackSize`, `maxStructure`, `radar`, `pscript`, `spellId`, `stackSize`, `structure`, `targetTypeId`, `usability`, `useRadius`, `validLocations`, `value`, `workmanship`, `animationFrameId`, `defaultScript`, `defaultScriptIntensity`, `elasticity`, `friction`, `locationId`, `modelTableId`, `objectScale`, `physicsBitField`, `physicsTableId`, `motionTableId`, `soundTableId`, `physicsState`, `translucency`)
VALUES (14273, 'Mire Hill Portal', 65536, 0, 0, 0, 262164, 0, 0, 0, 0, 0, 0, 8388656, 0, 100667499, 0, 0, 0, 0, 0, 0, 0, 0, 4, 0, 0, 0, 0, 0, 32, -0.1, 0, 0, 0, 0, 0, 0, 0, 0, 0, 33554867, 0, 98307, 0, 150994947, 0, 3084, 0);

INSERT INTO weenie_class (`weenieClassId`, `baseAceObjectId`)
VALUES (14273, 14273);

INSERT INTO `base_ace_object` (`baseAceObjectId`, `name`, `typeId`, `paletteId`, `ammoType`, `blipColor`, `bitField`, `burden`, `combatUse`, `cooldownDuration`, `cooldownId`, `effects`, `containersCapacity`, `header`, `hookTypeId`, `iconId`, `iconOverlayId`, `iconUnderlayId`, `hookItemTypes`, `itemsCapacity`, `location`, `materialType`, `maxStackSize`, `maxStructure`, `radar`, `pscript`, `spellId`, `stackSize`, `structure`, `targetTypeId`, `usability`, `useRadius`, `validLocations`, `value`, `workmanship`, `animationFrameId`, `defaultScript`, `defaultScriptIntensity`, `elasticity`, `friction`, `locationId`, `modelTableId`, `objectScale`, `physicsBitField`, `physicsTableId`, `motionTableId`, `soundTableId`, `physicsState`, `translucency`)
VALUES (12542, 'Sawato Foothills Settlement Portal', 65536, 0, 0, 0, 262164, 0, 0, 0, 0, 0, 0, 8388656, 0, 100667499, 0, 0, 0, 0, 0, 0, 0, 0, 4, 0, 0, 0, 0, 0, 32, -0.1, 0, 0, 0, 0, 0, 0, 0, 0, 0, 33554867, 0, 98307, 0, 150994947, 0, 3084, 0);

INSERT INTO weenie_class (`weenieClassId`, `baseAceObjectId`)
VALUES (12542, 12542);

INSERT INTO `base_ace_object` (`baseAceObjectId`, `name`, `typeId`, `paletteId`, `ammoType`, `blipColor`, `bitField`, `burden`, `combatUse`, `cooldownDuration`, `cooldownId`, `effects`, `containersCapacity`, `header`, `hookTypeId`, `iconId`, `iconOverlayId`, `iconUnderlayId`, `hookItemTypes`, `itemsCapacity`, `location`, `materialType`, `maxStackSize`, `maxStructure`, `radar`, `pscript`, `spellId`, `stackSize`, `structure`, `targetTypeId`, `usability`, `useRadius`, `validLocations`, `value`, `workmanship`, `animationFrameId`, `defaultScript`, `defaultScriptIntensity`, `elasticity`, `friction`, `locationId`, `modelTableId`, `objectScale`, `physicsBitField`, `physicsTableId`, `motionTableId`, `soundTableId`, `physicsState`, `translucency`)
VALUES (12492, 'East Sawato Settlement Portal', 65536, 0, 0, 0, 262164, 0, 0, 0, 0, 0, 0, 8388656, 0, 100667499, 0, 0, 0, 0, 0, 0, 0, 0, 4, 0, 0, 0, 0, 0, 32, -0.1, 0, 0, 0, 0, 0, 0, 0, 0, 0, 33554867, 0, 98307, 0, 150994947, 0, 3084, 0);

INSERT INTO weenie_class (`weenieClassId`, `baseAceObjectId`)
VALUES (12492, 12492);

INSERT INTO `base_ace_object` (`baseAceObjectId`, `name`, `typeId`, `paletteId`, `ammoType`, `blipColor`, `bitField`, `burden`, `combatUse`, `cooldownDuration`, `cooldownId`, `effects`, `containersCapacity`, `header`, `hookTypeId`, `iconId`, `iconOverlayId`, `iconUnderlayId`, `hookItemTypes`, `itemsCapacity`, `location`, `materialType`, `maxStackSize`, `maxStructure`, `radar`, `pscript`, `spellId`, `stackSize`, `structure`, `targetTypeId`, `usability`, `useRadius`, `validLocations`, `value`, `workmanship`, `animationFrameId`, `defaultScript`, `defaultScriptIntensity`, `elasticity`, `friction`, `locationId`, `modelTableId`, `objectScale`, `physicsBitField`, `physicsTableId`, `motionTableId`, `soundTableId`, `physicsState`, `translucency`)
VALUES (15193, 'South Siege Villas Portal', 65536, 0, 0, 0, 262164, 0, 0, 0, 0, 0, 0, 8388656, 0, 100667499, 0, 0, 0, 0, 0, 0, 0, 0, 4, 0, 0, 0, 0, 0, 32, -0.1, 0, 0, 0, 0, 0, 0, 0, 0, 0, 33554867, 0, 98307, 0, 150994947, 0, 3084, 0);

INSERT INTO weenie_class (`weenieClassId`, `baseAceObjectId`)
VALUES (15193, 15193);

INSERT INTO `base_ace_object` (`baseAceObjectId`, `name`, `typeId`, `paletteId`, `ammoType`, `blipColor`, `bitField`, `burden`, `combatUse`, `cooldownDuration`, `cooldownId`, `effects`, `containersCapacity`, `header`, `hookTypeId`, `iconId`, `iconOverlayId`, `iconUnderlayId`, `hookItemTypes`, `itemsCapacity`, `location`, `materialType`, `maxStackSize`, `maxStructure`, `radar`, `pscript`, `spellId`, `stackSize`, `structure`, `targetTypeId`, `usability`, `useRadius`, `validLocations`, `value`, `workmanship`, `animationFrameId`, `defaultScript`, `defaultScriptIntensity`, `elasticity`, `friction`, `locationId`, `modelTableId`, `objectScale`, `physicsBitField`, `physicsTableId`, `motionTableId`, `soundTableId`, `physicsState`, `translucency`)
VALUES (15167, 'Kuyiza Portal', 65536, 0, 0, 0, 262164, 0, 0, 0, 0, 0, 0, 8388656, 0, 100667499, 0, 0, 0, 0, 0, 0, 0, 0, 4, 0, 0, 0, 0, 0, 32, -0.1, 0, 0, 0, 0, 0, 0, 0, 0, 0, 33554867, 0, 98307, 0, 150994947, 0, 3084, 0);

INSERT INTO weenie_class (`weenieClassId`, `baseAceObjectId`)
VALUES (15167, 15167);

INSERT INTO `base_ace_object` (`baseAceObjectId`, `name`, `typeId`, `paletteId`, `ammoType`, `blipColor`, `bitField`, `burden`, `combatUse`, `cooldownDuration`, `cooldownId`, `effects`, `containersCapacity`, `header`, `hookTypeId`, `iconId`, `iconOverlayId`, `iconUnderlayId`, `hookItemTypes`, `itemsCapacity`, `location`, `materialType`, `maxStackSize`, `maxStructure`, `radar`, `pscript`, `spellId`, `stackSize`, `structure`, `targetTypeId`, `usability`, `useRadius`, `validLocations`, `value`, `workmanship`, `animationFrameId`, `defaultScript`, `defaultScriptIntensity`, `elasticity`, `friction`, `locationId`, `modelTableId`, `objectScale`, `physicsBitField`, `physicsTableId`, `motionTableId`, `soundTableId`, `physicsState`, `translucency`)
VALUES (14281, 'Sclavavania Portal', 65536, 0, 0, 0, 262164, 0, 0, 0, 0, 0, 0, 8388656, 0, 100667499, 0, 0, 0, 0, 0, 0, 0, 0, 4, 0, 0, 0, 0, 0, 32, -0.1, 0, 0, 0, 0, 0, 0, 0, 0, 0, 33554867, 0, 98307, 0, 150994947, 0, 3084, 0);

INSERT INTO weenie_class (`weenieClassId`, `baseAceObjectId`)
VALUES (14281, 14281);

INSERT INTO `base_ace_object` (`baseAceObjectId`, `name`, `typeId`, `paletteId`, `ammoType`, `blipColor`, `bitField`, `burden`, `combatUse`, `cooldownDuration`, `cooldownId`, `effects`, `containersCapacity`, `header`, `hookTypeId`, `iconId`, `iconOverlayId`, `iconUnderlayId`, `hookItemTypes`, `itemsCapacity`, `location`, `materialType`, `maxStackSize`, `maxStructure`, `radar`, `pscript`, `spellId`, `stackSize`, `structure`, `targetTypeId`, `usability`, `useRadius`, `validLocations`, `value`, `workmanship`, `animationFrameId`, `defaultScript`, `defaultScriptIntensity`, `elasticity`, `friction`, `locationId`, `modelTableId`, `objectScale`, `physicsBitField`, `physicsTableId`, `motionTableId`, `soundTableId`, `physicsState`, `translucency`)
VALUES (12508, 'Jinianshi Portal', 65536, 0, 0, 0, 262164, 0, 0, 0, 0, 0, 0, 8388656, 0, 100667499, 0, 0, 0, 0, 0, 0, 0, 0, 4, 0, 0, 0, 0, 0, 32, -0.1, 0, 0, 0, 0, 0, 0, 0, 0, 0, 33554867, 0, 98307, 0, 150994947, 0, 3084, 0);

INSERT INTO weenie_class (`weenieClassId`, `baseAceObjectId`)
VALUES (12508, 12508);

INSERT INTO `base_ace_object` (`baseAceObjectId`, `name`, `typeId`, `paletteId`, `ammoType`, `blipColor`, `bitField`, `burden`, `combatUse`, `cooldownDuration`, `cooldownId`, `effects`, `containersCapacity`, `header`, `hookTypeId`, `iconId`, `iconOverlayId`, `iconUnderlayId`, `hookItemTypes`, `itemsCapacity`, `location`, `materialType`, `maxStackSize`, `maxStructure`, `radar`, `pscript`, `spellId`, `stackSize`, `structure`, `targetTypeId`, `usability`, `useRadius`, `validLocations`, `value`, `workmanship`, `animationFrameId`, `defaultScript`, `defaultScriptIntensity`, `elasticity`, `friction`, `locationId`, `modelTableId`, `objectScale`, `physicsBitField`, `physicsTableId`, `motionTableId`, `soundTableId`, `physicsState`, `translucency`)
VALUES (12477, 'Blackmire Edge Cottages Portal', 65536, 0, 0, 0, 262164, 0, 0, 0, 0, 0, 0, 8388656, 0, 100667499, 0, 0, 0, 0, 0, 0, 0, 0, 4, 0, 0, 0, 0, 0, 32, -0.1, 0, 0, 0, 0, 0, 0, 0, 0, 0, 33554867, 0, 98307, 0, 150994947, 0, 3084, 0);

INSERT INTO weenie_class (`weenieClassId`, `baseAceObjectId`)
VALUES (12477, 12477);

INSERT INTO `base_ace_object` (`baseAceObjectId`, `name`, `typeId`, `paletteId`, `ammoType`, `blipColor`, `bitField`, `burden`, `combatUse`, `cooldownDuration`, `cooldownId`, `effects`, `containersCapacity`, `header`, `hookTypeId`, `iconId`, `iconOverlayId`, `iconUnderlayId`, `hookItemTypes`, `itemsCapacity`, `location`, `materialType`, `maxStackSize`, `maxStructure`, `radar`, `pscript`, `spellId`, `stackSize`, `structure`, `targetTypeId`, `usability`, `useRadius`, `validLocations`, `value`, `workmanship`, `animationFrameId`, `defaultScript`, `defaultScriptIntensity`, `elasticity`, `friction`, `locationId`, `modelTableId`, `objectScale`, `physicsBitField`, `physicsTableId`, `motionTableId`, `soundTableId`, `physicsState`, `translucency`)
VALUES (14626, 'Empyrean Fields Cottages Portal', 65536, 0, 0, 0, 262164, 0, 0, 0, 0, 0, 0, 8388656, 0, 100667499, 0, 0, 0, 0, 0, 0, 0, 0, 4, 0, 0, 0, 0, 0, 32, -0.1, 0, 0, 0, 0, 0, 0, 0, 0, 0, 33554867, 0, 98307, 0, 150994947, 0, 3084, 0);

INSERT INTO weenie_class (`weenieClassId`, `baseAceObjectId`)
VALUES (14626, 14626);

INSERT INTO `base_ace_object` (`baseAceObjectId`, `name`, `typeId`, `paletteId`, `ammoType`, `blipColor`, `bitField`, `burden`, `combatUse`, `cooldownDuration`, `cooldownId`, `effects`, `containersCapacity`, `header`, `hookTypeId`, `iconId`, `iconOverlayId`, `iconUnderlayId`, `hookItemTypes`, `itemsCapacity`, `location`, `materialType`, `maxStackSize`, `maxStructure`, `radar`, `pscript`, `spellId`, `stackSize`, `structure`, `targetTypeId`, `usability`, `useRadius`, `validLocations`, `value`, `workmanship`, `animationFrameId`, `defaultScript`, `defaultScriptIntensity`, `elasticity`, `friction`, `locationId`, `modelTableId`, `objectScale`, `physicsBitField`, `physicsTableId`, `motionTableId`, `soundTableId`, `physicsState`, `translucency`)
VALUES (14276, 'Narsys Portal', 65536, 0, 0, 0, 262164, 0, 0, 0, 0, 0, 0, 8388656, 0, 100667499, 0, 0, 0, 0, 0, 0, 0, 0, 4, 0, 0, 0, 0, 0, 32, -0.1, 0, 0, 0, 0, 0, 0, 0, 0, 0, 33554867, 0, 98307, 0, 150994947, 0, 3084, 0);

INSERT INTO weenie_class (`weenieClassId`, `baseAceObjectId`)
VALUES (14276, 14276);

INSERT INTO `base_ace_object` (`baseAceObjectId`, `name`, `typeId`, `paletteId`, `ammoType`, `blipColor`, `bitField`, `burden`, `combatUse`, `cooldownDuration`, `cooldownId`, `effects`, `containersCapacity`, `header`, `hookTypeId`, `iconId`, `iconOverlayId`, `iconUnderlayId`, `hookItemTypes`, `itemsCapacity`, `location`, `materialType`, `maxStackSize`, `maxStructure`, `radar`, `pscript`, `spellId`, `stackSize`, `structure`, `targetTypeId`, `usability`, `useRadius`, `validLocations`, `value`, `workmanship`, `animationFrameId`, `defaultScript`, `defaultScriptIntensity`, `elasticity`, `friction`, `locationId`, `modelTableId`, `objectScale`, `physicsBitField`, `physicsTableId`, `motionTableId`, `soundTableId`, `physicsState`, `translucency`)
VALUES (12475, 'Ayn Tayan Portal', 65536, 0, 0, 0, 262164, 0, 0, 0, 0, 0, 0, 8388656, 0, 100667499, 0, 0, 0, 0, 0, 0, 0, 0, 4, 0, 0, 0, 0, 0, 32, -0.1, 0, 0, 0, 0, 0, 0, 0, 0, 0, 33554867, 0, 98307, 0, 150994947, 0, 3084, 0);

INSERT INTO weenie_class (`weenieClassId`, `baseAceObjectId`)
VALUES (12475, 12475);

INSERT INTO `base_ace_object` (`baseAceObjectId`, `name`, `typeId`, `paletteId`, `ammoType`, `blipColor`, `bitField`, `burden`, `combatUse`, `cooldownDuration`, `cooldownId`, `effects`, `containersCapacity`, `header`, `hookTypeId`, `iconId`, `iconOverlayId`, `iconUnderlayId`, `hookItemTypes`, `itemsCapacity`, `location`, `materialType`, `maxStackSize`, `maxStructure`, `radar`, `pscript`, `spellId`, `stackSize`, `structure`, `targetTypeId`, `usability`, `useRadius`, `validLocations`, `value`, `workmanship`, `animationFrameId`, `defaultScript`, `defaultScriptIntensity`, `elasticity`, `friction`, `locationId`, `modelTableId`, `objectScale`, `physicsBitField`, `physicsTableId`, `motionTableId`, `soundTableId`, `physicsState`, `translucency`)
VALUES (12491, 'West Sawato Cottages Portal', 65536, 0, 0, 0, 262164, 0, 0, 0, 0, 0, 0, 8388656, 0, 100667499, 0, 0, 0, 0, 0, 0, 0, 0, 4, 0, 0, 0, 0, 0, 32, -0.1, 0, 0, 0, 0, 0, 0, 0, 0, 0, 33554867, 0, 98307, 0, 150994947, 0, 3084, 0);

INSERT INTO weenie_class (`weenieClassId`, `baseAceObjectId`)
VALUES (12491, 12491);

INSERT INTO `base_ace_object` (`baseAceObjectId`, `name`, `typeId`, `paletteId`, `ammoType`, `blipColor`, `bitField`, `burden`, `combatUse`, `cooldownDuration`, `cooldownId`, `effects`, `containersCapacity`, `header`, `hookTypeId`, `iconId`, `iconOverlayId`, `iconUnderlayId`, `hookItemTypes`, `itemsCapacity`, `location`, `materialType`, `maxStackSize`, `maxStructure`, `radar`, `pscript`, `spellId`, `stackSize`, `structure`, `targetTypeId`, `usability`, `useRadius`, `validLocations`, `value`, `workmanship`, `animationFrameId`, `defaultScript`, `defaultScriptIntensity`, `elasticity`, `friction`, `locationId`, `modelTableId`, `objectScale`, `physicsBitField`, `physicsTableId`, `motionTableId`, `soundTableId`, `physicsState`, `translucency`)
VALUES (19144, 'Explorer''s Villas Portal', 65536, 0, 0, 0, 262164, 0, 0, 0, 0, 0, 0, 8388656, 0, 100667499, 0, 0, 0, 0, 0, 0, 0, 0, 4, 0, 0, 0, 0, 0, 32, -0.1, 0, 0, 0, 0, 0, 0, 0, 0, 0, 33554867, 0, 98307, 0, 150994947, 0, 3084, 0);

INSERT INTO weenie_class (`weenieClassId`, `baseAceObjectId`)
VALUES (19144, 19144);

INSERT INTO `base_ace_object` (`baseAceObjectId`, `name`, `typeId`, `paletteId`, `ammoType`, `blipColor`, `bitField`, `burden`, `combatUse`, `cooldownDuration`, `cooldownId`, `effects`, `containersCapacity`, `header`, `hookTypeId`, `iconId`, `iconOverlayId`, `iconUnderlayId`, `hookItemTypes`, `itemsCapacity`, `location`, `materialType`, `maxStackSize`, `maxStructure`, `radar`, `pscript`, `spellId`, `stackSize`, `structure`, `targetTypeId`, `usability`, `useRadius`, `validLocations`, `value`, `workmanship`, `animationFrameId`, `defaultScript`, `defaultScriptIntensity`, `elasticity`, `friction`, `locationId`, `modelTableId`, `objectScale`, `physicsBitField`, `physicsTableId`, `motionTableId`, `soundTableId`, `physicsState`, `translucency`)
VALUES (31434, 'Lost Coastal Archive', 65536, 0, 0, 0, 262164, 0, 0, 0, 0, 0, 0, 8388656, 0, 100667499, 0, 0, 0, 0, 0, 0, 0, 0, 4, 0, 0, 0, 0, 0, 32, -0.1, 0, 0, 0, 0, 0, 0, 0, 0, 0, 33555926, 0, 98307, 0, 150994947, 0, 3084, 0);

INSERT INTO weenie_class (`weenieClassId`, `baseAceObjectId`)
VALUES (31434, 31434);

INSERT INTO `base_ace_object` (`baseAceObjectId`, `name`, `typeId`, `paletteId`, `ammoType`, `blipColor`, `bitField`, `burden`, `combatUse`, `cooldownDuration`, `cooldownId`, `effects`, `containersCapacity`, `header`, `hookTypeId`, `iconId`, `iconOverlayId`, `iconUnderlayId`, `hookItemTypes`, `itemsCapacity`, `location`, `materialType`, `maxStackSize`, `maxStructure`, `radar`, `pscript`, `spellId`, `stackSize`, `structure`, `targetTypeId`, `usability`, `useRadius`, `validLocations`, `value`, `workmanship`, `animationFrameId`, `defaultScript`, `defaultScriptIntensity`, `elasticity`, `friction`, `locationId`, `modelTableId`, `objectScale`, `physicsBitField`, `physicsTableId`, `motionTableId`, `soundTableId`, `physicsState`, `translucency`)
VALUES (31435, 'Surface', 65536, 0, 0, 0, 262164, 0, 0, 0, 0, 0, 0, 8388656, 0, 100667499, 0, 0, 0, 0, 0, 0, 0, 0, 4, 0, 0, 0, 0, 0, 32, -0.1, 0, 0, 0, 0, 0, 0, 0, 0, 0, 33554867, 0, 98307, 0, 150994947, 0, 3084, 0);

INSERT INTO weenie_class (`weenieClassId`, `baseAceObjectId`)
VALUES (31435, 31435);

INSERT INTO `base_ace_object` (`baseAceObjectId`, `name`, `typeId`, `paletteId`, `ammoType`, `blipColor`, `bitField`, `burden`, `combatUse`, `cooldownDuration`, `cooldownId`, `effects`, `containersCapacity`, `header`, `hookTypeId`, `iconId`, `iconOverlayId`, `iconUnderlayId`, `hookItemTypes`, `itemsCapacity`, `location`, `materialType`, `maxStackSize`, `maxStructure`, `radar`, `pscript`, `spellId`, `stackSize`, `structure`, `targetTypeId`, `usability`, `useRadius`, `validLocations`, `value`, `workmanship`, `animationFrameId`, `defaultScript`, `defaultScriptIntensity`, `elasticity`, `friction`, `locationId`, `modelTableId`, `objectScale`, `physicsBitField`, `physicsTableId`, `motionTableId`, `soundTableId`, `physicsState`, `translucency`)
VALUES (31436, 'Lost Desert Archive', 65536, 0, 0, 0, 262164, 0, 0, 0, 0, 0, 0, 8388656, 0, 100667499, 0, 0, 0, 0, 0, 0, 0, 0, 4, 0, 0, 0, 0, 0, 32, -0.1, 0, 0, 0, 0, 0, 0, 0, 0, 0, 33555926, 0, 98307, 0, 150994947, 0, 3084, 0);

INSERT INTO weenie_class (`weenieClassId`, `baseAceObjectId`)
VALUES (31436, 31436);

INSERT INTO `base_ace_object` (`baseAceObjectId`, `name`, `typeId`, `paletteId`, `ammoType`, `blipColor`, `bitField`, `burden`, `combatUse`, `cooldownDuration`, `cooldownId`, `effects`, `containersCapacity`, `header`, `hookTypeId`, `iconId`, `iconOverlayId`, `iconUnderlayId`, `hookItemTypes`, `itemsCapacity`, `location`, `materialType`, `maxStackSize`, `maxStructure`, `radar`, `pscript`, `spellId`, `stackSize`, `structure`, `targetTypeId`, `usability`, `useRadius`, `validLocations`, `value`, `workmanship`, `animationFrameId`, `defaultScript`, `defaultScriptIntensity`, `elasticity`, `friction`, `locationId`, `modelTableId`, `objectScale`, `physicsBitField`, `physicsTableId`, `motionTableId`, `soundTableId`, `physicsState`, `translucency`)
VALUES (31437, 'Surface', 65536, 0, 0, 0, 262164, 0, 0, 0, 0, 0, 0, 8388656, 0, 100667499, 0, 0, 0, 0, 0, 0, 0, 0, 4, 0, 0, 0, 0, 0, 32, -0.1, 0, 0, 0, 0, 0, 0, 0, 0, 0, 33554867, 0, 98307, 0, 150994947, 0, 3084, 0);

INSERT INTO weenie_class (`weenieClassId`, `baseAceObjectId`)
VALUES (31437, 31437);

INSERT INTO `base_ace_object` (`baseAceObjectId`, `name`, `typeId`, `paletteId`, `ammoType`, `blipColor`, `bitField`, `burden`, `combatUse`, `cooldownDuration`, `cooldownId`, `effects`, `containersCapacity`, `header`, `hookTypeId`, `iconId`, `iconOverlayId`, `iconUnderlayId`, `hookItemTypes`, `itemsCapacity`, `location`, `materialType`, `maxStackSize`, `maxStructure`, `radar`, `pscript`, `spellId`, `stackSize`, `structure`, `targetTypeId`, `usability`, `useRadius`, `validLocations`, `value`, `workmanship`, `animationFrameId`, `defaultScript`, `defaultScriptIntensity`, `elasticity`, `friction`, `locationId`, `modelTableId`, `objectScale`, `physicsBitField`, `physicsTableId`, `motionTableId`, `soundTableId`, `physicsState`, `translucency`)
VALUES (31432, 'Frozen Cenotaph', 65536, 0, 0, 0, 262164, 0, 0, 0, 0, 0, 0, 8388656, 0, 100667499, 0, 0, 0, 0, 0, 0, 0, 0, 4, 0, 0, 0, 0, 0, 32, -0.1, 0, 0, 0, 0, 0, 0, 0, 0, 0, 33555926, 0, 98307, 0, 150994947, 0, 3084, 0);

INSERT INTO weenie_class (`weenieClassId`, `baseAceObjectId`)
VALUES (31432, 31432);

INSERT INTO `base_ace_object` (`baseAceObjectId`, `name`, `typeId`, `paletteId`, `ammoType`, `blipColor`, `bitField`, `burden`, `combatUse`, `cooldownDuration`, `cooldownId`, `effects`, `containersCapacity`, `header`, `hookTypeId`, `iconId`, `iconOverlayId`, `iconUnderlayId`, `hookItemTypes`, `itemsCapacity`, `location`, `materialType`, `maxStackSize`, `maxStructure`, `radar`, `pscript`, `spellId`, `stackSize`, `structure`, `targetTypeId`, `usability`, `useRadius`, `validLocations`, `value`, `workmanship`, `animationFrameId`, `defaultScript`, `defaultScriptIntensity`, `elasticity`, `friction`, `locationId`, `modelTableId`, `objectScale`, `physicsBitField`, `physicsTableId`, `motionTableId`, `soundTableId`, `physicsState`, `translucency`)
VALUES (31433, 'Surface', 65536, 0, 0, 0, 262164, 0, 0, 0, 0, 0, 0, 8388656, 0, 100667499, 0, 0, 0, 0, 0, 0, 0, 0, 4, 0, 0, 0, 0, 0, 32, -0.1, 0, 0, 0, 0, 0, 0, 0, 0, 0, 33554867, 0, 98307, 0, 150994947, 0, 3084, 0);

INSERT INTO weenie_class (`weenieClassId`, `baseAceObjectId`)
VALUES (31433, 31433);

INSERT INTO `base_ace_object` (`baseAceObjectId`, `name`, `typeId`, `paletteId`, `ammoType`, `blipColor`, `bitField`, `burden`, `combatUse`, `cooldownDuration`, `cooldownId`, `effects`, `containersCapacity`, `header`, `hookTypeId`, `iconId`, `iconOverlayId`, `iconUnderlayId`, `hookItemTypes`, `itemsCapacity`, `location`, `materialType`, `maxStackSize`, `maxStructure`, `radar`, `pscript`, `spellId`, `stackSize`, `structure`, `targetTypeId`, `usability`, `useRadius`, `validLocations`, `value`, `workmanship`, `animationFrameId`, `defaultScript`, `defaultScriptIntensity`, `elasticity`, `friction`, `locationId`, `modelTableId`, `objectScale`, `physicsBitField`, `physicsTableId`, `motionTableId`, `soundTableId`, `physicsState`, `translucency`)
VALUES (35503, 'Surface', 65536, 0, 0, 0, 262164, 0, 0, 0, 0, 0, 0, 8388656, 0, 100667499, 0, 0, 0, 0, 0, 0, 0, 0, 4, 0, 0, 0, 0, 0, 32, -0.1, 0, 0, 0, 0, 0, 0, 0, 0, 0, 33554867, 0, 98307, 0, 150994947, 0, 3084, 0);

INSERT INTO weenie_class (`weenieClassId`, `baseAceObjectId`)
VALUES (35503, 35503);

INSERT INTO `base_ace_object` (`baseAceObjectId`, `name`, `typeId`, `paletteId`, `ammoType`, `blipColor`, `bitField`, `burden`, `combatUse`, `cooldownDuration`, `cooldownId`, `effects`, `containersCapacity`, `header`, `hookTypeId`, `iconId`, `iconOverlayId`, `iconUnderlayId`, `hookItemTypes`, `itemsCapacity`, `location`, `materialType`, `maxStackSize`, `maxStructure`, `radar`, `pscript`, `spellId`, `stackSize`, `structure`, `targetTypeId`, `usability`, `useRadius`, `validLocations`, `value`, `workmanship`, `animationFrameId`, `defaultScript`, `defaultScriptIntensity`, `elasticity`, `friction`, `locationId`, `modelTableId`, `objectScale`, `physicsBitField`, `physicsTableId`, `motionTableId`, `soundTableId`, `physicsState`, `translucency`)
VALUES (443, 'Westward Portal', 65536, 0, 0, 0, 262164, 0, 0, 0, 0, 0, 0, 8388656, 0, 100667499, 0, 0, 0, 0, 0, 0, 0, 0, 4, 0, 0, 0, 0, 0, 32, -0.1, 0, 0, 0, 0, 0, 0, 0, 0, 0, 33555923, 0, 98307, 0, 150994947, 0, 1036, 0);

INSERT INTO weenie_class (`weenieClassId`, `baseAceObjectId`)
VALUES (443, 443);

INSERT INTO `base_ace_object` (`baseAceObjectId`, `name`, `typeId`, `paletteId`, `ammoType`, `blipColor`, `bitField`, `burden`, `combatUse`, `cooldownDuration`, `cooldownId`, `effects`, `containersCapacity`, `header`, `hookTypeId`, `iconId`, `iconOverlayId`, `iconUnderlayId`, `hookItemTypes`, `itemsCapacity`, `location`, `materialType`, `maxStackSize`, `maxStructure`, `radar`, `pscript`, `spellId`, `stackSize`, `structure`, `targetTypeId`, `usability`, `useRadius`, `validLocations`, `value`, `workmanship`, `animationFrameId`, `defaultScript`, `defaultScriptIntensity`, `elasticity`, `friction`, `locationId`, `modelTableId`, `objectScale`, `physicsBitField`, `physicsTableId`, `motionTableId`, `soundTableId`, `physicsState`, `translucency`)
VALUES (46336, 'Serpent Burial Grounds', 65536, 0, 0, 0, 262164, 0, 0, 0, 0, 0, 0, 8388656, 0, 100667499, 0, 0, 0, 0, 0, 0, 0, 0, 4, 0, 0, 0, 0, 0, 32, -0.1, 0, 0, 0, 0, 0, 0, 0, 0, 0, 33555925, 0, 98307, 0, 150994947, 0, 3084, 0);

INSERT INTO weenie_class (`weenieClassId`, `baseAceObjectId`)
VALUES (46336, 46336);

INSERT INTO `base_ace_object` (`baseAceObjectId`, `name`, `typeId`, `paletteId`, `ammoType`, `blipColor`, `bitField`, `burden`, `combatUse`, `cooldownDuration`, `cooldownId`, `effects`, `containersCapacity`, `header`, `hookTypeId`, `iconId`, `iconOverlayId`, `iconUnderlayId`, `hookItemTypes`, `itemsCapacity`, `location`, `materialType`, `maxStackSize`, `maxStructure`, `radar`, `pscript`, `spellId`, `stackSize`, `structure`, `targetTypeId`, `usability`, `useRadius`, `validLocations`, `value`, `workmanship`, `animationFrameId`, `defaultScript`, `defaultScriptIntensity`, `elasticity`, `friction`, `locationId`, `modelTableId`, `objectScale`, `physicsBitField`, `physicsTableId`, `motionTableId`, `soundTableId`, `physicsState`, `translucency`)
VALUES (36611, 'Hidden Laboratory', 65536, 0, 0, 0, 262164, 0, 0, 0, 0, 0, 0, 8388656, 0, 100667499, 0, 0, 0, 0, 0, 0, 0, 0, 4, 0, 0, 0, 0, 0, 32, -0.1, 0, 0, 0, 0, 0, 0, 0, 0, 0, 33555925, 0, 98307, 0, 150994947, 0, 3084, 0);

INSERT INTO weenie_class (`weenieClassId`, `baseAceObjectId`)
VALUES (36611, 36611);

INSERT INTO `base_ace_object` (`baseAceObjectId`, `name`, `typeId`, `paletteId`, `ammoType`, `blipColor`, `bitField`, `burden`, `combatUse`, `cooldownDuration`, `cooldownId`, `effects`, `containersCapacity`, `header`, `hookTypeId`, `iconId`, `iconOverlayId`, `iconUnderlayId`, `hookItemTypes`, `itemsCapacity`, `location`, `materialType`, `maxStackSize`, `maxStructure`, `radar`, `pscript`, `spellId`, `stackSize`, `structure`, `targetTypeId`, `usability`, `useRadius`, `validLocations`, `value`, `workmanship`, `animationFrameId`, `defaultScript`, `defaultScriptIntensity`, `elasticity`, `friction`, `locationId`, `modelTableId`, `objectScale`, `physicsBitField`, `physicsTableId`, `motionTableId`, `soundTableId`, `physicsState`, `translucency`)
VALUES (36612, 'Surface', 65536, 0, 0, 0, 262164, 0, 0, 0, 0, 0, 0, 8388656, 0, 100667499, 0, 0, 0, 0, 0, 0, 0, 0, 4, 0, 0, 0, 0, 0, 32, -0.1, 0, 0, 0, 0, 0, 0, 0, 0, 0, 33554867, 0, 98307, 0, 150994947, 0, 3084, 0);

INSERT INTO weenie_class (`weenieClassId`, `baseAceObjectId`)
VALUES (36612, 36612);

INSERT INTO `base_ace_object` (`baseAceObjectId`, `name`, `typeId`, `paletteId`, `ammoType`, `blipColor`, `bitField`, `burden`, `combatUse`, `cooldownDuration`, `cooldownId`, `effects`, `containersCapacity`, `header`, `hookTypeId`, `iconId`, `iconOverlayId`, `iconUnderlayId`, `hookItemTypes`, `itemsCapacity`, `location`, `materialType`, `maxStackSize`, `maxStructure`, `radar`, `pscript`, `spellId`, `stackSize`, `structure`, `targetTypeId`, `usability`, `useRadius`, `validLocations`, `value`, `workmanship`, `animationFrameId`, `defaultScript`, `defaultScriptIntensity`, `elasticity`, `friction`, `locationId`, `modelTableId`, `objectScale`, `physicsBitField`, `physicsTableId`, `motionTableId`, `soundTableId`, `physicsState`, `translucency`)
VALUES (15166, 'Kelnen Village Portal', 65536, 0, 0, 0, 262164, 0, 0, 0, 0, 0, 0, 8388656, 0, 100667499, 0, 0, 0, 0, 0, 0, 0, 0, 4, 0, 0, 0, 0, 0, 32, -0.1, 0, 0, 0, 0, 0, 0, 0, 0, 0, 33554867, 0, 98307, 0, 150994947, 0, 3084, 0);

INSERT INTO weenie_class (`weenieClassId`, `baseAceObjectId`)
VALUES (15166, 15166);

INSERT INTO `base_ace_object` (`baseAceObjectId`, `name`, `typeId`, `paletteId`, `ammoType`, `blipColor`, `bitField`, `burden`, `combatUse`, `cooldownDuration`, `cooldownId`, `effects`, `containersCapacity`, `header`, `hookTypeId`, `iconId`, `iconOverlayId`, `iconUnderlayId`, `hookItemTypes`, `itemsCapacity`, `location`, `materialType`, `maxStackSize`, `maxStructure`, `radar`, `pscript`, `spellId`, `stackSize`, `structure`, `targetTypeId`, `usability`, `useRadius`, `validLocations`, `value`, `workmanship`, `animationFrameId`, `defaultScript`, `defaultScriptIntensity`, `elasticity`, `friction`, `locationId`, `modelTableId`, `objectScale`, `physicsBitField`, `physicsTableId`, `motionTableId`, `soundTableId`, `physicsState`, `translucency`)
VALUES (14261, 'West Baishi Settlement Portal', 65536, 0, 0, 0, 262164, 0, 0, 0, 0, 0, 0, 8388656, 0, 100667499, 0, 0, 0, 0, 0, 0, 0, 0, 4, 0, 0, 0, 0, 0, 32, -0.1, 0, 0, 0, 0, 0, 0, 0, 0, 0, 33554867, 0, 98307, 0, 150994947, 0, 3084, 0);

INSERT INTO weenie_class (`weenieClassId`, `baseAceObjectId`)
VALUES (14261, 14261);

INSERT INTO `base_ace_object` (`baseAceObjectId`, `name`, `typeId`, `paletteId`, `ammoType`, `blipColor`, `bitField`, `burden`, `combatUse`, `cooldownDuration`, `cooldownId`, `effects`, `containersCapacity`, `header`, `hookTypeId`, `iconId`, `iconOverlayId`, `iconUnderlayId`, `hookItemTypes`, `itemsCapacity`, `location`, `materialType`, `maxStackSize`, `maxStructure`, `radar`, `pscript`, `spellId`, `stackSize`, `structure`, `targetTypeId`, `usability`, `useRadius`, `validLocations`, `value`, `workmanship`, `animationFrameId`, `defaultScript`, `defaultScriptIntensity`, `elasticity`, `friction`, `locationId`, `modelTableId`, `objectScale`, `physicsBitField`, `physicsTableId`, `motionTableId`, `soundTableId`, `physicsState`, `translucency`)
VALUES (14271, 'Mage''s Pass Portal', 65536, 0, 0, 0, 262164, 0, 0, 0, 0, 0, 0, 8388656, 0, 100667499, 0, 0, 0, 0, 0, 0, 0, 0, 4, 0, 0, 0, 0, 0, 32, -0.1, 0, 0, 0, 0, 0, 0, 0, 0, 0, 33554867, 0, 98307, 0, 150994947, 0, 3084, 0);

INSERT INTO weenie_class (`weenieClassId`, `baseAceObjectId`)
VALUES (14271, 14271);

INSERT INTO `base_ace_object` (`baseAceObjectId`, `name`, `typeId`, `paletteId`, `ammoType`, `blipColor`, `bitField`, `burden`, `combatUse`, `cooldownDuration`, `cooldownId`, `effects`, `containersCapacity`, `header`, `hookTypeId`, `iconId`, `iconOverlayId`, `iconUnderlayId`, `hookItemTypes`, `itemsCapacity`, `location`, `materialType`, `maxStackSize`, `maxStructure`, `radar`, `pscript`, `spellId`, `stackSize`, `structure`, `targetTypeId`, `usability`, `useRadius`, `validLocations`, `value`, `workmanship`, `animationFrameId`, `defaultScript`, `defaultScriptIntensity`, `elasticity`, `friction`, `locationId`, `modelTableId`, `objectScale`, `physicsBitField`, `physicsTableId`, `motionTableId`, `soundTableId`, `physicsState`, `translucency`)
VALUES (13121, 'Ring of Crystals Estates Portal', 65536, 0, 0, 0, 262164, 0, 0, 0, 0, 0, 0, 8388656, 0, 100667499, 0, 0, 0, 0, 0, 0, 0, 0, 4, 0, 0, 0, 0, 0, 32, -0.1, 0, 0, 0, 0, 0, 0, 0, 0, 0, 33554867, 0, 98307, 0, 150994947, 0, 3084, 0);

INSERT INTO weenie_class (`weenieClassId`, `baseAceObjectId`)
VALUES (13121, 13121);

INSERT INTO `base_ace_object` (`baseAceObjectId`, `name`, `typeId`, `paletteId`, `ammoType`, `blipColor`, `bitField`, `burden`, `combatUse`, `cooldownDuration`, `cooldownId`, `effects`, `containersCapacity`, `header`, `hookTypeId`, `iconId`, `iconOverlayId`, `iconUnderlayId`, `hookItemTypes`, `itemsCapacity`, `location`, `materialType`, `maxStackSize`, `maxStructure`, `radar`, `pscript`, `spellId`, `stackSize`, `structure`, `targetTypeId`, `usability`, `useRadius`, `validLocations`, `value`, `workmanship`, `animationFrameId`, `defaultScript`, `defaultScriptIntensity`, `elasticity`, `friction`, `locationId`, `modelTableId`, `objectScale`, `physicsBitField`, `physicsTableId`, `motionTableId`, `soundTableId`, `physicsState`, `translucency`)
VALUES (15170, 'Lin Kiln Park Portal', 65536, 0, 0, 0, 262164, 0, 0, 0, 0, 0, 0, 8388656, 0, 100667499, 0, 0, 0, 0, 0, 0, 0, 0, 4, 0, 0, 0, 0, 0, 32, -0.1, 0, 0, 0, 0, 0, 0, 0, 0, 0, 33554867, 0, 98307, 0, 150994947, 0, 3084, 0);

INSERT INTO weenie_class (`weenieClassId`, `baseAceObjectId`)
VALUES (15170, 15170);

INSERT INTO `base_ace_object` (`baseAceObjectId`, `name`, `typeId`, `paletteId`, `ammoType`, `blipColor`, `bitField`, `burden`, `combatUse`, `cooldownDuration`, `cooldownId`, `effects`, `containersCapacity`, `header`, `hookTypeId`, `iconId`, `iconOverlayId`, `iconUnderlayId`, `hookItemTypes`, `itemsCapacity`, `location`, `materialType`, `maxStackSize`, `maxStructure`, `radar`, `pscript`, `spellId`, `stackSize`, `structure`, `targetTypeId`, `usability`, `useRadius`, `validLocations`, `value`, `workmanship`, `animationFrameId`, `defaultScript`, `defaultScriptIntensity`, `elasticity`, `friction`, `locationId`, `modelTableId`, `objectScale`, `physicsBitField`, `physicsTableId`, `motionTableId`, `soundTableId`, `physicsState`, `translucency`)
VALUES (14268, 'Jai-Tan Dale Portal', 65536, 0, 0, 0, 262164, 0, 0, 0, 0, 0, 0, 8388656, 0, 100667499, 0, 0, 0, 0, 0, 0, 0, 0, 4, 0, 0, 0, 0, 0, 32, -0.1, 0, 0, 0, 0, 0, 0, 0, 0, 0, 33554867, 0, 98307, 0, 150994947, 0, 3084, 0);

INSERT INTO weenie_class (`weenieClassId`, `baseAceObjectId`)
VALUES (14268, 14268);

INSERT INTO `base_ace_object` (`baseAceObjectId`, `name`, `typeId`, `paletteId`, `ammoType`, `blipColor`, `bitField`, `burden`, `combatUse`, `cooldownDuration`, `cooldownId`, `effects`, `containersCapacity`, `header`, `hookTypeId`, `iconId`, `iconOverlayId`, `iconUnderlayId`, `hookItemTypes`, `itemsCapacity`, `location`, `materialType`, `maxStackSize`, `maxStructure`, `radar`, `pscript`, `spellId`, `stackSize`, `structure`, `targetTypeId`, `usability`, `useRadius`, `validLocations`, `value`, `workmanship`, `animationFrameId`, `defaultScript`, `defaultScriptIntensity`, `elasticity`, `friction`, `locationId`, `modelTableId`, `objectScale`, `physicsBitField`, `physicsTableId`, `motionTableId`, `soundTableId`, `physicsState`, `translucency`)
VALUES (12532, 'North Baishi Cottages Portal', 65536, 0, 0, 0, 262164, 0, 0, 0, 0, 0, 0, 8388656, 0, 100667499, 0, 0, 0, 0, 0, 0, 0, 0, 4, 0, 0, 0, 0, 0, 32, -0.1, 0, 0, 0, 0, 0, 0, 0, 0, 0, 33554867, 0, 98307, 0, 150994947, 0, 3084, 0);

INSERT INTO weenie_class (`weenieClassId`, `baseAceObjectId`)
VALUES (12532, 12532);

INSERT INTO `base_ace_object` (`baseAceObjectId`, `name`, `typeId`, `paletteId`, `ammoType`, `blipColor`, `bitField`, `burden`, `combatUse`, `cooldownDuration`, `cooldownId`, `effects`, `containersCapacity`, `header`, `hookTypeId`, `iconId`, `iconOverlayId`, `iconUnderlayId`, `hookItemTypes`, `itemsCapacity`, `location`, `materialType`, `maxStackSize`, `maxStructure`, `radar`, `pscript`, `spellId`, `stackSize`, `structure`, `targetTypeId`, `usability`, `useRadius`, `validLocations`, `value`, `workmanship`, `animationFrameId`, `defaultScript`, `defaultScriptIntensity`, `elasticity`, `friction`, `locationId`, `modelTableId`, `objectScale`, `physicsBitField`, `physicsTableId`, `motionTableId`, `soundTableId`, `physicsState`, `translucency`)
VALUES (14665, 'Shara Portal', 65536, 0, 0, 0, 262164, 0, 0, 0, 0, 0, 0, 8388656, 0, 100667499, 0, 0, 0, 0, 0, 0, 0, 0, 4, 0, 0, 0, 0, 0, 32, -0.1, 0, 0, 0, 0, 0, 0, 0, 0, 0, 33554867, 0, 98307, 0, 150994947, 0, 3084, 0);

INSERT INTO weenie_class (`weenieClassId`, `baseAceObjectId`)
VALUES (14665, 14665);

INSERT INTO `base_ace_object` (`baseAceObjectId`, `name`, `typeId`, `paletteId`, `ammoType`, `blipColor`, `bitField`, `burden`, `combatUse`, `cooldownDuration`, `cooldownId`, `effects`, `containersCapacity`, `header`, `hookTypeId`, `iconId`, `iconOverlayId`, `iconUnderlayId`, `hookItemTypes`, `itemsCapacity`, `location`, `materialType`, `maxStackSize`, `maxStructure`, `radar`, `pscript`, `spellId`, `stackSize`, `structure`, `targetTypeId`, `usability`, `useRadius`, `validLocations`, `value`, `workmanship`, `animationFrameId`, `defaultScript`, `defaultScriptIntensity`, `elasticity`, `friction`, `locationId`, `modelTableId`, `objectScale`, `physicsBitField`, `physicsTableId`, `motionTableId`, `soundTableId`, `physicsState`, `translucency`)
VALUES (14638, 'Jasmine Meadow Portal', 65536, 0, 0, 0, 262164, 0, 0, 0, 0, 0, 0, 8388656, 0, 100667499, 0, 0, 0, 0, 0, 0, 0, 0, 4, 0, 0, 0, 0, 0, 32, -0.1, 0, 0, 0, 0, 0, 0, 0, 0, 0, 33554867, 0, 98307, 0, 150994947, 0, 3084, 0);

INSERT INTO weenie_class (`weenieClassId`, `baseAceObjectId`)
VALUES (14638, 14638);

INSERT INTO `base_ace_object` (`baseAceObjectId`, `name`, `typeId`, `paletteId`, `ammoType`, `blipColor`, `bitField`, `burden`, `combatUse`, `cooldownDuration`, `cooldownId`, `effects`, `containersCapacity`, `header`, `hookTypeId`, `iconId`, `iconOverlayId`, `iconUnderlayId`, `hookItemTypes`, `itemsCapacity`, `location`, `materialType`, `maxStackSize`, `maxStructure`, `radar`, `pscript`, `spellId`, `stackSize`, `structure`, `targetTypeId`, `usability`, `useRadius`, `validLocations`, `value`, `workmanship`, `animationFrameId`, `defaultScript`, `defaultScriptIntensity`, `elasticity`, `friction`, `locationId`, `modelTableId`, `objectScale`, `physicsBitField`, `physicsTableId`, `motionTableId`, `soundTableId`, `physicsState`, `translucency`)
VALUES (14287, 'Tattered Ridge Portal', 65536, 0, 0, 0, 262164, 0, 0, 0, 0, 0, 0, 8388656, 0, 100667499, 0, 0, 0, 0, 0, 0, 0, 0, 4, 0, 0, 0, 0, 0, 32, -0.1, 0, 0, 0, 0, 0, 0, 0, 0, 0, 33554867, 0, 98307, 0, 150994947, 0, 3084, 0);

INSERT INTO weenie_class (`weenieClassId`, `baseAceObjectId`)
VALUES (14287, 14287);

INSERT INTO `base_ace_object` (`baseAceObjectId`, `name`, `typeId`, `paletteId`, `ammoType`, `blipColor`, `bitField`, `burden`, `combatUse`, `cooldownDuration`, `cooldownId`, `effects`, `containersCapacity`, `header`, `hookTypeId`, `iconId`, `iconOverlayId`, `iconUnderlayId`, `hookItemTypes`, `itemsCapacity`, `location`, `materialType`, `maxStackSize`, `maxStructure`, `radar`, `pscript`, `spellId`, `stackSize`, `structure`, `targetTypeId`, `usability`, `useRadius`, `validLocations`, `value`, `workmanship`, `animationFrameId`, `defaultScript`, `defaultScriptIntensity`, `elasticity`, `friction`, `locationId`, `modelTableId`, `objectScale`, `physicsBitField`, `physicsTableId`, `motionTableId`, `soundTableId`, `physicsState`, `translucency`)
VALUES (13136, 'Tanshi Portal', 65536, 0, 0, 0, 262164, 0, 0, 0, 0, 0, 0, 8388656, 0, 100667499, 0, 0, 0, 0, 0, 0, 0, 0, 4, 0, 0, 0, 0, 0, 32, -0.1, 0, 0, 0, 0, 0, 0, 0, 0, 0, 33554867, 0, 98307, 0, 150994947, 0, 3084, 0);

INSERT INTO weenie_class (`weenieClassId`, `baseAceObjectId`)
VALUES (13136, 13136);

INSERT INTO `base_ace_object` (`baseAceObjectId`, `name`, `typeId`, `paletteId`, `ammoType`, `blipColor`, `bitField`, `burden`, `combatUse`, `cooldownDuration`, `cooldownId`, `effects`, `containersCapacity`, `header`, `hookTypeId`, `iconId`, `iconOverlayId`, `iconUnderlayId`, `hookItemTypes`, `itemsCapacity`, `location`, `materialType`, `maxStackSize`, `maxStructure`, `radar`, `pscript`, `spellId`, `stackSize`, `structure`, `targetTypeId`, `usability`, `useRadius`, `validLocations`, `value`, `workmanship`, `animationFrameId`, `defaultScript`, `defaultScriptIntensity`, `elasticity`, `friction`, `locationId`, `modelTableId`, `objectScale`, `physicsBitField`, `physicsTableId`, `motionTableId`, `soundTableId`, `physicsState`, `translucency`)
VALUES (12536, 'Oboro Portal', 65536, 0, 0, 0, 262164, 0, 0, 0, 0, 0, 0, 8388656, 0, 100667499, 0, 0, 0, 0, 0, 0, 0, 0, 4, 0, 0, 0, 0, 0, 32, -0.1, 0, 0, 0, 0, 0, 0, 0, 0, 0, 33554867, 0, 98307, 0, 150994947, 0, 3084, 0);

INSERT INTO weenie_class (`weenieClassId`, `baseAceObjectId`)
VALUES (12536, 12536);

INSERT INTO `base_ace_object` (`baseAceObjectId`, `name`, `typeId`, `paletteId`, `ammoType`, `blipColor`, `bitField`, `burden`, `combatUse`, `cooldownDuration`, `cooldownId`, `effects`, `containersCapacity`, `header`, `hookTypeId`, `iconId`, `iconOverlayId`, `iconUnderlayId`, `hookItemTypes`, `itemsCapacity`, `location`, `materialType`, `maxStackSize`, `maxStructure`, `radar`, `pscript`, `spellId`, `stackSize`, `structure`, `targetTypeId`, `usability`, `useRadius`, `validLocations`, `value`, `workmanship`, `animationFrameId`, `defaultScript`, `defaultScriptIntensity`, `elasticity`, `friction`, `locationId`, `modelTableId`, `objectScale`, `physicsBitField`, `physicsTableId`, `motionTableId`, `soundTableId`, `physicsState`, `translucency`)
VALUES (53477, 'Temple of the Font', 65536, 0, 0, 0, 262164, 0, 0, 0, 0, 0, 0, 8388656, 0, 100667499, 0, 0, 0, 0, 0, 0, 0, 0, 4, 0, 0, 0, 0, 0, 32, -0.1, 0, 0, 0, 0, 0, 0, 0, 0, 0, 33560221, 0, 98307, 0, 150995314, 0, 3084, 0);

INSERT INTO weenie_class (`weenieClassId`, `baseAceObjectId`)
VALUES (53477, 53477);

INSERT INTO `base_ace_object` (`baseAceObjectId`, `name`, `typeId`, `paletteId`, `ammoType`, `blipColor`, `bitField`, `burden`, `combatUse`, `cooldownDuration`, `cooldownId`, `effects`, `containersCapacity`, `header`, `hookTypeId`, `iconId`, `iconOverlayId`, `iconUnderlayId`, `hookItemTypes`, `itemsCapacity`, `location`, `materialType`, `maxStackSize`, `maxStructure`, `radar`, `pscript`, `spellId`, `stackSize`, `structure`, `targetTypeId`, `usability`, `useRadius`, `validLocations`, `value`, `workmanship`, `animationFrameId`, `defaultScript`, `defaultScriptIntensity`, `elasticity`, `friction`, `locationId`, `modelTableId`, `objectScale`, `physicsBitField`, `physicsTableId`, `motionTableId`, `soundTableId`, `physicsState`, `translucency`)
VALUES (38087, 'Surface', 65536, 0, 0, 0, 262164, 0, 0, 0, 0, 0, 0, 8388656, 0, 100667499, 0, 0, 0, 0, 0, 0, 0, 0, 4, 0, 0, 0, 0, 0, 32, -0.1, 0, 0, 0, 0, 0, 0, 0, 0, 0, 33554867, 0, 98307, 0, 150994947, 0, 3084, 0);

INSERT INTO weenie_class (`weenieClassId`, `baseAceObjectId`)
VALUES (38087, 38087);

INSERT INTO `base_ace_object` (`baseAceObjectId`, `name`, `typeId`, `paletteId`, `ammoType`, `blipColor`, `bitField`, `burden`, `combatUse`, `cooldownDuration`, `cooldownId`, `effects`, `containersCapacity`, `header`, `hookTypeId`, `iconId`, `iconOverlayId`, `iconUnderlayId`, `hookItemTypes`, `itemsCapacity`, `location`, `materialType`, `maxStackSize`, `maxStructure`, `radar`, `pscript`, `spellId`, `stackSize`, `structure`, `targetTypeId`, `usability`, `useRadius`, `validLocations`, `value`, `workmanship`, `animationFrameId`, `defaultScript`, `defaultScriptIntensity`, `elasticity`, `friction`, `locationId`, `modelTableId`, `objectScale`, `physicsBitField`, `physicsTableId`, `motionTableId`, `soundTableId`, `physicsState`, `translucency`)
VALUES (48800, 'Surface', 65536, 0, 0, 0, 262164, 0, 0, 0, 0, 0, 0, 8388656, 0, 100667499, 0, 0, 0, 0, 0, 0, 0, 0, 4, 0, 0, 0, 0, 0, 32, -0.1, 0, 0, 0, 0, 0, 0, 0, 0, 0, 33554867, 0, 98307, 0, 150994947, 0, 3084, 0);

INSERT INTO weenie_class (`weenieClassId`, `baseAceObjectId`)
VALUES (48800, 48800);

INSERT INTO `base_ace_object` (`baseAceObjectId`, `name`, `typeId`, `paletteId`, `ammoType`, `blipColor`, `bitField`, `burden`, `combatUse`, `cooldownDuration`, `cooldownId`, `effects`, `containersCapacity`, `header`, `hookTypeId`, `iconId`, `iconOverlayId`, `iconUnderlayId`, `hookItemTypes`, `itemsCapacity`, `location`, `materialType`, `maxStackSize`, `maxStructure`, `radar`, `pscript`, `spellId`, `stackSize`, `structure`, `targetTypeId`, `usability`, `useRadius`, `validLocations`, `value`, `workmanship`, `animationFrameId`, `defaultScript`, `defaultScriptIntensity`, `elasticity`, `friction`, `locationId`, `modelTableId`, `objectScale`, `physicsBitField`, `physicsTableId`, `motionTableId`, `soundTableId`, `physicsState`, `translucency`)
VALUES (30694, 'Surface', 65536, 0, 0, 0, 262164, 0, 0, 0, 0, 0, 0, 8388656, 0, 100667499, 0, 0, 0, 0, 0, 0, 0, 0, 4, 0, 0, 0, 0, 0, 32, -0.1, 0, 0, 0, 0, 0, 0, 0, 0, 0, 33554867, 0, 98307, 0, 150994947, 0, 3084, 0);

INSERT INTO weenie_class (`weenieClassId`, `baseAceObjectId`)
VALUES (30694, 30694);

INSERT INTO `base_ace_object` (`baseAceObjectId`, `name`, `typeId`, `paletteId`, `ammoType`, `blipColor`, `bitField`, `burden`, `combatUse`, `cooldownDuration`, `cooldownId`, `effects`, `containersCapacity`, `header`, `hookTypeId`, `iconId`, `iconOverlayId`, `iconUnderlayId`, `hookItemTypes`, `itemsCapacity`, `location`, `materialType`, `maxStackSize`, `maxStructure`, `radar`, `pscript`, `spellId`, `stackSize`, `structure`, `targetTypeId`, `usability`, `useRadius`, `validLocations`, `value`, `workmanship`, `animationFrameId`, `defaultScript`, `defaultScriptIntensity`, `elasticity`, `friction`, `locationId`, `modelTableId`, `objectScale`, `physicsBitField`, `physicsTableId`, `motionTableId`, `soundTableId`, `physicsState`, `translucency`)
VALUES (4942, 'Surface', 65536, 0, 0, 0, 262164, 0, 0, 0, 0, 0, 0, 8388656, 0, 100667499, 0, 0, 0, 0, 0, 0, 0, 0, 4, 0, 0, 0, 0, 0, 32, -0.1, 0, 0, 0, 0, 0, 0, 0, 0, 0, 33554867, 0, 98307, 0, 150994947, 0, 3084, 0);

INSERT INTO weenie_class (`weenieClassId`, `baseAceObjectId`)
VALUES (4942, 4942);

INSERT INTO `base_ace_object` (`baseAceObjectId`, `name`, `typeId`, `paletteId`, `ammoType`, `blipColor`, `bitField`, `burden`, `combatUse`, `cooldownDuration`, `cooldownId`, `effects`, `containersCapacity`, `header`, `hookTypeId`, `iconId`, `iconOverlayId`, `iconUnderlayId`, `hookItemTypes`, `itemsCapacity`, `location`, `materialType`, `maxStackSize`, `maxStructure`, `radar`, `pscript`, `spellId`, `stackSize`, `structure`, `targetTypeId`, `usability`, `useRadius`, `validLocations`, `value`, `workmanship`, `animationFrameId`, `defaultScript`, `defaultScriptIntensity`, `elasticity`, `friction`, `locationId`, `modelTableId`, `objectScale`, `physicsBitField`, `physicsTableId`, `motionTableId`, `soundTableId`, `physicsState`, `translucency`)
VALUES (30695, 'Ravaged Cathedral', 65536, 0, 0, 0, 262164, 0, 0, 0, 0, 0, 0, 8388656, 0, 100667499, 0, 0, 0, 0, 0, 0, 0, 0, 4, 0, 0, 0, 0, 0, 32, -0.1, 0, 0, 0, 0, 0, 0, 0, 0, 0, 33555925, 0, 98307, 0, 150994947, 0, 3084, 0);

INSERT INTO weenie_class (`weenieClassId`, `baseAceObjectId`)
VALUES (30695, 30695);

INSERT INTO `base_ace_object` (`baseAceObjectId`, `name`, `typeId`, `paletteId`, `ammoType`, `blipColor`, `bitField`, `burden`, `combatUse`, `cooldownDuration`, `cooldownId`, `effects`, `containersCapacity`, `header`, `hookTypeId`, `iconId`, `iconOverlayId`, `iconUnderlayId`, `hookItemTypes`, `itemsCapacity`, `location`, `materialType`, `maxStackSize`, `maxStructure`, `radar`, `pscript`, `spellId`, `stackSize`, `structure`, `targetTypeId`, `usability`, `useRadius`, `validLocations`, `value`, `workmanship`, `animationFrameId`, `defaultScript`, `defaultScriptIntensity`, `elasticity`, `friction`, `locationId`, `modelTableId`, `objectScale`, `physicsBitField`, `physicsTableId`, `motionTableId`, `soundTableId`, `physicsState`, `translucency`)
VALUES (30692, 'Surface', 65536, 0, 0, 0, 262164, 0, 0, 0, 0, 0, 0, 8388656, 0, 100667499, 0, 0, 0, 0, 0, 0, 0, 0, 4, 0, 0, 0, 0, 0, 32, -0.1, 0, 0, 0, 0, 0, 0, 0, 0, 0, 33554867, 0, 98307, 0, 150994947, 0, 3084, 0);

INSERT INTO weenie_class (`weenieClassId`, `baseAceObjectId`)
VALUES (30692, 30692);

INSERT INTO `base_ace_object` (`baseAceObjectId`, `name`, `typeId`, `paletteId`, `ammoType`, `blipColor`, `bitField`, `burden`, `combatUse`, `cooldownDuration`, `cooldownId`, `effects`, `containersCapacity`, `header`, `hookTypeId`, `iconId`, `iconOverlayId`, `iconUnderlayId`, `hookItemTypes`, `itemsCapacity`, `location`, `materialType`, `maxStackSize`, `maxStructure`, `radar`, `pscript`, `spellId`, `stackSize`, `structure`, `targetTypeId`, `usability`, `useRadius`, `validLocations`, `value`, `workmanship`, `animationFrameId`, `defaultScript`, `defaultScriptIntensity`, `elasticity`, `friction`, `locationId`, `modelTableId`, `objectScale`, `physicsBitField`, `physicsTableId`, `motionTableId`, `soundTableId`, `physicsState`, `translucency`)
VALUES (51669, 'Rynthid Foundry', 65536, 0, 0, 0, 262164, 0, 0, 0, 0, 0, 0, 8388656, 0, 100667499, 0, 0, 0, 0, 0, 0, 0, 0, 4, 0, 0, 0, 0, 0, 32, -0.1, 0, 0, 0, 0, 0, 0, 0, 0, 0, 33555924, 0, 98307, 0, 150994947, 0, 3084, 0);

INSERT INTO weenie_class (`weenieClassId`, `baseAceObjectId`)
VALUES (51669, 51669);

INSERT INTO `base_ace_object` (`baseAceObjectId`, `name`, `typeId`, `paletteId`, `ammoType`, `blipColor`, `bitField`, `burden`, `combatUse`, `cooldownDuration`, `cooldownId`, `effects`, `containersCapacity`, `header`, `hookTypeId`, `iconId`, `iconOverlayId`, `iconUnderlayId`, `hookItemTypes`, `itemsCapacity`, `location`, `materialType`, `maxStackSize`, `maxStructure`, `radar`, `pscript`, `spellId`, `stackSize`, `structure`, `targetTypeId`, `usability`, `useRadius`, `validLocations`, `value`, `workmanship`, `animationFrameId`, `defaultScript`, `defaultScriptIntensity`, `elasticity`, `friction`, `locationId`, `modelTableId`, `objectScale`, `physicsBitField`, `physicsTableId`, `motionTableId`, `soundTableId`, `physicsState`, `translucency`)
VALUES (51718, 'Path of Rage', 65536, 0, 0, 0, 262164, 0, 0, 0, 0, 0, 0, 8388656, 0, 100667499, 0, 0, 0, 0, 0, 0, 0, 0, 4, 0, 0, 0, 0, 0, 32, -0.1, 0, 0, 0, 0, 0, 0, 0, 0, 0, 33555925, 0, 98307, 0, 150994947, 0, 3084, 0);

INSERT INTO weenie_class (`weenieClassId`, `baseAceObjectId`)
VALUES (51718, 51718);

INSERT INTO `base_ace_object` (`baseAceObjectId`, `name`, `typeId`, `paletteId`, `ammoType`, `blipColor`, `bitField`, `burden`, `combatUse`, `cooldownDuration`, `cooldownId`, `effects`, `containersCapacity`, `header`, `hookTypeId`, `iconId`, `iconOverlayId`, `iconUnderlayId`, `hookItemTypes`, `itemsCapacity`, `location`, `materialType`, `maxStackSize`, `maxStructure`, `radar`, `pscript`, `spellId`, `stackSize`, `structure`, `targetTypeId`, `usability`, `useRadius`, `validLocations`, `value`, `workmanship`, `animationFrameId`, `defaultScript`, `defaultScriptIntensity`, `elasticity`, `friction`, `locationId`, `modelTableId`, `objectScale`, `physicsBitField`, `physicsTableId`, `motionTableId`, `soundTableId`, `physicsState`, `translucency`)
VALUES (51564, 'Seed of Hatred', 65536, 0, 0, 0, 262164, 0, 0, 0, 0, 0, 0, 8388656, 0, 100667499, 0, 0, 0, 0, 0, 0, 0, 0, 4, 0, 0, 0, 0, 0, 32, -0.1, 0, 0, 0, 0, 0, 0, 0, 0, 0, 33555924, 0, 98307, 0, 150994947, 0, 3084, 0);

INSERT INTO weenie_class (`weenieClassId`, `baseAceObjectId`)
VALUES (51564, 51564);

INSERT INTO `base_ace_object` (`baseAceObjectId`, `name`, `typeId`, `paletteId`, `ammoType`, `blipColor`, `bitField`, `burden`, `combatUse`, `cooldownDuration`, `cooldownId`, `effects`, `containersCapacity`, `header`, `hookTypeId`, `iconId`, `iconOverlayId`, `iconUnderlayId`, `hookItemTypes`, `itemsCapacity`, `location`, `materialType`, `maxStackSize`, `maxStructure`, `radar`, `pscript`, `spellId`, `stackSize`, `structure`, `targetTypeId`, `usability`, `useRadius`, `validLocations`, `value`, `workmanship`, `animationFrameId`, `defaultScript`, `defaultScriptIntensity`, `elasticity`, `friction`, `locationId`, `modelTableId`, `objectScale`, `physicsBitField`, `physicsTableId`, `motionTableId`, `soundTableId`, `physicsState`, `translucency`)
VALUES (51569, 'Seed of Misery', 65536, 0, 0, 0, 262164, 0, 0, 0, 0, 0, 0, 8388656, 0, 100667499, 0, 0, 0, 0, 0, 0, 0, 0, 4, 0, 0, 0, 0, 0, 32, -0.1, 0, 0, 0, 0, 0, 0, 0, 0, 0, 33555924, 0, 98307, 0, 150994947, 0, 3084, 0);

INSERT INTO weenie_class (`weenieClassId`, `baseAceObjectId`)
VALUES (51569, 51569);

INSERT INTO `base_ace_object` (`baseAceObjectId`, `name`, `typeId`, `paletteId`, `ammoType`, `blipColor`, `bitField`, `burden`, `combatUse`, `cooldownDuration`, `cooldownId`, `effects`, `containersCapacity`, `header`, `hookTypeId`, `iconId`, `iconOverlayId`, `iconUnderlayId`, `hookItemTypes`, `itemsCapacity`, `location`, `materialType`, `maxStackSize`, `maxStructure`, `radar`, `pscript`, `spellId`, `stackSize`, `structure`, `targetTypeId`, `usability`, `useRadius`, `validLocations`, `value`, `workmanship`, `animationFrameId`, `defaultScript`, `defaultScriptIntensity`, `elasticity`, `friction`, `locationId`, `modelTableId`, `objectScale`, `physicsBitField`, `physicsTableId`, `motionTableId`, `soundTableId`, `physicsState`, `translucency`)
VALUES (51580, 'Seed of Anger', 65536, 0, 0, 0, 262164, 0, 0, 0, 0, 0, 0, 8388656, 0, 100667499, 0, 0, 0, 0, 0, 0, 0, 0, 4, 0, 0, 0, 0, 0, 32, -0.1, 0, 0, 0, 0, 0, 0, 0, 0, 0, 33555924, 0, 98307, 0, 150994947, 0, 3084, 0);

INSERT INTO weenie_class (`weenieClassId`, `baseAceObjectId`)
VALUES (51580, 51580);

INSERT INTO `base_ace_object` (`baseAceObjectId`, `name`, `typeId`, `paletteId`, `ammoType`, `blipColor`, `bitField`, `burden`, `combatUse`, `cooldownDuration`, `cooldownId`, `effects`, `containersCapacity`, `header`, `hookTypeId`, `iconId`, `iconOverlayId`, `iconUnderlayId`, `hookItemTypes`, `itemsCapacity`, `location`, `materialType`, `maxStackSize`, `maxStructure`, `radar`, `pscript`, `spellId`, `stackSize`, `structure`, `targetTypeId`, `usability`, `useRadius`, `validLocations`, `value`, `workmanship`, `animationFrameId`, `defaultScript`, `defaultScriptIntensity`, `elasticity`, `friction`, `locationId`, `modelTableId`, `objectScale`, `physicsBitField`, `physicsTableId`, `motionTableId`, `soundTableId`, `physicsState`, `translucency`)
VALUES (51570, 'Surface', 65536, 0, 0, 0, 262164, 0, 0, 0, 0, 0, 0, 8388656, 0, 100667499, 0, 0, 0, 0, 0, 0, 0, 0, 4, 0, 0, 0, 0, 0, 32, -0.1, 0, 0, 0, 0, 0, 0, 0, 0, 0, 33554867, 0, 98307, 0, 150994947, 0, 3084, 0);

INSERT INTO weenie_class (`weenieClassId`, `baseAceObjectId`)
VALUES (51570, 51570);

INSERT INTO `base_ace_object` (`baseAceObjectId`, `name`, `typeId`, `paletteId`, `ammoType`, `blipColor`, `bitField`, `burden`, `combatUse`, `cooldownDuration`, `cooldownId`, `effects`, `containersCapacity`, `header`, `hookTypeId`, `iconId`, `iconOverlayId`, `iconUnderlayId`, `hookItemTypes`, `itemsCapacity`, `location`, `materialType`, `maxStackSize`, `maxStructure`, `radar`, `pscript`, `spellId`, `stackSize`, `structure`, `targetTypeId`, `usability`, `useRadius`, `validLocations`, `value`, `workmanship`, `animationFrameId`, `defaultScript`, `defaultScriptIntensity`, `elasticity`, `friction`, `locationId`, `modelTableId`, `objectScale`, `physicsBitField`, `physicsTableId`, `motionTableId`, `soundTableId`, `physicsState`, `translucency`)
VALUES (51565, 'Surface', 65536, 0, 0, 0, 262164, 0, 0, 0, 0, 0, 0, 8388656, 0, 100667499, 0, 0, 0, 0, 0, 0, 0, 0, 4, 0, 0, 0, 0, 0, 32, -0.1, 0, 0, 0, 0, 0, 0, 0, 0, 0, 33554867, 0, 98307, 0, 150994947, 0, 3084, 0);

INSERT INTO weenie_class (`weenieClassId`, `baseAceObjectId`)
VALUES (51565, 51565);

INSERT INTO `base_ace_object` (`baseAceObjectId`, `name`, `typeId`, `paletteId`, `ammoType`, `blipColor`, `bitField`, `burden`, `combatUse`, `cooldownDuration`, `cooldownId`, `effects`, `containersCapacity`, `header`, `hookTypeId`, `iconId`, `iconOverlayId`, `iconUnderlayId`, `hookItemTypes`, `itemsCapacity`, `location`, `materialType`, `maxStackSize`, `maxStructure`, `radar`, `pscript`, `spellId`, `stackSize`, `structure`, `targetTypeId`, `usability`, `useRadius`, `validLocations`, `value`, `workmanship`, `animationFrameId`, `defaultScript`, `defaultScriptIntensity`, `elasticity`, `friction`, `locationId`, `modelTableId`, `objectScale`, `physicsBitField`, `physicsTableId`, `motionTableId`, `soundTableId`, `physicsState`, `translucency`)
VALUES (52049, 'Orange Portal', 65536, 0, 0, 0, 262164, 0, 0, 0, 0, 0, 0, 8388656, 0, 100667499, 0, 0, 0, 0, 0, 0, 0, 0, 4, 0, 0, 0, 0, 0, 32, -0.1, 0, 0, 0, 0, 0, 0, 0, 0, 0, 33555924, 0, 98307, 0, 150994947, 0, 3084, 0);

INSERT INTO weenie_class (`weenieClassId`, `baseAceObjectId`)
VALUES (52049, 52049);

INSERT INTO `base_ace_object` (`baseAceObjectId`, `name`, `typeId`, `paletteId`, `ammoType`, `blipColor`, `bitField`, `burden`, `combatUse`, `cooldownDuration`, `cooldownId`, `effects`, `containersCapacity`, `header`, `hookTypeId`, `iconId`, `iconOverlayId`, `iconUnderlayId`, `hookItemTypes`, `itemsCapacity`, `location`, `materialType`, `maxStackSize`, `maxStructure`, `radar`, `pscript`, `spellId`, `stackSize`, `structure`, `targetTypeId`, `usability`, `useRadius`, `validLocations`, `value`, `workmanship`, `animationFrameId`, `defaultScript`, `defaultScriptIntensity`, `elasticity`, `friction`, `locationId`, `modelTableId`, `objectScale`, `physicsBitField`, `physicsTableId`, `motionTableId`, `soundTableId`, `physicsState`, `translucency`)
VALUES (52056, 'White Portal', 65536, 0, 0, 0, 262164, 0, 0, 0, 0, 0, 0, 8388656, 0, 100667499, 0, 0, 0, 0, 0, 0, 0, 0, 4, 0, 0, 0, 0, 0, 32, -0.1, 0, 0, 0, 0, 0, 0, 0, 0, 0, 33556212, 0, 98307, 0, 150994947, 0, 3084, 0);

INSERT INTO weenie_class (`weenieClassId`, `baseAceObjectId`)
VALUES (52056, 52056);

INSERT INTO `base_ace_object` (`baseAceObjectId`, `name`, `typeId`, `paletteId`, `ammoType`, `blipColor`, `bitField`, `burden`, `combatUse`, `cooldownDuration`, `cooldownId`, `effects`, `containersCapacity`, `header`, `hookTypeId`, `iconId`, `iconOverlayId`, `iconUnderlayId`, `hookItemTypes`, `itemsCapacity`, `location`, `materialType`, `maxStackSize`, `maxStructure`, `radar`, `pscript`, `spellId`, `stackSize`, `structure`, `targetTypeId`, `usability`, `useRadius`, `validLocations`, `value`, `workmanship`, `animationFrameId`, `defaultScript`, `defaultScriptIntensity`, `elasticity`, `friction`, `locationId`, `modelTableId`, `objectScale`, `physicsBitField`, `physicsTableId`, `motionTableId`, `soundTableId`, `physicsState`, `translucency`)
VALUES (51906, 'Presk''s Bunker', 65536, 0, 0, 0, 262164, 0, 0, 0, 0, 0, 0, 8388656, 0, 100667499, 0, 0, 0, 0, 0, 0, 0, 0, 4, 0, 0, 0, 0, 0, 32, -0.1, 0, 0, 0, 0, 0, 0, 0, 0, 0, 33555924, 0, 98307, 0, 150994947, 0, 3084, 0);

INSERT INTO weenie_class (`weenieClassId`, `baseAceObjectId`)
VALUES (51906, 51906);

INSERT INTO `base_ace_object` (`baseAceObjectId`, `name`, `typeId`, `paletteId`, `ammoType`, `blipColor`, `bitField`, `burden`, `combatUse`, `cooldownDuration`, `cooldownId`, `effects`, `containersCapacity`, `header`, `hookTypeId`, `iconId`, `iconOverlayId`, `iconUnderlayId`, `hookItemTypes`, `itemsCapacity`, `location`, `materialType`, `maxStackSize`, `maxStructure`, `radar`, `pscript`, `spellId`, `stackSize`, `structure`, `targetTypeId`, `usability`, `useRadius`, `validLocations`, `value`, `workmanship`, `animationFrameId`, `defaultScript`, `defaultScriptIntensity`, `elasticity`, `friction`, `locationId`, `modelTableId`, `objectScale`, `physicsBitField`, `physicsTableId`, `motionTableId`, `soundTableId`, `physicsState`, `translucency`)
VALUES (51721, 'Path of Sorrows', 65536, 0, 0, 0, 262164, 0, 0, 0, 0, 0, 0, 8388656, 0, 100667499, 0, 0, 0, 0, 0, 0, 0, 0, 4, 0, 0, 0, 0, 0, 32, -0.1, 0, 0, 0, 0, 0, 0, 0, 0, 0, 33555925, 0, 98307, 0, 150994947, 0, 3084, 0);

INSERT INTO weenie_class (`weenieClassId`, `baseAceObjectId`)
VALUES (51721, 51721);

INSERT INTO `base_ace_object` (`baseAceObjectId`, `name`, `typeId`, `paletteId`, `ammoType`, `blipColor`, `bitField`, `burden`, `combatUse`, `cooldownDuration`, `cooldownId`, `effects`, `containersCapacity`, `header`, `hookTypeId`, `iconId`, `iconOverlayId`, `iconUnderlayId`, `hookItemTypes`, `itemsCapacity`, `location`, `materialType`, `maxStackSize`, `maxStructure`, `radar`, `pscript`, `spellId`, `stackSize`, `structure`, `targetTypeId`, `usability`, `useRadius`, `validLocations`, `value`, `workmanship`, `animationFrameId`, `defaultScript`, `defaultScriptIntensity`, `elasticity`, `friction`, `locationId`, `modelTableId`, `objectScale`, `physicsBitField`, `physicsTableId`, `motionTableId`, `soundTableId`, `physicsState`, `translucency`)
VALUES (51911, 'Surface', 65536, 0, 0, 0, 262164, 0, 0, 0, 0, 0, 0, 8388656, 0, 100667499, 0, 0, 0, 0, 0, 0, 0, 0, 4, 0, 0, 0, 0, 0, 32, -0.1, 0, 0, 0, 0, 0, 0, 0, 0, 0, 33554867, 0, 98307, 0, 150994947, 0, 3084, 0);

INSERT INTO weenie_class (`weenieClassId`, `baseAceObjectId`)
VALUES (51911, 51911);

INSERT INTO `base_ace_object` (`baseAceObjectId`, `name`, `typeId`, `paletteId`, `ammoType`, `blipColor`, `bitField`, `burden`, `combatUse`, `cooldownDuration`, `cooldownId`, `effects`, `containersCapacity`, `header`, `hookTypeId`, `iconId`, `iconOverlayId`, `iconUnderlayId`, `hookItemTypes`, `itemsCapacity`, `location`, `materialType`, `maxStackSize`, `maxStructure`, `radar`, `pscript`, `spellId`, `stackSize`, `structure`, `targetTypeId`, `usability`, `useRadius`, `validLocations`, `value`, `workmanship`, `animationFrameId`, `defaultScript`, `defaultScriptIntensity`, `elasticity`, `friction`, `locationId`, `modelTableId`, `objectScale`, `physicsBitField`, `physicsTableId`, `motionTableId`, `soundTableId`, `physicsState`, `translucency`)
VALUES (51912, 'Presk''s Treasury', 65536, 0, 0, 0, 262164, 0, 0, 0, 0, 0, 0, 8388656, 0, 100667499, 0, 0, 0, 0, 0, 0, 0, 0, 4, 0, 0, 0, 0, 0, 32, -0.1, 0, 0, 0, 0, 0, 0, 0, 0, 0, 33556212, 0, 98307, 0, 150994947, 0, 3084, 0);

INSERT INTO weenie_class (`weenieClassId`, `baseAceObjectId`)
VALUES (51912, 51912);

INSERT INTO `base_ace_object` (`baseAceObjectId`, `name`, `typeId`, `paletteId`, `ammoType`, `blipColor`, `bitField`, `burden`, `combatUse`, `cooldownDuration`, `cooldownId`, `effects`, `containersCapacity`, `header`, `hookTypeId`, `iconId`, `iconOverlayId`, `iconUnderlayId`, `hookItemTypes`, `itemsCapacity`, `location`, `materialType`, `maxStackSize`, `maxStructure`, `radar`, `pscript`, `spellId`, `stackSize`, `structure`, `targetTypeId`, `usability`, `useRadius`, `validLocations`, `value`, `workmanship`, `animationFrameId`, `defaultScript`, `defaultScriptIntensity`, `elasticity`, `friction`, `locationId`, `modelTableId`, `objectScale`, `physicsBitField`, `physicsTableId`, `motionTableId`, `soundTableId`, `physicsState`, `translucency`)
VALUES (51670, 'Surface', 65536, 0, 0, 0, 262164, 0, 0, 0, 0, 0, 0, 8388656, 0, 100667499, 0, 0, 0, 0, 0, 0, 0, 0, 4, 0, 0, 0, 0, 0, 32, -0.1, 0, 0, 0, 0, 0, 0, 0, 0, 0, 33554867, 0, 98307, 0, 150994947, 0, 3084, 0);

INSERT INTO weenie_class (`weenieClassId`, `baseAceObjectId`)
VALUES (51670, 51670);

INSERT INTO `base_ace_object` (`baseAceObjectId`, `name`, `typeId`, `paletteId`, `ammoType`, `blipColor`, `bitField`, `burden`, `combatUse`, `cooldownDuration`, `cooldownId`, `effects`, `containersCapacity`, `header`, `hookTypeId`, `iconId`, `iconOverlayId`, `iconUnderlayId`, `hookItemTypes`, `itemsCapacity`, `location`, `materialType`, `maxStackSize`, `maxStructure`, `radar`, `pscript`, `spellId`, `stackSize`, `structure`, `targetTypeId`, `usability`, `useRadius`, `validLocations`, `value`, `workmanship`, `animationFrameId`, `defaultScript`, `defaultScriptIntensity`, `elasticity`, `friction`, `locationId`, `modelTableId`, `objectScale`, `physicsBitField`, `physicsTableId`, `motionTableId`, `soundTableId`, `physicsState`, `translucency`)
VALUES (43531, 'Mountain Cavern Portal', 65536, 0, 0, 0, 262164, 0, 0, 0, 0, 0, 0, 8388656, 0, 100667499, 0, 0, 0, 0, 0, 0, 0, 0, 4, 0, 0, 0, 0, 0, 32, -0.1, 0, 0, 0, 0, 0, 0, 0, 0, 0, 33555925, 0, 98307, 0, 150994947, 0, 3084, 0);

INSERT INTO weenie_class (`weenieClassId`, `baseAceObjectId`)
VALUES (43531, 43531);

INSERT INTO `base_ace_object` (`baseAceObjectId`, `name`, `typeId`, `paletteId`, `ammoType`, `blipColor`, `bitField`, `burden`, `combatUse`, `cooldownDuration`, `cooldownId`, `effects`, `containersCapacity`, `header`, `hookTypeId`, `iconId`, `iconOverlayId`, `iconUnderlayId`, `hookItemTypes`, `itemsCapacity`, `location`, `materialType`, `maxStackSize`, `maxStructure`, `radar`, `pscript`, `spellId`, `stackSize`, `structure`, `targetTypeId`, `usability`, `useRadius`, `validLocations`, `value`, `workmanship`, `animationFrameId`, `defaultScript`, `defaultScriptIntensity`, `elasticity`, `friction`, `locationId`, `modelTableId`, `objectScale`, `physicsBitField`, `physicsTableId`, `motionTableId`, `soundTableId`, `physicsState`, `translucency`)
VALUES (52593, 'Gauntlet Stage 2', 65536, 0, 0, 0, 262164, 0, 0, 0, 0, 0, 0, 8388656, 0, 100677070, 0, 0, 0, 0, 0, 0, 0, 0, 4, 0, 0, 0, 0, 0, 32, 0.3, 0, 0, 0, 0, 0, 0, 0, 0, 0, 33559873, 0, 32769, 0, 0, 0, 66576, 0);

INSERT INTO weenie_class (`weenieClassId`, `baseAceObjectId`)
VALUES (52593, 52593);

INSERT INTO `base_ace_object` (`baseAceObjectId`, `name`, `typeId`, `paletteId`, `ammoType`, `blipColor`, `bitField`, `burden`, `combatUse`, `cooldownDuration`, `cooldownId`, `effects`, `containersCapacity`, `header`, `hookTypeId`, `iconId`, `iconOverlayId`, `iconUnderlayId`, `hookItemTypes`, `itemsCapacity`, `location`, `materialType`, `maxStackSize`, `maxStructure`, `radar`, `pscript`, `spellId`, `stackSize`, `structure`, `targetTypeId`, `usability`, `useRadius`, `validLocations`, `value`, `workmanship`, `animationFrameId`, `defaultScript`, `defaultScriptIntensity`, `elasticity`, `friction`, `locationId`, `modelTableId`, `objectScale`, `physicsBitField`, `physicsTableId`, `motionTableId`, `soundTableId`, `physicsState`, `translucency`)
VALUES (52610, 'Gauntlet Stage 3', 65536, 0, 0, 0, 262164, 0, 0, 0, 0, 0, 0, 8388656, 0, 100677070, 0, 0, 0, 0, 0, 0, 0, 0, 4, 0, 0, 0, 0, 0, 32, 0.3, 0, 0, 0, 0, 0, 0, 0, 0, 0, 33559873, 0, 32769, 0, 0, 0, 66576, 0);

INSERT INTO weenie_class (`weenieClassId`, `baseAceObjectId`)
VALUES (52610, 52610);

INSERT INTO `base_ace_object` (`baseAceObjectId`, `name`, `typeId`, `paletteId`, `ammoType`, `blipColor`, `bitField`, `burden`, `combatUse`, `cooldownDuration`, `cooldownId`, `effects`, `containersCapacity`, `header`, `hookTypeId`, `iconId`, `iconOverlayId`, `iconUnderlayId`, `hookItemTypes`, `itemsCapacity`, `location`, `materialType`, `maxStackSize`, `maxStructure`, `radar`, `pscript`, `spellId`, `stackSize`, `structure`, `targetTypeId`, `usability`, `useRadius`, `validLocations`, `value`, `workmanship`, `animationFrameId`, `defaultScript`, `defaultScriptIntensity`, `elasticity`, `friction`, `locationId`, `modelTableId`, `objectScale`, `physicsBitField`, `physicsTableId`, `motionTableId`, `soundTableId`, `physicsState`, `translucency`)
VALUES (52611, 'Gauntlet Stage 4', 65536, 0, 0, 0, 262164, 0, 0, 0, 0, 0, 0, 8388656, 0, 100677070, 0, 0, 0, 0, 0, 0, 0, 0, 4, 0, 0, 0, 0, 0, 32, 0.3, 0, 0, 0, 0, 0, 0, 0, 0, 0, 33559873, 0, 32769, 0, 0, 0, 66576, 0);

INSERT INTO weenie_class (`weenieClassId`, `baseAceObjectId`)
VALUES (52611, 52611);

INSERT INTO `base_ace_object` (`baseAceObjectId`, `name`, `typeId`, `paletteId`, `ammoType`, `blipColor`, `bitField`, `burden`, `combatUse`, `cooldownDuration`, `cooldownId`, `effects`, `containersCapacity`, `header`, `hookTypeId`, `iconId`, `iconOverlayId`, `iconUnderlayId`, `hookItemTypes`, `itemsCapacity`, `location`, `materialType`, `maxStackSize`, `maxStructure`, `radar`, `pscript`, `spellId`, `stackSize`, `structure`, `targetTypeId`, `usability`, `useRadius`, `validLocations`, `value`, `workmanship`, `animationFrameId`, `defaultScript`, `defaultScriptIntensity`, `elasticity`, `friction`, `locationId`, `modelTableId`, `objectScale`, `physicsBitField`, `physicsTableId`, `motionTableId`, `soundTableId`, `physicsState`, `translucency`)
VALUES (52655, 'Gauntlet Stage 6', 65536, 0, 0, 0, 262164, 0, 0, 0, 0, 0, 0, 8388656, 0, 100677070, 0, 0, 0, 0, 0, 0, 0, 0, 4, 0, 0, 0, 0, 0, 32, 0.3, 0, 0, 0, 0, 0, 0, 0, 0, 0, 33559873, 0, 32769, 0, 0, 0, 66576, 0);

INSERT INTO weenie_class (`weenieClassId`, `baseAceObjectId`)
VALUES (52655, 52655);

INSERT INTO `base_ace_object` (`baseAceObjectId`, `name`, `typeId`, `paletteId`, `ammoType`, `blipColor`, `bitField`, `burden`, `combatUse`, `cooldownDuration`, `cooldownId`, `effects`, `containersCapacity`, `header`, `hookTypeId`, `iconId`, `iconOverlayId`, `iconUnderlayId`, `hookItemTypes`, `itemsCapacity`, `location`, `materialType`, `maxStackSize`, `maxStructure`, `radar`, `pscript`, `spellId`, `stackSize`, `structure`, `targetTypeId`, `usability`, `useRadius`, `validLocations`, `value`, `workmanship`, `animationFrameId`, `defaultScript`, `defaultScriptIntensity`, `elasticity`, `friction`, `locationId`, `modelTableId`, `objectScale`, `physicsBitField`, `physicsTableId`, `motionTableId`, `soundTableId`, `physicsState`, `translucency`)
VALUES (52656, 'Gauntlet Stage 7', 65536, 0, 0, 0, 262164, 0, 0, 0, 0, 0, 0, 8388656, 0, 100677070, 0, 0, 0, 0, 0, 0, 0, 0, 4, 0, 0, 0, 0, 0, 32, 0.3, 0, 0, 0, 0, 0, 0, 0, 0, 0, 33559873, 0, 32769, 0, 0, 0, 66576, 0);

INSERT INTO weenie_class (`weenieClassId`, `baseAceObjectId`)
VALUES (52656, 52656);

INSERT INTO `base_ace_object` (`baseAceObjectId`, `name`, `typeId`, `paletteId`, `ammoType`, `blipColor`, `bitField`, `burden`, `combatUse`, `cooldownDuration`, `cooldownId`, `effects`, `containersCapacity`, `header`, `hookTypeId`, `iconId`, `iconOverlayId`, `iconUnderlayId`, `hookItemTypes`, `itemsCapacity`, `location`, `materialType`, `maxStackSize`, `maxStructure`, `radar`, `pscript`, `spellId`, `stackSize`, `structure`, `targetTypeId`, `usability`, `useRadius`, `validLocations`, `value`, `workmanship`, `animationFrameId`, `defaultScript`, `defaultScriptIntensity`, `elasticity`, `friction`, `locationId`, `modelTableId`, `objectScale`, `physicsBitField`, `physicsTableId`, `motionTableId`, `soundTableId`, `physicsState`, `translucency`)
VALUES (52658, 'Gauntlet Stage 8', 65536, 0, 0, 0, 262164, 0, 0, 0, 0, 0, 0, 8388656, 0, 100677070, 0, 0, 0, 0, 0, 0, 0, 0, 4, 0, 0, 0, 0, 0, 32, 0.3, 0, 0, 0, 0, 0, 0, 0, 0, 0, 33559873, 0, 32769, 0, 0, 0, 66576, 0);

INSERT INTO weenie_class (`weenieClassId`, `baseAceObjectId`)
VALUES (52658, 52658);

INSERT INTO `base_ace_object` (`baseAceObjectId`, `name`, `typeId`, `paletteId`, `ammoType`, `blipColor`, `bitField`, `burden`, `combatUse`, `cooldownDuration`, `cooldownId`, `effects`, `containersCapacity`, `header`, `hookTypeId`, `iconId`, `iconOverlayId`, `iconUnderlayId`, `hookItemTypes`, `itemsCapacity`, `location`, `materialType`, `maxStackSize`, `maxStructure`, `radar`, `pscript`, `spellId`, `stackSize`, `structure`, `targetTypeId`, `usability`, `useRadius`, `validLocations`, `value`, `workmanship`, `animationFrameId`, `defaultScript`, `defaultScriptIntensity`, `elasticity`, `friction`, `locationId`, `modelTableId`, `objectScale`, `physicsBitField`, `physicsTableId`, `motionTableId`, `soundTableId`, `physicsState`, `translucency`)
VALUES (52659, 'Gauntlet Stage 9', 65536, 0, 0, 0, 262164, 0, 0, 0, 0, 0, 0, 8388656, 0, 100677070, 0, 0, 0, 0, 0, 0, 0, 0, 4, 0, 0, 0, 0, 0, 32, 0.3, 0, 0, 0, 0, 0, 0, 0, 0, 0, 33559873, 0, 32769, 0, 0, 0, 66576, 0);

INSERT INTO weenie_class (`weenieClassId`, `baseAceObjectId`)
VALUES (52659, 52659);

INSERT INTO `base_ace_object` (`baseAceObjectId`, `name`, `typeId`, `paletteId`, `ammoType`, `blipColor`, `bitField`, `burden`, `combatUse`, `cooldownDuration`, `cooldownId`, `effects`, `containersCapacity`, `header`, `hookTypeId`, `iconId`, `iconOverlayId`, `iconUnderlayId`, `hookItemTypes`, `itemsCapacity`, `location`, `materialType`, `maxStackSize`, `maxStructure`, `radar`, `pscript`, `spellId`, `stackSize`, `structure`, `targetTypeId`, `usability`, `useRadius`, `validLocations`, `value`, `workmanship`, `animationFrameId`, `defaultScript`, `defaultScriptIntensity`, `elasticity`, `friction`, `locationId`, `modelTableId`, `objectScale`, `physicsBitField`, `physicsTableId`, `motionTableId`, `soundTableId`, `physicsState`, `translucency`)
VALUES (37384, 'Surface', 65536, 0, 0, 0, 262164, 0, 0, 0, 0, 0, 0, 8388656, 0, 100667499, 0, 0, 0, 0, 0, 0, 0, 0, 4, 0, 0, 0, 0, 0, 32, -0.1, 0, 0, 0, 0, 0, 0, 0, 0, 0, 33554867, 0, 98307, 0, 150994947, 0, 3084, 0);

INSERT INTO weenie_class (`weenieClassId`, `baseAceObjectId`)
VALUES (37384, 37384);

INSERT INTO `base_ace_object` (`baseAceObjectId`, `name`, `typeId`, `paletteId`, `ammoType`, `blipColor`, `bitField`, `burden`, `combatUse`, `cooldownDuration`, `cooldownId`, `effects`, `containersCapacity`, `header`, `hookTypeId`, `iconId`, `iconOverlayId`, `iconUnderlayId`, `hookItemTypes`, `itemsCapacity`, `location`, `materialType`, `maxStackSize`, `maxStructure`, `radar`, `pscript`, `spellId`, `stackSize`, `structure`, `targetTypeId`, `usability`, `useRadius`, `validLocations`, `value`, `workmanship`, `animationFrameId`, `defaultScript`, `defaultScriptIntensity`, `elasticity`, `friction`, `locationId`, `modelTableId`, `objectScale`, `physicsBitField`, `physicsTableId`, `motionTableId`, `soundTableId`, `physicsState`, `translucency`)
VALUES (44350, 'Catacombs', 65536, 0, 0, 0, 262164, 0, 0, 0, 0, 0, 0, 8388656, 0, 100667499, 0, 0, 0, 0, 0, 0, 0, 0, 4, 0, 0, 0, 0, 0, 32, -0.1, 0, 0, 0, 0, 0, 0, 0, 0, 0, 33554867, 0, 98307, 0, 150994947, 0, 3084, 0);

INSERT INTO weenie_class (`weenieClassId`, `baseAceObjectId`)
VALUES (44350, 44350);

INSERT INTO `base_ace_object` (`baseAceObjectId`, `name`, `typeId`, `paletteId`, `ammoType`, `blipColor`, `bitField`, `burden`, `combatUse`, `cooldownDuration`, `cooldownId`, `effects`, `containersCapacity`, `header`, `hookTypeId`, `iconId`, `iconOverlayId`, `iconUnderlayId`, `hookItemTypes`, `itemsCapacity`, `location`, `materialType`, `maxStackSize`, `maxStructure`, `radar`, `pscript`, `spellId`, `stackSize`, `structure`, `targetTypeId`, `usability`, `useRadius`, `validLocations`, `value`, `workmanship`, `animationFrameId`, `defaultScript`, `defaultScriptIntensity`, `elasticity`, `friction`, `locationId`, `modelTableId`, `objectScale`, `physicsBitField`, `physicsTableId`, `motionTableId`, `soundTableId`, `physicsState`, `translucency`)
VALUES (44450, 'Catacombs', 65536, 0, 0, 0, 262164, 0, 0, 0, 0, 0, 0, 8388656, 0, 100667499, 0, 0, 0, 0, 0, 0, 0, 0, 4, 0, 0, 0, 0, 0, 32, -0.1, 0, 0, 0, 0, 0, 0, 0, 0, 0, 33554867, 0, 98307, 0, 150994947, 0, 3084, 0);

INSERT INTO weenie_class (`weenieClassId`, `baseAceObjectId`)
VALUES (44450, 44450);

INSERT INTO `base_ace_object` (`baseAceObjectId`, `name`, `typeId`, `paletteId`, `ammoType`, `blipColor`, `bitField`, `burden`, `combatUse`, `cooldownDuration`, `cooldownId`, `effects`, `containersCapacity`, `header`, `hookTypeId`, `iconId`, `iconOverlayId`, `iconUnderlayId`, `hookItemTypes`, `itemsCapacity`, `location`, `materialType`, `maxStackSize`, `maxStructure`, `radar`, `pscript`, `spellId`, `stackSize`, `structure`, `targetTypeId`, `usability`, `useRadius`, `validLocations`, `value`, `workmanship`, `animationFrameId`, `defaultScript`, `defaultScriptIntensity`, `elasticity`, `friction`, `locationId`, `modelTableId`, `objectScale`, `physicsBitField`, `physicsTableId`, `motionTableId`, `soundTableId`, `physicsState`, `translucency`)
VALUES (44349, 'Exit to Surface', 65536, 0, 0, 0, 262164, 0, 0, 0, 0, 0, 0, 8388656, 0, 100667499, 0, 0, 0, 0, 0, 0, 0, 0, 4, 0, 0, 0, 0, 0, 32, -0.1, 0, 0, 0, 0, 0, 0, 0, 0, 0, 33554867, 0, 98307, 0, 150994947, 0, 3084, 0);

INSERT INTO weenie_class (`weenieClassId`, `baseAceObjectId`)
VALUES (44349, 44349);

INSERT INTO `base_ace_object` (`baseAceObjectId`, `name`, `typeId`, `paletteId`, `ammoType`, `blipColor`, `bitField`, `burden`, `combatUse`, `cooldownDuration`, `cooldownId`, `effects`, `containersCapacity`, `header`, `hookTypeId`, `iconId`, `iconOverlayId`, `iconUnderlayId`, `hookItemTypes`, `itemsCapacity`, `location`, `materialType`, `maxStackSize`, `maxStructure`, `radar`, `pscript`, `spellId`, `stackSize`, `structure`, `targetTypeId`, `usability`, `useRadius`, `validLocations`, `value`, `workmanship`, `animationFrameId`, `defaultScript`, `defaultScriptIntensity`, `elasticity`, `friction`, `locationId`, `modelTableId`, `objectScale`, `physicsBitField`, `physicsTableId`, `motionTableId`, `soundTableId`, `physicsState`, `translucency`)
VALUES (30660, 'War Room', 65536, 0, 0, 0, 262164, 0, 0, 0, 0, 0, 0, 8388656, 0, 100667499, 0, 0, 0, 0, 0, 0, 0, 0, 4, 0, 0, 0, 0, 0, 32, -0.1, 0, 0, 0, 0, 0, 0, 0, 0, 0, 33555925, 0, 98307, 0, 150994947, 0, 3084, 0);

INSERT INTO weenie_class (`weenieClassId`, `baseAceObjectId`)
VALUES (30660, 30660);

INSERT INTO `base_ace_object` (`baseAceObjectId`, `name`, `typeId`, `paletteId`, `ammoType`, `blipColor`, `bitField`, `burden`, `combatUse`, `cooldownDuration`, `cooldownId`, `effects`, `containersCapacity`, `header`, `hookTypeId`, `iconId`, `iconOverlayId`, `iconUnderlayId`, `hookItemTypes`, `itemsCapacity`, `location`, `materialType`, `maxStackSize`, `maxStructure`, `radar`, `pscript`, `spellId`, `stackSize`, `structure`, `targetTypeId`, `usability`, `useRadius`, `validLocations`, `value`, `workmanship`, `animationFrameId`, `defaultScript`, `defaultScriptIntensity`, `elasticity`, `friction`, `locationId`, `modelTableId`, `objectScale`, `physicsBitField`, `physicsTableId`, `motionTableId`, `soundTableId`, `physicsState`, `translucency`)
VALUES (30661, 'Escape Route', 65536, 0, 0, 0, 262164, 0, 0, 0, 0, 0, 0, 8388656, 0, 100667499, 0, 0, 0, 0, 0, 0, 0, 0, 4, 0, 0, 0, 0, 0, 32, -0.1, 0, 0, 0, 0, 0, 0, 0, 0, 0, 33554867, 0, 98307, 0, 150994947, 0, 3084, 0);

INSERT INTO weenie_class (`weenieClassId`, `baseAceObjectId`)
VALUES (30661, 30661);

INSERT INTO `base_ace_object` (`baseAceObjectId`, `name`, `typeId`, `paletteId`, `ammoType`, `blipColor`, `bitField`, `burden`, `combatUse`, `cooldownDuration`, `cooldownId`, `effects`, `containersCapacity`, `header`, `hookTypeId`, `iconId`, `iconOverlayId`, `iconUnderlayId`, `hookItemTypes`, `itemsCapacity`, `location`, `materialType`, `maxStackSize`, `maxStructure`, `radar`, `pscript`, `spellId`, `stackSize`, `structure`, `targetTypeId`, `usability`, `useRadius`, `validLocations`, `value`, `workmanship`, `animationFrameId`, `defaultScript`, `defaultScriptIntensity`, `elasticity`, `friction`, `locationId`, `modelTableId`, `objectScale`, `physicsBitField`, `physicsTableId`, `motionTableId`, `soundTableId`, `physicsState`, `translucency`)
VALUES (52678, 'Gauntlet Stage 1', 65536, 0, 0, 0, 262164, 0, 0, 0, 0, 0, 0, 8388656, 0, 100677070, 0, 0, 0, 0, 0, 0, 0, 0, 4, 0, 0, 0, 0, 0, 32, 0.3, 0, 0, 0, 0, 0, 0, 0, 0, 0, 33559873, 0, 32769, 0, 0, 0, 66576, 0);

INSERT INTO weenie_class (`weenieClassId`, `baseAceObjectId`)
VALUES (52678, 52678);

INSERT INTO `base_ace_object` (`baseAceObjectId`, `name`, `typeId`, `paletteId`, `ammoType`, `blipColor`, `bitField`, `burden`, `combatUse`, `cooldownDuration`, `cooldownId`, `effects`, `containersCapacity`, `header`, `hookTypeId`, `iconId`, `iconOverlayId`, `iconUnderlayId`, `hookItemTypes`, `itemsCapacity`, `location`, `materialType`, `maxStackSize`, `maxStructure`, `radar`, `pscript`, `spellId`, `stackSize`, `structure`, `targetTypeId`, `usability`, `useRadius`, `validLocations`, `value`, `workmanship`, `animationFrameId`, `defaultScript`, `defaultScriptIntensity`, `elasticity`, `friction`, `locationId`, `modelTableId`, `objectScale`, `physicsBitField`, `physicsTableId`, `motionTableId`, `soundTableId`, `physicsState`, `translucency`)
VALUES (28797, 'Surface', 65536, 0, 0, 0, 262164, 0, 0, 0, 0, 0, 0, 8388656, 0, 100667499, 0, 0, 0, 0, 0, 0, 0, 0, 4, 0, 0, 0, 0, 0, 32, -0.1, 0, 0, 0, 0, 0, 0, 0, 0, 0, 33554867, 0, 98307, 0, 150994947, 0, 3084, 0);

INSERT INTO weenie_class (`weenieClassId`, `baseAceObjectId`)
VALUES (28797, 28797);

INSERT INTO `base_ace_object` (`baseAceObjectId`, `name`, `typeId`, `paletteId`, `ammoType`, `blipColor`, `bitField`, `burden`, `combatUse`, `cooldownDuration`, `cooldownId`, `effects`, `containersCapacity`, `header`, `hookTypeId`, `iconId`, `iconOverlayId`, `iconUnderlayId`, `hookItemTypes`, `itemsCapacity`, `location`, `materialType`, `maxStackSize`, `maxStructure`, `radar`, `pscript`, `spellId`, `stackSize`, `structure`, `targetTypeId`, `usability`, `useRadius`, `validLocations`, `value`, `workmanship`, `animationFrameId`, `defaultScript`, `defaultScriptIntensity`, `elasticity`, `friction`, `locationId`, `modelTableId`, `objectScale`, `physicsBitField`, `physicsTableId`, `motionTableId`, `soundTableId`, `physicsState`, `translucency`)
VALUES (28796, 'Waterfall Cave', 65536, 0, 0, 0, 262164, 0, 0, 0, 0, 0, 0, 8388656, 0, 100667499, 0, 0, 0, 0, 0, 0, 0, 0, 4, 0, 0, 0, 0, 0, 32, -0.1, 0, 0, 0, 0, 0, 0, 0, 0, 0, 33555923, 0, 98307, 0, 150994947, 0, 3084, 0);

INSERT INTO weenie_class (`weenieClassId`, `baseAceObjectId`)
VALUES (28796, 28796);

INSERT INTO `base_ace_object` (`baseAceObjectId`, `name`, `typeId`, `paletteId`, `ammoType`, `blipColor`, `bitField`, `burden`, `combatUse`, `cooldownDuration`, `cooldownId`, `effects`, `containersCapacity`, `header`, `hookTypeId`, `iconId`, `iconOverlayId`, `iconUnderlayId`, `hookItemTypes`, `itemsCapacity`, `location`, `materialType`, `maxStackSize`, `maxStructure`, `radar`, `pscript`, `spellId`, `stackSize`, `structure`, `targetTypeId`, `usability`, `useRadius`, `validLocations`, `value`, `workmanship`, `animationFrameId`, `defaultScript`, `defaultScriptIntensity`, `elasticity`, `friction`, `locationId`, `modelTableId`, `objectScale`, `physicsBitField`, `physicsTableId`, `motionTableId`, `soundTableId`, `physicsState`, `translucency`)
VALUES (28782, 'Remote Empyrean Vault', 65536, 0, 0, 0, 262164, 0, 0, 0, 0, 0, 0, 8388656, 0, 100667499, 0, 0, 0, 0, 0, 0, 0, 0, 4, 0, 0, 0, 0, 0, 32, -0.1, 0, 0, 0, 0, 0, 0, 0, 0, 0, 33555926, 0, 98307, 0, 150994947, 0, 3084, 0);

INSERT INTO weenie_class (`weenieClassId`, `baseAceObjectId`)
VALUES (28782, 28782);

INSERT INTO `base_ace_object` (`baseAceObjectId`, `name`, `typeId`, `paletteId`, `ammoType`, `blipColor`, `bitField`, `burden`, `combatUse`, `cooldownDuration`, `cooldownId`, `effects`, `containersCapacity`, `header`, `hookTypeId`, `iconId`, `iconOverlayId`, `iconUnderlayId`, `hookItemTypes`, `itemsCapacity`, `location`, `materialType`, `maxStackSize`, `maxStructure`, `radar`, `pscript`, `spellId`, `stackSize`, `structure`, `targetTypeId`, `usability`, `useRadius`, `validLocations`, `value`, `workmanship`, `animationFrameId`, `defaultScript`, `defaultScriptIntensity`, `elasticity`, `friction`, `locationId`, `modelTableId`, `objectScale`, `physicsBitField`, `physicsTableId`, `motionTableId`, `soundTableId`, `physicsState`, `translucency`)
VALUES (28783, 'Surface', 65536, 0, 0, 0, 262164, 0, 0, 0, 0, 0, 0, 8388656, 0, 100667499, 0, 0, 0, 0, 0, 0, 0, 0, 4, 0, 0, 0, 0, 0, 32, -0.1, 0, 0, 0, 0, 0, 0, 0, 0, 0, 33554867, 0, 98307, 0, 150994947, 0, 3084, 0);

INSERT INTO weenie_class (`weenieClassId`, `baseAceObjectId`)
VALUES (28783, 28783);

INSERT INTO `base_ace_object` (`baseAceObjectId`, `name`, `typeId`, `paletteId`, `ammoType`, `blipColor`, `bitField`, `burden`, `combatUse`, `cooldownDuration`, `cooldownId`, `effects`, `containersCapacity`, `header`, `hookTypeId`, `iconId`, `iconOverlayId`, `iconUnderlayId`, `hookItemTypes`, `itemsCapacity`, `location`, `materialType`, `maxStackSize`, `maxStructure`, `radar`, `pscript`, `spellId`, `stackSize`, `structure`, `targetTypeId`, `usability`, `useRadius`, `validLocations`, `value`, `workmanship`, `animationFrameId`, `defaultScript`, `defaultScriptIntensity`, `elasticity`, `friction`, `locationId`, `modelTableId`, `objectScale`, `physicsBitField`, `physicsTableId`, `motionTableId`, `soundTableId`, `physicsState`, `translucency`)
VALUES (28795, 'Viamontian Garrison', 65536, 0, 0, 0, 262164, 0, 0, 0, 0, 0, 0, 8388656, 0, 100667499, 0, 0, 0, 0, 0, 0, 0, 0, 4, 0, 0, 0, 0, 0, 32, -0.1, 0, 0, 0, 0, 0, 0, 0, 0, 0, 33555923, 0, 98307, 0, 150994947, 0, 3084, 0);

INSERT INTO weenie_class (`weenieClassId`, `baseAceObjectId`)
VALUES (28795, 28795);

INSERT INTO `base_ace_object` (`baseAceObjectId`, `name`, `typeId`, `paletteId`, `ammoType`, `blipColor`, `bitField`, `burden`, `combatUse`, `cooldownDuration`, `cooldownId`, `effects`, `containersCapacity`, `header`, `hookTypeId`, `iconId`, `iconOverlayId`, `iconUnderlayId`, `hookItemTypes`, `itemsCapacity`, `location`, `materialType`, `maxStackSize`, `maxStructure`, `radar`, `pscript`, `spellId`, `stackSize`, `structure`, `targetTypeId`, `usability`, `useRadius`, `validLocations`, `value`, `workmanship`, `animationFrameId`, `defaultScript`, `defaultScriptIntensity`, `elasticity`, `friction`, `locationId`, `modelTableId`, `objectScale`, `physicsBitField`, `physicsTableId`, `motionTableId`, `soundTableId`, `physicsState`, `translucency`)
VALUES (28800, 'Surface', 65536, 0, 0, 0, 262164, 0, 0, 0, 0, 0, 0, 8388656, 0, 100667499, 0, 0, 0, 0, 0, 0, 0, 0, 4, 0, 0, 0, 0, 0, 32, -0.1, 0, 0, 0, 0, 0, 0, 0, 0, 0, 33554867, 0, 98307, 0, 150994947, 0, 3084, 0);

INSERT INTO weenie_class (`weenieClassId`, `baseAceObjectId`)
VALUES (28800, 28800);

INSERT INTO `base_ace_object` (`baseAceObjectId`, `name`, `typeId`, `paletteId`, `ammoType`, `blipColor`, `bitField`, `burden`, `combatUse`, `cooldownDuration`, `cooldownId`, `effects`, `containersCapacity`, `header`, `hookTypeId`, `iconId`, `iconOverlayId`, `iconUnderlayId`, `hookItemTypes`, `itemsCapacity`, `location`, `materialType`, `maxStackSize`, `maxStructure`, `radar`, `pscript`, `spellId`, `stackSize`, `structure`, `targetTypeId`, `usability`, `useRadius`, `validLocations`, `value`, `workmanship`, `animationFrameId`, `defaultScript`, `defaultScriptIntensity`, `elasticity`, `friction`, `locationId`, `modelTableId`, `objectScale`, `physicsBitField`, `physicsTableId`, `motionTableId`, `soundTableId`, `physicsState`, `translucency`)
VALUES (32818, 'Ruschk Burial Mound', 65536, 0, 0, 0, 262164, 0, 0, 0, 0, 0, 0, 8388656, 0, 100667499, 0, 0, 0, 0, 0, 0, 0, 0, 4, 0, 0, 0, 0, 0, 32, -0.1, 0, 0, 0, 0, 0, 0, 0, 0, 0, 33555924, 0, 98307, 0, 150994947, 0, 3084, 0);

INSERT INTO weenie_class (`weenieClassId`, `baseAceObjectId`)
VALUES (32818, 32818);

INSERT INTO `base_ace_object` (`baseAceObjectId`, `name`, `typeId`, `paletteId`, `ammoType`, `blipColor`, `bitField`, `burden`, `combatUse`, `cooldownDuration`, `cooldownId`, `effects`, `containersCapacity`, `header`, `hookTypeId`, `iconId`, `iconOverlayId`, `iconUnderlayId`, `hookItemTypes`, `itemsCapacity`, `location`, `materialType`, `maxStackSize`, `maxStructure`, `radar`, `pscript`, `spellId`, `stackSize`, `structure`, `targetTypeId`, `usability`, `useRadius`, `validLocations`, `value`, `workmanship`, `animationFrameId`, `defaultScript`, `defaultScriptIntensity`, `elasticity`, `friction`, `locationId`, `modelTableId`, `objectScale`, `physicsBitField`, `physicsTableId`, `motionTableId`, `soundTableId`, `physicsState`, `translucency`)
VALUES (28798, 'Lola''s Den', 65536, 0, 0, 0, 262164, 0, 0, 0, 0, 0, 0, 8388656, 0, 100667499, 0, 0, 0, 0, 0, 0, 0, 0, 4, 0, 0, 0, 0, 0, 32, -0.1, 0, 0, 0, 0, 0, 0, 0, 0, 0, 33555926, 0, 98307, 0, 150994947, 0, 3084, 0);

INSERT INTO weenie_class (`weenieClassId`, `baseAceObjectId`)
VALUES (28798, 28798);

INSERT INTO `base_ace_object` (`baseAceObjectId`, `name`, `typeId`, `paletteId`, `ammoType`, `blipColor`, `bitField`, `burden`, `combatUse`, `cooldownDuration`, `cooldownId`, `effects`, `containersCapacity`, `header`, `hookTypeId`, `iconId`, `iconOverlayId`, `iconUnderlayId`, `hookItemTypes`, `itemsCapacity`, `location`, `materialType`, `maxStackSize`, `maxStructure`, `radar`, `pscript`, `spellId`, `stackSize`, `structure`, `targetTypeId`, `usability`, `useRadius`, `validLocations`, `value`, `workmanship`, `animationFrameId`, `defaultScript`, `defaultScriptIntensity`, `elasticity`, `friction`, `locationId`, `modelTableId`, `objectScale`, `physicsBitField`, `physicsTableId`, `motionTableId`, `soundTableId`, `physicsState`, `translucency`)
VALUES (28799, 'Surface', 65536, 0, 0, 0, 262164, 0, 0, 0, 0, 0, 0, 8388656, 0, 100667499, 0, 0, 0, 0, 0, 0, 0, 0, 4, 0, 0, 0, 0, 0, 32, -0.1, 0, 0, 0, 0, 0, 0, 0, 0, 0, 33554867, 0, 98307, 0, 150994947, 0, 3084, 0);

INSERT INTO weenie_class (`weenieClassId`, `baseAceObjectId`)
VALUES (28799, 28799);

INSERT INTO `base_ace_object` (`baseAceObjectId`, `name`, `typeId`, `paletteId`, `ammoType`, `blipColor`, `bitField`, `burden`, `combatUse`, `cooldownDuration`, `cooldownId`, `effects`, `containersCapacity`, `header`, `hookTypeId`, `iconId`, `iconOverlayId`, `iconUnderlayId`, `hookItemTypes`, `itemsCapacity`, `location`, `materialType`, `maxStackSize`, `maxStructure`, `radar`, `pscript`, `spellId`, `stackSize`, `structure`, `targetTypeId`, `usability`, `useRadius`, `validLocations`, `value`, `workmanship`, `animationFrameId`, `defaultScript`, `defaultScriptIntensity`, `elasticity`, `friction`, `locationId`, `modelTableId`, `objectScale`, `physicsBitField`, `physicsTableId`, `motionTableId`, `soundTableId`, `physicsState`, `translucency`)
VALUES (45648, 'Geraine''s Study', 65536, 0, 0, 0, 262164, 0, 0, 0, 0, 0, 0, 8388656, 0, 100667499, 0, 0, 0, 0, 0, 0, 0, 0, 4, 0, 0, 0, 0, 0, 32, -0.1, 0, 0, 0, 0, 0, 0, 0, 0, 0, 33555925, 0, 98307, 0, 150994947, 0, 3084, 0);

INSERT INTO weenie_class (`weenieClassId`, `baseAceObjectId`)
VALUES (45648, 45648);

INSERT INTO `base_ace_object` (`baseAceObjectId`, `name`, `typeId`, `paletteId`, `ammoType`, `blipColor`, `bitField`, `burden`, `combatUse`, `cooldownDuration`, `cooldownId`, `effects`, `containersCapacity`, `header`, `hookTypeId`, `iconId`, `iconOverlayId`, `iconUnderlayId`, `hookItemTypes`, `itemsCapacity`, `location`, `materialType`, `maxStackSize`, `maxStructure`, `radar`, `pscript`, `spellId`, `stackSize`, `structure`, `targetTypeId`, `usability`, `useRadius`, `validLocations`, `value`, `workmanship`, `animationFrameId`, `defaultScript`, `defaultScriptIntensity`, `elasticity`, `friction`, `locationId`, `modelTableId`, `objectScale`, `physicsBitField`, `physicsTableId`, `motionTableId`, `soundTableId`, `physicsState`, `translucency`)
VALUES (51428, 'Tusker Den', 65536, 0, 0, 0, 262164, 0, 0, 0, 0, 0, 0, 8388656, 0, 100667499, 0, 0, 0, 0, 0, 0, 0, 0, 4, 0, 0, 0, 0, 0, 32, -0.1, 0, 0, 0, 0, 0, 0, 0, 0, 0, 33555925, 0, 98307, 0, 150994947, 0, 3084, 0);

INSERT INTO weenie_class (`weenieClassId`, `baseAceObjectId`)
VALUES (51428, 51428);

INSERT INTO `base_ace_object` (`baseAceObjectId`, `name`, `typeId`, `paletteId`, `ammoType`, `blipColor`, `bitField`, `burden`, `combatUse`, `cooldownDuration`, `cooldownId`, `effects`, `containersCapacity`, `header`, `hookTypeId`, `iconId`, `iconOverlayId`, `iconUnderlayId`, `hookItemTypes`, `itemsCapacity`, `location`, `materialType`, `maxStackSize`, `maxStructure`, `radar`, `pscript`, `spellId`, `stackSize`, `structure`, `targetTypeId`, `usability`, `useRadius`, `validLocations`, `value`, `workmanship`, `animationFrameId`, `defaultScript`, `defaultScriptIntensity`, `elasticity`, `friction`, `locationId`, `modelTableId`, `objectScale`, `physicsBitField`, `physicsTableId`, `motionTableId`, `soundTableId`, `physicsState`, `translucency`)
VALUES (43524, 'Frozen Tomb', 65536, 0, 0, 0, 262164, 0, 0, 0, 0, 0, 0, 8388656, 0, 100667499, 0, 0, 0, 0, 0, 0, 0, 0, 4, 0, 0, 0, 0, 0, 32, -0.1, 0, 0, 0, 0, 0, 0, 0, 0, 0, 33555925, 0, 98307, 0, 150994947, 0, 3084, 0);

INSERT INTO weenie_class (`weenieClassId`, `baseAceObjectId`)
VALUES (43524, 43524);

INSERT INTO `base_ace_object` (`baseAceObjectId`, `name`, `typeId`, `paletteId`, `ammoType`, `blipColor`, `bitField`, `burden`, `combatUse`, `cooldownDuration`, `cooldownId`, `effects`, `containersCapacity`, `header`, `hookTypeId`, `iconId`, `iconOverlayId`, `iconUnderlayId`, `hookItemTypes`, `itemsCapacity`, `location`, `materialType`, `maxStackSize`, `maxStructure`, `radar`, `pscript`, `spellId`, `stackSize`, `structure`, `targetTypeId`, `usability`, `useRadius`, `validLocations`, `value`, `workmanship`, `animationFrameId`, `defaultScript`, `defaultScriptIntensity`, `elasticity`, `friction`, `locationId`, `modelTableId`, `objectScale`, `physicsBitField`, `physicsTableId`, `motionTableId`, `soundTableId`, `physicsState`, `translucency`)
VALUES (43525, 'Surface', 65536, 0, 0, 0, 262164, 0, 0, 0, 0, 0, 0, 8388656, 0, 100667499, 0, 0, 0, 0, 0, 0, 0, 0, 4, 0, 0, 0, 0, 0, 32, -0.1, 0, 0, 0, 0, 0, 0, 0, 0, 0, 33554867, 0, 98307, 0, 150994947, 0, 3084, 0);

INSERT INTO weenie_class (`weenieClassId`, `baseAceObjectId`)
VALUES (43525, 43525);

INSERT INTO `base_ace_object` (`baseAceObjectId`, `name`, `typeId`, `paletteId`, `ammoType`, `blipColor`, `bitField`, `burden`, `combatUse`, `cooldownDuration`, `cooldownId`, `effects`, `containersCapacity`, `header`, `hookTypeId`, `iconId`, `iconOverlayId`, `iconUnderlayId`, `hookItemTypes`, `itemsCapacity`, `location`, `materialType`, `maxStackSize`, `maxStructure`, `radar`, `pscript`, `spellId`, `stackSize`, `structure`, `targetTypeId`, `usability`, `useRadius`, `validLocations`, `value`, `workmanship`, `animationFrameId`, `defaultScript`, `defaultScriptIntensity`, `elasticity`, `friction`, `locationId`, `modelTableId`, `objectScale`, `physicsBitField`, `physicsTableId`, `motionTableId`, `soundTableId`, `physicsState`, `translucency`)
VALUES (8579, 'Surface Portal', 65536, 0, 0, 0, 262164, 0, 0, 0, 0, 0, 0, 8388656, 0, 100667499, 0, 0, 0, 0, 0, 0, 0, 0, 4, 0, 0, 0, 0, 0, 32, -0.1, 0, 0, 0, 0, 0, 0, 0, 0, 0, 33554867, 0, 98307, 0, 150994947, 0, 3084, 0);

INSERT INTO weenie_class (`weenieClassId`, `baseAceObjectId`)
VALUES (8579, 8579);

INSERT INTO `base_ace_object` (`baseAceObjectId`, `name`, `typeId`, `paletteId`, `ammoType`, `blipColor`, `bitField`, `burden`, `combatUse`, `cooldownDuration`, `cooldownId`, `effects`, `containersCapacity`, `header`, `hookTypeId`, `iconId`, `iconOverlayId`, `iconUnderlayId`, `hookItemTypes`, `itemsCapacity`, `location`, `materialType`, `maxStackSize`, `maxStructure`, `radar`, `pscript`, `spellId`, `stackSize`, `structure`, `targetTypeId`, `usability`, `useRadius`, `validLocations`, `value`, `workmanship`, `animationFrameId`, `defaultScript`, `defaultScriptIntensity`, `elasticity`, `friction`, `locationId`, `modelTableId`, `objectScale`, `physicsBitField`, `physicsTableId`, `motionTableId`, `soundTableId`, `physicsState`, `translucency`)
VALUES (1339, 'Moss Chamber', 65536, 0, 0, 0, 262164, 0, 0, 0, 0, 0, 0, 8388656, 0, 100667499, 0, 0, 0, 0, 0, 0, 0, 0, 4, 0, 0, 0, 0, 0, 32, -0.1, 0, 0, 0, 0, 0, 0, 0, 0, 0, 33555926, 0, 98307, 0, 150994947, 0, 3084, 0);

INSERT INTO weenie_class (`weenieClassId`, `baseAceObjectId`)
VALUES (1339, 1339);

INSERT INTO `base_ace_object` (`baseAceObjectId`, `name`, `typeId`, `paletteId`, `ammoType`, `blipColor`, `bitField`, `burden`, `combatUse`, `cooldownDuration`, `cooldownId`, `effects`, `containersCapacity`, `header`, `hookTypeId`, `iconId`, `iconOverlayId`, `iconUnderlayId`, `hookItemTypes`, `itemsCapacity`, `location`, `materialType`, `maxStackSize`, `maxStructure`, `radar`, `pscript`, `spellId`, `stackSize`, `structure`, `targetTypeId`, `usability`, `useRadius`, `validLocations`, `value`, `workmanship`, `animationFrameId`, `defaultScript`, `defaultScriptIntensity`, `elasticity`, `friction`, `locationId`, `modelTableId`, `objectScale`, `physicsBitField`, `physicsTableId`, `motionTableId`, `soundTableId`, `physicsState`, `translucency`)
VALUES (1340, 'Surface', 65536, 0, 0, 0, 262164, 0, 0, 0, 0, 0, 0, 8388656, 0, 100667499, 0, 0, 0, 0, 0, 0, 0, 0, 4, 0, 0, 0, 0, 0, 32, -0.1, 0, 0, 0, 0, 0, 0, 0, 0, 0, 33554867, 0, 98307, 0, 150994947, 0, 3084, 0);

INSERT INTO weenie_class (`weenieClassId`, `baseAceObjectId`)
VALUES (1340, 1340);

INSERT INTO `base_ace_object` (`baseAceObjectId`, `name`, `typeId`, `paletteId`, `ammoType`, `blipColor`, `bitField`, `burden`, `combatUse`, `cooldownDuration`, `cooldownId`, `effects`, `containersCapacity`, `header`, `hookTypeId`, `iconId`, `iconOverlayId`, `iconUnderlayId`, `hookItemTypes`, `itemsCapacity`, `location`, `materialType`, `maxStackSize`, `maxStructure`, `radar`, `pscript`, `spellId`, `stackSize`, `structure`, `targetTypeId`, `usability`, `useRadius`, `validLocations`, `value`, `workmanship`, `animationFrameId`, `defaultScript`, `defaultScriptIntensity`, `elasticity`, `friction`, `locationId`, `modelTableId`, `objectScale`, `physicsBitField`, `physicsTableId`, `motionTableId`, `soundTableId`, `physicsState`, `translucency`)
VALUES (9166, 'Moss Chamber', 65536, 0, 0, 0, 262164, 0, 0, 0, 0, 0, 0, 8388656, 0, 100667499, 0, 0, 0, 0, 0, 0, 0, 0, 4, 0, 0, 0, 0, 0, 32, -0.1, 0, 0, 0, 0, 0, 0, 0, 0, 0, 33554867, 0, 98307, 0, 150994947, 0, 3084, 0);

INSERT INTO weenie_class (`weenieClassId`, `baseAceObjectId`)
VALUES (9166, 9166);

INSERT INTO `base_ace_object` (`baseAceObjectId`, `name`, `typeId`, `paletteId`, `ammoType`, `blipColor`, `bitField`, `burden`, `combatUse`, `cooldownDuration`, `cooldownId`, `effects`, `containersCapacity`, `header`, `hookTypeId`, `iconId`, `iconOverlayId`, `iconUnderlayId`, `hookItemTypes`, `itemsCapacity`, `location`, `materialType`, `maxStackSize`, `maxStructure`, `radar`, `pscript`, `spellId`, `stackSize`, `structure`, `targetTypeId`, `usability`, `useRadius`, `validLocations`, `value`, `workmanship`, `animationFrameId`, `defaultScript`, `defaultScriptIntensity`, `elasticity`, `friction`, `locationId`, `modelTableId`, `objectScale`, `physicsBitField`, `physicsTableId`, `motionTableId`, `soundTableId`, `physicsState`, `translucency`)
VALUES (9167, 'Surface', 65536, 0, 0, 0, 262164, 0, 0, 0, 0, 0, 0, 8388656, 0, 100667499, 0, 0, 0, 0, 0, 0, 0, 0, 4, 0, 0, 0, 0, 0, 32, -0.1, 0, 0, 0, 0, 0, 0, 0, 0, 0, 33554867, 0, 98307, 0, 150994947, 0, 3084, 0);

INSERT INTO weenie_class (`weenieClassId`, `baseAceObjectId`)
VALUES (9167, 9167);

INSERT INTO `base_ace_object` (`baseAceObjectId`, `name`, `typeId`, `paletteId`, `ammoType`, `blipColor`, `bitField`, `burden`, `combatUse`, `cooldownDuration`, `cooldownId`, `effects`, `containersCapacity`, `header`, `hookTypeId`, `iconId`, `iconOverlayId`, `iconUnderlayId`, `hookItemTypes`, `itemsCapacity`, `location`, `materialType`, `maxStackSize`, `maxStructure`, `radar`, `pscript`, `spellId`, `stackSize`, `structure`, `targetTypeId`, `usability`, `useRadius`, `validLocations`, `value`, `workmanship`, `animationFrameId`, `defaultScript`, `defaultScriptIntensity`, `elasticity`, `friction`, `locationId`, `modelTableId`, `objectScale`, `physicsBitField`, `physicsTableId`, `motionTableId`, `soundTableId`, `physicsState`, `translucency`)
VALUES (2381, 'Lightless Catacombs', 65536, 0, 0, 0, 262164, 0, 0, 0, 0, 0, 0, 8388656, 0, 100667499, 0, 0, 0, 0, 0, 0, 0, 0, 4, 0, 0, 0, 0, 0, 32, -0.1, 0, 0, 0, 0, 0, 0, 0, 0, 0, 33555923, 0, 98307, 0, 150994947, 0, 3084, 0);

INSERT INTO weenie_class (`weenieClassId`, `baseAceObjectId`)
VALUES (2381, 2381);

INSERT INTO `base_ace_object` (`baseAceObjectId`, `name`, `typeId`, `paletteId`, `ammoType`, `blipColor`, `bitField`, `burden`, `combatUse`, `cooldownDuration`, `cooldownId`, `effects`, `containersCapacity`, `header`, `hookTypeId`, `iconId`, `iconOverlayId`, `iconUnderlayId`, `hookItemTypes`, `itemsCapacity`, `location`, `materialType`, `maxStackSize`, `maxStructure`, `radar`, `pscript`, `spellId`, `stackSize`, `structure`, `targetTypeId`, `usability`, `useRadius`, `validLocations`, `value`, `workmanship`, `animationFrameId`, `defaultScript`, `defaultScriptIntensity`, `elasticity`, `friction`, `locationId`, `modelTableId`, `objectScale`, `physicsBitField`, `physicsTableId`, `motionTableId`, `soundTableId`, `physicsState`, `translucency`)
VALUES (7200, 'Black Dominion Portal', 65536, 0, 0, 0, 262164, 0, 0, 0, 0, 0, 0, 8388656, 0, 100667499, 0, 0, 0, 0, 0, 0, 0, 0, 4, 0, 0, 0, 0, 0, 32, -0.1, 0, 0, 0, 0, 0, 0, 0, 0, 0, 33555926, 0, 98307, 0, 150994947, 0, 3084, 0);

INSERT INTO weenie_class (`weenieClassId`, `baseAceObjectId`)
VALUES (7200, 7200);

INSERT INTO `base_ace_object` (`baseAceObjectId`, `name`, `typeId`, `paletteId`, `ammoType`, `blipColor`, `bitField`, `burden`, `combatUse`, `cooldownDuration`, `cooldownId`, `effects`, `containersCapacity`, `header`, `hookTypeId`, `iconId`, `iconOverlayId`, `iconUnderlayId`, `hookItemTypes`, `itemsCapacity`, `location`, `materialType`, `maxStackSize`, `maxStructure`, `radar`, `pscript`, `spellId`, `stackSize`, `structure`, `targetTypeId`, `usability`, `useRadius`, `validLocations`, `value`, `workmanship`, `animationFrameId`, `defaultScript`, `defaultScriptIntensity`, `elasticity`, `friction`, `locationId`, `modelTableId`, `objectScale`, `physicsBitField`, `physicsTableId`, `motionTableId`, `soundTableId`, `physicsState`, `translucency`)
VALUES (7201, 'Surface Portal', 65536, 0, 0, 0, 262164, 0, 0, 0, 0, 0, 0, 8388656, 0, 100667499, 0, 0, 0, 0, 0, 0, 0, 0, 4, 0, 0, 0, 0, 0, 32, -0.1, 0, 0, 0, 0, 0, 0, 0, 0, 0, 33554867, 0, 98307, 0, 150994947, 0, 3084, 0);

INSERT INTO weenie_class (`weenieClassId`, `baseAceObjectId`)
VALUES (7201, 7201);

INSERT INTO `base_ace_object` (`baseAceObjectId`, `name`, `typeId`, `paletteId`, `ammoType`, `blipColor`, `bitField`, `burden`, `combatUse`, `cooldownDuration`, `cooldownId`, `effects`, `containersCapacity`, `header`, `hookTypeId`, `iconId`, `iconOverlayId`, `iconUnderlayId`, `hookItemTypes`, `itemsCapacity`, `location`, `materialType`, `maxStackSize`, `maxStructure`, `radar`, `pscript`, `spellId`, `stackSize`, `structure`, `targetTypeId`, `usability`, `useRadius`, `validLocations`, `value`, `workmanship`, `animationFrameId`, `defaultScript`, `defaultScriptIntensity`, `elasticity`, `friction`, `locationId`, `modelTableId`, `objectScale`, `physicsBitField`, `physicsTableId`, `motionTableId`, `soundTableId`, `physicsState`, `translucency`)
VALUES (9685, 'Desert March Portal', 65536, 0, 0, 0, 262164, 0, 0, 0, 0, 0, 0, 8388656, 0, 100667499, 0, 0, 0, 0, 0, 0, 0, 0, 4, 0, 0, 0, 0, 0, 32, -0.1, 0, 0, 0, 0, 0, 0, 0, 0, 0, 33554867, 0, 98307, 0, 150994947, 0, 3084, 0);

INSERT INTO weenie_class (`weenieClassId`, `baseAceObjectId`)
VALUES (9685, 9685);

INSERT INTO `base_ace_object` (`baseAceObjectId`, `name`, `typeId`, `paletteId`, `ammoType`, `blipColor`, `bitField`, `burden`, `combatUse`, `cooldownDuration`, `cooldownId`, `effects`, `containersCapacity`, `header`, `hookTypeId`, `iconId`, `iconOverlayId`, `iconUnderlayId`, `hookItemTypes`, `itemsCapacity`, `location`, `materialType`, `maxStackSize`, `maxStructure`, `radar`, `pscript`, `spellId`, `stackSize`, `structure`, `targetTypeId`, `usability`, `useRadius`, `validLocations`, `value`, `workmanship`, `animationFrameId`, `defaultScript`, `defaultScriptIntensity`, `elasticity`, `friction`, `locationId`, `modelTableId`, `objectScale`, `physicsBitField`, `physicsTableId`, `motionTableId`, `soundTableId`, `physicsState`, `translucency`)
VALUES (12161, 'Central Tuatara Plains Portal', 65536, 0, 0, 0, 262164, 0, 0, 0, 0, 0, 0, 8388656, 0, 100667499, 0, 0, 0, 0, 0, 0, 0, 0, 4, 0, 0, 0, 0, 0, 32, -0.1, 0, 0, 0, 0, 0, 0, 0, 0, 0, 33555926, 0, 98307, 0, 150994947, 0, 3084, 0);

INSERT INTO weenie_class (`weenieClassId`, `baseAceObjectId`)
VALUES (12161, 12161);

INSERT INTO `base_ace_object` (`baseAceObjectId`, `name`, `typeId`, `paletteId`, `ammoType`, `blipColor`, `bitField`, `burden`, `combatUse`, `cooldownDuration`, `cooldownId`, `effects`, `containersCapacity`, `header`, `hookTypeId`, `iconId`, `iconOverlayId`, `iconUnderlayId`, `hookItemTypes`, `itemsCapacity`, `location`, `materialType`, `maxStackSize`, `maxStructure`, `radar`, `pscript`, `spellId`, `stackSize`, `structure`, `targetTypeId`, `usability`, `useRadius`, `validLocations`, `value`, `workmanship`, `animationFrameId`, `defaultScript`, `defaultScriptIntensity`, `elasticity`, `friction`, `locationId`, `modelTableId`, `objectScale`, `physicsBitField`, `physicsTableId`, `motionTableId`, `soundTableId`, `physicsState`, `translucency`)
VALUES (11955, 'Karab Delta Portal', 65536, 0, 0, 0, 262164, 0, 0, 0, 0, 0, 0, 8388656, 0, 100667499, 0, 0, 0, 0, 0, 0, 0, 0, 4, 0, 0, 0, 0, 0, 32, -0.1, 0, 0, 0, 0, 0, 0, 0, 0, 0, 33554867, 0, 98307, 0, 150994947, 0, 3084, 0);

INSERT INTO weenie_class (`weenieClassId`, `baseAceObjectId`)
VALUES (11955, 11955);

INSERT INTO `base_ace_object` (`baseAceObjectId`, `name`, `typeId`, `paletteId`, `ammoType`, `blipColor`, `bitField`, `burden`, `combatUse`, `cooldownDuration`, `cooldownId`, `effects`, `containersCapacity`, `header`, `hookTypeId`, `iconId`, `iconOverlayId`, `iconUnderlayId`, `hookItemTypes`, `itemsCapacity`, `location`, `materialType`, `maxStackSize`, `maxStructure`, `radar`, `pscript`, `spellId`, `stackSize`, `structure`, `targetTypeId`, `usability`, `useRadius`, `validLocations`, `value`, `workmanship`, `animationFrameId`, `defaultScript`, `defaultScriptIntensity`, `elasticity`, `friction`, `locationId`, `modelTableId`, `objectScale`, `physicsBitField`, `physicsTableId`, `motionTableId`, `soundTableId`, `physicsState`, `translucency`)
VALUES (10881, 'Martinate Holding', 65536, 0, 0, 0, 262164, 0, 0, 0, 0, 0, 0, 8388656, 0, 100667499, 0, 0, 0, 0, 0, 0, 0, 0, 4, 0, 0, 0, 0, 0, 32, -0.1, 0, 0, 0, 0, 0, 0, 0, 0, 0, 33555924, 0, 98307, 0, 150994947, 0, 3084, 0);

INSERT INTO weenie_class (`weenieClassId`, `baseAceObjectId`)
VALUES (10881, 10881);

INSERT INTO `base_ace_object` (`baseAceObjectId`, `name`, `typeId`, `paletteId`, `ammoType`, `blipColor`, `bitField`, `burden`, `combatUse`, `cooldownDuration`, `cooldownId`, `effects`, `containersCapacity`, `header`, `hookTypeId`, `iconId`, `iconOverlayId`, `iconUnderlayId`, `hookItemTypes`, `itemsCapacity`, `location`, `materialType`, `maxStackSize`, `maxStructure`, `radar`, `pscript`, `spellId`, `stackSize`, `structure`, `targetTypeId`, `usability`, `useRadius`, `validLocations`, `value`, `workmanship`, `animationFrameId`, `defaultScript`, `defaultScriptIntensity`, `elasticity`, `friction`, `locationId`, `modelTableId`, `objectScale`, `physicsBitField`, `physicsTableId`, `motionTableId`, `soundTableId`, `physicsState`, `translucency`)
VALUES (10880, 'Surface Exit', 65536, 0, 0, 0, 262164, 0, 0, 0, 0, 0, 0, 8388656, 0, 100667499, 0, 0, 0, 0, 0, 0, 0, 0, 4, 0, 0, 0, 0, 0, 32, -0.1, 0, 0, 0, 0, 0, 0, 0, 0, 0, 33554867, 0, 98307, 0, 150994947, 0, 3084, 0);

INSERT INTO weenie_class (`weenieClassId`, `baseAceObjectId`)
VALUES (10880, 10880);

INSERT INTO `base_ace_object` (`baseAceObjectId`, `name`, `typeId`, `paletteId`, `ammoType`, `blipColor`, `bitField`, `burden`, `combatUse`, `cooldownDuration`, `cooldownId`, `effects`, `containersCapacity`, `header`, `hookTypeId`, `iconId`, `iconOverlayId`, `iconUnderlayId`, `hookItemTypes`, `itemsCapacity`, `location`, `materialType`, `maxStackSize`, `maxStructure`, `radar`, `pscript`, `spellId`, `stackSize`, `structure`, `targetTypeId`, `usability`, `useRadius`, `validLocations`, `value`, `workmanship`, `animationFrameId`, `defaultScript`, `defaultScriptIntensity`, `elasticity`, `friction`, `locationId`, `modelTableId`, `objectScale`, `physicsBitField`, `physicsTableId`, `motionTableId`, `soundTableId`, `physicsState`, `translucency`)
VALUES (29799, 'Exit', 65536, 0, 0, 0, 262164, 0, 0, 0, 0, 0, 0, 8388656, 0, 100667499, 0, 0, 0, 0, 0, 0, 0, 0, 4, 0, 0, 0, 0, 0, 32, -0.1, 0, 0, 0, 0, 0, 0, 0, 0, 0, 33559046, 0, 98307, 0, 150995314, 0, 3084, 0);

INSERT INTO weenie_class (`weenieClassId`, `baseAceObjectId`)
VALUES (29799, 29799);

INSERT INTO `base_ace_object` (`baseAceObjectId`, `name`, `typeId`, `paletteId`, `ammoType`, `blipColor`, `bitField`, `burden`, `combatUse`, `cooldownDuration`, `cooldownId`, `effects`, `containersCapacity`, `header`, `hookTypeId`, `iconId`, `iconOverlayId`, `iconUnderlayId`, `hookItemTypes`, `itemsCapacity`, `location`, `materialType`, `maxStackSize`, `maxStructure`, `radar`, `pscript`, `spellId`, `stackSize`, `structure`, `targetTypeId`, `usability`, `useRadius`, `validLocations`, `value`, `workmanship`, `animationFrameId`, `defaultScript`, `defaultScriptIntensity`, `elasticity`, `friction`, `locationId`, `modelTableId`, `objectScale`, `physicsBitField`, `physicsTableId`, `motionTableId`, `soundTableId`, `physicsState`, `translucency`)
VALUES (36218, 'Surface', 65536, 0, 0, 0, 262164, 0, 0, 0, 0, 0, 0, 8388656, 0, 100667499, 0, 0, 0, 0, 0, 0, 0, 0, 4, 0, 0, 0, 0, 0, 32, -0.1, 0, 0, 0, 0, 0, 0, 0, 0, 0, 33554867, 0, 98307, 0, 150994947, 0, 3084, 0);

INSERT INTO weenie_class (`weenieClassId`, `baseAceObjectId`)
VALUES (36218, 36218);

INSERT INTO `base_ace_object` (`baseAceObjectId`, `name`, `typeId`, `paletteId`, `ammoType`, `blipColor`, `bitField`, `burden`, `combatUse`, `cooldownDuration`, `cooldownId`, `effects`, `containersCapacity`, `header`, `hookTypeId`, `iconId`, `iconOverlayId`, `iconUnderlayId`, `hookItemTypes`, `itemsCapacity`, `location`, `materialType`, `maxStackSize`, `maxStructure`, `radar`, `pscript`, `spellId`, `stackSize`, `structure`, `targetTypeId`, `usability`, `useRadius`, `validLocations`, `value`, `workmanship`, `animationFrameId`, `defaultScript`, `defaultScriptIntensity`, `elasticity`, `friction`, `locationId`, `modelTableId`, `objectScale`, `physicsBitField`, `physicsTableId`, `motionTableId`, `soundTableId`, `physicsState`, `translucency`)
VALUES (33247, 'Essence Chambers', 65536, 0, 0, 0, 262164, 0, 0, 0, 0, 0, 0, 8388656, 0, 100667499, 0, 0, 0, 0, 0, 0, 0, 0, 4, 0, 0, 0, 0, 0, 32, 0.1, 0, 0, 0, 0, 0, 0, 0, 0, 0, 33556212, 0, 98307, 0, 150994947, 0, 3092, 0);

INSERT INTO weenie_class (`weenieClassId`, `baseAceObjectId`)
VALUES (33247, 33247);

INSERT INTO `base_ace_object` (`baseAceObjectId`, `name`, `typeId`, `paletteId`, `ammoType`, `blipColor`, `bitField`, `burden`, `combatUse`, `cooldownDuration`, `cooldownId`, `effects`, `containersCapacity`, `header`, `hookTypeId`, `iconId`, `iconOverlayId`, `iconUnderlayId`, `hookItemTypes`, `itemsCapacity`, `location`, `materialType`, `maxStackSize`, `maxStructure`, `radar`, `pscript`, `spellId`, `stackSize`, `structure`, `targetTypeId`, `usability`, `useRadius`, `validLocations`, `value`, `workmanship`, `animationFrameId`, `defaultScript`, `defaultScriptIntensity`, `elasticity`, `friction`, `locationId`, `modelTableId`, `objectScale`, `physicsBitField`, `physicsTableId`, `motionTableId`, `soundTableId`, `physicsState`, `translucency`)
VALUES (51367, 'Antechamber', 65536, 0, 0, 0, 262164, 0, 0, 0, 0, 0, 0, 8388656, 0, 100667499, 0, 0, 0, 0, 0, 0, 0, 0, 4, 0, 0, 0, 0, 0, 32, -0.1, 0, 0, 0, 0, 0, 0, 0, 0, 0, 33554867, 0, 98307, 0, 150994947, 0, 3084, 0);

INSERT INTO weenie_class (`weenieClassId`, `baseAceObjectId`)
VALUES (51367, 51367);

INSERT INTO `base_ace_object` (`baseAceObjectId`, `name`, `typeId`, `paletteId`, `ammoType`, `blipColor`, `bitField`, `burden`, `combatUse`, `cooldownDuration`, `cooldownId`, `effects`, `containersCapacity`, `header`, `hookTypeId`, `iconId`, `iconOverlayId`, `iconUnderlayId`, `hookItemTypes`, `itemsCapacity`, `location`, `materialType`, `maxStackSize`, `maxStructure`, `radar`, `pscript`, `spellId`, `stackSize`, `structure`, `targetTypeId`, `usability`, `useRadius`, `validLocations`, `value`, `workmanship`, `animationFrameId`, `defaultScript`, `defaultScriptIntensity`, `elasticity`, `friction`, `locationId`, `modelTableId`, `objectScale`, `physicsBitField`, `physicsTableId`, `motionTableId`, `soundTableId`, `physicsState`, `translucency`)
VALUES (51320, 'Surface', 65536, 0, 0, 0, 262164, 0, 0, 0, 0, 0, 0, 8388656, 0, 100667499, 0, 0, 0, 0, 0, 0, 0, 0, 4, 0, 0, 0, 0, 0, 32, -0.1, 0, 0, 0, 0, 0, 0, 0, 0, 0, 33554867, 0, 98307, 0, 150994947, 0, 3084, 0);

INSERT INTO weenie_class (`weenieClassId`, `baseAceObjectId`)
VALUES (51320, 51320);

INSERT INTO `base_ace_object` (`baseAceObjectId`, `name`, `typeId`, `paletteId`, `ammoType`, `blipColor`, `bitField`, `burden`, `combatUse`, `cooldownDuration`, `cooldownId`, `effects`, `containersCapacity`, `header`, `hookTypeId`, `iconId`, `iconOverlayId`, `iconUnderlayId`, `hookItemTypes`, `itemsCapacity`, `location`, `materialType`, `maxStackSize`, `maxStructure`, `radar`, `pscript`, `spellId`, `stackSize`, `structure`, `targetTypeId`, `usability`, `useRadius`, `validLocations`, `value`, `workmanship`, `animationFrameId`, `defaultScript`, `defaultScriptIntensity`, `elasticity`, `friction`, `locationId`, `modelTableId`, `objectScale`, `physicsBitField`, `physicsTableId`, `motionTableId`, `soundTableId`, `physicsState`, `translucency`)
VALUES (51369, 'Testing Grounds', 65536, 0, 0, 0, 262164, 0, 0, 0, 0, 0, 0, 8388656, 0, 100667499, 0, 0, 0, 0, 0, 0, 0, 0, 4, 0, 0, 0, 0, 0, 32, -0.1, 0, 0, 0, 0, 0, 0, 0, 0, 0, 33555925, 0, 98307, 0, 150994947, 0, 3084, 0);

INSERT INTO weenie_class (`weenieClassId`, `baseAceObjectId`)
VALUES (51369, 51369);

INSERT INTO `base_ace_object` (`baseAceObjectId`, `name`, `typeId`, `paletteId`, `ammoType`, `blipColor`, `bitField`, `burden`, `combatUse`, `cooldownDuration`, `cooldownId`, `effects`, `containersCapacity`, `header`, `hookTypeId`, `iconId`, `iconOverlayId`, `iconUnderlayId`, `hookItemTypes`, `itemsCapacity`, `location`, `materialType`, `maxStackSize`, `maxStructure`, `radar`, `pscript`, `spellId`, `stackSize`, `structure`, `targetTypeId`, `usability`, `useRadius`, `validLocations`, `value`, `workmanship`, `animationFrameId`, `defaultScript`, `defaultScriptIntensity`, `elasticity`, `friction`, `locationId`, `modelTableId`, `objectScale`, `physicsBitField`, `physicsTableId`, `motionTableId`, `soundTableId`, `physicsState`, `translucency`)
VALUES (51368, 'Laboratory', 65536, 0, 0, 0, 262164, 0, 0, 0, 0, 0, 0, 8388656, 0, 100667499, 0, 0, 0, 0, 0, 0, 0, 0, 4, 0, 0, 0, 0, 0, 32, -0.1, 0, 0, 0, 0, 0, 0, 0, 0, 0, 33555925, 0, 98307, 0, 150994947, 0, 3084, 0);

INSERT INTO weenie_class (`weenieClassId`, `baseAceObjectId`)
VALUES (51368, 51368);

INSERT INTO `base_ace_object` (`baseAceObjectId`, `name`, `typeId`, `paletteId`, `ammoType`, `blipColor`, `bitField`, `burden`, `combatUse`, `cooldownDuration`, `cooldownId`, `effects`, `containersCapacity`, `header`, `hookTypeId`, `iconId`, `iconOverlayId`, `iconUnderlayId`, `hookItemTypes`, `itemsCapacity`, `location`, `materialType`, `maxStackSize`, `maxStructure`, `radar`, `pscript`, `spellId`, `stackSize`, `structure`, `targetTypeId`, `usability`, `useRadius`, `validLocations`, `value`, `workmanship`, `animationFrameId`, `defaultScript`, `defaultScriptIntensity`, `elasticity`, `friction`, `locationId`, `modelTableId`, `objectScale`, `physicsBitField`, `physicsTableId`, `motionTableId`, `soundTableId`, `physicsState`, `translucency`)
VALUES (51426, 'Surface', 65536, 0, 0, 0, 262164, 0, 0, 0, 0, 0, 0, 8388656, 0, 100667499, 0, 0, 0, 0, 0, 0, 0, 0, 4, 0, 0, 0, 0, 0, 32, -0.1, 0, 0, 0, 0, 0, 0, 0, 0, 0, 33554867, 0, 98307, 0, 150994947, 0, 3084, 0);

INSERT INTO weenie_class (`weenieClassId`, `baseAceObjectId`)
VALUES (51426, 51426);

INSERT INTO `base_ace_object` (`baseAceObjectId`, `name`, `typeId`, `paletteId`, `ammoType`, `blipColor`, `bitField`, `burden`, `combatUse`, `cooldownDuration`, `cooldownId`, `effects`, `containersCapacity`, `header`, `hookTypeId`, `iconId`, `iconOverlayId`, `iconUnderlayId`, `hookItemTypes`, `itemsCapacity`, `location`, `materialType`, `maxStackSize`, `maxStructure`, `radar`, `pscript`, `spellId`, `stackSize`, `structure`, `targetTypeId`, `usability`, `useRadius`, `validLocations`, `value`, `workmanship`, `animationFrameId`, `defaultScript`, `defaultScriptIntensity`, `elasticity`, `friction`, `locationId`, `modelTableId`, `objectScale`, `physicsBitField`, `physicsTableId`, `motionTableId`, `soundTableId`, `physicsState`, `translucency`)
VALUES (19726, 'Arcanum Research Facility', 65536, 0, 0, 0, 262164, 0, 0, 0, 0, 0, 0, 8388656, 0, 100667499, 0, 0, 0, 0, 0, 0, 0, 0, 4, 0, 0, 0, 0, 0, 32, -0.1, 0, 0, 0, 0, 0, 0, 0, 0, 0, 33555923, 0, 98307, 0, 150994947, 0, 3084, 0);

INSERT INTO weenie_class (`weenieClassId`, `baseAceObjectId`)
VALUES (19726, 19726);

INSERT INTO `base_ace_object` (`baseAceObjectId`, `name`, `typeId`, `paletteId`, `ammoType`, `blipColor`, `bitField`, `burden`, `combatUse`, `cooldownDuration`, `cooldownId`, `effects`, `containersCapacity`, `header`, `hookTypeId`, `iconId`, `iconOverlayId`, `iconUnderlayId`, `hookItemTypes`, `itemsCapacity`, `location`, `materialType`, `maxStackSize`, `maxStructure`, `radar`, `pscript`, `spellId`, `stackSize`, `structure`, `targetTypeId`, `usability`, `useRadius`, `validLocations`, `value`, `workmanship`, `animationFrameId`, `defaultScript`, `defaultScriptIntensity`, `elasticity`, `friction`, `locationId`, `modelTableId`, `objectScale`, `physicsBitField`, `physicsTableId`, `motionTableId`, `soundTableId`, `physicsState`, `translucency`)
VALUES (19727, 'Surface', 65536, 0, 0, 0, 262164, 0, 0, 0, 0, 0, 0, 8388656, 0, 100667499, 0, 0, 0, 0, 0, 0, 0, 0, 4, 0, 0, 0, 0, 0, 32, -0.1, 0, 0, 0, 0, 0, 0, 0, 0, 0, 33554867, 0, 98307, 0, 150994947, 0, 3084, 0);

INSERT INTO weenie_class (`weenieClassId`, `baseAceObjectId`)
VALUES (19727, 19727);

INSERT INTO `base_ace_object` (`baseAceObjectId`, `name`, `typeId`, `paletteId`, `ammoType`, `blipColor`, `bitField`, `burden`, `combatUse`, `cooldownDuration`, `cooldownId`, `effects`, `containersCapacity`, `header`, `hookTypeId`, `iconId`, `iconOverlayId`, `iconUnderlayId`, `hookItemTypes`, `itemsCapacity`, `location`, `materialType`, `maxStackSize`, `maxStructure`, `radar`, `pscript`, `spellId`, `stackSize`, `structure`, `targetTypeId`, `usability`, `useRadius`, `validLocations`, `value`, `workmanship`, `animationFrameId`, `defaultScript`, `defaultScriptIntensity`, `elasticity`, `friction`, `locationId`, `modelTableId`, `objectScale`, `physicsBitField`, `physicsTableId`, `motionTableId`, `soundTableId`, `physicsState`, `translucency`)
VALUES (28267, 'Banderling Hovel', 65536, 0, 0, 0, 262164, 0, 0, 0, 0, 0, 0, 8388656, 0, 100667499, 0, 0, 0, 0, 0, 0, 0, 0, 4, 0, 0, 0, 0, 0, 32, -0.1, 0, 0, 0, 0, 0, 0, 0, 0, 0, 33555922, 0, 98307, 0, 150994947, 0, 3084, 0);

INSERT INTO weenie_class (`weenieClassId`, `baseAceObjectId`)
VALUES (28267, 28267);

INSERT INTO `base_ace_object` (`baseAceObjectId`, `name`, `typeId`, `paletteId`, `ammoType`, `blipColor`, `bitField`, `burden`, `combatUse`, `cooldownDuration`, `cooldownId`, `effects`, `containersCapacity`, `header`, `hookTypeId`, `iconId`, `iconOverlayId`, `iconUnderlayId`, `hookItemTypes`, `itemsCapacity`, `location`, `materialType`, `maxStackSize`, `maxStructure`, `radar`, `pscript`, `spellId`, `stackSize`, `structure`, `targetTypeId`, `usability`, `useRadius`, `validLocations`, `value`, `workmanship`, `animationFrameId`, `defaultScript`, `defaultScriptIntensity`, `elasticity`, `friction`, `locationId`, `modelTableId`, `objectScale`, `physicsBitField`, `physicsTableId`, `motionTableId`, `soundTableId`, `physicsState`, `translucency`)
VALUES (12484, 'Chi Zou Cottages Portal', 65536, 0, 0, 0, 262164, 0, 0, 0, 0, 0, 0, 8388656, 0, 100667499, 0, 0, 0, 0, 0, 0, 0, 0, 4, 0, 0, 0, 0, 0, 32, -0.1, 0, 0, 0, 0, 0, 0, 0, 0, 0, 33554867, 0, 98307, 0, 150994947, 0, 3084, 0);

INSERT INTO weenie_class (`weenieClassId`, `baseAceObjectId`)
VALUES (12484, 12484);

INSERT INTO `base_ace_object` (`baseAceObjectId`, `name`, `typeId`, `paletteId`, `ammoType`, `blipColor`, `bitField`, `burden`, `combatUse`, `cooldownDuration`, `cooldownId`, `effects`, `containersCapacity`, `header`, `hookTypeId`, `iconId`, `iconOverlayId`, `iconUnderlayId`, `hookItemTypes`, `itemsCapacity`, `location`, `materialType`, `maxStackSize`, `maxStructure`, `radar`, `pscript`, `spellId`, `stackSize`, `structure`, `targetTypeId`, `usability`, `useRadius`, `validLocations`, `value`, `workmanship`, `animationFrameId`, `defaultScript`, `defaultScriptIntensity`, `elasticity`, `friction`, `locationId`, `modelTableId`, `objectScale`, `physicsBitField`, `physicsTableId`, `motionTableId`, `soundTableId`, `physicsState`, `translucency`)
VALUES (12468, 'Aimaru Plains Cottages Portal', 65536, 0, 0, 0, 262164, 0, 0, 0, 0, 0, 0, 8388656, 0, 100667499, 0, 0, 0, 0, 0, 0, 0, 0, 4, 0, 0, 0, 0, 0, 32, -0.1, 0, 0, 0, 0, 0, 0, 0, 0, 0, 33554867, 0, 98307, 0, 150994947, 0, 3084, 0);

INSERT INTO weenie_class (`weenieClassId`, `baseAceObjectId`)
VALUES (12468, 12468);

INSERT INTO `base_ace_object` (`baseAceObjectId`, `name`, `typeId`, `paletteId`, `ammoType`, `blipColor`, `bitField`, `burden`, `combatUse`, `cooldownDuration`, `cooldownId`, `effects`, `containersCapacity`, `header`, `hookTypeId`, `iconId`, `iconOverlayId`, `iconUnderlayId`, `hookItemTypes`, `itemsCapacity`, `location`, `materialType`, `maxStackSize`, `maxStructure`, `radar`, `pscript`, `spellId`, `stackSize`, `structure`, `targetTypeId`, `usability`, `useRadius`, `validLocations`, `value`, `workmanship`, `animationFrameId`, `defaultScript`, `defaultScriptIntensity`, `elasticity`, `friction`, `locationId`, `modelTableId`, `objectScale`, `physicsBitField`, `physicsTableId`, `motionTableId`, `soundTableId`, `physicsState`, `translucency`)
VALUES (12522, 'Mosswart Place Cottages Portal', 65536, 0, 0, 0, 262164, 0, 0, 0, 0, 0, 0, 8388656, 0, 100667499, 0, 0, 0, 0, 0, 0, 0, 0, 4, 0, 0, 0, 0, 0, 32, -0.1, 0, 0, 0, 0, 0, 0, 0, 0, 0, 33554867, 0, 98307, 0, 150994947, 0, 3084, 0);

INSERT INTO weenie_class (`weenieClassId`, `baseAceObjectId`)
VALUES (12522, 12522);

INSERT INTO `base_ace_object` (`baseAceObjectId`, `name`, `typeId`, `paletteId`, `ammoType`, `blipColor`, `bitField`, `burden`, `combatUse`, `cooldownDuration`, `cooldownId`, `effects`, `containersCapacity`, `header`, `hookTypeId`, `iconId`, `iconOverlayId`, `iconUnderlayId`, `hookItemTypes`, `itemsCapacity`, `location`, `materialType`, `maxStackSize`, `maxStructure`, `radar`, `pscript`, `spellId`, `stackSize`, `structure`, `targetTypeId`, `usability`, `useRadius`, `validLocations`, `value`, `workmanship`, `animationFrameId`, `defaultScript`, `defaultScriptIntensity`, `elasticity`, `friction`, `locationId`, `modelTableId`, `objectScale`, `physicsBitField`, `physicsTableId`, `motionTableId`, `soundTableId`, `physicsState`, `translucency`)
VALUES (13127, 'Shou-Zin Portal', 65536, 0, 0, 0, 262164, 0, 0, 0, 0, 0, 0, 8388656, 0, 100667499, 0, 0, 0, 0, 0, 0, 0, 0, 4, 0, 0, 0, 0, 0, 32, -0.1, 0, 0, 0, 0, 0, 0, 0, 0, 0, 33554867, 0, 98307, 0, 150994947, 0, 3084, 0);

INSERT INTO weenie_class (`weenieClassId`, `baseAceObjectId`)
VALUES (13127, 13127);

INSERT INTO `base_ace_object` (`baseAceObjectId`, `name`, `typeId`, `paletteId`, `ammoType`, `blipColor`, `bitField`, `burden`, `combatUse`, `cooldownDuration`, `cooldownId`, `effects`, `containersCapacity`, `header`, `hookTypeId`, `iconId`, `iconOverlayId`, `iconUnderlayId`, `hookItemTypes`, `itemsCapacity`, `location`, `materialType`, `maxStackSize`, `maxStructure`, `radar`, `pscript`, `spellId`, `stackSize`, `structure`, `targetTypeId`, `usability`, `useRadius`, `validLocations`, `value`, `workmanship`, `animationFrameId`, `defaultScript`, `defaultScriptIntensity`, `elasticity`, `friction`, `locationId`, `modelTableId`, `objectScale`, `physicsBitField`, `physicsTableId`, `motionTableId`, `soundTableId`, `physicsState`, `translucency`)
VALUES (19719, 'Fathomless Chasm', 65536, 0, 0, 0, 262164, 0, 0, 0, 0, 0, 0, 8388656, 0, 100667499, 0, 0, 0, 0, 0, 0, 0, 0, 4, 0, 0, 0, 0, 0, 32, -0.1, 0, 0, 0, 0, 0, 0, 0, 0, 0, 33555923, 0, 98307, 0, 150994947, 0, 3084, 0);

INSERT INTO weenie_class (`weenieClassId`, `baseAceObjectId`)
VALUES (19719, 19719);

INSERT INTO `base_ace_object` (`baseAceObjectId`, `name`, `typeId`, `paletteId`, `ammoType`, `blipColor`, `bitField`, `burden`, `combatUse`, `cooldownDuration`, `cooldownId`, `effects`, `containersCapacity`, `header`, `hookTypeId`, `iconId`, `iconOverlayId`, `iconUnderlayId`, `hookItemTypes`, `itemsCapacity`, `location`, `materialType`, `maxStackSize`, `maxStructure`, `radar`, `pscript`, `spellId`, `stackSize`, `structure`, `targetTypeId`, `usability`, `useRadius`, `validLocations`, `value`, `workmanship`, `animationFrameId`, `defaultScript`, `defaultScriptIntensity`, `elasticity`, `friction`, `locationId`, `modelTableId`, `objectScale`, `physicsBitField`, `physicsTableId`, `motionTableId`, `soundTableId`, `physicsState`, `translucency`)
VALUES (19723, 'Fathomless Chasm Devex', 65536, 0, 0, 0, 262164, 0, 0, 0, 0, 0, 0, 8388656, 0, 100667499, 0, 0, 0, 0, 0, 0, 0, 0, 4, 0, 0, 0, 0, 0, 32, -0.1, 0, 0, 0, 0, 0, 0, 0, 0, 0, 33555922, 0, 98307, 0, 150994947, 0, 3084, 0);

INSERT INTO weenie_class (`weenieClassId`, `baseAceObjectId`)
VALUES (19723, 19723);

INSERT INTO `base_ace_object` (`baseAceObjectId`, `name`, `typeId`, `paletteId`, `ammoType`, `blipColor`, `bitField`, `burden`, `combatUse`, `cooldownDuration`, `cooldownId`, `effects`, `containersCapacity`, `header`, `hookTypeId`, `iconId`, `iconOverlayId`, `iconUnderlayId`, `hookItemTypes`, `itemsCapacity`, `location`, `materialType`, `maxStackSize`, `maxStructure`, `radar`, `pscript`, `spellId`, `stackSize`, `structure`, `targetTypeId`, `usability`, `useRadius`, `validLocations`, `value`, `workmanship`, `animationFrameId`, `defaultScript`, `defaultScriptIntensity`, `elasticity`, `friction`, `locationId`, `modelTableId`, `objectScale`, `physicsBitField`, `physicsTableId`, `motionTableId`, `soundTableId`, `physicsState`, `translucency`)
VALUES (19721, 'Fathomless Chasm Clough', 65536, 0, 0, 0, 262164, 0, 0, 0, 0, 0, 0, 8388656, 0, 100667499, 0, 0, 0, 0, 0, 0, 0, 0, 4, 0, 0, 0, 0, 0, 32, -0.1, 0, 0, 0, 0, 0, 0, 0, 0, 0, 33555923, 0, 98307, 0, 150994947, 0, 3084, 0);

INSERT INTO weenie_class (`weenieClassId`, `baseAceObjectId`)
VALUES (19721, 19721);

INSERT INTO `base_ace_object` (`baseAceObjectId`, `name`, `typeId`, `paletteId`, `ammoType`, `blipColor`, `bitField`, `burden`, `combatUse`, `cooldownDuration`, `cooldownId`, `effects`, `containersCapacity`, `header`, `hookTypeId`, `iconId`, `iconOverlayId`, `iconUnderlayId`, `hookItemTypes`, `itemsCapacity`, `location`, `materialType`, `maxStackSize`, `maxStructure`, `radar`, `pscript`, `spellId`, `stackSize`, `structure`, `targetTypeId`, `usability`, `useRadius`, `validLocations`, `value`, `workmanship`, `animationFrameId`, `defaultScript`, `defaultScriptIntensity`, `elasticity`, `friction`, `locationId`, `modelTableId`, `objectScale`, `physicsBitField`, `physicsTableId`, `motionTableId`, `soundTableId`, `physicsState`, `translucency`)
VALUES (19720, 'Fathomless Chasm Abyss', 65536, 0, 0, 0, 262164, 0, 0, 0, 0, 0, 0, 8388656, 0, 100667499, 0, 0, 0, 0, 0, 0, 0, 0, 4, 0, 0, 0, 0, 0, 32, -0.1, 0, 0, 0, 0, 0, 0, 0, 0, 0, 33555925, 0, 98307, 0, 150994947, 0, 3084, 0);

INSERT INTO weenie_class (`weenieClassId`, `baseAceObjectId`)
VALUES (19720, 19720);

INSERT INTO `base_ace_object` (`baseAceObjectId`, `name`, `typeId`, `paletteId`, `ammoType`, `blipColor`, `bitField`, `burden`, `combatUse`, `cooldownDuration`, `cooldownId`, `effects`, `containersCapacity`, `header`, `hookTypeId`, `iconId`, `iconOverlayId`, `iconUnderlayId`, `hookItemTypes`, `itemsCapacity`, `location`, `materialType`, `maxStackSize`, `maxStructure`, `radar`, `pscript`, `spellId`, `stackSize`, `structure`, `targetTypeId`, `usability`, `useRadius`, `validLocations`, `value`, `workmanship`, `animationFrameId`, `defaultScript`, `defaultScriptIntensity`, `elasticity`, `friction`, `locationId`, `modelTableId`, `objectScale`, `physicsBitField`, `physicsTableId`, `motionTableId`, `soundTableId`, `physicsState`, `translucency`)
VALUES (19724, 'Surface', 65536, 0, 0, 0, 262164, 0, 0, 0, 0, 0, 0, 8388656, 0, 100667499, 0, 0, 0, 0, 0, 0, 0, 0, 4, 0, 0, 0, 0, 0, 32, -0.1, 0, 0, 0, 0, 0, 0, 0, 0, 0, 33554867, 0, 98307, 0, 150994947, 0, 3084, 0);

INSERT INTO weenie_class (`weenieClassId`, `baseAceObjectId`)
VALUES (19724, 19724);

INSERT INTO `base_ace_object` (`baseAceObjectId`, `name`, `typeId`, `paletteId`, `ammoType`, `blipColor`, `bitField`, `burden`, `combatUse`, `cooldownDuration`, `cooldownId`, `effects`, `containersCapacity`, `header`, `hookTypeId`, `iconId`, `iconOverlayId`, `iconUnderlayId`, `hookItemTypes`, `itemsCapacity`, `location`, `materialType`, `maxStackSize`, `maxStructure`, `radar`, `pscript`, `spellId`, `stackSize`, `structure`, `targetTypeId`, `usability`, `useRadius`, `validLocations`, `value`, `workmanship`, `animationFrameId`, `defaultScript`, `defaultScriptIntensity`, `elasticity`, `friction`, `locationId`, `modelTableId`, `objectScale`, `physicsBitField`, `physicsTableId`, `motionTableId`, `soundTableId`, `physicsState`, `translucency`)
VALUES (15675, 'Harmonious Blade Cottages Portal', 65536, 0, 0, 0, 262164, 0, 0, 0, 0, 0, 0, 8388656, 0, 100667499, 0, 0, 0, 0, 0, 0, 0, 0, 4, 0, 0, 0, 0, 0, 32, -0.1, 0, 0, 0, 0, 0, 0, 0, 0, 0, 33554867, 0, 98307, 0, 150994947, 0, 3084, 0);

INSERT INTO weenie_class (`weenieClassId`, `baseAceObjectId`)
VALUES (15675, 15675);

INSERT INTO `base_ace_object` (`baseAceObjectId`, `name`, `typeId`, `paletteId`, `ammoType`, `blipColor`, `bitField`, `burden`, `combatUse`, `cooldownDuration`, `cooldownId`, `effects`, `containersCapacity`, `header`, `hookTypeId`, `iconId`, `iconOverlayId`, `iconUnderlayId`, `hookItemTypes`, `itemsCapacity`, `location`, `materialType`, `maxStackSize`, `maxStructure`, `radar`, `pscript`, `spellId`, `stackSize`, `structure`, `targetTypeId`, `usability`, `useRadius`, `validLocations`, `value`, `workmanship`, `animationFrameId`, `defaultScript`, `defaultScriptIntensity`, `elasticity`, `friction`, `locationId`, `modelTableId`, `objectScale`, `physicsBitField`, `physicsTableId`, `motionTableId`, `soundTableId`, `physicsState`, `translucency`)
VALUES (15680, 'Peril''s Edge Cottages Portal', 65536, 0, 0, 0, 262164, 0, 0, 0, 0, 0, 0, 8388656, 0, 100667499, 0, 0, 0, 0, 0, 0, 0, 0, 4, 0, 0, 0, 0, 0, 32, -0.1, 0, 0, 0, 0, 0, 0, 0, 0, 0, 33554867, 0, 98307, 0, 150994947, 0, 3084, 0);

INSERT INTO weenie_class (`weenieClassId`, `baseAceObjectId`)
VALUES (15680, 15680);

INSERT INTO `base_ace_object` (`baseAceObjectId`, `name`, `typeId`, `paletteId`, `ammoType`, `blipColor`, `bitField`, `burden`, `combatUse`, `cooldownDuration`, `cooldownId`, `effects`, `containersCapacity`, `header`, `hookTypeId`, `iconId`, `iconOverlayId`, `iconUnderlayId`, `hookItemTypes`, `itemsCapacity`, `location`, `materialType`, `maxStackSize`, `maxStructure`, `radar`, `pscript`, `spellId`, `stackSize`, `structure`, `targetTypeId`, `usability`, `useRadius`, `validLocations`, `value`, `workmanship`, `animationFrameId`, `defaultScript`, `defaultScriptIntensity`, `elasticity`, `friction`, `locationId`, `modelTableId`, `objectScale`, `physicsBitField`, `physicsTableId`, `motionTableId`, `soundTableId`, `physicsState`, `translucency`)
VALUES (15152, 'Direvale Villas Portal', 65536, 0, 0, 0, 262164, 0, 0, 0, 0, 0, 0, 8388656, 0, 100667499, 0, 0, 0, 0, 0, 0, 0, 0, 4, 0, 0, 0, 0, 0, 32, -0.1, 0, 0, 0, 0, 0, 0, 0, 0, 0, 33554867, 0, 98307, 0, 150994947, 0, 3084, 0);

INSERT INTO weenie_class (`weenieClassId`, `baseAceObjectId`)
VALUES (15152, 15152);

INSERT INTO `base_ace_object` (`baseAceObjectId`, `name`, `typeId`, `paletteId`, `ammoType`, `blipColor`, `bitField`, `burden`, `combatUse`, `cooldownDuration`, `cooldownId`, `effects`, `containersCapacity`, `header`, `hookTypeId`, `iconId`, `iconOverlayId`, `iconUnderlayId`, `hookItemTypes`, `itemsCapacity`, `location`, `materialType`, `maxStackSize`, `maxStructure`, `radar`, `pscript`, `spellId`, `stackSize`, `structure`, `targetTypeId`, `usability`, `useRadius`, `validLocations`, `value`, `workmanship`, `animationFrameId`, `defaultScript`, `defaultScriptIntensity`, `elasticity`, `friction`, `locationId`, `modelTableId`, `objectScale`, `physicsBitField`, `physicsTableId`, `motionTableId`, `soundTableId`, `physicsState`, `translucency`)
VALUES (15146, 'Brazenn Domain Portal', 65536, 0, 0, 0, 262164, 0, 0, 0, 0, 0, 0, 8388656, 0, 100667499, 0, 0, 0, 0, 0, 0, 0, 0, 4, 0, 0, 0, 0, 0, 32, -0.1, 0, 0, 0, 0, 0, 0, 0, 0, 0, 33554867, 0, 98307, 0, 150994947, 0, 3084, 0);

INSERT INTO weenie_class (`weenieClassId`, `baseAceObjectId`)
VALUES (15146, 15146);

INSERT INTO `base_ace_object` (`baseAceObjectId`, `name`, `typeId`, `paletteId`, `ammoType`, `blipColor`, `bitField`, `burden`, `combatUse`, `cooldownDuration`, `cooldownId`, `effects`, `containersCapacity`, `header`, `hookTypeId`, `iconId`, `iconOverlayId`, `iconUnderlayId`, `hookItemTypes`, `itemsCapacity`, `location`, `materialType`, `maxStackSize`, `maxStructure`, `radar`, `pscript`, `spellId`, `stackSize`, `structure`, `targetTypeId`, `usability`, `useRadius`, `validLocations`, `value`, `workmanship`, `animationFrameId`, `defaultScript`, `defaultScriptIntensity`, `elasticity`, `friction`, `locationId`, `modelTableId`, `objectScale`, `physicsBitField`, `physicsTableId`, `motionTableId`, `soundTableId`, `physicsState`, `translucency`)
VALUES (14641, 'Lake Thrasyl Cottages Portal', 65536, 0, 0, 0, 262164, 0, 0, 0, 0, 0, 0, 8388656, 0, 100667499, 0, 0, 0, 0, 0, 0, 0, 0, 4, 0, 0, 0, 0, 0, 32, -0.1, 0, 0, 0, 0, 0, 0, 0, 0, 0, 33554867, 0, 98307, 0, 150994947, 0, 3084, 0);

INSERT INTO weenie_class (`weenieClassId`, `baseAceObjectId`)
VALUES (14641, 14641);

INSERT INTO `base_ace_object` (`baseAceObjectId`, `name`, `typeId`, `paletteId`, `ammoType`, `blipColor`, `bitField`, `burden`, `combatUse`, `cooldownDuration`, `cooldownId`, `effects`, `containersCapacity`, `header`, `hookTypeId`, `iconId`, `iconOverlayId`, `iconUnderlayId`, `hookItemTypes`, `itemsCapacity`, `location`, `materialType`, `maxStackSize`, `maxStructure`, `radar`, `pscript`, `spellId`, `stackSize`, `structure`, `targetTypeId`, `usability`, `useRadius`, `validLocations`, `value`, `workmanship`, `animationFrameId`, `defaultScript`, `defaultScriptIntensity`, `elasticity`, `friction`, `locationId`, `modelTableId`, `objectScale`, `physicsBitField`, `physicsTableId`, `motionTableId`, `soundTableId`, `physicsState`, `translucency`)
VALUES (13110, 'Ishilai Inlet Villas Portal', 65536, 0, 0, 0, 262164, 0, 0, 0, 0, 0, 0, 8388656, 0, 100667499, 0, 0, 0, 0, 0, 0, 0, 0, 4, 0, 0, 0, 0, 0, 32, -0.1, 0, 0, 0, 0, 0, 0, 0, 0, 0, 33554867, 0, 98307, 0, 150994947, 0, 3084, 0);

INSERT INTO weenie_class (`weenieClassId`, `baseAceObjectId`)
VALUES (13110, 13110);

INSERT INTO `base_ace_object` (`baseAceObjectId`, `name`, `typeId`, `paletteId`, `ammoType`, `blipColor`, `bitField`, `burden`, `combatUse`, `cooldownDuration`, `cooldownId`, `effects`, `containersCapacity`, `header`, `hookTypeId`, `iconId`, `iconOverlayId`, `iconUnderlayId`, `hookItemTypes`, `itemsCapacity`, `location`, `materialType`, `maxStackSize`, `maxStructure`, `radar`, `pscript`, `spellId`, `stackSize`, `structure`, `targetTypeId`, `usability`, `useRadius`, `validLocations`, `value`, `workmanship`, `animationFrameId`, `defaultScript`, `defaultScriptIntensity`, `elasticity`, `friction`, `locationId`, `modelTableId`, `objectScale`, `physicsBitField`, `physicsTableId`, `motionTableId`, `soundTableId`, `physicsState`, `translucency`)
VALUES (12569, 'Yukikaze  Portal', 65536, 0, 0, 0, 262164, 0, 0, 0, 0, 0, 0, 8388656, 0, 100667499, 0, 0, 0, 0, 0, 0, 0, 0, 4, 0, 0, 0, 0, 0, 32, -0.1, 0, 0, 0, 0, 0, 0, 0, 0, 0, 33554867, 0, 98307, 0, 150994947, 0, 3084, 0);

INSERT INTO weenie_class (`weenieClassId`, `baseAceObjectId`)
VALUES (12569, 12569);

INSERT INTO `base_ace_object` (`baseAceObjectId`, `name`, `typeId`, `paletteId`, `ammoType`, `blipColor`, `bitField`, `burden`, `combatUse`, `cooldownDuration`, `cooldownId`, `effects`, `containersCapacity`, `header`, `hookTypeId`, `iconId`, `iconOverlayId`, `iconUnderlayId`, `hookItemTypes`, `itemsCapacity`, `location`, `materialType`, `maxStackSize`, `maxStructure`, `radar`, `pscript`, `spellId`, `stackSize`, `structure`, `targetTypeId`, `usability`, `useRadius`, `validLocations`, `value`, `workmanship`, `animationFrameId`, `defaultScript`, `defaultScriptIntensity`, `elasticity`, `friction`, `locationId`, `modelTableId`, `objectScale`, `physicsBitField`, `physicsTableId`, `motionTableId`, `soundTableId`, `physicsState`, `translucency`)
VALUES (14637, 'Ikama Cottages Portal', 65536, 0, 0, 0, 262164, 0, 0, 0, 0, 0, 0, 8388656, 0, 100667499, 0, 0, 0, 0, 0, 0, 0, 0, 4, 0, 0, 0, 0, 0, 32, -0.1, 0, 0, 0, 0, 0, 0, 0, 0, 0, 33554867, 0, 98307, 0, 150994947, 0, 3084, 0);

INSERT INTO weenie_class (`weenieClassId`, `baseAceObjectId`)
VALUES (14637, 14637);

INSERT INTO `base_ace_object` (`baseAceObjectId`, `name`, `typeId`, `paletteId`, `ammoType`, `blipColor`, `bitField`, `burden`, `combatUse`, `cooldownDuration`, `cooldownId`, `effects`, `containersCapacity`, `header`, `hookTypeId`, `iconId`, `iconOverlayId`, `iconUnderlayId`, `hookItemTypes`, `itemsCapacity`, `location`, `materialType`, `maxStackSize`, `maxStructure`, `radar`, `pscript`, `spellId`, `stackSize`, `structure`, `targetTypeId`, `usability`, `useRadius`, `validLocations`, `value`, `workmanship`, `animationFrameId`, `defaultScript`, `defaultScriptIntensity`, `elasticity`, `friction`, `locationId`, `modelTableId`, `objectScale`, `physicsBitField`, `physicsTableId`, `motionTableId`, `soundTableId`, `physicsState`, `translucency`)
VALUES (12548, 'South Adjamaer Cottages Portal', 65536, 0, 0, 0, 262164, 0, 0, 0, 0, 0, 0, 8388656, 0, 100667499, 0, 0, 0, 0, 0, 0, 0, 0, 4, 0, 0, 0, 0, 0, 32, -0.1, 0, 0, 0, 0, 0, 0, 0, 0, 0, 33554867, 0, 98307, 0, 150994947, 0, 3084, 0);

INSERT INTO weenie_class (`weenieClassId`, `baseAceObjectId`)
VALUES (12548, 12548);

INSERT INTO `base_ace_object` (`baseAceObjectId`, `name`, `typeId`, `paletteId`, `ammoType`, `blipColor`, `bitField`, `burden`, `combatUse`, `cooldownDuration`, `cooldownId`, `effects`, `containersCapacity`, `header`, `hookTypeId`, `iconId`, `iconOverlayId`, `iconUnderlayId`, `hookItemTypes`, `itemsCapacity`, `location`, `materialType`, `maxStackSize`, `maxStructure`, `radar`, `pscript`, `spellId`, `stackSize`, `structure`, `targetTypeId`, `usability`, `useRadius`, `validLocations`, `value`, `workmanship`, `animationFrameId`, `defaultScript`, `defaultScriptIntensity`, `elasticity`, `friction`, `locationId`, `modelTableId`, `objectScale`, `physicsBitField`, `physicsTableId`, `motionTableId`, `soundTableId`, `physicsState`, `translucency`)
VALUES (12530, 'Norstead Portal', 65536, 0, 0, 0, 262164, 0, 0, 0, 0, 0, 0, 8388656, 0, 100667499, 0, 0, 0, 0, 0, 0, 0, 0, 4, 0, 0, 0, 0, 0, 32, -0.1, 0, 0, 0, 0, 0, 0, 0, 0, 0, 33554867, 0, 98307, 0, 150994947, 0, 3084, 0);

INSERT INTO weenie_class (`weenieClassId`, `baseAceObjectId`)
VALUES (12530, 12530);

INSERT INTO `base_ace_object` (`baseAceObjectId`, `name`, `typeId`, `paletteId`, `ammoType`, `blipColor`, `bitField`, `burden`, `combatUse`, `cooldownDuration`, `cooldownId`, `effects`, `containersCapacity`, `header`, `hookTypeId`, `iconId`, `iconOverlayId`, `iconUnderlayId`, `hookItemTypes`, `itemsCapacity`, `location`, `materialType`, `maxStackSize`, `maxStructure`, `radar`, `pscript`, `spellId`, `stackSize`, `structure`, `targetTypeId`, `usability`, `useRadius`, `validLocations`, `value`, `workmanship`, `animationFrameId`, `defaultScript`, `defaultScriptIntensity`, `elasticity`, `friction`, `locationId`, `modelTableId`, `objectScale`, `physicsBitField`, `physicsTableId`, `motionTableId`, `soundTableId`, `physicsState`, `translucency`)
VALUES (12506, 'Ishilai Inlet Settlement Portal', 65536, 0, 0, 0, 262164, 0, 0, 0, 0, 0, 0, 8388656, 0, 100667499, 0, 0, 0, 0, 0, 0, 0, 0, 4, 0, 0, 0, 0, 0, 32, -0.1, 0, 0, 0, 0, 0, 0, 0, 0, 0, 33554867, 0, 98307, 0, 150994947, 0, 3084, 0);

INSERT INTO weenie_class (`weenieClassId`, `baseAceObjectId`)
VALUES (12506, 12506);

INSERT INTO `base_ace_object` (`baseAceObjectId`, `name`, `typeId`, `paletteId`, `ammoType`, `blipColor`, `bitField`, `burden`, `combatUse`, `cooldownDuration`, `cooldownId`, `effects`, `containersCapacity`, `header`, `hookTypeId`, `iconId`, `iconOverlayId`, `iconUnderlayId`, `hookItemTypes`, `itemsCapacity`, `location`, `materialType`, `maxStackSize`, `maxStructure`, `radar`, `pscript`, `spellId`, `stackSize`, `structure`, `targetTypeId`, `usability`, `useRadius`, `validLocations`, `value`, `workmanship`, `animationFrameId`, `defaultScript`, `defaultScriptIntensity`, `elasticity`, `friction`, `locationId`, `modelTableId`, `objectScale`, `physicsBitField`, `physicsTableId`, `motionTableId`, `soundTableId`, `physicsState`, `translucency`)
VALUES (12531, 'North Adjamaer Cottages Portal', 65536, 0, 0, 0, 262164, 0, 0, 0, 0, 0, 0, 8388656, 0, 100667499, 0, 0, 0, 0, 0, 0, 0, 0, 4, 0, 0, 0, 0, 0, 32, -0.1, 0, 0, 0, 0, 0, 0, 0, 0, 0, 33554867, 0, 98307, 0, 150994947, 0, 3084, 0);

INSERT INTO weenie_class (`weenieClassId`, `baseAceObjectId`)
VALUES (12531, 12531);

INSERT INTO `base_ace_object` (`baseAceObjectId`, `name`, `typeId`, `paletteId`, `ammoType`, `blipColor`, `bitField`, `burden`, `combatUse`, `cooldownDuration`, `cooldownId`, `effects`, `containersCapacity`, `header`, `hookTypeId`, `iconId`, `iconOverlayId`, `iconUnderlayId`, `hookItemTypes`, `itemsCapacity`, `location`, `materialType`, `maxStackSize`, `maxStructure`, `radar`, `pscript`, `spellId`, `stackSize`, `structure`, `targetTypeId`, `usability`, `useRadius`, `validLocations`, `value`, `workmanship`, `animationFrameId`, `defaultScript`, `defaultScriptIntensity`, `elasticity`, `friction`, `locationId`, `modelTableId`, `objectScale`, `physicsBitField`, `physicsTableId`, `motionTableId`, `soundTableId`, `physicsState`, `translucency`)
VALUES (12290, 'Singular Chorizite Repository', 65536, 0, 0, 0, 262164, 0, 0, 0, 0, 0, 0, 8388656, 0, 100667499, 0, 0, 0, 0, 0, 0, 0, 0, 4, 0, 0, 0, 0, 0, 32, -0.1, 0, 0, 0, 0, 0, 0, 0, 0, 0, 33555923, 0, 98307, 0, 150994947, 0, 3084, 0);

INSERT INTO weenie_class (`weenieClassId`, `baseAceObjectId`)
VALUES (12290, 12290);

INSERT INTO `base_ace_object` (`baseAceObjectId`, `name`, `typeId`, `paletteId`, `ammoType`, `blipColor`, `bitField`, `burden`, `combatUse`, `cooldownDuration`, `cooldownId`, `effects`, `containersCapacity`, `header`, `hookTypeId`, `iconId`, `iconOverlayId`, `iconUnderlayId`, `hookItemTypes`, `itemsCapacity`, `location`, `materialType`, `maxStackSize`, `maxStructure`, `radar`, `pscript`, `spellId`, `stackSize`, `structure`, `targetTypeId`, `usability`, `useRadius`, `validLocations`, `value`, `workmanship`, `animationFrameId`, `defaultScript`, `defaultScriptIntensity`, `elasticity`, `friction`, `locationId`, `modelTableId`, `objectScale`, `physicsBitField`, `physicsTableId`, `motionTableId`, `soundTableId`, `physicsState`, `translucency`)
VALUES (12291, 'Surface Portal', 65536, 0, 0, 0, 262164, 0, 0, 0, 0, 0, 0, 8388656, 0, 100667499, 0, 0, 0, 0, 0, 0, 0, 0, 4, 0, 0, 0, 0, 0, 32, -0.1, 0, 0, 0, 0, 0, 0, 0, 0, 0, 33554867, 0, 98307, 0, 150994947, 0, 3084, 0);

INSERT INTO weenie_class (`weenieClassId`, `baseAceObjectId`)
VALUES (12291, 12291);

INSERT INTO `base_ace_object` (`baseAceObjectId`, `name`, `typeId`, `paletteId`, `ammoType`, `blipColor`, `bitField`, `burden`, `combatUse`, `cooldownDuration`, `cooldownId`, `effects`, `containersCapacity`, `header`, `hookTypeId`, `iconId`, `iconOverlayId`, `iconUnderlayId`, `hookItemTypes`, `itemsCapacity`, `location`, `materialType`, `maxStackSize`, `maxStructure`, `radar`, `pscript`, `spellId`, `stackSize`, `structure`, `targetTypeId`, `usability`, `useRadius`, `validLocations`, `value`, `workmanship`, `animationFrameId`, `defaultScript`, `defaultScriptIntensity`, `elasticity`, `friction`, `locationId`, `modelTableId`, `objectScale`, `physicsBitField`, `physicsTableId`, `motionTableId`, `soundTableId`, `physicsState`, `translucency`)
VALUES (10797, 'Exit', 65536, 0, 0, 0, 262164, 0, 0, 0, 0, 0, 0, 8388656, 0, 100667499, 0, 0, 0, 0, 0, 0, 0, 0, 4, 0, 0, 0, 0, 0, 32, -0.1, 0, 0, 0, 0, 0, 0, 0, 0, 0, 33555925, 0, 98307, 0, 150994947, 0, 3084, 0);

INSERT INTO weenie_class (`weenieClassId`, `baseAceObjectId`)
VALUES (10797, 10797);

INSERT INTO `base_ace_object` (`baseAceObjectId`, `name`, `typeId`, `paletteId`, `ammoType`, `blipColor`, `bitField`, `burden`, `combatUse`, `cooldownDuration`, `cooldownId`, `effects`, `containersCapacity`, `header`, `hookTypeId`, `iconId`, `iconOverlayId`, `iconUnderlayId`, `hookItemTypes`, `itemsCapacity`, `location`, `materialType`, `maxStackSize`, `maxStructure`, `radar`, `pscript`, `spellId`, `stackSize`, `structure`, `targetTypeId`, `usability`, `useRadius`, `validLocations`, `value`, `workmanship`, `animationFrameId`, `defaultScript`, `defaultScriptIntensity`, `elasticity`, `friction`, `locationId`, `modelTableId`, `objectScale`, `physicsBitField`, `physicsTableId`, `motionTableId`, `soundTableId`, `physicsState`, `translucency`)
VALUES (10794, 'Singularity Caul', 65536, 0, 0, 0, 262164, 0, 0, 0, 0, 0, 0, 8388656, 0, 100667499, 0, 0, 0, 0, 0, 0, 0, 0, 4, 0, 0, 0, 0, 0, 32, -0.1, 0, 0, 0, 0, 0, 0, 0, 0, 0, 33555925, 0, 98307, 0, 150994947, 0, 2060, 0);

INSERT INTO weenie_class (`weenieClassId`, `baseAceObjectId`)
VALUES (10794, 10794);

INSERT INTO `base_ace_object` (`baseAceObjectId`, `name`, `typeId`, `paletteId`, `ammoType`, `blipColor`, `bitField`, `burden`, `combatUse`, `cooldownDuration`, `cooldownId`, `effects`, `containersCapacity`, `header`, `hookTypeId`, `iconId`, `iconOverlayId`, `iconUnderlayId`, `hookItemTypes`, `itemsCapacity`, `location`, `materialType`, `maxStackSize`, `maxStructure`, `radar`, `pscript`, `spellId`, `stackSize`, `structure`, `targetTypeId`, `usability`, `useRadius`, `validLocations`, `value`, `workmanship`, `animationFrameId`, `defaultScript`, `defaultScriptIntensity`, `elasticity`, `friction`, `locationId`, `modelTableId`, `objectScale`, `physicsBitField`, `physicsTableId`, `motionTableId`, `soundTableId`, `physicsState`, `translucency`)
VALUES (24471, 'Subterannean Farm', 65536, 0, 0, 0, 262164, 0, 0, 0, 0, 0, 0, 8388656, 0, 100667499, 0, 0, 0, 0, 0, 0, 0, 0, 4, 0, 0, 0, 0, 0, 32, -0.1, 0, 0, 0, 0, 0, 0, 0, 0, 0, 33555923, 0, 98307, 0, 150994947, 0, 3084, 0);

INSERT INTO weenie_class (`weenieClassId`, `baseAceObjectId`)
VALUES (24471, 24471);

INSERT INTO `base_ace_object` (`baseAceObjectId`, `name`, `typeId`, `paletteId`, `ammoType`, `blipColor`, `bitField`, `burden`, `combatUse`, `cooldownDuration`, `cooldownId`, `effects`, `containersCapacity`, `header`, `hookTypeId`, `iconId`, `iconOverlayId`, `iconUnderlayId`, `hookItemTypes`, `itemsCapacity`, `location`, `materialType`, `maxStackSize`, `maxStructure`, `radar`, `pscript`, `spellId`, `stackSize`, `structure`, `targetTypeId`, `usability`, `useRadius`, `validLocations`, `value`, `workmanship`, `animationFrameId`, `defaultScript`, `defaultScriptIntensity`, `elasticity`, `friction`, `locationId`, `modelTableId`, `objectScale`, `physicsBitField`, `physicsTableId`, `motionTableId`, `soundTableId`, `physicsState`, `translucency`)
VALUES (20921, 'Martine''s Study', 65536, 0, 0, 0, 262164, 0, 0, 0, 0, 0, 0, 8388656, 0, 100667499, 0, 0, 0, 0, 0, 0, 0, 0, 4, 0, 0, 0, 0, 0, 32, -0.1, 0, 0, 0, 0, 0, 0, 0, 0, 0, 33554867, 0, 98307, 0, 150994947, 0, 3084, 0);

INSERT INTO weenie_class (`weenieClassId`, `baseAceObjectId`)
VALUES (20921, 20921);

INSERT INTO `base_ace_object` (`baseAceObjectId`, `name`, `typeId`, `paletteId`, `ammoType`, `blipColor`, `bitField`, `burden`, `combatUse`, `cooldownDuration`, `cooldownId`, `effects`, `containersCapacity`, `header`, `hookTypeId`, `iconId`, `iconOverlayId`, `iconUnderlayId`, `hookItemTypes`, `itemsCapacity`, `location`, `materialType`, `maxStackSize`, `maxStructure`, `radar`, `pscript`, `spellId`, `stackSize`, `structure`, `targetTypeId`, `usability`, `useRadius`, `validLocations`, `value`, `workmanship`, `animationFrameId`, `defaultScript`, `defaultScriptIntensity`, `elasticity`, `friction`, `locationId`, `modelTableId`, `objectScale`, `physicsBitField`, `physicsTableId`, `motionTableId`, `soundTableId`, `physicsState`, `translucency`)
VALUES (20920, 'Surface', 65536, 0, 0, 0, 262164, 0, 0, 0, 0, 0, 0, 8388656, 0, 100667499, 0, 0, 0, 0, 0, 0, 0, 0, 4, 0, 0, 0, 0, 0, 32, -0.1, 0, 0, 0, 0, 0, 0, 0, 0, 0, 33554867, 0, 98307, 0, 150994947, 0, 3084, 0);

INSERT INTO weenie_class (`weenieClassId`, `baseAceObjectId`)
VALUES (20920, 20920);

INSERT INTO `base_ace_object` (`baseAceObjectId`, `name`, `typeId`, `paletteId`, `ammoType`, `blipColor`, `bitField`, `burden`, `combatUse`, `cooldownDuration`, `cooldownId`, `effects`, `containersCapacity`, `header`, `hookTypeId`, `iconId`, `iconOverlayId`, `iconUnderlayId`, `hookItemTypes`, `itemsCapacity`, `location`, `materialType`, `maxStackSize`, `maxStructure`, `radar`, `pscript`, `spellId`, `stackSize`, `structure`, `targetTypeId`, `usability`, `useRadius`, `validLocations`, `value`, `workmanship`, `animationFrameId`, `defaultScript`, `defaultScriptIntensity`, `elasticity`, `friction`, `locationId`, `modelTableId`, `objectScale`, `physicsBitField`, `physicsTableId`, `motionTableId`, `soundTableId`, `physicsState`, `translucency`)
VALUES (1335, 'A Drudge Nest', 65536, 0, 0, 0, 262164, 0, 0, 0, 0, 0, 0, 8388656, 0, 100667499, 0, 0, 0, 0, 0, 0, 0, 0, 4, 0, 0, 0, 0, 0, 32, -0.1, 0, 0, 0, 0, 0, 0, 0, 0, 0, 33554867, 0, 98307, 0, 150994947, 0, 3084, 0);

INSERT INTO weenie_class (`weenieClassId`, `baseAceObjectId`)
VALUES (1335, 1335);

INSERT INTO `base_ace_object` (`baseAceObjectId`, `name`, `typeId`, `paletteId`, `ammoType`, `blipColor`, `bitField`, `burden`, `combatUse`, `cooldownDuration`, `cooldownId`, `effects`, `containersCapacity`, `header`, `hookTypeId`, `iconId`, `iconOverlayId`, `iconUnderlayId`, `hookItemTypes`, `itemsCapacity`, `location`, `materialType`, `maxStackSize`, `maxStructure`, `radar`, `pscript`, `spellId`, `stackSize`, `structure`, `targetTypeId`, `usability`, `useRadius`, `validLocations`, `value`, `workmanship`, `animationFrameId`, `defaultScript`, `defaultScriptIntensity`, `elasticity`, `friction`, `locationId`, `modelTableId`, `objectScale`, `physicsBitField`, `physicsTableId`, `motionTableId`, `soundTableId`, `physicsState`, `translucency`)
VALUES (1398, 'Yanshi Tunnel Portal', 65536, 0, 0, 0, 262164, 0, 0, 0, 0, 0, 0, 8388656, 0, 100667499, 0, 0, 0, 0, 0, 0, 0, 0, 4, 0, 0, 0, 0, 0, 32, -0.1, 0, 0, 0, 0, 0, 0, 0, 0, 0, 33554867, 0, 98307, 0, 150994947, 0, 3084, 0);

INSERT INTO weenie_class (`weenieClassId`, `baseAceObjectId`)
VALUES (1398, 1398);

INSERT INTO `base_ace_object` (`baseAceObjectId`, `name`, `typeId`, `paletteId`, `ammoType`, `blipColor`, `bitField`, `burden`, `combatUse`, `cooldownDuration`, `cooldownId`, `effects`, `containersCapacity`, `header`, `hookTypeId`, `iconId`, `iconOverlayId`, `iconUnderlayId`, `hookItemTypes`, `itemsCapacity`, `location`, `materialType`, `maxStackSize`, `maxStructure`, `radar`, `pscript`, `spellId`, `stackSize`, `structure`, `targetTypeId`, `usability`, `useRadius`, `validLocations`, `value`, `workmanship`, `animationFrameId`, `defaultScript`, `defaultScriptIntensity`, `elasticity`, `friction`, `locationId`, `modelTableId`, `objectScale`, `physicsBitField`, `physicsTableId`, `motionTableId`, `soundTableId`, `physicsState`, `translucency`)
VALUES (1091, 'Surface', 65536, 0, 0, 0, 262164, 0, 0, 0, 0, 0, 0, 8388656, 0, 100667499, 0, 0, 0, 0, 0, 0, 0, 0, 4, 0, 0, 0, 0, 0, 32, -0.1, 0, 0, 0, 0, 0, 0, 0, 0, 0, 33554867, 0, 98307, 0, 150994947, 0, 3084, 0);

INSERT INTO weenie_class (`weenieClassId`, `baseAceObjectId`)
VALUES (1091, 1091);

INSERT INTO `base_ace_object` (`baseAceObjectId`, `name`, `typeId`, `paletteId`, `ammoType`, `blipColor`, `bitField`, `burden`, `combatUse`, `cooldownDuration`, `cooldownId`, `effects`, `containersCapacity`, `header`, `hookTypeId`, `iconId`, `iconOverlayId`, `iconUnderlayId`, `hookItemTypes`, `itemsCapacity`, `location`, `materialType`, `maxStackSize`, `maxStructure`, `radar`, `pscript`, `spellId`, `stackSize`, `structure`, `targetTypeId`, `usability`, `useRadius`, `validLocations`, `value`, `workmanship`, `animationFrameId`, `defaultScript`, `defaultScriptIntensity`, `elasticity`, `friction`, `locationId`, `modelTableId`, `objectScale`, `physicsBitField`, `physicsTableId`, `motionTableId`, `soundTableId`, `physicsState`, `translucency`)
VALUES (35820, 'Deeper Catacombs', 65536, 0, 0, 0, 262164, 0, 0, 0, 0, 0, 0, 8388656, 0, 100667499, 0, 0, 0, 0, 0, 0, 0, 0, 4, 0, 0, 0, 0, 0, 32, -0.1, 0, 0, 0, 0, 0, 0, 0, 0, 0, 33555925, 0, 98307, 0, 150994947, 0, 3084, 0);

INSERT INTO weenie_class (`weenieClassId`, `baseAceObjectId`)
VALUES (35820, 35820);

INSERT INTO `base_ace_object` (`baseAceObjectId`, `name`, `typeId`, `paletteId`, `ammoType`, `blipColor`, `bitField`, `burden`, `combatUse`, `cooldownDuration`, `cooldownId`, `effects`, `containersCapacity`, `header`, `hookTypeId`, `iconId`, `iconOverlayId`, `iconUnderlayId`, `hookItemTypes`, `itemsCapacity`, `location`, `materialType`, `maxStackSize`, `maxStructure`, `radar`, `pscript`, `spellId`, `stackSize`, `structure`, `targetTypeId`, `usability`, `useRadius`, `validLocations`, `value`, `workmanship`, `animationFrameId`, `defaultScript`, `defaultScriptIntensity`, `elasticity`, `friction`, `locationId`, `modelTableId`, `objectScale`, `physicsBitField`, `physicsTableId`, `motionTableId`, `soundTableId`, `physicsState`, `translucency`)
VALUES (35935, 'Paradox-Touched Olthoi Queen''s Lair', 65536, 0, 0, 0, 262164, 0, 0, 0, 0, 0, 0, 8388656, 0, 100667499, 0, 0, 0, 0, 0, 0, 0, 0, 4, 0, 0, 0, 0, 0, 32, -0.1, 0, 0, 0, 0, 0, 0, 0, 0, 0, 33555925, 0, 98307, 0, 150994947, 0, 3084, 0);

INSERT INTO weenie_class (`weenieClassId`, `baseAceObjectId`)
VALUES (35935, 35935);

INSERT INTO `base_ace_object` (`baseAceObjectId`, `name`, `typeId`, `paletteId`, `ammoType`, `blipColor`, `bitField`, `burden`, `combatUse`, `cooldownDuration`, `cooldownId`, `effects`, `containersCapacity`, `header`, `hookTypeId`, `iconId`, `iconOverlayId`, `iconUnderlayId`, `hookItemTypes`, `itemsCapacity`, `location`, `materialType`, `maxStackSize`, `maxStructure`, `radar`, `pscript`, `spellId`, `stackSize`, `structure`, `targetTypeId`, `usability`, `useRadius`, `validLocations`, `value`, `workmanship`, `animationFrameId`, `defaultScript`, `defaultScriptIntensity`, `elasticity`, `friction`, `locationId`, `modelTableId`, `objectScale`, `physicsBitField`, `physicsTableId`, `motionTableId`, `soundTableId`, `physicsState`, `translucency`)
VALUES (24329, 'Lower Corridor', 65536, 0, 0, 0, 262164, 0, 0, 0, 0, 0, 0, 8388656, 0, 100667499, 0, 0, 0, 0, 0, 0, 0, 0, 4, 0, 0, 0, 0, 0, 32, -0.1, 0, 0, 0, 0, 0, 0, 0, 0, 0, 33554867, 0, 98307, 0, 150994947, 0, 3084, 0);

INSERT INTO weenie_class (`weenieClassId`, `baseAceObjectId`)
VALUES (24329, 24329);

INSERT INTO `base_ace_object` (`baseAceObjectId`, `name`, `typeId`, `paletteId`, `ammoType`, `blipColor`, `bitField`, `burden`, `combatUse`, `cooldownDuration`, `cooldownId`, `effects`, `containersCapacity`, `header`, `hookTypeId`, `iconId`, `iconOverlayId`, `iconUnderlayId`, `hookItemTypes`, `itemsCapacity`, `location`, `materialType`, `maxStackSize`, `maxStructure`, `radar`, `pscript`, `spellId`, `stackSize`, `structure`, `targetTypeId`, `usability`, `useRadius`, `validLocations`, `value`, `workmanship`, `animationFrameId`, `defaultScript`, `defaultScriptIntensity`, `elasticity`, `friction`, `locationId`, `modelTableId`, `objectScale`, `physicsBitField`, `physicsTableId`, `motionTableId`, `soundTableId`, `physicsState`, `translucency`)
VALUES (8851, 'Surface Portal', 65536, 0, 0, 0, 262164, 0, 0, 0, 0, 0, 0, 8388656, 0, 100667499, 0, 0, 0, 0, 0, 0, 0, 0, 4, 0, 0, 0, 0, 0, 32, -0.1, 0, 0, 0, 0, 0, 0, 0, 0, 0, 33556733, 0, 98307, 0, 150994947, 0, 3084, 0);

INSERT INTO weenie_class (`weenieClassId`, `baseAceObjectId`)
VALUES (8851, 8851);

INSERT INTO `base_ace_object` (`baseAceObjectId`, `name`, `typeId`, `paletteId`, `ammoType`, `blipColor`, `bitField`, `burden`, `combatUse`, `cooldownDuration`, `cooldownId`, `effects`, `containersCapacity`, `header`, `hookTypeId`, `iconId`, `iconOverlayId`, `iconUnderlayId`, `hookItemTypes`, `itemsCapacity`, `location`, `materialType`, `maxStackSize`, `maxStructure`, `radar`, `pscript`, `spellId`, `stackSize`, `structure`, `targetTypeId`, `usability`, `useRadius`, `validLocations`, `value`, `workmanship`, `animationFrameId`, `defaultScript`, `defaultScriptIntensity`, `elasticity`, `friction`, `locationId`, `modelTableId`, `objectScale`, `physicsBitField`, `physicsTableId`, `motionTableId`, `soundTableId`, `physicsState`, `translucency`)
VALUES (1125, 'Holtburg Dungeon', 65536, 0, 0, 0, 262164, 0, 0, 0, 0, 0, 0, 8388656, 0, 100667499, 0, 0, 0, 0, 0, 0, 0, 0, 4, 0, 0, 0, 0, 0, 32, -0.1, 0, 0, 0, 0, 0, 0, 0, 0, 0, 33554867, 0, 98307, 0, 150994947, 0, 3084, 0);

INSERT INTO weenie_class (`weenieClassId`, `baseAceObjectId`)
VALUES (1125, 1125);

INSERT INTO `base_ace_object` (`baseAceObjectId`, `name`, `typeId`, `paletteId`, `ammoType`, `blipColor`, `bitField`, `burden`, `combatUse`, `cooldownDuration`, `cooldownId`, `effects`, `containersCapacity`, `header`, `hookTypeId`, `iconId`, `iconOverlayId`, `iconUnderlayId`, `hookItemTypes`, `itemsCapacity`, `location`, `materialType`, `maxStackSize`, `maxStructure`, `radar`, `pscript`, `spellId`, `stackSize`, `structure`, `targetTypeId`, `usability`, `useRadius`, `validLocations`, `value`, `workmanship`, `animationFrameId`, `defaultScript`, `defaultScriptIntensity`, `elasticity`, `friction`, `locationId`, `modelTableId`, `objectScale`, `physicsBitField`, `physicsTableId`, `motionTableId`, `soundTableId`, `physicsState`, `translucency`)
VALUES (1093, 'Surface', 65536, 0, 0, 0, 262164, 0, 0, 0, 0, 0, 0, 8388656, 0, 100667499, 0, 0, 0, 0, 0, 0, 0, 0, 4, 0, 0, 0, 0, 0, 32, -0.1, 0, 0, 0, 0, 0, 0, 0, 0, 0, 33554867, 0, 98307, 0, 150994947, 0, 3084, 0);

INSERT INTO weenie_class (`weenieClassId`, `baseAceObjectId`)
VALUES (1093, 1093);

INSERT INTO `base_ace_object` (`baseAceObjectId`, `name`, `typeId`, `paletteId`, `ammoType`, `blipColor`, `bitField`, `burden`, `combatUse`, `cooldownDuration`, `cooldownId`, `effects`, `containersCapacity`, `header`, `hookTypeId`, `iconId`, `iconOverlayId`, `iconUnderlayId`, `hookItemTypes`, `itemsCapacity`, `location`, `materialType`, `maxStackSize`, `maxStructure`, `radar`, `pscript`, `spellId`, `stackSize`, `structure`, `targetTypeId`, `usability`, `useRadius`, `validLocations`, `value`, `workmanship`, `animationFrameId`, `defaultScript`, `defaultScriptIntensity`, `elasticity`, `friction`, `locationId`, `modelTableId`, `objectScale`, `physicsBitField`, `physicsTableId`, `motionTableId`, `soundTableId`, `physicsState`, `translucency`)
VALUES (1126, 'Yaraq Tunnels Portal', 65536, 0, 0, 0, 262164, 0, 0, 0, 0, 0, 0, 8388656, 0, 100667499, 0, 0, 0, 0, 0, 0, 0, 0, 4, 0, 0, 0, 0, 0, 32, -0.1, 0, 0, 0, 0, 0, 0, 0, 0, 0, 33554867, 0, 98307, 0, 150994947, 0, 3084, 0);

INSERT INTO weenie_class (`weenieClassId`, `baseAceObjectId`)
VALUES (1126, 1126);

INSERT INTO `base_ace_object` (`baseAceObjectId`, `name`, `typeId`, `paletteId`, `ammoType`, `blipColor`, `bitField`, `burden`, `combatUse`, `cooldownDuration`, `cooldownId`, `effects`, `containersCapacity`, `header`, `hookTypeId`, `iconId`, `iconOverlayId`, `iconUnderlayId`, `hookItemTypes`, `itemsCapacity`, `location`, `materialType`, `maxStackSize`, `maxStructure`, `radar`, `pscript`, `spellId`, `stackSize`, `structure`, `targetTypeId`, `usability`, `useRadius`, `validLocations`, `value`, `workmanship`, `animationFrameId`, `defaultScript`, `defaultScriptIntensity`, `elasticity`, `friction`, `locationId`, `modelTableId`, `objectScale`, `physicsBitField`, `physicsTableId`, `motionTableId`, `soundTableId`, `physicsState`, `translucency`)
VALUES (1101, 'Surface', 65536, 0, 0, 0, 262164, 0, 0, 0, 0, 0, 0, 8388656, 0, 100667499, 0, 0, 0, 0, 0, 0, 0, 0, 4, 0, 0, 0, 0, 0, 32, -0.1, 0, 0, 0, 0, 0, 0, 0, 0, 0, 33554867, 0, 98307, 0, 150994947, 0, 3084, 0);

INSERT INTO weenie_class (`weenieClassId`, `baseAceObjectId`)
VALUES (1101, 1101);

INSERT INTO `base_ace_object` (`baseAceObjectId`, `name`, `typeId`, `paletteId`, `ammoType`, `blipColor`, `bitField`, `burden`, `combatUse`, `cooldownDuration`, `cooldownId`, `effects`, `containersCapacity`, `header`, `hookTypeId`, `iconId`, `iconOverlayId`, `iconUnderlayId`, `hookItemTypes`, `itemsCapacity`, `location`, `materialType`, `maxStackSize`, `maxStructure`, `radar`, `pscript`, `spellId`, `stackSize`, `structure`, `targetTypeId`, `usability`, `useRadius`, `validLocations`, `value`, `workmanship`, `animationFrameId`, `defaultScript`, `defaultScriptIntensity`, `elasticity`, `friction`, `locationId`, `modelTableId`, `objectScale`, `physicsBitField`, `physicsTableId`, `motionTableId`, `soundTableId`, `physicsState`, `translucency`)
VALUES (46953, 'Proving Grounds Uber', 65536, 0, 0, 0, 262164, 0, 0, 0, 0, 0, 0, 8388656, 0, 100667499, 0, 0, 0, 0, 0, 0, 0, 0, 4, 0, 0, 0, 0, 0, 32, -0.1, 0, 0, 0, 0, 0, 0, 0, 0, 0, 33555925, 0, 98307, 0, 150994947, 0, 3084, 0);

INSERT INTO weenie_class (`weenieClassId`, `baseAceObjectId`)
VALUES (46953, 46953);

INSERT INTO `base_ace_object` (`baseAceObjectId`, `name`, `typeId`, `paletteId`, `ammoType`, `blipColor`, `bitField`, `burden`, `combatUse`, `cooldownDuration`, `cooldownId`, `effects`, `containersCapacity`, `header`, `hookTypeId`, `iconId`, `iconOverlayId`, `iconUnderlayId`, `hookItemTypes`, `itemsCapacity`, `location`, `materialType`, `maxStackSize`, `maxStructure`, `radar`, `pscript`, `spellId`, `stackSize`, `structure`, `targetTypeId`, `usability`, `useRadius`, `validLocations`, `value`, `workmanship`, `animationFrameId`, `defaultScript`, `defaultScriptIntensity`, `elasticity`, `friction`, `locationId`, `modelTableId`, `objectScale`, `physicsBitField`, `physicsTableId`, `motionTableId`, `soundTableId`, `physicsState`, `translucency`)
VALUES (46955, 'Proving Grounds Uber', 65536, 0, 0, 0, 262164, 0, 0, 0, 0, 0, 0, 8388656, 0, 100667499, 0, 0, 0, 0, 0, 0, 0, 0, 4, 0, 0, 0, 0, 0, 32, -0.1, 0, 0, 0, 0, 0, 0, 0, 0, 0, 33555925, 0, 98307, 0, 150994947, 0, 3084, 0);

INSERT INTO weenie_class (`weenieClassId`, `baseAceObjectId`)
VALUES (46955, 46955);

INSERT INTO `base_ace_object` (`baseAceObjectId`, `name`, `typeId`, `paletteId`, `ammoType`, `blipColor`, `bitField`, `burden`, `combatUse`, `cooldownDuration`, `cooldownId`, `effects`, `containersCapacity`, `header`, `hookTypeId`, `iconId`, `iconOverlayId`, `iconUnderlayId`, `hookItemTypes`, `itemsCapacity`, `location`, `materialType`, `maxStackSize`, `maxStructure`, `radar`, `pscript`, `spellId`, `stackSize`, `structure`, `targetTypeId`, `usability`, `useRadius`, `validLocations`, `value`, `workmanship`, `animationFrameId`, `defaultScript`, `defaultScriptIntensity`, `elasticity`, `friction`, `locationId`, `modelTableId`, `objectScale`, `physicsBitField`, `physicsTableId`, `motionTableId`, `soundTableId`, `physicsState`, `translucency`)
VALUES (46923, 'Citadel Valley', 65536, 0, 0, 0, 262164, 0, 0, 0, 0, 0, 0, 8388656, 0, 100667499, 0, 0, 0, 0, 0, 0, 0, 0, 4, 0, 0, 0, 0, 0, 32, -0.1, 0, 0, 0, 0, 0, 0, 0, 0, 0, 33555925, 0, 98307, 0, 150994947, 0, 3084, 0);

INSERT INTO weenie_class (`weenieClassId`, `baseAceObjectId`)
VALUES (46923, 46923);

INSERT INTO `base_ace_object` (`baseAceObjectId`, `name`, `typeId`, `paletteId`, `ammoType`, `blipColor`, `bitField`, `burden`, `combatUse`, `cooldownDuration`, `cooldownId`, `effects`, `containersCapacity`, `header`, `hookTypeId`, `iconId`, `iconOverlayId`, `iconUnderlayId`, `hookItemTypes`, `itemsCapacity`, `location`, `materialType`, `maxStackSize`, `maxStructure`, `radar`, `pscript`, `spellId`, `stackSize`, `structure`, `targetTypeId`, `usability`, `useRadius`, `validLocations`, `value`, `workmanship`, `animationFrameId`, `defaultScript`, `defaultScriptIntensity`, `elasticity`, `friction`, `locationId`, `modelTableId`, `objectScale`, `physicsBitField`, `physicsTableId`, `motionTableId`, `soundTableId`, `physicsState`, `translucency`)
VALUES (1399, 'Surface', 65536, 0, 0, 0, 262164, 0, 0, 0, 0, 0, 0, 8388656, 0, 100667499, 0, 0, 0, 0, 0, 0, 0, 0, 4, 0, 0, 0, 0, 0, 32, -0.1, 0, 0, 0, 0, 0, 0, 0, 0, 0, 33554867, 0, 98307, 0, 150994947, 0, 3084, 0);

INSERT INTO weenie_class (`weenieClassId`, `baseAceObjectId`)
VALUES (1399, 1399);

INSERT INTO `base_ace_object` (`baseAceObjectId`, `name`, `typeId`, `paletteId`, `ammoType`, `blipColor`, `bitField`, `burden`, `combatUse`, `cooldownDuration`, `cooldownId`, `effects`, `containersCapacity`, `header`, `hookTypeId`, `iconId`, `iconOverlayId`, `iconUnderlayId`, `hookItemTypes`, `itemsCapacity`, `location`, `materialType`, `maxStackSize`, `maxStructure`, `radar`, `pscript`, `spellId`, `stackSize`, `structure`, `targetTypeId`, `usability`, `useRadius`, `validLocations`, `value`, `workmanship`, `animationFrameId`, `defaultScript`, `defaultScriptIntensity`, `elasticity`, `friction`, `locationId`, `modelTableId`, `objectScale`, `physicsBitField`, `physicsTableId`, `motionTableId`, `soundTableId`, `physicsState`, `translucency`)
VALUES (1124, 'Shoushi Grotto Portal', 65536, 0, 0, 0, 262164, 0, 0, 0, 0, 0, 0, 8388656, 0, 100667499, 0, 0, 0, 0, 0, 0, 0, 0, 4, 0, 0, 0, 0, 0, 32, -0.1, 0, 0, 0, 0, 0, 0, 0, 0, 0, 33554867, 0, 98307, 0, 150994947, 0, 3084, 0);

INSERT INTO weenie_class (`weenieClassId`, `baseAceObjectId`)
VALUES (1124, 1124);

INSERT INTO `base_ace_object` (`baseAceObjectId`, `name`, `typeId`, `paletteId`, `ammoType`, `blipColor`, `bitField`, `burden`, `combatUse`, `cooldownDuration`, `cooldownId`, `effects`, `containersCapacity`, `header`, `hookTypeId`, `iconId`, `iconOverlayId`, `iconUnderlayId`, `hookItemTypes`, `itemsCapacity`, `location`, `materialType`, `maxStackSize`, `maxStructure`, `radar`, `pscript`, `spellId`, `stackSize`, `structure`, `targetTypeId`, `usability`, `useRadius`, `validLocations`, `value`, `workmanship`, `animationFrameId`, `defaultScript`, `defaultScriptIntensity`, `elasticity`, `friction`, `locationId`, `modelTableId`, `objectScale`, `physicsBitField`, `physicsTableId`, `motionTableId`, `soundTableId`, `physicsState`, `translucency`)
VALUES (1096, 'Surface', 65536, 0, 0, 0, 262164, 0, 0, 0, 0, 0, 0, 8388656, 0, 100667499, 0, 0, 0, 0, 0, 0, 0, 0, 4, 0, 0, 0, 0, 0, 32, -0.1, 0, 0, 0, 0, 0, 0, 0, 0, 0, 33554867, 0, 98307, 0, 150994947, 0, 3084, 0);

INSERT INTO weenie_class (`weenieClassId`, `baseAceObjectId`)
VALUES (1096, 1096);

INSERT INTO `base_ace_object` (`baseAceObjectId`, `name`, `typeId`, `paletteId`, `ammoType`, `blipColor`, `bitField`, `burden`, `combatUse`, `cooldownDuration`, `cooldownId`, `effects`, `containersCapacity`, `header`, `hookTypeId`, `iconId`, `iconOverlayId`, `iconUnderlayId`, `hookItemTypes`, `itemsCapacity`, `location`, `materialType`, `maxStackSize`, `maxStructure`, `radar`, `pscript`, `spellId`, `stackSize`, `structure`, `targetTypeId`, `usability`, `useRadius`, `validLocations`, `value`, `workmanship`, `animationFrameId`, `defaultScript`, `defaultScriptIntensity`, `elasticity`, `friction`, `locationId`, `modelTableId`, `objectScale`, `physicsBitField`, `physicsTableId`, `motionTableId`, `soundTableId`, `physicsState`, `translucency`)
VALUES (6104, 'Samsur Meeting Hall Portal', 65536, 0, 0, 0, 262164, 0, 0, 0, 0, 0, 0, 8388656, 0, 100667499, 0, 0, 0, 0, 0, 0, 0, 0, 4, 0, 0, 0, 0, 0, 32, -0.1, 0, 0, 0, 0, 0, 0, 0, 0, 0, 33554867, 0, 98307, 0, 150994947, 0, 3084, 0);

INSERT INTO weenie_class (`weenieClassId`, `baseAceObjectId`)
VALUES (6104, 6104);

INSERT INTO `base_ace_object` (`baseAceObjectId`, `name`, `typeId`, `paletteId`, `ammoType`, `blipColor`, `bitField`, `burden`, `combatUse`, `cooldownDuration`, `cooldownId`, `effects`, `containersCapacity`, `header`, `hookTypeId`, `iconId`, `iconOverlayId`, `iconUnderlayId`, `hookItemTypes`, `itemsCapacity`, `location`, `materialType`, `maxStackSize`, `maxStructure`, `radar`, `pscript`, `spellId`, `stackSize`, `structure`, `targetTypeId`, `usability`, `useRadius`, `validLocations`, `value`, `workmanship`, `animationFrameId`, `defaultScript`, `defaultScriptIntensity`, `elasticity`, `friction`, `locationId`, `modelTableId`, `objectScale`, `physicsBitField`, `physicsTableId`, `motionTableId`, `soundTableId`, `physicsState`, `translucency`)
VALUES (1123, 'Dungeon Manor Portal', 65536, 0, 0, 0, 262164, 0, 0, 0, 0, 0, 0, 8388656, 0, 100667499, 0, 0, 0, 0, 0, 0, 0, 0, 4, 0, 0, 0, 0, 0, 32, -0.1, 0, 0, 0, 0, 0, 0, 0, 0, 0, 33554867, 0, 98307, 0, 150994947, 0, 3084, 0);

INSERT INTO weenie_class (`weenieClassId`, `baseAceObjectId`)
VALUES (1123, 1123);

INSERT INTO `base_ace_object` (`baseAceObjectId`, `name`, `typeId`, `paletteId`, `ammoType`, `blipColor`, `bitField`, `burden`, `combatUse`, `cooldownDuration`, `cooldownId`, `effects`, `containersCapacity`, `header`, `hookTypeId`, `iconId`, `iconOverlayId`, `iconUnderlayId`, `hookItemTypes`, `itemsCapacity`, `location`, `materialType`, `maxStackSize`, `maxStructure`, `radar`, `pscript`, `spellId`, `stackSize`, `structure`, `targetTypeId`, `usability`, `useRadius`, `validLocations`, `value`, `workmanship`, `animationFrameId`, `defaultScript`, `defaultScriptIntensity`, `elasticity`, `friction`, `locationId`, `modelTableId`, `objectScale`, `physicsBitField`, `physicsTableId`, `motionTableId`, `soundTableId`, `physicsState`, `translucency`)
VALUES (1092, 'Surface', 65536, 0, 0, 0, 262164, 0, 0, 0, 0, 0, 0, 8388656, 0, 100667499, 0, 0, 0, 0, 0, 0, 0, 0, 4, 0, 0, 0, 0, 0, 32, -0.1, 0, 0, 0, 0, 0, 0, 0, 0, 0, 33554867, 0, 98307, 0, 150994947, 0, 3084, 0);

INSERT INTO weenie_class (`weenieClassId`, `baseAceObjectId`)
VALUES (1092, 1092);

INSERT INTO `base_ace_object` (`baseAceObjectId`, `name`, `typeId`, `paletteId`, `ammoType`, `blipColor`, `bitField`, `burden`, `combatUse`, `cooldownDuration`, `cooldownId`, `effects`, `containersCapacity`, `header`, `hookTypeId`, `iconId`, `iconOverlayId`, `iconUnderlayId`, `hookItemTypes`, `itemsCapacity`, `location`, `materialType`, `maxStackSize`, `maxStructure`, `radar`, `pscript`, `spellId`, `stackSize`, `structure`, `targetTypeId`, `usability`, `useRadius`, `validLocations`, `value`, `workmanship`, `animationFrameId`, `defaultScript`, `defaultScriptIntensity`, `elasticity`, `friction`, `locationId`, `modelTableId`, `objectScale`, `physicsBitField`, `physicsTableId`, `motionTableId`, `soundTableId`, `physicsState`, `translucency`)
VALUES (1432, 'Rithwic Crypt', 65536, 0, 0, 0, 262164, 0, 0, 0, 0, 0, 0, 8388656, 0, 100667499, 0, 0, 0, 0, 0, 0, 0, 0, 4, 0, 0, 0, 0, 0, 32, -0.1, 0, 0, 0, 0, 0, 0, 0, 0, 0, 33554867, 0, 98307, 0, 150994947, 0, 3084, 0);

INSERT INTO weenie_class (`weenieClassId`, `baseAceObjectId`)
VALUES (1432, 1432);

INSERT INTO `base_ace_object` (`baseAceObjectId`, `name`, `typeId`, `paletteId`, `ammoType`, `blipColor`, `bitField`, `burden`, `combatUse`, `cooldownDuration`, `cooldownId`, `effects`, `containersCapacity`, `header`, `hookTypeId`, `iconId`, `iconOverlayId`, `iconUnderlayId`, `hookItemTypes`, `itemsCapacity`, `location`, `materialType`, `maxStackSize`, `maxStructure`, `radar`, `pscript`, `spellId`, `stackSize`, `structure`, `targetTypeId`, `usability`, `useRadius`, `validLocations`, `value`, `workmanship`, `animationFrameId`, `defaultScript`, `defaultScriptIntensity`, `elasticity`, `friction`, `locationId`, `modelTableId`, `objectScale`, `physicsBitField`, `physicsTableId`, `motionTableId`, `soundTableId`, `physicsState`, `translucency`)
VALUES (1433, 'Surface', 65536, 0, 0, 0, 262164, 0, 0, 0, 0, 0, 0, 8388656, 0, 100667499, 0, 0, 0, 0, 0, 0, 0, 0, 4, 0, 0, 0, 0, 0, 32, -0.1, 0, 0, 0, 0, 0, 0, 0, 0, 0, 33554867, 0, 98307, 0, 150994947, 0, 3084, 0);

INSERT INTO weenie_class (`weenieClassId`, `baseAceObjectId`)
VALUES (1433, 1433);

INSERT INTO `base_ace_object` (`baseAceObjectId`, `name`, `typeId`, `paletteId`, `ammoType`, `blipColor`, `bitField`, `burden`, `combatUse`, `cooldownDuration`, `cooldownId`, `effects`, `containersCapacity`, `header`, `hookTypeId`, `iconId`, `iconOverlayId`, `iconUnderlayId`, `hookItemTypes`, `itemsCapacity`, `location`, `materialType`, `maxStackSize`, `maxStructure`, `radar`, `pscript`, `spellId`, `stackSize`, `structure`, `targetTypeId`, `usability`, `useRadius`, `validLocations`, `value`, `workmanship`, `animationFrameId`, `defaultScript`, `defaultScriptIntensity`, `elasticity`, `friction`, `locationId`, `modelTableId`, `objectScale`, `physicsBitField`, `physicsTableId`, `motionTableId`, `soundTableId`, `physicsState`, `translucency`)
VALUES (3630, 'Carved Cave Portal', 65536, 0, 0, 0, 262164, 0, 0, 0, 0, 0, 0, 8388656, 0, 100667499, 0, 0, 0, 0, 0, 0, 0, 0, 4, 0, 0, 0, 0, 0, 32, -0.1, 0, 0, 0, 0, 0, 0, 0, 0, 0, 33555923, 0, 98307, 0, 150994947, 0, 3084, 0);

INSERT INTO weenie_class (`weenieClassId`, `baseAceObjectId`)
VALUES (3630, 3630);

INSERT INTO `base_ace_object` (`baseAceObjectId`, `name`, `typeId`, `paletteId`, `ammoType`, `blipColor`, `bitField`, `burden`, `combatUse`, `cooldownDuration`, `cooldownId`, `effects`, `containersCapacity`, `header`, `hookTypeId`, `iconId`, `iconOverlayId`, `iconUnderlayId`, `hookItemTypes`, `itemsCapacity`, `location`, `materialType`, `maxStackSize`, `maxStructure`, `radar`, `pscript`, `spellId`, `stackSize`, `structure`, `targetTypeId`, `usability`, `useRadius`, `validLocations`, `value`, `workmanship`, `animationFrameId`, `defaultScript`, `defaultScriptIntensity`, `elasticity`, `friction`, `locationId`, `modelTableId`, `objectScale`, `physicsBitField`, `physicsTableId`, `motionTableId`, `soundTableId`, `physicsState`, `translucency`)
VALUES (3631, 'Surface', 65536, 0, 0, 0, 262164, 0, 0, 0, 0, 0, 0, 8388656, 0, 100667499, 0, 0, 0, 0, 0, 0, 0, 0, 4, 0, 0, 0, 0, 0, 32, -0.1, 0, 0, 0, 0, 0, 0, 0, 0, 0, 33554867, 0, 98307, 0, 150994947, 0, 3084, 0);

INSERT INTO weenie_class (`weenieClassId`, `baseAceObjectId`)
VALUES (3631, 3631);

INSERT INTO `base_ace_object` (`baseAceObjectId`, `name`, `typeId`, `paletteId`, `ammoType`, `blipColor`, `bitField`, `burden`, `combatUse`, `cooldownDuration`, `cooldownId`, `effects`, `containersCapacity`, `header`, `hookTypeId`, `iconId`, `iconOverlayId`, `iconUnderlayId`, `hookItemTypes`, `itemsCapacity`, `location`, `materialType`, `maxStackSize`, `maxStructure`, `radar`, `pscript`, `spellId`, `stackSize`, `structure`, `targetTypeId`, `usability`, `useRadius`, `validLocations`, `value`, `workmanship`, `animationFrameId`, `defaultScript`, `defaultScriptIntensity`, `elasticity`, `friction`, `locationId`, `modelTableId`, `objectScale`, `physicsBitField`, `physicsTableId`, `motionTableId`, `soundTableId`, `physicsState`, `translucency`)
VALUES (3613, 'Direlands Midland Portal', 65536, 0, 0, 0, 262164, 0, 0, 0, 0, 0, 0, 8388656, 0, 100667499, 0, 0, 0, 0, 0, 0, 0, 0, 4, 0, 0, 0, 0, 0, 32, -0.1, 0, 0, 0, 0, 0, 0, 0, 0, 0, 33555923, 0, 98307, 0, 150994947, 0, 3084, 0);

INSERT INTO weenie_class (`weenieClassId`, `baseAceObjectId`)
VALUES (3613, 3613);

INSERT INTO `base_ace_object` (`baseAceObjectId`, `name`, `typeId`, `paletteId`, `ammoType`, `blipColor`, `bitField`, `burden`, `combatUse`, `cooldownDuration`, `cooldownId`, `effects`, `containersCapacity`, `header`, `hookTypeId`, `iconId`, `iconOverlayId`, `iconUnderlayId`, `hookItemTypes`, `itemsCapacity`, `location`, `materialType`, `maxStackSize`, `maxStructure`, `radar`, `pscript`, `spellId`, `stackSize`, `structure`, `targetTypeId`, `usability`, `useRadius`, `validLocations`, `value`, `workmanship`, `animationFrameId`, `defaultScript`, `defaultScriptIntensity`, `elasticity`, `friction`, `locationId`, `modelTableId`, `objectScale`, `physicsBitField`, `physicsTableId`, `motionTableId`, `soundTableId`, `physicsState`, `translucency`)
VALUES (1430, 'Halls of the Lost Light', 65536, 0, 0, 0, 262164, 0, 0, 0, 0, 0, 0, 8388656, 0, 100667499, 0, 0, 0, 0, 0, 0, 0, 0, 4, 0, 0, 0, 0, 0, 32, -0.1, 0, 0, 0, 0, 0, 0, 0, 0, 0, 33554867, 0, 98307, 0, 150994947, 0, 3084, 0);

INSERT INTO weenie_class (`weenieClassId`, `baseAceObjectId`)
VALUES (1430, 1430);

INSERT INTO `base_ace_object` (`baseAceObjectId`, `name`, `typeId`, `paletteId`, `ammoType`, `blipColor`, `bitField`, `burden`, `combatUse`, `cooldownDuration`, `cooldownId`, `effects`, `containersCapacity`, `header`, `hookTypeId`, `iconId`, `iconOverlayId`, `iconUnderlayId`, `hookItemTypes`, `itemsCapacity`, `location`, `materialType`, `maxStackSize`, `maxStructure`, `radar`, `pscript`, `spellId`, `stackSize`, `structure`, `targetTypeId`, `usability`, `useRadius`, `validLocations`, `value`, `workmanship`, `animationFrameId`, `defaultScript`, `defaultScriptIntensity`, `elasticity`, `friction`, `locationId`, `modelTableId`, `objectScale`, `physicsBitField`, `physicsTableId`, `motionTableId`, `soundTableId`, `physicsState`, `translucency`)
VALUES (1023, 'Destroyed Qalaba''r Portal', 65536, 0, 0, 0, 262164, 0, 0, 0, 0, 0, 0, 48, 0, 100667499, 0, 0, 0, 0, 0, 0, 0, 0, 0, 0, 0, 0, 0, 0, 1, -0.1, 0, 0, 0, 0, 0, 0, 0, 0, 0, 33561060, 0, 98307, 0, 150995314, 0, 3092, 0);

INSERT INTO weenie_class (`weenieClassId`, `baseAceObjectId`)
VALUES (1023, 1023);

INSERT INTO `base_ace_object` (`baseAceObjectId`, `name`, `typeId`, `paletteId`, `ammoType`, `blipColor`, `bitField`, `burden`, `combatUse`, `cooldownDuration`, `cooldownId`, `effects`, `containersCapacity`, `header`, `hookTypeId`, `iconId`, `iconOverlayId`, `iconUnderlayId`, `hookItemTypes`, `itemsCapacity`, `location`, `materialType`, `maxStackSize`, `maxStructure`, `radar`, `pscript`, `spellId`, `stackSize`, `structure`, `targetTypeId`, `usability`, `useRadius`, `validLocations`, `value`, `workmanship`, `animationFrameId`, `defaultScript`, `defaultScriptIntensity`, `elasticity`, `friction`, `locationId`, `modelTableId`, `objectScale`, `physicsBitField`, `physicsTableId`, `motionTableId`, `soundTableId`, `physicsState`, `translucency`)
VALUES (1431, 'Surface', 65536, 0, 0, 0, 262164, 0, 0, 0, 0, 0, 0, 8388656, 0, 100667499, 0, 0, 0, 0, 0, 0, 0, 0, 4, 0, 0, 0, 0, 0, 32, -0.1, 0, 0, 0, 0, 0, 0, 0, 0, 0, 33554867, 0, 98307, 0, 150994947, 0, 3084, 0);

INSERT INTO weenie_class (`weenieClassId`, `baseAceObjectId`)
VALUES (1431, 1431);

INSERT INTO `base_ace_object` (`baseAceObjectId`, `name`, `typeId`, `paletteId`, `ammoType`, `blipColor`, `bitField`, `burden`, `combatUse`, `cooldownDuration`, `cooldownId`, `effects`, `containersCapacity`, `header`, `hookTypeId`, `iconId`, `iconOverlayId`, `iconUnderlayId`, `hookItemTypes`, `itemsCapacity`, `location`, `materialType`, `maxStackSize`, `maxStructure`, `radar`, `pscript`, `spellId`, `stackSize`, `structure`, `targetTypeId`, `usability`, `useRadius`, `validLocations`, `value`, `workmanship`, `animationFrameId`, `defaultScript`, `defaultScriptIntensity`, `elasticity`, `friction`, `locationId`, `modelTableId`, `objectScale`, `physicsBitField`, `physicsTableId`, `motionTableId`, `soundTableId`, `physicsState`, `translucency`)
VALUES (32058, 'Vissidal Island', 65536, 0, 0, 0, 262164, 0, 0, 0, 0, 0, 0, 8388656, 0, 100667499, 0, 0, 0, 0, 0, 0, 0, 0, 4, 0, 0, 0, 0, 0, 32, -0.1, 0, 0, 0, 0, 0, 0, 0, 0, 0, 33555925, 0, 98307, 0, 150994947, 0, 3084, 0);

INSERT INTO weenie_class (`weenieClassId`, `baseAceObjectId`)
VALUES (32058, 32058);

INSERT INTO `base_ace_object` (`baseAceObjectId`, `name`, `typeId`, `paletteId`, `ammoType`, `blipColor`, `bitField`, `burden`, `combatUse`, `cooldownDuration`, `cooldownId`, `effects`, `containersCapacity`, `header`, `hookTypeId`, `iconId`, `iconOverlayId`, `iconUnderlayId`, `hookItemTypes`, `itemsCapacity`, `location`, `materialType`, `maxStackSize`, `maxStructure`, `radar`, `pscript`, `spellId`, `stackSize`, `structure`, `targetTypeId`, `usability`, `useRadius`, `validLocations`, `value`, `workmanship`, `animationFrameId`, `defaultScript`, `defaultScriptIntensity`, `elasticity`, `friction`, `locationId`, `modelTableId`, `objectScale`, `physicsBitField`, `physicsTableId`, `motionTableId`, `soundTableId`, `physicsState`, `translucency`)
VALUES (33516, 'Altar Nest', 65536, 0, 0, 0, 262164, 0, 0, 0, 0, 0, 0, 8388656, 0, 100667499, 0, 0, 0, 0, 0, 0, 0, 0, 4, 0, 0, 0, 0, 0, 32, -0.1, 0, 0, 0, 0, 0, 0, 0, 0, 0, 33555925, 0, 98307, 0, 150994947, 0, 3084, 0);

INSERT INTO weenie_class (`weenieClassId`, `baseAceObjectId`)
VALUES (33516, 33516);

INSERT INTO `base_ace_object` (`baseAceObjectId`, `name`, `typeId`, `paletteId`, `ammoType`, `blipColor`, `bitField`, `burden`, `combatUse`, `cooldownDuration`, `cooldownId`, `effects`, `containersCapacity`, `header`, `hookTypeId`, `iconId`, `iconOverlayId`, `iconUnderlayId`, `hookItemTypes`, `itemsCapacity`, `location`, `materialType`, `maxStackSize`, `maxStructure`, `radar`, `pscript`, `spellId`, `stackSize`, `structure`, `targetTypeId`, `usability`, `useRadius`, `validLocations`, `value`, `workmanship`, `animationFrameId`, `defaultScript`, `defaultScriptIntensity`, `elasticity`, `friction`, `locationId`, `modelTableId`, `objectScale`, `physicsBitField`, `physicsTableId`, `motionTableId`, `soundTableId`, `physicsState`, `translucency`)
VALUES (33478, 'Black Spear Summoning Chamber', 65536, 0, 0, 0, 262164, 0, 0, 0, 0, 0, 0, 8388656, 0, 100667499, 0, 0, 0, 0, 0, 0, 0, 0, 4, 0, 0, 0, 0, 0, 32, -0.1, 0, 0, 0, 0, 0, 0, 0, 0, 0, 33555925, 0, 98307, 0, 150994947, 0, 3084, 0);

INSERT INTO weenie_class (`weenieClassId`, `baseAceObjectId`)
VALUES (33478, 33478);

INSERT INTO `base_ace_object` (`baseAceObjectId`, `name`, `typeId`, `paletteId`, `ammoType`, `blipColor`, `bitField`, `burden`, `combatUse`, `cooldownDuration`, `cooldownId`, `effects`, `containersCapacity`, `header`, `hookTypeId`, `iconId`, `iconOverlayId`, `iconUnderlayId`, `hookItemTypes`, `itemsCapacity`, `location`, `materialType`, `maxStackSize`, `maxStructure`, `radar`, `pscript`, `spellId`, `stackSize`, `structure`, `targetTypeId`, `usability`, `useRadius`, `validLocations`, `value`, `workmanship`, `animationFrameId`, `defaultScript`, `defaultScriptIntensity`, `elasticity`, `friction`, `locationId`, `modelTableId`, `objectScale`, `physicsBitField`, `physicsTableId`, `motionTableId`, `soundTableId`, `physicsState`, `translucency`)
VALUES (33545, 'Dark Isle', 65536, 0, 0, 0, 262164, 0, 0, 0, 0, 0, 0, 8388656, 0, 100667499, 0, 0, 0, 0, 0, 0, 0, 0, 4, 0, 0, 0, 0, 0, 32, -0.1, 0, 0, 0, 0, 0, 0, 0, 0, 0, 33555925, 0, 98307, 0, 150994947, 0, 3084, 0);

INSERT INTO weenie_class (`weenieClassId`, `baseAceObjectId`)
VALUES (33545, 33545);

INSERT INTO `base_ace_object` (`baseAceObjectId`, `name`, `typeId`, `paletteId`, `ammoType`, `blipColor`, `bitField`, `burden`, `combatUse`, `cooldownDuration`, `cooldownId`, `effects`, `containersCapacity`, `header`, `hookTypeId`, `iconId`, `iconOverlayId`, `iconUnderlayId`, `hookItemTypes`, `itemsCapacity`, `location`, `materialType`, `maxStackSize`, `maxStructure`, `radar`, `pscript`, `spellId`, `stackSize`, `structure`, `targetTypeId`, `usability`, `useRadius`, `validLocations`, `value`, `workmanship`, `animationFrameId`, `defaultScript`, `defaultScriptIntensity`, `elasticity`, `friction`, `locationId`, `modelTableId`, `objectScale`, `physicsBitField`, `physicsTableId`, `motionTableId`, `soundTableId`, `physicsState`, `translucency`)
VALUES (49449, 'Samurai Hausu', 65536, 0, 0, 0, 262164, 0, 0, 0, 0, 0, 0, 8388656, 0, 100667499, 0, 0, 0, 0, 0, 0, 0, 0, 4, 0, 0, 0, 0, 0, 32, -0.1, 0, 0, 0, 0, 0, 0, 0, 0, 0, 33555925, 0, 98307, 0, 150994947, 0, 3084, 0);

INSERT INTO weenie_class (`weenieClassId`, `baseAceObjectId`)
VALUES (49449, 49449);

INSERT INTO `base_ace_object` (`baseAceObjectId`, `name`, `typeId`, `paletteId`, `ammoType`, `blipColor`, `bitField`, `burden`, `combatUse`, `cooldownDuration`, `cooldownId`, `effects`, `containersCapacity`, `header`, `hookTypeId`, `iconId`, `iconOverlayId`, `iconUnderlayId`, `hookItemTypes`, `itemsCapacity`, `location`, `materialType`, `maxStackSize`, `maxStructure`, `radar`, `pscript`, `spellId`, `stackSize`, `structure`, `targetTypeId`, `usability`, `useRadius`, `validLocations`, `value`, `workmanship`, `animationFrameId`, `defaultScript`, `defaultScriptIntensity`, `elasticity`, `friction`, `locationId`, `modelTableId`, `objectScale`, `physicsBitField`, `physicsTableId`, `motionTableId`, `soundTableId`, `physicsState`, `translucency`)
VALUES (46619, 'Hoshino Tower', 65536, 0, 0, 0, 262164, 0, 0, 0, 0, 0, 0, 8388656, 0, 100667499, 0, 0, 0, 0, 0, 0, 0, 0, 4, 0, 0, 0, 0, 0, 32, -0.1, 0, 0, 0, 0, 0, 0, 0, 0, 0, 33555925, 0.75, 98435, 0, 150994947, 0, 3084, 0);

INSERT INTO weenie_class (`weenieClassId`, `baseAceObjectId`)
VALUES (46619, 46619);

INSERT INTO `base_ace_object` (`baseAceObjectId`, `name`, `typeId`, `paletteId`, `ammoType`, `blipColor`, `bitField`, `burden`, `combatUse`, `cooldownDuration`, `cooldownId`, `effects`, `containersCapacity`, `header`, `hookTypeId`, `iconId`, `iconOverlayId`, `iconUnderlayId`, `hookItemTypes`, `itemsCapacity`, `location`, `materialType`, `maxStackSize`, `maxStructure`, `radar`, `pscript`, `spellId`, `stackSize`, `structure`, `targetTypeId`, `usability`, `useRadius`, `validLocations`, `value`, `workmanship`, `animationFrameId`, `defaultScript`, `defaultScriptIntensity`, `elasticity`, `friction`, `locationId`, `modelTableId`, `objectScale`, `physicsBitField`, `physicsTableId`, `motionTableId`, `soundTableId`, `physicsState`, `translucency`)
VALUES (46545, 'Nanjou Shou-jen Academy', 65536, 0, 0, 0, 262164, 0, 0, 0, 0, 0, 0, 8388656, 0, 100667499, 0, 0, 0, 0, 0, 0, 0, 0, 4, 0, 0, 0, 0, 0, 32, -0.1, 0, 0, 0, 0, 0, 0, 0, 0, 0, 33555925, 0, 98307, 0, 150994947, 0, 3084, 0);

INSERT INTO weenie_class (`weenieClassId`, `baseAceObjectId`)
VALUES (46545, 46545);

INSERT INTO `base_ace_object` (`baseAceObjectId`, `name`, `typeId`, `paletteId`, `ammoType`, `blipColor`, `bitField`, `burden`, `combatUse`, `cooldownDuration`, `cooldownId`, `effects`, `containersCapacity`, `header`, `hookTypeId`, `iconId`, `iconOverlayId`, `iconUnderlayId`, `hookItemTypes`, `itemsCapacity`, `location`, `materialType`, `maxStackSize`, `maxStructure`, `radar`, `pscript`, `spellId`, `stackSize`, `structure`, `targetTypeId`, `usability`, `useRadius`, `validLocations`, `value`, `workmanship`, `animationFrameId`, `defaultScript`, `defaultScriptIntensity`, `elasticity`, `friction`, `locationId`, `modelTableId`, `objectScale`, `physicsBitField`, `physicsTableId`, `motionTableId`, `soundTableId`, `physicsState`, `translucency`)
VALUES (46440, 'Venerable Mausoleum', 65536, 0, 0, 0, 262164, 0, 0, 0, 0, 0, 0, 8388656, 0, 100667499, 0, 0, 0, 0, 0, 0, 0, 0, 4, 0, 0, 0, 0, 0, 32, -0.1, 0, 0, 0, 0, 0, 0, 0, 0, 0, 33555925, 0, 98307, 0, 150994947, 0, 3084, 0);

INSERT INTO weenie_class (`weenieClassId`, `baseAceObjectId`)
VALUES (46440, 46440);

INSERT INTO `base_ace_object` (`baseAceObjectId`, `name`, `typeId`, `paletteId`, `ammoType`, `blipColor`, `bitField`, `burden`, `combatUse`, `cooldownDuration`, `cooldownId`, `effects`, `containersCapacity`, `header`, `hookTypeId`, `iconId`, `iconOverlayId`, `iconUnderlayId`, `hookItemTypes`, `itemsCapacity`, `location`, `materialType`, `maxStackSize`, `maxStructure`, `radar`, `pscript`, `spellId`, `stackSize`, `structure`, `targetTypeId`, `usability`, `useRadius`, `validLocations`, `value`, `workmanship`, `animationFrameId`, `defaultScript`, `defaultScriptIntensity`, `elasticity`, `friction`, `locationId`, `modelTableId`, `objectScale`, `physicsBitField`, `physicsTableId`, `motionTableId`, `soundTableId`, `physicsState`, `translucency`)
VALUES (46452, 'Surface', 65536, 0, 0, 0, 262164, 0, 0, 0, 0, 0, 0, 8388656, 0, 100667499, 0, 0, 0, 0, 0, 0, 0, 0, 4, 0, 0, 0, 0, 0, 32, -0.1, 0, 0, 0, 0, 0, 0, 0, 0, 0, 33555925, 0, 98307, 0, 150994947, 0, 3084, 0);

INSERT INTO weenie_class (`weenieClassId`, `baseAceObjectId`)
VALUES (46452, 46452);

INSERT INTO `base_ace_object` (`baseAceObjectId`, `name`, `typeId`, `paletteId`, `ammoType`, `blipColor`, `bitField`, `burden`, `combatUse`, `cooldownDuration`, `cooldownId`, `effects`, `containersCapacity`, `header`, `hookTypeId`, `iconId`, `iconOverlayId`, `iconUnderlayId`, `hookItemTypes`, `itemsCapacity`, `location`, `materialType`, `maxStackSize`, `maxStructure`, `radar`, `pscript`, `spellId`, `stackSize`, `structure`, `targetTypeId`, `usability`, `useRadius`, `validLocations`, `value`, `workmanship`, `animationFrameId`, `defaultScript`, `defaultScriptIntensity`, `elasticity`, `friction`, `locationId`, `modelTableId`, `objectScale`, `physicsBitField`, `physicsTableId`, `motionTableId`, `soundTableId`, `physicsState`, `translucency`)
VALUES (46675, 'Surface', 65536, 0, 0, 0, 262164, 0, 0, 0, 0, 0, 0, 8388656, 0, 100667499, 0, 0, 0, 0, 0, 0, 0, 0, 4, 0, 0, 0, 0, 0, 32, -0.1, 0, 0, 0, 0, 0, 0, 0, 0, 0, 33555925, 0, 98307, 0, 150994947, 0, 3084, 0);

INSERT INTO weenie_class (`weenieClassId`, `baseAceObjectId`)
VALUES (46675, 46675);

INSERT INTO `base_ace_object` (`baseAceObjectId`, `name`, `typeId`, `paletteId`, `ammoType`, `blipColor`, `bitField`, `burden`, `combatUse`, `cooldownDuration`, `cooldownId`, `effects`, `containersCapacity`, `header`, `hookTypeId`, `iconId`, `iconOverlayId`, `iconUnderlayId`, `hookItemTypes`, `itemsCapacity`, `location`, `materialType`, `maxStackSize`, `maxStructure`, `radar`, `pscript`, `spellId`, `stackSize`, `structure`, `targetTypeId`, `usability`, `useRadius`, `validLocations`, `value`, `workmanship`, `animationFrameId`, `defaultScript`, `defaultScriptIntensity`, `elasticity`, `friction`, `locationId`, `modelTableId`, `objectScale`, `physicsBitField`, `physicsTableId`, `motionTableId`, `soundTableId`, `physicsState`, `translucency`)
VALUES (46597, 'Falatacot Temple', 65536, 0, 0, 0, 262164, 0, 0, 0, 0, 0, 0, 8388656, 0, 100667499, 0, 0, 0, 0, 0, 0, 0, 0, 4, 0, 0, 0, 0, 0, 32, -0.1, 0, 0, 0, 0, 0, 0, 0, 0, 0, 33555925, 0, 98307, 0, 150994947, 0, 3084, 0);

INSERT INTO weenie_class (`weenieClassId`, `baseAceObjectId`)
VALUES (46597, 46597);

INSERT INTO `base_ace_object` (`baseAceObjectId`, `name`, `typeId`, `paletteId`, `ammoType`, `blipColor`, `bitField`, `burden`, `combatUse`, `cooldownDuration`, `cooldownId`, `effects`, `containersCapacity`, `header`, `hookTypeId`, `iconId`, `iconOverlayId`, `iconUnderlayId`, `hookItemTypes`, `itemsCapacity`, `location`, `materialType`, `maxStackSize`, `maxStructure`, `radar`, `pscript`, `spellId`, `stackSize`, `structure`, `targetTypeId`, `usability`, `useRadius`, `validLocations`, `value`, `workmanship`, `animationFrameId`, `defaultScript`, `defaultScriptIntensity`, `elasticity`, `friction`, `locationId`, `modelTableId`, `objectScale`, `physicsBitField`, `physicsTableId`, `motionTableId`, `soundTableId`, `physicsState`, `translucency`)
VALUES (46590, 'Great Hall', 65536, 0, 0, 0, 262292, 0, 0, 0, 0, 0, 0, 8388656, 0, 100667499, 0, 0, 0, 0, 0, 0, 0, 0, 4, 0, 0, 0, 0, 0, 32, -0.1, 0, 0, 0, 0, 0, 0, 0, 0, 0, 33561409, 0, 360451, 0, 150994947, 0, 1036, 1);

INSERT INTO weenie_class (`weenieClassId`, `baseAceObjectId`)
VALUES (46590, 46590);

INSERT INTO `base_ace_object` (`baseAceObjectId`, `name`, `typeId`, `paletteId`, `ammoType`, `blipColor`, `bitField`, `burden`, `combatUse`, `cooldownDuration`, `cooldownId`, `effects`, `containersCapacity`, `header`, `hookTypeId`, `iconId`, `iconOverlayId`, `iconUnderlayId`, `hookItemTypes`, `itemsCapacity`, `location`, `materialType`, `maxStackSize`, `maxStructure`, `radar`, `pscript`, `spellId`, `stackSize`, `structure`, `targetTypeId`, `usability`, `useRadius`, `validLocations`, `value`, `workmanship`, `animationFrameId`, `defaultScript`, `defaultScriptIntensity`, `elasticity`, `friction`, `locationId`, `modelTableId`, `objectScale`, `physicsBitField`, `physicsTableId`, `motionTableId`, `soundTableId`, `physicsState`, `translucency`)
VALUES (2092, 'Simple Tower Portal', 65536, 0, 0, 0, 262164, 0, 0, 0, 0, 0, 0, 8388656, 0, 100667499, 0, 0, 0, 0, 0, 0, 0, 0, 4, 0, 0, 0, 0, 0, 32, -0.1, 0, 0, 0, 0, 0, 0, 0, 0, 0, 33554867, 0, 98307, 0, 150994947, 0, 3084, 0);

INSERT INTO weenie_class (`weenieClassId`, `baseAceObjectId`)
VALUES (2092, 2092);

INSERT INTO `base_ace_object` (`baseAceObjectId`, `name`, `typeId`, `paletteId`, `ammoType`, `blipColor`, `bitField`, `burden`, `combatUse`, `cooldownDuration`, `cooldownId`, `effects`, `containersCapacity`, `header`, `hookTypeId`, `iconId`, `iconOverlayId`, `iconUnderlayId`, `hookItemTypes`, `itemsCapacity`, `location`, `materialType`, `maxStackSize`, `maxStructure`, `radar`, `pscript`, `spellId`, `stackSize`, `structure`, `targetTypeId`, `usability`, `useRadius`, `validLocations`, `value`, `workmanship`, `animationFrameId`, `defaultScript`, `defaultScriptIntensity`, `elasticity`, `friction`, `locationId`, `modelTableId`, `objectScale`, `physicsBitField`, `physicsTableId`, `motionTableId`, `soundTableId`, `physicsState`, `translucency`)
VALUES (15190, 'Sliver-of-BlueCottages Portal', 65536, 0, 0, 0, 262164, 0, 0, 0, 0, 0, 0, 8388656, 0, 100667499, 0, 0, 0, 0, 0, 0, 0, 0, 4, 0, 0, 0, 0, 0, 32, -0.1, 0, 0, 0, 0, 0, 0, 0, 0, 0, 33554867, 0, 98307, 0, 150994947, 0, 3084, 0);

INSERT INTO weenie_class (`weenieClassId`, `baseAceObjectId`)
VALUES (15190, 15190);

INSERT INTO `base_ace_object` (`baseAceObjectId`, `name`, `typeId`, `paletteId`, `ammoType`, `blipColor`, `bitField`, `burden`, `combatUse`, `cooldownDuration`, `cooldownId`, `effects`, `containersCapacity`, `header`, `hookTypeId`, `iconId`, `iconOverlayId`, `iconUnderlayId`, `hookItemTypes`, `itemsCapacity`, `location`, `materialType`, `maxStackSize`, `maxStructure`, `radar`, `pscript`, `spellId`, `stackSize`, `structure`, `targetTypeId`, `usability`, `useRadius`, `validLocations`, `value`, `workmanship`, `animationFrameId`, `defaultScript`, `defaultScriptIntensity`, `elasticity`, `friction`, `locationId`, `modelTableId`, `objectScale`, `physicsBitField`, `physicsTableId`, `motionTableId`, `soundTableId`, `physicsState`, `translucency`)
VALUES (15142, 'Asandra Cottages Portal', 65536, 0, 0, 0, 262164, 0, 0, 0, 0, 0, 0, 8388656, 0, 100667499, 0, 0, 0, 0, 0, 0, 0, 0, 4, 0, 0, 0, 0, 0, 32, -0.1, 0, 0, 0, 0, 0, 0, 0, 0, 0, 33554867, 0, 98307, 0, 150994947, 0, 3084, 0);

INSERT INTO weenie_class (`weenieClassId`, `baseAceObjectId`)
VALUES (15142, 15142);

INSERT INTO `base_ace_object` (`baseAceObjectId`, `name`, `typeId`, `paletteId`, `ammoType`, `blipColor`, `bitField`, `burden`, `combatUse`, `cooldownDuration`, `cooldownId`, `effects`, `containersCapacity`, `header`, `hookTypeId`, `iconId`, `iconOverlayId`, `iconUnderlayId`, `hookItemTypes`, `itemsCapacity`, `location`, `materialType`, `maxStackSize`, `maxStructure`, `radar`, `pscript`, `spellId`, `stackSize`, `structure`, `targetTypeId`, `usability`, `useRadius`, `validLocations`, `value`, `workmanship`, `animationFrameId`, `defaultScript`, `defaultScriptIntensity`, `elasticity`, `friction`, `locationId`, `modelTableId`, `objectScale`, `physicsBitField`, `physicsTableId`, `motionTableId`, `soundTableId`, `physicsState`, `translucency`)
VALUES (14634, 'Hermit Hill Cottages Portal', 65536, 0, 0, 0, 262164, 0, 0, 0, 0, 0, 0, 8388656, 0, 100667499, 0, 0, 0, 0, 0, 0, 0, 0, 4, 0, 0, 0, 0, 0, 32, -0.1, 0, 0, 0, 0, 0, 0, 0, 0, 0, 33554867, 0, 98307, 0, 150994947, 0, 3084, 0);

INSERT INTO weenie_class (`weenieClassId`, `baseAceObjectId`)
VALUES (14634, 14634);

INSERT INTO `base_ace_object` (`baseAceObjectId`, `name`, `typeId`, `paletteId`, `ammoType`, `blipColor`, `bitField`, `burden`, `combatUse`, `cooldownDuration`, `cooldownId`, `effects`, `containersCapacity`, `header`, `hookTypeId`, `iconId`, `iconOverlayId`, `iconUnderlayId`, `hookItemTypes`, `itemsCapacity`, `location`, `materialType`, `maxStackSize`, `maxStructure`, `radar`, `pscript`, `spellId`, `stackSize`, `structure`, `targetTypeId`, `usability`, `useRadius`, `validLocations`, `value`, `workmanship`, `animationFrameId`, `defaultScript`, `defaultScriptIntensity`, `elasticity`, `friction`, `locationId`, `modelTableId`, `objectScale`, `physicsBitField`, `physicsTableId`, `motionTableId`, `soundTableId`, `physicsState`, `translucency`)
VALUES (14617, 'Desert Boundary Cottages Portal', 65536, 0, 0, 0, 262164, 0, 0, 0, 0, 0, 0, 8388656, 0, 100667499, 0, 0, 0, 0, 0, 0, 0, 0, 4, 0, 0, 0, 0, 0, 32, -0.1, 0, 0, 0, 0, 0, 0, 0, 0, 0, 33554867, 0, 98307, 0, 150994947, 0, 3084, 0);

INSERT INTO weenie_class (`weenieClassId`, `baseAceObjectId`)
VALUES (14617, 14617);

INSERT INTO `base_ace_object` (`baseAceObjectId`, `name`, `typeId`, `paletteId`, `ammoType`, `blipColor`, `bitField`, `burden`, `combatUse`, `cooldownDuration`, `cooldownId`, `effects`, `containersCapacity`, `header`, `hookTypeId`, `iconId`, `iconOverlayId`, `iconUnderlayId`, `hookItemTypes`, `itemsCapacity`, `location`, `materialType`, `maxStackSize`, `maxStructure`, `radar`, `pscript`, `spellId`, `stackSize`, `structure`, `targetTypeId`, `usability`, `useRadius`, `validLocations`, `value`, `workmanship`, `animationFrameId`, `defaultScript`, `defaultScriptIntensity`, `elasticity`, `friction`, `locationId`, `modelTableId`, `objectScale`, `physicsBitField`, `physicsTableId`, `motionTableId`, `soundTableId`, `physicsState`, `translucency`)
VALUES (12557, 'Strathelar''s Watch Cottages Portal', 65536, 0, 0, 0, 262164, 0, 0, 0, 0, 0, 0, 8388656, 0, 100667499, 0, 0, 0, 0, 0, 0, 0, 0, 4, 0, 0, 0, 0, 0, 32, -0.1, 0, 0, 0, 0, 0, 0, 0, 0, 0, 33554867, 0, 98307, 0, 150994947, 0, 3084, 0);

INSERT INTO weenie_class (`weenieClassId`, `baseAceObjectId`)
VALUES (12557, 12557);

INSERT INTO `base_ace_object` (`baseAceObjectId`, `name`, `typeId`, `paletteId`, `ammoType`, `blipColor`, `bitField`, `burden`, `combatUse`, `cooldownDuration`, `cooldownId`, `effects`, `containersCapacity`, `header`, `hookTypeId`, `iconId`, `iconOverlayId`, `iconUnderlayId`, `hookItemTypes`, `itemsCapacity`, `location`, `materialType`, `maxStackSize`, `maxStructure`, `radar`, `pscript`, `spellId`, `stackSize`, `structure`, `targetTypeId`, `usability`, `useRadius`, `validLocations`, `value`, `workmanship`, `animationFrameId`, `defaultScript`, `defaultScriptIntensity`, `elasticity`, `friction`, `locationId`, `modelTableId`, `objectScale`, `physicsBitField`, `physicsTableId`, `motionTableId`, `soundTableId`, `physicsState`, `translucency`)
VALUES (13100, 'Dryreach Beach Manors Portal', 65536, 0, 0, 0, 262164, 0, 0, 0, 0, 0, 0, 8388656, 0, 100667499, 0, 0, 0, 0, 0, 0, 0, 0, 4, 0, 0, 0, 0, 0, 32, -0.1, 0, 0, 0, 0, 0, 0, 0, 0, 0, 33554867, 0, 98307, 0, 150994947, 0, 3084, 0);

INSERT INTO weenie_class (`weenieClassId`, `baseAceObjectId`)
VALUES (13100, 13100);

INSERT INTO `base_ace_object` (`baseAceObjectId`, `name`, `typeId`, `paletteId`, `ammoType`, `blipColor`, `bitField`, `burden`, `combatUse`, `cooldownDuration`, `cooldownId`, `effects`, `containersCapacity`, `header`, `hookTypeId`, `iconId`, `iconOverlayId`, `iconUnderlayId`, `hookItemTypes`, `itemsCapacity`, `location`, `materialType`, `maxStackSize`, `maxStructure`, `radar`, `pscript`, `spellId`, `stackSize`, `structure`, `targetTypeId`, `usability`, `useRadius`, `validLocations`, `value`, `workmanship`, `animationFrameId`, `defaultScript`, `defaultScriptIntensity`, `elasticity`, `friction`, `locationId`, `modelTableId`, `objectScale`, `physicsBitField`, `physicsTableId`, `motionTableId`, `soundTableId`, `physicsState`, `translucency`)
VALUES (12533, 'North Eastham Meadow Portal', 65536, 0, 0, 0, 262164, 0, 0, 0, 0, 0, 0, 8388656, 0, 100667499, 0, 0, 0, 0, 0, 0, 0, 0, 4, 0, 0, 0, 0, 0, 32, -0.1, 0, 0, 0, 0, 0, 0, 0, 0, 0, 33554867, 0, 98307, 0, 150994947, 0, 3084, 0);

INSERT INTO weenie_class (`weenieClassId`, `baseAceObjectId`)
VALUES (12533, 12533);

INSERT INTO `base_ace_object` (`baseAceObjectId`, `name`, `typeId`, `paletteId`, `ammoType`, `blipColor`, `bitField`, `burden`, `combatUse`, `cooldownDuration`, `cooldownId`, `effects`, `containersCapacity`, `header`, `hookTypeId`, `iconId`, `iconOverlayId`, `iconUnderlayId`, `hookItemTypes`, `itemsCapacity`, `location`, `materialType`, `maxStackSize`, `maxStructure`, `radar`, `pscript`, `spellId`, `stackSize`, `structure`, `targetTypeId`, `usability`, `useRadius`, `validLocations`, `value`, `workmanship`, `animationFrameId`, `defaultScript`, `defaultScriptIntensity`, `elasticity`, `friction`, `locationId`, `modelTableId`, `objectScale`, `physicsBitField`, `physicsTableId`, `motionTableId`, `soundTableId`, `physicsState`, `translucency`)
VALUES (15183, 'P''rnelle Acres Portal', 65536, 0, 0, 0, 262164, 0, 0, 0, 0, 0, 0, 8388656, 0, 100667499, 0, 0, 0, 0, 0, 0, 0, 0, 4, 0, 0, 0, 0, 0, 32, -0.1, 0, 0, 0, 0, 0, 0, 0, 0, 0, 33554867, 0, 98307, 0, 150994947, 0, 3084, 0);

INSERT INTO weenie_class (`weenieClassId`, `baseAceObjectId`)
VALUES (15183, 15183);

INSERT INTO `base_ace_object` (`baseAceObjectId`, `name`, `typeId`, `paletteId`, `ammoType`, `blipColor`, `bitField`, `burden`, `combatUse`, `cooldownDuration`, `cooldownId`, `effects`, `containersCapacity`, `header`, `hookTypeId`, `iconId`, `iconOverlayId`, `iconUnderlayId`, `hookItemTypes`, `itemsCapacity`, `location`, `materialType`, `maxStackSize`, `maxStructure`, `radar`, `pscript`, `spellId`, `stackSize`, `structure`, `targetTypeId`, `usability`, `useRadius`, `validLocations`, `value`, `workmanship`, `animationFrameId`, `defaultScript`, `defaultScriptIntensity`, `elasticity`, `friction`, `locationId`, `modelTableId`, `objectScale`, `physicsBitField`, `physicsTableId`, `motionTableId`, `soundTableId`, `physicsState`, `translucency`)
VALUES (12497, 'Filos'' Font Cottages Portal', 65536, 0, 0, 0, 262164, 0, 0, 0, 0, 0, 0, 8388656, 0, 100667499, 0, 0, 0, 0, 0, 0, 0, 0, 4, 0, 0, 0, 0, 0, 32, -0.1, 0, 0, 0, 0, 0, 0, 0, 0, 0, 33554867, 0, 98307, 0, 150994947, 0, 3084, 0);

INSERT INTO weenie_class (`weenieClassId`, `baseAceObjectId`)
VALUES (12497, 12497);

INSERT INTO `base_ace_object` (`baseAceObjectId`, `name`, `typeId`, `paletteId`, `ammoType`, `blipColor`, `bitField`, `burden`, `combatUse`, `cooldownDuration`, `cooldownId`, `effects`, `containersCapacity`, `header`, `hookTypeId`, `iconId`, `iconOverlayId`, `iconUnderlayId`, `hookItemTypes`, `itemsCapacity`, `location`, `materialType`, `maxStackSize`, `maxStructure`, `radar`, `pscript`, `spellId`, `stackSize`, `structure`, `targetTypeId`, `usability`, `useRadius`, `validLocations`, `value`, `workmanship`, `animationFrameId`, `defaultScript`, `defaultScriptIntensity`, `elasticity`, `friction`, `locationId`, `modelTableId`, `objectScale`, `physicsBitField`, `physicsTableId`, `motionTableId`, `soundTableId`, `physicsState`, `translucency`)
VALUES (12509, 'Lake Blessed Cottages Portal', 65536, 0, 0, 0, 262164, 0, 0, 0, 0, 0, 0, 8388656, 0, 100667499, 0, 0, 0, 0, 0, 0, 0, 0, 4, 0, 0, 0, 0, 0, 32, -0.1, 0, 0, 0, 0, 0, 0, 0, 0, 0, 33554867, 0, 98307, 0, 150994947, 0, 3084, 0);

INSERT INTO weenie_class (`weenieClassId`, `baseAceObjectId`)
VALUES (12509, 12509);

INSERT INTO `base_ace_object` (`baseAceObjectId`, `name`, `typeId`, `paletteId`, `ammoType`, `blipColor`, `bitField`, `burden`, `combatUse`, `cooldownDuration`, `cooldownId`, `effects`, `containersCapacity`, `header`, `hookTypeId`, `iconId`, `iconOverlayId`, `iconUnderlayId`, `hookItemTypes`, `itemsCapacity`, `location`, `materialType`, `maxStackSize`, `maxStructure`, `radar`, `pscript`, `spellId`, `stackSize`, `structure`, `targetTypeId`, `usability`, `useRadius`, `validLocations`, `value`, `workmanship`, `animationFrameId`, `defaultScript`, `defaultScriptIntensity`, `elasticity`, `friction`, `locationId`, `modelTableId`, `objectScale`, `physicsBitField`, `physicsTableId`, `motionTableId`, `soundTableId`, `physicsState`, `translucency`)
VALUES (13092, 'Beach Pass Villas Portal', 65536, 0, 0, 0, 262164, 0, 0, 0, 0, 0, 0, 8388656, 0, 100667499, 0, 0, 0, 0, 0, 0, 0, 0, 4, 0, 0, 0, 0, 0, 32, -0.1, 0, 0, 0, 0, 0, 0, 0, 0, 0, 33554867, 0, 98307, 0, 150994947, 0, 3084, 0);

INSERT INTO weenie_class (`weenieClassId`, `baseAceObjectId`)
VALUES (13092, 13092);

INSERT INTO `base_ace_object` (`baseAceObjectId`, `name`, `typeId`, `paletteId`, `ammoType`, `blipColor`, `bitField`, `burden`, `combatUse`, `cooldownDuration`, `cooldownId`, `effects`, `containersCapacity`, `header`, `hookTypeId`, `iconId`, `iconOverlayId`, `iconUnderlayId`, `hookItemTypes`, `itemsCapacity`, `location`, `materialType`, `maxStackSize`, `maxStructure`, `radar`, `pscript`, `spellId`, `stackSize`, `structure`, `targetTypeId`, `usability`, `useRadius`, `validLocations`, `value`, `workmanship`, `animationFrameId`, `defaultScript`, `defaultScriptIntensity`, `elasticity`, `friction`, `locationId`, `modelTableId`, `objectScale`, `physicsBitField`, `physicsTableId`, `motionTableId`, `soundTableId`, `physicsState`, `translucency`)
VALUES (15175, 'Midhill Cottages Portal', 65536, 0, 0, 0, 262164, 0, 0, 0, 0, 0, 0, 8388656, 0, 100667499, 0, 0, 0, 0, 0, 0, 0, 0, 4, 0, 0, 0, 0, 0, 32, -0.1, 0, 0, 0, 0, 0, 0, 0, 0, 0, 33554867, 0, 98307, 0, 150994947, 0, 3084, 0);

INSERT INTO weenie_class (`weenieClassId`, `baseAceObjectId`)
VALUES (15175, 15175);

INSERT INTO `base_ace_object` (`baseAceObjectId`, `name`, `typeId`, `paletteId`, `ammoType`, `blipColor`, `bitField`, `burden`, `combatUse`, `cooldownDuration`, `cooldownId`, `effects`, `containersCapacity`, `header`, `hookTypeId`, `iconId`, `iconOverlayId`, `iconUnderlayId`, `hookItemTypes`, `itemsCapacity`, `location`, `materialType`, `maxStackSize`, `maxStructure`, `radar`, `pscript`, `spellId`, `stackSize`, `structure`, `targetTypeId`, `usability`, `useRadius`, `validLocations`, `value`, `workmanship`, `animationFrameId`, `defaultScript`, `defaultScriptIntensity`, `elasticity`, `friction`, `locationId`, `modelTableId`, `objectScale`, `physicsBitField`, `physicsTableId`, `motionTableId`, `soundTableId`, `physicsState`, `translucency`)
VALUES (2551, 'Inner Dungeon', 65536, 0, 0, 0, 262164, 0, 0, 0, 0, 0, 0, 8388656, 0, 100667499, 0, 0, 0, 0, 0, 0, 0, 0, 4, 0, 0, 0, 0, 0, 32, -0.1, 0, 0, 0, 0, 0, 0, 0, 0, 0, 33555926, 0, 98307, 0, 150994947, 0, 3084, 0);

INSERT INTO weenie_class (`weenieClassId`, `baseAceObjectId`)
VALUES (2551, 2551);

INSERT INTO `base_ace_object` (`baseAceObjectId`, `name`, `typeId`, `paletteId`, `ammoType`, `blipColor`, `bitField`, `burden`, `combatUse`, `cooldownDuration`, `cooldownId`, `effects`, `containersCapacity`, `header`, `hookTypeId`, `iconId`, `iconOverlayId`, `iconUnderlayId`, `hookItemTypes`, `itemsCapacity`, `location`, `materialType`, `maxStackSize`, `maxStructure`, `radar`, `pscript`, `spellId`, `stackSize`, `structure`, `targetTypeId`, `usability`, `useRadius`, `validLocations`, `value`, `workmanship`, `animationFrameId`, `defaultScript`, `defaultScriptIntensity`, `elasticity`, `friction`, `locationId`, `modelTableId`, `objectScale`, `physicsBitField`, `physicsTableId`, `motionTableId`, `soundTableId`, `physicsState`, `translucency`)
VALUES (2549, 'Plateau Top', 65536, 0, 0, 0, 262164, 0, 0, 0, 0, 0, 0, 8388656, 0, 100667499, 0, 0, 0, 0, 0, 0, 0, 0, 4, 0, 0, 0, 0, 0, 32, -0.1, 0, 0, 0, 0, 0, 0, 0, 0, 0, 33554867, 0, 98307, 0, 150994947, 0, 3084, 0);

INSERT INTO weenie_class (`weenieClassId`, `baseAceObjectId`)
VALUES (2549, 2549);

INSERT INTO `base_ace_object` (`baseAceObjectId`, `name`, `typeId`, `paletteId`, `ammoType`, `blipColor`, `bitField`, `burden`, `combatUse`, `cooldownDuration`, `cooldownId`, `effects`, `containersCapacity`, `header`, `hookTypeId`, `iconId`, `iconOverlayId`, `iconUnderlayId`, `hookItemTypes`, `itemsCapacity`, `location`, `materialType`, `maxStackSize`, `maxStructure`, `radar`, `pscript`, `spellId`, `stackSize`, `structure`, `targetTypeId`, `usability`, `useRadius`, `validLocations`, `value`, `workmanship`, `animationFrameId`, `defaultScript`, `defaultScriptIntensity`, `elasticity`, `friction`, `locationId`, `modelTableId`, `objectScale`, `physicsBitField`, `physicsTableId`, `motionTableId`, `soundTableId`, `physicsState`, `translucency`)
VALUES (27696, 'Renegade Stronghold', 65536, 0, 0, 0, 262164, 0, 0, 0, 0, 0, 0, 8388656, 0, 100667499, 0, 0, 0, 0, 0, 0, 0, 0, 4, 0, 0, 0, 0, 0, 32, -0.1, 0, 0, 0, 0, 0, 0, 0, 0, 0, 33555926, 0, 98307, 0, 150994947, 0, 3084, 0);

INSERT INTO weenie_class (`weenieClassId`, `baseAceObjectId`)
VALUES (27696, 27696);

INSERT INTO `base_ace_object` (`baseAceObjectId`, `name`, `typeId`, `paletteId`, `ammoType`, `blipColor`, `bitField`, `burden`, `combatUse`, `cooldownDuration`, `cooldownId`, `effects`, `containersCapacity`, `header`, `hookTypeId`, `iconId`, `iconOverlayId`, `iconUnderlayId`, `hookItemTypes`, `itemsCapacity`, `location`, `materialType`, `maxStackSize`, `maxStructure`, `radar`, `pscript`, `spellId`, `stackSize`, `structure`, `targetTypeId`, `usability`, `useRadius`, `validLocations`, `value`, `workmanship`, `animationFrameId`, `defaultScript`, `defaultScriptIntensity`, `elasticity`, `friction`, `locationId`, `modelTableId`, `objectScale`, `physicsBitField`, `physicsTableId`, `motionTableId`, `soundTableId`, `physicsState`, `translucency`)
VALUES (33780, 'Black Spear Temple', 65536, 0, 0, 0, 262164, 0, 0, 0, 0, 0, 0, 8388656, 0, 100667499, 0, 0, 0, 0, 0, 0, 0, 0, 4, 0, 0, 0, 0, 0, 32, -0.1, 0, 0, 0, 0, 0, 0, 0, 0, 0, 33554867, 0, 98307, 0, 150994947, 0, 3084, 0);

INSERT INTO weenie_class (`weenieClassId`, `baseAceObjectId`)
VALUES (33780, 33780);

INSERT INTO `base_ace_object` (`baseAceObjectId`, `name`, `typeId`, `paletteId`, `ammoType`, `blipColor`, `bitField`, `burden`, `combatUse`, `cooldownDuration`, `cooldownId`, `effects`, `containersCapacity`, `header`, `hookTypeId`, `iconId`, `iconOverlayId`, `iconUnderlayId`, `hookItemTypes`, `itemsCapacity`, `location`, `materialType`, `maxStackSize`, `maxStructure`, `radar`, `pscript`, `spellId`, `stackSize`, `structure`, `targetTypeId`, `usability`, `useRadius`, `validLocations`, `value`, `workmanship`, `animationFrameId`, `defaultScript`, `defaultScriptIntensity`, `elasticity`, `friction`, `locationId`, `modelTableId`, `objectScale`, `physicsBitField`, `physicsTableId`, `motionTableId`, `soundTableId`, `physicsState`, `translucency`)
VALUES (3628, 'The Pit Dungeon Portal', 65536, 0, 0, 0, 262164, 0, 0, 0, 0, 0, 0, 8388656, 0, 100667499, 0, 0, 0, 0, 0, 0, 0, 0, 4, 0, 0, 0, 0, 0, 32, -0.1, 0, 0, 0, 0, 0, 0, 0, 0, 0, 33555924, 0, 98307, 0, 150994947, 0, 3084, 0);

INSERT INTO weenie_class (`weenieClassId`, `baseAceObjectId`)
VALUES (3628, 3628);

INSERT INTO `base_ace_object` (`baseAceObjectId`, `name`, `typeId`, `paletteId`, `ammoType`, `blipColor`, `bitField`, `burden`, `combatUse`, `cooldownDuration`, `cooldownId`, `effects`, `containersCapacity`, `header`, `hookTypeId`, `iconId`, `iconOverlayId`, `iconUnderlayId`, `hookItemTypes`, `itemsCapacity`, `location`, `materialType`, `maxStackSize`, `maxStructure`, `radar`, `pscript`, `spellId`, `stackSize`, `structure`, `targetTypeId`, `usability`, `useRadius`, `validLocations`, `value`, `workmanship`, `animationFrameId`, `defaultScript`, `defaultScriptIntensity`, `elasticity`, `friction`, `locationId`, `modelTableId`, `objectScale`, `physicsBitField`, `physicsTableId`, `motionTableId`, `soundTableId`, `physicsState`, `translucency`)
VALUES (3629, 'Surface', 65536, 0, 0, 0, 262164, 0, 0, 0, 0, 0, 0, 8388656, 0, 100667499, 0, 0, 0, 0, 0, 0, 0, 0, 4, 0, 0, 0, 0, 0, 32, -0.1, 0, 0, 0, 0, 0, 0, 0, 0, 0, 33554867, 0, 98307, 0, 150994947, 0, 3084, 0);

INSERT INTO weenie_class (`weenieClassId`, `baseAceObjectId`)
VALUES (3629, 3629);

INSERT INTO `base_ace_object` (`baseAceObjectId`, `name`, `typeId`, `paletteId`, `ammoType`, `blipColor`, `bitField`, `burden`, `combatUse`, `cooldownDuration`, `cooldownId`, `effects`, `containersCapacity`, `header`, `hookTypeId`, `iconId`, `iconOverlayId`, `iconUnderlayId`, `hookItemTypes`, `itemsCapacity`, `location`, `materialType`, `maxStackSize`, `maxStructure`, `radar`, `pscript`, `spellId`, `stackSize`, `structure`, `targetTypeId`, `usability`, `useRadius`, `validLocations`, `value`, `workmanship`, `animationFrameId`, `defaultScript`, `defaultScriptIntensity`, `elasticity`, `friction`, `locationId`, `modelTableId`, `objectScale`, `physicsBitField`, `physicsTableId`, `motionTableId`, `soundTableId`, `physicsState`, `translucency`)
VALUES (30395, 'Portal to the Beach Fort', 65536, 0, 0, 0, 262164, 0, 0, 0, 0, 0, 0, 8388656, 0, 100667499, 0, 0, 0, 0, 0, 0, 0, 0, 4, 0, 0, 0, 0, 0, 32, -0.1, 0, 0, 0, 0, 0, 0, 0, 0, 0, 33555924, 0, 98307, 0, 150994947, 0, 3084, 0);

INSERT INTO weenie_class (`weenieClassId`, `baseAceObjectId`)
VALUES (30395, 30395);

INSERT INTO `base_ace_object` (`baseAceObjectId`, `name`, `typeId`, `paletteId`, `ammoType`, `blipColor`, `bitField`, `burden`, `combatUse`, `cooldownDuration`, `cooldownId`, `effects`, `containersCapacity`, `header`, `hookTypeId`, `iconId`, `iconOverlayId`, `iconUnderlayId`, `hookItemTypes`, `itemsCapacity`, `location`, `materialType`, `maxStackSize`, `maxStructure`, `radar`, `pscript`, `spellId`, `stackSize`, `structure`, `targetTypeId`, `usability`, `useRadius`, `validLocations`, `value`, `workmanship`, `animationFrameId`, `defaultScript`, `defaultScriptIntensity`, `elasticity`, `friction`, `locationId`, `modelTableId`, `objectScale`, `physicsBitField`, `physicsTableId`, `motionTableId`, `soundTableId`, `physicsState`, `translucency`)
VALUES (24633, 'Olthoi Brood Hive', 65536, 0, 0, 0, 262164, 0, 0, 0, 0, 0, 0, 8388656, 0, 100667499, 0, 0, 0, 0, 0, 0, 0, 0, 4, 0, 0, 0, 0, 0, 32, -0.1, 0, 0, 0, 0, 0, 0, 0, 0, 0, 33555925, 0, 98307, 0, 150994947, 0, 3084, 0);

INSERT INTO weenie_class (`weenieClassId`, `baseAceObjectId`)
VALUES (24633, 24633);

INSERT INTO `base_ace_object` (`baseAceObjectId`, `name`, `typeId`, `paletteId`, `ammoType`, `blipColor`, `bitField`, `burden`, `combatUse`, `cooldownDuration`, `cooldownId`, `effects`, `containersCapacity`, `header`, `hookTypeId`, `iconId`, `iconOverlayId`, `iconUnderlayId`, `hookItemTypes`, `itemsCapacity`, `location`, `materialType`, `maxStackSize`, `maxStructure`, `radar`, `pscript`, `spellId`, `stackSize`, `structure`, `targetTypeId`, `usability`, `useRadius`, `validLocations`, `value`, `workmanship`, `animationFrameId`, `defaultScript`, `defaultScriptIntensity`, `elasticity`, `friction`, `locationId`, `modelTableId`, `objectScale`, `physicsBitField`, `physicsTableId`, `motionTableId`, `soundTableId`, `physicsState`, `translucency`)
VALUES (5518, 'Surface Portal', 65536, 0, 0, 0, 262164, 0, 0, 0, 0, 0, 0, 8388656, 0, 100667499, 0, 0, 0, 0, 0, 0, 0, 0, 4, 0, 0, 0, 0, 0, 32, -0.1, 0, 0, 0, 0, 0, 0, 0, 0, 0, 33554867, 0, 98307, 0, 150994947, 0, 3084, 0);

INSERT INTO weenie_class (`weenieClassId`, `baseAceObjectId`)
VALUES (5518, 5518);

INSERT INTO `base_ace_object` (`baseAceObjectId`, `name`, `typeId`, `paletteId`, `ammoType`, `blipColor`, `bitField`, `burden`, `combatUse`, `cooldownDuration`, `cooldownId`, `effects`, `containersCapacity`, `header`, `hookTypeId`, `iconId`, `iconOverlayId`, `iconUnderlayId`, `hookItemTypes`, `itemsCapacity`, `location`, `materialType`, `maxStackSize`, `maxStructure`, `radar`, `pscript`, `spellId`, `stackSize`, `structure`, `targetTypeId`, `usability`, `useRadius`, `validLocations`, `value`, `workmanship`, `animationFrameId`, `defaultScript`, `defaultScriptIntensity`, `elasticity`, `friction`, `locationId`, `modelTableId`, `objectScale`, `physicsBitField`, `physicsTableId`, `motionTableId`, `soundTableId`, `physicsState`, `translucency`)
VALUES (1118, 'Black Death Catacombs Portal', 65536, 0, 0, 0, 262164, 0, 0, 0, 0, 0, 0, 8388656, 0, 100667499, 0, 0, 0, 0, 0, 0, 0, 0, 4, 0, 0, 0, 0, 0, 32, -0.1, 0, 0, 0, 0, 0, 0, 0, 0, 0, 33555923, 0, 98307, 0, 150994947, 0, 3084, 0);

INSERT INTO weenie_class (`weenieClassId`, `baseAceObjectId`)
VALUES (1118, 1118);

INSERT INTO `base_ace_object` (`baseAceObjectId`, `name`, `typeId`, `paletteId`, `ammoType`, `blipColor`, `bitField`, `burden`, `combatUse`, `cooldownDuration`, `cooldownId`, `effects`, `containersCapacity`, `header`, `hookTypeId`, `iconId`, `iconOverlayId`, `iconUnderlayId`, `hookItemTypes`, `itemsCapacity`, `location`, `materialType`, `maxStackSize`, `maxStructure`, `radar`, `pscript`, `spellId`, `stackSize`, `structure`, `targetTypeId`, `usability`, `useRadius`, `validLocations`, `value`, `workmanship`, `animationFrameId`, `defaultScript`, `defaultScriptIntensity`, `elasticity`, `friction`, `locationId`, `modelTableId`, `objectScale`, `physicsBitField`, `physicsTableId`, `motionTableId`, `soundTableId`, `physicsState`, `translucency`)
VALUES (35739, 'Deeper Catacombs', 65536, 0, 0, 0, 262164, 0, 0, 0, 0, 0, 0, 8388656, 0, 100667499, 0, 0, 0, 0, 0, 0, 0, 0, 4, 0, 0, 0, 0, 0, 1, -0.1, 0, 0, 0, 0, 0, 0, 0, 0, 0, 33555925, 0, 98307, 0, 150994947, 0, 3092, 0);

INSERT INTO weenie_class (`weenieClassId`, `baseAceObjectId`)
VALUES (35739, 35739);

INSERT INTO `base_ace_object` (`baseAceObjectId`, `name`, `typeId`, `paletteId`, `ammoType`, `blipColor`, `bitField`, `burden`, `combatUse`, `cooldownDuration`, `cooldownId`, `effects`, `containersCapacity`, `header`, `hookTypeId`, `iconId`, `iconOverlayId`, `iconUnderlayId`, `hookItemTypes`, `itemsCapacity`, `location`, `materialType`, `maxStackSize`, `maxStructure`, `radar`, `pscript`, `spellId`, `stackSize`, `structure`, `targetTypeId`, `usability`, `useRadius`, `validLocations`, `value`, `workmanship`, `animationFrameId`, `defaultScript`, `defaultScriptIntensity`, `elasticity`, `friction`, `locationId`, `modelTableId`, `objectScale`, `physicsBitField`, `physicsTableId`, `motionTableId`, `soundTableId`, `physicsState`, `translucency`)
VALUES (24330, 'Lower Corridor', 65536, 0, 0, 0, 262164, 0, 0, 0, 0, 0, 0, 8388656, 0, 100667499, 0, 0, 0, 0, 0, 0, 0, 0, 4, 0, 0, 0, 0, 0, 32, -0.1, 0, 0, 0, 0, 0, 0, 0, 0, 0, 33554867, 0, 98307, 0, 150994947, 0, 3084, 0);

INSERT INTO weenie_class (`weenieClassId`, `baseAceObjectId`)
VALUES (24330, 24330);

INSERT INTO `base_ace_object` (`baseAceObjectId`, `name`, `typeId`, `paletteId`, `ammoType`, `blipColor`, `bitField`, `burden`, `combatUse`, `cooldownDuration`, `cooldownId`, `effects`, `containersCapacity`, `header`, `hookTypeId`, `iconId`, `iconOverlayId`, `iconUnderlayId`, `hookItemTypes`, `itemsCapacity`, `location`, `materialType`, `maxStackSize`, `maxStructure`, `radar`, `pscript`, `spellId`, `stackSize`, `structure`, `targetTypeId`, `usability`, `useRadius`, `validLocations`, `value`, `workmanship`, `animationFrameId`, `defaultScript`, `defaultScriptIntensity`, `elasticity`, `friction`, `locationId`, `modelTableId`, `objectScale`, `physicsBitField`, `physicsTableId`, `motionTableId`, `soundTableId`, `physicsState`, `translucency`)
VALUES (24328, 'Lower Corridor', 65536, 0, 0, 0, 262164, 0, 0, 0, 0, 0, 0, 8388656, 0, 100667499, 0, 0, 0, 0, 0, 0, 0, 0, 4, 0, 0, 0, 0, 0, 32, -0.1, 0, 0, 0, 0, 0, 0, 0, 0, 0, 33554867, 0, 98307, 0, 150994947, 0, 3084, 0);

INSERT INTO weenie_class (`weenieClassId`, `baseAceObjectId`)
VALUES (24328, 24328);

INSERT INTO `base_ace_object` (`baseAceObjectId`, `name`, `typeId`, `paletteId`, `ammoType`, `blipColor`, `bitField`, `burden`, `combatUse`, `cooldownDuration`, `cooldownId`, `effects`, `containersCapacity`, `header`, `hookTypeId`, `iconId`, `iconOverlayId`, `iconUnderlayId`, `hookItemTypes`, `itemsCapacity`, `location`, `materialType`, `maxStackSize`, `maxStructure`, `radar`, `pscript`, `spellId`, `stackSize`, `structure`, `targetTypeId`, `usability`, `useRadius`, `validLocations`, `value`, `workmanship`, `animationFrameId`, `defaultScript`, `defaultScriptIntensity`, `elasticity`, `friction`, `locationId`, `modelTableId`, `objectScale`, `physicsBitField`, `physicsTableId`, `motionTableId`, `soundTableId`, `physicsState`, `translucency`)
VALUES (24334, 'Upper Corridor', 65536, 0, 0, 0, 262164, 0, 0, 0, 0, 0, 0, 8388656, 0, 100667499, 0, 0, 0, 0, 0, 0, 0, 0, 4, 0, 0, 0, 0, 0, 32, -0.1, 0, 0, 0, 0, 0, 0, 0, 0, 0, 33554867, 0, 98307, 0, 150994947, 0, 3084, 0);

INSERT INTO weenie_class (`weenieClassId`, `baseAceObjectId`)
VALUES (24334, 24334);

INSERT INTO `base_ace_object` (`baseAceObjectId`, `name`, `typeId`, `paletteId`, `ammoType`, `blipColor`, `bitField`, `burden`, `combatUse`, `cooldownDuration`, `cooldownId`, `effects`, `containersCapacity`, `header`, `hookTypeId`, `iconId`, `iconOverlayId`, `iconUnderlayId`, `hookItemTypes`, `itemsCapacity`, `location`, `materialType`, `maxStackSize`, `maxStructure`, `radar`, `pscript`, `spellId`, `stackSize`, `structure`, `targetTypeId`, `usability`, `useRadius`, `validLocations`, `value`, `workmanship`, `animationFrameId`, `defaultScript`, `defaultScriptIntensity`, `elasticity`, `friction`, `locationId`, `modelTableId`, `objectScale`, `physicsBitField`, `physicsTableId`, `motionTableId`, `soundTableId`, `physicsState`, `translucency`)
VALUES (24336, 'Upper Corridor', 65536, 0, 0, 0, 262164, 0, 0, 0, 0, 0, 0, 8388656, 0, 100667499, 0, 0, 0, 0, 0, 0, 0, 0, 4, 0, 0, 0, 0, 0, 32, -0.1, 0, 0, 0, 0, 0, 0, 0, 0, 0, 33554867, 0, 98307, 0, 150994947, 0, 3084, 0);

INSERT INTO weenie_class (`weenieClassId`, `baseAceObjectId`)
VALUES (24336, 24336);

INSERT INTO `base_ace_object` (`baseAceObjectId`, `name`, `typeId`, `paletteId`, `ammoType`, `blipColor`, `bitField`, `burden`, `combatUse`, `cooldownDuration`, `cooldownId`, `effects`, `containersCapacity`, `header`, `hookTypeId`, `iconId`, `iconOverlayId`, `iconUnderlayId`, `hookItemTypes`, `itemsCapacity`, `location`, `materialType`, `maxStackSize`, `maxStructure`, `radar`, `pscript`, `spellId`, `stackSize`, `structure`, `targetTypeId`, `usability`, `useRadius`, `validLocations`, `value`, `workmanship`, `animationFrameId`, `defaultScript`, `defaultScriptIntensity`, `elasticity`, `friction`, `locationId`, `modelTableId`, `objectScale`, `physicsBitField`, `physicsTableId`, `motionTableId`, `soundTableId`, `physicsState`, `translucency`)
VALUES (24337, 'Upper Corridor', 65536, 0, 0, 0, 262164, 0, 0, 0, 0, 0, 0, 8388656, 0, 100667499, 0, 0, 0, 0, 0, 0, 0, 0, 4, 0, 0, 0, 0, 0, 32, -0.1, 0, 0, 0, 0, 0, 0, 0, 0, 0, 33554867, 0, 98307, 0, 150994947, 0, 3084, 0);

INSERT INTO weenie_class (`weenieClassId`, `baseAceObjectId`)
VALUES (24337, 24337);

INSERT INTO `base_ace_object` (`baseAceObjectId`, `name`, `typeId`, `paletteId`, `ammoType`, `blipColor`, `bitField`, `burden`, `combatUse`, `cooldownDuration`, `cooldownId`, `effects`, `containersCapacity`, `header`, `hookTypeId`, `iconId`, `iconOverlayId`, `iconUnderlayId`, `hookItemTypes`, `itemsCapacity`, `location`, `materialType`, `maxStackSize`, `maxStructure`, `radar`, `pscript`, `spellId`, `stackSize`, `structure`, `targetTypeId`, `usability`, `useRadius`, `validLocations`, `value`, `workmanship`, `animationFrameId`, `defaultScript`, `defaultScriptIntensity`, `elasticity`, `friction`, `locationId`, `modelTableId`, `objectScale`, `physicsBitField`, `physicsTableId`, `motionTableId`, `soundTableId`, `physicsState`, `translucency`)
VALUES (24226, 'Deeper Catacombs', 65536, 0, 0, 0, 262164, 0, 0, 0, 0, 0, 0, 8388656, 0, 100667499, 0, 0, 0, 0, 0, 0, 0, 0, 4, 0, 0, 0, 0, 0, 32, -0.1, 0, 0, 0, 0, 0, 0, 0, 0, 0, 33554867, 0, 98307, 0, 150994947, 0, 3084, 0);

INSERT INTO weenie_class (`weenieClassId`, `baseAceObjectId`)
VALUES (24226, 24226);

INSERT INTO `base_ace_object` (`baseAceObjectId`, `name`, `typeId`, `paletteId`, `ammoType`, `blipColor`, `bitField`, `burden`, `combatUse`, `cooldownDuration`, `cooldownId`, `effects`, `containersCapacity`, `header`, `hookTypeId`, `iconId`, `iconOverlayId`, `iconUnderlayId`, `hookItemTypes`, `itemsCapacity`, `location`, `materialType`, `maxStackSize`, `maxStructure`, `radar`, `pscript`, `spellId`, `stackSize`, `structure`, `targetTypeId`, `usability`, `useRadius`, `validLocations`, `value`, `workmanship`, `animationFrameId`, `defaultScript`, `defaultScriptIntensity`, `elasticity`, `friction`, `locationId`, `modelTableId`, `objectScale`, `physicsBitField`, `physicsTableId`, `motionTableId`, `soundTableId`, `physicsState`, `translucency`)
VALUES (24227, 'Catacombs of Opposition', 65536, 0, 0, 0, 262164, 0, 0, 0, 0, 0, 0, 8388656, 0, 100667499, 0, 0, 0, 0, 0, 0, 0, 0, 4, 0, 0, 0, 0, 0, 32, -0.1, 0, 0, 0, 0, 0, 0, 0, 0, 0, 33554867, 0, 98307, 0, 150994947, 0, 3084, 0);

INSERT INTO weenie_class (`weenieClassId`, `baseAceObjectId`)
VALUES (24227, 24227);

INSERT INTO `base_ace_object` (`baseAceObjectId`, `name`, `typeId`, `paletteId`, `ammoType`, `blipColor`, `bitField`, `burden`, `combatUse`, `cooldownDuration`, `cooldownId`, `effects`, `containersCapacity`, `header`, `hookTypeId`, `iconId`, `iconOverlayId`, `iconUnderlayId`, `hookItemTypes`, `itemsCapacity`, `location`, `materialType`, `maxStackSize`, `maxStructure`, `radar`, `pscript`, `spellId`, `stackSize`, `structure`, `targetTypeId`, `usability`, `useRadius`, `validLocations`, `value`, `workmanship`, `animationFrameId`, `defaultScript`, `defaultScriptIntensity`, `elasticity`, `friction`, `locationId`, `modelTableId`, `objectScale`, `physicsBitField`, `physicsTableId`, `motionTableId`, `soundTableId`, `physicsState`, `translucency`)
VALUES (31342, 'KEEP OUT!', 65536, 0, 0, 0, 262164, 0, 0, 0, 0, 0, 0, 8388656, 0, 100667499, 0, 0, 0, 0, 0, 0, 0, 0, 4, 0, 0, 0, 0, 0, 32, -0.1, 0, 0, 0, 0, 0, 0, 0, 0, 0, 33555925, 0, 98307, 0, 150994947, 0, 3084, 0);

INSERT INTO weenie_class (`weenieClassId`, `baseAceObjectId`)
VALUES (31342, 31342);

INSERT INTO `base_ace_object` (`baseAceObjectId`, `name`, `typeId`, `paletteId`, `ammoType`, `blipColor`, `bitField`, `burden`, `combatUse`, `cooldownDuration`, `cooldownId`, `effects`, `containersCapacity`, `header`, `hookTypeId`, `iconId`, `iconOverlayId`, `iconUnderlayId`, `hookItemTypes`, `itemsCapacity`, `location`, `materialType`, `maxStackSize`, `maxStructure`, `radar`, `pscript`, `spellId`, `stackSize`, `structure`, `targetTypeId`, `usability`, `useRadius`, `validLocations`, `value`, `workmanship`, `animationFrameId`, `defaultScript`, `defaultScriptIntensity`, `elasticity`, `friction`, `locationId`, `modelTableId`, `objectScale`, `physicsBitField`, `physicsTableId`, `motionTableId`, `soundTableId`, `physicsState`, `translucency`)
VALUES (31341, 'Bandit Castle', 65536, 0, 0, 0, 262164, 0, 0, 0, 0, 0, 0, 8388656, 0, 100667499, 0, 0, 0, 0, 0, 0, 0, 0, 4, 0, 0, 0, 0, 0, 32, -0.1, 0, 0, 0, 0, 0, 0, 0, 0, 0, 33554867, 0, 98307, 0, 150994947, 0, 3084, 0);

INSERT INTO weenie_class (`weenieClassId`, `baseAceObjectId`)
VALUES (31341, 31341);

INSERT INTO `base_ace_object` (`baseAceObjectId`, `name`, `typeId`, `paletteId`, `ammoType`, `blipColor`, `bitField`, `burden`, `combatUse`, `cooldownDuration`, `cooldownId`, `effects`, `containersCapacity`, `header`, `hookTypeId`, `iconId`, `iconOverlayId`, `iconUnderlayId`, `hookItemTypes`, `itemsCapacity`, `location`, `materialType`, `maxStackSize`, `maxStructure`, `radar`, `pscript`, `spellId`, `stackSize`, `structure`, `targetTypeId`, `usability`, `useRadius`, `validLocations`, `value`, `workmanship`, `animationFrameId`, `defaultScript`, `defaultScriptIntensity`, `elasticity`, `friction`, `locationId`, `modelTableId`, `objectScale`, `physicsBitField`, `physicsTableId`, `motionTableId`, `soundTableId`, `physicsState`, `translucency`)
VALUES (9143, 'South Tumerok Vanguard Outpost', 65536, 0, 0, 0, 262164, 0, 0, 0, 0, 0, 0, 8388656, 0, 100667499, 0, 0, 0, 0, 0, 0, 0, 0, 4, 0, 0, 0, 0, 0, 32, -0.1, 0, 0, 0, 0, 0, 0, 0, 0, 0, 33555923, 0, 98307, 0, 150994947, 0, 3084, 0);

INSERT INTO weenie_class (`weenieClassId`, `baseAceObjectId`)
VALUES (9143, 9143);

INSERT INTO `base_ace_object` (`baseAceObjectId`, `name`, `typeId`, `paletteId`, `ammoType`, `blipColor`, `bitField`, `burden`, `combatUse`, `cooldownDuration`, `cooldownId`, `effects`, `containersCapacity`, `header`, `hookTypeId`, `iconId`, `iconOverlayId`, `iconUnderlayId`, `hookItemTypes`, `itemsCapacity`, `location`, `materialType`, `maxStackSize`, `maxStructure`, `radar`, `pscript`, `spellId`, `stackSize`, `structure`, `targetTypeId`, `usability`, `useRadius`, `validLocations`, `value`, `workmanship`, `animationFrameId`, `defaultScript`, `defaultScriptIntensity`, `elasticity`, `friction`, `locationId`, `modelTableId`, `objectScale`, `physicsBitField`, `physicsTableId`, `motionTableId`, `soundTableId`, `physicsState`, `translucency`)
VALUES (9144, 'Surface', 65536, 0, 0, 0, 262164, 0, 0, 0, 0, 0, 0, 8388656, 0, 100667499, 0, 0, 0, 0, 0, 0, 0, 0, 4, 0, 0, 0, 0, 0, 32, -0.1, 0, 0, 0, 0, 0, 0, 0, 0, 0, 33554867, 0, 98307, 0, 150994947, 0, 3084, 0);

INSERT INTO weenie_class (`weenieClassId`, `baseAceObjectId`)
VALUES (9144, 9144);

INSERT INTO `base_ace_object` (`baseAceObjectId`, `name`, `typeId`, `paletteId`, `ammoType`, `blipColor`, `bitField`, `burden`, `combatUse`, `cooldownDuration`, `cooldownId`, `effects`, `containersCapacity`, `header`, `hookTypeId`, `iconId`, `iconOverlayId`, `iconUnderlayId`, `hookItemTypes`, `itemsCapacity`, `location`, `materialType`, `maxStackSize`, `maxStructure`, `radar`, `pscript`, `spellId`, `stackSize`, `structure`, `targetTypeId`, `usability`, `useRadius`, `validLocations`, `value`, `workmanship`, `animationFrameId`, `defaultScript`, `defaultScriptIntensity`, `elasticity`, `friction`, `locationId`, `modelTableId`, `objectScale`, `physicsBitField`, `physicsTableId`, `motionTableId`, `soundTableId`, `physicsState`, `translucency`)
VALUES (13118, 'North Yaraq Villas Portal', 65536, 0, 0, 0, 262164, 0, 0, 0, 0, 0, 0, 8388656, 0, 100667499, 0, 0, 0, 0, 0, 0, 0, 0, 4, 0, 0, 0, 0, 0, 32, -0.1, 0, 0, 0, 0, 0, 0, 0, 0, 0, 33554867, 0, 98307, 0, 150994947, 0, 3084, 0);

INSERT INTO weenie_class (`weenieClassId`, `baseAceObjectId`)
VALUES (13118, 13118);

INSERT INTO `base_ace_object` (`baseAceObjectId`, `name`, `typeId`, `paletteId`, `ammoType`, `blipColor`, `bitField`, `burden`, `combatUse`, `cooldownDuration`, `cooldownId`, `effects`, `containersCapacity`, `header`, `hookTypeId`, `iconId`, `iconOverlayId`, `iconUnderlayId`, `hookItemTypes`, `itemsCapacity`, `location`, `materialType`, `maxStackSize`, `maxStructure`, `radar`, `pscript`, `spellId`, `stackSize`, `structure`, `targetTypeId`, `usability`, `useRadius`, `validLocations`, `value`, `workmanship`, `animationFrameId`, `defaultScript`, `defaultScriptIntensity`, `elasticity`, `friction`, `locationId`, `modelTableId`, `objectScale`, `physicsBitField`, `physicsTableId`, `motionTableId`, `soundTableId`, `physicsState`, `translucency`)
VALUES (12555, 'South Yaraq Cottages Portal', 65536, 0, 0, 0, 262164, 0, 0, 0, 0, 0, 0, 8388656, 0, 100667499, 0, 0, 0, 0, 0, 0, 0, 0, 4, 0, 0, 0, 0, 0, 32, -0.1, 0, 0, 0, 0, 0, 0, 0, 0, 0, 33554867, 0, 98307, 0, 150994947, 0, 3084, 0);

INSERT INTO weenie_class (`weenieClassId`, `baseAceObjectId`)
VALUES (12555, 12555);

INSERT INTO `base_ace_object` (`baseAceObjectId`, `name`, `typeId`, `paletteId`, `ammoType`, `blipColor`, `bitField`, `burden`, `combatUse`, `cooldownDuration`, `cooldownId`, `effects`, `containersCapacity`, `header`, `hookTypeId`, `iconId`, `iconOverlayId`, `iconUnderlayId`, `hookItemTypes`, `itemsCapacity`, `location`, `materialType`, `maxStackSize`, `maxStructure`, `radar`, `pscript`, `spellId`, `stackSize`, `structure`, `targetTypeId`, `usability`, `useRadius`, `validLocations`, `value`, `workmanship`, `animationFrameId`, `defaultScript`, `defaultScriptIntensity`, `elasticity`, `friction`, `locationId`, `modelTableId`, `objectScale`, `physicsBitField`, `physicsTableId`, `motionTableId`, `soundTableId`, `physicsState`, `translucency`)
VALUES (12471, 'Aqalah Portal', 65536, 0, 0, 0, 262164, 0, 0, 0, 0, 0, 0, 8388656, 0, 100667499, 0, 0, 0, 0, 0, 0, 0, 0, 4, 0, 0, 0, 0, 0, 32, -0.1, 0, 0, 0, 0, 0, 0, 0, 0, 0, 33554867, 0, 98307, 0, 150994947, 0, 3084, 0);

INSERT INTO weenie_class (`weenieClassId`, `baseAceObjectId`)
VALUES (12471, 12471);

INSERT INTO `base_ace_object` (`baseAceObjectId`, `name`, `typeId`, `paletteId`, `ammoType`, `blipColor`, `bitField`, `burden`, `combatUse`, `cooldownDuration`, `cooldownId`, `effects`, `containersCapacity`, `header`, `hookTypeId`, `iconId`, `iconOverlayId`, `iconUnderlayId`, `hookItemTypes`, `itemsCapacity`, `location`, `materialType`, `maxStackSize`, `maxStructure`, `radar`, `pscript`, `spellId`, `stackSize`, `structure`, `targetTypeId`, `usability`, `useRadius`, `validLocations`, `value`, `workmanship`, `animationFrameId`, `defaultScript`, `defaultScriptIntensity`, `elasticity`, `friction`, `locationId`, `modelTableId`, `objectScale`, `physicsBitField`, `physicsTableId`, `motionTableId`, `soundTableId`, `physicsState`, `translucency`)
VALUES (12565, 'Wi Badlands Settlement Portal', 65536, 0, 0, 0, 262164, 0, 0, 0, 0, 0, 0, 8388656, 0, 100667499, 0, 0, 0, 0, 0, 0, 0, 0, 4, 0, 0, 0, 0, 0, 32, -0.1, 0, 0, 0, 0, 0, 0, 0, 0, 0, 33554867, 0, 98307, 0, 150994947, 0, 3084, 0);

INSERT INTO weenie_class (`weenieClassId`, `baseAceObjectId`)
VALUES (12565, 12565);

INSERT INTO `base_ace_object` (`baseAceObjectId`, `name`, `typeId`, `paletteId`, `ammoType`, `blipColor`, `bitField`, `burden`, `combatUse`, `cooldownDuration`, `cooldownId`, `effects`, `containersCapacity`, `header`, `hookTypeId`, `iconId`, `iconOverlayId`, `iconUnderlayId`, `hookItemTypes`, `itemsCapacity`, `location`, `materialType`, `maxStackSize`, `maxStructure`, `radar`, `pscript`, `spellId`, `stackSize`, `structure`, `targetTypeId`, `usability`, `useRadius`, `validLocations`, `value`, `workmanship`, `animationFrameId`, `defaultScript`, `defaultScriptIntensity`, `elasticity`, `friction`, `locationId`, `modelTableId`, `objectScale`, `physicsBitField`, `physicsTableId`, `motionTableId`, `soundTableId`, `physicsState`, `translucency`)
VALUES (12504, 'Ijaniya  Portal', 65536, 0, 0, 0, 262164, 0, 0, 0, 0, 0, 0, 8388656, 0, 100667499, 0, 0, 0, 0, 0, 0, 0, 0, 4, 0, 0, 0, 0, 0, 32, -0.1, 0, 0, 0, 0, 0, 0, 0, 0, 0, 33554867, 0, 98307, 0, 150994947, 0, 3084, 0);

INSERT INTO weenie_class (`weenieClassId`, `baseAceObjectId`)
VALUES (12504, 12504);

INSERT INTO `base_ace_object` (`baseAceObjectId`, `name`, `typeId`, `paletteId`, `ammoType`, `blipColor`, `bitField`, `burden`, `combatUse`, `cooldownDuration`, `cooldownId`, `effects`, `containersCapacity`, `header`, `hookTypeId`, `iconId`, `iconOverlayId`, `iconUnderlayId`, `hookItemTypes`, `itemsCapacity`, `location`, `materialType`, `maxStackSize`, `maxStructure`, `radar`, `pscript`, `spellId`, `stackSize`, `structure`, `targetTypeId`, `usability`, `useRadius`, `validLocations`, `value`, `workmanship`, `animationFrameId`, `defaultScript`, `defaultScriptIntensity`, `elasticity`, `friction`, `locationId`, `modelTableId`, `objectScale`, `physicsBitField`, `physicsTableId`, `motionTableId`, `soundTableId`, `physicsState`, `translucency`)
VALUES (27479, 'Renegade Fortress', 65536, 0, 0, 0, 262164, 0, 0, 0, 0, 0, 0, 8388656, 0, 100667499, 0, 0, 0, 0, 0, 0, 0, 0, 4, 0, 0, 0, 0, 0, 32, -0.1, 0, 0, 0, 0, 0, 0, 0, 0, 0, 33555924, 0, 98307, 0, 150994947, 0, 3084, 0);

INSERT INTO weenie_class (`weenieClassId`, `baseAceObjectId`)
VALUES (27479, 27479);

INSERT INTO `base_ace_object` (`baseAceObjectId`, `name`, `typeId`, `paletteId`, `ammoType`, `blipColor`, `bitField`, `burden`, `combatUse`, `cooldownDuration`, `cooldownId`, `effects`, `containersCapacity`, `header`, `hookTypeId`, `iconId`, `iconOverlayId`, `iconUnderlayId`, `hookItemTypes`, `itemsCapacity`, `location`, `materialType`, `maxStackSize`, `maxStructure`, `radar`, `pscript`, `spellId`, `stackSize`, `structure`, `targetTypeId`, `usability`, `useRadius`, `validLocations`, `value`, `workmanship`, `animationFrameId`, `defaultScript`, `defaultScriptIntensity`, `elasticity`, `friction`, `locationId`, `modelTableId`, `objectScale`, `physicsBitField`, `physicsTableId`, `motionTableId`, `soundTableId`, `physicsState`, `translucency`)
VALUES (40349, 'Renegade Fortress', 65536, 0, 0, 0, 262164, 0, 0, 0, 0, 0, 0, 8388656, 0, 100667499, 0, 0, 0, 0, 0, 0, 0, 0, 4, 0, 0, 0, 0, 0, 32, -0.1, 0, 0, 0, 0, 0, 0, 0, 0, 0, 33555925, 0, 98307, 0, 150994947, 0, 3084, 0);

INSERT INTO weenie_class (`weenieClassId`, `baseAceObjectId`)
VALUES (40349, 40349);

INSERT INTO `base_ace_object` (`baseAceObjectId`, `name`, `typeId`, `paletteId`, `ammoType`, `blipColor`, `bitField`, `burden`, `combatUse`, `cooldownDuration`, `cooldownId`, `effects`, `containersCapacity`, `header`, `hookTypeId`, `iconId`, `iconOverlayId`, `iconUnderlayId`, `hookItemTypes`, `itemsCapacity`, `location`, `materialType`, `maxStackSize`, `maxStructure`, `radar`, `pscript`, `spellId`, `stackSize`, `structure`, `targetTypeId`, `usability`, `useRadius`, `validLocations`, `value`, `workmanship`, `animationFrameId`, `defaultScript`, `defaultScriptIntensity`, `elasticity`, `friction`, `locationId`, `modelTableId`, `objectScale`, `physicsBitField`, `physicsTableId`, `motionTableId`, `soundTableId`, `physicsState`, `translucency`)
VALUES (27480, 'Portal to the Surface', 65536, 0, 0, 0, 262164, 0, 0, 0, 0, 0, 0, 8388656, 0, 100667499, 0, 0, 0, 0, 0, 0, 0, 0, 4, 0, 0, 0, 0, 0, 32, -0.1, 0, 0, 0, 0, 0, 0, 0, 0, 0, 33554867, 0, 98307, 0, 150994947, 0, 3084, 0);

INSERT INTO weenie_class (`weenieClassId`, `baseAceObjectId`)
VALUES (27480, 27480);

INSERT INTO `base_ace_object` (`baseAceObjectId`, `name`, `typeId`, `paletteId`, `ammoType`, `blipColor`, `bitField`, `burden`, `combatUse`, `cooldownDuration`, `cooldownId`, `effects`, `containersCapacity`, `header`, `hookTypeId`, `iconId`, `iconOverlayId`, `iconUnderlayId`, `hookItemTypes`, `itemsCapacity`, `location`, `materialType`, `maxStackSize`, `maxStructure`, `radar`, `pscript`, `spellId`, `stackSize`, `structure`, `targetTypeId`, `usability`, `useRadius`, `validLocations`, `value`, `workmanship`, `animationFrameId`, `defaultScript`, `defaultScriptIntensity`, `elasticity`, `friction`, `locationId`, `modelTableId`, `objectScale`, `physicsBitField`, `physicsTableId`, `motionTableId`, `soundTableId`, `physicsState`, `translucency`)
VALUES (28478, 'Vile-Smelling Refuse', 65536, 0, 0, 0, 262292, 0, 0, 0, 0, 0, 0, 8388656, 0, 100667499, 0, 0, 0, 0, 0, 0, 0, 0, 4, 0, 0, 0, 0, 0, 32, -0.1, 0, 0, 0, 0, 0, 0, 0, 0, 0, 33558852, 1.5, 32897, 0, 0, 0, 3084, 0);

INSERT INTO weenie_class (`weenieClassId`, `baseAceObjectId`)
VALUES (28478, 28478);

INSERT INTO `base_ace_object` (`baseAceObjectId`, `name`, `typeId`, `paletteId`, `ammoType`, `blipColor`, `bitField`, `burden`, `combatUse`, `cooldownDuration`, `cooldownId`, `effects`, `containersCapacity`, `header`, `hookTypeId`, `iconId`, `iconOverlayId`, `iconUnderlayId`, `hookItemTypes`, `itemsCapacity`, `location`, `materialType`, `maxStackSize`, `maxStructure`, `radar`, `pscript`, `spellId`, `stackSize`, `structure`, `targetTypeId`, `usability`, `useRadius`, `validLocations`, `value`, `workmanship`, `animationFrameId`, `defaultScript`, `defaultScriptIntensity`, `elasticity`, `friction`, `locationId`, `modelTableId`, `objectScale`, `physicsBitField`, `physicsTableId`, `motionTableId`, `soundTableId`, `physicsState`, `translucency`)
VALUES (28483, 'Vile-Smelling Refuse', 65536, 0, 0, 0, 262292, 0, 0, 0, 0, 0, 0, 8388656, 0, 100667499, 0, 0, 0, 0, 0, 0, 0, 0, 4, 0, 0, 0, 0, 0, 32, -0.1, 0, 0, 0, 0, 0, 0, 0, 0, 0, 33558852, 1.5, 32897, 0, 0, 0, 3084, 0);

INSERT INTO weenie_class (`weenieClassId`, `baseAceObjectId`)
VALUES (28483, 28483);

INSERT INTO `base_ace_object` (`baseAceObjectId`, `name`, `typeId`, `paletteId`, `ammoType`, `blipColor`, `bitField`, `burden`, `combatUse`, `cooldownDuration`, `cooldownId`, `effects`, `containersCapacity`, `header`, `hookTypeId`, `iconId`, `iconOverlayId`, `iconUnderlayId`, `hookItemTypes`, `itemsCapacity`, `location`, `materialType`, `maxStackSize`, `maxStructure`, `radar`, `pscript`, `spellId`, `stackSize`, `structure`, `targetTypeId`, `usability`, `useRadius`, `validLocations`, `value`, `workmanship`, `animationFrameId`, `defaultScript`, `defaultScriptIntensity`, `elasticity`, `friction`, `locationId`, `modelTableId`, `objectScale`, `physicsBitField`, `physicsTableId`, `motionTableId`, `soundTableId`, `physicsState`, `translucency`)
VALUES (28482, 'Vile-Smelling Refuse', 65536, 0, 0, 0, 262292, 0, 0, 0, 0, 0, 0, 8388656, 0, 100667499, 0, 0, 0, 0, 0, 0, 0, 0, 4, 0, 0, 0, 0, 0, 32, -0.1, 0, 0, 0, 0, 0, 0, 0, 0, 0, 33558852, 1.5, 32897, 0, 0, 0, 3084, 0);

INSERT INTO weenie_class (`weenieClassId`, `baseAceObjectId`)
VALUES (28482, 28482);

INSERT INTO `base_ace_object` (`baseAceObjectId`, `name`, `typeId`, `paletteId`, `ammoType`, `blipColor`, `bitField`, `burden`, `combatUse`, `cooldownDuration`, `cooldownId`, `effects`, `containersCapacity`, `header`, `hookTypeId`, `iconId`, `iconOverlayId`, `iconUnderlayId`, `hookItemTypes`, `itemsCapacity`, `location`, `materialType`, `maxStackSize`, `maxStructure`, `radar`, `pscript`, `spellId`, `stackSize`, `structure`, `targetTypeId`, `usability`, `useRadius`, `validLocations`, `value`, `workmanship`, `animationFrameId`, `defaultScript`, `defaultScriptIntensity`, `elasticity`, `friction`, `locationId`, `modelTableId`, `objectScale`, `physicsBitField`, `physicsTableId`, `motionTableId`, `soundTableId`, `physicsState`, `translucency`)
VALUES (28479, 'Vile-Smelling Refuse', 65536, 0, 0, 0, 262292, 0, 0, 0, 0, 0, 0, 8388656, 0, 100667499, 0, 0, 0, 0, 0, 0, 0, 0, 4, 0, 0, 0, 0, 0, 32, -0.1, 0, 0, 0, 0, 0, 0, 0, 0, 0, 33558852, 1.5, 32897, 0, 0, 0, 3084, 0);

INSERT INTO weenie_class (`weenieClassId`, `baseAceObjectId`)
VALUES (28479, 28479);

INSERT INTO `base_ace_object` (`baseAceObjectId`, `name`, `typeId`, `paletteId`, `ammoType`, `blipColor`, `bitField`, `burden`, `combatUse`, `cooldownDuration`, `cooldownId`, `effects`, `containersCapacity`, `header`, `hookTypeId`, `iconId`, `iconOverlayId`, `iconUnderlayId`, `hookItemTypes`, `itemsCapacity`, `location`, `materialType`, `maxStackSize`, `maxStructure`, `radar`, `pscript`, `spellId`, `stackSize`, `structure`, `targetTypeId`, `usability`, `useRadius`, `validLocations`, `value`, `workmanship`, `animationFrameId`, `defaultScript`, `defaultScriptIntensity`, `elasticity`, `friction`, `locationId`, `modelTableId`, `objectScale`, `physicsBitField`, `physicsTableId`, `motionTableId`, `soundTableId`, `physicsState`, `translucency`)
VALUES (28481, 'Vile-Smelling Refuse', 65536, 0, 0, 0, 262292, 0, 0, 0, 0, 0, 0, 8388656, 0, 100667499, 0, 0, 0, 0, 0, 0, 0, 0, 4, 0, 0, 0, 0, 0, 32, -0.1, 0, 0, 0, 0, 0, 0, 0, 0, 0, 33558852, 1.5, 32897, 0, 0, 0, 3084, 0);

INSERT INTO weenie_class (`weenieClassId`, `baseAceObjectId`)
VALUES (28481, 28481);

INSERT INTO `base_ace_object` (`baseAceObjectId`, `name`, `typeId`, `paletteId`, `ammoType`, `blipColor`, `bitField`, `burden`, `combatUse`, `cooldownDuration`, `cooldownId`, `effects`, `containersCapacity`, `header`, `hookTypeId`, `iconId`, `iconOverlayId`, `iconUnderlayId`, `hookItemTypes`, `itemsCapacity`, `location`, `materialType`, `maxStackSize`, `maxStructure`, `radar`, `pscript`, `spellId`, `stackSize`, `structure`, `targetTypeId`, `usability`, `useRadius`, `validLocations`, `value`, `workmanship`, `animationFrameId`, `defaultScript`, `defaultScriptIntensity`, `elasticity`, `friction`, `locationId`, `modelTableId`, `objectScale`, `physicsBitField`, `physicsTableId`, `motionTableId`, `soundTableId`, `physicsState`, `translucency`)
VALUES (28480, 'Portal to Burun Fortress', 65536, 0, 0, 0, 262164, 0, 0, 0, 0, 0, 0, 8388656, 0, 100667499, 0, 0, 0, 0, 0, 0, 0, 0, 4, 0, 0, 0, 0, 0, 32, -0.1, 0, 0, 0, 0, 0, 0, 0, 0, 0, 33554867, 0, 98307, 0, 150994947, 0, 3084, 0);

INSERT INTO weenie_class (`weenieClassId`, `baseAceObjectId`)
VALUES (28480, 28480);

INSERT INTO `base_ace_object` (`baseAceObjectId`, `name`, `typeId`, `paletteId`, `ammoType`, `blipColor`, `bitField`, `burden`, `combatUse`, `cooldownDuration`, `cooldownId`, `effects`, `containersCapacity`, `header`, `hookTypeId`, `iconId`, `iconOverlayId`, `iconUnderlayId`, `hookItemTypes`, `itemsCapacity`, `location`, `materialType`, `maxStackSize`, `maxStructure`, `radar`, `pscript`, `spellId`, `stackSize`, `structure`, `targetTypeId`, `usability`, `useRadius`, `validLocations`, `value`, `workmanship`, `animationFrameId`, `defaultScript`, `defaultScriptIntensity`, `elasticity`, `friction`, `locationId`, `modelTableId`, `objectScale`, `physicsBitField`, `physicsTableId`, `motionTableId`, `soundTableId`, `physicsState`, `translucency`)
VALUES (15776, 'Gelidite Library', 65536, 0, 0, 0, 262164, 0, 0, 0, 0, 0, 0, 8388656, 0, 100667499, 0, 0, 0, 0, 0, 0, 0, 0, 4, 0, 0, 0, 0, 0, 32, -0.1, 0, 0, 0, 0, 0, 0, 0, 0, 0, 33554867, 0, 98307, 0, 150994947, 0, 3084, 0);

INSERT INTO weenie_class (`weenieClassId`, `baseAceObjectId`)
VALUES (15776, 15776);

INSERT INTO `base_ace_object` (`baseAceObjectId`, `name`, `typeId`, `paletteId`, `ammoType`, `blipColor`, `bitField`, `burden`, `combatUse`, `cooldownDuration`, `cooldownId`, `effects`, `containersCapacity`, `header`, `hookTypeId`, `iconId`, `iconOverlayId`, `iconUnderlayId`, `hookItemTypes`, `itemsCapacity`, `location`, `materialType`, `maxStackSize`, `maxStructure`, `radar`, `pscript`, `spellId`, `stackSize`, `structure`, `targetTypeId`, `usability`, `useRadius`, `validLocations`, `value`, `workmanship`, `animationFrameId`, `defaultScript`, `defaultScriptIntensity`, `elasticity`, `friction`, `locationId`, `modelTableId`, `objectScale`, `physicsBitField`, `physicsTableId`, `motionTableId`, `soundTableId`, `physicsState`, `translucency`)
VALUES (15777, 'Surface', 65536, 0, 0, 0, 262164, 0, 0, 0, 0, 0, 0, 8388656, 0, 100667499, 0, 0, 0, 0, 0, 0, 0, 0, 4, 0, 0, 0, 0, 0, 32, -0.1, 0, 0, 0, 0, 0, 0, 0, 0, 0, 33554867, 0, 98307, 0, 150994947, 0, 3084, 0);

INSERT INTO weenie_class (`weenieClassId`, `baseAceObjectId`)
VALUES (15777, 15777);

INSERT INTO `base_ace_object` (`baseAceObjectId`, `name`, `typeId`, `paletteId`, `ammoType`, `blipColor`, `bitField`, `burden`, `combatUse`, `cooldownDuration`, `cooldownId`, `effects`, `containersCapacity`, `header`, `hookTypeId`, `iconId`, `iconOverlayId`, `iconUnderlayId`, `hookItemTypes`, `itemsCapacity`, `location`, `materialType`, `maxStackSize`, `maxStructure`, `radar`, `pscript`, `spellId`, `stackSize`, `structure`, `targetTypeId`, `usability`, `useRadius`, `validLocations`, `value`, `workmanship`, `animationFrameId`, `defaultScript`, `defaultScriptIntensity`, `elasticity`, `friction`, `locationId`, `modelTableId`, `objectScale`, `physicsBitField`, `physicsTableId`, `motionTableId`, `soundTableId`, `physicsState`, `translucency`)
VALUES (15778, 'Labyrinth', 65536, 0, 0, 0, 262164, 0, 0, 0, 0, 0, 0, 8388656, 0, 100667499, 0, 0, 0, 0, 0, 0, 0, 0, 4, 0, 0, 0, 0, 0, 32, -0.1, 0, 0, 0, 0, 0, 0, 0, 0, 0, 33554867, 0, 98307, 0, 150994947, 0, 3084, 0);

INSERT INTO weenie_class (`weenieClassId`, `baseAceObjectId`)
VALUES (15778, 15778);

INSERT INTO `base_ace_object` (`baseAceObjectId`, `name`, `typeId`, `paletteId`, `ammoType`, `blipColor`, `bitField`, `burden`, `combatUse`, `cooldownDuration`, `cooldownId`, `effects`, `containersCapacity`, `header`, `hookTypeId`, `iconId`, `iconOverlayId`, `iconUnderlayId`, `hookItemTypes`, `itemsCapacity`, `location`, `materialType`, `maxStackSize`, `maxStructure`, `radar`, `pscript`, `spellId`, `stackSize`, `structure`, `targetTypeId`, `usability`, `useRadius`, `validLocations`, `value`, `workmanship`, `animationFrameId`, `defaultScript`, `defaultScriptIntensity`, `elasticity`, `friction`, `locationId`, `modelTableId`, `objectScale`, `physicsBitField`, `physicsTableId`, `motionTableId`, `soundTableId`, `physicsState`, `translucency`)
VALUES (15779, 'Oubliette', 65536, 0, 0, 0, 262164, 0, 0, 0, 0, 0, 0, 8388656, 0, 100667499, 0, 0, 0, 0, 0, 0, 0, 0, 4, 0, 0, 0, 0, 0, 32, -0.1, 0, 0, 0, 0, 0, 0, 0, 0, 0, 33554867, 0, 98307, 0, 150994947, 0, 3084, 0);

INSERT INTO weenie_class (`weenieClassId`, `baseAceObjectId`)
VALUES (15779, 15779);

INSERT INTO `base_ace_object` (`baseAceObjectId`, `name`, `typeId`, `paletteId`, `ammoType`, `blipColor`, `bitField`, `burden`, `combatUse`, `cooldownDuration`, `cooldownId`, `effects`, `containersCapacity`, `header`, `hookTypeId`, `iconId`, `iconOverlayId`, `iconUnderlayId`, `hookItemTypes`, `itemsCapacity`, `location`, `materialType`, `maxStackSize`, `maxStructure`, `radar`, `pscript`, `spellId`, `stackSize`, `structure`, `targetTypeId`, `usability`, `useRadius`, `validLocations`, `value`, `workmanship`, `animationFrameId`, `defaultScript`, `defaultScriptIntensity`, `elasticity`, `friction`, `locationId`, `modelTableId`, `objectScale`, `physicsBitField`, `physicsTableId`, `motionTableId`, `soundTableId`, `physicsState`, `translucency`)
VALUES (6109, 'Uziz Meeting Hall Portal', 65536, 0, 0, 0, 262164, 0, 0, 0, 0, 0, 0, 8388656, 0, 100667499, 0, 0, 0, 0, 0, 0, 0, 0, 4, 0, 0, 0, 0, 0, 32, -0.1, 0, 0, 0, 0, 0, 0, 0, 0, 0, 33554867, 0, 98307, 0, 150994947, 0, 3084, 0);

INSERT INTO weenie_class (`weenieClassId`, `baseAceObjectId`)
VALUES (6109, 6109);

INSERT INTO `base_ace_object` (`baseAceObjectId`, `name`, `typeId`, `paletteId`, `ammoType`, `blipColor`, `bitField`, `burden`, `combatUse`, `cooldownDuration`, `cooldownId`, `effects`, `containersCapacity`, `header`, `hookTypeId`, `iconId`, `iconOverlayId`, `iconUnderlayId`, `hookItemTypes`, `itemsCapacity`, `location`, `materialType`, `maxStackSize`, `maxStructure`, `radar`, `pscript`, `spellId`, `stackSize`, `structure`, `targetTypeId`, `usability`, `useRadius`, `validLocations`, `value`, `workmanship`, `animationFrameId`, `defaultScript`, `defaultScriptIntensity`, `elasticity`, `friction`, `locationId`, `modelTableId`, `objectScale`, `physicsBitField`, `physicsTableId`, `motionTableId`, `soundTableId`, `physicsState`, `translucency`)
VALUES (24434, 'Matron Hive West', 65536, 0, 0, 0, 262164, 0, 0, 0, 0, 0, 0, 8388656, 0, 100667499, 0, 0, 0, 0, 0, 0, 0, 0, 4, 0, 0, 0, 0, 0, 32, -0.1, 0, 0, 0, 0, 0, 0, 0, 0, 0, 33555925, 0, 98307, 0, 150994947, 0, 3084, 0);

INSERT INTO weenie_class (`weenieClassId`, `baseAceObjectId`)
VALUES (24434, 24434);

INSERT INTO `base_ace_object` (`baseAceObjectId`, `name`, `typeId`, `paletteId`, `ammoType`, `blipColor`, `bitField`, `burden`, `combatUse`, `cooldownDuration`, `cooldownId`, `effects`, `containersCapacity`, `header`, `hookTypeId`, `iconId`, `iconOverlayId`, `iconUnderlayId`, `hookItemTypes`, `itemsCapacity`, `location`, `materialType`, `maxStackSize`, `maxStructure`, `radar`, `pscript`, `spellId`, `stackSize`, `structure`, `targetTypeId`, `usability`, `useRadius`, `validLocations`, `value`, `workmanship`, `animationFrameId`, `defaultScript`, `defaultScriptIntensity`, `elasticity`, `friction`, `locationId`, `modelTableId`, `objectScale`, `physicsBitField`, `physicsTableId`, `motionTableId`, `soundTableId`, `physicsState`, `translucency`)
VALUES (15672, 'Demonsbane Cottages Portal', 65536, 0, 0, 0, 262164, 0, 0, 0, 0, 0, 0, 8388656, 0, 100667499, 0, 0, 0, 0, 0, 0, 0, 0, 4, 0, 0, 0, 0, 0, 32, -0.1, 0, 0, 0, 0, 0, 0, 0, 0, 0, 33554867, 0, 98307, 0, 150994947, 0, 3084, 0);

INSERT INTO weenie_class (`weenieClassId`, `baseAceObjectId`)
VALUES (15672, 15672);

INSERT INTO `base_ace_object` (`baseAceObjectId`, `name`, `typeId`, `paletteId`, `ammoType`, `blipColor`, `bitField`, `burden`, `combatUse`, `cooldownDuration`, `cooldownId`, `effects`, `containersCapacity`, `header`, `hookTypeId`, `iconId`, `iconOverlayId`, `iconUnderlayId`, `hookItemTypes`, `itemsCapacity`, `location`, `materialType`, `maxStackSize`, `maxStructure`, `radar`, `pscript`, `spellId`, `stackSize`, `structure`, `targetTypeId`, `usability`, `useRadius`, `validLocations`, `value`, `workmanship`, `animationFrameId`, `defaultScript`, `defaultScriptIntensity`, `elasticity`, `friction`, `locationId`, `modelTableId`, `objectScale`, `physicsBitField`, `physicsTableId`, `motionTableId`, `soundTableId`, `physicsState`, `translucency`)
VALUES (19148, 'Hopevale Portal', 65536, 0, 0, 0, 262164, 0, 0, 0, 0, 0, 0, 8388656, 0, 100667499, 0, 0, 0, 0, 0, 0, 0, 0, 4, 0, 0, 0, 0, 0, 32, -0.1, 0, 0, 0, 0, 0, 0, 0, 0, 0, 33554867, 0, 98307, 0, 150994947, 0, 3084, 0);

INSERT INTO weenie_class (`weenieClassId`, `baseAceObjectId`)
VALUES (19148, 19148);

INSERT INTO `base_ace_object` (`baseAceObjectId`, `name`, `typeId`, `paletteId`, `ammoType`, `blipColor`, `bitField`, `burden`, `combatUse`, `cooldownDuration`, `cooldownId`, `effects`, `containersCapacity`, `header`, `hookTypeId`, `iconId`, `iconOverlayId`, `iconUnderlayId`, `hookItemTypes`, `itemsCapacity`, `location`, `materialType`, `maxStackSize`, `maxStructure`, `radar`, `pscript`, `spellId`, `stackSize`, `structure`, `targetTypeId`, `usability`, `useRadius`, `validLocations`, `value`, `workmanship`, `animationFrameId`, `defaultScript`, `defaultScriptIntensity`, `elasticity`, `friction`, `locationId`, `modelTableId`, `objectScale`, `physicsBitField`, `physicsTableId`, `motionTableId`, `soundTableId`, `physicsState`, `translucency`)
VALUES (14253, 'Arrak Portal', 65536, 0, 0, 0, 262164, 0, 0, 0, 0, 0, 0, 8388656, 0, 100667499, 0, 0, 0, 0, 0, 0, 0, 0, 4, 0, 0, 0, 0, 0, 32, -0.1, 0, 0, 0, 0, 0, 0, 0, 0, 0, 33554867, 0, 98307, 0, 150994947, 0, 3084, 0);

INSERT INTO weenie_class (`weenieClassId`, `baseAceObjectId`)
VALUES (14253, 14253);

INSERT INTO `base_ace_object` (`baseAceObjectId`, `name`, `typeId`, `paletteId`, `ammoType`, `blipColor`, `bitField`, `burden`, `combatUse`, `cooldownDuration`, `cooldownId`, `effects`, `containersCapacity`, `header`, `hookTypeId`, `iconId`, `iconOverlayId`, `iconUnderlayId`, `hookItemTypes`, `itemsCapacity`, `location`, `materialType`, `maxStackSize`, `maxStructure`, `radar`, `pscript`, `spellId`, `stackSize`, `structure`, `targetTypeId`, `usability`, `useRadius`, `validLocations`, `value`, `workmanship`, `animationFrameId`, `defaultScript`, `defaultScriptIntensity`, `elasticity`, `friction`, `locationId`, `modelTableId`, `objectScale`, `physicsBitField`, `physicsTableId`, `motionTableId`, `soundTableId`, `physicsState`, `translucency`)
VALUES (14675, 'Vulture''s Eye Villas Portal', 65536, 0, 0, 0, 262164, 0, 0, 0, 0, 0, 0, 8388656, 0, 100667499, 0, 0, 0, 0, 0, 0, 0, 0, 4, 0, 0, 0, 0, 0, 32, -0.1, 0, 0, 0, 0, 0, 0, 0, 0, 0, 33554867, 0, 98307, 0, 150994947, 0, 3084, 0);

INSERT INTO weenie_class (`weenieClassId`, `baseAceObjectId`)
VALUES (14675, 14675);

INSERT INTO `base_ace_object` (`baseAceObjectId`, `name`, `typeId`, `paletteId`, `ammoType`, `blipColor`, `bitField`, `burden`, `combatUse`, `cooldownDuration`, `cooldownId`, `effects`, `containersCapacity`, `header`, `hookTypeId`, `iconId`, `iconOverlayId`, `iconUnderlayId`, `hookItemTypes`, `itemsCapacity`, `location`, `materialType`, `maxStackSize`, `maxStructure`, `radar`, `pscript`, `spellId`, `stackSize`, `structure`, `targetTypeId`, `usability`, `useRadius`, `validLocations`, `value`, `workmanship`, `animationFrameId`, `defaultScript`, `defaultScriptIntensity`, `elasticity`, `friction`, `locationId`, `modelTableId`, `objectScale`, `physicsBitField`, `physicsTableId`, `motionTableId`, `soundTableId`, `physicsState`, `translucency`)
VALUES (14668, 'South Uziz Villas Portal', 65536, 0, 0, 0, 262164, 0, 0, 0, 0, 0, 0, 8388656, 0, 100667499, 0, 0, 0, 0, 0, 0, 0, 0, 4, 0, 0, 0, 0, 0, 32, -0.1, 0, 0, 0, 0, 0, 0, 0, 0, 0, 33554867, 0, 98307, 0, 150994947, 0, 3084, 0);

INSERT INTO weenie_class (`weenieClassId`, `baseAceObjectId`)
VALUES (14668, 14668);

INSERT INTO `base_ace_object` (`baseAceObjectId`, `name`, `typeId`, `paletteId`, `ammoType`, `blipColor`, `bitField`, `burden`, `combatUse`, `cooldownDuration`, `cooldownId`, `effects`, `containersCapacity`, `header`, `hookTypeId`, `iconId`, `iconOverlayId`, `iconUnderlayId`, `hookItemTypes`, `itemsCapacity`, `location`, `materialType`, `maxStackSize`, `maxStructure`, `radar`, `pscript`, `spellId`, `stackSize`, `structure`, `targetTypeId`, `usability`, `useRadius`, `validLocations`, `value`, `workmanship`, `animationFrameId`, `defaultScript`, `defaultScriptIntensity`, `elasticity`, `friction`, `locationId`, `modelTableId`, `objectScale`, `physicsBitField`, `physicsTableId`, `motionTableId`, `soundTableId`, `physicsState`, `translucency`)
VALUES (12534, 'North Uziz Settlement Portal', 65536, 0, 0, 0, 262164, 0, 0, 0, 0, 0, 0, 8388656, 0, 100667499, 0, 0, 0, 0, 0, 0, 0, 0, 4, 0, 0, 0, 0, 0, 32, -0.1, 0, 0, 0, 0, 0, 0, 0, 0, 0, 33554867, 0, 98307, 0, 150994947, 0, 3084, 0);

INSERT INTO weenie_class (`weenieClassId`, `baseAceObjectId`)
VALUES (12534, 12534);

INSERT INTO `base_ace_object` (`baseAceObjectId`, `name`, `typeId`, `paletteId`, `ammoType`, `blipColor`, `bitField`, `burden`, `combatUse`, `cooldownDuration`, `cooldownId`, `effects`, `containersCapacity`, `header`, `hookTypeId`, `iconId`, `iconOverlayId`, `iconUnderlayId`, `hookItemTypes`, `itemsCapacity`, `location`, `materialType`, `maxStackSize`, `maxStructure`, `radar`, `pscript`, `spellId`, `stackSize`, `structure`, `targetTypeId`, `usability`, `useRadius`, `validLocations`, `value`, `workmanship`, `animationFrameId`, `defaultScript`, `defaultScriptIntensity`, `elasticity`, `friction`, `locationId`, `modelTableId`, `objectScale`, `physicsBitField`, `physicsTableId`, `motionTableId`, `soundTableId`, `physicsState`, `translucency`)
VALUES (12526, 'Narziz Cottages Portal', 65536, 0, 0, 0, 262164, 0, 0, 0, 0, 0, 0, 8388656, 0, 100667499, 0, 0, 0, 0, 0, 0, 0, 0, 4, 0, 0, 0, 0, 0, 32, -0.1, 0, 0, 0, 0, 0, 0, 0, 0, 0, 33554867, 0, 98307, 0, 150994947, 0, 3084, 0);

INSERT INTO weenie_class (`weenieClassId`, `baseAceObjectId`)
VALUES (12526, 12526);

INSERT INTO `base_ace_object` (`baseAceObjectId`, `name`, `typeId`, `paletteId`, `ammoType`, `blipColor`, `bitField`, `burden`, `combatUse`, `cooldownDuration`, `cooldownId`, `effects`, `containersCapacity`, `header`, `hookTypeId`, `iconId`, `iconOverlayId`, `iconUnderlayId`, `hookItemTypes`, `itemsCapacity`, `location`, `materialType`, `maxStackSize`, `maxStructure`, `radar`, `pscript`, `spellId`, `stackSize`, `structure`, `targetTypeId`, `usability`, `useRadius`, `validLocations`, `value`, `workmanship`, `animationFrameId`, `defaultScript`, `defaultScriptIntensity`, `elasticity`, `friction`, `locationId`, `modelTableId`, `objectScale`, `physicsBitField`, `physicsTableId`, `motionTableId`, `soundTableId`, `physicsState`, `translucency`)
VALUES (12481, 'Broken Sword Bethel Settlement Portal', 65536, 0, 0, 0, 262164, 0, 0, 0, 0, 0, 0, 8388656, 0, 100667499, 0, 0, 0, 0, 0, 0, 0, 0, 4, 0, 0, 0, 0, 0, 32, -0.1, 0, 0, 0, 0, 0, 0, 0, 0, 0, 33554867, 0, 98307, 0, 150994947, 0, 3084, 0);

INSERT INTO weenie_class (`weenieClassId`, `baseAceObjectId`)
VALUES (12481, 12481);

INSERT INTO `base_ace_object` (`baseAceObjectId`, `name`, `typeId`, `paletteId`, `ammoType`, `blipColor`, `bitField`, `burden`, `combatUse`, `cooldownDuration`, `cooldownId`, `effects`, `containersCapacity`, `header`, `hookTypeId`, `iconId`, `iconOverlayId`, `iconUnderlayId`, `hookItemTypes`, `itemsCapacity`, `location`, `materialType`, `maxStackSize`, `maxStructure`, `radar`, `pscript`, `spellId`, `stackSize`, `structure`, `targetTypeId`, `usability`, `useRadius`, `validLocations`, `value`, `workmanship`, `animationFrameId`, `defaultScript`, `defaultScriptIntensity`, `elasticity`, `friction`, `locationId`, `modelTableId`, `objectScale`, `physicsBitField`, `physicsTableId`, `motionTableId`, `soundTableId`, `physicsState`, `translucency`)
VALUES (12473, 'Arida Butte Portal', 65536, 0, 0, 0, 262164, 0, 0, 0, 0, 0, 0, 8388656, 0, 100667499, 0, 0, 0, 0, 0, 0, 0, 0, 4, 0, 0, 0, 0, 0, 32, -0.1, 0, 0, 0, 0, 0, 0, 0, 0, 0, 33554867, 0, 98307, 0, 150994947, 0, 3084, 0);

INSERT INTO weenie_class (`weenieClassId`, `baseAceObjectId`)
VALUES (12473, 12473);

INSERT INTO `base_ace_object` (`baseAceObjectId`, `name`, `typeId`, `paletteId`, `ammoType`, `blipColor`, `bitField`, `burden`, `combatUse`, `cooldownDuration`, `cooldownId`, `effects`, `containersCapacity`, `header`, `hookTypeId`, `iconId`, `iconOverlayId`, `iconUnderlayId`, `hookItemTypes`, `itemsCapacity`, `location`, `materialType`, `maxStackSize`, `maxStructure`, `radar`, `pscript`, `spellId`, `stackSize`, `structure`, `targetTypeId`, `usability`, `useRadius`, `validLocations`, `value`, `workmanship`, `animationFrameId`, `defaultScript`, `defaultScriptIntensity`, `elasticity`, `friction`, `locationId`, `modelTableId`, `objectScale`, `physicsBitField`, `physicsTableId`, `motionTableId`, `soundTableId`, `physicsState`, `translucency`)
VALUES (12563, 'West Uziz Settlement Portal', 65536, 0, 0, 0, 262164, 0, 0, 0, 0, 0, 0, 8388656, 0, 100667499, 0, 0, 0, 0, 0, 0, 0, 0, 4, 0, 0, 0, 0, 0, 32, -0.1, 0, 0, 0, 0, 0, 0, 0, 0, 0, 33554867, 0, 98307, 0, 150994947, 0, 3084, 0);

INSERT INTO weenie_class (`weenieClassId`, `baseAceObjectId`)
VALUES (12563, 12563);

INSERT INTO `base_ace_object` (`baseAceObjectId`, `name`, `typeId`, `paletteId`, `ammoType`, `blipColor`, `bitField`, `burden`, `combatUse`, `cooldownDuration`, `cooldownId`, `effects`, `containersCapacity`, `header`, `hookTypeId`, `iconId`, `iconOverlayId`, `iconUnderlayId`, `hookItemTypes`, `itemsCapacity`, `location`, `materialType`, `maxStackSize`, `maxStructure`, `radar`, `pscript`, `spellId`, `stackSize`, `structure`, `targetTypeId`, `usability`, `useRadius`, `validLocations`, `value`, `workmanship`, `animationFrameId`, `defaultScript`, `defaultScriptIntensity`, `elasticity`, `friction`, `locationId`, `modelTableId`, `objectScale`, `physicsBitField`, `physicsTableId`, `motionTableId`, `soundTableId`, `physicsState`, `translucency`)
VALUES (14663, 'Sand Kings Cottages Portal', 65536, 0, 0, 0, 262164, 0, 0, 0, 0, 0, 0, 8388656, 0, 100667499, 0, 0, 0, 0, 0, 0, 0, 0, 4, 0, 0, 0, 0, 0, 32, -0.1, 0, 0, 0, 0, 0, 0, 0, 0, 0, 33554867, 0, 98307, 0, 150994947, 0, 3084, 0);

INSERT INTO weenie_class (`weenieClassId`, `baseAceObjectId`)
VALUES (14663, 14663);

INSERT INTO `base_ace_object` (`baseAceObjectId`, `name`, `typeId`, `paletteId`, `ammoType`, `blipColor`, `bitField`, `burden`, `combatUse`, `cooldownDuration`, `cooldownId`, `effects`, `containersCapacity`, `header`, `hookTypeId`, `iconId`, `iconOverlayId`, `iconUnderlayId`, `hookItemTypes`, `itemsCapacity`, `location`, `materialType`, `maxStackSize`, `maxStructure`, `radar`, `pscript`, `spellId`, `stackSize`, `structure`, `targetTypeId`, `usability`, `useRadius`, `validLocations`, `value`, `workmanship`, `animationFrameId`, `defaultScript`, `defaultScriptIntensity`, `elasticity`, `friction`, `locationId`, `modelTableId`, `objectScale`, `physicsBitField`, `physicsTableId`, `motionTableId`, `soundTableId`, `physicsState`, `translucency`)
VALUES (13096, 'Charbone Ridge Portal', 65536, 0, 0, 0, 262164, 0, 0, 0, 0, 0, 0, 8388656, 0, 100667499, 0, 0, 0, 0, 0, 0, 0, 0, 4, 0, 0, 0, 0, 0, 32, -0.1, 0, 0, 0, 0, 0, 0, 0, 0, 0, 33554867, 0, 98307, 0, 150994947, 0, 3084, 0);

INSERT INTO weenie_class (`weenieClassId`, `baseAceObjectId`)
VALUES (13096, 13096);

INSERT INTO `base_ace_object` (`baseAceObjectId`, `name`, `typeId`, `paletteId`, `ammoType`, `blipColor`, `bitField`, `burden`, `combatUse`, `cooldownDuration`, `cooldownId`, `effects`, `containersCapacity`, `header`, `hookTypeId`, `iconId`, `iconOverlayId`, `iconUnderlayId`, `hookItemTypes`, `itemsCapacity`, `location`, `materialType`, `maxStackSize`, `maxStructure`, `radar`, `pscript`, `spellId`, `stackSize`, `structure`, `targetTypeId`, `usability`, `useRadius`, `validLocations`, `value`, `workmanship`, `animationFrameId`, `defaultScript`, `defaultScriptIntensity`, `elasticity`, `friction`, `locationId`, `modelTableId`, `objectScale`, `physicsBitField`, `physicsTableId`, `motionTableId`, `soundTableId`, `physicsState`, `translucency`)
VALUES (14620, 'Djebel al-Nar Cottages Portal', 65536, 0, 0, 0, 262164, 0, 0, 0, 0, 0, 0, 8388656, 0, 100667499, 0, 0, 0, 0, 0, 0, 0, 0, 4, 0, 0, 0, 0, 0, 32, -0.1, 0, 0, 0, 0, 0, 0, 0, 0, 0, 33554867, 0, 98307, 0, 150994947, 0, 3084, 0);

INSERT INTO weenie_class (`weenieClassId`, `baseAceObjectId`)
VALUES (14620, 14620);

INSERT INTO `base_ace_object` (`baseAceObjectId`, `name`, `typeId`, `paletteId`, `ammoType`, `blipColor`, `bitField`, `burden`, `combatUse`, `cooldownDuration`, `cooldownId`, `effects`, `containersCapacity`, `header`, `hookTypeId`, `iconId`, `iconOverlayId`, `iconUnderlayId`, `hookItemTypes`, `itemsCapacity`, `location`, `materialType`, `maxStackSize`, `maxStructure`, `radar`, `pscript`, `spellId`, `stackSize`, `structure`, `targetTypeId`, `usability`, `useRadius`, `validLocations`, `value`, `workmanship`, `animationFrameId`, `defaultScript`, `defaultScriptIntensity`, `elasticity`, `friction`, `locationId`, `modelTableId`, `objectScale`, `physicsBitField`, `physicsTableId`, `motionTableId`, `soundTableId`, `physicsState`, `translucency`)
VALUES (15196, 'Thasali Cottages Portal', 65536, 0, 0, 0, 262164, 0, 0, 0, 0, 0, 0, 8388656, 0, 100667499, 0, 0, 0, 0, 0, 0, 0, 0, 4, 0, 0, 0, 0, 0, 32, -0.1, 0, 0, 0, 0, 0, 0, 0, 0, 0, 33554867, 0, 98307, 0, 150994947, 0, 3084, 0);

INSERT INTO weenie_class (`weenieClassId`, `baseAceObjectId`)
VALUES (15196, 15196);

INSERT INTO `base_ace_object` (`baseAceObjectId`, `name`, `typeId`, `paletteId`, `ammoType`, `blipColor`, `bitField`, `burden`, `combatUse`, `cooldownDuration`, `cooldownId`, `effects`, `containersCapacity`, `header`, `hookTypeId`, `iconId`, `iconOverlayId`, `iconUnderlayId`, `hookItemTypes`, `itemsCapacity`, `location`, `materialType`, `maxStackSize`, `maxStructure`, `radar`, `pscript`, `spellId`, `stackSize`, `structure`, `targetTypeId`, `usability`, `useRadius`, `validLocations`, `value`, `workmanship`, `animationFrameId`, `defaultScript`, `defaultScriptIntensity`, `elasticity`, `friction`, `locationId`, `modelTableId`, `objectScale`, `physicsBitField`, `physicsTableId`, `motionTableId`, `soundTableId`, `physicsState`, `translucency`)
VALUES (15154, 'Drytree Settlement Portal', 65536, 0, 0, 0, 262164, 0, 0, 0, 0, 0, 0, 8388656, 0, 100667499, 0, 0, 0, 0, 0, 0, 0, 0, 4, 0, 0, 0, 0, 0, 32, -0.1, 0, 0, 0, 0, 0, 0, 0, 0, 0, 33554867, 0, 98307, 0, 150994947, 0, 3084, 0);

INSERT INTO weenie_class (`weenieClassId`, `baseAceObjectId`)
VALUES (15154, 15154);

INSERT INTO `base_ace_object` (`baseAceObjectId`, `name`, `typeId`, `paletteId`, `ammoType`, `blipColor`, `bitField`, `burden`, `combatUse`, `cooldownDuration`, `cooldownId`, `effects`, `containersCapacity`, `header`, `hookTypeId`, `iconId`, `iconOverlayId`, `iconUnderlayId`, `hookItemTypes`, `itemsCapacity`, `location`, `materialType`, `maxStackSize`, `maxStructure`, `radar`, `pscript`, `spellId`, `stackSize`, `structure`, `targetTypeId`, `usability`, `useRadius`, `validLocations`, `value`, `workmanship`, `animationFrameId`, `defaultScript`, `defaultScriptIntensity`, `elasticity`, `friction`, `locationId`, `modelTableId`, `objectScale`, `physicsBitField`, `physicsTableId`, `motionTableId`, `soundTableId`, `physicsState`, `translucency`)
VALUES (19153, 'Morntide Ascent Cottages Portal', 65536, 0, 0, 0, 262164, 0, 0, 0, 0, 0, 0, 8388656, 0, 100667499, 0, 0, 0, 0, 0, 0, 0, 0, 4, 0, 0, 0, 0, 0, 32, -0.1, 0, 0, 0, 0, 0, 0, 0, 0, 0, 33554867, 0, 98307, 0, 150994947, 0, 3084, 0);

INSERT INTO weenie_class (`weenieClassId`, `baseAceObjectId`)
VALUES (19153, 19153);

INSERT INTO `base_ace_object` (`baseAceObjectId`, `name`, `typeId`, `paletteId`, `ammoType`, `blipColor`, `bitField`, `burden`, `combatUse`, `cooldownDuration`, `cooldownId`, `effects`, `containersCapacity`, `header`, `hookTypeId`, `iconId`, `iconOverlayId`, `iconUnderlayId`, `hookItemTypes`, `itemsCapacity`, `location`, `materialType`, `maxStackSize`, `maxStructure`, `radar`, `pscript`, `spellId`, `stackSize`, `structure`, `targetTypeId`, `usability`, `useRadius`, `validLocations`, `value`, `workmanship`, `animationFrameId`, `defaultScript`, `defaultScriptIntensity`, `elasticity`, `friction`, `locationId`, `modelTableId`, `objectScale`, `physicsBitField`, `physicsTableId`, `motionTableId`, `soundTableId`, `physicsState`, `translucency`)
VALUES (28259, 'Dark Mosswart Halls', 65536, 0, 0, 0, 262164, 0, 0, 0, 0, 0, 0, 8388656, 0, 100667499, 0, 0, 0, 0, 0, 0, 0, 0, 4, 0, 0, 0, 0, 0, 32, -0.1, 0, 0, 0, 0, 0, 0, 0, 0, 0, 33555923, 0, 98307, 0, 150994947, 0, 3084, 0);

INSERT INTO weenie_class (`weenieClassId`, `baseAceObjectId`)
VALUES (28259, 28259);

INSERT INTO `base_ace_object` (`baseAceObjectId`, `name`, `typeId`, `paletteId`, `ammoType`, `blipColor`, `bitField`, `burden`, `combatUse`, `cooldownDuration`, `cooldownId`, `effects`, `containersCapacity`, `header`, `hookTypeId`, `iconId`, `iconOverlayId`, `iconUnderlayId`, `hookItemTypes`, `itemsCapacity`, `location`, `materialType`, `maxStackSize`, `maxStructure`, `radar`, `pscript`, `spellId`, `stackSize`, `structure`, `targetTypeId`, `usability`, `useRadius`, `validLocations`, `value`, `workmanship`, `animationFrameId`, `defaultScript`, `defaultScriptIntensity`, `elasticity`, `friction`, `locationId`, `modelTableId`, `objectScale`, `physicsBitField`, `physicsTableId`, `motionTableId`, `soundTableId`, `physicsState`, `translucency`)
VALUES (28263, 'Umbral Hall', 65536, 0, 0, 0, 262164, 0, 0, 0, 0, 0, 0, 8388656, 0, 100667499, 0, 0, 0, 0, 0, 0, 0, 0, 4, 0, 0, 0, 0, 0, 32, -0.1, 0, 0, 0, 0, 0, 0, 0, 0, 0, 33555923, 0, 98307, 0, 150994947, 0, 3084, 0);

INSERT INTO weenie_class (`weenieClassId`, `baseAceObjectId`)
VALUES (28263, 28263);

INSERT INTO `base_ace_object` (`baseAceObjectId`, `name`, `typeId`, `paletteId`, `ammoType`, `blipColor`, `bitField`, `burden`, `combatUse`, `cooldownDuration`, `cooldownId`, `effects`, `containersCapacity`, `header`, `hookTypeId`, `iconId`, `iconOverlayId`, `iconUnderlayId`, `hookItemTypes`, `itemsCapacity`, `location`, `materialType`, `maxStackSize`, `maxStructure`, `radar`, `pscript`, `spellId`, `stackSize`, `structure`, `targetTypeId`, `usability`, `useRadius`, `validLocations`, `value`, `workmanship`, `animationFrameId`, `defaultScript`, `defaultScriptIntensity`, `elasticity`, `friction`, `locationId`, `modelTableId`, `objectScale`, `physicsBitField`, `physicsTableId`, `motionTableId`, `soundTableId`, `physicsState`, `translucency`)
VALUES (29958, 'Portalling Device', 65536, 0, 0, 0, 262164, 0, 0, 0, 0, 0, 0, 8388656, 0, 100667499, 0, 0, 0, 0, 0, 0, 0, 0, 4, 0, 0, 0, 0, 0, 32, -0.1, 0, 0, 0, 0, 0, 0, 0, 0, 0, 33558189, 0, 100355, 0, 150995232, 536870932, 3084, 0);

INSERT INTO weenie_class (`weenieClassId`, `baseAceObjectId`)
VALUES (29958, 29958);

INSERT INTO `base_ace_object` (`baseAceObjectId`, `name`, `typeId`, `paletteId`, `ammoType`, `blipColor`, `bitField`, `burden`, `combatUse`, `cooldownDuration`, `cooldownId`, `effects`, `containersCapacity`, `header`, `hookTypeId`, `iconId`, `iconOverlayId`, `iconUnderlayId`, `hookItemTypes`, `itemsCapacity`, `location`, `materialType`, `maxStackSize`, `maxStructure`, `radar`, `pscript`, `spellId`, `stackSize`, `structure`, `targetTypeId`, `usability`, `useRadius`, `validLocations`, `value`, `workmanship`, `animationFrameId`, `defaultScript`, `defaultScriptIntensity`, `elasticity`, `friction`, `locationId`, `modelTableId`, `objectScale`, `physicsBitField`, `physicsTableId`, `motionTableId`, `soundTableId`, `physicsState`, `translucency`)
VALUES (28981, 'Xi Ru''s Chapel', 65536, 0, 0, 0, 262164, 0, 0, 0, 0, 0, 0, 8388656, 0, 100667499, 0, 0, 0, 0, 0, 0, 0, 0, 4, 0, 0, 0, 0, 0, 32, -0.1, 0, 0, 0, 0, 0, 0, 0, 0, 0, 33559046, 0, 98307, 0, 150995314, 0, 3084, 0);

INSERT INTO weenie_class (`weenieClassId`, `baseAceObjectId`)
VALUES (28981, 28981);

INSERT INTO `base_ace_object` (`baseAceObjectId`, `name`, `typeId`, `paletteId`, `ammoType`, `blipColor`, `bitField`, `burden`, `combatUse`, `cooldownDuration`, `cooldownId`, `effects`, `containersCapacity`, `header`, `hookTypeId`, `iconId`, `iconOverlayId`, `iconUnderlayId`, `hookItemTypes`, `itemsCapacity`, `location`, `materialType`, `maxStackSize`, `maxStructure`, `radar`, `pscript`, `spellId`, `stackSize`, `structure`, `targetTypeId`, `usability`, `useRadius`, `validLocations`, `value`, `workmanship`, `animationFrameId`, `defaultScript`, `defaultScriptIntensity`, `elasticity`, `friction`, `locationId`, `modelTableId`, `objectScale`, `physicsBitField`, `physicsTableId`, `motionTableId`, `soundTableId`, `physicsState`, `translucency`)
VALUES (37068, 'Roots of the Deru Tree', 65536, 0, 0, 0, 262164, 0, 0, 0, 0, 0, 0, 8388656, 0, 100667499, 0, 0, 0, 0, 0, 0, 0, 0, 4, 0, 0, 0, 0, 0, 32, -0.1, 0, 0, 0, 0, 0, 0, 0, 0, 0, 33555925, 0, 98307, 0, 150994947, 0, 3084, 0);

INSERT INTO weenie_class (`weenieClassId`, `baseAceObjectId`)
VALUES (37068, 37068);

INSERT INTO `base_ace_object` (`baseAceObjectId`, `name`, `typeId`, `paletteId`, `ammoType`, `blipColor`, `bitField`, `burden`, `combatUse`, `cooldownDuration`, `cooldownId`, `effects`, `containersCapacity`, `header`, `hookTypeId`, `iconId`, `iconOverlayId`, `iconUnderlayId`, `hookItemTypes`, `itemsCapacity`, `location`, `materialType`, `maxStackSize`, `maxStructure`, `radar`, `pscript`, `spellId`, `stackSize`, `structure`, `targetTypeId`, `usability`, `useRadius`, `validLocations`, `value`, `workmanship`, `animationFrameId`, `defaultScript`, `defaultScriptIntensity`, `elasticity`, `friction`, `locationId`, `modelTableId`, `objectScale`, `physicsBitField`, `physicsTableId`, `motionTableId`, `soundTableId`, `physicsState`, `translucency`)
VALUES (28982, 'Xi Ru''s Chapel Exterior', 65536, 0, 0, 0, 262164, 0, 0, 0, 0, 0, 0, 8388656, 0, 100667499, 0, 0, 0, 0, 0, 0, 0, 0, 4, 0, 0, 0, 0, 0, 32, -0.1, 0, 0, 0, 0, 0, 0, 0, 0, 0, 33559046, 0, 98307, 0, 150995314, 0, 3084, 0);

INSERT INTO weenie_class (`weenieClassId`, `baseAceObjectId`)
VALUES (28982, 28982);

INSERT INTO `base_ace_object` (`baseAceObjectId`, `name`, `typeId`, `paletteId`, `ammoType`, `blipColor`, `bitField`, `burden`, `combatUse`, `cooldownDuration`, `cooldownId`, `effects`, `containersCapacity`, `header`, `hookTypeId`, `iconId`, `iconOverlayId`, `iconUnderlayId`, `hookItemTypes`, `itemsCapacity`, `location`, `materialType`, `maxStackSize`, `maxStructure`, `radar`, `pscript`, `spellId`, `stackSize`, `structure`, `targetTypeId`, `usability`, `useRadius`, `validLocations`, `value`, `workmanship`, `animationFrameId`, `defaultScript`, `defaultScriptIntensity`, `elasticity`, `friction`, `locationId`, `modelTableId`, `objectScale`, `physicsBitField`, `physicsTableId`, `motionTableId`, `soundTableId`, `physicsState`, `translucency`)
VALUES (29959, 'Xi Ru''s Crypt', 65536, 0, 0, 0, 262164, 0, 0, 0, 0, 0, 0, 8388656, 0, 100667499, 0, 0, 0, 0, 0, 0, 0, 0, 4, 0, 0, 0, 0, 0, 32, -0.1, 0, 0, 0, 0, 0, 0, 0, 0, 0, 33559046, 0, 98307, 0, 150995314, 0, 3084, 0);

INSERT INTO weenie_class (`weenieClassId`, `baseAceObjectId`)
VALUES (29959, 29959);

INSERT INTO `base_ace_object` (`baseAceObjectId`, `name`, `typeId`, `paletteId`, `ammoType`, `blipColor`, `bitField`, `burden`, `combatUse`, `cooldownDuration`, `cooldownId`, `effects`, `containersCapacity`, `header`, `hookTypeId`, `iconId`, `iconOverlayId`, `iconUnderlayId`, `hookItemTypes`, `itemsCapacity`, `location`, `materialType`, `maxStackSize`, `maxStructure`, `radar`, `pscript`, `spellId`, `stackSize`, `structure`, `targetTypeId`, `usability`, `useRadius`, `validLocations`, `value`, `workmanship`, `animationFrameId`, `defaultScript`, `defaultScriptIntensity`, `elasticity`, `friction`, `locationId`, `modelTableId`, `objectScale`, `physicsBitField`, `physicsTableId`, `motionTableId`, `soundTableId`, `physicsState`, `translucency`)
VALUES (29960, 'Xi Ru''s Library', 65536, 0, 0, 0, 262164, 0, 0, 0, 0, 0, 0, 8388656, 0, 100667499, 0, 0, 0, 0, 0, 0, 0, 0, 4, 0, 0, 0, 0, 0, 32, -0.1, 0, 0, 0, 0, 0, 0, 0, 0, 0, 33559046, 0, 98307, 0, 150995314, 0, 3084, 0);

INSERT INTO weenie_class (`weenieClassId`, `baseAceObjectId`)
VALUES (29960, 29960);

INSERT INTO `base_ace_object` (`baseAceObjectId`, `name`, `typeId`, `paletteId`, `ammoType`, `blipColor`, `bitField`, `burden`, `combatUse`, `cooldownDuration`, `cooldownId`, `effects`, `containersCapacity`, `header`, `hookTypeId`, `iconId`, `iconOverlayId`, `iconUnderlayId`, `hookItemTypes`, `itemsCapacity`, `location`, `materialType`, `maxStackSize`, `maxStructure`, `radar`, `pscript`, `spellId`, `stackSize`, `structure`, `targetTypeId`, `usability`, `useRadius`, `validLocations`, `value`, `workmanship`, `animationFrameId`, `defaultScript`, `defaultScriptIntensity`, `elasticity`, `friction`, `locationId`, `modelTableId`, `objectScale`, `physicsBitField`, `physicsTableId`, `motionTableId`, `soundTableId`, `physicsState`, `translucency`)
VALUES (34542, 'Realaidain Eastern Vault', 65536, 0, 0, 0, 262164, 0, 0, 0, 0, 0, 0, 8388656, 0, 100667499, 0, 0, 0, 0, 0, 0, 0, 0, 4, 0, 0, 0, 0, 0, 32, -0.1, 0, 0, 0, 0, 0, 0, 0, 0, 0, 33555925, 0, 98307, 0, 150994947, 0, 3084, 0);

INSERT INTO weenie_class (`weenieClassId`, `baseAceObjectId`)
VALUES (34542, 34542);

INSERT INTO `base_ace_object` (`baseAceObjectId`, `name`, `typeId`, `paletteId`, `ammoType`, `blipColor`, `bitField`, `burden`, `combatUse`, `cooldownDuration`, `cooldownId`, `effects`, `containersCapacity`, `header`, `hookTypeId`, `iconId`, `iconOverlayId`, `iconUnderlayId`, `hookItemTypes`, `itemsCapacity`, `location`, `materialType`, `maxStackSize`, `maxStructure`, `radar`, `pscript`, `spellId`, `stackSize`, `structure`, `targetTypeId`, `usability`, `useRadius`, `validLocations`, `value`, `workmanship`, `animationFrameId`, `defaultScript`, `defaultScriptIntensity`, `elasticity`, `friction`, `locationId`, `modelTableId`, `objectScale`, `physicsBitField`, `physicsTableId`, `motionTableId`, `soundTableId`, `physicsState`, `translucency`)
VALUES (34543, 'Surface', 65536, 0, 0, 0, 262164, 0, 0, 0, 0, 0, 0, 8388656, 0, 100667499, 0, 0, 0, 0, 0, 0, 0, 0, 4, 0, 0, 0, 0, 0, 32, -0.1, 0, 0, 0, 0, 0, 0, 0, 0, 0, 33554867, 0, 98307, 0, 150994947, 0, 3084, 0);

INSERT INTO weenie_class (`weenieClassId`, `baseAceObjectId`)
VALUES (34543, 34543);

INSERT INTO `base_ace_object` (`baseAceObjectId`, `name`, `typeId`, `paletteId`, `ammoType`, `blipColor`, `bitField`, `burden`, `combatUse`, `cooldownDuration`, `cooldownId`, `effects`, `containersCapacity`, `header`, `hookTypeId`, `iconId`, `iconOverlayId`, `iconUnderlayId`, `hookItemTypes`, `itemsCapacity`, `location`, `materialType`, `maxStackSize`, `maxStructure`, `radar`, `pscript`, `spellId`, `stackSize`, `structure`, `targetTypeId`, `usability`, `useRadius`, `validLocations`, `value`, `workmanship`, `animationFrameId`, `defaultScript`, `defaultScriptIntensity`, `elasticity`, `friction`, `locationId`, `modelTableId`, `objectScale`, `physicsBitField`, `physicsTableId`, `motionTableId`, `soundTableId`, `physicsState`, `translucency`)
VALUES (15687, 'Windrune Cottages Portal', 65536, 0, 0, 0, 262164, 0, 0, 0, 0, 0, 0, 8388656, 0, 100667499, 0, 0, 0, 0, 0, 0, 0, 0, 4, 0, 0, 0, 0, 0, 32, -0.1, 0, 0, 0, 0, 0, 0, 0, 0, 0, 33554867, 0, 98307, 0, 150994947, 0, 3084, 0);

INSERT INTO weenie_class (`weenieClassId`, `baseAceObjectId`)
VALUES (15687, 15687);

INSERT INTO `base_ace_object` (`baseAceObjectId`, `name`, `typeId`, `paletteId`, `ammoType`, `blipColor`, `bitField`, `burden`, `combatUse`, `cooldownDuration`, `cooldownId`, `effects`, `containersCapacity`, `header`, `hookTypeId`, `iconId`, `iconOverlayId`, `iconUnderlayId`, `hookItemTypes`, `itemsCapacity`, `location`, `materialType`, `maxStackSize`, `maxStructure`, `radar`, `pscript`, `spellId`, `stackSize`, `structure`, `targetTypeId`, `usability`, `useRadius`, `validLocations`, `value`, `workmanship`, `animationFrameId`, `defaultScript`, `defaultScriptIntensity`, `elasticity`, `friction`, `locationId`, `modelTableId`, `objectScale`, `physicsBitField`, `physicsTableId`, `motionTableId`, `soundTableId`, `physicsState`, `translucency`)
VALUES (15677, 'Mountain Retreat Cottages Portal', 65536, 0, 0, 0, 262164, 0, 0, 0, 0, 0, 0, 8388656, 0, 100667499, 0, 0, 0, 0, 0, 0, 0, 0, 4, 0, 0, 0, 0, 0, 32, -0.1, 0, 0, 0, 0, 0, 0, 0, 0, 0, 33554867, 0, 98307, 0, 150994947, 0, 3084, 0);

INSERT INTO weenie_class (`weenieClassId`, `baseAceObjectId`)
VALUES (15677, 15677);

INSERT INTO `base_ace_object` (`baseAceObjectId`, `name`, `typeId`, `paletteId`, `ammoType`, `blipColor`, `bitField`, `burden`, `combatUse`, `cooldownDuration`, `cooldownId`, `effects`, `containersCapacity`, `header`, `hookTypeId`, `iconId`, `iconOverlayId`, `iconUnderlayId`, `hookItemTypes`, `itemsCapacity`, `location`, `materialType`, `maxStackSize`, `maxStructure`, `radar`, `pscript`, `spellId`, `stackSize`, `structure`, `targetTypeId`, `usability`, `useRadius`, `validLocations`, `value`, `workmanship`, `animationFrameId`, `defaultScript`, `defaultScriptIntensity`, `elasticity`, `friction`, `locationId`, `modelTableId`, `objectScale`, `physicsBitField`, `physicsTableId`, `motionTableId`, `soundTableId`, `physicsState`, `translucency`)
VALUES (15179, 'New Nesortania Portal', 65536, 0, 0, 0, 262164, 0, 0, 0, 0, 0, 0, 8388656, 0, 100667499, 0, 0, 0, 0, 0, 0, 0, 0, 4, 0, 0, 0, 0, 0, 32, -0.1, 0, 0, 0, 0, 0, 0, 0, 0, 0, 33554867, 0, 98307, 0, 150994947, 0, 3084, 0);

INSERT INTO weenie_class (`weenieClassId`, `baseAceObjectId`)
VALUES (15179, 15179);

INSERT INTO `base_ace_object` (`baseAceObjectId`, `name`, `typeId`, `paletteId`, `ammoType`, `blipColor`, `bitField`, `burden`, `combatUse`, `cooldownDuration`, `cooldownId`, `effects`, `containersCapacity`, `header`, `hookTypeId`, `iconId`, `iconOverlayId`, `iconUnderlayId`, `hookItemTypes`, `itemsCapacity`, `location`, `materialType`, `maxStackSize`, `maxStructure`, `radar`, `pscript`, `spellId`, `stackSize`, `structure`, `targetTypeId`, `usability`, `useRadius`, `validLocations`, `value`, `workmanship`, `animationFrameId`, `defaultScript`, `defaultScriptIntensity`, `elasticity`, `friction`, `locationId`, `modelTableId`, `objectScale`, `physicsBitField`, `physicsTableId`, `motionTableId`, `soundTableId`, `physicsState`, `translucency`)
VALUES (15679, 'Patron''s Honor Cottages Portal', 65536, 0, 0, 0, 262164, 0, 0, 0, 0, 0, 0, 8388656, 0, 100667499, 0, 0, 0, 0, 0, 0, 0, 0, 4, 0, 0, 0, 0, 0, 32, -0.1, 0, 0, 0, 0, 0, 0, 0, 0, 0, 33554867, 0, 98307, 0, 150994947, 0, 3084, 0);

INSERT INTO weenie_class (`weenieClassId`, `baseAceObjectId`)
VALUES (15679, 15679);

INSERT INTO `base_ace_object` (`baseAceObjectId`, `name`, `typeId`, `paletteId`, `ammoType`, `blipColor`, `bitField`, `burden`, `combatUse`, `cooldownDuration`, `cooldownId`, `effects`, `containersCapacity`, `header`, `hookTypeId`, `iconId`, `iconOverlayId`, `iconUnderlayId`, `hookItemTypes`, `itemsCapacity`, `location`, `materialType`, `maxStackSize`, `maxStructure`, `radar`, `pscript`, `spellId`, `stackSize`, `structure`, `targetTypeId`, `usability`, `useRadius`, `validLocations`, `value`, `workmanship`, `animationFrameId`, `defaultScript`, `defaultScriptIntensity`, `elasticity`, `friction`, `locationId`, `modelTableId`, `objectScale`, `physicsBitField`, `physicsTableId`, `motionTableId`, `soundTableId`, `physicsState`, `translucency`)
VALUES (13091, 'Bandit Road Villas Portal', 65536, 0, 0, 0, 262164, 0, 0, 0, 0, 0, 0, 8388656, 0, 100667499, 0, 0, 0, 0, 0, 0, 0, 0, 4, 0, 0, 0, 0, 0, 32, -0.1, 0, 0, 0, 0, 0, 0, 0, 0, 0, 33554867, 0, 98307, 0, 150994947, 0, 3084, 0);

INSERT INTO weenie_class (`weenieClassId`, `baseAceObjectId`)
VALUES (13091, 13091);

INSERT INTO `base_ace_object` (`baseAceObjectId`, `name`, `typeId`, `paletteId`, `ammoType`, `blipColor`, `bitField`, `burden`, `combatUse`, `cooldownDuration`, `cooldownId`, `effects`, `containersCapacity`, `header`, `hookTypeId`, `iconId`, `iconOverlayId`, `iconUnderlayId`, `hookItemTypes`, `itemsCapacity`, `location`, `materialType`, `maxStackSize`, `maxStructure`, `radar`, `pscript`, `spellId`, `stackSize`, `structure`, `targetTypeId`, `usability`, `useRadius`, `validLocations`, `value`, `workmanship`, `animationFrameId`, `defaultScript`, `defaultScriptIntensity`, `elasticity`, `friction`, `locationId`, `modelTableId`, `objectScale`, `physicsBitField`, `physicsTableId`, `motionTableId`, `soundTableId`, `physicsState`, `translucency`)
VALUES (13135, 'Stone Triad Dell Portal', 65536, 0, 0, 0, 262164, 0, 0, 0, 0, 0, 0, 8388656, 0, 100667499, 0, 0, 0, 0, 0, 0, 0, 0, 4, 0, 0, 0, 0, 0, 32, -0.1, 0, 0, 0, 0, 0, 0, 0, 0, 0, 33554867, 0, 98307, 0, 150994947, 0, 3084, 0);

INSERT INTO weenie_class (`weenieClassId`, `baseAceObjectId`)
VALUES (13135, 13135);

INSERT INTO `base_ace_object` (`baseAceObjectId`, `name`, `typeId`, `paletteId`, `ammoType`, `blipColor`, `bitField`, `burden`, `combatUse`, `cooldownDuration`, `cooldownId`, `effects`, `containersCapacity`, `header`, `hookTypeId`, `iconId`, `iconOverlayId`, `iconUnderlayId`, `hookItemTypes`, `itemsCapacity`, `location`, `materialType`, `maxStackSize`, `maxStructure`, `radar`, `pscript`, `spellId`, `stackSize`, `structure`, `targetTypeId`, `usability`, `useRadius`, `validLocations`, `value`, `workmanship`, `animationFrameId`, `defaultScript`, `defaultScriptIntensity`, `elasticity`, `friction`, `locationId`, `modelTableId`, `objectScale`, `physicsBitField`, `physicsTableId`, `motionTableId`, `soundTableId`, `physicsState`, `translucency`)
VALUES (14615, 'Bretslef Cottages Portal', 65536, 0, 0, 0, 262164, 0, 0, 0, 0, 0, 0, 8388656, 0, 100667499, 0, 0, 0, 0, 0, 0, 0, 0, 4, 0, 0, 0, 0, 0, 32, -0.1, 0, 0, 0, 0, 0, 0, 0, 0, 0, 33554867, 0, 98307, 0, 150994947, 0, 3084, 0);

INSERT INTO weenie_class (`weenieClassId`, `baseAceObjectId`)
VALUES (14615, 14615);

INSERT INTO `base_ace_object` (`baseAceObjectId`, `name`, `typeId`, `paletteId`, `ammoType`, `blipColor`, `bitField`, `burden`, `combatUse`, `cooldownDuration`, `cooldownId`, `effects`, `containersCapacity`, `header`, `hookTypeId`, `iconId`, `iconOverlayId`, `iconUnderlayId`, `hookItemTypes`, `itemsCapacity`, `location`, `materialType`, `maxStackSize`, `maxStructure`, `radar`, `pscript`, `spellId`, `stackSize`, `structure`, `targetTypeId`, `usability`, `useRadius`, `validLocations`, `value`, `workmanship`, `animationFrameId`, `defaultScript`, `defaultScriptIntensity`, `elasticity`, `friction`, `locationId`, `modelTableId`, `objectScale`, `physicsBitField`, `physicsTableId`, `motionTableId`, `soundTableId`, `physicsState`, `translucency`)
VALUES (12529, 'Neydisa Village Portal', 65536, 0, 0, 0, 262164, 0, 0, 0, 0, 0, 0, 8388656, 0, 100667499, 0, 0, 0, 0, 0, 0, 0, 0, 4, 0, 0, 0, 0, 0, 32, -0.1, 0, 0, 0, 0, 0, 0, 0, 0, 0, 33554867, 0, 98307, 0, 150994947, 0, 3084, 0);

INSERT INTO weenie_class (`weenieClassId`, `baseAceObjectId`)
VALUES (12529, 12529);

INSERT INTO `base_ace_object` (`baseAceObjectId`, `name`, `typeId`, `paletteId`, `ammoType`, `blipColor`, `bitField`, `burden`, `combatUse`, `cooldownDuration`, `cooldownId`, `effects`, `containersCapacity`, `header`, `hookTypeId`, `iconId`, `iconOverlayId`, `iconUnderlayId`, `hookItemTypes`, `itemsCapacity`, `location`, `materialType`, `maxStackSize`, `maxStructure`, `radar`, `pscript`, `spellId`, `stackSize`, `structure`, `targetTypeId`, `usability`, `useRadius`, `validLocations`, `value`, `workmanship`, `animationFrameId`, `defaultScript`, `defaultScriptIntensity`, `elasticity`, `friction`, `locationId`, `modelTableId`, `objectScale`, `physicsBitField`, `physicsTableId`, `motionTableId`, `soundTableId`, `physicsState`, `translucency`)
VALUES (12539, 'Prosper River Headwaters Portal', 65536, 0, 0, 0, 262164, 0, 0, 0, 0, 0, 0, 8388656, 0, 100667499, 0, 0, 0, 0, 0, 0, 0, 0, 4, 0, 0, 0, 0, 0, 32, -0.1, 0, 0, 0, 0, 0, 0, 0, 0, 0, 33554867, 0, 98307, 0, 150994947, 0, 3084, 0);

INSERT INTO weenie_class (`weenieClassId`, `baseAceObjectId`)
VALUES (12539, 12539);

INSERT INTO `base_ace_object` (`baseAceObjectId`, `name`, `typeId`, `paletteId`, `ammoType`, `blipColor`, `bitField`, `burden`, `combatUse`, `cooldownDuration`, `cooldownId`, `effects`, `containersCapacity`, `header`, `hookTypeId`, `iconId`, `iconOverlayId`, `iconUnderlayId`, `hookItemTypes`, `itemsCapacity`, `location`, `materialType`, `maxStackSize`, `maxStructure`, `radar`, `pscript`, `spellId`, `stackSize`, `structure`, `targetTypeId`, `usability`, `useRadius`, `validLocations`, `value`, `workmanship`, `animationFrameId`, `defaultScript`, `defaultScriptIntensity`, `elasticity`, `friction`, `locationId`, `modelTableId`, `objectScale`, `physicsBitField`, `physicsTableId`, `motionTableId`, `soundTableId`, `physicsState`, `translucency`)
VALUES (12489, 'East Esper Valley  Portal', 65536, 0, 0, 0, 262164, 0, 0, 0, 0, 0, 0, 8388656, 0, 100667499, 0, 0, 0, 0, 0, 0, 0, 0, 4, 0, 0, 0, 0, 0, 32, -0.1, 0, 0, 0, 0, 0, 0, 0, 0, 0, 33554867, 0, 98307, 0, 150994947, 0, 3084, 0);

INSERT INTO weenie_class (`weenieClassId`, `baseAceObjectId`)
VALUES (12489, 12489);

INSERT INTO `base_ace_object` (`baseAceObjectId`, `name`, `typeId`, `paletteId`, `ammoType`, `blipColor`, `bitField`, `burden`, `combatUse`, `cooldownDuration`, `cooldownId`, `effects`, `containersCapacity`, `header`, `hookTypeId`, `iconId`, `iconOverlayId`, `iconUnderlayId`, `hookItemTypes`, `itemsCapacity`, `location`, `materialType`, `maxStackSize`, `maxStructure`, `radar`, `pscript`, `spellId`, `stackSize`, `structure`, `targetTypeId`, `usability`, `useRadius`, `validLocations`, `value`, `workmanship`, `animationFrameId`, `defaultScript`, `defaultScriptIntensity`, `elasticity`, `friction`, `locationId`, `modelTableId`, `objectScale`, `physicsBitField`, `physicsTableId`, `motionTableId`, `soundTableId`, `physicsState`, `translucency`)
VALUES (13106, 'Frosty Dale Cottages Portal', 65536, 0, 0, 0, 262164, 0, 0, 0, 0, 0, 0, 8388656, 0, 100667499, 0, 0, 0, 0, 0, 0, 0, 0, 4, 0, 0, 0, 0, 0, 32, -0.1, 0, 0, 0, 0, 0, 0, 0, 0, 0, 33554867, 0, 98307, 0, 150994947, 0, 3084, 0);

INSERT INTO weenie_class (`weenieClassId`, `baseAceObjectId`)
VALUES (13106, 13106);

INSERT INTO `base_ace_object` (`baseAceObjectId`, `name`, `typeId`, `paletteId`, `ammoType`, `blipColor`, `bitField`, `burden`, `combatUse`, `cooldownDuration`, `cooldownId`, `effects`, `containersCapacity`, `header`, `hookTypeId`, `iconId`, `iconOverlayId`, `iconUnderlayId`, `hookItemTypes`, `itemsCapacity`, `location`, `materialType`, `maxStackSize`, `maxStructure`, `radar`, `pscript`, `spellId`, `stackSize`, `structure`, `targetTypeId`, `usability`, `useRadius`, `validLocations`, `value`, `workmanship`, `animationFrameId`, `defaultScript`, `defaultScriptIntensity`, `elasticity`, `friction`, `locationId`, `modelTableId`, `objectScale`, `physicsBitField`, `physicsTableId`, `motionTableId`, `soundTableId`, `physicsState`, `translucency`)
VALUES (19154, 'North Pass Hollow Cottages Portal', 65536, 0, 0, 0, 262164, 0, 0, 0, 0, 0, 0, 8388656, 0, 100667499, 0, 0, 0, 0, 0, 0, 0, 0, 4, 0, 0, 0, 0, 0, 32, -0.1, 0, 0, 0, 0, 0, 0, 0, 0, 0, 33554867, 0, 98307, 0, 150994947, 0, 3084, 0);

INSERT INTO weenie_class (`weenieClassId`, `baseAceObjectId`)
VALUES (19154, 19154);

INSERT INTO `base_ace_object` (`baseAceObjectId`, `name`, `typeId`, `paletteId`, `ammoType`, `blipColor`, `bitField`, `burden`, `combatUse`, `cooldownDuration`, `cooldownId`, `effects`, `containersCapacity`, `header`, `hookTypeId`, `iconId`, `iconOverlayId`, `iconUnderlayId`, `hookItemTypes`, `itemsCapacity`, `location`, `materialType`, `maxStackSize`, `maxStructure`, `radar`, `pscript`, `spellId`, `stackSize`, `structure`, `targetTypeId`, `usability`, `useRadius`, `validLocations`, `value`, `workmanship`, `animationFrameId`, `defaultScript`, `defaultScriptIntensity`, `elasticity`, `friction`, `locationId`, `modelTableId`, `objectScale`, `physicsBitField`, `physicsTableId`, `motionTableId`, `soundTableId`, `physicsState`, `translucency`)
VALUES (19159, 'Shaky Ledge Cottages Portal', 65536, 0, 0, 0, 262164, 0, 0, 0, 0, 0, 0, 8388656, 0, 100667499, 0, 0, 0, 0, 0, 0, 0, 0, 4, 0, 0, 0, 0, 0, 32, -0.1, 0, 0, 0, 0, 0, 0, 0, 0, 0, 33554867, 0, 98307, 0, 150994947, 0, 3084, 0);

INSERT INTO weenie_class (`weenieClassId`, `baseAceObjectId`)
VALUES (19159, 19159);

INSERT INTO `base_ace_object` (`baseAceObjectId`, `name`, `typeId`, `paletteId`, `ammoType`, `blipColor`, `bitField`, `burden`, `combatUse`, `cooldownDuration`, `cooldownId`, `effects`, `containersCapacity`, `header`, `hookTypeId`, `iconId`, `iconOverlayId`, `iconUnderlayId`, `hookItemTypes`, `itemsCapacity`, `location`, `materialType`, `maxStackSize`, `maxStructure`, `radar`, `pscript`, `spellId`, `stackSize`, `structure`, `targetTypeId`, `usability`, `useRadius`, `validLocations`, `value`, `workmanship`, `animationFrameId`, `defaultScript`, `defaultScriptIntensity`, `elasticity`, `friction`, `locationId`, `modelTableId`, `objectScale`, `physicsBitField`, `physicsTableId`, `motionTableId`, `soundTableId`, `physicsState`, `translucency`)
VALUES (19160, 'Stonerune Cottages Portal', 65536, 0, 0, 0, 262164, 0, 0, 0, 0, 0, 0, 8388656, 0, 100667499, 0, 0, 0, 0, 0, 0, 0, 0, 4, 0, 0, 0, 0, 0, 32, -0.1, 0, 0, 0, 0, 0, 0, 0, 0, 0, 33554867, 0, 98307, 0, 150994947, 0, 3084, 0);

INSERT INTO weenie_class (`weenieClassId`, `baseAceObjectId`)
VALUES (19160, 19160);

INSERT INTO `base_ace_object` (`baseAceObjectId`, `name`, `typeId`, `paletteId`, `ammoType`, `blipColor`, `bitField`, `burden`, `combatUse`, `cooldownDuration`, `cooldownId`, `effects`, `containersCapacity`, `header`, `hookTypeId`, `iconId`, `iconOverlayId`, `iconUnderlayId`, `hookItemTypes`, `itemsCapacity`, `location`, `materialType`, `maxStackSize`, `maxStructure`, `radar`, `pscript`, `spellId`, `stackSize`, `structure`, `targetTypeId`, `usability`, `useRadius`, `validLocations`, `value`, `workmanship`, `animationFrameId`, `defaultScript`, `defaultScriptIntensity`, `elasticity`, `friction`, `locationId`, `modelTableId`, `objectScale`, `physicsBitField`, `physicsTableId`, `motionTableId`, `soundTableId`, `physicsState`, `translucency`)
VALUES (12537, 'Pavanne Vale Freehold Portal', 65536, 0, 0, 0, 262164, 0, 0, 0, 0, 0, 0, 8388656, 0, 100667499, 0, 0, 0, 0, 0, 0, 0, 0, 4, 0, 0, 0, 0, 0, 32, -0.1, 0, 0, 0, 0, 0, 0, 0, 0, 0, 33554867, 0, 98307, 0, 150994947, 0, 3084, 0);

INSERT INTO weenie_class (`weenieClassId`, `baseAceObjectId`)
VALUES (12537, 12537);

INSERT INTO `base_ace_object` (`baseAceObjectId`, `name`, `typeId`, `paletteId`, `ammoType`, `blipColor`, `bitField`, `burden`, `combatUse`, `cooldownDuration`, `cooldownId`, `effects`, `containersCapacity`, `header`, `hookTypeId`, `iconId`, `iconOverlayId`, `iconUnderlayId`, `hookItemTypes`, `itemsCapacity`, `location`, `materialType`, `maxStackSize`, `maxStructure`, `radar`, `pscript`, `spellId`, `stackSize`, `structure`, `targetTypeId`, `usability`, `useRadius`, `validLocations`, `value`, `workmanship`, `animationFrameId`, `defaultScript`, `defaultScriptIntensity`, `elasticity`, `friction`, `locationId`, `modelTableId`, `objectScale`, `physicsBitField`, `physicsTableId`, `motionTableId`, `soundTableId`, `physicsState`, `translucency`)
VALUES (12483, 'Celdiseth''s Beach Settlement Portal', 65536, 0, 0, 0, 262164, 0, 0, 0, 0, 0, 0, 8388656, 0, 100667499, 0, 0, 0, 0, 0, 0, 0, 0, 4, 0, 0, 0, 0, 0, 32, -0.1, 0, 0, 0, 0, 0, 0, 0, 0, 0, 33554867, 0, 98307, 0, 150994947, 0, 3084, 0);

INSERT INTO weenie_class (`weenieClassId`, `baseAceObjectId`)
VALUES (12483, 12483);

INSERT INTO `base_ace_object` (`baseAceObjectId`, `name`, `typeId`, `paletteId`, `ammoType`, `blipColor`, `bitField`, `burden`, `combatUse`, `cooldownDuration`, `cooldownId`, `effects`, `containersCapacity`, `header`, `hookTypeId`, `iconId`, `iconOverlayId`, `iconUnderlayId`, `hookItemTypes`, `itemsCapacity`, `location`, `materialType`, `maxStackSize`, `maxStructure`, `radar`, `pscript`, `spellId`, `stackSize`, `structure`, `targetTypeId`, `usability`, `useRadius`, `validLocations`, `value`, `workmanship`, `animationFrameId`, `defaultScript`, `defaultScriptIntensity`, `elasticity`, `friction`, `locationId`, `modelTableId`, `objectScale`, `physicsBitField`, `physicsTableId`, `motionTableId`, `soundTableId`, `physicsState`, `translucency`)
VALUES (13107, 'Greenvale Settlement Portal', 65536, 0, 0, 0, 262164, 0, 0, 0, 0, 0, 0, 8388656, 0, 100667499, 0, 0, 0, 0, 0, 0, 0, 0, 4, 0, 0, 0, 0, 0, 32, -0.1, 0, 0, 0, 0, 0, 0, 0, 0, 0, 33554867, 0, 98307, 0, 150994947, 0, 3084, 0);

INSERT INTO weenie_class (`weenieClassId`, `baseAceObjectId`)
VALUES (13107, 13107);

INSERT INTO `base_ace_object` (`baseAceObjectId`, `name`, `typeId`, `paletteId`, `ammoType`, `blipColor`, `bitField`, `burden`, `combatUse`, `cooldownDuration`, `cooldownId`, `effects`, `containersCapacity`, `header`, `hookTypeId`, `iconId`, `iconOverlayId`, `iconUnderlayId`, `hookItemTypes`, `itemsCapacity`, `location`, `materialType`, `maxStackSize`, `maxStructure`, `radar`, `pscript`, `spellId`, `stackSize`, `structure`, `targetTypeId`, `usability`, `useRadius`, `validLocations`, `value`, `workmanship`, `animationFrameId`, `defaultScript`, `defaultScriptIntensity`, `elasticity`, `friction`, `locationId`, `modelTableId`, `objectScale`, `physicsBitField`, `physicsTableId`, `motionTableId`, `soundTableId`, `physicsState`, `translucency`)
VALUES (14616, 'Celcynd Cottages Portal', 65536, 0, 0, 0, 262164, 0, 0, 0, 0, 0, 0, 8388656, 0, 100667499, 0, 0, 0, 0, 0, 0, 0, 0, 4, 0, 0, 0, 0, 0, 32, -0.1, 0, 0, 0, 0, 0, 0, 0, 0, 0, 33554867, 0, 98307, 0, 150994947, 0, 3084, 0);

INSERT INTO weenie_class (`weenieClassId`, `baseAceObjectId`)
VALUES (14616, 14616);

INSERT INTO `base_ace_object` (`baseAceObjectId`, `name`, `typeId`, `paletteId`, `ammoType`, `blipColor`, `bitField`, `burden`, `combatUse`, `cooldownDuration`, `cooldownId`, `effects`, `containersCapacity`, `header`, `hookTypeId`, `iconId`, `iconOverlayId`, `iconUnderlayId`, `hookItemTypes`, `itemsCapacity`, `location`, `materialType`, `maxStackSize`, `maxStructure`, `radar`, `pscript`, `spellId`, `stackSize`, `structure`, `targetTypeId`, `usability`, `useRadius`, `validLocations`, `value`, `workmanship`, `animationFrameId`, `defaultScript`, `defaultScriptIntensity`, `elasticity`, `friction`, `locationId`, `modelTableId`, `objectScale`, `physicsBitField`, `physicsTableId`, `motionTableId`, `soundTableId`, `physicsState`, `translucency`)
VALUES (14636, 'Ianna Portal', 65536, 0, 0, 0, 262164, 0, 0, 0, 0, 0, 0, 8388656, 0, 100667499, 0, 0, 0, 0, 0, 0, 0, 0, 4, 0, 0, 0, 0, 0, 32, -0.1, 0, 0, 0, 0, 0, 0, 0, 0, 0, 33554867, 0, 98307, 0, 150994947, 0, 3084, 0);

INSERT INTO weenie_class (`weenieClassId`, `baseAceObjectId`)
VALUES (14636, 14636);

INSERT INTO `base_ace_object` (`baseAceObjectId`, `name`, `typeId`, `paletteId`, `ammoType`, `blipColor`, `bitField`, `burden`, `combatUse`, `cooldownDuration`, `cooldownId`, `effects`, `containersCapacity`, `header`, `hookTypeId`, `iconId`, `iconOverlayId`, `iconUnderlayId`, `hookItemTypes`, `itemsCapacity`, `location`, `materialType`, `maxStackSize`, `maxStructure`, `radar`, `pscript`, `spellId`, `stackSize`, `structure`, `targetTypeId`, `usability`, `useRadius`, `validLocations`, `value`, `workmanship`, `animationFrameId`, `defaultScript`, `defaultScriptIntensity`, `elasticity`, `friction`, `locationId`, `modelTableId`, `objectScale`, `physicsBitField`, `physicsTableId`, `motionTableId`, `soundTableId`, `physicsState`, `translucency`)
VALUES (15174, 'Merak Portal', 65536, 0, 0, 0, 262164, 0, 0, 0, 0, 0, 0, 8388656, 0, 100667499, 0, 0, 0, 0, 0, 0, 0, 0, 4, 0, 0, 0, 0, 0, 32, -0.1, 0, 0, 0, 0, 0, 0, 0, 0, 0, 33554867, 0, 98307, 0, 150994947, 0, 3084, 0);

INSERT INTO weenie_class (`weenieClassId`, `baseAceObjectId`)
VALUES (15174, 15174);

INSERT INTO `base_ace_object` (`baseAceObjectId`, `name`, `typeId`, `paletteId`, `ammoType`, `blipColor`, `bitField`, `burden`, `combatUse`, `cooldownDuration`, `cooldownId`, `effects`, `containersCapacity`, `header`, `hookTypeId`, `iconId`, `iconOverlayId`, `iconUnderlayId`, `hookItemTypes`, `itemsCapacity`, `location`, `materialType`, `maxStackSize`, `maxStructure`, `radar`, `pscript`, `spellId`, `stackSize`, `structure`, `targetTypeId`, `usability`, `useRadius`, `validLocations`, `value`, `workmanship`, `animationFrameId`, `defaultScript`, `defaultScriptIntensity`, `elasticity`, `friction`, `locationId`, `modelTableId`, `objectScale`, `physicsBitField`, `physicsTableId`, `motionTableId`, `soundTableId`, `physicsState`, `translucency`)
VALUES (15141, 'Anadil Portal', 65536, 0, 0, 0, 262164, 0, 0, 0, 0, 0, 0, 8388656, 0, 100667499, 0, 0, 0, 0, 0, 0, 0, 0, 4, 0, 0, 0, 0, 0, 32, -0.1, 0, 0, 0, 0, 0, 0, 0, 0, 0, 33554867, 0, 98307, 0, 150994947, 0, 3084, 0);

INSERT INTO weenie_class (`weenieClassId`, `baseAceObjectId`)
VALUES (15141, 15141);

INSERT INTO `base_ace_object` (`baseAceObjectId`, `name`, `typeId`, `paletteId`, `ammoType`, `blipColor`, `bitField`, `burden`, `combatUse`, `cooldownDuration`, `cooldownId`, `effects`, `containersCapacity`, `header`, `hookTypeId`, `iconId`, `iconOverlayId`, `iconUnderlayId`, `hookItemTypes`, `itemsCapacity`, `location`, `materialType`, `maxStackSize`, `maxStructure`, `radar`, `pscript`, `spellId`, `stackSize`, `structure`, `targetTypeId`, `usability`, `useRadius`, `validLocations`, `value`, `workmanship`, `animationFrameId`, `defaultScript`, `defaultScriptIntensity`, `elasticity`, `friction`, `locationId`, `modelTableId`, `objectScale`, `physicsBitField`, `physicsTableId`, `motionTableId`, `soundTableId`, `physicsState`, `translucency`)
VALUES (15685, 'Sweet Maple Cottages Portal', 65536, 0, 0, 0, 262164, 0, 0, 0, 0, 0, 0, 8388656, 0, 100667499, 0, 0, 0, 0, 0, 0, 0, 0, 4, 0, 0, 0, 0, 0, 32, -0.1, 0, 0, 0, 0, 0, 0, 0, 0, 0, 33554867, 0, 98307, 0, 150994947, 0, 3084, 0);

INSERT INTO weenie_class (`weenieClassId`, `baseAceObjectId`)
VALUES (15685, 15685);

INSERT INTO `base_ace_object` (`baseAceObjectId`, `name`, `typeId`, `paletteId`, `ammoType`, `blipColor`, `bitField`, `burden`, `combatUse`, `cooldownDuration`, `cooldownId`, `effects`, `containersCapacity`, `header`, `hookTypeId`, `iconId`, `iconOverlayId`, `iconUnderlayId`, `hookItemTypes`, `itemsCapacity`, `location`, `materialType`, `maxStackSize`, `maxStructure`, `radar`, `pscript`, `spellId`, `stackSize`, `structure`, `targetTypeId`, `usability`, `useRadius`, `validLocations`, `value`, `workmanship`, `animationFrameId`, `defaultScript`, `defaultScriptIntensity`, `elasticity`, `friction`, `locationId`, `modelTableId`, `objectScale`, `physicsBitField`, `physicsTableId`, `motionTableId`, `soundTableId`, `physicsState`, `translucency`)
VALUES (15662, 'Adept''s Domain Portal', 65536, 0, 0, 0, 262164, 0, 0, 0, 0, 0, 0, 8388656, 0, 100667499, 0, 0, 0, 0, 0, 0, 0, 0, 4, 0, 0, 0, 0, 0, 32, -0.1, 0, 0, 0, 0, 0, 0, 0, 0, 0, 33554867, 0, 98307, 0, 150994947, 0, 3084, 0);

INSERT INTO weenie_class (`weenieClassId`, `baseAceObjectId`)
VALUES (15662, 15662);

INSERT INTO `base_ace_object` (`baseAceObjectId`, `name`, `typeId`, `paletteId`, `ammoType`, `blipColor`, `bitField`, `burden`, `combatUse`, `cooldownDuration`, `cooldownId`, `effects`, `containersCapacity`, `header`, `hookTypeId`, `iconId`, `iconOverlayId`, `iconUnderlayId`, `hookItemTypes`, `itemsCapacity`, `location`, `materialType`, `maxStackSize`, `maxStructure`, `radar`, `pscript`, `spellId`, `stackSize`, `structure`, `targetTypeId`, `usability`, `useRadius`, `validLocations`, `value`, `workmanship`, `animationFrameId`, `defaultScript`, `defaultScriptIntensity`, `elasticity`, `friction`, `locationId`, `modelTableId`, `objectScale`, `physicsBitField`, `physicsTableId`, `motionTableId`, `soundTableId`, `physicsState`, `translucency`)
VALUES (34544, 'Realaidain Northern Vault', 65536, 0, 0, 0, 262164, 0, 0, 0, 0, 0, 0, 8388656, 0, 100667499, 0, 0, 0, 0, 0, 0, 0, 0, 4, 0, 0, 0, 0, 0, 32, -0.1, 0, 0, 0, 0, 0, 0, 0, 0, 0, 33555925, 0, 98307, 0, 150994947, 0, 3084, 0);

INSERT INTO weenie_class (`weenieClassId`, `baseAceObjectId`)
VALUES (34544, 34544);

INSERT INTO `base_ace_object` (`baseAceObjectId`, `name`, `typeId`, `paletteId`, `ammoType`, `blipColor`, `bitField`, `burden`, `combatUse`, `cooldownDuration`, `cooldownId`, `effects`, `containersCapacity`, `header`, `hookTypeId`, `iconId`, `iconOverlayId`, `iconUnderlayId`, `hookItemTypes`, `itemsCapacity`, `location`, `materialType`, `maxStackSize`, `maxStructure`, `radar`, `pscript`, `spellId`, `stackSize`, `structure`, `targetTypeId`, `usability`, `useRadius`, `validLocations`, `value`, `workmanship`, `animationFrameId`, `defaultScript`, `defaultScriptIntensity`, `elasticity`, `friction`, `locationId`, `modelTableId`, `objectScale`, `physicsBitField`, `physicsTableId`, `motionTableId`, `soundTableId`, `physicsState`, `translucency`)
VALUES (34539, 'Surface', 65536, 0, 0, 0, 262164, 0, 0, 0, 0, 0, 0, 8388656, 0, 100667499, 0, 0, 0, 0, 0, 0, 0, 0, 4, 0, 0, 0, 0, 0, 32, -0.1, 0, 0, 0, 0, 0, 0, 0, 0, 0, 33554867, 0, 98307, 0, 150994947, 0, 3084, 0);

INSERT INTO weenie_class (`weenieClassId`, `baseAceObjectId`)
VALUES (34539, 34539);

INSERT INTO `base_ace_object` (`baseAceObjectId`, `name`, `typeId`, `paletteId`, `ammoType`, `blipColor`, `bitField`, `burden`, `combatUse`, `cooldownDuration`, `cooldownId`, `effects`, `containersCapacity`, `header`, `hookTypeId`, `iconId`, `iconOverlayId`, `iconUnderlayId`, `hookItemTypes`, `itemsCapacity`, `location`, `materialType`, `maxStackSize`, `maxStructure`, `radar`, `pscript`, `spellId`, `stackSize`, `structure`, `targetTypeId`, `usability`, `useRadius`, `validLocations`, `value`, `workmanship`, `animationFrameId`, `defaultScript`, `defaultScriptIntensity`, `elasticity`, `friction`, `locationId`, `modelTableId`, `objectScale`, `physicsBitField`, `physicsTableId`, `motionTableId`, `soundTableId`, `physicsState`, `translucency`)
VALUES (34540, 'Realaidain Western Vault', 65536, 0, 0, 0, 262164, 0, 0, 0, 0, 0, 0, 8388656, 0, 100667499, 0, 0, 0, 0, 0, 0, 0, 0, 4, 0, 0, 0, 0, 0, 32, -0.1, 0, 0, 0, 0, 0, 0, 0, 0, 0, 33555925, 0, 98307, 0, 150994947, 0, 3084, 0);

INSERT INTO weenie_class (`weenieClassId`, `baseAceObjectId`)
VALUES (34540, 34540);

INSERT INTO `base_ace_object` (`baseAceObjectId`, `name`, `typeId`, `paletteId`, `ammoType`, `blipColor`, `bitField`, `burden`, `combatUse`, `cooldownDuration`, `cooldownId`, `effects`, `containersCapacity`, `header`, `hookTypeId`, `iconId`, `iconOverlayId`, `iconUnderlayId`, `hookItemTypes`, `itemsCapacity`, `location`, `materialType`, `maxStackSize`, `maxStructure`, `radar`, `pscript`, `spellId`, `stackSize`, `structure`, `targetTypeId`, `usability`, `useRadius`, `validLocations`, `value`, `workmanship`, `animationFrameId`, `defaultScript`, `defaultScriptIntensity`, `elasticity`, `friction`, `locationId`, `modelTableId`, `objectScale`, `physicsBitField`, `physicsTableId`, `motionTableId`, `soundTableId`, `physicsState`, `translucency`)
VALUES (34541, 'Surface', 65536, 0, 0, 0, 262164, 0, 0, 0, 0, 0, 0, 8388656, 0, 100667499, 0, 0, 0, 0, 0, 0, 0, 0, 4, 0, 0, 0, 0, 0, 32, -0.1, 0, 0, 0, 0, 0, 0, 0, 0, 0, 33554867, 0, 98307, 0, 150994947, 0, 3084, 0);

INSERT INTO weenie_class (`weenieClassId`, `baseAceObjectId`)
VALUES (34541, 34541);

INSERT INTO `base_ace_object` (`baseAceObjectId`, `name`, `typeId`, `paletteId`, `ammoType`, `blipColor`, `bitField`, `burden`, `combatUse`, `cooldownDuration`, `cooldownId`, `effects`, `containersCapacity`, `header`, `hookTypeId`, `iconId`, `iconOverlayId`, `iconUnderlayId`, `hookItemTypes`, `itemsCapacity`, `location`, `materialType`, `maxStackSize`, `maxStructure`, `radar`, `pscript`, `spellId`, `stackSize`, `structure`, `targetTypeId`, `usability`, `useRadius`, `validLocations`, `value`, `workmanship`, `animationFrameId`, `defaultScript`, `defaultScriptIntensity`, `elasticity`, `friction`, `locationId`, `modelTableId`, `objectScale`, `physicsBitField`, `physicsTableId`, `motionTableId`, `soundTableId`, `physicsState`, `translucency`)
VALUES (34845, 'Dereth ', 65536, 0, 0, 0, 262164, 0, 0, 0, 0, 0, 0, 8388656, 0, 100667499, 0, 0, 0, 0, 0, 0, 0, 0, 4, 0, 0, 0, 0, 0, 32, -0.1, 0, 0, 0, 0, 0, 0, 0, 0, 0, 33554867, 0, 98307, 0, 150994947, 0, 3084, 0);

INSERT INTO weenie_class (`weenieClassId`, `baseAceObjectId`)
VALUES (34845, 34845);

INSERT INTO `base_ace_object` (`baseAceObjectId`, `name`, `typeId`, `paletteId`, `ammoType`, `blipColor`, `bitField`, `burden`, `combatUse`, `cooldownDuration`, `cooldownId`, `effects`, `containersCapacity`, `header`, `hookTypeId`, `iconId`, `iconOverlayId`, `iconUnderlayId`, `hookItemTypes`, `itemsCapacity`, `location`, `materialType`, `maxStackSize`, `maxStructure`, `radar`, `pscript`, `spellId`, `stackSize`, `structure`, `targetTypeId`, `usability`, `useRadius`, `validLocations`, `value`, `workmanship`, `animationFrameId`, `defaultScript`, `defaultScriptIntensity`, `elasticity`, `friction`, `locationId`, `modelTableId`, `objectScale`, `physicsBitField`, `physicsTableId`, `motionTableId`, `soundTableId`, `physicsState`, `translucency`)
VALUES (34844, 'Kor-Gursha ', 65536, 0, 0, 0, 262164, 0, 0, 0, 0, 0, 0, 8388656, 0, 100667499, 0, 0, 0, 0, 0, 0, 0, 0, 4, 0, 0, 0, 0, 0, 32, -0.1, 0, 0, 0, 0, 0, 0, 0, 0, 0, 33560217, 0, 98307, 0, 150995314, 0, 3084, 0);

INSERT INTO weenie_class (`weenieClassId`, `baseAceObjectId`)
VALUES (34844, 34844);

INSERT INTO `base_ace_object` (`baseAceObjectId`, `name`, `typeId`, `paletteId`, `ammoType`, `blipColor`, `bitField`, `burden`, `combatUse`, `cooldownDuration`, `cooldownId`, `effects`, `containersCapacity`, `header`, `hookTypeId`, `iconId`, `iconOverlayId`, `iconUnderlayId`, `hookItemTypes`, `itemsCapacity`, `location`, `materialType`, `maxStackSize`, `maxStructure`, `radar`, `pscript`, `spellId`, `stackSize`, `structure`, `targetTypeId`, `usability`, `useRadius`, `validLocations`, `value`, `workmanship`, `animationFrameId`, `defaultScript`, `defaultScriptIntensity`, `elasticity`, `friction`, `locationId`, `modelTableId`, `objectScale`, `physicsBitField`, `physicsTableId`, `motionTableId`, `soundTableId`, `physicsState`, `translucency`)
VALUES (34771, 'Muggy Guruk Caverns', 65536, 0, 0, 0, 262164, 0, 0, 0, 0, 0, 0, 8388656, 0, 100667499, 0, 0, 0, 0, 0, 0, 0, 0, 4, 0, 0, 0, 0, 0, 32, -0.1, 0, 0, 0, 0, 0, 0, 0, 0, 0, 33560221, 0, 98307, 0, 150995314, 0, 3084, 0);

INSERT INTO weenie_class (`weenieClassId`, `baseAceObjectId`)
VALUES (34771, 34771);

INSERT INTO `base_ace_object` (`baseAceObjectId`, `name`, `typeId`, `paletteId`, `ammoType`, `blipColor`, `bitField`, `burden`, `combatUse`, `cooldownDuration`, `cooldownId`, `effects`, `containersCapacity`, `header`, `hookTypeId`, `iconId`, `iconOverlayId`, `iconUnderlayId`, `hookItemTypes`, `itemsCapacity`, `location`, `materialType`, `maxStackSize`, `maxStructure`, `radar`, `pscript`, `spellId`, `stackSize`, `structure`, `targetTypeId`, `usability`, `useRadius`, `validLocations`, `value`, `workmanship`, `animationFrameId`, `defaultScript`, `defaultScriptIntensity`, `elasticity`, `friction`, `locationId`, `modelTableId`, `objectScale`, `physicsBitField`, `physicsTableId`, `motionTableId`, `soundTableId`, `physicsState`, `translucency`)
VALUES (34831, 'Eastern Catacombs', 65536, 0, 0, 0, 262164, 0, 0, 0, 0, 0, 0, 8388656, 0, 100667499, 0, 0, 0, 0, 0, 0, 0, 0, 4, 0, 0, 0, 0, 0, 32, -0.1, 0, 0, 0, 0, 0, 0, 0, 0, 0, 33560222, 0, 98307, 0, 150995314, 0, 3084, 0);

INSERT INTO weenie_class (`weenieClassId`, `baseAceObjectId`)
VALUES (34831, 34831);

INSERT INTO `base_ace_object` (`baseAceObjectId`, `name`, `typeId`, `paletteId`, `ammoType`, `blipColor`, `bitField`, `burden`, `combatUse`, `cooldownDuration`, `cooldownId`, `effects`, `containersCapacity`, `header`, `hookTypeId`, `iconId`, `iconOverlayId`, `iconUnderlayId`, `hookItemTypes`, `itemsCapacity`, `location`, `materialType`, `maxStackSize`, `maxStructure`, `radar`, `pscript`, `spellId`, `stackSize`, `structure`, `targetTypeId`, `usability`, `useRadius`, `validLocations`, `value`, `workmanship`, `animationFrameId`, `defaultScript`, `defaultScriptIntensity`, `elasticity`, `friction`, `locationId`, `modelTableId`, `objectScale`, `physicsBitField`, `physicsTableId`, `motionTableId`, `soundTableId`, `physicsState`, `translucency`)
VALUES (34827, 'Southern Catacombs', 65536, 0, 0, 0, 262164, 0, 0, 0, 0, 0, 0, 8388656, 0, 100667499, 0, 0, 0, 0, 0, 0, 0, 0, 4, 0, 0, 0, 0, 0, 32, -0.1, 0, 0, 0, 0, 0, 0, 0, 0, 0, 33560216, 0, 98307, 0, 150995314, 0, 3084, 0);

INSERT INTO weenie_class (`weenieClassId`, `baseAceObjectId`)
VALUES (34827, 34827);

INSERT INTO `base_ace_object` (`baseAceObjectId`, `name`, `typeId`, `paletteId`, `ammoType`, `blipColor`, `bitField`, `burden`, `combatUse`, `cooldownDuration`, `cooldownId`, `effects`, `containersCapacity`, `header`, `hookTypeId`, `iconId`, `iconOverlayId`, `iconUnderlayId`, `hookItemTypes`, `itemsCapacity`, `location`, `materialType`, `maxStackSize`, `maxStructure`, `radar`, `pscript`, `spellId`, `stackSize`, `structure`, `targetTypeId`, `usability`, `useRadius`, `validLocations`, `value`, `workmanship`, `animationFrameId`, `defaultScript`, `defaultScriptIntensity`, `elasticity`, `friction`, `locationId`, `modelTableId`, `objectScale`, `physicsBitField`, `physicsTableId`, `motionTableId`, `soundTableId`, `physicsState`, `translucency`)
VALUES (34829, 'Northern Catacombs', 65536, 0, 0, 0, 262164, 0, 0, 0, 0, 0, 0, 8388656, 0, 100667499, 0, 0, 0, 0, 0, 0, 0, 0, 4, 0, 0, 0, 0, 0, 32, -0.1, 0, 0, 0, 0, 0, 0, 0, 0, 0, 33560223, 0, 98307, 0, 150995314, 0, 3084, 0);

INSERT INTO weenie_class (`weenieClassId`, `baseAceObjectId`)
VALUES (34829, 34829);

INSERT INTO `base_ace_object` (`baseAceObjectId`, `name`, `typeId`, `paletteId`, `ammoType`, `blipColor`, `bitField`, `burden`, `combatUse`, `cooldownDuration`, `cooldownId`, `effects`, `containersCapacity`, `header`, `hookTypeId`, `iconId`, `iconOverlayId`, `iconUnderlayId`, `hookItemTypes`, `itemsCapacity`, `location`, `materialType`, `maxStackSize`, `maxStructure`, `radar`, `pscript`, `spellId`, `stackSize`, `structure`, `targetTypeId`, `usability`, `useRadius`, `validLocations`, `value`, `workmanship`, `animationFrameId`, `defaultScript`, `defaultScriptIntensity`, `elasticity`, `friction`, `locationId`, `modelTableId`, `objectScale`, `physicsBitField`, `physicsTableId`, `motionTableId`, `soundTableId`, `physicsState`, `translucency`)
VALUES (34828, 'Southern Catacombs Exit', 65536, 0, 0, 0, 262164, 0, 0, 0, 0, 0, 0, 8388656, 0, 100667499, 0, 0, 0, 0, 0, 0, 0, 0, 4, 0, 0, 0, 0, 0, 32, -0.1, 0, 0, 0, 0, 0, 0, 0, 0, 0, 33560217, 0, 98307, 0, 150995314, 0, 3084, 0);

INSERT INTO weenie_class (`weenieClassId`, `baseAceObjectId`)
VALUES (34828, 34828);

INSERT INTO `base_ace_object` (`baseAceObjectId`, `name`, `typeId`, `paletteId`, `ammoType`, `blipColor`, `bitField`, `burden`, `combatUse`, `cooldownDuration`, `cooldownId`, `effects`, `containersCapacity`, `header`, `hookTypeId`, `iconId`, `iconOverlayId`, `iconUnderlayId`, `hookItemTypes`, `itemsCapacity`, `location`, `materialType`, `maxStackSize`, `maxStructure`, `radar`, `pscript`, `spellId`, `stackSize`, `structure`, `targetTypeId`, `usability`, `useRadius`, `validLocations`, `value`, `workmanship`, `animationFrameId`, `defaultScript`, `defaultScriptIntensity`, `elasticity`, `friction`, `locationId`, `modelTableId`, `objectScale`, `physicsBitField`, `physicsTableId`, `motionTableId`, `soundTableId`, `physicsState`, `translucency`)
VALUES (35801, 'Temple of the Three, Ritual Chambers', 65536, 0, 0, 0, 262164, 0, 0, 0, 0, 0, 0, 8388656, 0, 100667499, 0, 0, 0, 0, 0, 0, 0, 0, 4, 0, 0, 0, 0, 0, 32, -0.1, 0, 0, 0, 0, 0, 0, 0, 0, 0, 33555925, 0, 98307, 0, 150994947, 0, 3084, 0);

INSERT INTO weenie_class (`weenieClassId`, `baseAceObjectId`)
VALUES (35801, 35801);

INSERT INTO `base_ace_object` (`baseAceObjectId`, `name`, `typeId`, `paletteId`, `ammoType`, `blipColor`, `bitField`, `burden`, `combatUse`, `cooldownDuration`, `cooldownId`, `effects`, `containersCapacity`, `header`, `hookTypeId`, `iconId`, `iconOverlayId`, `iconUnderlayId`, `hookItemTypes`, `itemsCapacity`, `location`, `materialType`, `maxStackSize`, `maxStructure`, `radar`, `pscript`, `spellId`, `stackSize`, `structure`, `targetTypeId`, `usability`, `useRadius`, `validLocations`, `value`, `workmanship`, `animationFrameId`, `defaultScript`, `defaultScriptIntensity`, `elasticity`, `friction`, `locationId`, `modelTableId`, `objectScale`, `physicsBitField`, `physicsTableId`, `motionTableId`, `soundTableId`, `physicsState`, `translucency`)
VALUES (34767, 'Deep Guruk Caverns', 65536, 0, 0, 0, 262164, 0, 0, 0, 0, 0, 0, 8388656, 0, 100667499, 0, 0, 0, 0, 0, 0, 0, 0, 4, 0, 0, 0, 0, 0, 32, -0.1, 0, 0, 0, 0, 0, 0, 0, 0, 0, 33560216, 0, 98307, 0, 150995314, 0, 3084, 0);

INSERT INTO weenie_class (`weenieClassId`, `baseAceObjectId`)
VALUES (34767, 34767);

INSERT INTO `base_ace_object` (`baseAceObjectId`, `name`, `typeId`, `paletteId`, `ammoType`, `blipColor`, `bitField`, `burden`, `combatUse`, `cooldownDuration`, `cooldownId`, `effects`, `containersCapacity`, `header`, `hookTypeId`, `iconId`, `iconOverlayId`, `iconUnderlayId`, `hookItemTypes`, `itemsCapacity`, `location`, `materialType`, `maxStackSize`, `maxStructure`, `radar`, `pscript`, `spellId`, `stackSize`, `structure`, `targetTypeId`, `usability`, `useRadius`, `validLocations`, `value`, `workmanship`, `animationFrameId`, `defaultScript`, `defaultScriptIntensity`, `elasticity`, `friction`, `locationId`, `modelTableId`, `objectScale`, `physicsBitField`, `physicsTableId`, `motionTableId`, `soundTableId`, `physicsState`, `translucency`)
VALUES (34768, 'Cavern Exit', 65536, 0, 0, 0, 262164, 0, 0, 0, 0, 0, 0, 8388656, 0, 100667499, 0, 0, 0, 0, 0, 0, 0, 0, 4, 0, 0, 0, 0, 0, 32, -0.1, 0, 0, 0, 0, 0, 0, 0, 0, 0, 33560216, 0, 98307, 0, 150995314, 0, 3084, 0);

INSERT INTO weenie_class (`weenieClassId`, `baseAceObjectId`)
VALUES (34768, 34768);

INSERT INTO `base_ace_object` (`baseAceObjectId`, `name`, `typeId`, `paletteId`, `ammoType`, `blipColor`, `bitField`, `burden`, `combatUse`, `cooldownDuration`, `cooldownId`, `effects`, `containersCapacity`, `header`, `hookTypeId`, `iconId`, `iconOverlayId`, `iconUnderlayId`, `hookItemTypes`, `itemsCapacity`, `location`, `materialType`, `maxStackSize`, `maxStructure`, `radar`, `pscript`, `spellId`, `stackSize`, `structure`, `targetTypeId`, `usability`, `useRadius`, `validLocations`, `value`, `workmanship`, `animationFrameId`, `defaultScript`, `defaultScriptIntensity`, `elasticity`, `friction`, `locationId`, `modelTableId`, `objectScale`, `physicsBitField`, `physicsTableId`, `motionTableId`, `soundTableId`, `physicsState`, `translucency`)
VALUES (35037, 'Temple of the Three', 65536, 0, 0, 0, 262164, 0, 0, 0, 0, 0, 0, 8388656, 0, 100667499, 0, 0, 0, 0, 0, 0, 0, 0, 4, 0, 0, 0, 0, 0, 32, -0.1, 0, 0, 0, 0, 0, 0, 0, 0, 0, 33560216, 0, 98307, 0, 150995314, 0, 3084, 0);

INSERT INTO weenie_class (`weenieClassId`, `baseAceObjectId`)
VALUES (35037, 35037);

INSERT INTO `base_ace_object` (`baseAceObjectId`, `name`, `typeId`, `paletteId`, `ammoType`, `blipColor`, `bitField`, `burden`, `combatUse`, `cooldownDuration`, `cooldownId`, `effects`, `containersCapacity`, `header`, `hookTypeId`, `iconId`, `iconOverlayId`, `iconUnderlayId`, `hookItemTypes`, `itemsCapacity`, `location`, `materialType`, `maxStackSize`, `maxStructure`, `radar`, `pscript`, `spellId`, `stackSize`, `structure`, `targetTypeId`, `usability`, `useRadius`, `validLocations`, `value`, `workmanship`, `animationFrameId`, `defaultScript`, `defaultScriptIntensity`, `elasticity`, `friction`, `locationId`, `modelTableId`, `objectScale`, `physicsBitField`, `physicsTableId`, `motionTableId`, `soundTableId`, `physicsState`, `translucency`)
VALUES (35039, 'Ritual Chambers', 65536, 0, 0, 0, 262164, 0, 0, 0, 0, 0, 0, 8388656, 0, 100667499, 0, 0, 0, 0, 0, 0, 0, 0, 4, 0, 0, 0, 0, 0, 32, -0.1, 0, 0, 0, 0, 0, 0, 0, 0, 0, 33560216, 0, 98307, 0, 150995314, 0, 3084, 0);

INSERT INTO weenie_class (`weenieClassId`, `baseAceObjectId`)
VALUES (35039, 35039);

INSERT INTO `base_ace_object` (`baseAceObjectId`, `name`, `typeId`, `paletteId`, `ammoType`, `blipColor`, `bitField`, `burden`, `combatUse`, `cooldownDuration`, `cooldownId`, `effects`, `containersCapacity`, `header`, `hookTypeId`, `iconId`, `iconOverlayId`, `iconUnderlayId`, `hookItemTypes`, `itemsCapacity`, `location`, `materialType`, `maxStackSize`, `maxStructure`, `radar`, `pscript`, `spellId`, `stackSize`, `structure`, `targetTypeId`, `usability`, `useRadius`, `validLocations`, `value`, `workmanship`, `animationFrameId`, `defaultScript`, `defaultScriptIntensity`, `elasticity`, `friction`, `locationId`, `modelTableId`, `objectScale`, `physicsBitField`, `physicsTableId`, `motionTableId`, `soundTableId`, `physicsState`, `translucency`)
VALUES (35038, 'Bur Catacombs', 65536, 0, 0, 0, 262164, 0, 0, 0, 0, 0, 0, 8388656, 0, 100667499, 0, 0, 0, 0, 0, 0, 0, 0, 4, 0, 0, 0, 0, 0, 32, -0.1, 0, 0, 0, 0, 0, 0, 0, 0, 0, 33560217, 0, 98307, 0, 150995314, 0, 3084, 0);

INSERT INTO weenie_class (`weenieClassId`, `baseAceObjectId`)
VALUES (35038, 35038);

INSERT INTO `base_ace_object` (`baseAceObjectId`, `name`, `typeId`, `paletteId`, `ammoType`, `blipColor`, `bitField`, `burden`, `combatUse`, `cooldownDuration`, `cooldownId`, `effects`, `containersCapacity`, `header`, `hookTypeId`, `iconId`, `iconOverlayId`, `iconUnderlayId`, `hookItemTypes`, `itemsCapacity`, `location`, `materialType`, `maxStackSize`, `maxStructure`, `radar`, `pscript`, `spellId`, `stackSize`, `structure`, `targetTypeId`, `usability`, `useRadius`, `validLocations`, `value`, `workmanship`, `animationFrameId`, `defaultScript`, `defaultScriptIntensity`, `elasticity`, `friction`, `locationId`, `modelTableId`, `objectScale`, `physicsBitField`, `physicsTableId`, `motionTableId`, `soundTableId`, `physicsState`, `translucency`)
VALUES (35484, 'Return to Linvak Tukal', 65536, 0, 0, 0, 262164, 0, 0, 0, 0, 0, 0, 8388656, 0, 100667499, 0, 0, 0, 0, 0, 0, 0, 0, 4, 0, 0, 0, 0, 0, 32, -0.1, 0, 0, 0, 0, 0, 0, 0, 0, 0, 33554867, 0, 98307, 0, 150994947, 0, 3084, 0);

INSERT INTO weenie_class (`weenieClassId`, `baseAceObjectId`)
VALUES (35484, 35484);

INSERT INTO `base_ace_object` (`baseAceObjectId`, `name`, `typeId`, `paletteId`, `ammoType`, `blipColor`, `bitField`, `burden`, `combatUse`, `cooldownDuration`, `cooldownId`, `effects`, `containersCapacity`, `header`, `hookTypeId`, `iconId`, `iconOverlayId`, `iconUnderlayId`, `hookItemTypes`, `itemsCapacity`, `location`, `materialType`, `maxStackSize`, `maxStructure`, `radar`, `pscript`, `spellId`, `stackSize`, `structure`, `targetTypeId`, `usability`, `useRadius`, `validLocations`, `value`, `workmanship`, `animationFrameId`, `defaultScript`, `defaultScriptIntensity`, `elasticity`, `friction`, `locationId`, `modelTableId`, `objectScale`, `physicsBitField`, `physicsTableId`, `motionTableId`, `soundTableId`, `physicsState`, `translucency`)
VALUES (36698, 'Trials of the Arm, Mind and Heart', 65536, 0, 0, 0, 262164, 0, 0, 0, 0, 0, 0, 8388656, 0, 100667499, 0, 0, 0, 0, 0, 0, 0, 0, 4, 0, 0, 0, 0, 0, 32, -0.1, 0, 0, 0, 0, 0, 0, 0, 0, 0, 33554867, 0, 98307, 0, 150994947, 0, 3084, 0);

INSERT INTO weenie_class (`weenieClassId`, `baseAceObjectId`)
VALUES (36698, 36698);

INSERT INTO `base_ace_object` (`baseAceObjectId`, `name`, `typeId`, `paletteId`, `ammoType`, `blipColor`, `bitField`, `burden`, `combatUse`, `cooldownDuration`, `cooldownId`, `effects`, `containersCapacity`, `header`, `hookTypeId`, `iconId`, `iconOverlayId`, `iconUnderlayId`, `hookItemTypes`, `itemsCapacity`, `location`, `materialType`, `maxStackSize`, `maxStructure`, `radar`, `pscript`, `spellId`, `stackSize`, `structure`, `targetTypeId`, `usability`, `useRadius`, `validLocations`, `value`, `workmanship`, `animationFrameId`, `defaultScript`, `defaultScriptIntensity`, `elasticity`, `friction`, `locationId`, `modelTableId`, `objectScale`, `physicsBitField`, `physicsTableId`, `motionTableId`, `soundTableId`, `physicsState`, `translucency`)
VALUES (36699, 'Trial of the Arm', 65536, 0, 0, 0, 262164, 0, 0, 0, 0, 0, 0, 8388656, 0, 100667499, 0, 0, 0, 0, 0, 0, 0, 0, 4, 0, 0, 0, 0, 0, 32, -0.1, 0, 0, 0, 0, 0, 0, 0, 0, 0, 33554867, 0, 98307, 0, 150994947, 0, 3084, 0);

INSERT INTO weenie_class (`weenieClassId`, `baseAceObjectId`)
VALUES (36699, 36699);

INSERT INTO `base_ace_object` (`baseAceObjectId`, `name`, `typeId`, `paletteId`, `ammoType`, `blipColor`, `bitField`, `burden`, `combatUse`, `cooldownDuration`, `cooldownId`, `effects`, `containersCapacity`, `header`, `hookTypeId`, `iconId`, `iconOverlayId`, `iconUnderlayId`, `hookItemTypes`, `itemsCapacity`, `location`, `materialType`, `maxStackSize`, `maxStructure`, `radar`, `pscript`, `spellId`, `stackSize`, `structure`, `targetTypeId`, `usability`, `useRadius`, `validLocations`, `value`, `workmanship`, `animationFrameId`, `defaultScript`, `defaultScriptIntensity`, `elasticity`, `friction`, `locationId`, `modelTableId`, `objectScale`, `physicsBitField`, `physicsTableId`, `motionTableId`, `soundTableId`, `physicsState`, `translucency`)
VALUES (36701, 'Trial of the Mind', 65536, 0, 0, 0, 262164, 0, 0, 0, 0, 0, 0, 8388656, 0, 100667499, 0, 0, 0, 0, 0, 0, 0, 0, 4, 0, 0, 0, 0, 0, 32, -0.1, 0, 0, 0, 0, 0, 0, 0, 0, 0, 33555925, 0, 98307, 0, 150994947, 0, 3084, 0);

INSERT INTO weenie_class (`weenieClassId`, `baseAceObjectId`)
VALUES (36701, 36701);

INSERT INTO `base_ace_object` (`baseAceObjectId`, `name`, `typeId`, `paletteId`, `ammoType`, `blipColor`, `bitField`, `burden`, `combatUse`, `cooldownDuration`, `cooldownId`, `effects`, `containersCapacity`, `header`, `hookTypeId`, `iconId`, `iconOverlayId`, `iconUnderlayId`, `hookItemTypes`, `itemsCapacity`, `location`, `materialType`, `maxStackSize`, `maxStructure`, `radar`, `pscript`, `spellId`, `stackSize`, `structure`, `targetTypeId`, `usability`, `useRadius`, `validLocations`, `value`, `workmanship`, `animationFrameId`, `defaultScript`, `defaultScriptIntensity`, `elasticity`, `friction`, `locationId`, `modelTableId`, `objectScale`, `physicsBitField`, `physicsTableId`, `motionTableId`, `soundTableId`, `physicsState`, `translucency`)
VALUES (36697, 'Trials Graduation Portal', 65536, 0, 0, 0, 262164, 0, 0, 0, 0, 0, 0, 8388656, 0, 100667499, 0, 0, 0, 0, 0, 0, 0, 0, 4, 0, 0, 0, 0, 0, 32, -0.1, 0, 0, 0, 0, 0, 0, 0, 0, 0, 33554867, 0, 98307, 0, 150994947, 0, 3084, 0);

INSERT INTO weenie_class (`weenieClassId`, `baseAceObjectId`)
VALUES (36697, 36697);

INSERT INTO `base_ace_object` (`baseAceObjectId`, `name`, `typeId`, `paletteId`, `ammoType`, `blipColor`, `bitField`, `burden`, `combatUse`, `cooldownDuration`, `cooldownId`, `effects`, `containersCapacity`, `header`, `hookTypeId`, `iconId`, `iconOverlayId`, `iconUnderlayId`, `hookItemTypes`, `itemsCapacity`, `location`, `materialType`, `maxStackSize`, `maxStructure`, `radar`, `pscript`, `spellId`, `stackSize`, `structure`, `targetTypeId`, `usability`, `useRadius`, `validLocations`, `value`, `workmanship`, `animationFrameId`, `defaultScript`, `defaultScriptIntensity`, `elasticity`, `friction`, `locationId`, `modelTableId`, `objectScale`, `physicsBitField`, `physicsTableId`, `motionTableId`, `soundTableId`, `physicsState`, `translucency`)
VALUES (37115, 'Device Room Portal', 65536, 0, 0, 0, 262164, 0, 0, 0, 0, 0, 0, 8388656, 0, 100667499, 0, 0, 0, 0, 0, 0, 0, 0, 4, 0, 0, 0, 0, 0, 32, -0.1, 0, 0, 0, 0, 0, 0, 0, 0, 0, 33555925, 0, 98307, 0, 150994947, 0, 1036, 0);

INSERT INTO weenie_class (`weenieClassId`, `baseAceObjectId`)
VALUES (37115, 37115);

INSERT INTO `base_ace_object` (`baseAceObjectId`, `name`, `typeId`, `paletteId`, `ammoType`, `blipColor`, `bitField`, `burden`, `combatUse`, `cooldownDuration`, `cooldownId`, `effects`, `containersCapacity`, `header`, `hookTypeId`, `iconId`, `iconOverlayId`, `iconUnderlayId`, `hookItemTypes`, `itemsCapacity`, `location`, `materialType`, `maxStackSize`, `maxStructure`, `radar`, `pscript`, `spellId`, `stackSize`, `structure`, `targetTypeId`, `usability`, `useRadius`, `validLocations`, `value`, `workmanship`, `animationFrameId`, `defaultScript`, `defaultScriptIntensity`, `elasticity`, `friction`, `locationId`, `modelTableId`, `objectScale`, `physicsBitField`, `physicsTableId`, `motionTableId`, `soundTableId`, `physicsState`, `translucency`)
VALUES (37051, 'South Gate', 65536, 0, 0, 0, 262164, 0, 0, 0, 0, 0, 0, 8388656, 0, 100667499, 0, 0, 0, 0, 0, 0, 0, 0, 4, 0, 0, 0, 0, 0, 32, -0.1, 0, 0, 0, 0, 0, 0, 0, 0, 0, 33560505, 0, 32769, 0, 0, 0, 2060, 0);

INSERT INTO weenie_class (`weenieClassId`, `baseAceObjectId`)
VALUES (37051, 37051);

INSERT INTO `base_ace_object` (`baseAceObjectId`, `name`, `typeId`, `paletteId`, `ammoType`, `blipColor`, `bitField`, `burden`, `combatUse`, `cooldownDuration`, `cooldownId`, `effects`, `containersCapacity`, `header`, `hookTypeId`, `iconId`, `iconOverlayId`, `iconUnderlayId`, `hookItemTypes`, `itemsCapacity`, `location`, `materialType`, `maxStackSize`, `maxStructure`, `radar`, `pscript`, `spellId`, `stackSize`, `structure`, `targetTypeId`, `usability`, `useRadius`, `validLocations`, `value`, `workmanship`, `animationFrameId`, `defaultScript`, `defaultScriptIntensity`, `elasticity`, `friction`, `locationId`, `modelTableId`, `objectScale`, `physicsBitField`, `physicsTableId`, `motionTableId`, `soundTableId`, `physicsState`, `translucency`)
VALUES (10796, 'Singularity Bore', 65536, 0, 0, 0, 262164, 0, 0, 0, 0, 0, 0, 8388656, 0, 100667499, 0, 0, 0, 0, 0, 0, 0, 0, 4, 0, 0, 0, 0, 0, 32, -0.1, 0, 0, 0, 0, 0, 0, 0, 0, 0, 33555925, 0, 98307, 0, 150994947, 0, 3084, 0);

INSERT INTO weenie_class (`weenieClassId`, `baseAceObjectId`)
VALUES (10796, 10796);

INSERT INTO `base_ace_object` (`baseAceObjectId`, `name`, `typeId`, `paletteId`, `ammoType`, `blipColor`, `bitField`, `burden`, `combatUse`, `cooldownDuration`, `cooldownId`, `effects`, `containersCapacity`, `header`, `hookTypeId`, `iconId`, `iconOverlayId`, `iconUnderlayId`, `hookItemTypes`, `itemsCapacity`, `location`, `materialType`, `maxStackSize`, `maxStructure`, `radar`, `pscript`, `spellId`, `stackSize`, `structure`, `targetTypeId`, `usability`, `useRadius`, `validLocations`, `value`, `workmanship`, `animationFrameId`, `defaultScript`, `defaultScriptIntensity`, `elasticity`, `friction`, `locationId`, `modelTableId`, `objectScale`, `physicsBitField`, `physicsTableId`, `motionTableId`, `soundTableId`, `physicsState`, `translucency`)
VALUES (45726, 'Shadowy Refuge', 65536, 0, 0, 0, 262164, 0, 0, 0, 0, 0, 0, 8388656, 0, 100667499, 0, 0, 0, 0, 0, 0, 0, 0, 4, 0, 0, 0, 0, 0, 32, -0.1, 0, 0, 0, 0, 0, 0, 0, 0, 0, 33555925, 0, 98307, 0, 150994947, 0, 3084, 0);

INSERT INTO weenie_class (`weenieClassId`, `baseAceObjectId`)
VALUES (45726, 45726);

INSERT INTO `base_ace_object` (`baseAceObjectId`, `name`, `typeId`, `paletteId`, `ammoType`, `blipColor`, `bitField`, `burden`, `combatUse`, `cooldownDuration`, `cooldownId`, `effects`, `containersCapacity`, `header`, `hookTypeId`, `iconId`, `iconOverlayId`, `iconUnderlayId`, `hookItemTypes`, `itemsCapacity`, `location`, `materialType`, `maxStackSize`, `maxStructure`, `radar`, `pscript`, `spellId`, `stackSize`, `structure`, `targetTypeId`, `usability`, `useRadius`, `validLocations`, `value`, `workmanship`, `animationFrameId`, `defaultScript`, `defaultScriptIntensity`, `elasticity`, `friction`, `locationId`, `modelTableId`, `objectScale`, `physicsBitField`, `physicsTableId`, `motionTableId`, `soundTableId`, `physicsState`, `translucency`)
VALUES (8386, 'Direlands Valleys Portal', 65536, 0, 0, 0, 262164, 0, 0, 0, 0, 0, 0, 8388656, 0, 100667499, 0, 0, 0, 0, 0, 0, 0, 0, 4, 0, 0, 0, 0, 0, 32, -0.1, 0, 0, 0, 0, 0, 0, 0, 0, 0, 33555926, 0, 98307, 0, 150994947, 0, 3084, 0);

INSERT INTO weenie_class (`weenieClassId`, `baseAceObjectId`)
VALUES (8386, 8386);

INSERT INTO `base_ace_object` (`baseAceObjectId`, `name`, `typeId`, `paletteId`, `ammoType`, `blipColor`, `bitField`, `burden`, `combatUse`, `cooldownDuration`, `cooldownId`, `effects`, `containersCapacity`, `header`, `hookTypeId`, `iconId`, `iconOverlayId`, `iconUnderlayId`, `hookItemTypes`, `itemsCapacity`, `location`, `materialType`, `maxStackSize`, `maxStructure`, `radar`, `pscript`, `spellId`, `stackSize`, `structure`, `targetTypeId`, `usability`, `useRadius`, `validLocations`, `value`, `workmanship`, `animationFrameId`, `defaultScript`, `defaultScriptIntensity`, `elasticity`, `friction`, `locationId`, `modelTableId`, `objectScale`, `physicsBitField`, `physicsTableId`, `motionTableId`, `soundTableId`, `physicsState`, `translucency`)
VALUES (5530, 'Saadia''s Retreat', 65536, 0, 0, 0, 262164, 0, 0, 0, 0, 0, 0, 8388656, 0, 100667499, 0, 0, 0, 0, 0, 0, 0, 0, 4, 0, 0, 0, 0, 0, 32, -0.1, 0, 0, 0, 0, 0, 0, 0, 0, 0, 33555923, 0, 98307, 0, 150994947, 0, 3084, 0);

INSERT INTO weenie_class (`weenieClassId`, `baseAceObjectId`)
VALUES (5530, 5530);

INSERT INTO `base_ace_object` (`baseAceObjectId`, `name`, `typeId`, `paletteId`, `ammoType`, `blipColor`, `bitField`, `burden`, `combatUse`, `cooldownDuration`, `cooldownId`, `effects`, `containersCapacity`, `header`, `hookTypeId`, `iconId`, `iconOverlayId`, `iconUnderlayId`, `hookItemTypes`, `itemsCapacity`, `location`, `materialType`, `maxStackSize`, `maxStructure`, `radar`, `pscript`, `spellId`, `stackSize`, `structure`, `targetTypeId`, `usability`, `useRadius`, `validLocations`, `value`, `workmanship`, `animationFrameId`, `defaultScript`, `defaultScriptIntensity`, `elasticity`, `friction`, `locationId`, `modelTableId`, `objectScale`, `physicsBitField`, `physicsTableId`, `motionTableId`, `soundTableId`, `physicsState`, `translucency`)
VALUES (15187, 'Sand Shallow Cottages Portal', 65536, 0, 0, 0, 262164, 0, 0, 0, 0, 0, 0, 8388656, 0, 100667499, 0, 0, 0, 0, 0, 0, 0, 0, 4, 0, 0, 0, 0, 0, 32, -0.1, 0, 0, 0, 0, 0, 0, 0, 0, 0, 33554867, 0, 98307, 0, 150994947, 0, 3084, 0);

INSERT INTO weenie_class (`weenieClassId`, `baseAceObjectId`)
VALUES (15187, 15187);

INSERT INTO `base_ace_object` (`baseAceObjectId`, `name`, `typeId`, `paletteId`, `ammoType`, `blipColor`, `bitField`, `burden`, `combatUse`, `cooldownDuration`, `cooldownId`, `effects`, `containersCapacity`, `header`, `hookTypeId`, `iconId`, `iconOverlayId`, `iconUnderlayId`, `hookItemTypes`, `itemsCapacity`, `location`, `materialType`, `maxStackSize`, `maxStructure`, `radar`, `pscript`, `spellId`, `stackSize`, `structure`, `targetTypeId`, `usability`, `useRadius`, `validLocations`, `value`, `workmanship`, `animationFrameId`, `defaultScript`, `defaultScriptIntensity`, `elasticity`, `friction`, `locationId`, `modelTableId`, `objectScale`, `physicsBitField`, `physicsTableId`, `motionTableId`, `soundTableId`, `physicsState`, `translucency`)
VALUES (15188, 'Scimitar Lake Cottages Portal', 65536, 0, 0, 0, 262164, 0, 0, 0, 0, 0, 0, 8388656, 0, 100667499, 0, 0, 0, 0, 0, 0, 0, 0, 4, 0, 0, 0, 0, 0, 32, -0.1, 0, 0, 0, 0, 0, 0, 0, 0, 0, 33554867, 0, 98307, 0, 150994947, 0, 3084, 0);

INSERT INTO weenie_class (`weenieClassId`, `baseAceObjectId`)
VALUES (15188, 15188);

INSERT INTO `base_ace_object` (`baseAceObjectId`, `name`, `typeId`, `paletteId`, `ammoType`, `blipColor`, `bitField`, `burden`, `combatUse`, `cooldownDuration`, `cooldownId`, `effects`, `containersCapacity`, `header`, `hookTypeId`, `iconId`, `iconOverlayId`, `iconUnderlayId`, `hookItemTypes`, `itemsCapacity`, `location`, `materialType`, `maxStackSize`, `maxStructure`, `radar`, `pscript`, `spellId`, `stackSize`, `structure`, `targetTypeId`, `usability`, `useRadius`, `validLocations`, `value`, `workmanship`, `animationFrameId`, `defaultScript`, `defaultScriptIntensity`, `elasticity`, `friction`, `locationId`, `modelTableId`, `objectScale`, `physicsBitField`, `physicsTableId`, `motionTableId`, `soundTableId`, `physicsState`, `translucency`)
VALUES (15145, 'Azaroth Cottages Portal', 65536, 0, 0, 0, 262164, 0, 0, 0, 0, 0, 0, 8388656, 0, 100667499, 0, 0, 0, 0, 0, 0, 0, 0, 4, 0, 0, 0, 0, 0, 32, -0.1, 0, 0, 0, 0, 0, 0, 0, 0, 0, 33554867, 0, 98307, 0, 150994947, 0, 3084, 0);

INSERT INTO weenie_class (`weenieClassId`, `baseAceObjectId`)
VALUES (15145, 15145);

INSERT INTO `base_ace_object` (`baseAceObjectId`, `name`, `typeId`, `paletteId`, `ammoType`, `blipColor`, `bitField`, `burden`, `combatUse`, `cooldownDuration`, `cooldownId`, `effects`, `containersCapacity`, `header`, `hookTypeId`, `iconId`, `iconOverlayId`, `iconUnderlayId`, `hookItemTypes`, `itemsCapacity`, `location`, `materialType`, `maxStackSize`, `maxStructure`, `radar`, `pscript`, `spellId`, `stackSize`, `structure`, `targetTypeId`, `usability`, `useRadius`, `validLocations`, `value`, `workmanship`, `animationFrameId`, `defaultScript`, `defaultScriptIntensity`, `elasticity`, `friction`, `locationId`, `modelTableId`, `objectScale`, `physicsBitField`, `physicsTableId`, `motionTableId`, `soundTableId`, `physicsState`, `translucency`)
VALUES (14653, 'Northreach Portal', 65536, 0, 0, 0, 262164, 0, 0, 0, 0, 0, 0, 8388656, 0, 100667499, 0, 0, 0, 0, 0, 0, 0, 0, 4, 0, 0, 0, 0, 0, 32, -0.1, 0, 0, 0, 0, 0, 0, 0, 0, 0, 33554867, 0, 98307, 0, 150994947, 0, 3084, 0);

INSERT INTO weenie_class (`weenieClassId`, `baseAceObjectId`)
VALUES (14653, 14653);

INSERT INTO `base_ace_object` (`baseAceObjectId`, `name`, `typeId`, `paletteId`, `ammoType`, `blipColor`, `bitField`, `burden`, `combatUse`, `cooldownDuration`, `cooldownId`, `effects`, `containersCapacity`, `header`, `hookTypeId`, `iconId`, `iconOverlayId`, `iconUnderlayId`, `hookItemTypes`, `itemsCapacity`, `location`, `materialType`, `maxStackSize`, `maxStructure`, `radar`, `pscript`, `spellId`, `stackSize`, `structure`, `targetTypeId`, `usability`, `useRadius`, `validLocations`, `value`, `workmanship`, `animationFrameId`, `defaultScript`, `defaultScriptIntensity`, `elasticity`, `friction`, `locationId`, `modelTableId`, `objectScale`, `physicsBitField`, `physicsTableId`, `motionTableId`, `soundTableId`, `physicsState`, `translucency`)
VALUES (13120, 'Qalaba''r Seaside Villas Portal', 65536, 0, 0, 0, 262164, 0, 0, 0, 0, 0, 0, 8388656, 0, 100667499, 0, 0, 0, 0, 0, 0, 0, 0, 4, 0, 0, 0, 0, 0, 32, -0.1, 0, 0, 0, 0, 0, 0, 0, 0, 0, 33554867, 0, 98307, 0, 150994947, 0, 3084, 0);

INSERT INTO weenie_class (`weenieClassId`, `baseAceObjectId`)
VALUES (13120, 13120);

INSERT INTO `base_ace_object` (`baseAceObjectId`, `name`, `typeId`, `paletteId`, `ammoType`, `blipColor`, `bitField`, `burden`, `combatUse`, `cooldownDuration`, `cooldownId`, `effects`, `containersCapacity`, `header`, `hookTypeId`, `iconId`, `iconOverlayId`, `iconUnderlayId`, `hookItemTypes`, `itemsCapacity`, `location`, `materialType`, `maxStackSize`, `maxStructure`, `radar`, `pscript`, `spellId`, `stackSize`, `structure`, `targetTypeId`, `usability`, `useRadius`, `validLocations`, `value`, `workmanship`, `animationFrameId`, `defaultScript`, `defaultScriptIntensity`, `elasticity`, `friction`, `locationId`, `modelTableId`, `objectScale`, `physicsBitField`, `physicsTableId`, `motionTableId`, `soundTableId`, `physicsState`, `translucency`)
VALUES (14279, 'Ro-Nan Portal', 65536, 0, 0, 0, 262164, 0, 0, 0, 0, 0, 0, 8388656, 0, 100667499, 0, 0, 0, 0, 0, 0, 0, 0, 4, 0, 0, 0, 0, 0, 32, -0.1, 0, 0, 0, 0, 0, 0, 0, 0, 0, 33554867, 0, 98307, 0, 150994947, 0, 3084, 0);

INSERT INTO weenie_class (`weenieClassId`, `baseAceObjectId`)
VALUES (14279, 14279);

INSERT INTO `base_ace_object` (`baseAceObjectId`, `name`, `typeId`, `paletteId`, `ammoType`, `blipColor`, `bitField`, `burden`, `combatUse`, `cooldownDuration`, `cooldownId`, `effects`, `containersCapacity`, `header`, `hookTypeId`, `iconId`, `iconOverlayId`, `iconUnderlayId`, `hookItemTypes`, `itemsCapacity`, `location`, `materialType`, `maxStackSize`, `maxStructure`, `radar`, `pscript`, `spellId`, `stackSize`, `structure`, `targetTypeId`, `usability`, `useRadius`, `validLocations`, `value`, `workmanship`, `animationFrameId`, `defaultScript`, `defaultScriptIntensity`, `elasticity`, `friction`, `locationId`, `modelTableId`, `objectScale`, `physicsBitField`, `physicsTableId`, `motionTableId`, `soundTableId`, `physicsState`, `translucency`)
VALUES (14642, 'Land Bridge Villas Portal', 65536, 0, 0, 0, 262164, 0, 0, 0, 0, 0, 0, 8388656, 0, 100667499, 0, 0, 0, 0, 0, 0, 0, 0, 4, 0, 0, 0, 0, 0, 32, -0.1, 0, 0, 0, 0, 0, 0, 0, 0, 0, 33554867, 0, 98307, 0, 150994947, 0, 3084, 0);

INSERT INTO weenie_class (`weenieClassId`, `baseAceObjectId`)
VALUES (14642, 14642);

INSERT INTO `base_ace_object` (`baseAceObjectId`, `name`, `typeId`, `paletteId`, `ammoType`, `blipColor`, `bitField`, `burden`, `combatUse`, `cooldownDuration`, `cooldownId`, `effects`, `containersCapacity`, `header`, `hookTypeId`, `iconId`, `iconOverlayId`, `iconUnderlayId`, `hookItemTypes`, `itemsCapacity`, `location`, `materialType`, `maxStackSize`, `maxStructure`, `radar`, `pscript`, `spellId`, `stackSize`, `structure`, `targetTypeId`, `usability`, `useRadius`, `validLocations`, `value`, `workmanship`, `animationFrameId`, `defaultScript`, `defaultScriptIntensity`, `elasticity`, `friction`, `locationId`, `modelTableId`, `objectScale`, `physicsBitField`, `physicsTableId`, `motionTableId`, `soundTableId`, `physicsState`, `translucency`)
VALUES (13119, 'Qalabar Oasis Settlement Portal', 65536, 0, 0, 0, 262164, 0, 0, 0, 0, 0, 0, 8388656, 0, 100667499, 0, 0, 0, 0, 0, 0, 0, 0, 4, 0, 0, 0, 0, 0, 32, -0.1, 0, 0, 0, 0, 0, 0, 0, 0, 0, 33554867, 0, 98307, 0, 150994947, 0, 3084, 0);

INSERT INTO weenie_class (`weenieClassId`, `baseAceObjectId`)
VALUES (13119, 13119);

INSERT INTO `base_ace_object` (`baseAceObjectId`, `name`, `typeId`, `paletteId`, `ammoType`, `blipColor`, `bitField`, `burden`, `combatUse`, `cooldownDuration`, `cooldownId`, `effects`, `containersCapacity`, `header`, `hookTypeId`, `iconId`, `iconOverlayId`, `iconUnderlayId`, `hookItemTypes`, `itemsCapacity`, `location`, `materialType`, `maxStackSize`, `maxStructure`, `radar`, `pscript`, `spellId`, `stackSize`, `structure`, `targetTypeId`, `usability`, `useRadius`, `validLocations`, `value`, `workmanship`, `animationFrameId`, `defaultScript`, `defaultScriptIntensity`, `elasticity`, `friction`, `locationId`, `modelTableId`, `objectScale`, `physicsBitField`, `physicsTableId`, `motionTableId`, `soundTableId`, `physicsState`, `translucency`)
VALUES (12479, 'Brigands Bay Settlement Portal', 65536, 0, 0, 0, 262164, 0, 0, 0, 0, 0, 0, 8388656, 0, 100667499, 0, 0, 0, 0, 0, 0, 0, 0, 4, 0, 0, 0, 0, 0, 32, -0.1, 0, 0, 0, 0, 0, 0, 0, 0, 0, 33554867, 0, 98307, 0, 150994947, 0, 3084, 0);

INSERT INTO weenie_class (`weenieClassId`, `baseAceObjectId`)
VALUES (12479, 12479);

INSERT INTO `base_ace_object` (`baseAceObjectId`, `name`, `typeId`, `paletteId`, `ammoType`, `blipColor`, `bitField`, `burden`, `combatUse`, `cooldownDuration`, `cooldownId`, `effects`, `containersCapacity`, `header`, `hookTypeId`, `iconId`, `iconOverlayId`, `iconUnderlayId`, `hookItemTypes`, `itemsCapacity`, `location`, `materialType`, `maxStackSize`, `maxStructure`, `radar`, `pscript`, `spellId`, `stackSize`, `structure`, `targetTypeId`, `usability`, `useRadius`, `validLocations`, `value`, `workmanship`, `animationFrameId`, `defaultScript`, `defaultScriptIntensity`, `elasticity`, `friction`, `locationId`, `modelTableId`, `objectScale`, `physicsBitField`, `physicsTableId`, `motionTableId`, `soundTableId`, `physicsState`, `translucency`)
VALUES (14667, 'Southern Park Portal', 65536, 0, 0, 0, 262164, 0, 0, 0, 0, 0, 0, 8388656, 0, 100667499, 0, 0, 0, 0, 0, 0, 0, 0, 4, 0, 0, 0, 0, 0, 32, -0.1, 0, 0, 0, 0, 0, 0, 0, 0, 0, 33554867, 0, 98307, 0, 150994947, 0, 3084, 0);

INSERT INTO weenie_class (`weenieClassId`, `baseAceObjectId`)
VALUES (14667, 14667);

INSERT INTO `base_ace_object` (`baseAceObjectId`, `name`, `typeId`, `paletteId`, `ammoType`, `blipColor`, `bitField`, `burden`, `combatUse`, `cooldownDuration`, `cooldownId`, `effects`, `containersCapacity`, `header`, `hookTypeId`, `iconId`, `iconOverlayId`, `iconUnderlayId`, `hookItemTypes`, `itemsCapacity`, `location`, `materialType`, `maxStackSize`, `maxStructure`, `radar`, `pscript`, `spellId`, `stackSize`, `structure`, `targetTypeId`, `usability`, `useRadius`, `validLocations`, `value`, `workmanship`, `animationFrameId`, `defaultScript`, `defaultScriptIntensity`, `elasticity`, `friction`, `locationId`, `modelTableId`, `objectScale`, `physicsBitField`, `physicsTableId`, `motionTableId`, `soundTableId`, `physicsState`, `translucency`)
VALUES (14644, 'Linvak Tukal Foothills Settlement Portal', 65536, 0, 0, 0, 262164, 0, 0, 0, 0, 0, 0, 8388656, 0, 100667499, 0, 0, 0, 0, 0, 0, 0, 0, 4, 0, 0, 0, 0, 0, 32, -0.1, 0, 0, 0, 0, 0, 0, 0, 0, 0, 33554867, 0, 98307, 0, 150994947, 0, 3084, 0);

INSERT INTO weenie_class (`weenieClassId`, `baseAceObjectId`)
VALUES (14644, 14644);

INSERT INTO `base_ace_object` (`baseAceObjectId`, `name`, `typeId`, `paletteId`, `ammoType`, `blipColor`, `bitField`, `burden`, `combatUse`, `cooldownDuration`, `cooldownId`, `effects`, `containersCapacity`, `header`, `hookTypeId`, `iconId`, `iconOverlayId`, `iconUnderlayId`, `hookItemTypes`, `itemsCapacity`, `location`, `materialType`, `maxStackSize`, `maxStructure`, `radar`, `pscript`, `spellId`, `stackSize`, `structure`, `targetTypeId`, `usability`, `useRadius`, `validLocations`, `value`, `workmanship`, `animationFrameId`, `defaultScript`, `defaultScriptIntensity`, `elasticity`, `friction`, `locationId`, `modelTableId`, `objectScale`, `physicsBitField`, `physicsTableId`, `motionTableId`, `soundTableId`, `physicsState`, `translucency`)
VALUES (14289, 'Villalabar Portal', 65536, 0, 0, 0, 262164, 0, 0, 0, 0, 0, 0, 8388656, 0, 100667499, 0, 0, 0, 0, 0, 0, 0, 0, 4, 0, 0, 0, 0, 0, 32, -0.1, 0, 0, 0, 0, 0, 0, 0, 0, 0, 33554867, 0, 98307, 0, 150994947, 0, 3084, 0);

INSERT INTO weenie_class (`weenieClassId`, `baseAceObjectId`)
VALUES (14289, 14289);

INSERT INTO `base_ace_object` (`baseAceObjectId`, `name`, `typeId`, `paletteId`, `ammoType`, `blipColor`, `bitField`, `burden`, `combatUse`, `cooldownDuration`, `cooldownId`, `effects`, `containersCapacity`, `header`, `hookTypeId`, `iconId`, `iconOverlayId`, `iconUnderlayId`, `hookItemTypes`, `itemsCapacity`, `location`, `materialType`, `maxStackSize`, `maxStructure`, `radar`, `pscript`, `spellId`, `stackSize`, `structure`, `targetTypeId`, `usability`, `useRadius`, `validLocations`, `value`, `workmanship`, `animationFrameId`, `defaultScript`, `defaultScriptIntensity`, `elasticity`, `friction`, `locationId`, `modelTableId`, `objectScale`, `physicsBitField`, `physicsTableId`, `motionTableId`, `soundTableId`, `physicsState`, `translucency`)
VALUES (14672, 'Stormbrow Portal', 65536, 0, 0, 0, 262164, 0, 0, 0, 0, 0, 0, 8388656, 0, 100667499, 0, 0, 0, 0, 0, 0, 0, 0, 4, 0, 0, 0, 0, 0, 32, -0.1, 0, 0, 0, 0, 0, 0, 0, 0, 0, 33554867, 0, 98307, 0, 150994947, 0, 3084, 0);

INSERT INTO weenie_class (`weenieClassId`, `baseAceObjectId`)
VALUES (14672, 14672);

INSERT INTO `base_ace_object` (`baseAceObjectId`, `name`, `typeId`, `paletteId`, `ammoType`, `blipColor`, `bitField`, `burden`, `combatUse`, `cooldownDuration`, `cooldownId`, `effects`, `containersCapacity`, `header`, `hookTypeId`, `iconId`, `iconOverlayId`, `iconUnderlayId`, `hookItemTypes`, `itemsCapacity`, `location`, `materialType`, `maxStackSize`, `maxStructure`, `radar`, `pscript`, `spellId`, `stackSize`, `structure`, `targetTypeId`, `usability`, `useRadius`, `validLocations`, `value`, `workmanship`, `animationFrameId`, `defaultScript`, `defaultScriptIntensity`, `elasticity`, `friction`, `locationId`, `modelTableId`, `objectScale`, `physicsBitField`, `physicsTableId`, `motionTableId`, `soundTableId`, `physicsState`, `translucency`)
VALUES (13128, 'Simda''r Villas Portal', 65536, 0, 0, 0, 262164, 0, 0, 0, 0, 0, 0, 8388656, 0, 100667499, 0, 0, 0, 0, 0, 0, 0, 0, 4, 0, 0, 0, 0, 0, 32, -0.1, 0, 0, 0, 0, 0, 0, 0, 0, 0, 33554867, 0, 98307, 0, 150994947, 0, 3084, 0);

INSERT INTO weenie_class (`weenieClassId`, `baseAceObjectId`)
VALUES (13128, 13128);

INSERT INTO `base_ace_object` (`baseAceObjectId`, `name`, `typeId`, `paletteId`, `ammoType`, `blipColor`, `bitField`, `burden`, `combatUse`, `cooldownDuration`, `cooldownId`, `effects`, `containersCapacity`, `header`, `hookTypeId`, `iconId`, `iconOverlayId`, `iconUnderlayId`, `hookItemTypes`, `itemsCapacity`, `location`, `materialType`, `maxStackSize`, `maxStructure`, `radar`, `pscript`, `spellId`, `stackSize`, `structure`, `targetTypeId`, `usability`, `useRadius`, `validLocations`, `value`, `workmanship`, `animationFrameId`, `defaultScript`, `defaultScriptIntensity`, `elasticity`, `friction`, `locationId`, `modelTableId`, `objectScale`, `physicsBitField`, `physicsTableId`, `motionTableId`, `soundTableId`, `physicsState`, `translucency`)
VALUES (19143, 'Ebbing Tide Villas Portal', 65536, 0, 0, 0, 262164, 0, 0, 0, 0, 0, 0, 8388656, 0, 100667499, 0, 0, 0, 0, 0, 0, 0, 0, 4, 0, 0, 0, 0, 0, 32, -0.1, 0, 0, 0, 0, 0, 0, 0, 0, 0, 33554867, 0, 98307, 0, 150994947, 0, 3084, 0);

INSERT INTO weenie_class (`weenieClassId`, `baseAceObjectId`)
VALUES (19143, 19143);

INSERT INTO `base_ace_object` (`baseAceObjectId`, `name`, `typeId`, `paletteId`, `ammoType`, `blipColor`, `bitField`, `burden`, `combatUse`, `cooldownDuration`, `cooldownId`, `effects`, `containersCapacity`, `header`, `hookTypeId`, `iconId`, `iconOverlayId`, `iconUnderlayId`, `hookItemTypes`, `itemsCapacity`, `location`, `materialType`, `maxStackSize`, `maxStructure`, `radar`, `pscript`, `spellId`, `stackSize`, `structure`, `targetTypeId`, `usability`, `useRadius`, `validLocations`, `value`, `workmanship`, `animationFrameId`, `defaultScript`, `defaultScriptIntensity`, `elasticity`, `friction`, `locationId`, `modelTableId`, `objectScale`, `physicsBitField`, `physicsTableId`, `motionTableId`, `soundTableId`, `physicsState`, `translucency`)
VALUES (19146, 'Gredaline Villas Portal', 65536, 0, 0, 0, 262164, 0, 0, 0, 0, 0, 0, 8388656, 0, 100667499, 0, 0, 0, 0, 0, 0, 0, 0, 4, 0, 0, 0, 0, 0, 32, -0.1, 0, 0, 0, 0, 0, 0, 0, 0, 0, 33554867, 0, 98307, 0, 150994947, 0, 3084, 0);

INSERT INTO weenie_class (`weenieClassId`, `baseAceObjectId`)
VALUES (19146, 19146);

INSERT INTO `base_ace_object` (`baseAceObjectId`, `name`, `typeId`, `paletteId`, `ammoType`, `blipColor`, `bitField`, `burden`, `combatUse`, `cooldownDuration`, `cooldownId`, `effects`, `containersCapacity`, `header`, `hookTypeId`, `iconId`, `iconOverlayId`, `iconUnderlayId`, `hookItemTypes`, `itemsCapacity`, `location`, `materialType`, `maxStackSize`, `maxStructure`, `radar`, `pscript`, `spellId`, `stackSize`, `structure`, `targetTypeId`, `usability`, `useRadius`, `validLocations`, `value`, `workmanship`, `animationFrameId`, `defaultScript`, `defaultScriptIntensity`, `elasticity`, `friction`, `locationId`, `modelTableId`, `objectScale`, `physicsBitField`, `physicsTableId`, `motionTableId`, `soundTableId`, `physicsState`, `translucency`)
VALUES (15172, 'Mattekar Slopes Cottages Portal', 65536, 0, 0, 0, 262164, 0, 0, 0, 0, 0, 0, 8388656, 0, 100667499, 0, 0, 0, 0, 0, 0, 0, 0, 4, 0, 0, 0, 0, 0, 32, -0.1, 0, 0, 0, 0, 0, 0, 0, 0, 0, 33554867, 0, 98307, 0, 150994947, 0, 3084, 0);

INSERT INTO weenie_class (`weenieClassId`, `baseAceObjectId`)
VALUES (15172, 15172);

INSERT INTO `base_ace_object` (`baseAceObjectId`, `name`, `typeId`, `paletteId`, `ammoType`, `blipColor`, `bitField`, `burden`, `combatUse`, `cooldownDuration`, `cooldownId`, `effects`, `containersCapacity`, `header`, `hookTypeId`, `iconId`, `iconOverlayId`, `iconUnderlayId`, `hookItemTypes`, `itemsCapacity`, `location`, `materialType`, `maxStackSize`, `maxStructure`, `radar`, `pscript`, `spellId`, `stackSize`, `structure`, `targetTypeId`, `usability`, `useRadius`, `validLocations`, `value`, `workmanship`, `animationFrameId`, `defaultScript`, `defaultScriptIntensity`, `elasticity`, `friction`, `locationId`, `modelTableId`, `objectScale`, `physicsBitField`, `physicsTableId`, `motionTableId`, `soundTableId`, `physicsState`, `translucency`)
VALUES (19157, 'Sanam Batal Villas Portal', 65536, 0, 0, 0, 262164, 0, 0, 0, 0, 0, 0, 8388656, 0, 100667499, 0, 0, 0, 0, 0, 0, 0, 0, 4, 0, 0, 0, 0, 0, 32, -0.1, 0, 0, 0, 0, 0, 0, 0, 0, 0, 33554867, 0, 98307, 0, 150994947, 0, 3084, 0);

INSERT INTO weenie_class (`weenieClassId`, `baseAceObjectId`)
VALUES (19157, 19157);

INSERT INTO `base_ace_object` (`baseAceObjectId`, `name`, `typeId`, `paletteId`, `ammoType`, `blipColor`, `bitField`, `burden`, `combatUse`, `cooldownDuration`, `cooldownId`, `effects`, `containersCapacity`, `header`, `hookTypeId`, `iconId`, `iconOverlayId`, `iconUnderlayId`, `hookItemTypes`, `itemsCapacity`, `location`, `materialType`, `maxStackSize`, `maxStructure`, `radar`, `pscript`, `spellId`, `stackSize`, `structure`, `targetTypeId`, `usability`, `useRadius`, `validLocations`, `value`, `workmanship`, `animationFrameId`, `defaultScript`, `defaultScriptIntensity`, `elasticity`, `friction`, `locationId`, `modelTableId`, `objectScale`, `physicsBitField`, `physicsTableId`, `motionTableId`, `soundTableId`, `physicsState`, `translucency`)
VALUES (15666, 'Axefall Glen Portal', 65536, 0, 0, 0, 262164, 0, 0, 0, 0, 0, 0, 8388656, 0, 100667499, 0, 0, 0, 0, 0, 0, 0, 0, 4, 0, 0, 0, 0, 0, 32, -0.1, 0, 0, 0, 0, 0, 0, 0, 0, 0, 33554867, 0, 98307, 0, 150994947, 0, 3084, 0);

INSERT INTO weenie_class (`weenieClassId`, `baseAceObjectId`)
VALUES (15666, 15666);

INSERT INTO `base_ace_object` (`baseAceObjectId`, `name`, `typeId`, `paletteId`, `ammoType`, `blipColor`, `bitField`, `burden`, `combatUse`, `cooldownDuration`, `cooldownId`, `effects`, `containersCapacity`, `header`, `hookTypeId`, `iconId`, `iconOverlayId`, `iconUnderlayId`, `hookItemTypes`, `itemsCapacity`, `location`, `materialType`, `maxStackSize`, `maxStructure`, `radar`, `pscript`, `spellId`, `stackSize`, `structure`, `targetTypeId`, `usability`, `useRadius`, `validLocations`, `value`, `workmanship`, `animationFrameId`, `defaultScript`, `defaultScriptIntensity`, `elasticity`, `friction`, `locationId`, `modelTableId`, `objectScale`, `physicsBitField`, `physicsTableId`, `motionTableId`, `soundTableId`, `physicsState`, `translucency`)
VALUES (39747, 'South Osteth Peak', 65536, 0, 0, 0, 262164, 0, 0, 0, 0, 0, 0, 8388656, 0, 100667499, 0, 0, 0, 0, 0, 0, 0, 0, 4, 0, 0, 0, 0, 0, 32, -0.1, 0, 0, 0, 0, 0, 0, 0, 0, 0, 33556212, 0, 98307, 0, 150994947, 0, 2060, 0);

INSERT INTO weenie_class (`weenieClassId`, `baseAceObjectId`)
VALUES (39747, 39747);

INSERT INTO `base_ace_object` (`baseAceObjectId`, `name`, `typeId`, `paletteId`, `ammoType`, `blipColor`, `bitField`, `burden`, `combatUse`, `cooldownDuration`, `cooldownId`, `effects`, `containersCapacity`, `header`, `hookTypeId`, `iconId`, `iconOverlayId`, `iconUnderlayId`, `hookItemTypes`, `itemsCapacity`, `location`, `materialType`, `maxStackSize`, `maxStructure`, `radar`, `pscript`, `spellId`, `stackSize`, `structure`, `targetTypeId`, `usability`, `useRadius`, `validLocations`, `value`, `workmanship`, `animationFrameId`, `defaultScript`, `defaultScriptIntensity`, `elasticity`, `friction`, `locationId`, `modelTableId`, `objectScale`, `physicsBitField`, `physicsTableId`, `motionTableId`, `soundTableId`, `physicsState`, `translucency`)
VALUES (25835, 'Firebird''s Splendor', 65536, 0, 0, 0, 262164, 0, 0, 0, 0, 0, 0, 8388656, 0, 100667499, 0, 0, 0, 0, 0, 0, 0, 0, 4, 0, 0, 0, 0, 0, 32, -0.1, 0, 0, 0, 0, 0, 0, 0, 0, 0, 33555926, 0, 98307, 0, 150994947, 0, 3084, 0);

INSERT INTO weenie_class (`weenieClassId`, `baseAceObjectId`)
VALUES (25835, 25835);

INSERT INTO `base_ace_object` (`baseAceObjectId`, `name`, `typeId`, `paletteId`, `ammoType`, `blipColor`, `bitField`, `burden`, `combatUse`, `cooldownDuration`, `cooldownId`, `effects`, `containersCapacity`, `header`, `hookTypeId`, `iconId`, `iconOverlayId`, `iconUnderlayId`, `hookItemTypes`, `itemsCapacity`, `location`, `materialType`, `maxStackSize`, `maxStructure`, `radar`, `pscript`, `spellId`, `stackSize`, `structure`, `targetTypeId`, `usability`, `useRadius`, `validLocations`, `value`, `workmanship`, `animationFrameId`, `defaultScript`, `defaultScriptIntensity`, `elasticity`, `friction`, `locationId`, `modelTableId`, `objectScale`, `physicsBitField`, `physicsTableId`, `motionTableId`, `soundTableId`, `physicsState`, `translucency`)
VALUES (7488, 'Tenkarrdun Foundry Portal', 65536, 0, 0, 0, 262164, 0, 0, 0, 0, 0, 0, 8388656, 0, 100667499, 0, 0, 0, 0, 0, 0, 0, 0, 4, 0, 0, 0, 0, 0, 32, -0.1, 0, 0, 0, 0, 0, 0, 0, 0, 0, 33555926, 0, 98307, 0, 150994947, 0, 3084, 0);

INSERT INTO weenie_class (`weenieClassId`, `baseAceObjectId`)
VALUES (7488, 7488);

INSERT INTO `base_ace_object` (`baseAceObjectId`, `name`, `typeId`, `paletteId`, `ammoType`, `blipColor`, `bitField`, `burden`, `combatUse`, `cooldownDuration`, `cooldownId`, `effects`, `containersCapacity`, `header`, `hookTypeId`, `iconId`, `iconOverlayId`, `iconUnderlayId`, `hookItemTypes`, `itemsCapacity`, `location`, `materialType`, `maxStackSize`, `maxStructure`, `radar`, `pscript`, `spellId`, `stackSize`, `structure`, `targetTypeId`, `usability`, `useRadius`, `validLocations`, `value`, `workmanship`, `animationFrameId`, `defaultScript`, `defaultScriptIntensity`, `elasticity`, `friction`, `locationId`, `modelTableId`, `objectScale`, `physicsBitField`, `physicsTableId`, `motionTableId`, `soundTableId`, `physicsState`, `translucency`)
VALUES (22674, 'Tusker Gauntlet', 65536, 0, 0, 0, 262164, 0, 0, 0, 0, 0, 0, 8388656, 0, 100667499, 0, 0, 0, 0, 0, 0, 0, 0, 4, 0, 0, 0, 0, 0, 32, -0.1, 0, 0, 0, 0, 0, 0, 0, 0, 0, 33556212, 0, 98307, 0, 150994947, 0, 3084, 0);

INSERT INTO weenie_class (`weenieClassId`, `baseAceObjectId`)
VALUES (22674, 22674);

INSERT INTO `base_ace_object` (`baseAceObjectId`, `name`, `typeId`, `paletteId`, `ammoType`, `blipColor`, `bitField`, `burden`, `combatUse`, `cooldownDuration`, `cooldownId`, `effects`, `containersCapacity`, `header`, `hookTypeId`, `iconId`, `iconOverlayId`, `iconUnderlayId`, `hookItemTypes`, `itemsCapacity`, `location`, `materialType`, `maxStackSize`, `maxStructure`, `radar`, `pscript`, `spellId`, `stackSize`, `structure`, `targetTypeId`, `usability`, `useRadius`, `validLocations`, `value`, `workmanship`, `animationFrameId`, `defaultScript`, `defaultScriptIntensity`, `elasticity`, `friction`, `locationId`, `modelTableId`, `objectScale`, `physicsBitField`, `physicsTableId`, `motionTableId`, `soundTableId`, `physicsState`, `translucency`)
VALUES (28712, 'Surface', 65536, 0, 0, 0, 262164, 0, 0, 0, 0, 0, 0, 8388656, 0, 100667499, 0, 0, 0, 0, 0, 0, 0, 0, 4, 0, 0, 0, 0, 0, 32, -0.1, 0, 0, 0, 0, 0, 0, 0, 0, 0, 33554867, 0, 98307, 0, 150994947, 0, 3084, 0);

INSERT INTO weenie_class (`weenieClassId`, `baseAceObjectId`)
VALUES (28712, 28712);

INSERT INTO `base_ace_object` (`baseAceObjectId`, `name`, `typeId`, `paletteId`, `ammoType`, `blipColor`, `bitField`, `burden`, `combatUse`, `cooldownDuration`, `cooldownId`, `effects`, `containersCapacity`, `header`, `hookTypeId`, `iconId`, `iconOverlayId`, `iconUnderlayId`, `hookItemTypes`, `itemsCapacity`, `location`, `materialType`, `maxStackSize`, `maxStructure`, `radar`, `pscript`, `spellId`, `stackSize`, `structure`, `targetTypeId`, `usability`, `useRadius`, `validLocations`, `value`, `workmanship`, `animationFrameId`, `defaultScript`, `defaultScriptIntensity`, `elasticity`, `friction`, `locationId`, `modelTableId`, `objectScale`, `physicsBitField`, `physicsTableId`, `motionTableId`, `soundTableId`, `physicsState`, `translucency`)
VALUES (28780, 'Small Empyrean Vault', 65536, 0, 0, 0, 262164, 0, 0, 0, 0, 0, 0, 8388656, 0, 100667499, 0, 0, 0, 0, 0, 0, 0, 0, 4, 0, 0, 0, 0, 0, 32, -0.1, 0, 0, 0, 0, 0, 0, 0, 0, 0, 33555923, 0, 98307, 0, 150994947, 0, 3084, 0);

INSERT INTO weenie_class (`weenieClassId`, `baseAceObjectId`)
VALUES (28780, 28780);

INSERT INTO `base_ace_object` (`baseAceObjectId`, `name`, `typeId`, `paletteId`, `ammoType`, `blipColor`, `bitField`, `burden`, `combatUse`, `cooldownDuration`, `cooldownId`, `effects`, `containersCapacity`, `header`, `hookTypeId`, `iconId`, `iconOverlayId`, `iconUnderlayId`, `hookItemTypes`, `itemsCapacity`, `location`, `materialType`, `maxStackSize`, `maxStructure`, `radar`, `pscript`, `spellId`, `stackSize`, `structure`, `targetTypeId`, `usability`, `useRadius`, `validLocations`, `value`, `workmanship`, `animationFrameId`, `defaultScript`, `defaultScriptIntensity`, `elasticity`, `friction`, `locationId`, `modelTableId`, `objectScale`, `physicsBitField`, `physicsTableId`, `motionTableId`, `soundTableId`, `physicsState`, `translucency`)
VALUES (28784, 'Ruschk Iceberg', 65536, 0, 0, 0, 262164, 0, 0, 0, 0, 0, 0, 8388656, 0, 100667499, 0, 0, 0, 0, 0, 0, 0, 0, 4, 0, 0, 0, 0, 0, 32, -0.1, 0, 0, 0, 0, 0, 0, 0, 0, 0, 33555924, 0, 98307, 0, 150994947, 0, 3084, 0);

INSERT INTO weenie_class (`weenieClassId`, `baseAceObjectId`)
VALUES (28784, 28784);

INSERT INTO `base_ace_object` (`baseAceObjectId`, `name`, `typeId`, `paletteId`, `ammoType`, `blipColor`, `bitField`, `burden`, `combatUse`, `cooldownDuration`, `cooldownId`, `effects`, `containersCapacity`, `header`, `hookTypeId`, `iconId`, `iconOverlayId`, `iconUnderlayId`, `hookItemTypes`, `itemsCapacity`, `location`, `materialType`, `maxStackSize`, `maxStructure`, `radar`, `pscript`, `spellId`, `stackSize`, `structure`, `targetTypeId`, `usability`, `useRadius`, `validLocations`, `value`, `workmanship`, `animationFrameId`, `defaultScript`, `defaultScriptIntensity`, `elasticity`, `friction`, `locationId`, `modelTableId`, `objectScale`, `physicsBitField`, `physicsTableId`, `motionTableId`, `soundTableId`, `physicsState`, `translucency`)
VALUES (28785, 'Surface', 65536, 0, 0, 0, 262164, 0, 0, 0, 0, 0, 0, 8388656, 0, 100667499, 0, 0, 0, 0, 0, 0, 0, 0, 4, 0, 0, 0, 0, 0, 32, -0.1, 0, 0, 0, 0, 0, 0, 0, 0, 0, 33554867, 0, 98307, 0, 150994947, 0, 3084, 0);

INSERT INTO weenie_class (`weenieClassId`, `baseAceObjectId`)
VALUES (28785, 28785);

INSERT INTO `base_ace_object` (`baseAceObjectId`, `name`, `typeId`, `paletteId`, `ammoType`, `blipColor`, `bitField`, `burden`, `combatUse`, `cooldownDuration`, `cooldownId`, `effects`, `containersCapacity`, `header`, `hookTypeId`, `iconId`, `iconOverlayId`, `iconUnderlayId`, `hookItemTypes`, `itemsCapacity`, `location`, `materialType`, `maxStackSize`, `maxStructure`, `radar`, `pscript`, `spellId`, `stackSize`, `structure`, `targetTypeId`, `usability`, `useRadius`, `validLocations`, `value`, `workmanship`, `animationFrameId`, `defaultScript`, `defaultScriptIntensity`, `elasticity`, `friction`, `locationId`, `modelTableId`, `objectScale`, `physicsBitField`, `physicsTableId`, `motionTableId`, `soundTableId`, `physicsState`, `translucency`)
VALUES (30061, 'Augmentation Realm Upper Level', 65536, 0, 0, 0, 262164, 0, 0, 0, 0, 0, 0, 8388656, 0, 100667499, 0, 0, 0, 0, 0, 0, 0, 0, 4, 0, 0, 0, 0, 0, 32, -0.1, 0, 0, 0, 0, 0, 0, 0, 0, 0, 33555925, 0, 98307, 0, 150994947, 0, 3084, 0);

INSERT INTO weenie_class (`weenieClassId`, `baseAceObjectId`)
VALUES (30061, 30061);

INSERT INTO `base_ace_object` (`baseAceObjectId`, `name`, `typeId`, `paletteId`, `ammoType`, `blipColor`, `bitField`, `burden`, `combatUse`, `cooldownDuration`, `cooldownId`, `effects`, `containersCapacity`, `header`, `hookTypeId`, `iconId`, `iconOverlayId`, `iconUnderlayId`, `hookItemTypes`, `itemsCapacity`, `location`, `materialType`, `maxStackSize`, `maxStructure`, `radar`, `pscript`, `spellId`, `stackSize`, `structure`, `targetTypeId`, `usability`, `useRadius`, `validLocations`, `value`, `workmanship`, `animationFrameId`, `defaultScript`, `defaultScriptIntensity`, `elasticity`, `friction`, `locationId`, `modelTableId`, `objectScale`, `physicsBitField`, `physicsTableId`, `motionTableId`, `soundTableId`, `physicsState`, `translucency`)
VALUES (30963, 'Thrungus Hole', 65536, 0, 0, 0, 262164, 0, 0, 0, 0, 0, 0, 8388656, 0, 100667499, 0, 0, 0, 0, 0, 0, 0, 0, 4, 0, 0, 0, 0, 0, 32, -0.1, 0, 0, 0, 0, 0, 0, 0, 0, 0, 33555925, 0, 98307, 0, 150994947, 0, 3084, 0);

INSERT INTO weenie_class (`weenieClassId`, `baseAceObjectId`)
VALUES (30963, 30963);

INSERT INTO `base_ace_object` (`baseAceObjectId`, `name`, `typeId`, `paletteId`, `ammoType`, `blipColor`, `bitField`, `burden`, `combatUse`, `cooldownDuration`, `cooldownId`, `effects`, `containersCapacity`, `header`, `hookTypeId`, `iconId`, `iconOverlayId`, `iconUnderlayId`, `hookItemTypes`, `itemsCapacity`, `location`, `materialType`, `maxStackSize`, `maxStructure`, `radar`, `pscript`, `spellId`, `stackSize`, `structure`, `targetTypeId`, `usability`, `useRadius`, `validLocations`, `value`, `workmanship`, `animationFrameId`, `defaultScript`, `defaultScriptIntensity`, `elasticity`, `friction`, `locationId`, `modelTableId`, `objectScale`, `physicsBitField`, `physicsTableId`, `motionTableId`, `soundTableId`, `physicsState`, `translucency`)
VALUES (8383, 'Direlands Desert Northeast Portal', 65536, 0, 0, 0, 262164, 0, 0, 0, 0, 0, 0, 8388656, 0, 100667499, 0, 0, 0, 0, 0, 0, 0, 0, 4, 0, 0, 0, 0, 0, 32, -0.1, 0, 0, 0, 0, 0, 0, 0, 0, 0, 33555926, 0, 98307, 0, 150994947, 0, 3084, 0);

INSERT INTO weenie_class (`weenieClassId`, `baseAceObjectId`)
VALUES (8383, 8383);

INSERT INTO `base_ace_object` (`baseAceObjectId`, `name`, `typeId`, `paletteId`, `ammoType`, `blipColor`, `bitField`, `burden`, `combatUse`, `cooldownDuration`, `cooldownId`, `effects`, `containersCapacity`, `header`, `hookTypeId`, `iconId`, `iconOverlayId`, `iconUnderlayId`, `hookItemTypes`, `itemsCapacity`, `location`, `materialType`, `maxStackSize`, `maxStructure`, `radar`, `pscript`, `spellId`, `stackSize`, `structure`, `targetTypeId`, `usability`, `useRadius`, `validLocations`, `value`, `workmanship`, `animationFrameId`, `defaultScript`, `defaultScriptIntensity`, `elasticity`, `friction`, `locationId`, `modelTableId`, `objectScale`, `physicsBitField`, `physicsTableId`, `motionTableId`, `soundTableId`, `physicsState`, `translucency`)
VALUES (10855, 'Ancient Empyrean Grotto', 65536, 0, 0, 0, 262164, 0, 0, 0, 0, 0, 0, 8388656, 0, 100667499, 0, 0, 0, 0, 0, 0, 0, 0, 4, 0, 0, 0, 0, 0, 32, -0.1, 0, 0, 0, 0, 0, 0, 0, 0, 0, 33555926, 0, 98307, 0, 150994947, 0, 3084, 0);

INSERT INTO weenie_class (`weenieClassId`, `baseAceObjectId`)
VALUES (10855, 10855);

INSERT INTO `base_ace_object` (`baseAceObjectId`, `name`, `typeId`, `paletteId`, `ammoType`, `blipColor`, `bitField`, `burden`, `combatUse`, `cooldownDuration`, `cooldownId`, `effects`, `containersCapacity`, `header`, `hookTypeId`, `iconId`, `iconOverlayId`, `iconUnderlayId`, `hookItemTypes`, `itemsCapacity`, `location`, `materialType`, `maxStackSize`, `maxStructure`, `radar`, `pscript`, `spellId`, `stackSize`, `structure`, `targetTypeId`, `usability`, `useRadius`, `validLocations`, `value`, `workmanship`, `animationFrameId`, `defaultScript`, `defaultScriptIntensity`, `elasticity`, `friction`, `locationId`, `modelTableId`, `objectScale`, `physicsBitField`, `physicsTableId`, `motionTableId`, `soundTableId`, `physicsState`, `translucency`)
VALUES (32087, 'Unstable Portal', 65536, 0, 0, 0, 262164, 0, 0, 0, 0, 0, 0, 8388656, 0, 100667499, 0, 0, 0, 0, 0, 0, 0, 0, 4, 0, 0, 0, 0, 0, 32, -0.1, 0, 0, 0, 0, 0, 0, 0, 0, 0, 33556733, 0, 98307, 0, 150994947, 0, 3084, 0);

INSERT INTO weenie_class (`weenieClassId`, `baseAceObjectId`)
VALUES (32087, 32087);

INSERT INTO `base_ace_object` (`baseAceObjectId`, `name`, `typeId`, `paletteId`, `ammoType`, `blipColor`, `bitField`, `burden`, `combatUse`, `cooldownDuration`, `cooldownId`, `effects`, `containersCapacity`, `header`, `hookTypeId`, `iconId`, `iconOverlayId`, `iconUnderlayId`, `hookItemTypes`, `itemsCapacity`, `location`, `materialType`, `maxStackSize`, `maxStructure`, `radar`, `pscript`, `spellId`, `stackSize`, `structure`, `targetTypeId`, `usability`, `useRadius`, `validLocations`, `value`, `workmanship`, `animationFrameId`, `defaultScript`, `defaultScriptIntensity`, `elasticity`, `friction`, `locationId`, `modelTableId`, `objectScale`, `physicsBitField`, `physicsTableId`, `motionTableId`, `soundTableId`, `physicsState`, `translucency`)
VALUES (8484, 'Small Ruin', 65536, 0, 0, 0, 262164, 0, 0, 0, 0, 0, 0, 8388656, 0, 100667499, 0, 0, 0, 0, 0, 0, 0, 0, 4, 0, 0, 0, 0, 0, 32, -0.1, 0, 0, 0, 0, 0, 0, 0, 0, 0, 33554867, 0, 98307, 0, 150994947, 0, 3084, 0);

INSERT INTO weenie_class (`weenieClassId`, `baseAceObjectId`)
VALUES (8484, 8484);

INSERT INTO `base_ace_object` (`baseAceObjectId`, `name`, `typeId`, `paletteId`, `ammoType`, `blipColor`, `bitField`, `burden`, `combatUse`, `cooldownDuration`, `cooldownId`, `effects`, `containersCapacity`, `header`, `hookTypeId`, `iconId`, `iconOverlayId`, `iconUnderlayId`, `hookItemTypes`, `itemsCapacity`, `location`, `materialType`, `maxStackSize`, `maxStructure`, `radar`, `pscript`, `spellId`, `stackSize`, `structure`, `targetTypeId`, `usability`, `useRadius`, `validLocations`, `value`, `workmanship`, `animationFrameId`, `defaultScript`, `defaultScriptIntensity`, `elasticity`, `friction`, `locationId`, `modelTableId`, `objectScale`, `physicsBitField`, `physicsTableId`, `motionTableId`, `soundTableId`, `physicsState`, `translucency`)
VALUES (8456, 'Moarsmen Hideout', 65536, 0, 0, 0, 262164, 0, 0, 0, 0, 0, 0, 8388656, 0, 100667499, 0, 0, 0, 0, 0, 0, 0, 0, 4, 0, 0, 0, 0, 0, 32, -0.1, 0, 0, 0, 0, 0, 0, 0, 0, 0, 33555926, 0, 98307, 0, 150994947, 0, 3084, 0);

INSERT INTO weenie_class (`weenieClassId`, `baseAceObjectId`)
VALUES (8456, 8456);

INSERT INTO `base_ace_object` (`baseAceObjectId`, `name`, `typeId`, `paletteId`, `ammoType`, `blipColor`, `bitField`, `burden`, `combatUse`, `cooldownDuration`, `cooldownId`, `effects`, `containersCapacity`, `header`, `hookTypeId`, `iconId`, `iconOverlayId`, `iconUnderlayId`, `hookItemTypes`, `itemsCapacity`, `location`, `materialType`, `maxStackSize`, `maxStructure`, `radar`, `pscript`, `spellId`, `stackSize`, `structure`, `targetTypeId`, `usability`, `useRadius`, `validLocations`, `value`, `workmanship`, `animationFrameId`, `defaultScript`, `defaultScriptIntensity`, `elasticity`, `friction`, `locationId`, `modelTableId`, `objectScale`, `physicsBitField`, `physicsTableId`, `motionTableId`, `soundTableId`, `physicsState`, `translucency`)
VALUES (24952, 'Desert Citadel Portal', 65536, 0, 0, 0, 262164, 0, 0, 0, 0, 0, 0, 8388656, 0, 100667499, 0, 0, 0, 0, 0, 0, 0, 0, 4, 0, 0, 0, 0, 0, 32, -0.1, 0, 0, 0, 0, 0, 0, 0, 0, 0, 33555924, 0, 98307, 0, 150994947, 0, 3084, 0);

INSERT INTO weenie_class (`weenieClassId`, `baseAceObjectId`)
VALUES (24952, 24952);

INSERT INTO `base_ace_object` (`baseAceObjectId`, `name`, `typeId`, `paletteId`, `ammoType`, `blipColor`, `bitField`, `burden`, `combatUse`, `cooldownDuration`, `cooldownId`, `effects`, `containersCapacity`, `header`, `hookTypeId`, `iconId`, `iconOverlayId`, `iconUnderlayId`, `hookItemTypes`, `itemsCapacity`, `location`, `materialType`, `maxStackSize`, `maxStructure`, `radar`, `pscript`, `spellId`, `stackSize`, `structure`, `targetTypeId`, `usability`, `useRadius`, `validLocations`, `value`, `workmanship`, `animationFrameId`, `defaultScript`, `defaultScriptIntensity`, `elasticity`, `friction`, `locationId`, `modelTableId`, `objectScale`, `physicsBitField`, `physicsTableId`, `motionTableId`, `soundTableId`, `physicsState`, `translucency`)
VALUES (38585, 'Temple of Tthuun', 65536, 0, 0, 0, 262164, 0, 0, 0, 0, 0, 0, 8388656, 0, 100667499, 0, 0, 0, 0, 0, 0, 0, 0, 4, 0, 0, 0, 0, 0, 32, -0.1, 0, 0, 0, 0, 0, 0, 0, 0, 0, 33555925, 0, 98307, 0, 150994947, 0, 3084, 0);

INSERT INTO weenie_class (`weenieClassId`, `baseAceObjectId`)
VALUES (38585, 38585);

INSERT INTO `base_ace_object` (`baseAceObjectId`, `name`, `typeId`, `paletteId`, `ammoType`, `blipColor`, `bitField`, `burden`, `combatUse`, `cooldownDuration`, `cooldownId`, `effects`, `containersCapacity`, `header`, `hookTypeId`, `iconId`, `iconOverlayId`, `iconUnderlayId`, `hookItemTypes`, `itemsCapacity`, `location`, `materialType`, `maxStackSize`, `maxStructure`, `radar`, `pscript`, `spellId`, `stackSize`, `structure`, `targetTypeId`, `usability`, `useRadius`, `validLocations`, `value`, `workmanship`, `animationFrameId`, `defaultScript`, `defaultScriptIntensity`, `elasticity`, `friction`, `locationId`, `modelTableId`, `objectScale`, `physicsBitField`, `physicsTableId`, `motionTableId`, `soundTableId`, `physicsState`, `translucency`)
VALUES (38581, 'Acolyte''s Chamber', 65536, 0, 0, 0, 262164, 0, 0, 0, 0, 0, 0, 8388656, 0, 100667499, 0, 0, 0, 0, 0, 0, 0, 0, 4, 0, 0, 0, 0, 0, 32, -0.1, 0, 0, 0, 0, 0, 0, 0, 0, 0, 33555925, 0, 98307, 0, 150994947, 0, 3084, 0);

INSERT INTO weenie_class (`weenieClassId`, `baseAceObjectId`)
VALUES (38581, 38581);

INSERT INTO `base_ace_object` (`baseAceObjectId`, `name`, `typeId`, `paletteId`, `ammoType`, `blipColor`, `bitField`, `burden`, `combatUse`, `cooldownDuration`, `cooldownId`, `effects`, `containersCapacity`, `header`, `hookTypeId`, `iconId`, `iconOverlayId`, `iconUnderlayId`, `hookItemTypes`, `itemsCapacity`, `location`, `materialType`, `maxStackSize`, `maxStructure`, `radar`, `pscript`, `spellId`, `stackSize`, `structure`, `targetTypeId`, `usability`, `useRadius`, `validLocations`, `value`, `workmanship`, `animationFrameId`, `defaultScript`, `defaultScriptIntensity`, `elasticity`, `friction`, `locationId`, `modelTableId`, `objectScale`, `physicsBitField`, `physicsTableId`, `motionTableId`, `soundTableId`, `physicsState`, `translucency`)
VALUES (38584, 'Chamber of the High Priest''s Third', 65536, 0, 0, 0, 262164, 0, 0, 0, 0, 0, 0, 8388656, 0, 100667499, 0, 0, 0, 0, 0, 0, 0, 0, 4, 0, 0, 0, 0, 0, 32, -0.1, 0, 0, 0, 0, 0, 0, 0, 0, 0, 33555925, 0, 98307, 0, 150994947, 0, 3084, 0);

INSERT INTO weenie_class (`weenieClassId`, `baseAceObjectId`)
VALUES (38584, 38584);

INSERT INTO `base_ace_object` (`baseAceObjectId`, `name`, `typeId`, `paletteId`, `ammoType`, `blipColor`, `bitField`, `burden`, `combatUse`, `cooldownDuration`, `cooldownId`, `effects`, `containersCapacity`, `header`, `hookTypeId`, `iconId`, `iconOverlayId`, `iconUnderlayId`, `hookItemTypes`, `itemsCapacity`, `location`, `materialType`, `maxStackSize`, `maxStructure`, `radar`, `pscript`, `spellId`, `stackSize`, `structure`, `targetTypeId`, `usability`, `useRadius`, `validLocations`, `value`, `workmanship`, `animationFrameId`, `defaultScript`, `defaultScriptIntensity`, `elasticity`, `friction`, `locationId`, `modelTableId`, `objectScale`, `physicsBitField`, `physicsTableId`, `motionTableId`, `soundTableId`, `physicsState`, `translucency`)
VALUES (38582, 'Chamber of the High Priest''s First', 65536, 0, 0, 0, 262164, 0, 0, 0, 0, 0, 0, 8388656, 0, 100667499, 0, 0, 0, 0, 0, 0, 0, 0, 4, 0, 0, 0, 0, 0, 32, -0.1, 0, 0, 0, 0, 0, 0, 0, 0, 0, 33555925, 0, 98307, 0, 150994947, 0, 3084, 0);

INSERT INTO weenie_class (`weenieClassId`, `baseAceObjectId`)
VALUES (38582, 38582);

INSERT INTO `base_ace_object` (`baseAceObjectId`, `name`, `typeId`, `paletteId`, `ammoType`, `blipColor`, `bitField`, `burden`, `combatUse`, `cooldownDuration`, `cooldownId`, `effects`, `containersCapacity`, `header`, `hookTypeId`, `iconId`, `iconOverlayId`, `iconUnderlayId`, `hookItemTypes`, `itemsCapacity`, `location`, `materialType`, `maxStackSize`, `maxStructure`, `radar`, `pscript`, `spellId`, `stackSize`, `structure`, `targetTypeId`, `usability`, `useRadius`, `validLocations`, `value`, `workmanship`, `animationFrameId`, `defaultScript`, `defaultScriptIntensity`, `elasticity`, `friction`, `locationId`, `modelTableId`, `objectScale`, `physicsBitField`, `physicsTableId`, `motionTableId`, `soundTableId`, `physicsState`, `translucency`)
VALUES (38583, 'Chamber of the High Priest''s Second', 65536, 0, 0, 0, 262164, 0, 0, 0, 0, 0, 0, 8388656, 0, 100667499, 0, 0, 0, 0, 0, 0, 0, 0, 4, 0, 0, 0, 0, 0, 32, -0.1, 0, 0, 0, 0, 0, 0, 0, 0, 0, 33555925, 0, 98307, 0, 150994947, 0, 3084, 0);

INSERT INTO weenie_class (`weenieClassId`, `baseAceObjectId`)
VALUES (38583, 38583);

INSERT INTO `base_ace_object` (`baseAceObjectId`, `name`, `typeId`, `paletteId`, `ammoType`, `blipColor`, `bitField`, `burden`, `combatUse`, `cooldownDuration`, `cooldownId`, `effects`, `containersCapacity`, `header`, `hookTypeId`, `iconId`, `iconOverlayId`, `iconUnderlayId`, `hookItemTypes`, `itemsCapacity`, `location`, `materialType`, `maxStackSize`, `maxStructure`, `radar`, `pscript`, `spellId`, `stackSize`, `structure`, `targetTypeId`, `usability`, `useRadius`, `validLocations`, `value`, `workmanship`, `animationFrameId`, `defaultScript`, `defaultScriptIntensity`, `elasticity`, `friction`, `locationId`, `modelTableId`, `objectScale`, `physicsBitField`, `physicsTableId`, `motionTableId`, `soundTableId`, `physicsState`, `translucency`)
VALUES (2333, 'Tumerok Chamber', 65536, 0, 0, 0, 262164, 0, 0, 0, 0, 0, 0, 8388656, 0, 100667499, 0, 0, 0, 0, 0, 0, 0, 0, 4, 0, 0, 0, 0, 0, 32, -0.1, 0, 0, 0, 0, 0, 0, 0, 0, 0, 33554867, 0, 98307, 0, 150994947, 0, 3084, 0);

INSERT INTO weenie_class (`weenieClassId`, `baseAceObjectId`)
VALUES (2333, 2333);

INSERT INTO `base_ace_object` (`baseAceObjectId`, `name`, `typeId`, `paletteId`, `ammoType`, `blipColor`, `bitField`, `burden`, `combatUse`, `cooldownDuration`, `cooldownId`, `effects`, `containersCapacity`, `header`, `hookTypeId`, `iconId`, `iconOverlayId`, `iconUnderlayId`, `hookItemTypes`, `itemsCapacity`, `location`, `materialType`, `maxStackSize`, `maxStructure`, `radar`, `pscript`, `spellId`, `stackSize`, `structure`, `targetTypeId`, `usability`, `useRadius`, `validLocations`, `value`, `workmanship`, `animationFrameId`, `defaultScript`, `defaultScriptIntensity`, `elasticity`, `friction`, `locationId`, `modelTableId`, `objectScale`, `physicsBitField`, `physicsTableId`, `motionTableId`, `soundTableId`, `physicsState`, `translucency`)
VALUES (2334, 'Surface', 65536, 0, 0, 0, 262164, 0, 0, 0, 0, 0, 0, 8388656, 0, 100667499, 0, 0, 0, 0, 0, 0, 0, 0, 4, 0, 0, 0, 0, 0, 32, -0.1, 0, 0, 0, 0, 0, 0, 0, 0, 0, 33554867, 0, 98307, 0, 150994947, 0, 3084, 0);

INSERT INTO weenie_class (`weenieClassId`, `baseAceObjectId`)
VALUES (2334, 2334);

INSERT INTO `base_ace_object` (`baseAceObjectId`, `name`, `typeId`, `paletteId`, `ammoType`, `blipColor`, `bitField`, `burden`, `combatUse`, `cooldownDuration`, `cooldownId`, `effects`, `containersCapacity`, `header`, `hookTypeId`, `iconId`, `iconOverlayId`, `iconUnderlayId`, `hookItemTypes`, `itemsCapacity`, `location`, `materialType`, `maxStackSize`, `maxStructure`, `radar`, `pscript`, `spellId`, `stackSize`, `structure`, `targetTypeId`, `usability`, `useRadius`, `validLocations`, `value`, `workmanship`, `animationFrameId`, `defaultScript`, `defaultScriptIntensity`, `elasticity`, `friction`, `locationId`, `modelTableId`, `objectScale`, `physicsBitField`, `physicsTableId`, `motionTableId`, `soundTableId`, `physicsState`, `translucency`)
VALUES (1032, 'Destroyed Portal to Zaikhal', 65536, 0, 0, 0, 262164, 0, 0, 0, 0, 0, 0, 48, 0, 100667499, 0, 0, 0, 0, 0, 0, 0, 0, 0, 0, 0, 0, 0, 0, 1, -0.1, 0, 0, 0, 0, 0, 0, 0, 0, 0, 33561060, 0, 98307, 0, 150995314, 0, 3092, 0);

INSERT INTO weenie_class (`weenieClassId`, `baseAceObjectId`)
VALUES (1032, 1032);

INSERT INTO `base_ace_object` (`baseAceObjectId`, `name`, `typeId`, `paletteId`, `ammoType`, `blipColor`, `bitField`, `burden`, `combatUse`, `cooldownDuration`, `cooldownId`, `effects`, `containersCapacity`, `header`, `hookTypeId`, `iconId`, `iconOverlayId`, `iconUnderlayId`, `hookItemTypes`, `itemsCapacity`, `location`, `materialType`, `maxStackSize`, `maxStructure`, `radar`, `pscript`, `spellId`, `stackSize`, `structure`, `targetTypeId`, `usability`, `useRadius`, `validLocations`, `value`, `workmanship`, `animationFrameId`, `defaultScript`, `defaultScriptIntensity`, `elasticity`, `friction`, `locationId`, `modelTableId`, `objectScale`, `physicsBitField`, `physicsTableId`, `motionTableId`, `soundTableId`, `physicsState`, `translucency`)
VALUES (1112, 'Isle of Tears Portal', 65536, 0, 0, 0, 262164, 0, 0, 0, 0, 0, 0, 8388656, 0, 100667499, 0, 0, 0, 0, 0, 0, 0, 0, 4, 0, 0, 0, 0, 0, 32, -0.1, 0, 0, 0, 0, 0, 0, 0, 0, 0, 33554867, 0, 98307, 0, 150994947, 0, 3084, 0);

INSERT INTO weenie_class (`weenieClassId`, `baseAceObjectId`)
VALUES (1112, 1112);

INSERT INTO `base_ace_object` (`baseAceObjectId`, `name`, `typeId`, `paletteId`, `ammoType`, `blipColor`, `bitField`, `burden`, `combatUse`, `cooldownDuration`, `cooldownId`, `effects`, `containersCapacity`, `header`, `hookTypeId`, `iconId`, `iconOverlayId`, `iconUnderlayId`, `hookItemTypes`, `itemsCapacity`, `location`, `materialType`, `maxStackSize`, `maxStructure`, `radar`, `pscript`, `spellId`, `stackSize`, `structure`, `targetTypeId`, `usability`, `useRadius`, `validLocations`, `value`, `workmanship`, `animationFrameId`, `defaultScript`, `defaultScriptIntensity`, `elasticity`, `friction`, `locationId`, `modelTableId`, `objectScale`, `physicsBitField`, `physicsTableId`, `motionTableId`, `soundTableId`, `physicsState`, `translucency`)
VALUES (25605, 'Elemental Caverns', 65536, 0, 0, 0, 262164, 0, 0, 0, 0, 0, 0, 8388656, 0, 100667499, 0, 0, 0, 0, 0, 0, 0, 0, 4, 0, 0, 0, 0, 0, 32, -0.1, 0, 0, 0, 0, 0, 0, 0, 0, 0, 33555924, 0, 98307, 0, 150994947, 0, 3084, 0);

INSERT INTO weenie_class (`weenieClassId`, `baseAceObjectId`)
VALUES (25605, 25605);

INSERT INTO `base_ace_object` (`baseAceObjectId`, `name`, `typeId`, `paletteId`, `ammoType`, `blipColor`, `bitField`, `burden`, `combatUse`, `cooldownDuration`, `cooldownId`, `effects`, `containersCapacity`, `header`, `hookTypeId`, `iconId`, `iconOverlayId`, `iconUnderlayId`, `hookItemTypes`, `itemsCapacity`, `location`, `materialType`, `maxStackSize`, `maxStructure`, `radar`, `pscript`, `spellId`, `stackSize`, `structure`, `targetTypeId`, `usability`, `useRadius`, `validLocations`, `value`, `workmanship`, `animationFrameId`, `defaultScript`, `defaultScriptIntensity`, `elasticity`, `friction`, `locationId`, `modelTableId`, `objectScale`, `physicsBitField`, `physicsTableId`, `motionTableId`, `soundTableId`, `physicsState`, `translucency`)
VALUES (1903, 'Desert Ridge Border', 65536, 0, 0, 0, 262164, 0, 0, 0, 0, 0, 0, 8388656, 0, 100667499, 0, 0, 0, 0, 0, 0, 0, 0, 4, 0, 0, 0, 0, 0, 32, -0.1, 0, 0, 0, 0, 0, 0, 0, 0, 0, 33554867, 0, 98307, 0, 150994947, 0, 3084, 0);

INSERT INTO weenie_class (`weenieClassId`, `baseAceObjectId`)
VALUES (1903, 1903);

INSERT INTO `base_ace_object` (`baseAceObjectId`, `name`, `typeId`, `paletteId`, `ammoType`, `blipColor`, `bitField`, `burden`, `combatUse`, `cooldownDuration`, `cooldownId`, `effects`, `containersCapacity`, `header`, `hookTypeId`, `iconId`, `iconOverlayId`, `iconUnderlayId`, `hookItemTypes`, `itemsCapacity`, `location`, `materialType`, `maxStackSize`, `maxStructure`, `radar`, `pscript`, `spellId`, `stackSize`, `structure`, `targetTypeId`, `usability`, `useRadius`, `validLocations`, `value`, `workmanship`, `animationFrameId`, `defaultScript`, `defaultScriptIntensity`, `elasticity`, `friction`, `locationId`, `modelTableId`, `objectScale`, `physicsBitField`, `physicsTableId`, `motionTableId`, `soundTableId`, `physicsState`, `translucency`)
VALUES (2359, 'Slaughterhouse', 65536, 0, 0, 0, 262164, 0, 0, 0, 0, 0, 0, 8388656, 0, 100667499, 0, 0, 0, 0, 0, 0, 0, 0, 4, 0, 0, 0, 0, 0, 32, -0.1, 0, 0, 0, 0, 0, 0, 0, 0, 0, 33554867, 0, 98307, 0, 150994947, 0, 3084, 0);

INSERT INTO weenie_class (`weenieClassId`, `baseAceObjectId`)
VALUES (2359, 2359);

INSERT INTO `base_ace_object` (`baseAceObjectId`, `name`, `typeId`, `paletteId`, `ammoType`, `blipColor`, `bitField`, `burden`, `combatUse`, `cooldownDuration`, `cooldownId`, `effects`, `containersCapacity`, `header`, `hookTypeId`, `iconId`, `iconOverlayId`, `iconUnderlayId`, `hookItemTypes`, `itemsCapacity`, `location`, `materialType`, `maxStackSize`, `maxStructure`, `radar`, `pscript`, `spellId`, `stackSize`, `structure`, `targetTypeId`, `usability`, `useRadius`, `validLocations`, `value`, `workmanship`, `animationFrameId`, `defaultScript`, `defaultScriptIntensity`, `elasticity`, `friction`, `locationId`, `modelTableId`, `objectScale`, `physicsBitField`, `physicsTableId`, `motionTableId`, `soundTableId`, `physicsState`, `translucency`)
VALUES (1899, 'Beachside', 65536, 0, 0, 0, 262164, 0, 0, 0, 0, 0, 0, 8388656, 0, 100667499, 0, 0, 0, 0, 0, 0, 0, 0, 4, 0, 0, 0, 0, 0, 32, -0.1, 0, 0, 0, 0, 0, 0, 0, 0, 0, 33554867, 0, 98307, 0, 150994947, 0, 3084, 0);

INSERT INTO weenie_class (`weenieClassId`, `baseAceObjectId`)
VALUES (1899, 1899);

INSERT INTO `base_ace_object` (`baseAceObjectId`, `name`, `typeId`, `paletteId`, `ammoType`, `blipColor`, `bitField`, `burden`, `combatUse`, `cooldownDuration`, `cooldownId`, `effects`, `containersCapacity`, `header`, `hookTypeId`, `iconId`, `iconOverlayId`, `iconUnderlayId`, `hookItemTypes`, `itemsCapacity`, `location`, `materialType`, `maxStackSize`, `maxStructure`, `radar`, `pscript`, `spellId`, `stackSize`, `structure`, `targetTypeId`, `usability`, `useRadius`, `validLocations`, `value`, `workmanship`, `animationFrameId`, `defaultScript`, `defaultScriptIntensity`, `elasticity`, `friction`, `locationId`, `modelTableId`, `objectScale`, `physicsBitField`, `physicsTableId`, `motionTableId`, `soundTableId`, `physicsState`, `translucency`)
VALUES (40156, 'Crystalline Portal', 65536, 0, 0, 0, 262164, 0, 0, 0, 0, 0, 0, 8388656, 0, 100667499, 0, 0, 0, 0, 0, 0, 0, 0, 4, 0, 0, 0, 0, 0, 32, -0.1, 0, 0, 0, 0, 0, 0, 0, 0, 0, 33555925, 0, 98307, 0, 150994947, 0, 3084, 0);

INSERT INTO weenie_class (`weenieClassId`, `baseAceObjectId`)
VALUES (40156, 40156);

INSERT INTO `base_ace_object` (`baseAceObjectId`, `name`, `typeId`, `paletteId`, `ammoType`, `blipColor`, `bitField`, `burden`, `combatUse`, `cooldownDuration`, `cooldownId`, `effects`, `containersCapacity`, `header`, `hookTypeId`, `iconId`, `iconOverlayId`, `iconUnderlayId`, `hookItemTypes`, `itemsCapacity`, `location`, `materialType`, `maxStackSize`, `maxStructure`, `radar`, `pscript`, `spellId`, `stackSize`, `structure`, `targetTypeId`, `usability`, `useRadius`, `validLocations`, `value`, `workmanship`, `animationFrameId`, `defaultScript`, `defaultScriptIntensity`, `elasticity`, `friction`, `locationId`, `modelTableId`, `objectScale`, `physicsBitField`, `physicsTableId`, `motionTableId`, `soundTableId`, `physicsState`, `translucency`)
VALUES (40157, 'Crystalline Portal', 65536, 0, 0, 0, 262164, 0, 0, 0, 0, 0, 0, 8388656, 0, 100667499, 0, 0, 0, 0, 0, 0, 0, 0, 4, 0, 0, 0, 0, 0, 32, -0.1, 0, 0, 0, 0, 0, 0, 0, 0, 0, 33554867, 0, 98307, 0, 150994947, 0, 3084, 0);

INSERT INTO weenie_class (`weenieClassId`, `baseAceObjectId`)
VALUES (40157, 40157);

INSERT INTO `base_ace_object` (`baseAceObjectId`, `name`, `typeId`, `paletteId`, `ammoType`, `blipColor`, `bitField`, `burden`, `combatUse`, `cooldownDuration`, `cooldownId`, `effects`, `containersCapacity`, `header`, `hookTypeId`, `iconId`, `iconOverlayId`, `iconUnderlayId`, `hookItemTypes`, `itemsCapacity`, `location`, `materialType`, `maxStackSize`, `maxStructure`, `radar`, `pscript`, `spellId`, `stackSize`, `structure`, `targetTypeId`, `usability`, `useRadius`, `validLocations`, `value`, `workmanship`, `animationFrameId`, `defaultScript`, `defaultScriptIntensity`, `elasticity`, `friction`, `locationId`, `modelTableId`, `objectScale`, `physicsBitField`, `physicsTableId`, `motionTableId`, `soundTableId`, `physicsState`, `translucency`)
VALUES (40440, 'Crystalline Portal', 65536, 0, 0, 0, 262164, 0, 0, 0, 0, 0, 0, 8388656, 0, 100667499, 0, 0, 0, 0, 0, 0, 0, 0, 4, 0, 0, 0, 0, 0, 32, -0.1, 0, 0, 0, 0, 0, 0, 0, 0, 0, 33555925, 0, 98307, 0, 150994947, 0, 3084, 0);

INSERT INTO weenie_class (`weenieClassId`, `baseAceObjectId`)
VALUES (40440, 40440);

INSERT INTO `base_ace_object` (`baseAceObjectId`, `name`, `typeId`, `paletteId`, `ammoType`, `blipColor`, `bitField`, `burden`, `combatUse`, `cooldownDuration`, `cooldownId`, `effects`, `containersCapacity`, `header`, `hookTypeId`, `iconId`, `iconOverlayId`, `iconUnderlayId`, `hookItemTypes`, `itemsCapacity`, `location`, `materialType`, `maxStackSize`, `maxStructure`, `radar`, `pscript`, `spellId`, `stackSize`, `structure`, `targetTypeId`, `usability`, `useRadius`, `validLocations`, `value`, `workmanship`, `animationFrameId`, `defaultScript`, `defaultScriptIntensity`, `elasticity`, `friction`, `locationId`, `modelTableId`, `objectScale`, `physicsBitField`, `physicsTableId`, `motionTableId`, `soundTableId`, `physicsState`, `translucency`)
VALUES (40431, 'Crystalline Portal', 65536, 0, 0, 0, 262164, 0, 0, 0, 0, 0, 0, 8388656, 0, 100667499, 0, 0, 0, 0, 0, 0, 0, 0, 4, 0, 0, 0, 0, 0, 32, -0.1, 0, 0, 0, 0, 0, 0, 0, 0, 0, 33554867, 0, 98307, 0, 150994947, 0, 3084, 0);

INSERT INTO weenie_class (`weenieClassId`, `baseAceObjectId`)
VALUES (40431, 40431);

INSERT INTO `base_ace_object` (`baseAceObjectId`, `name`, `typeId`, `paletteId`, `ammoType`, `blipColor`, `bitField`, `burden`, `combatUse`, `cooldownDuration`, `cooldownId`, `effects`, `containersCapacity`, `header`, `hookTypeId`, `iconId`, `iconOverlayId`, `iconUnderlayId`, `hookItemTypes`, `itemsCapacity`, `location`, `materialType`, `maxStackSize`, `maxStructure`, `radar`, `pscript`, `spellId`, `stackSize`, `structure`, `targetTypeId`, `usability`, `useRadius`, `validLocations`, `value`, `workmanship`, `animationFrameId`, `defaultScript`, `defaultScriptIntensity`, `elasticity`, `friction`, `locationId`, `modelTableId`, `objectScale`, `physicsBitField`, `physicsTableId`, `motionTableId`, `soundTableId`, `physicsState`, `translucency`)
VALUES (40486, 'Crystalline Portal', 65536, 0, 0, 0, 262164, 0, 0, 0, 0, 0, 0, 8388656, 0, 100667499, 0, 0, 0, 0, 0, 0, 0, 0, 4, 0, 0, 0, 0, 0, 32, -0.1, 0, 0, 0, 0, 0, 0, 0, 0, 0, 33555925, 0, 98307, 0, 150994947, 0, 3084, 0);

INSERT INTO weenie_class (`weenieClassId`, `baseAceObjectId`)
VALUES (40486, 40486);

INSERT INTO `base_ace_object` (`baseAceObjectId`, `name`, `typeId`, `paletteId`, `ammoType`, `blipColor`, `bitField`, `burden`, `combatUse`, `cooldownDuration`, `cooldownId`, `effects`, `containersCapacity`, `header`, `hookTypeId`, `iconId`, `iconOverlayId`, `iconUnderlayId`, `hookItemTypes`, `itemsCapacity`, `location`, `materialType`, `maxStackSize`, `maxStructure`, `radar`, `pscript`, `spellId`, `stackSize`, `structure`, `targetTypeId`, `usability`, `useRadius`, `validLocations`, `value`, `workmanship`, `animationFrameId`, `defaultScript`, `defaultScriptIntensity`, `elasticity`, `friction`, `locationId`, `modelTableId`, `objectScale`, `physicsBitField`, `physicsTableId`, `motionTableId`, `soundTableId`, `physicsState`, `translucency`)
VALUES (40485, 'Crystalline Portal', 65536, 0, 0, 0, 262164, 0, 0, 0, 0, 0, 0, 8388656, 0, 100667499, 0, 0, 0, 0, 0, 0, 0, 0, 4, 0, 0, 0, 0, 0, 32, -0.1, 0, 0, 0, 0, 0, 0, 0, 0, 0, 33554867, 0, 98307, 0, 150994947, 0, 3084, 0);

INSERT INTO weenie_class (`weenieClassId`, `baseAceObjectId`)
VALUES (40485, 40485);

INSERT INTO `base_ace_object` (`baseAceObjectId`, `name`, `typeId`, `paletteId`, `ammoType`, `blipColor`, `bitField`, `burden`, `combatUse`, `cooldownDuration`, `cooldownId`, `effects`, `containersCapacity`, `header`, `hookTypeId`, `iconId`, `iconOverlayId`, `iconUnderlayId`, `hookItemTypes`, `itemsCapacity`, `location`, `materialType`, `maxStackSize`, `maxStructure`, `radar`, `pscript`, `spellId`, `stackSize`, `structure`, `targetTypeId`, `usability`, `useRadius`, `validLocations`, `value`, `workmanship`, `animationFrameId`, `defaultScript`, `defaultScriptIntensity`, `elasticity`, `friction`, `locationId`, `modelTableId`, `objectScale`, `physicsBitField`, `physicsTableId`, `motionTableId`, `soundTableId`, `physicsState`, `translucency`)
VALUES (40800, 'Crystalline Portal', 65536, 0, 0, 0, 262164, 0, 0, 0, 0, 0, 0, 8388656, 0, 100667499, 0, 0, 0, 0, 0, 0, 0, 0, 4, 0, 0, 0, 0, 0, 32, -0.1, 0, 0, 0, 0, 0, 0, 0, 0, 0, 33554867, 0, 98307, 0, 150994947, 0, 3084, 0);

INSERT INTO weenie_class (`weenieClassId`, `baseAceObjectId`)
VALUES (40800, 40800);

INSERT INTO `base_ace_object` (`baseAceObjectId`, `name`, `typeId`, `paletteId`, `ammoType`, `blipColor`, `bitField`, `burden`, `combatUse`, `cooldownDuration`, `cooldownId`, `effects`, `containersCapacity`, `header`, `hookTypeId`, `iconId`, `iconOverlayId`, `iconUnderlayId`, `hookItemTypes`, `itemsCapacity`, `location`, `materialType`, `maxStackSize`, `maxStructure`, `radar`, `pscript`, `spellId`, `stackSize`, `structure`, `targetTypeId`, `usability`, `useRadius`, `validLocations`, `value`, `workmanship`, `animationFrameId`, `defaultScript`, `defaultScriptIntensity`, `elasticity`, `friction`, `locationId`, `modelTableId`, `objectScale`, `physicsBitField`, `physicsTableId`, `motionTableId`, `soundTableId`, `physicsState`, `translucency`)
VALUES (1332, 'Surface', 65536, 0, 0, 0, 262164, 0, 0, 0, 0, 0, 0, 8388656, 0, 100667499, 0, 0, 0, 0, 0, 0, 0, 0, 4, 0, 0, 0, 0, 0, 32, -0.1, 0, 0, 0, 0, 0, 0, 0, 0, 0, 33554867, 0, 98307, 0, 150994947, 0, 3084, 0);

INSERT INTO weenie_class (`weenieClassId`, `baseAceObjectId`)
VALUES (1332, 1332);

INSERT INTO `base_ace_object` (`baseAceObjectId`, `name`, `typeId`, `paletteId`, `ammoType`, `blipColor`, `bitField`, `burden`, `combatUse`, `cooldownDuration`, `cooldownId`, `effects`, `containersCapacity`, `header`, `hookTypeId`, `iconId`, `iconOverlayId`, `iconUnderlayId`, `hookItemTypes`, `itemsCapacity`, `location`, `materialType`, `maxStackSize`, `maxStructure`, `radar`, `pscript`, `spellId`, `stackSize`, `structure`, `targetTypeId`, `usability`, `useRadius`, `validLocations`, `value`, `workmanship`, `animationFrameId`, `defaultScript`, `defaultScriptIntensity`, `elasticity`, `friction`, `locationId`, `modelTableId`, `objectScale`, `physicsBitField`, `physicsTableId`, `motionTableId`, `soundTableId`, `physicsState`, `translucency`)
VALUES (1331, 'Cave', 65536, 0, 0, 0, 262164, 0, 0, 0, 0, 0, 0, 8388656, 0, 100667499, 0, 0, 0, 0, 0, 0, 0, 0, 4, 0, 0, 0, 0, 0, 32, -0.1, 0, 0, 0, 0, 0, 0, 0, 0, 0, 33554867, 0, 98307, 0, 150994947, 0, 3084, 0);

INSERT INTO weenie_class (`weenieClassId`, `baseAceObjectId`)
VALUES (1331, 1331);

INSERT INTO `base_ace_object` (`baseAceObjectId`, `name`, `typeId`, `paletteId`, `ammoType`, `blipColor`, `bitField`, `burden`, `combatUse`, `cooldownDuration`, `cooldownId`, `effects`, `containersCapacity`, `header`, `hookTypeId`, `iconId`, `iconOverlayId`, `iconUnderlayId`, `hookItemTypes`, `itemsCapacity`, `location`, `materialType`, `maxStackSize`, `maxStructure`, `radar`, `pscript`, `spellId`, `stackSize`, `structure`, `targetTypeId`, `usability`, `useRadius`, `validLocations`, `value`, `workmanship`, `animationFrameId`, `defaultScript`, `defaultScriptIntensity`, `elasticity`, `friction`, `locationId`, `modelTableId`, `objectScale`, `physicsBitField`, `physicsTableId`, `motionTableId`, `soundTableId`, `physicsState`, `translucency`)
VALUES (8830, 'Chakron Gate Portal', 65536, 0, 0, 0, 262164, 0, 0, 0, 0, 0, 0, 8388656, 0, 100667499, 0, 0, 0, 0, 0, 0, 0, 0, 4, 0, 0, 0, 0, 0, 32, -0.1, 0, 0, 0, 0, 0, 0, 0, 0, 0, 33555926, 0, 98307, 0, 150994947, 0, 3084, 0);

INSERT INTO weenie_class (`weenieClassId`, `baseAceObjectId`)
VALUES (8830, 8830);

