INSERT INTO `base_ace_object` (`baseAceObjectId`, `name`, `typeId`, `paletteId`, `ammoType`, `blipColor`, `bitField`, `burden`, `combatUse`, `cooldownDuration`, `cooldownId`, `effects`, `containersCapacity`, `header`, `hookTypeId`, `iconId`, `iconOverlayId`, `iconUnderlayId`, `hookItemTypes`, `itemsCapacity`, `location`, `materialType`, `maxStackSize`, `maxStructure`, `radar`, `pscript`, `spellId`, `stackSize`, `structure`, `targetTypeId`, `usability`, `useRadius`, `validLocations`, `value`, `workmanship`, `animationFrameId`, `defaultScript`, `defaultScriptIntensity`, `elasticity`, `friction`, `locationId`, `modelTableId`, `objectScale`, `physicsBitField`, `physicsTableId`, `motionTableId`, `soundTableId`, `physicsState`, `translucency`)
VALUES (2048258048, 'Grievous Vault', 65536, 0, 0, 0, 262164, 0, 0, 0, 0, 0, 0, 8388656, 0, 100667499, 0, 0, 0, 0, 0, 0, 0, 0, 4, 0, 0, 0, 0, 0, 32, -0.1, 0, 0, 0, 0, 0, 0, 0, 0, 0, 33555923, 0, 98307, 0, 150994947, 0, 3084, 0);

INSERT INTO `ace_object` (`baseAceObjectId`, `weenieClassId`, `landblock`, `cell`, `posX`, `posY`, `posZ`, `qW`, `qX`, `qY`, `qZ`)
VALUES (2048258048, 4204, 41311, 34, 99.5053, 37.2127, 34.22911, -0.9907608, 0, 0, -0.135621);

INSERT INTO `base_ace_object` (`baseAceObjectId`, `name`, `typeId`, `paletteId`, `ammoType`, `blipColor`, `bitField`, `burden`, `combatUse`, `cooldownDuration`, `cooldownId`, `effects`, `containersCapacity`, `header`, `hookTypeId`, `iconId`, `iconOverlayId`, `iconUnderlayId`, `hookItemTypes`, `itemsCapacity`, `location`, `materialType`, `maxStackSize`, `maxStructure`, `radar`, `pscript`, `spellId`, `stackSize`, `structure`, `targetTypeId`, `usability`, `useRadius`, `validLocations`, `value`, `workmanship`, `animationFrameId`, `defaultScript`, `defaultScriptIntensity`, `elasticity`, `friction`, `locationId`, `modelTableId`, `objectScale`, `physicsBitField`, `physicsTableId`, `motionTableId`, `soundTableId`, `physicsState`, `translucency`)
VALUES (1880658110, 'Surface Portal', 65536, 0, 0, 0, 262164, 0, 0, 0, 0, 0, 0, 8388656, 0, 100667499, 0, 0, 0, 0, 0, 0, 0, 0, 4, 0, 0, 0, 0, 0, 32, -0.1, 0, 0, 0, 0, 0, 0, 0, 0, 0, 33554867, 0, 98307, 0, 150994947, 0, 3084, 0);

INSERT INTO `ace_object` (`baseAceObjectId`, `weenieClassId`, `landblock`, `cell`, `posX`, `posY`, `posZ`, `qW`, `qX`, `qY`, `qZ`)
VALUES (1880658110, 4205, 393, 794, 119.54, -83.5987, 5.937, 1, 0, 0, 0);

INSERT INTO `base_ace_object` (`baseAceObjectId`, `name`, `typeId`, `paletteId`, `ammoType`, `blipColor`, `bitField`, `burden`, `combatUse`, `cooldownDuration`, `cooldownId`, `effects`, `containersCapacity`, `header`, `hookTypeId`, `iconId`, `iconOverlayId`, `iconUnderlayId`, `hookItemTypes`, `itemsCapacity`, `location`, `materialType`, `maxStackSize`, `maxStructure`, `radar`, `pscript`, `spellId`, `stackSize`, `structure`, `targetTypeId`, `usability`, `useRadius`, `validLocations`, `value`, `workmanship`, `animationFrameId`, `defaultScript`, `defaultScriptIntensity`, `elasticity`, `friction`, `locationId`, `modelTableId`, `objectScale`, `physicsBitField`, `physicsTableId`, `motionTableId`, `soundTableId`, `physicsState`, `translucency`)
VALUES (1880658094, 'Destroyed Portal to Samsur', 65536, 0, 0, 0, 262164, 0, 0, 0, 0, 0, 0, 48, 0, 100667499, 0, 0, 0, 0, 0, 0, 0, 0, 0, 0, 0, 0, 0, 0, 1, -0.1, 0, 0, 0, 0, 0, 0, 0, 0, 0, 33561060, 0, 98307, 0, 150995314, 0, 3092, 0);

INSERT INTO `ace_object` (`baseAceObjectId`, `weenieClassId`, `landblock`, `cell`, `posX`, `posY`, `posZ`, `qW`, `qX`, `qY`, `qZ`)
VALUES (1880658094, 1026, 393, 770, 131.918, -90.1767, -0.20983, -0.7071068, 0, 0, -0.7071068);

INSERT INTO `base_ace_object` (`baseAceObjectId`, `name`, `typeId`, `paletteId`, `ammoType`, `blipColor`, `bitField`, `burden`, `combatUse`, `cooldownDuration`, `cooldownId`, `effects`, `containersCapacity`, `header`, `hookTypeId`, `iconId`, `iconOverlayId`, `iconUnderlayId`, `hookItemTypes`, `itemsCapacity`, `location`, `materialType`, `maxStackSize`, `maxStructure`, `radar`, `pscript`, `spellId`, `stackSize`, `structure`, `targetTypeId`, `usability`, `useRadius`, `validLocations`, `value`, `workmanship`, `animationFrameId`, `defaultScript`, `defaultScriptIntensity`, `elasticity`, `friction`, `locationId`, `modelTableId`, `objectScale`, `physicsBitField`, `physicsTableId`, `motionTableId`, `soundTableId`, `physicsState`, `translucency`)
VALUES (1880658007, 'Surface Portal', 65536, 0, 0, 0, 262164, 0, 0, 0, 0, 0, 0, 8388656, 0, 100667499, 0, 0, 0, 0, 0, 0, 0, 0, 4, 0, 0, 0, 0, 0, 32, -0.1, 0, 0, 0, 0, 0, 0, 0, 0, 0, 33554867, 0, 98307, 0, 150994947, 0, 3084, 0);

INSERT INTO `ace_object` (`baseAceObjectId`, `weenieClassId`, `landblock`, `cell`, `posX`, `posY`, `posZ`, `qW`, `qX`, `qY`, `qZ`)
VALUES (1880658007, 4205, 393, 412, 40, -90, -36.063, 0.7071068, 0, 0, -0.7071068);

INSERT INTO `base_ace_object` (`baseAceObjectId`, `name`, `typeId`, `paletteId`, `ammoType`, `blipColor`, `bitField`, `burden`, `combatUse`, `cooldownDuration`, `cooldownId`, `effects`, `containersCapacity`, `header`, `hookTypeId`, `iconId`, `iconOverlayId`, `iconUnderlayId`, `hookItemTypes`, `itemsCapacity`, `location`, `materialType`, `maxStackSize`, `maxStructure`, `radar`, `pscript`, `spellId`, `stackSize`, `structure`, `targetTypeId`, `usability`, `useRadius`, `validLocations`, `value`, `workmanship`, `animationFrameId`, `defaultScript`, `defaultScriptIntensity`, `elasticity`, `friction`, `locationId`, `modelTableId`, `objectScale`, `physicsBitField`, `physicsTableId`, `motionTableId`, `soundTableId`, `physicsState`, `translucency`)
VALUES (1880657939, 'Surface Portal', 65536, 0, 0, 0, 262164, 0, 0, 0, 0, 0, 0, 8388656, 0, 100667499, 0, 0, 0, 0, 0, 0, 0, 0, 4, 0, 0, 0, 0, 0, 32, -0.1, 0, 0, 0, 0, 0, 0, 0, 0, 0, 33554867, 0, 98307, 0, 150994947, 0, 3084, 0);

INSERT INTO `ace_object` (`baseAceObjectId`, `weenieClassId`, `landblock`, `cell`, `posX`, `posY`, `posZ`, `qW`, `qX`, `qY`, `qZ`)
VALUES (1880657939, 4205, 393, 293, 111.622, -36.6134, -48.063, 1, 0, 0, 0);

INSERT INTO `base_ace_object` (`baseAceObjectId`, `name`, `typeId`, `paletteId`, `ammoType`, `blipColor`, `bitField`, `burden`, `combatUse`, `cooldownDuration`, `cooldownId`, `effects`, `containersCapacity`, `header`, `hookTypeId`, `iconId`, `iconOverlayId`, `iconUnderlayId`, `hookItemTypes`, `itemsCapacity`, `location`, `materialType`, `maxStackSize`, `maxStructure`, `radar`, `pscript`, `spellId`, `stackSize`, `structure`, `targetTypeId`, `usability`, `useRadius`, `validLocations`, `value`, `workmanship`, `animationFrameId`, `defaultScript`, `defaultScriptIntensity`, `elasticity`, `friction`, `locationId`, `modelTableId`, `objectScale`, `physicsBitField`, `physicsTableId`, `motionTableId`, `soundTableId`, `physicsState`, `translucency`)
VALUES (1969500163, 'Surface', 65536, 0, 0, 0, 262164, 0, 0, 0, 0, 0, 0, 8388656, 0, 100667499, 0, 0, 0, 0, 0, 0, 0, 0, 4, 0, 0, 0, 0, 0, 32, -0.1, 0, 0, 0, 0, 0, 0, 0, 0, 0, 33554867, 0, 98307, 0, 150994947, 0, 3084, 0);

INSERT INTO `ace_object` (`baseAceObjectId`, `weenieClassId`, `landblock`, `cell`, `posX`, `posY`, `posZ`, `qW`, `qX`, `qY`, `qZ`)
VALUES (1969500163, 23894, 22083, 997, 70, -90, 5.937, 1, 0, 0, 0);

INSERT INTO `base_ace_object` (`baseAceObjectId`, `name`, `typeId`, `paletteId`, `ammoType`, `blipColor`, `bitField`, `burden`, `combatUse`, `cooldownDuration`, `cooldownId`, `effects`, `containersCapacity`, `header`, `hookTypeId`, `iconId`, `iconOverlayId`, `iconUnderlayId`, `hookItemTypes`, `itemsCapacity`, `location`, `materialType`, `maxStackSize`, `maxStructure`, `radar`, `pscript`, `spellId`, `stackSize`, `structure`, `targetTypeId`, `usability`, `useRadius`, `validLocations`, `value`, `workmanship`, `animationFrameId`, `defaultScript`, `defaultScriptIntensity`, `elasticity`, `friction`, `locationId`, `modelTableId`, `objectScale`, `physicsBitField`, `physicsTableId`, `motionTableId`, `soundTableId`, `physicsState`, `translucency`)
VALUES (1969500160, 'Surface', 65536, 0, 0, 0, 262164, 0, 0, 0, 0, 0, 0, 8388656, 0, 100667499, 0, 0, 0, 0, 0, 0, 0, 0, 4, 0, 0, 0, 0, 0, 32, -0.1, 0, 0, 0, 0, 0, 0, 0, 0, 0, 33554867, 0, 98307, 0, 150994947, 0, 3084, 0);

INSERT INTO `ace_object` (`baseAceObjectId`, `weenieClassId`, `landblock`, `cell`, `posX`, `posY`, `posZ`, `qW`, `qX`, `qY`, `qZ`)
VALUES (1969500160, 23894, 22083, 493, 240, -130, -24.063, 1, 0, 0, 0);

INSERT INTO `base_ace_object` (`baseAceObjectId`, `name`, `typeId`, `paletteId`, `ammoType`, `blipColor`, `bitField`, `burden`, `combatUse`, `cooldownDuration`, `cooldownId`, `effects`, `containersCapacity`, `header`, `hookTypeId`, `iconId`, `iconOverlayId`, `iconUnderlayId`, `hookItemTypes`, `itemsCapacity`, `location`, `materialType`, `maxStackSize`, `maxStructure`, `radar`, `pscript`, `spellId`, `stackSize`, `structure`, `targetTypeId`, `usability`, `useRadius`, `validLocations`, `value`, `workmanship`, `animationFrameId`, `defaultScript`, `defaultScriptIntensity`, `elasticity`, `friction`, `locationId`, `modelTableId`, `objectScale`, `physicsBitField`, `physicsTableId`, `motionTableId`, `soundTableId`, `physicsState`, `translucency`)
VALUES (2103881728, 'Gromnie Clan Training Camp', 65536, 0, 0, 0, 262164, 0, 0, 0, 0, 0, 0, 8388656, 0, 100667499, 0, 0, 0, 0, 0, 0, 0, 0, 4, 0, 0, 0, 0, 0, 32, -0.1, 0, 0, 0, 0, 0, 0, 0, 0, 0, 33554867, 0, 98307, 0, 150994947, 0, 3084, 0);

INSERT INTO `ace_object` (`baseAceObjectId`, `weenieClassId`, `landblock`, `cell`, `posX`, `posY`, `posZ`, `qW`, `qX`, `qY`, `qZ`)
VALUES (2103881728, 23893, 54891, 60, 184.83, 82.0361, 34.77334, 0.7013031, 0, 0, -0.7128631);

INSERT INTO `base_ace_object` (`baseAceObjectId`, `name`, `typeId`, `paletteId`, `ammoType`, `blipColor`, `bitField`, `burden`, `combatUse`, `cooldownDuration`, `cooldownId`, `effects`, `containersCapacity`, `header`, `hookTypeId`, `iconId`, `iconOverlayId`, `iconUnderlayId`, `hookItemTypes`, `itemsCapacity`, `location`, `materialType`, `maxStackSize`, `maxStructure`, `radar`, `pscript`, `spellId`, `stackSize`, `structure`, `targetTypeId`, `usability`, `useRadius`, `validLocations`, `value`, `workmanship`, `animationFrameId`, `defaultScript`, `defaultScriptIntensity`, `elasticity`, `friction`, `locationId`, `modelTableId`, `objectScale`, `physicsBitField`, `physicsTableId`, `motionTableId`, `soundTableId`, `physicsState`, `translucency`)
VALUES (1881894943, 'Cathedral Ruins Portal', 65536, 0, 0, 0, 262164, 0, 0, 0, 0, 0, 0, 8388656, 0, 100667499, 0, 0, 0, 0, 0, 0, 0, 0, 4, 0, 0, 0, 0, 0, 32, -0.1, 0, 0, 0, 0, 0, 0, 0, 0, 0, 33554867, 0, 98307, 0, 150994947, 0, 3084, 0);

INSERT INTO `ace_object` (`baseAceObjectId`, `weenieClassId`, `landblock`, `cell`, `posX`, `posY`, `posZ`, `qW`, `qX`, `qY`, `qZ`)
VALUES (1881894943, 8533, 695, 307, 50, -83.27205, -42.063, 0, 0, 0, 1);

INSERT INTO `base_ace_object` (`baseAceObjectId`, `name`, `typeId`, `paletteId`, `ammoType`, `blipColor`, `bitField`, `burden`, `combatUse`, `cooldownDuration`, `cooldownId`, `effects`, `containersCapacity`, `header`, `hookTypeId`, `iconId`, `iconOverlayId`, `iconUnderlayId`, `hookItemTypes`, `itemsCapacity`, `location`, `materialType`, `maxStackSize`, `maxStructure`, `radar`, `pscript`, `spellId`, `stackSize`, `structure`, `targetTypeId`, `usability`, `useRadius`, `validLocations`, `value`, `workmanship`, `animationFrameId`, `defaultScript`, `defaultScriptIntensity`, `elasticity`, `friction`, `locationId`, `modelTableId`, `objectScale`, `physicsBitField`, `physicsTableId`, `motionTableId`, `soundTableId`, `physicsState`, `translucency`)
VALUES (1879662700, 'Surface', 65536, 0, 0, 0, 262164, 0, 0, 0, 0, 0, 0, 8388656, 0, 100667499, 0, 0, 0, 0, 0, 0, 0, 0, 4, 0, 0, 0, 0, 0, 32, -0.1, 0, 0, 0, 0, 0, 0, 0, 0, 0, 33554867, 0, 98307, 0, 150994947, 0, 3084, 0);

INSERT INTO `ace_object` (`baseAceObjectId`, `weenieClassId`, `landblock`, `cell`, `posX`, `posY`, `posZ`, `qW`, `qX`, `qY`, `qZ`)
VALUES (1879662700, 28801, 150, 803, 80, -50, -0.06299996, 1, 0, 0, 0);

INSERT INTO `base_ace_object` (`baseAceObjectId`, `name`, `typeId`, `paletteId`, `ammoType`, `blipColor`, `bitField`, `burden`, `combatUse`, `cooldownDuration`, `cooldownId`, `effects`, `containersCapacity`, `header`, `hookTypeId`, `iconId`, `iconOverlayId`, `iconUnderlayId`, `hookItemTypes`, `itemsCapacity`, `location`, `materialType`, `maxStackSize`, `maxStructure`, `radar`, `pscript`, `spellId`, `stackSize`, `structure`, `targetTypeId`, `usability`, `useRadius`, `validLocations`, `value`, `workmanship`, `animationFrameId`, `defaultScript`, `defaultScriptIntensity`, `elasticity`, `friction`, `locationId`, `modelTableId`, `objectScale`, `physicsBitField`, `physicsTableId`, `motionTableId`, `soundTableId`, `physicsState`, `translucency`)
VALUES (1879662701, 'Surface', 65536, 0, 0, 0, 262164, 0, 0, 0, 0, 0, 0, 8388656, 0, 100667499, 0, 0, 0, 0, 0, 0, 0, 0, 4, 0, 0, 0, 0, 0, 32, -0.1, 0, 0, 0, 0, 0, 0, 0, 0, 0, 33554867, 0, 98307, 0, 150994947, 0, 3084, 0);

INSERT INTO `ace_object` (`baseAceObjectId`, `weenieClassId`, `landblock`, `cell`, `posX`, `posY`, `posZ`, `qW`, `qX`, `qY`, `qZ`)
VALUES (1879662701, 28801, 150, 806, 90, -30, -0.06299996, 1, 0, 0, -4.37114E-08);

INSERT INTO `base_ace_object` (`baseAceObjectId`, `name`, `typeId`, `paletteId`, `ammoType`, `blipColor`, `bitField`, `burden`, `combatUse`, `cooldownDuration`, `cooldownId`, `effects`, `containersCapacity`, `header`, `hookTypeId`, `iconId`, `iconOverlayId`, `iconUnderlayId`, `hookItemTypes`, `itemsCapacity`, `location`, `materialType`, `maxStackSize`, `maxStructure`, `radar`, `pscript`, `spellId`, `stackSize`, `structure`, `targetTypeId`, `usability`, `useRadius`, `validLocations`, `value`, `workmanship`, `animationFrameId`, `defaultScript`, `defaultScriptIntensity`, `elasticity`, `friction`, `locationId`, `modelTableId`, `objectScale`, `physicsBitField`, `physicsTableId`, `motionTableId`, `soundTableId`, `physicsState`, `translucency`)
VALUES (1950322688, 'Insatiable Vault', 65536, 0, 0, 0, 262164, 0, 0, 0, 0, 0, 0, 8388656, 0, 100667499, 0, 0, 0, 0, 0, 0, 0, 0, 4, 0, 0, 0, 0, 0, 32, -0.1, 0, 0, 0, 0, 0, 0, 0, 0, 0, 33555925, 0, 98307, 0, 150994947, 0, 3084, 0);

INSERT INTO `ace_object` (`baseAceObjectId`, `weenieClassId`, `landblock`, `cell`, `posX`, `posY`, `posZ`, `qW`, `qX`, `qY`, `qZ`)
VALUES (1950322688, 28808, 17401, 26, 78.639, 26.0241, 9.13795, 0.0125569, 0, 0, 0.9999211);

INSERT INTO `base_ace_object` (`baseAceObjectId`, `name`, `typeId`, `paletteId`, `ammoType`, `blipColor`, `bitField`, `burden`, `combatUse`, `cooldownDuration`, `cooldownId`, `effects`, `containersCapacity`, `header`, `hookTypeId`, `iconId`, `iconOverlayId`, `iconUnderlayId`, `hookItemTypes`, `itemsCapacity`, `location`, `materialType`, `maxStackSize`, `maxStructure`, `radar`, `pscript`, `spellId`, `stackSize`, `structure`, `targetTypeId`, `usability`, `useRadius`, `validLocations`, `value`, `workmanship`, `animationFrameId`, `defaultScript`, `defaultScriptIntensity`, `elasticity`, `friction`, `locationId`, `modelTableId`, `objectScale`, `physicsBitField`, `physicsTableId`, `motionTableId`, `soundTableId`, `physicsState`, `translucency`)
VALUES (2119487488, 'Thief Trail', 65536, 0, 0, 0, 262164, 0, 0, 0, 0, 0, 0, 8388656, 0, 100667499, 0, 0, 0, 0, 0, 0, 0, 0, 4, 0, 0, 0, 0, 0, 32, -0.1, 0, 0, 0, 0, 0, 0, 0, 0, 0, 33555922, 0, 98307, 0, 150994947, 0, 3084, 0);

INSERT INTO `ace_object` (`baseAceObjectId`, `weenieClassId`, `landblock`, `cell`, `posX`, `posY`, `posZ`, `qW`, `qX`, `qY`, `qZ`)
VALUES (2119487488, 1597, 58701, 38, 106.649, 142.181, 25.78542, -0.132225, 0, 0, -0.9912198);

INSERT INTO `base_ace_object` (`baseAceObjectId`, `name`, `typeId`, `paletteId`, `ammoType`, `blipColor`, `bitField`, `burden`, `combatUse`, `cooldownDuration`, `cooldownId`, `effects`, `containersCapacity`, `header`, `hookTypeId`, `iconId`, `iconOverlayId`, `iconUnderlayId`, `hookItemTypes`, `itemsCapacity`, `location`, `materialType`, `maxStackSize`, `maxStructure`, `radar`, `pscript`, `spellId`, `stackSize`, `structure`, `targetTypeId`, `usability`, `useRadius`, `validLocations`, `value`, `workmanship`, `animationFrameId`, `defaultScript`, `defaultScriptIntensity`, `elasticity`, `friction`, `locationId`, `modelTableId`, `objectScale`, `physicsBitField`, `physicsTableId`, `motionTableId`, `soundTableId`, `physicsState`, `translucency`)
VALUES (1880862752, 'Surface', 65536, 0, 0, 0, 262164, 0, 0, 0, 0, 0, 0, 8388656, 0, 100667499, 0, 0, 0, 0, 0, 0, 0, 0, 4, 0, 0, 0, 0, 0, 32, -0.1, 0, 0, 0, 0, 0, 0, 0, 0, 0, 33554867, 0, 98307, 0, 150994947, 0, 3084, 0);

INSERT INTO `ace_object` (`baseAceObjectId`, `weenieClassId`, `landblock`, `cell`, `posX`, `posY`, `posZ`, `qW`, `qX`, `qY`, `qZ`)
VALUES (1880862752, 1598, 443, 338, 60.107, 3.14313, -0.06299996, -4.37114E-08, 0, 0, -1);

INSERT INTO `base_ace_object` (`baseAceObjectId`, `name`, `typeId`, `paletteId`, `ammoType`, `blipColor`, `bitField`, `burden`, `combatUse`, `cooldownDuration`, `cooldownId`, `effects`, `containersCapacity`, `header`, `hookTypeId`, `iconId`, `iconOverlayId`, `iconUnderlayId`, `hookItemTypes`, `itemsCapacity`, `location`, `materialType`, `maxStackSize`, `maxStructure`, `radar`, `pscript`, `spellId`, `stackSize`, `structure`, `targetTypeId`, `usability`, `useRadius`, `validLocations`, `value`, `workmanship`, `animationFrameId`, `defaultScript`, `defaultScriptIntensity`, `elasticity`, `friction`, `locationId`, `modelTableId`, `objectScale`, `physicsBitField`, `physicsTableId`, `motionTableId`, `soundTableId`, `physicsState`, `translucency`)
VALUES (2104823809, 'Dungeon Mei Portal', 65536, 0, 0, 0, 262164, 0, 0, 0, 0, 0, 0, 8388656, 0, 100667499, 0, 0, 0, 0, 0, 0, 0, 0, 4, 0, 0, 0, 0, 0, 32, -0.1, 0, 0, 0, 0, 0, 0, 0, 0, 0, 33554867, 0, 98307, 0, 150994947, 0, 3084, 0);

INSERT INTO `ace_object` (`baseAceObjectId`, `weenieClassId`, `landblock`, `cell`, `posX`, `posY`, `posZ`, `qW`, `qX`, `qY`, `qZ`)
VALUES (2104823809, 4160, 55121, 19, 55, 55, 37.937, 0.9238797, 0, 0, -0.3826829);

INSERT INTO `base_ace_object` (`baseAceObjectId`, `name`, `typeId`, `paletteId`, `ammoType`, `blipColor`, `bitField`, `burden`, `combatUse`, `cooldownDuration`, `cooldownId`, `effects`, `containersCapacity`, `header`, `hookTypeId`, `iconId`, `iconOverlayId`, `iconUnderlayId`, `hookItemTypes`, `itemsCapacity`, `location`, `materialType`, `maxStackSize`, `maxStructure`, `radar`, `pscript`, `spellId`, `stackSize`, `structure`, `targetTypeId`, `usability`, `useRadius`, `validLocations`, `value`, `workmanship`, `animationFrameId`, `defaultScript`, `defaultScriptIntensity`, `elasticity`, `friction`, `locationId`, `modelTableId`, `objectScale`, `physicsBitField`, `physicsTableId`, `motionTableId`, `soundTableId`, `physicsState`, `translucency`)
VALUES (1880637490, 'Surface Portal', 65536, 0, 0, 0, 262164, 0, 0, 0, 0, 0, 0, 8388656, 0, 100667499, 0, 0, 0, 0, 0, 0, 0, 0, 4, 0, 0, 0, 0, 0, 32, -0.1, 0, 0, 0, 0, 0, 0, 0, 0, 0, 33554867, 0, 98307, 0, 150994947, 0, 3084, 0);

INSERT INTO `ace_object` (`baseAceObjectId`, `weenieClassId`, `landblock`, `cell`, `posX`, `posY`, `posZ`, `qW`, `qX`, `qY`, `qZ`)
VALUES (1880637490, 4161, 388, 365, 85.25, -80, -0.06299996, -0.7071068, 0, 0, -0.7071068);

INSERT INTO `base_ace_object` (`baseAceObjectId`, `name`, `typeId`, `paletteId`, `ammoType`, `blipColor`, `bitField`, `burden`, `combatUse`, `cooldownDuration`, `cooldownId`, `effects`, `containersCapacity`, `header`, `hookTypeId`, `iconId`, `iconOverlayId`, `iconUnderlayId`, `hookItemTypes`, `itemsCapacity`, `location`, `materialType`, `maxStackSize`, `maxStructure`, `radar`, `pscript`, `spellId`, `stackSize`, `structure`, `targetTypeId`, `usability`, `useRadius`, `validLocations`, `value`, `workmanship`, `animationFrameId`, `defaultScript`, `defaultScriptIntensity`, `elasticity`, `friction`, `locationId`, `modelTableId`, `objectScale`, `physicsBitField`, `physicsTableId`, `motionTableId`, `soundTableId`, `physicsState`, `translucency`)
VALUES (2091184128, 'Unicorn''s Grace', 65536, 0, 0, 0, 262164, 0, 0, 0, 0, 0, 0, 8388656, 0, 100667499, 0, 0, 0, 0, 0, 0, 0, 0, 4, 0, 0, 0, 0, 0, 32, -0.1, 0, 0, 0, 0, 0, 0, 0, 0, 0, 33555926, 0, 98307, 0, 150994947, 0, 3084, 0);

INSERT INTO `ace_object` (`baseAceObjectId`, `weenieClassId`, `landblock`, `cell`, `posX`, `posY`, `posZ`, `qW`, `qX`, `qY`, `qZ`)
VALUES (2091184128, 25837, 51791, 48, 124.162, 175.541, 67.55384, 0.9972064, 0, 0, -0.07469494);

INSERT INTO `base_ace_object` (`baseAceObjectId`, `name`, `typeId`, `paletteId`, `ammoType`, `blipColor`, `bitField`, `burden`, `combatUse`, `cooldownDuration`, `cooldownId`, `effects`, `containersCapacity`, `header`, `hookTypeId`, `iconId`, `iconOverlayId`, `iconUnderlayId`, `hookItemTypes`, `itemsCapacity`, `location`, `materialType`, `maxStackSize`, `maxStructure`, `radar`, `pscript`, `spellId`, `stackSize`, `structure`, `targetTypeId`, `usability`, `useRadius`, `validLocations`, `value`, `workmanship`, `animationFrameId`, `defaultScript`, `defaultScriptIntensity`, `elasticity`, `friction`, `locationId`, `modelTableId`, `objectScale`, `physicsBitField`, `physicsTableId`, `motionTableId`, `soundTableId`, `physicsState`, `translucency`)
VALUES (1880289286, 'Portal to Shoushi', 65536, 0, 0, 0, 262164, 0, 0, 0, 0, 0, 0, 8388656, 0, 100667499, 0, 0, 0, 0, 0, 0, 0, 0, 4, 0, 0, 0, 0, 0, 32, -0.1, 0, 0, 0, 0, 0, 0, 0, 0, 0, 33554867, 0, 98307, 0, 150994947, 0, 3084, 0);

INSERT INTO `ace_object` (`baseAceObjectId`, `weenieClassId`, `landblock`, `cell`, `posX`, `posY`, `posZ`, `qW`, `qX`, `qY`, `qZ`)
VALUES (1880289286, 42840, 303, 294, 30, -63.132, 5.937, 0, 0, 0, -1);

INSERT INTO `base_ace_object` (`baseAceObjectId`, `name`, `typeId`, `paletteId`, `ammoType`, `blipColor`, `bitField`, `burden`, `combatUse`, `cooldownDuration`, `cooldownId`, `effects`, `containersCapacity`, `header`, `hookTypeId`, `iconId`, `iconOverlayId`, `iconUnderlayId`, `hookItemTypes`, `itemsCapacity`, `location`, `materialType`, `maxStackSize`, `maxStructure`, `radar`, `pscript`, `spellId`, `stackSize`, `structure`, `targetTypeId`, `usability`, `useRadius`, `validLocations`, `value`, `workmanship`, `animationFrameId`, `defaultScript`, `defaultScriptIntensity`, `elasticity`, `friction`, `locationId`, `modelTableId`, `objectScale`, `physicsBitField`, `physicsTableId`, `motionTableId`, `soundTableId`, `physicsState`, `translucency`)
VALUES (1894985730, 'Blighted Grimy Moarsman Tunnels', 65536, 0, 0, 0, 262164, 0, 0, 0, 0, 0, 0, 8388656, 0, 100667499, 0, 0, 0, 0, 0, 0, 0, 0, 4, 0, 0, 0, 0, 0, 32, -0.1, 0, 0, 0, 0, 0, 0, 0, 0, 0, 33555925, 0, 98307, 0, 150994947, 0, 3084, 0);

INSERT INTO `ace_object` (`baseAceObjectId`, `weenieClassId`, `landblock`, `cell`, `posX`, `posY`, `posZ`, `qW`, `qX`, `qY`, `qZ`)
VALUES (1894985730, 38152, 3891, 19, 70.0122, 59.9945, -0.163, -0.7071068, 0, 0, -0.7071068);

INSERT INTO `base_ace_object` (`baseAceObjectId`, `name`, `typeId`, `paletteId`, `ammoType`, `blipColor`, `bitField`, `burden`, `combatUse`, `cooldownDuration`, `cooldownId`, `effects`, `containersCapacity`, `header`, `hookTypeId`, `iconId`, `iconOverlayId`, `iconUnderlayId`, `hookItemTypes`, `itemsCapacity`, `location`, `materialType`, `maxStackSize`, `maxStructure`, `radar`, `pscript`, `spellId`, `stackSize`, `structure`, `targetTypeId`, `usability`, `useRadius`, `validLocations`, `value`, `workmanship`, `animationFrameId`, `defaultScript`, `defaultScriptIntensity`, `elasticity`, `friction`, `locationId`, `modelTableId`, `objectScale`, `physicsBitField`, `physicsTableId`, `motionTableId`, `soundTableId`, `physicsState`, `translucency`)
VALUES (1902333952, 'Panopticon Portal', 65536, 0, 0, 0, 262164, 0, 0, 0, 0, 0, 0, 8388656, 0, 100667499, 0, 0, 0, 0, 0, 0, 0, 0, 4, 0, 0, 0, 0, 0, 32, -0.1, 0, 0, 0, 0, 0, 0, 0, 0, 0, 33555926, 0, 98307, 0, 150994947, 0, 3084, 0);

INSERT INTO `ace_object` (`baseAceObjectId`, `weenieClassId`, `landblock`, `cell`, `posX`, `posY`, `posZ`, `qW`, `qX`, `qY`, `qZ`)
VALUES (1902333952, 9296, 5685, 29, 78.4765, 96.9502, 65.39729, 0.9965439, 0, 0, -0.08306789);

INSERT INTO `base_ace_object` (`baseAceObjectId`, `name`, `typeId`, `paletteId`, `ammoType`, `blipColor`, `bitField`, `burden`, `combatUse`, `cooldownDuration`, `cooldownId`, `effects`, `containersCapacity`, `header`, `hookTypeId`, `iconId`, `iconOverlayId`, `iconUnderlayId`, `hookItemTypes`, `itemsCapacity`, `location`, `materialType`, `maxStackSize`, `maxStructure`, `radar`, `pscript`, `spellId`, `stackSize`, `structure`, `targetTypeId`, `usability`, `useRadius`, `validLocations`, `value`, `workmanship`, `animationFrameId`, `defaultScript`, `defaultScriptIntensity`, `elasticity`, `friction`, `locationId`, `modelTableId`, `objectScale`, `physicsBitField`, `physicsTableId`, `motionTableId`, `soundTableId`, `physicsState`, `translucency`)
VALUES (2022719657, 'Empyrean Facility Lower Level', 65536, 0, 0, 0, 262164, 0, 0, 0, 0, 0, 0, 8388656, 0, 100667499, 0, 0, 0, 0, 0, 0, 0, 0, 4, 0, 0, 0, 0, 0, 32, -0.1, 0, 0, 0, 0, 0, 0, 0, 0, 0, 33555925, 0, 98307, 0, 150994947, 0, 3084, 0);

INSERT INTO `ace_object` (`baseAceObjectId`, `weenieClassId`, `landblock`, `cell`, `posX`, `posY`, `posZ`, `qW`, `qX`, `qY`, `qZ`)
VALUES (2022719657, 42712, 35076, 588, 50, -43.143, 11.937, 1, 0, 0, 0);

INSERT INTO `base_ace_object` (`baseAceObjectId`, `name`, `typeId`, `paletteId`, `ammoType`, `blipColor`, `bitField`, `burden`, `combatUse`, `cooldownDuration`, `cooldownId`, `effects`, `containersCapacity`, `header`, `hookTypeId`, `iconId`, `iconOverlayId`, `iconUnderlayId`, `hookItemTypes`, `itemsCapacity`, `location`, `materialType`, `maxStackSize`, `maxStructure`, `radar`, `pscript`, `spellId`, `stackSize`, `structure`, `targetTypeId`, `usability`, `useRadius`, `validLocations`, `value`, `workmanship`, `animationFrameId`, `defaultScript`, `defaultScriptIntensity`, `elasticity`, `friction`, `locationId`, `modelTableId`, `objectScale`, `physicsBitField`, `physicsTableId`, `motionTableId`, `soundTableId`, `physicsState`, `translucency`)
VALUES (2022719698, 'Empyrean Facility Middle Level', 65536, 0, 0, 0, 262164, 0, 0, 0, 0, 0, 0, 8388656, 0, 100667499, 0, 0, 0, 0, 0, 0, 0, 0, 4, 0, 0, 0, 0, 0, 32, -0.1, 0, 0, 0, 0, 0, 0, 0, 0, 0, 33555926, 0, 98307, 0, 150994947, 0, 3084, 0);

INSERT INTO `ace_object` (`baseAceObjectId`, `weenieClassId`, `landblock`, `cell`, `posX`, `posY`, `posZ`, `qW`, `qX`, `qY`, `qZ`)
VALUES (2022719698, 42713, 35076, 832, 50, -43.143, 23.937, 1, 0, 0, 0);

INSERT INTO `base_ace_object` (`baseAceObjectId`, `name`, `typeId`, `paletteId`, `ammoType`, `blipColor`, `bitField`, `burden`, `combatUse`, `cooldownDuration`, `cooldownId`, `effects`, `containersCapacity`, `header`, `hookTypeId`, `iconId`, `iconOverlayId`, `iconUnderlayId`, `hookItemTypes`, `itemsCapacity`, `location`, `materialType`, `maxStackSize`, `maxStructure`, `radar`, `pscript`, `spellId`, `stackSize`, `structure`, `targetTypeId`, `usability`, `useRadius`, `validLocations`, `value`, `workmanship`, `animationFrameId`, `defaultScript`, `defaultScriptIntensity`, `elasticity`, `friction`, `locationId`, `modelTableId`, `objectScale`, `physicsBitField`, `physicsTableId`, `motionTableId`, `soundTableId`, `physicsState`, `translucency`)
VALUES (2022719617, 'Surface', 65536, 0, 0, 0, 262164, 0, 0, 0, 0, 0, 0, 8388656, 0, 100667499, 0, 0, 0, 0, 0, 0, 0, 0, 4, 0, 0, 0, 0, 0, 32, -0.1, 0, 0, 0, 0, 0, 0, 0, 0, 0, 33554867, 0, 98307, 0, 150994947, 0, 3084, 0);

INSERT INTO `ace_object` (`baseAceObjectId`, `weenieClassId`, `landblock`, `cell`, `posX`, `posY`, `posZ`, `qW`, `qX`, `qY`, `qZ`)
VALUES (2022719617, 42714, 35076, 344, 50, -43.143, -0.06299996, 1, 0, 0, 0);

INSERT INTO `base_ace_object` (`baseAceObjectId`, `name`, `typeId`, `paletteId`, `ammoType`, `blipColor`, `bitField`, `burden`, `combatUse`, `cooldownDuration`, `cooldownId`, `effects`, `containersCapacity`, `header`, `hookTypeId`, `iconId`, `iconOverlayId`, `iconUnderlayId`, `hookItemTypes`, `itemsCapacity`, `location`, `materialType`, `maxStackSize`, `maxStructure`, `radar`, `pscript`, `spellId`, `stackSize`, `structure`, `targetTypeId`, `usability`, `useRadius`, `validLocations`, `value`, `workmanship`, `animationFrameId`, `defaultScript`, `defaultScriptIntensity`, `elasticity`, `friction`, `locationId`, `modelTableId`, `objectScale`, `physicsBitField`, `physicsTableId`, `motionTableId`, `soundTableId`, `physicsState`, `translucency`)
VALUES (2016485687, 'House Portal', 65536, 0, 0, 0, 262164, 0, 0, 0, 0, 0, 0, 41943088, 0, 100667499, 0, 0, 0, 0, 0, 0, 0, 0, 4, 0, 0, 0, 0, 0, 32, 0.75, 0, 0, 0, 0, 0, 0, 0, 0, 0, 33554867, 0, 98307, 0, 150994947, 0, 3076, 0);

INSERT INTO `ace_object` (`baseAceObjectId`, `weenieClassId`, `landblock`, `cell`, `posX`, `posY`, `posZ`, `qW`, `qX`, `qY`, `qZ`)
VALUES (2016485687, 11730, 33554, 280, 158.99, 61.6376, 345.137, 0.9998444, 0, 0, -0.01763981);

INSERT INTO `base_ace_object` (`baseAceObjectId`, `name`, `typeId`, `paletteId`, `ammoType`, `blipColor`, `bitField`, `burden`, `combatUse`, `cooldownDuration`, `cooldownId`, `effects`, `containersCapacity`, `header`, `hookTypeId`, `iconId`, `iconOverlayId`, `iconUnderlayId`, `hookItemTypes`, `itemsCapacity`, `location`, `materialType`, `maxStackSize`, `maxStructure`, `radar`, `pscript`, `spellId`, `stackSize`, `structure`, `targetTypeId`, `usability`, `useRadius`, `validLocations`, `value`, `workmanship`, `animationFrameId`, `defaultScript`, `defaultScriptIntensity`, `elasticity`, `friction`, `locationId`, `modelTableId`, `objectScale`, `physicsBitField`, `physicsTableId`, `motionTableId`, `soundTableId`, `physicsState`, `translucency`)
VALUES (2016485685, 'House Portal', 65536, 0, 0, 0, 262164, 0, 0, 0, 0, 0, 0, 41943088, 0, 100667499, 0, 0, 0, 0, 0, 0, 0, 0, 4, 0, 0, 0, 0, 0, 32, 0.75, 0, 0, 0, 0, 0, 0, 0, 0, 0, 33554867, 0, 98307, 0, 150994947, 0, 3076, 0);

INSERT INTO `ace_object` (`baseAceObjectId`, `weenieClassId`, `landblock`, `cell`, `posX`, `posY`, `posZ`, `qW`, `qX`, `qY`, `qZ`)
VALUES (2016485685, 11730, 33554, 311, 108.049, 117.86, 339.137, 0.9999384, 0, 0, -0.0110987);

INSERT INTO `base_ace_object` (`baseAceObjectId`, `name`, `typeId`, `paletteId`, `ammoType`, `blipColor`, `bitField`, `burden`, `combatUse`, `cooldownDuration`, `cooldownId`, `effects`, `containersCapacity`, `header`, `hookTypeId`, `iconId`, `iconOverlayId`, `iconUnderlayId`, `hookItemTypes`, `itemsCapacity`, `location`, `materialType`, `maxStackSize`, `maxStructure`, `radar`, `pscript`, `spellId`, `stackSize`, `structure`, `targetTypeId`, `usability`, `useRadius`, `validLocations`, `value`, `workmanship`, `animationFrameId`, `defaultScript`, `defaultScriptIntensity`, `elasticity`, `friction`, `locationId`, `modelTableId`, `objectScale`, `physicsBitField`, `physicsTableId`, `motionTableId`, `soundTableId`, `physicsState`, `translucency`)
VALUES (2016485681, 'House Portal', 65536, 0, 0, 0, 262164, 0, 0, 0, 0, 0, 0, 41943088, 0, 100667499, 0, 0, 0, 0, 0, 0, 0, 0, 4, 0, 0, 0, 0, 0, 32, 0.75, 0, 0, 0, 0, 0, 0, 0, 0, 0, 33554867, 0, 98307, 0, 150994947, 0, 3076, 0);

INSERT INTO `ace_object` (`baseAceObjectId`, `weenieClassId`, `landblock`, `cell`, `posX`, `posY`, `posZ`, `qW`, `qX`, `qY`, `qZ`)
VALUES (2016485681, 11730, 33554, 339, 38.4692, 154.056, 327.137, 0.6921703, 0, 0, -0.7217342);

INSERT INTO `base_ace_object` (`baseAceObjectId`, `name`, `typeId`, `paletteId`, `ammoType`, `blipColor`, `bitField`, `burden`, `combatUse`, `cooldownDuration`, `cooldownId`, `effects`, `containersCapacity`, `header`, `hookTypeId`, `iconId`, `iconOverlayId`, `iconUnderlayId`, `hookItemTypes`, `itemsCapacity`, `location`, `materialType`, `maxStackSize`, `maxStructure`, `radar`, `pscript`, `spellId`, `stackSize`, `structure`, `targetTypeId`, `usability`, `useRadius`, `validLocations`, `value`, `workmanship`, `animationFrameId`, `defaultScript`, `defaultScriptIntensity`, `elasticity`, `friction`, `locationId`, `modelTableId`, `objectScale`, `physicsBitField`, `physicsTableId`, `motionTableId`, `soundTableId`, `physicsState`, `translucency`)
VALUES (2016485683, 'House Portal', 65536, 0, 0, 0, 262164, 0, 0, 0, 0, 0, 0, 41943088, 0, 100667499, 0, 0, 0, 0, 0, 0, 0, 0, 4, 0, 0, 0, 0, 0, 32, 0.75, 0, 0, 0, 0, 0, 0, 0, 0, 0, 33554867, 0, 98307, 0, 150994947, 0, 3076, 0);

INSERT INTO `ace_object` (`baseAceObjectId`, `weenieClassId`, `landblock`, `cell`, `posX`, `posY`, `posZ`, `qW`, `qX`, `qY`, `qZ`)
VALUES (2016485683, 11730, 33554, 370, 36.711, 50.1536, 305.137, 0.0320878, 0, 0, 0.9994851);

INSERT INTO `base_ace_object` (`baseAceObjectId`, `name`, `typeId`, `paletteId`, `ammoType`, `blipColor`, `bitField`, `burden`, `combatUse`, `cooldownDuration`, `cooldownId`, `effects`, `containersCapacity`, `header`, `hookTypeId`, `iconId`, `iconOverlayId`, `iconUnderlayId`, `hookItemTypes`, `itemsCapacity`, `location`, `materialType`, `maxStackSize`, `maxStructure`, `radar`, `pscript`, `spellId`, `stackSize`, `structure`, `targetTypeId`, `usability`, `useRadius`, `validLocations`, `value`, `workmanship`, `animationFrameId`, `defaultScript`, `defaultScriptIntensity`, `elasticity`, `friction`, `locationId`, `modelTableId`, `objectScale`, `physicsBitField`, `physicsTableId`, `motionTableId`, `soundTableId`, `physicsState`, `translucency`)
VALUES (1882124355, 'Surface Portal', 65536, 0, 0, 0, 262164, 0, 0, 0, 0, 0, 0, 8388656, 0, 100667499, 0, 0, 0, 0, 0, 0, 0, 0, 4, 0, 0, 0, 0, 0, 32, -0.1, 0, 0, 0, 0, 0, 0, 0, 0, 0, 33554867, 0, 98307, 0, 150994947, 0, 3084, 0);

INSERT INTO `ace_object` (`baseAceObjectId`, `weenieClassId`, `landblock`, `cell`, `posX`, `posY`, `posZ`, `qW`, `qX`, `qY`, `qZ`)
VALUES (1882124355, 7342, 751, 625, 210, -160, -6.063, 1, 0, 0, 0);

INSERT INTO `base_ace_object` (`baseAceObjectId`, `name`, `typeId`, `paletteId`, `ammoType`, `blipColor`, `bitField`, `burden`, `combatUse`, `cooldownDuration`, `cooldownId`, `effects`, `containersCapacity`, `header`, `hookTypeId`, `iconId`, `iconOverlayId`, `iconUnderlayId`, `hookItemTypes`, `itemsCapacity`, `location`, `materialType`, `maxStackSize`, `maxStructure`, `radar`, `pscript`, `spellId`, `stackSize`, `structure`, `targetTypeId`, `usability`, `useRadius`, `validLocations`, `value`, `workmanship`, `animationFrameId`, `defaultScript`, `defaultScriptIntensity`, `elasticity`, `friction`, `locationId`, `modelTableId`, `objectScale`, `physicsBitField`, `physicsTableId`, `motionTableId`, `soundTableId`, `physicsState`, `translucency`)
VALUES (1882124344, 'Surface Portal', 65536, 0, 0, 0, 262164, 0, 0, 0, 0, 0, 0, 8388656, 0, 100667499, 0, 0, 0, 0, 0, 0, 0, 0, 4, 0, 0, 0, 0, 0, 32, -0.1, 0, 0, 0, 0, 0, 0, 0, 0, 0, 33554867, 0, 98307, 0, 150994947, 0, 3084, 0);

INSERT INTO `ace_object` (`baseAceObjectId`, `weenieClassId`, `landblock`, `cell`, `posX`, `posY`, `posZ`, `qW`, `qX`, `qY`, `qZ`)
VALUES (1882124344, 7342, 751, 583, 160.085, -162.201, -6.063, 0.9999939, 0, 0, -0.00349381);

INSERT INTO `base_ace_object` (`baseAceObjectId`, `name`, `typeId`, `paletteId`, `ammoType`, `blipColor`, `bitField`, `burden`, `combatUse`, `cooldownDuration`, `cooldownId`, `effects`, `containersCapacity`, `header`, `hookTypeId`, `iconId`, `iconOverlayId`, `iconUnderlayId`, `hookItemTypes`, `itemsCapacity`, `location`, `materialType`, `maxStackSize`, `maxStructure`, `radar`, `pscript`, `spellId`, `stackSize`, `structure`, `targetTypeId`, `usability`, `useRadius`, `validLocations`, `value`, `workmanship`, `animationFrameId`, `defaultScript`, `defaultScriptIntensity`, `elasticity`, `friction`, `locationId`, `modelTableId`, `objectScale`, `physicsBitField`, `physicsTableId`, `motionTableId`, `soundTableId`, `physicsState`, `translucency`)
VALUES (1882124315, 'Surface Portal', 65536, 0, 0, 0, 262164, 0, 0, 0, 0, 0, 0, 8388656, 0, 100667499, 0, 0, 0, 0, 0, 0, 0, 0, 4, 0, 0, 0, 0, 0, 32, -0.1, 0, 0, 0, 0, 0, 0, 0, 0, 0, 33554867, 0, 98307, 0, 150994947, 0, 3084, 0);

INSERT INTO `ace_object` (`baseAceObjectId`, `weenieClassId`, `landblock`, `cell`, `posX`, `posY`, `posZ`, `qW`, `qX`, `qY`, `qZ`)
VALUES (1882124315, 7342, 751, 425, 160.316, -120.451, -12.063, 0.9998888, 0, 0, -0.0149094);

INSERT INTO `base_ace_object` (`baseAceObjectId`, `name`, `typeId`, `paletteId`, `ammoType`, `blipColor`, `bitField`, `burden`, `combatUse`, `cooldownDuration`, `cooldownId`, `effects`, `containersCapacity`, `header`, `hookTypeId`, `iconId`, `iconOverlayId`, `iconUnderlayId`, `hookItemTypes`, `itemsCapacity`, `location`, `materialType`, `maxStackSize`, `maxStructure`, `radar`, `pscript`, `spellId`, `stackSize`, `structure`, `targetTypeId`, `usability`, `useRadius`, `validLocations`, `value`, `workmanship`, `animationFrameId`, `defaultScript`, `defaultScriptIntensity`, `elasticity`, `friction`, `locationId`, `modelTableId`, `objectScale`, `physicsBitField`, `physicsTableId`, `motionTableId`, `soundTableId`, `physicsState`, `translucency`)
VALUES (1882124347, 'Surface Portal', 65536, 0, 0, 0, 262164, 0, 0, 0, 0, 0, 0, 8388656, 0, 100667499, 0, 0, 0, 0, 0, 0, 0, 0, 4, 0, 0, 0, 0, 0, 32, -0.1, 0, 0, 0, 0, 0, 0, 0, 0, 0, 33554867, 0, 98307, 0, 150994947, 0, 3084, 0);

INSERT INTO `ace_object` (`baseAceObjectId`, `weenieClassId`, `landblock`, `cell`, `posX`, `posY`, `posZ`, `qW`, `qX`, `qY`, `qZ`)
VALUES (1882124347, 7342, 751, 605, 190, -110, -6.063, 0.714421, 0, 0, 0.699716);

INSERT INTO `base_ace_object` (`baseAceObjectId`, `name`, `typeId`, `paletteId`, `ammoType`, `blipColor`, `bitField`, `burden`, `combatUse`, `cooldownDuration`, `cooldownId`, `effects`, `containersCapacity`, `header`, `hookTypeId`, `iconId`, `iconOverlayId`, `iconUnderlayId`, `hookItemTypes`, `itemsCapacity`, `location`, `materialType`, `maxStackSize`, `maxStructure`, `radar`, `pscript`, `spellId`, `stackSize`, `structure`, `targetTypeId`, `usability`, `useRadius`, `validLocations`, `value`, `workmanship`, `animationFrameId`, `defaultScript`, `defaultScriptIntensity`, `elasticity`, `friction`, `locationId`, `modelTableId`, `objectScale`, `physicsBitField`, `physicsTableId`, `motionTableId`, `soundTableId`, `physicsState`, `translucency`)
VALUES (1882124290, 'Surface Portal', 65536, 0, 0, 0, 262164, 0, 0, 0, 0, 0, 0, 8388656, 0, 100667499, 0, 0, 0, 0, 0, 0, 0, 0, 4, 0, 0, 0, 0, 0, 32, -0.1, 0, 0, 0, 0, 0, 0, 0, 0, 0, 33554867, 0, 98307, 0, 150994947, 0, 3084, 0);

INSERT INTO `ace_object` (`baseAceObjectId`, `weenieClassId`, `landblock`, `cell`, `posX`, `posY`, `posZ`, `qW`, `qX`, `qY`, `qZ`)
VALUES (1882124290, 7342, 751, 264, 70, -90, -24.063, 1, 0, 0, -4.37114E-08);

INSERT INTO `base_ace_object` (`baseAceObjectId`, `name`, `typeId`, `paletteId`, `ammoType`, `blipColor`, `bitField`, `burden`, `combatUse`, `cooldownDuration`, `cooldownId`, `effects`, `containersCapacity`, `header`, `hookTypeId`, `iconId`, `iconOverlayId`, `iconUnderlayId`, `hookItemTypes`, `itemsCapacity`, `location`, `materialType`, `maxStackSize`, `maxStructure`, `radar`, `pscript`, `spellId`, `stackSize`, `structure`, `targetTypeId`, `usability`, `useRadius`, `validLocations`, `value`, `workmanship`, `animationFrameId`, `defaultScript`, `defaultScriptIntensity`, `elasticity`, `friction`, `locationId`, `modelTableId`, `objectScale`, `physicsBitField`, `physicsTableId`, `motionTableId`, `soundTableId`, `physicsState`, `translucency`)
VALUES (1882124365, 'Surface Portal', 65536, 0, 0, 0, 262164, 0, 0, 0, 0, 0, 0, 8388656, 0, 100667499, 0, 0, 0, 0, 0, 0, 0, 0, 4, 0, 0, 0, 0, 0, 32, -0.1, 0, 0, 0, 0, 0, 0, 0, 0, 0, 33554867, 0, 98307, 0, 150994947, 0, 3084, 0);

INSERT INTO `ace_object` (`baseAceObjectId`, `weenieClassId`, `landblock`, `cell`, `posX`, `posY`, `posZ`, `qW`, `qX`, `qY`, `qZ`)
VALUES (1882124365, 7342, 751, 691, 80, -40, -0.06299996, 0.6967069, 0, 0, 0.7173559);

INSERT INTO `base_ace_object` (`baseAceObjectId`, `name`, `typeId`, `paletteId`, `ammoType`, `blipColor`, `bitField`, `burden`, `combatUse`, `cooldownDuration`, `cooldownId`, `effects`, `containersCapacity`, `header`, `hookTypeId`, `iconId`, `iconOverlayId`, `iconUnderlayId`, `hookItemTypes`, `itemsCapacity`, `location`, `materialType`, `maxStackSize`, `maxStructure`, `radar`, `pscript`, `spellId`, `stackSize`, `structure`, `targetTypeId`, `usability`, `useRadius`, `validLocations`, `value`, `workmanship`, `animationFrameId`, `defaultScript`, `defaultScriptIntensity`, `elasticity`, `friction`, `locationId`, `modelTableId`, `objectScale`, `physicsBitField`, `physicsTableId`, `motionTableId`, `soundTableId`, `physicsState`, `translucency`)
VALUES (1882124362, 'Surface Portal', 65536, 0, 0, 0, 262164, 0, 0, 0, 0, 0, 0, 8388656, 0, 100667499, 0, 0, 0, 0, 0, 0, 0, 0, 4, 0, 0, 0, 0, 0, 32, -0.1, 0, 0, 0, 0, 0, 0, 0, 0, 0, 33554867, 0, 98307, 0, 150994947, 0, 3084, 0);

INSERT INTO `ace_object` (`baseAceObjectId`, `weenieClassId`, `landblock`, `cell`, `posX`, `posY`, `posZ`, `qW`, `qX`, `qY`, `qZ`)
VALUES (1882124362, 7342, 751, 647, 0.161353, -79.1915, -0.06299996, -0.00420373, 0, 0, 0.9999912);

INSERT INTO `base_ace_object` (`baseAceObjectId`, `name`, `typeId`, `paletteId`, `ammoType`, `blipColor`, `bitField`, `burden`, `combatUse`, `cooldownDuration`, `cooldownId`, `effects`, `containersCapacity`, `header`, `hookTypeId`, `iconId`, `iconOverlayId`, `iconUnderlayId`, `hookItemTypes`, `itemsCapacity`, `location`, `materialType`, `maxStackSize`, `maxStructure`, `radar`, `pscript`, `spellId`, `stackSize`, `structure`, `targetTypeId`, `usability`, `useRadius`, `validLocations`, `value`, `workmanship`, `animationFrameId`, `defaultScript`, `defaultScriptIntensity`, `elasticity`, `friction`, `locationId`, `modelTableId`, `objectScale`, `physicsBitField`, `physicsTableId`, `motionTableId`, `soundTableId`, `physicsState`, `translucency`)
VALUES (1967484958, 'Portal to Fort Tethana', 65536, 0, 0, 0, 262164, 0, 0, 0, 0, 0, 0, 8388656, 0, 100667499, 0, 0, 0, 0, 0, 0, 0, 0, 4, 0, 0, 0, 0, 0, 32, -0.1, 0, 0, 0, 0, 0, 0, 0, 0, 0, 33554867, 0, 98307, 0, 150994947, 0, 3084, 0);

INSERT INTO `ace_object` (`baseAceObjectId`, `weenieClassId`, `landblock`, `cell`, `posX`, `posY`, `posZ`, `qW`, `qX`, `qY`, `qZ`)
VALUES (1967484958, 19131, 21591, 455, 156.356, -109.867, -0.06299996, 0.714421, 0, 0, -0.699716);

INSERT INTO `base_ace_object` (`baseAceObjectId`, `name`, `typeId`, `paletteId`, `ammoType`, `blipColor`, `bitField`, `burden`, `combatUse`, `cooldownDuration`, `cooldownId`, `effects`, `containersCapacity`, `header`, `hookTypeId`, `iconId`, `iconOverlayId`, `iconUnderlayId`, `hookItemTypes`, `itemsCapacity`, `location`, `materialType`, `maxStackSize`, `maxStructure`, `radar`, `pscript`, `spellId`, `stackSize`, `structure`, `targetTypeId`, `usability`, `useRadius`, `validLocations`, `value`, `workmanship`, `animationFrameId`, `defaultScript`, `defaultScriptIntensity`, `elasticity`, `friction`, `locationId`, `modelTableId`, `objectScale`, `physicsBitField`, `physicsTableId`, `motionTableId`, `soundTableId`, `physicsState`, `translucency`)
VALUES (1967484981, 'Portal to Fort Tethana', 65536, 0, 0, 0, 262164, 0, 0, 0, 0, 0, 0, 8388656, 0, 100667499, 0, 0, 0, 0, 0, 0, 0, 0, 4, 0, 0, 0, 0, 0, 32, -0.1, 0, 0, 0, 0, 0, 0, 0, 0, 0, 33554867, 0, 98307, 0, 150994947, 0, 3084, 0);

INSERT INTO `ace_object` (`baseAceObjectId`, `weenieClassId`, `landblock`, `cell`, `posX`, `posY`, `posZ`, `qW`, `qX`, `qY`, `qZ`)
VALUES (1967484981, 19131, 21591, 779, 129.893, -74.75, 17.937, 1, 0, 0, 0);

INSERT INTO `base_ace_object` (`baseAceObjectId`, `name`, `typeId`, `paletteId`, `ammoType`, `blipColor`, `bitField`, `burden`, `combatUse`, `cooldownDuration`, `cooldownId`, `effects`, `containersCapacity`, `header`, `hookTypeId`, `iconId`, `iconOverlayId`, `iconUnderlayId`, `hookItemTypes`, `itemsCapacity`, `location`, `materialType`, `maxStackSize`, `maxStructure`, `radar`, `pscript`, `spellId`, `stackSize`, `structure`, `targetTypeId`, `usability`, `useRadius`, `validLocations`, `value`, `workmanship`, `animationFrameId`, `defaultScript`, `defaultScriptIntensity`, `elasticity`, `friction`, `locationId`, `modelTableId`, `objectScale`, `physicsBitField`, `physicsTableId`, `motionTableId`, `soundTableId`, `physicsState`, `translucency`)
VALUES (3704958150, 'Portal to Hebian-To', 65536, 0, 0, 0, 262164, 0, 0, 0, 0, 0, 0, 8388656, 0, 100667499, 0, 0, 0, 0, 0, 0, 0, 0, 4, 0, 0, 0, 0, 0, 32, -0.1, 0, 0, 0, 0, 0, 0, 0, 0, 0, 33554867, 0, 98307, 0, 150994947, 0, 3084, 0);

INSERT INTO `ace_object` (`baseAceObjectId`, `weenieClassId`, `landblock`, `cell`, `posX`, `posY`, `posZ`, `qW`, `qX`, `qY`, `qZ`)
VALUES (3704958150, 42846, 9601, 63, 185.062, 156.9395, 228.5871, 1, 0, 0, 0);

INSERT INTO `base_ace_object` (`baseAceObjectId`, `name`, `typeId`, `paletteId`, `ammoType`, `blipColor`, `bitField`, `burden`, `combatUse`, `cooldownDuration`, `cooldownId`, `effects`, `containersCapacity`, `header`, `hookTypeId`, `iconId`, `iconOverlayId`, `iconUnderlayId`, `hookItemTypes`, `itemsCapacity`, `location`, `materialType`, `maxStackSize`, `maxStructure`, `radar`, `pscript`, `spellId`, `stackSize`, `structure`, `targetTypeId`, `usability`, `useRadius`, `validLocations`, `value`, `workmanship`, `animationFrameId`, `defaultScript`, `defaultScriptIntensity`, `elasticity`, `friction`, `locationId`, `modelTableId`, `objectScale`, `physicsBitField`, `physicsTableId`, `motionTableId`, `soundTableId`, `physicsState`, `translucency`)
VALUES (1879732411, 'Surface', 65536, 0, 0, 0, 262164, 0, 0, 0, 0, 0, 0, 8388656, 0, 100667499, 0, 0, 0, 0, 0, 0, 0, 0, 4, 0, 0, 0, 0, 0, 32, -0.1, 0, 0, 0, 0, 0, 0, 0, 0, 0, 33554867, 0, 98307, 0, 150994947, 0, 3084, 0);

INSERT INTO `ace_object` (`baseAceObjectId`, `weenieClassId`, `landblock`, `cell`, `posX`, `posY`, `posZ`, `qW`, `qX`, `qY`, `qZ`)
VALUES (1879732411, 36935, 167, 687, 289.928, -60, 72.11933, 0.7071068, 0, 0, -0.7071068);

INSERT INTO `base_ace_object` (`baseAceObjectId`, `name`, `typeId`, `paletteId`, `ammoType`, `blipColor`, `bitField`, `burden`, `combatUse`, `cooldownDuration`, `cooldownId`, `effects`, `containersCapacity`, `header`, `hookTypeId`, `iconId`, `iconOverlayId`, `iconUnderlayId`, `hookItemTypes`, `itemsCapacity`, `location`, `materialType`, `maxStackSize`, `maxStructure`, `radar`, `pscript`, `spellId`, `stackSize`, `structure`, `targetTypeId`, `usability`, `useRadius`, `validLocations`, `value`, `workmanship`, `animationFrameId`, `defaultScript`, `defaultScriptIntensity`, `elasticity`, `friction`, `locationId`, `modelTableId`, `objectScale`, `physicsBitField`, `physicsTableId`, `motionTableId`, `soundTableId`, `physicsState`, `translucency`)
VALUES (1879732226, 'Surface Portal', 65536, 0, 0, 0, 262164, 0, 0, 0, 0, 0, 0, 8388656, 0, 100667499, 0, 0, 0, 0, 0, 0, 0, 0, 4, 0, 0, 0, 0, 0, 32, -0.1, 0, 0, 0, 0, 0, 0, 0, 0, 0, 33556733, 0, 98307, 0, 150994947, 0, 3084, 0);

INSERT INTO `ace_object` (`baseAceObjectId`, `weenieClassId`, `landblock`, `cell`, `posX`, `posY`, `posZ`, `qW`, `qX`, `qY`, `qZ`)
VALUES (1879732226, 8851, 167, 260, 140, -39.426, -6.063, 1, 0, 0, 0);

INSERT INTO `base_ace_object` (`baseAceObjectId`, `name`, `typeId`, `paletteId`, `ammoType`, `blipColor`, `bitField`, `burden`, `combatUse`, `cooldownDuration`, `cooldownId`, `effects`, `containersCapacity`, `header`, `hookTypeId`, `iconId`, `iconOverlayId`, `iconUnderlayId`, `hookItemTypes`, `itemsCapacity`, `location`, `materialType`, `maxStackSize`, `maxStructure`, `radar`, `pscript`, `spellId`, `stackSize`, `structure`, `targetTypeId`, `usability`, `useRadius`, `validLocations`, `value`, `workmanship`, `animationFrameId`, `defaultScript`, `defaultScriptIntensity`, `elasticity`, `friction`, `locationId`, `modelTableId`, `objectScale`, `physicsBitField`, `physicsTableId`, `motionTableId`, `soundTableId`, `physicsState`, `translucency`)
VALUES (3704964329, 'Uziz Portal', 65536, 0, 0, 0, 262164, 0, 0, 0, 0, 0, 0, 8388656, 0, 100667499, 0, 0, 0, 0, 0, 0, 0, 0, 4, 0, 0, 0, 0, 0, 32, -0.1, 0, 0, 0, 0, 0, 0, 0, 0, 0, 33554867, 0, 98307, 0, 150994947, 0, 3084, 0);

INSERT INTO `ace_object` (`baseAceObjectId`, `weenieClassId`, `landblock`, `cell`, `posX`, `posY`, `posZ`, `qW`, `qX`, `qY`, `qZ`)
VALUES (3704964329, 42821, 9857, 45, 141.178, 101.8298, 232.3661, 1, 0, 0, 0);

INSERT INTO `base_ace_object` (`baseAceObjectId`, `name`, `typeId`, `paletteId`, `ammoType`, `blipColor`, `bitField`, `burden`, `combatUse`, `cooldownDuration`, `cooldownId`, `effects`, `containersCapacity`, `header`, `hookTypeId`, `iconId`, `iconOverlayId`, `iconUnderlayId`, `hookItemTypes`, `itemsCapacity`, `location`, `materialType`, `maxStackSize`, `maxStructure`, `radar`, `pscript`, `spellId`, `stackSize`, `structure`, `targetTypeId`, `usability`, `useRadius`, `validLocations`, `value`, `workmanship`, `animationFrameId`, `defaultScript`, `defaultScriptIntensity`, `elasticity`, `friction`, `locationId`, `modelTableId`, `objectScale`, `physicsBitField`, `physicsTableId`, `motionTableId`, `soundTableId`, `physicsState`, `translucency`)
VALUES (1924014080, 'Beacon Tower Exit', 65536, 0, 0, 0, 262164, 0, 0, 0, 0, 0, 0, 8388656, 0, 100667499, 0, 0, 0, 0, 0, 0, 0, 0, 4, 0, 0, 0, 0, 0, 32, -0.1, 0, 0, 0, 0, 0, 0, 0, 0, 0, 33554867, 0, 98307, 0, 150994947, 0, 3084, 0);

INSERT INTO `ace_object` (`baseAceObjectId`, `weenieClassId`, `landblock`, `cell`, `posX`, `posY`, `posZ`, `qW`, `qX`, `qY`, `qZ`)
VALUES (1924014080, 30535, 10978, 28, 74.6918, 84.0827, 23.01246, -0.7071068, 0, 0, -0.7071068);

INSERT INTO `base_ace_object` (`baseAceObjectId`, `name`, `typeId`, `paletteId`, `ammoType`, `blipColor`, `bitField`, `burden`, `combatUse`, `cooldownDuration`, `cooldownId`, `effects`, `containersCapacity`, `header`, `hookTypeId`, `iconId`, `iconOverlayId`, `iconUnderlayId`, `hookItemTypes`, `itemsCapacity`, `location`, `materialType`, `maxStackSize`, `maxStructure`, `radar`, `pscript`, `spellId`, `stackSize`, `structure`, `targetTypeId`, `usability`, `useRadius`, `validLocations`, `value`, `workmanship`, `animationFrameId`, `defaultScript`, `defaultScriptIntensity`, `elasticity`, `friction`, `locationId`, `modelTableId`, `objectScale`, `physicsBitField`, `physicsTableId`, `motionTableId`, `soundTableId`, `physicsState`, `translucency`)
VALUES (1879052292, 'Surface', 65536, 0, 0, 0, 262164, 0, 0, 0, 0, 0, 0, 8388656, 0, 100667499, 0, 0, 0, 0, 0, 0, 0, 0, 4, 0, 0, 0, 0, 0, 32, -0.1, 0, 0, 0, 0, 0, 0, 0, 0, 0, 33554867, 0, 98307, 0, 150994947, 0, 3084, 0);

INSERT INTO `ace_object` (`baseAceObjectId`, `weenieClassId`, `landblock`, `cell`, `posX`, `posY`, `posZ`, `qW`, `qX`, `qY`, `qZ`)
VALUES (1879052292, 28783, 1, 283, 49.921, -168.006, -90.063, 0.999999, 0, 0, -0.00142);

INSERT INTO `base_ace_object` (`baseAceObjectId`, `name`, `typeId`, `paletteId`, `ammoType`, `blipColor`, `bitField`, `burden`, `combatUse`, `cooldownDuration`, `cooldownId`, `effects`, `containersCapacity`, `header`, `hookTypeId`, `iconId`, `iconOverlayId`, `iconUnderlayId`, `hookItemTypes`, `itemsCapacity`, `location`, `materialType`, `maxStackSize`, `maxStructure`, `radar`, `pscript`, `spellId`, `stackSize`, `structure`, `targetTypeId`, `usability`, `useRadius`, `validLocations`, `value`, `workmanship`, `animationFrameId`, `defaultScript`, `defaultScriptIntensity`, `elasticity`, `friction`, `locationId`, `modelTableId`, `objectScale`, `physicsBitField`, `physicsTableId`, `motionTableId`, `soundTableId`, `physicsState`, `translucency`)
VALUES (1936642048, 'Cannibal Caverns', 65536, 0, 0, 0, 262164, 0, 0, 0, 0, 0, 0, 8388656, 0, 100667499, 0, 0, 0, 0, 0, 0, 0, 0, 4, 0, 0, 0, 0, 0, 32, -0.1, 0, 0, 0, 0, 0, 0, 0, 0, 0, 33555925, 0, 98307, 0, 150994947, 0, 3084, 0);

INSERT INTO `ace_object` (`baseAceObjectId`, `weenieClassId`, `landblock`, `cell`, `posX`, `posY`, `posZ`, `qW`, `qX`, `qY`, `qZ`)
VALUES (1936642048, 29512, 14061, 257, 51, 84, 81.137, -0.711094, 0, 0, -0.703097);

INSERT INTO `base_ace_object` (`baseAceObjectId`, `name`, `typeId`, `paletteId`, `ammoType`, `blipColor`, `bitField`, `burden`, `combatUse`, `cooldownDuration`, `cooldownId`, `effects`, `containersCapacity`, `header`, `hookTypeId`, `iconId`, `iconOverlayId`, `iconUnderlayId`, `hookItemTypes`, `itemsCapacity`, `location`, `materialType`, `maxStackSize`, `maxStructure`, `radar`, `pscript`, `spellId`, `stackSize`, `structure`, `targetTypeId`, `usability`, `useRadius`, `validLocations`, `value`, `workmanship`, `animationFrameId`, `defaultScript`, `defaultScriptIntensity`, `elasticity`, `friction`, `locationId`, `modelTableId`, `objectScale`, `physicsBitField`, `physicsTableId`, `motionTableId`, `soundTableId`, `physicsState`, `translucency`)
VALUES (1880702982, 'Surface', 65536, 0, 0, 0, 262164, 0, 0, 0, 0, 0, 0, 8388656, 0, 100667499, 0, 0, 0, 0, 0, 0, 0, 0, 4, 0, 0, 0, 0, 0, 32, -0.1, 0, 0, 0, 0, 0, 0, 0, 0, 0, 33554867, 0, 98307, 0, 150994947, 0, 3084, 0);

INSERT INTO `ace_object` (`baseAceObjectId`, `weenieClassId`, `landblock`, `cell`, `posX`, `posY`, `posZ`, `qW`, `qX`, `qY`, `qZ`)
VALUES (1880702982, 28805, 404, 269, 19.9641, -137.965, -0.06299996, -0.00420404, 0, 0, -0.9999912);

INSERT INTO `base_ace_object` (`baseAceObjectId`, `name`, `typeId`, `paletteId`, `ammoType`, `blipColor`, `bitField`, `burden`, `combatUse`, `cooldownDuration`, `cooldownId`, `effects`, `containersCapacity`, `header`, `hookTypeId`, `iconId`, `iconOverlayId`, `iconUnderlayId`, `hookItemTypes`, `itemsCapacity`, `location`, `materialType`, `maxStackSize`, `maxStructure`, `radar`, `pscript`, `spellId`, `stackSize`, `structure`, `targetTypeId`, `usability`, `useRadius`, `validLocations`, `value`, `workmanship`, `animationFrameId`, `defaultScript`, `defaultScriptIntensity`, `elasticity`, `friction`, `locationId`, `modelTableId`, `objectScale`, `physicsBitField`, `physicsTableId`, `motionTableId`, `soundTableId`, `physicsState`, `translucency`)
VALUES (1946091520, 'Portal to Silyun', 65536, 0, 0, 0, 262164, 0, 0, 0, 0, 0, 0, 48, 0, 100667499, 0, 0, 0, 0, 0, 0, 0, 0, 0, 0, 0, 0, 0, 0, 32, -0.1, 0, 0, 0, 0, 0, 0, 0, 0, 0, 33554867, 0, 98307, 0, 150994947, 0, 3084, 0);

INSERT INTO `ace_object` (`baseAceObjectId`, `weenieClassId`, `landblock`, `cell`, `posX`, `posY`, `posZ`, `qW`, `qX`, `qY`, `qZ`)
VALUES (1946091520, 28708, 16368, 38, 102.577, 137.624, 13.937, -0.9669582, 0, 0, -0.2549351);

INSERT INTO `base_ace_object` (`baseAceObjectId`, `name`, `typeId`, `paletteId`, `ammoType`, `blipColor`, `bitField`, `burden`, `combatUse`, `cooldownDuration`, `cooldownId`, `effects`, `containersCapacity`, `header`, `hookTypeId`, `iconId`, `iconOverlayId`, `iconUnderlayId`, `hookItemTypes`, `itemsCapacity`, `location`, `materialType`, `maxStackSize`, `maxStructure`, `radar`, `pscript`, `spellId`, `stackSize`, `structure`, `targetTypeId`, `usability`, `useRadius`, `validLocations`, `value`, `workmanship`, `animationFrameId`, `defaultScript`, `defaultScriptIntensity`, `elasticity`, `friction`, `locationId`, `modelTableId`, `objectScale`, `physicsBitField`, `physicsTableId`, `motionTableId`, `soundTableId`, `physicsState`, `translucency`)
VALUES (1949249536, 'Ravenous Vault', 65536, 0, 0, 0, 262164, 0, 0, 0, 0, 0, 0, 8388656, 0, 100667499, 0, 0, 0, 0, 0, 0, 0, 0, 4, 0, 0, 0, 0, 0, 32, -0.1, 0, 0, 0, 0, 0, 0, 0, 0, 0, 33555925, 0, 98307, 0, 150994947, 0, 3084, 0);

INSERT INTO `ace_object` (`baseAceObjectId`, `weenieClassId`, `landblock`, `cell`, `posX`, `posY`, `posZ`, `qW`, `qX`, `qY`, `qZ`)
VALUES (1949249536, 28802, 17139, 20, 54.3933, 91.5131, 4.974142, -0.9999897, 0, 0, -0.004525599);

INSERT INTO `base_ace_object` (`baseAceObjectId`, `name`, `typeId`, `paletteId`, `ammoType`, `blipColor`, `bitField`, `burden`, `combatUse`, `cooldownDuration`, `cooldownId`, `effects`, `containersCapacity`, `header`, `hookTypeId`, `iconId`, `iconOverlayId`, `iconUnderlayId`, `hookItemTypes`, `itemsCapacity`, `location`, `materialType`, `maxStackSize`, `maxStructure`, `radar`, `pscript`, `spellId`, `stackSize`, `structure`, `targetTypeId`, `usability`, `useRadius`, `validLocations`, `value`, `workmanship`, `animationFrameId`, `defaultScript`, `defaultScriptIntensity`, `elasticity`, `friction`, `locationId`, `modelTableId`, `objectScale`, `physicsBitField`, `physicsTableId`, `motionTableId`, `soundTableId`, `physicsState`, `translucency`)
VALUES (1882837139, 'Surface', 65536, 0, 0, 0, 262164, 0, 0, 0, 0, 0, 0, 8388656, 0, 100667499, 0, 0, 0, 0, 0, 0, 0, 0, 4, 0, 0, 0, 0, 0, 32, -0.1, 0, 0, 0, 0, 0, 0, 0, 0, 0, 33554867, 0, 98307, 0, 150994947, 0, 3084, 0);

INSERT INTO `ace_object` (`baseAceObjectId`, `weenieClassId`, `landblock`, `cell`, `posX`, `posY`, `posZ`, `qW`, `qX`, `qY`, `qZ`)
VALUES (1882837139, 28803, 925, 674, 100, -30, 47.937, 1, 0, 0, 0);

INSERT INTO `base_ace_object` (`baseAceObjectId`, `name`, `typeId`, `paletteId`, `ammoType`, `blipColor`, `bitField`, `burden`, `combatUse`, `cooldownDuration`, `cooldownId`, `effects`, `containersCapacity`, `header`, `hookTypeId`, `iconId`, `iconOverlayId`, `iconUnderlayId`, `hookItemTypes`, `itemsCapacity`, `location`, `materialType`, `maxStackSize`, `maxStructure`, `radar`, `pscript`, `spellId`, `stackSize`, `structure`, `targetTypeId`, `usability`, `useRadius`, `validLocations`, `value`, `workmanship`, `animationFrameId`, `defaultScript`, `defaultScriptIntensity`, `elasticity`, `friction`, `locationId`, `modelTableId`, `objectScale`, `physicsBitField`, `physicsTableId`, `motionTableId`, `soundTableId`, `physicsState`, `translucency`)
VALUES (1882837003, 'Surface', 65536, 0, 0, 0, 262164, 0, 0, 0, 0, 0, 0, 8388656, 0, 100667499, 0, 0, 0, 0, 0, 0, 0, 0, 4, 0, 0, 0, 0, 0, 32, -0.1, 0, 0, 0, 0, 0, 0, 0, 0, 0, 33554867, 0, 98307, 0, 150994947, 0, 3084, 0);

INSERT INTO `ace_object` (`baseAceObjectId`, `weenieClassId`, `landblock`, `cell`, `posX`, `posY`, `posZ`, `qW`, `qX`, `qY`, `qZ`)
VALUES (1882837003, 28803, 925, 295, 22.1202, -79.9599, -30.063, -0.7211269, 0, 0, -0.692803);

INSERT INTO `base_ace_object` (`baseAceObjectId`, `name`, `typeId`, `paletteId`, `ammoType`, `blipColor`, `bitField`, `burden`, `combatUse`, `cooldownDuration`, `cooldownId`, `effects`, `containersCapacity`, `header`, `hookTypeId`, `iconId`, `iconOverlayId`, `iconUnderlayId`, `hookItemTypes`, `itemsCapacity`, `location`, `materialType`, `maxStackSize`, `maxStructure`, `radar`, `pscript`, `spellId`, `stackSize`, `structure`, `targetTypeId`, `usability`, `useRadius`, `validLocations`, `value`, `workmanship`, `animationFrameId`, `defaultScript`, `defaultScriptIntensity`, `elasticity`, `friction`, `locationId`, `modelTableId`, `objectScale`, `physicsBitField`, `physicsTableId`, `motionTableId`, `soundTableId`, `physicsState`, `translucency`)
VALUES (3705392157, 'The Colosseum', 65536, 0, 0, 0, 262164, 0, 0, 0, 0, 0, 0, 8388656, 0, 100677070, 0, 0, 0, 0, 0, 0, 0, 0, 4, 0, 0, 0, 0, 0, 32, 0.3, 0, 0, 0, 0, 0, 0, 0, 0, 0, 33560143, 0, 32769, 0, 0, 0, 66576, 0);

INSERT INTO `ace_object` (`baseAceObjectId`, `weenieClassId`, `landblock`, `cell`, `posX`, `posY`, `posZ`, `qW`, `qX`, `qY`, `qZ`)
VALUES (3705392157, 35003, 182, 271, 30, -306, -12, 1, 0, 0, 0);

INSERT INTO `base_ace_object` (`baseAceObjectId`, `name`, `typeId`, `paletteId`, `ammoType`, `blipColor`, `bitField`, `burden`, `combatUse`, `cooldownDuration`, `cooldownId`, `effects`, `containersCapacity`, `header`, `hookTypeId`, `iconId`, `iconOverlayId`, `iconUnderlayId`, `hookItemTypes`, `itemsCapacity`, `location`, `materialType`, `maxStackSize`, `maxStructure`, `radar`, `pscript`, `spellId`, `stackSize`, `structure`, `targetTypeId`, `usability`, `useRadius`, `validLocations`, `value`, `workmanship`, `animationFrameId`, `defaultScript`, `defaultScriptIntensity`, `elasticity`, `friction`, `locationId`, `modelTableId`, `objectScale`, `physicsBitField`, `physicsTableId`, `motionTableId`, `soundTableId`, `physicsState`, `translucency`)
VALUES (3705391724, 'The Colosseum', 65536, 0, 0, 0, 262164, 0, 0, 0, 0, 0, 0, 8388656, 0, 100677070, 0, 0, 0, 0, 0, 0, 0, 0, 4, 0, 0, 0, 0, 0, 32, 0.3, 0, 0, 0, 0, 0, 0, 0, 0, 0, 33560143, 0, 32769, 0, 0, 0, 66576, 0);

INSERT INTO `ace_object` (`baseAceObjectId`, `weenieClassId`, `landblock`, `cell`, `posX`, `posY`, `posZ`, `qW`, `qX`, `qY`, `qZ`)
VALUES (3705391724, 35003, 182, 295, 220, -166, -12, 1, 0, 0, 0);

INSERT INTO `base_ace_object` (`baseAceObjectId`, `name`, `typeId`, `paletteId`, `ammoType`, `blipColor`, `bitField`, `burden`, `combatUse`, `cooldownDuration`, `cooldownId`, `effects`, `containersCapacity`, `header`, `hookTypeId`, `iconId`, `iconOverlayId`, `iconUnderlayId`, `hookItemTypes`, `itemsCapacity`, `location`, `materialType`, `maxStackSize`, `maxStructure`, `radar`, `pscript`, `spellId`, `stackSize`, `structure`, `targetTypeId`, `usability`, `useRadius`, `validLocations`, `value`, `workmanship`, `animationFrameId`, `defaultScript`, `defaultScriptIntensity`, `elasticity`, `friction`, `locationId`, `modelTableId`, `objectScale`, `physicsBitField`, `physicsTableId`, `motionTableId`, `soundTableId`, `physicsState`, `translucency`)
VALUES (1879765138, 'Statue', 65536, 0, 0, 8, 262164, 0, 0, 0, 0, 0, 0, 9437200, 0, 100667444, 0, 0, 0, 0, 0, 0, 0, 0, 4, 0, 0, 0, 0, 0, 32, 0, 0, 0, 0, 0, 0, 0, 0, 0, 0, 33554438, 0.8, 100483, 0, 150995393, 536870918, 1040, 0);

INSERT INTO `ace_object` (`baseAceObjectId`, `weenieClassId`, `landblock`, `cell`, `posX`, `posY`, `posZ`, `qW`, `qX`, `qY`, `qZ`)
VALUES (1879765138, 34516, 175, 338, 140, -37.5, 0.004800081, 0, 0, 0, -1);

INSERT INTO `ace_object_texture_map_changes` (`baseAceObjectId`, `index`, `oldId`, `newId`)
VALUES (1879765138, 0, 83886113, 83897668)
     , (1879765138, 0, 83886115, 83897668)
     , (1879765138, 0, 83897200, 83897668)
     , (1879765138, 0, 83886114, 83897668)
     , (1879765138, 0, 83886111, 83897668)
     , (1879765138, 1, 83886125, 83897668)
     , (1879765138, 2, 83886122, 83897668)
     , (1879765138, 2, 83886123, 83897668)
     , (1879765138, 3, 83886120, 83897668)
     , (1879765138, 3, 83886118, 83897668)
     , (1879765138, 3, 83886117, 83897668)
     , (1879765138, 3, 83886123, 83897668)
     , (1879765138, 4, 83886120, 83897668)
     , (1879765138, 5, 83886120, 83897668)
     , (1879765138, 6, 83886121, 83897668)
     , (1879765138, 7, 83886126, 83897668)
     , (1879765138, 8, 83886119, 83897668)
     , (1879765138, 9, 83886121, 83897668)
     , (1879765138, 10, 83886126, 83897668)
     , (1879765138, 11, 83886119, 83897668)
     , (1879765138, 12, 83886121, 83897668)
     , (1879765138, 13, 83886126, 83897668)
     , (1879765138, 14, 83886119, 83897668)
     , (1879765138, 15, 83886121, 83897668)
     , (1879765138, 16, 83886126, 83897668)
     , (1879765138, 17, 83886119, 83897668)
     , (1879765138, 18, 83886115, 83897668)
     , (1879765138, 19, 83886121, 83897668)
     , (1879765138, 20, 83886126, 83897668)
     , (1879765138, 21, 83886124, 83897668);

INSERT INTO `ace_object_animation_changes` (`baseAceObjectId`, `index`, `animationId`)
VALUES (1879765138, 0, 16777333)
     , (1879765138, 1, 16777356)
     , (1879765138, 2, 16777348)
     , (1879765138, 3, 16793495)
     , (1879765138, 4, 16777331)
     , (1879765138, 5, 16777332)
     , (1879765138, 6, 16777354)
     , (1879765138, 7, 16777346)
     , (1879765138, 8, 16777342)
     , (1879765138, 9, 16777350)
     , (1879765138, 10, 16777347)
     , (1879765138, 11, 16777343)
     , (1879765138, 12, 16777353)
     , (1879765138, 13, 16777349)
     , (1879765138, 14, 16777341)
     , (1879765138, 15, 16777352)
     , (1879765138, 16, 16777340)
     , (1879765138, 17, 16777344)
     , (1879765138, 18, 16777330)
     , (1879765138, 19, 16777351)
     , (1879765138, 20, 16777355)
     , (1879765138, 21, 16777345);

INSERT INTO `base_ace_object` (`baseAceObjectId`, `name`, `typeId`, `paletteId`, `ammoType`, `blipColor`, `bitField`, `burden`, `combatUse`, `cooldownDuration`, `cooldownId`, `effects`, `containersCapacity`, `header`, `hookTypeId`, `iconId`, `iconOverlayId`, `iconUnderlayId`, `hookItemTypes`, `itemsCapacity`, `location`, `materialType`, `maxStackSize`, `maxStructure`, `radar`, `pscript`, `spellId`, `stackSize`, `structure`, `targetTypeId`, `usability`, `useRadius`, `validLocations`, `value`, `workmanship`, `animationFrameId`, `defaultScript`, `defaultScriptIntensity`, `elasticity`, `friction`, `locationId`, `modelTableId`, `objectScale`, `physicsBitField`, `physicsTableId`, `motionTableId`, `soundTableId`, `physicsState`, `translucency`)
VALUES (1879765081, 'Statue', 65536, 0, 0, 8, 262164, 0, 0, 0, 0, 0, 0, 9437200, 0, 100674625, 0, 0, 0, 0, 0, 0, 0, 0, 4, 0, 0, 0, 0, 0, 32, 0, 0, 0, 0, 0, 0, 0, 0, 0, 0, 33558422, 2, 100483, 0, 150995392, 536871071, 1040, 0);

INSERT INTO `ace_object` (`baseAceObjectId`, `weenieClassId`, `landblock`, `cell`, `posX`, `posY`, `posZ`, `qW`, `qX`, `qY`, `qZ`)
VALUES (1879765081, 34515, 175, 339, 142.5, -40, -0.01600003, -0.7071068, 0, 0, -0.7071068);

INSERT INTO `ace_object_texture_map_changes` (`baseAceObjectId`, `index`, `oldId`, `newId`)
VALUES (1879765081, 0, 83889751, 83897668)
     , (1879765081, 1, 83889751, 83897668)
     , (1879765081, 2, 83889751, 83897668)
     , (1879765081, 2, 83889750, 83897668)
     , (1879765081, 3, 83889751, 83897668)
     , (1879765081, 4, 83889751, 83897668)
     , (1879765081, 4, 83889750, 83897668)
     , (1879765081, 5, 83894675, 83897668)
     , (1879765081, 5, 83894676, 83897668)
     , (1879765081, 6, 83889753, 83897668)
     , (1879765081, 6, 83889751, 83897668);

INSERT INTO `ace_object_animation_changes` (`baseAceObjectId`, `index`, `animationId`)
VALUES (1879765081, 0, 16779987)
     , (1879765081, 1, 16779986)
     , (1879765081, 2, 16779985)
     , (1879765081, 3, 16779984)
     , (1879765081, 4, 16779985)
     , (1879765081, 5, 16789378)
     , (1879765081, 6, 16779983);

INSERT INTO `base_ace_object` (`baseAceObjectId`, `name`, `typeId`, `paletteId`, `ammoType`, `blipColor`, `bitField`, `burden`, `combatUse`, `cooldownDuration`, `cooldownId`, `effects`, `containersCapacity`, `header`, `hookTypeId`, `iconId`, `iconOverlayId`, `iconUnderlayId`, `hookItemTypes`, `itemsCapacity`, `location`, `materialType`, `maxStackSize`, `maxStructure`, `radar`, `pscript`, `spellId`, `stackSize`, `structure`, `targetTypeId`, `usability`, `useRadius`, `validLocations`, `value`, `workmanship`, `animationFrameId`, `defaultScript`, `defaultScriptIntensity`, `elasticity`, `friction`, `locationId`, `modelTableId`, `objectScale`, `physicsBitField`, `physicsTableId`, `motionTableId`, `soundTableId`, `physicsState`, `translucency`)
VALUES (3705820205, 'The Colosseum', 65536, 0, 0, 0, 262164, 0, 0, 0, 0, 0, 0, 8388656, 0, 100677070, 0, 0, 0, 0, 0, 0, 0, 0, 4, 0, 0, 0, 0, 0, 32, 0.3, 0, 0, 0, 0, 0, 0, 0, 0, 0, 33560143, 0, 32769, 0, 0, 0, 66576, 0);

INSERT INTO `ace_object` (`baseAceObjectId`, `weenieClassId`, `landblock`, `cell`, `posX`, `posY`, `posZ`, `qW`, `qX`, `qY`, `qZ`)
VALUES (3705820205, 35003, 175, 356, 290, -26, 0, 1, 0, 0, 0);

INSERT INTO `base_ace_object` (`baseAceObjectId`, `name`, `typeId`, `paletteId`, `ammoType`, `blipColor`, `bitField`, `burden`, `combatUse`, `cooldownDuration`, `cooldownId`, `effects`, `containersCapacity`, `header`, `hookTypeId`, `iconId`, `iconOverlayId`, `iconUnderlayId`, `hookItemTypes`, `itemsCapacity`, `location`, `materialType`, `maxStackSize`, `maxStructure`, `radar`, `pscript`, `spellId`, `stackSize`, `structure`, `targetTypeId`, `usability`, `useRadius`, `validLocations`, `value`, `workmanship`, `animationFrameId`, `defaultScript`, `defaultScriptIntensity`, `elasticity`, `friction`, `locationId`, `modelTableId`, `objectScale`, `physicsBitField`, `physicsTableId`, `motionTableId`, `soundTableId`, `physicsState`, `translucency`)
VALUES (3705805941, 'The Colosseum', 65536, 0, 0, 0, 262164, 0, 0, 0, 0, 0, 0, 8388656, 0, 100677070, 0, 0, 0, 0, 0, 0, 0, 0, 4, 0, 0, 0, 0, 0, 32, 0.3, 0, 0, 0, 0, 0, 0, 0, 0, 0, 33560143, 0, 32769, 0, 0, 0, 66576, 0);

INSERT INTO `ace_object` (`baseAceObjectId`, `weenieClassId`, `landblock`, `cell`, `posX`, `posY`, `posZ`, `qW`, `qX`, `qY`, `qZ`)
VALUES (3705805941, 35003, 175, 347, 200, -26, 0, 1, 0, 0, 0);

INSERT INTO `base_ace_object` (`baseAceObjectId`, `name`, `typeId`, `paletteId`, `ammoType`, `blipColor`, `bitField`, `burden`, `combatUse`, `cooldownDuration`, `cooldownId`, `effects`, `containersCapacity`, `header`, `hookTypeId`, `iconId`, `iconOverlayId`, `iconUnderlayId`, `hookItemTypes`, `itemsCapacity`, `location`, `materialType`, `maxStackSize`, `maxStructure`, `radar`, `pscript`, `spellId`, `stackSize`, `structure`, `targetTypeId`, `usability`, `useRadius`, `validLocations`, `value`, `workmanship`, `animationFrameId`, `defaultScript`, `defaultScriptIntensity`, `elasticity`, `friction`, `locationId`, `modelTableId`, `objectScale`, `physicsBitField`, `physicsTableId`, `motionTableId`, `soundTableId`, `physicsState`, `translucency`)
VALUES (3706643134, 'Tiny Hive Portal', 65536, 0, 0, 0, 262164, 0, 0, 0, 0, 0, 0, 8388656, 0, 100667499, 0, 0, 0, 0, 0, 0, 0, 0, 4, 0, 0, 0, 0, 0, 32, -0.1, 0, 0, 0, 0, 0, 0, 0, 0, 0, 33555923, 0, 98307, 0, 150994947, 0, 3084, 0);

INSERT INTO `ace_object` (`baseAceObjectId`, `weenieClassId`, `landblock`, `cell`, `posX`, `posY`, `posZ`, `qW`, `qX`, `qY`, `qZ`)
VALUES (3706643134, 11219, 7098, 22, 64.73078, 133.6501, 103.6803, 1, 0, 0, 0);

INSERT INTO `base_ace_object` (`baseAceObjectId`, `name`, `typeId`, `paletteId`, `ammoType`, `blipColor`, `bitField`, `burden`, `combatUse`, `cooldownDuration`, `cooldownId`, `effects`, `containersCapacity`, `header`, `hookTypeId`, `iconId`, `iconOverlayId`, `iconUnderlayId`, `hookItemTypes`, `itemsCapacity`, `location`, `materialType`, `maxStackSize`, `maxStructure`, `radar`, `pscript`, `spellId`, `stackSize`, `structure`, `targetTypeId`, `usability`, `useRadius`, `validLocations`, `value`, `workmanship`, `animationFrameId`, `defaultScript`, `defaultScriptIntensity`, `elasticity`, `friction`, `locationId`, `modelTableId`, `objectScale`, `physicsBitField`, `physicsTableId`, `motionTableId`, `soundTableId`, `physicsState`, `translucency`)
VALUES (3706642581, 'New Hive Portal', 65536, 0, 0, 0, 262164, 0, 0, 0, 0, 0, 0, 8388656, 0, 100667499, 0, 0, 0, 0, 0, 0, 0, 0, 4, 0, 0, 0, 0, 0, 32, -0.1, 0, 0, 0, 0, 0, 0, 0, 0, 0, 33555925, 0, 98307, 0, 150994947, 0, 3084, 0);

INSERT INTO `ace_object` (`baseAceObjectId`, `weenieClassId`, `landblock`, `cell`, `posX`, `posY`, `posZ`, `qW`, `qX`, `qY`, `qZ`)
VALUES (3706642581, 11227, 6843, 43, 132.1579, 48.26062, 99.85013, 1, 0, 0, 0);

INSERT INTO `base_ace_object` (`baseAceObjectId`, `name`, `typeId`, `paletteId`, `ammoType`, `blipColor`, `bitField`, `burden`, `combatUse`, `cooldownDuration`, `cooldownId`, `effects`, `containersCapacity`, `header`, `hookTypeId`, `iconId`, `iconOverlayId`, `iconUnderlayId`, `hookItemTypes`, `itemsCapacity`, `location`, `materialType`, `maxStackSize`, `maxStructure`, `radar`, `pscript`, `spellId`, `stackSize`, `structure`, `targetTypeId`, `usability`, `useRadius`, `validLocations`, `value`, `workmanship`, `animationFrameId`, `defaultScript`, `defaultScriptIntensity`, `elasticity`, `friction`, `locationId`, `modelTableId`, `objectScale`, `physicsBitField`, `physicsTableId`, `motionTableId`, `soundTableId`, `physicsState`, `translucency`)
VALUES (1906032641, 'Hive Warrior Mound', 65536, 0, 0, 0, 262164, 0, 0, 0, 0, 0, 0, 8388656, 0, 100667499, 0, 0, 0, 0, 0, 0, 0, 0, 4, 0, 0, 0, 0, 0, 32, -0.1, 0, 0, 0, 0, 0, 0, 0, 0, 0, 33555925, 0, 98307, 0, 150994947, 0, 3084, 0);

INSERT INTO `ace_object` (`baseAceObjectId`, `weenieClassId`, `landblock`, `cell`, `posX`, `posY`, `posZ`, `qW`, `qX`, `qY`, `qZ`)
VALUES (1906032641, 51325, 6588, 55, 162.575, 156.565, 137.8882, 0.162745, 0, 0, 0.9866682);

INSERT INTO `base_ace_object` (`baseAceObjectId`, `name`, `typeId`, `paletteId`, `ammoType`, `blipColor`, `bitField`, `burden`, `combatUse`, `cooldownDuration`, `cooldownId`, `effects`, `containersCapacity`, `header`, `hookTypeId`, `iconId`, `iconOverlayId`, `iconUnderlayId`, `hookItemTypes`, `itemsCapacity`, `location`, `materialType`, `maxStackSize`, `maxStructure`, `radar`, `pscript`, `spellId`, `stackSize`, `structure`, `targetTypeId`, `usability`, `useRadius`, `validLocations`, `value`, `workmanship`, `animationFrameId`, `defaultScript`, `defaultScriptIntensity`, `elasticity`, `friction`, `locationId`, `modelTableId`, `objectScale`, `physicsBitField`, `physicsTableId`, `motionTableId`, `soundTableId`, `physicsState`, `translucency`)
VALUES (3706654306, 'Shallow Hive Portal', 65536, 0, 0, 0, 262164, 0, 0, 0, 0, 0, 0, 8388656, 0, 100667499, 0, 0, 0, 0, 0, 0, 0, 0, 4, 0, 0, 0, 0, 0, 32, -0.1, 0, 0, 0, 0, 0, 0, 0, 0, 0, 33555925, 0, 98307, 0, 150994947, 0, 3084, 0);

INSERT INTO `ace_object` (`baseAceObjectId`, `weenieClassId`, `landblock`, `cell`, `posX`, `posY`, `posZ`, `qW`, `qX`, `qY`, `qZ`)
VALUES (3706654306, 11225, 6845, 18, 62.09835, 28.94463, 129.9983, 1, 0, 0, 0);

INSERT INTO `base_ace_object` (`baseAceObjectId`, `name`, `typeId`, `paletteId`, `ammoType`, `blipColor`, `bitField`, `burden`, `combatUse`, `cooldownDuration`, `cooldownId`, `effects`, `containersCapacity`, `header`, `hookTypeId`, `iconId`, `iconOverlayId`, `iconUnderlayId`, `hookItemTypes`, `itemsCapacity`, `location`, `materialType`, `maxStackSize`, `maxStructure`, `radar`, `pscript`, `spellId`, `stackSize`, `structure`, `targetTypeId`, `usability`, `useRadius`, `validLocations`, `value`, `workmanship`, `animationFrameId`, `defaultScript`, `defaultScriptIntensity`, `elasticity`, `friction`, `locationId`, `modelTableId`, `objectScale`, `physicsBitField`, `physicsTableId`, `motionTableId`, `soundTableId`, `physicsState`, `translucency`)
VALUES (1971773464, 'Surface', 65536, 0, 0, 0, 262164, 0, 0, 0, 0, 0, 0, 8388656, 0, 100667499, 0, 0, 0, 0, 0, 0, 0, 0, 4, 0, 0, 0, 0, 0, 32, -0.1, 0, 0, 0, 0, 0, 0, 0, 0, 0, 33554867, 0, 98307, 0, 150994947, 0, 3084, 0);

INSERT INTO `ace_object` (`baseAceObjectId`, `weenieClassId`, `landblock`, `cell`, `posX`, `posY`, `posZ`, `qW`, `qX`, `qY`, `qZ`)
VALUES (1971773464, 51326, 22638, 359, 270, -214.472, -36.063, 1, 0, 0, 0);

INSERT INTO `base_ace_object` (`baseAceObjectId`, `name`, `typeId`, `paletteId`, `ammoType`, `blipColor`, `bitField`, `burden`, `combatUse`, `cooldownDuration`, `cooldownId`, `effects`, `containersCapacity`, `header`, `hookTypeId`, `iconId`, `iconOverlayId`, `iconUnderlayId`, `hookItemTypes`, `itemsCapacity`, `location`, `materialType`, `maxStackSize`, `maxStructure`, `radar`, `pscript`, `spellId`, `stackSize`, `structure`, `targetTypeId`, `usability`, `useRadius`, `validLocations`, `value`, `workmanship`, `animationFrameId`, `defaultScript`, `defaultScriptIntensity`, `elasticity`, `friction`, `locationId`, `modelTableId`, `objectScale`, `physicsBitField`, `physicsTableId`, `motionTableId`, `soundTableId`, `physicsState`, `translucency`)
VALUES (1879908412, 'Northern Catacombs Exit', 65536, 0, 0, 0, 262164, 0, 0, 0, 0, 0, 0, 8388656, 0, 100667499, 0, 0, 0, 0, 0, 0, 0, 0, 4, 0, 0, 0, 0, 0, 32, -0.1, 0, 0, 0, 0, 0, 0, 0, 0, 0, 33560217, 0, 98307, 0, 150995314, 0, 3084, 0);

INSERT INTO `ace_object` (`baseAceObjectId`, `weenieClassId`, `landblock`, `cell`, `posX`, `posY`, `posZ`, `qW`, `qX`, `qY`, `qZ`)
VALUES (1879908412, 34830, 210, 1337, 118.502, -216.499, -12.20983, -0.3420199, 0, 0, -0.9396927);

INSERT INTO `base_ace_object` (`baseAceObjectId`, `name`, `typeId`, `paletteId`, `ammoType`, `blipColor`, `bitField`, `burden`, `combatUse`, `cooldownDuration`, `cooldownId`, `effects`, `containersCapacity`, `header`, `hookTypeId`, `iconId`, `iconOverlayId`, `iconUnderlayId`, `hookItemTypes`, `itemsCapacity`, `location`, `materialType`, `maxStackSize`, `maxStructure`, `radar`, `pscript`, `spellId`, `stackSize`, `structure`, `targetTypeId`, `usability`, `useRadius`, `validLocations`, `value`, `workmanship`, `animationFrameId`, `defaultScript`, `defaultScriptIntensity`, `elasticity`, `friction`, `locationId`, `modelTableId`, `objectScale`, `physicsBitField`, `physicsTableId`, `motionTableId`, `soundTableId`, `physicsState`, `translucency`)
VALUES (1879908407, 'Northern Catacombs Exit', 65536, 0, 0, 0, 262164, 0, 0, 0, 0, 0, 0, 8388656, 0, 100667499, 0, 0, 0, 0, 0, 0, 0, 0, 4, 0, 0, 0, 0, 0, 32, -0.1, 0, 0, 0, 0, 0, 0, 0, 0, 0, 33560217, 0, 98307, 0, 150995314, 0, 3084, 0);

INSERT INTO `ace_object` (`baseAceObjectId`, `weenieClassId`, `landblock`, `cell`, `posX`, `posY`, `posZ`, `qW`, `qX`, `qY`, `qZ`)
VALUES (1879908407, 34830, 210, 1297, 111.579, -216.585, -12.20983, -0.9238793, 0, 0, -0.3826841);

INSERT INTO `base_ace_object` (`baseAceObjectId`, `name`, `typeId`, `paletteId`, `ammoType`, `blipColor`, `bitField`, `burden`, `combatUse`, `cooldownDuration`, `cooldownId`, `effects`, `containersCapacity`, `header`, `hookTypeId`, `iconId`, `iconOverlayId`, `iconUnderlayId`, `hookItemTypes`, `itemsCapacity`, `location`, `materialType`, `maxStackSize`, `maxStructure`, `radar`, `pscript`, `spellId`, `stackSize`, `structure`, `targetTypeId`, `usability`, `useRadius`, `validLocations`, `value`, `workmanship`, `animationFrameId`, `defaultScript`, `defaultScriptIntensity`, `elasticity`, `friction`, `locationId`, `modelTableId`, `objectScale`, `physicsBitField`, `physicsTableId`, `motionTableId`, `soundTableId`, `physicsState`, `translucency`)
VALUES (1879908409, 'Northern Catacombs Exit', 65536, 0, 0, 0, 262164, 0, 0, 0, 0, 0, 0, 8388656, 0, 100667499, 0, 0, 0, 0, 0, 0, 0, 0, 4, 0, 0, 0, 0, 0, 32, -0.1, 0, 0, 0, 0, 0, 0, 0, 0, 0, 33560217, 0, 98307, 0, 150995314, 0, 3084, 0);

INSERT INTO `ace_object` (`baseAceObjectId`, `weenieClassId`, `landblock`, `cell`, `posX`, `posY`, `posZ`, `qW`, `qX`, `qY`, `qZ`)
VALUES (1879908409, 34830, 210, 1303, 119.221, -69.385, -12.20983, -0.9396927, 0, 0, -0.3420199);

INSERT INTO `base_ace_object` (`baseAceObjectId`, `name`, `typeId`, `paletteId`, `ammoType`, `blipColor`, `bitField`, `burden`, `combatUse`, `cooldownDuration`, `cooldownId`, `effects`, `containersCapacity`, `header`, `hookTypeId`, `iconId`, `iconOverlayId`, `iconUnderlayId`, `hookItemTypes`, `itemsCapacity`, `location`, `materialType`, `maxStackSize`, `maxStructure`, `radar`, `pscript`, `spellId`, `stackSize`, `structure`, `targetTypeId`, `usability`, `useRadius`, `validLocations`, `value`, `workmanship`, `animationFrameId`, `defaultScript`, `defaultScriptIntensity`, `elasticity`, `friction`, `locationId`, `modelTableId`, `objectScale`, `physicsBitField`, `physicsTableId`, `motionTableId`, `soundTableId`, `physicsState`, `translucency`)
VALUES (1879912508, 'Eastern Catacombs Exit', 65536, 0, 0, 0, 262164, 0, 0, 0, 0, 0, 0, 8388656, 0, 100667499, 0, 0, 0, 0, 0, 0, 0, 0, 4, 0, 0, 0, 0, 0, 32, -0.1, 0, 0, 0, 0, 0, 0, 0, 0, 0, 33560217, 0, 98307, 0, 150995314, 0, 3084, 0);

INSERT INTO `ace_object` (`baseAceObjectId`, `weenieClassId`, `landblock`, `cell`, `posX`, `posY`, `posZ`, `qW`, `qX`, `qY`, `qZ`)
VALUES (1879912508, 34832, 211, 1337, 118.502, -216.499, -12.20983, -0.3420199, 0, 0, -0.9396927);

INSERT INTO `base_ace_object` (`baseAceObjectId`, `name`, `typeId`, `paletteId`, `ammoType`, `blipColor`, `bitField`, `burden`, `combatUse`, `cooldownDuration`, `cooldownId`, `effects`, `containersCapacity`, `header`, `hookTypeId`, `iconId`, `iconOverlayId`, `iconUnderlayId`, `hookItemTypes`, `itemsCapacity`, `location`, `materialType`, `maxStackSize`, `maxStructure`, `radar`, `pscript`, `spellId`, `stackSize`, `structure`, `targetTypeId`, `usability`, `useRadius`, `validLocations`, `value`, `workmanship`, `animationFrameId`, `defaultScript`, `defaultScriptIntensity`, `elasticity`, `friction`, `locationId`, `modelTableId`, `objectScale`, `physicsBitField`, `physicsTableId`, `motionTableId`, `soundTableId`, `physicsState`, `translucency`)
VALUES (1879912503, 'Eastern Catacombs Exit', 65536, 0, 0, 0, 262164, 0, 0, 0, 0, 0, 0, 8388656, 0, 100667499, 0, 0, 0, 0, 0, 0, 0, 0, 4, 0, 0, 0, 0, 0, 32, -0.1, 0, 0, 0, 0, 0, 0, 0, 0, 0, 33560217, 0, 98307, 0, 150995314, 0, 3084, 0);

INSERT INTO `ace_object` (`baseAceObjectId`, `weenieClassId`, `landblock`, `cell`, `posX`, `posY`, `posZ`, `qW`, `qX`, `qY`, `qZ`)
VALUES (1879912503, 34832, 211, 1297, 111.579, -216.585, -12.20983, -0.9238793, 0, 0, -0.3826841);

INSERT INTO `base_ace_object` (`baseAceObjectId`, `name`, `typeId`, `paletteId`, `ammoType`, `blipColor`, `bitField`, `burden`, `combatUse`, `cooldownDuration`, `cooldownId`, `effects`, `containersCapacity`, `header`, `hookTypeId`, `iconId`, `iconOverlayId`, `iconUnderlayId`, `hookItemTypes`, `itemsCapacity`, `location`, `materialType`, `maxStackSize`, `maxStructure`, `radar`, `pscript`, `spellId`, `stackSize`, `structure`, `targetTypeId`, `usability`, `useRadius`, `validLocations`, `value`, `workmanship`, `animationFrameId`, `defaultScript`, `defaultScriptIntensity`, `elasticity`, `friction`, `locationId`, `modelTableId`, `objectScale`, `physicsBitField`, `physicsTableId`, `motionTableId`, `soundTableId`, `physicsState`, `translucency`)
VALUES (1879912505, 'Eastern Catacombs Exit', 65536, 0, 0, 0, 262164, 0, 0, 0, 0, 0, 0, 8388656, 0, 100667499, 0, 0, 0, 0, 0, 0, 0, 0, 4, 0, 0, 0, 0, 0, 32, -0.1, 0, 0, 0, 0, 0, 0, 0, 0, 0, 33560217, 0, 98307, 0, 150995314, 0, 3084, 0);

INSERT INTO `ace_object` (`baseAceObjectId`, `weenieClassId`, `landblock`, `cell`, `posX`, `posY`, `posZ`, `qW`, `qX`, `qY`, `qZ`)
VALUES (1879912505, 34832, 211, 1303, 119.221, -69.385, -12.20983, -0.9396927, 0, 0, -0.3420199);

INSERT INTO `base_ace_object` (`baseAceObjectId`, `name`, `typeId`, `paletteId`, `ammoType`, `blipColor`, `bitField`, `burden`, `combatUse`, `cooldownDuration`, `cooldownId`, `effects`, `containersCapacity`, `header`, `hookTypeId`, `iconId`, `iconOverlayId`, `iconUnderlayId`, `hookItemTypes`, `itemsCapacity`, `location`, `materialType`, `maxStackSize`, `maxStructure`, `radar`, `pscript`, `spellId`, `stackSize`, `structure`, `targetTypeId`, `usability`, `useRadius`, `validLocations`, `value`, `workmanship`, `animationFrameId`, `defaultScript`, `defaultScriptIntensity`, `elasticity`, `friction`, `locationId`, `modelTableId`, `objectScale`, `physicsBitField`, `physicsTableId`, `motionTableId`, `soundTableId`, `physicsState`, `translucency`)
VALUES (2045943808, 'Mount Ingot', 65536, 0, 0, 0, 262164, 0, 0, 0, 0, 0, 0, 8388656, 0, 100667499, 0, 0, 0, 0, 0, 0, 0, 0, 4, 0, 0, 0, 0, 0, 32, -0.1, 0, 0, 0, 0, 0, 0, 0, 0, 0, 33555923, 0, 98307, 0, 150994947, 0, 3084, 0);

INSERT INTO `ace_object` (`baseAceObjectId`, `weenieClassId`, `landblock`, `cell`, `posX`, `posY`, `posZ`, `qW`, `qX`, `qY`, `qZ`)
VALUES (2045943808, 25795, 40746, 22, 71.993, 143.993, 399.9265, 0.9429999, 0, 0, -0.332793);

INSERT INTO `base_ace_object` (`baseAceObjectId`, `name`, `typeId`, `paletteId`, `ammoType`, `blipColor`, `bitField`, `burden`, `combatUse`, `cooldownDuration`, `cooldownId`, `effects`, `containersCapacity`, `header`, `hookTypeId`, `iconId`, `iconOverlayId`, `iconUnderlayId`, `hookItemTypes`, `itemsCapacity`, `location`, `materialType`, `maxStackSize`, `maxStructure`, `radar`, `pscript`, `spellId`, `stackSize`, `structure`, `targetTypeId`, `usability`, `useRadius`, `validLocations`, `value`, `workmanship`, `animationFrameId`, `defaultScript`, `defaultScriptIntensity`, `elasticity`, `friction`, `locationId`, `modelTableId`, `objectScale`, `physicsBitField`, `physicsTableId`, `motionTableId`, `soundTableId`, `physicsState`, `translucency`)
VALUES (1879912525, 'Swamp Cavern', 65536, 0, 0, 0, 262164, 0, 0, 0, 0, 0, 0, 8388656, 0, 100667499, 0, 0, 0, 0, 0, 0, 0, 0, 4, 0, 0, 0, 0, 0, 32, -0.1, 0, 0, 0, 0, 0, 0, 0, 0, 0, 33560223, 0, 98307, 0, 150995314, 0, 3084, 0);

INSERT INTO `ace_object` (`baseAceObjectId`, `weenieClassId`, `landblock`, `cell`, `posX`, `posY`, `posZ`, `qW`, `qX`, `qY`, `qZ`)
VALUES (1879912525, 35210, 211, 1096, 51.3391, -221.362, -12.20983, -0.9562047, 0, 0, -0.2926989);

INSERT INTO `base_ace_object` (`baseAceObjectId`, `name`, `typeId`, `paletteId`, `ammoType`, `blipColor`, `bitField`, `burden`, `combatUse`, `cooldownDuration`, `cooldownId`, `effects`, `containersCapacity`, `header`, `hookTypeId`, `iconId`, `iconOverlayId`, `iconUnderlayId`, `hookItemTypes`, `itemsCapacity`, `location`, `materialType`, `maxStackSize`, `maxStructure`, `radar`, `pscript`, `spellId`, `stackSize`, `structure`, `targetTypeId`, `usability`, `useRadius`, `validLocations`, `value`, `workmanship`, `animationFrameId`, `defaultScript`, `defaultScriptIntensity`, `elasticity`, `friction`, `locationId`, `modelTableId`, `objectScale`, `physicsBitField`, `physicsTableId`, `motionTableId`, `soundTableId`, `physicsState`, `translucency`)
VALUES (1879216301, 'Surface', 65536, 0, 0, 0, 262164, 0, 0, 0, 0, 0, 0, 8388656, 0, 100667499, 0, 0, 0, 0, 0, 0, 0, 0, 4, 0, 0, 0, 0, 0, 32, -0.1, 0, 0, 0, 0, 0, 0, 0, 0, 0, 33554867, 0, 98307, 0, 150994947, 0, 3084, 0);

INSERT INTO `ace_object` (`baseAceObjectId`, `weenieClassId`, `landblock`, `cell`, `posX`, `posY`, `posZ`, `qW`, `qX`, `qY`, `qZ`)
VALUES (1879216301, 30962, 41, 749, 278.51, -111.334, -0.06299996, -0.3710091, 0, 0, -0.9286292);

INSERT INTO `base_ace_object` (`baseAceObjectId`, `name`, `typeId`, `paletteId`, `ammoType`, `blipColor`, `bitField`, `burden`, `combatUse`, `cooldownDuration`, `cooldownId`, `effects`, `containersCapacity`, `header`, `hookTypeId`, `iconId`, `iconOverlayId`, `iconUnderlayId`, `hookItemTypes`, `itemsCapacity`, `location`, `materialType`, `maxStackSize`, `maxStructure`, `radar`, `pscript`, `spellId`, `stackSize`, `structure`, `targetTypeId`, `usability`, `useRadius`, `validLocations`, `value`, `workmanship`, `animationFrameId`, `defaultScript`, `defaultScriptIntensity`, `elasticity`, `friction`, `locationId`, `modelTableId`, `objectScale`, `physicsBitField`, `physicsTableId`, `motionTableId`, `soundTableId`, `physicsState`, `translucency`)
VALUES (1879216144, 'Surface', 65536, 0, 0, 0, 262164, 0, 0, 0, 0, 0, 0, 8388656, 0, 100667499, 0, 0, 0, 0, 0, 0, 0, 0, 4, 0, 0, 0, 0, 0, 32, -0.1, 0, 0, 0, 0, 0, 0, 0, 0, 0, 33554867, 0, 98307, 0, 150994947, 0, 3084, 0);

INSERT INTO `ace_object` (`baseAceObjectId`, `weenieClassId`, `landblock`, `cell`, `posX`, `posY`, `posZ`, `qW`, `qX`, `qY`, `qZ`)
VALUES (1879216144, 30962, 41, 284, 37.3195, -7.35064, -24.063, -0.9011824, 0, 0, -0.4334402);

INSERT INTO `base_ace_object` (`baseAceObjectId`, `name`, `typeId`, `paletteId`, `ammoType`, `blipColor`, `bitField`, `burden`, `combatUse`, `cooldownDuration`, `cooldownId`, `effects`, `containersCapacity`, `header`, `hookTypeId`, `iconId`, `iconOverlayId`, `iconUnderlayId`, `hookItemTypes`, `itemsCapacity`, `location`, `materialType`, `maxStackSize`, `maxStructure`, `radar`, `pscript`, `spellId`, `stackSize`, `structure`, `targetTypeId`, `usability`, `useRadius`, `validLocations`, `value`, `workmanship`, `animationFrameId`, `defaultScript`, `defaultScriptIntensity`, `elasticity`, `friction`, `locationId`, `modelTableId`, `objectScale`, `physicsBitField`, `physicsTableId`, `motionTableId`, `soundTableId`, `physicsState`, `translucency`)
VALUES (1971707955, 'Surface', 65536, 0, 0, 0, 262164, 0, 0, 0, 0, 0, 0, 8388656, 0, 100667499, 0, 0, 0, 0, 0, 0, 0, 0, 4, 0, 0, 0, 0, 0, 32, -0.1, 0, 0, 0, 0, 0, 0, 0, 0, 0, 33554867, 0, 98307, 0, 150994947, 0, 3084, 0);

INSERT INTO `ace_object` (`baseAceObjectId`, `weenieClassId`, `landblock`, `cell`, `posX`, `posY`, `posZ`, `qW`, `qX`, `qY`, `qZ`)
VALUES (1971707955, 47209, 22622, 389, 383.091, -119.993, -0.06299996, -0.7071068, 0, 0, -0.7071068);

INSERT INTO `base_ace_object` (`baseAceObjectId`, `name`, `typeId`, `paletteId`, `ammoType`, `blipColor`, `bitField`, `burden`, `combatUse`, `cooldownDuration`, `cooldownId`, `effects`, `containersCapacity`, `header`, `hookTypeId`, `iconId`, `iconOverlayId`, `iconUnderlayId`, `hookItemTypes`, `itemsCapacity`, `location`, `materialType`, `maxStackSize`, `maxStructure`, `radar`, `pscript`, `spellId`, `stackSize`, `structure`, `targetTypeId`, `usability`, `useRadius`, `validLocations`, `value`, `workmanship`, `animationFrameId`, `defaultScript`, `defaultScriptIntensity`, `elasticity`, `friction`, `locationId`, `modelTableId`, `objectScale`, `physicsBitField`, `physicsTableId`, `motionTableId`, `soundTableId`, `physicsState`, `translucency`)
VALUES (3708430971, 'Sand Caves', 65536, 0, 0, 0, 262164, 0, 0, 0, 0, 0, 0, 8388656, 0, 100667499, 0, 0, 0, 0, 0, 0, 0, 0, 4, 0, 0, 0, 0, 0, 32, -0.1, 0, 0, 0, 0, 0, 0, 0, 0, 0, 33554867, 0, 98307, 0, 150994947, 0, 3084, 0);

INSERT INTO `ace_object` (`baseAceObjectId`, `weenieClassId`, `landblock`, `cell`, `posX`, `posY`, `posZ`, `qW`, `qX`, `qY`, `qZ`)
VALUES (3708430971, 44116, 34661, 11, 26.1, 53.1, 52.1811, -4.371139E-08, 0, 0, -1);

INSERT INTO `base_ace_object` (`baseAceObjectId`, `name`, `typeId`, `paletteId`, `ammoType`, `blipColor`, `bitField`, `burden`, `combatUse`, `cooldownDuration`, `cooldownId`, `effects`, `containersCapacity`, `header`, `hookTypeId`, `iconId`, `iconOverlayId`, `iconUnderlayId`, `hookItemTypes`, `itemsCapacity`, `location`, `materialType`, `maxStackSize`, `maxStructure`, `radar`, `pscript`, `spellId`, `stackSize`, `structure`, `targetTypeId`, `usability`, `useRadius`, `validLocations`, `value`, `workmanship`, `animationFrameId`, `defaultScript`, `defaultScriptIntensity`, `elasticity`, `friction`, `locationId`, `modelTableId`, `objectScale`, `physicsBitField`, `physicsTableId`, `motionTableId`, `soundTableId`, `physicsState`, `translucency`)
VALUES (2021027840, 'Foundry of Izexi', 65536, 0, 0, 0, 262164, 0, 0, 0, 0, 0, 0, 8388656, 0, 100667499, 0, 0, 0, 0, 0, 0, 0, 0, 4, 0, 0, 0, 0, 0, 32, -0.1, 0, 0, 0, 0, 0, 0, 0, 0, 0, 33555925, 0, 98307, 0, 150994947, 0, 3084, 0);

INSERT INTO `ace_object` (`baseAceObjectId`, `weenieClassId`, `landblock`, `cell`, `posX`, `posY`, `posZ`, `qW`, `qX`, `qY`, `qZ`)
VALUES (2021027840, 47155, 34663, 50, 159.404, 35.5373, 16.89844, 0.0888629, 0, 0, -0.9960439);

INSERT INTO `base_ace_object` (`baseAceObjectId`, `name`, `typeId`, `paletteId`, `ammoType`, `blipColor`, `bitField`, `burden`, `combatUse`, `cooldownDuration`, `cooldownId`, `effects`, `containersCapacity`, `header`, `hookTypeId`, `iconId`, `iconOverlayId`, `iconUnderlayId`, `hookItemTypes`, `itemsCapacity`, `location`, `materialType`, `maxStackSize`, `maxStructure`, `radar`, `pscript`, `spellId`, `stackSize`, `structure`, `targetTypeId`, `usability`, `useRadius`, `validLocations`, `value`, `workmanship`, `animationFrameId`, `defaultScript`, `defaultScriptIntensity`, `elasticity`, `friction`, `locationId`, `modelTableId`, `objectScale`, `physicsBitField`, `physicsTableId`, `motionTableId`, `soundTableId`, `physicsState`, `translucency`)
VALUES (1971675151, 'Surface', 65536, 0, 0, 0, 262164, 0, 0, 0, 0, 0, 0, 8388656, 0, 100667499, 0, 0, 0, 0, 0, 0, 0, 0, 4, 0, 0, 0, 0, 0, 32, -0.1, 0, 0, 0, 0, 0, 0, 0, 0, 0, 33554867, 0, 98307, 0, 150994947, 0, 3084, 0);

INSERT INTO `ace_object` (`baseAceObjectId`, `weenieClassId`, `landblock`, `cell`, `posX`, `posY`, `posZ`, `qW`, `qX`, `qY`, `qZ`)
VALUES (1971675151, 47154, 22614, 290, 170, -5.11898, -30.063, 1, 0, 0, 0);

INSERT INTO `base_ace_object` (`baseAceObjectId`, `name`, `typeId`, `paletteId`, `ammoType`, `blipColor`, `bitField`, `burden`, `combatUse`, `cooldownDuration`, `cooldownId`, `effects`, `containersCapacity`, `header`, `hookTypeId`, `iconId`, `iconOverlayId`, `iconUnderlayId`, `hookItemTypes`, `itemsCapacity`, `location`, `materialType`, `maxStackSize`, `maxStructure`, `radar`, `pscript`, `spellId`, `stackSize`, `structure`, `targetTypeId`, `usability`, `useRadius`, `validLocations`, `value`, `workmanship`, `animationFrameId`, `defaultScript`, `defaultScriptIntensity`, `elasticity`, `friction`, `locationId`, `modelTableId`, `objectScale`, `physicsBitField`, `physicsTableId`, `motionTableId`, `soundTableId`, `physicsState`, `translucency`)
VALUES (1970688090, 'Surface', 65536, 0, 0, 0, 262164, 0, 0, 0, 0, 0, 0, 8388656, 0, 100667499, 0, 0, 0, 0, 0, 0, 0, 0, 4, 0, 0, 0, 0, 0, 32, -0.1, 0, 0, 0, 0, 0, 0, 0, 0, 0, 33559046, 0, 98307, 0, 150995314, 0, 3084, 0);

INSERT INTO `ace_object` (`baseAceObjectId`, `weenieClassId`, `landblock`, `cell`, `posX`, `posY`, `posZ`, `qW`, `qX`, `qY`, `qZ`)
VALUES (1970688090, 46358, 22373, 797, 20, -32.5, -6.20983, 1, 0, 0, 0);

INSERT INTO `base_ace_object` (`baseAceObjectId`, `name`, `typeId`, `paletteId`, `ammoType`, `blipColor`, `bitField`, `burden`, `combatUse`, `cooldownDuration`, `cooldownId`, `effects`, `containersCapacity`, `header`, `hookTypeId`, `iconId`, `iconOverlayId`, `iconUnderlayId`, `hookItemTypes`, `itemsCapacity`, `location`, `materialType`, `maxStackSize`, `maxStructure`, `radar`, `pscript`, `spellId`, `stackSize`, `structure`, `targetTypeId`, `usability`, `useRadius`, `validLocations`, `value`, `workmanship`, `animationFrameId`, `defaultScript`, `defaultScriptIntensity`, `elasticity`, `friction`, `locationId`, `modelTableId`, `objectScale`, `physicsBitField`, `physicsTableId`, `motionTableId`, `soundTableId`, `physicsState`, `translucency`)
VALUES (1970688011, 'Surface', 65536, 0, 0, 0, 262164, 0, 0, 0, 0, 0, 0, 8388656, 0, 100667499, 0, 0, 0, 0, 0, 0, 0, 0, 4, 0, 0, 0, 0, 0, 32, -0.1, 0, 0, 0, 0, 0, 0, 0, 0, 0, 33559046, 0, 98307, 0, 150995314, 0, 3084, 0);

INSERT INTO `ace_object` (`baseAceObjectId`, `weenieClassId`, `landblock`, `cell`, `posX`, `posY`, `posZ`, `qW`, `qX`, `qY`, `qZ`)
VALUES (1970688011, 46358, 22373, 284, 50, -196.864, -36.20983, -0.00420404, 0, 0, -0.9999912);

INSERT INTO `base_ace_object` (`baseAceObjectId`, `name`, `typeId`, `paletteId`, `ammoType`, `blipColor`, `bitField`, `burden`, `combatUse`, `cooldownDuration`, `cooldownId`, `effects`, `containersCapacity`, `header`, `hookTypeId`, `iconId`, `iconOverlayId`, `iconUnderlayId`, `hookItemTypes`, `itemsCapacity`, `location`, `materialType`, `maxStackSize`, `maxStructure`, `radar`, `pscript`, `spellId`, `stackSize`, `structure`, `targetTypeId`, `usability`, `useRadius`, `validLocations`, `value`, `workmanship`, `animationFrameId`, `defaultScript`, `defaultScriptIntensity`, `elasticity`, `friction`, `locationId`, `modelTableId`, `objectScale`, `physicsBitField`, `physicsTableId`, `motionTableId`, `soundTableId`, `physicsState`, `translucency`)
VALUES (1985265934, 'Surface', 65536, 0, 0, 0, 262164, 0, 0, 0, 0, 0, 0, 8388656, 0, 100667499, 0, 0, 0, 0, 0, 0, 0, 0, 4, 0, 0, 0, 0, 0, 32, -0.1, 0, 0, 0, 0, 0, 0, 0, 0, 0, 33560217, 0, 98307, 0, 150995314, 0, 3084, 0);

INSERT INTO `ace_object` (`baseAceObjectId`, `weenieClassId`, `landblock`, `cell`, `posX`, `posY`, `posZ`, `qW`, `qX`, `qY`, `qZ`)
VALUES (1985265934, 48933, 25932, 1692, 142.54, -152.497, -0.20983, 0.7071068, 0, 0, -0.7071068);

INSERT INTO `base_ace_object` (`baseAceObjectId`, `name`, `typeId`, `paletteId`, `ammoType`, `blipColor`, `bitField`, `burden`, `combatUse`, `cooldownDuration`, `cooldownId`, `effects`, `containersCapacity`, `header`, `hookTypeId`, `iconId`, `iconOverlayId`, `iconUnderlayId`, `hookItemTypes`, `itemsCapacity`, `location`, `materialType`, `maxStackSize`, `maxStructure`, `radar`, `pscript`, `spellId`, `stackSize`, `structure`, `targetTypeId`, `usability`, `useRadius`, `validLocations`, `value`, `workmanship`, `animationFrameId`, `defaultScript`, `defaultScriptIntensity`, `elasticity`, `friction`, `locationId`, `modelTableId`, `objectScale`, `physicsBitField`, `physicsTableId`, `motionTableId`, `soundTableId`, `physicsState`, `translucency`)
VALUES (1939824640, 'Portal to Silyun', 65536, 0, 0, 0, 262164, 0, 0, 0, 0, 0, 0, 48, 0, 100667499, 0, 0, 0, 0, 0, 0, 0, 0, 0, 0, 0, 0, 0, 0, 32, -0.1, 0, 0, 0, 0, 0, 0, 0, 0, 0, 33554867, 0, 98307, 0, 150994947, 0, 3084, 0);

INSERT INTO `ace_object` (`baseAceObjectId`, `weenieClassId`, `landblock`, `cell`, `posX`, `posY`, `posZ`, `qW`, `qX`, `qY`, `qZ`)
VALUES (1939824640, 28708, 14838, 16, 33.7372, 186.893, 1.937, 0.8814508, 0, 0, 0.4722759);

INSERT INTO `base_ace_object` (`baseAceObjectId`, `name`, `typeId`, `paletteId`, `ammoType`, `blipColor`, `bitField`, `burden`, `combatUse`, `cooldownDuration`, `cooldownId`, `effects`, `containersCapacity`, `header`, `hookTypeId`, `iconId`, `iconOverlayId`, `iconUnderlayId`, `hookItemTypes`, `itemsCapacity`, `location`, `materialType`, `maxStackSize`, `maxStructure`, `radar`, `pscript`, `spellId`, `stackSize`, `structure`, `targetTypeId`, `usability`, `useRadius`, `validLocations`, `value`, `workmanship`, `animationFrameId`, `defaultScript`, `defaultScriptIntensity`, `elasticity`, `friction`, `locationId`, `modelTableId`, `objectScale`, `physicsBitField`, `physicsTableId`, `motionTableId`, `soundTableId`, `physicsState`, `translucency`)
VALUES (1945075712, 'Frigid Grotto', 65536, 0, 0, 0, 262164, 0, 0, 0, 0, 0, 0, 8388656, 0, 100667499, 0, 0, 0, 0, 0, 0, 0, 0, 4, 0, 0, 0, 0, 0, 32, -0.1, 0, 0, 0, 0, 0, 0, 0, 0, 0, 33555925, 0, 98307, 0, 150994947, 0, 3084, 0);

INSERT INTO `ace_object` (`baseAceObjectId`, `weenieClassId`, `landblock`, `cell`, `posX`, `posY`, `posZ`, `qW`, `qX`, `qY`, `qZ`)
VALUES (1945075712, 46304, 16120, 47, 137.333, 154.427, -0.9629999, 0.9996193, 0, 0, -0.02759081);

INSERT INTO `base_ace_object` (`baseAceObjectId`, `name`, `typeId`, `paletteId`, `ammoType`, `blipColor`, `bitField`, `burden`, `combatUse`, `cooldownDuration`, `cooldownId`, `effects`, `containersCapacity`, `header`, `hookTypeId`, `iconId`, `iconOverlayId`, `iconUnderlayId`, `hookItemTypes`, `itemsCapacity`, `location`, `materialType`, `maxStackSize`, `maxStructure`, `radar`, `pscript`, `spellId`, `stackSize`, `structure`, `targetTypeId`, `usability`, `useRadius`, `validLocations`, `value`, `workmanship`, `animationFrameId`, `defaultScript`, `defaultScriptIntensity`, `elasticity`, `friction`, `locationId`, `modelTableId`, `objectScale`, `physicsBitField`, `physicsTableId`, `motionTableId`, `soundTableId`, `physicsState`, `translucency`)
VALUES (1971638478, 'Surface', 65536, 0, 0, 0, 262164, 0, 0, 0, 0, 0, 0, 8388656, 0, 100667499, 0, 0, 0, 0, 0, 0, 0, 0, 4, 0, 0, 0, 0, 0, 32, -0.1, 0, 0, 0, 0, 0, 0, 0, 0, 0, 33554867, 0, 98307, 0, 150994947, 0, 3084, 0);

INSERT INTO `ace_object` (`baseAceObjectId`, `weenieClassId`, `landblock`, `cell`, `posX`, `posY`, `posZ`, `qW`, `qX`, `qY`, `qZ`)
VALUES (1971638478, 46308, 22605, 306, 190, -40, -24.063, 0.7071068, 0, 0, -0.7071068);

INSERT INTO `base_ace_object` (`baseAceObjectId`, `name`, `typeId`, `paletteId`, `ammoType`, `blipColor`, `bitField`, `burden`, `combatUse`, `cooldownDuration`, `cooldownId`, `effects`, `containersCapacity`, `header`, `hookTypeId`, `iconId`, `iconOverlayId`, `iconUnderlayId`, `hookItemTypes`, `itemsCapacity`, `location`, `materialType`, `maxStackSize`, `maxStructure`, `radar`, `pscript`, `spellId`, `stackSize`, `structure`, `targetTypeId`, `usability`, `useRadius`, `validLocations`, `value`, `workmanship`, `animationFrameId`, `defaultScript`, `defaultScriptIntensity`, `elasticity`, `friction`, `locationId`, `modelTableId`, `objectScale`, `physicsBitField`, `physicsTableId`, `motionTableId`, `soundTableId`, `physicsState`, `translucency`)
VALUES (3708069891, 'Olthoi Tunnel', 65536, 67109370, 0, 0, 262164, 0, 0, 0, 0, 0, 0, 8388656, 0, 100667499, 0, 0, 0, 0, 0, 0, 0, 0, 4, 0, 0, 0, 0, 0, 32, -0.1, 0, 0, 0, 0, 0, 0, 0, 0, 0, 33554867, 0, 98307, 0, 150994947, 0, 3084, 0);

INSERT INTO `ace_object` (`baseAceObjectId`, `weenieClassId`, `landblock`, `cell`, `posX`, `posY`, `posZ`, `qW`, `qX`, `qY`, `qZ`)
VALUES (3708069891, 43559, 11793, 263, 11.9795, 164.794, 50.337, 1, 0, 0, 0);

INSERT INTO `ace_object_palette_changes` (`baseAceObjectId`, `subPaletteId`, `offset`, `length`)
VALUES (3708069891, 67111849, 8, 2040);

INSERT INTO `base_ace_object` (`baseAceObjectId`, `name`, `typeId`, `paletteId`, `ammoType`, `blipColor`, `bitField`, `burden`, `combatUse`, `cooldownDuration`, `cooldownId`, `effects`, `containersCapacity`, `header`, `hookTypeId`, `iconId`, `iconOverlayId`, `iconUnderlayId`, `hookItemTypes`, `itemsCapacity`, `location`, `materialType`, `maxStackSize`, `maxStructure`, `radar`, `pscript`, `spellId`, `stackSize`, `structure`, `targetTypeId`, `usability`, `useRadius`, `validLocations`, `value`, `workmanship`, `animationFrameId`, `defaultScript`, `defaultScriptIntensity`, `elasticity`, `friction`, `locationId`, `modelTableId`, `objectScale`, `physicsBitField`, `physicsTableId`, `motionTableId`, `soundTableId`, `physicsState`, `translucency`)
VALUES (2086297631, 'Mammet Foundry Portal', 65536, 0, 0, 0, 262164, 0, 0, 0, 0, 0, 0, 8388656, 0, 100667499, 0, 0, 0, 0, 0, 0, 0, 0, 4, 0, 0, 0, 0, 0, 32, -0.1, 0, 0, 0, 0, 0, 0, 0, 0, 0, 33554867, 0, 98307, 0, 150994947, 0, 3084, 0);

INSERT INTO `ace_object` (`baseAceObjectId`, `weenieClassId`, `landblock`, `cell`, `posX`, `posY`, `posZ`, `qW`, `qX`, `qY`, `qZ`)
VALUES (2086297631, 19716, 50598, 283, 179.698, 17.7833, 32.737, 0.02970229, 0, 0, -0.9995588);

INSERT INTO `base_ace_object` (`baseAceObjectId`, `name`, `typeId`, `paletteId`, `ammoType`, `blipColor`, `bitField`, `burden`, `combatUse`, `cooldownDuration`, `cooldownId`, `effects`, `containersCapacity`, `header`, `hookTypeId`, `iconId`, `iconOverlayId`, `iconUnderlayId`, `hookItemTypes`, `itemsCapacity`, `location`, `materialType`, `maxStackSize`, `maxStructure`, `radar`, `pscript`, `spellId`, `stackSize`, `structure`, `targetTypeId`, `usability`, `useRadius`, `validLocations`, `value`, `workmanship`, `animationFrameId`, `defaultScript`, `defaultScriptIntensity`, `elasticity`, `friction`, `locationId`, `modelTableId`, `objectScale`, `physicsBitField`, `physicsTableId`, `motionTableId`, `soundTableId`, `physicsState`, `translucency`)
VALUES (2088644608, 'Destroyed Portal to Arwic', 65536, 0, 0, 0, 262164, 0, 0, 0, 0, 0, 0, 48, 0, 100667499, 0, 0, 0, 0, 0, 0, 0, 0, 0, 0, 0, 0, 0, 0, 1, -0.1, 0, 0, 0, 0, 0, 0, 0, 0, 0, 33561060, 0, 98307, 0, 150995314, 0, 3092, 0);

INSERT INTO `ace_object` (`baseAceObjectId`, `weenieClassId`, `landblock`, `cell`, `posX`, `posY`, `posZ`, `qW`, `qX`, `qY`, `qZ`)
VALUES (2088644608, 1013, 51171, 10, 28, 36, -0.6598301, -0.7071068, 0, 0, -0.7071068);

INSERT INTO `base_ace_object` (`baseAceObjectId`, `name`, `typeId`, `paletteId`, `ammoType`, `blipColor`, `bitField`, `burden`, `combatUse`, `cooldownDuration`, `cooldownId`, `effects`, `containersCapacity`, `header`, `hookTypeId`, `iconId`, `iconOverlayId`, `iconUnderlayId`, `hookItemTypes`, `itemsCapacity`, `location`, `materialType`, `maxStackSize`, `maxStructure`, `radar`, `pscript`, `spellId`, `stackSize`, `structure`, `targetTypeId`, `usability`, `useRadius`, `validLocations`, `value`, `workmanship`, `animationFrameId`, `defaultScript`, `defaultScriptIntensity`, `elasticity`, `friction`, `locationId`, `modelTableId`, `objectScale`, `physicsBitField`, `physicsTableId`, `motionTableId`, `soundTableId`, `physicsState`, `translucency`)
VALUES (2090745856, 'Deep Mukkir Nest', 65536, 0, 0, 0, 262164, 0, 0, 0, 0, 0, 0, 8388656, 0, 100667499, 0, 0, 0, 0, 0, 0, 0, 0, 4, 0, 0, 0, 0, 0, 32, -0.1, 0, 0, 0, 0, 0, 0, 0, 0, 0, 33555925, 0, 98307, 0, 150994947, 0, 3084, 0);

INSERT INTO `ace_object` (`baseAceObjectId`, `weenieClassId`, `landblock`, `cell`, `posX`, `posY`, `posZ`, `qW`, `qX`, `qY`, `qZ`)
VALUES (2090745856, 33543, 51684, 38, 108.505, 125.716, -0.163, -0.997276, 0, 0, -0.0737599);

INSERT INTO `base_ace_object` (`baseAceObjectId`, `name`, `typeId`, `paletteId`, `ammoType`, `blipColor`, `bitField`, `burden`, `combatUse`, `cooldownDuration`, `cooldownId`, `effects`, `containersCapacity`, `header`, `hookTypeId`, `iconId`, `iconOverlayId`, `iconUnderlayId`, `hookItemTypes`, `itemsCapacity`, `location`, `materialType`, `maxStackSize`, `maxStructure`, `radar`, `pscript`, `spellId`, `stackSize`, `structure`, `targetTypeId`, `usability`, `useRadius`, `validLocations`, `value`, `workmanship`, `animationFrameId`, `defaultScript`, `defaultScriptIntensity`, `elasticity`, `friction`, `locationId`, `modelTableId`, `objectScale`, `physicsBitField`, `physicsTableId`, `motionTableId`, `soundTableId`, `physicsState`, `translucency`)
VALUES (2103287842, 'Temple of Xik Minru', 65536, 0, 0, 0, 262164, 0, 0, 0, 0, 0, 0, 8388656, 0, 100667499, 0, 0, 0, 0, 0, 0, 0, 0, 4, 0, 0, 0, 0, 0, 32, -0.1, 0, 0, 0, 0, 0, 0, 0, 0, 0, 33555925, 0, 98307, 0, 150994947, 0, 3084, 0);

INSERT INTO `ace_object` (`baseAceObjectId`, `weenieClassId`, `landblock`, `cell`, `posX`, `posY`, `posZ`, `qW`, `qX`, `qY`, `qZ`)
VALUES (2103287842, 32045, 54746, 334, 180.083, 184.47, -0.06299996, -0.9999852, 0, 0, 0.005453111);

INSERT INTO `base_ace_object` (`baseAceObjectId`, `name`, `typeId`, `paletteId`, `ammoType`, `blipColor`, `bitField`, `burden`, `combatUse`, `cooldownDuration`, `cooldownId`, `effects`, `containersCapacity`, `header`, `hookTypeId`, `iconId`, `iconOverlayId`, `iconUnderlayId`, `hookItemTypes`, `itemsCapacity`, `location`, `materialType`, `maxStackSize`, `maxStructure`, `radar`, `pscript`, `spellId`, `stackSize`, `structure`, `targetTypeId`, `usability`, `useRadius`, `validLocations`, `value`, `workmanship`, `animationFrameId`, `defaultScript`, `defaultScriptIntensity`, `elasticity`, `friction`, `locationId`, `modelTableId`, `objectScale`, `physicsBitField`, `physicsTableId`, `motionTableId`, `soundTableId`, `physicsState`, `translucency`)
VALUES (2103287811, 'Upper Sanctum of Xik Minru', 65536, 0, 0, 0, 262164, 0, 0, 0, 0, 0, 0, 8388656, 0, 100667499, 0, 0, 0, 0, 0, 0, 0, 0, 4, 0, 0, 0, 0, 0, 32, -0.1, 0, 0, 0, 0, 0, 0, 0, 0, 0, 33555925, 0, 98307, 0, 150994947, 0, 3084, 0);

INSERT INTO `ace_object` (`baseAceObjectId`, `weenieClassId`, `landblock`, `cell`, `posX`, `posY`, `posZ`, `qW`, `qX`, `qY`, `qZ`)
VALUES (2103287811, 32044, 54746, 53, 167.841, 108.204, 115.937, 0.7071068, 0, 0, -0.7071068);

INSERT INTO `base_ace_object` (`baseAceObjectId`, `name`, `typeId`, `paletteId`, `ammoType`, `blipColor`, `bitField`, `burden`, `combatUse`, `cooldownDuration`, `cooldownId`, `effects`, `containersCapacity`, `header`, `hookTypeId`, `iconId`, `iconOverlayId`, `iconUnderlayId`, `hookItemTypes`, `itemsCapacity`, `location`, `materialType`, `maxStackSize`, `maxStructure`, `radar`, `pscript`, `spellId`, `stackSize`, `structure`, `targetTypeId`, `usability`, `useRadius`, `validLocations`, `value`, `workmanship`, `animationFrameId`, `defaultScript`, `defaultScriptIntensity`, `elasticity`, `friction`, `locationId`, `modelTableId`, `objectScale`, `physicsBitField`, `physicsTableId`, `motionTableId`, `soundTableId`, `physicsState`, `translucency`)
VALUES (2103287810, 'Upper Sanctum of Xik Minru', 65536, 0, 0, 0, 262164, 0, 0, 0, 0, 0, 0, 8388656, 0, 100667499, 0, 0, 0, 0, 0, 0, 0, 0, 4, 0, 0, 0, 0, 0, 32, -0.1, 0, 0, 0, 0, 0, 0, 0, 0, 0, 33555925, 0, 98307, 0, 150994947, 0, 3084, 0);

INSERT INTO `ace_object` (`baseAceObjectId`, `weenieClassId`, `landblock`, `cell`, `posX`, `posY`, `posZ`, `qW`, `qX`, `qY`, `qZ`)
VALUES (2103287810, 32044, 54746, 40, 107.867, 168.01, 115.937, 1, 0, 0, 0);

INSERT INTO `base_ace_object` (`baseAceObjectId`, `name`, `typeId`, `paletteId`, `ammoType`, `blipColor`, `bitField`, `burden`, `combatUse`, `cooldownDuration`, `cooldownId`, `effects`, `containersCapacity`, `header`, `hookTypeId`, `iconId`, `iconOverlayId`, `iconUnderlayId`, `hookItemTypes`, `itemsCapacity`, `location`, `materialType`, `maxStackSize`, `maxStructure`, `radar`, `pscript`, `spellId`, `stackSize`, `structure`, `targetTypeId`, `usability`, `useRadius`, `validLocations`, `value`, `workmanship`, `animationFrameId`, `defaultScript`, `defaultScriptIntensity`, `elasticity`, `friction`, `locationId`, `modelTableId`, `objectScale`, `physicsBitField`, `physicsTableId`, `motionTableId`, `soundTableId`, `physicsState`, `translucency`)
VALUES (1880031263, 'Exit', 65536, 0, 0, 0, 262164, 0, 0, 0, 0, 0, 0, 8388656, 0, 100667499, 0, 0, 0, 0, 0, 0, 0, 0, 4, 0, 0, 0, 0, 0, 32, -0.1, 0, 0, 0, 0, 0, 0, 0, 0, 0, 33555925, 0, 98307, 0, 150994947, 0, 3084, 0);

INSERT INTO `ace_object` (`baseAceObjectId`, `weenieClassId`, `landblock`, `cell`, `posX`, `posY`, `posZ`, `qW`, `qX`, `qY`, `qZ`)
VALUES (1880031263, 32037, 240, 328, 26.6118, -132.191, -0.06299996, 0.4692438, 0, 0, -0.8830686);

INSERT INTO `base_ace_object` (`baseAceObjectId`, `name`, `typeId`, `paletteId`, `ammoType`, `blipColor`, `bitField`, `burden`, `combatUse`, `cooldownDuration`, `cooldownId`, `effects`, `containersCapacity`, `header`, `hookTypeId`, `iconId`, `iconOverlayId`, `iconUnderlayId`, `hookItemTypes`, `itemsCapacity`, `location`, `materialType`, `maxStackSize`, `maxStructure`, `radar`, `pscript`, `spellId`, `stackSize`, `structure`, `targetTypeId`, `usability`, `useRadius`, `validLocations`, `value`, `workmanship`, `animationFrameId`, `defaultScript`, `defaultScriptIntensity`, `elasticity`, `friction`, `locationId`, `modelTableId`, `objectScale`, `physicsBitField`, `physicsTableId`, `motionTableId`, `soundTableId`, `physicsState`, `translucency`)
VALUES (1880031251, 'Exit', 65536, 0, 0, 0, 262164, 0, 0, 0, 0, 0, 0, 8388656, 0, 100667499, 0, 0, 0, 0, 0, 0, 0, 0, 4, 0, 0, 0, 0, 0, 32, -0.1, 0, 0, 0, 0, 0, 0, 0, 0, 0, 33555925, 0, 98307, 0, 150994947, 0, 3084, 0);

INSERT INTO `ace_object` (`baseAceObjectId`, `weenieClassId`, `landblock`, `cell`, `posX`, `posY`, `posZ`, `qW`, `qX`, `qY`, `qZ`)
VALUES (1880031251, 32037, 240, 302, 13.3977, -132.112, -0.06299996, -0.40661, 0, 0, -0.9136019);

INSERT INTO `base_ace_object` (`baseAceObjectId`, `name`, `typeId`, `paletteId`, `ammoType`, `blipColor`, `bitField`, `burden`, `combatUse`, `cooldownDuration`, `cooldownId`, `effects`, `containersCapacity`, `header`, `hookTypeId`, `iconId`, `iconOverlayId`, `iconUnderlayId`, `hookItemTypes`, `itemsCapacity`, `location`, `materialType`, `maxStackSize`, `maxStructure`, `radar`, `pscript`, `spellId`, `stackSize`, `structure`, `targetTypeId`, `usability`, `useRadius`, `validLocations`, `value`, `workmanship`, `animationFrameId`, `defaultScript`, `defaultScriptIntensity`, `elasticity`, `friction`, `locationId`, `modelTableId`, `objectScale`, `physicsBitField`, `physicsTableId`, `motionTableId`, `soundTableId`, `physicsState`, `translucency`)
VALUES (1880031269, 'Temple of Xik Minru', 65536, 0, 0, 0, 262164, 0, 0, 0, 0, 0, 0, 8388656, 0, 100667499, 0, 0, 0, 0, 0, 0, 0, 0, 4, 0, 0, 0, 0, 0, 32, -0.1, 0, 0, 0, 0, 0, 0, 0, 0, 0, 33555925, 0, 98307, 0, 150994947, 0, 3084, 0);

INSERT INTO `ace_object` (`baseAceObjectId`, `weenieClassId`, `landblock`, `cell`, `posX`, `posY`, `posZ`, `qW`, `qX`, `qY`, `qZ`)
VALUES (1880031269, 32045, 240, 350, 32.6666, -57.3932, 5.937, 0.9305078, 0, 0, -0.3662719);

INSERT INTO `base_ace_object` (`baseAceObjectId`, `name`, `typeId`, `paletteId`, `ammoType`, `blipColor`, `bitField`, `burden`, `combatUse`, `cooldownDuration`, `cooldownId`, `effects`, `containersCapacity`, `header`, `hookTypeId`, `iconId`, `iconOverlayId`, `iconUnderlayId`, `hookItemTypes`, `itemsCapacity`, `location`, `materialType`, `maxStackSize`, `maxStructure`, `radar`, `pscript`, `spellId`, `stackSize`, `structure`, `targetTypeId`, `usability`, `useRadius`, `validLocations`, `value`, `workmanship`, `animationFrameId`, `defaultScript`, `defaultScriptIntensity`, `elasticity`, `friction`, `locationId`, `modelTableId`, `objectScale`, `physicsBitField`, `physicsTableId`, `motionTableId`, `soundTableId`, `physicsState`, `translucency`)
VALUES (1880031252, 'Sanctum of Xik Minru', 65536, 0, 0, 0, 262164, 0, 0, 0, 0, 0, 0, 8388656, 0, 100667499, 0, 0, 0, 0, 0, 0, 0, 0, 4, 0, 0, 0, 0, 0, 32, -0.1, 0, 0, 0, 0, 0, 0, 0, 0, 0, 33555925, 0, 98307, 0, 150994947, 0, 3084, 0);

INSERT INTO `ace_object` (`baseAceObjectId`, `weenieClassId`, `landblock`, `cell`, `posX`, `posY`, `posZ`, `qW`, `qX`, `qY`, `qZ`)
VALUES (1880031252, 32039, 240, 304, 20, -7.10661, -0.06299996, 1, 0, 0, 0);

INSERT INTO `base_ace_object` (`baseAceObjectId`, `name`, `typeId`, `paletteId`, `ammoType`, `blipColor`, `bitField`, `burden`, `combatUse`, `cooldownDuration`, `cooldownId`, `effects`, `containersCapacity`, `header`, `hookTypeId`, `iconId`, `iconOverlayId`, `iconUnderlayId`, `hookItemTypes`, `itemsCapacity`, `location`, `materialType`, `maxStackSize`, `maxStructure`, `radar`, `pscript`, `spellId`, `stackSize`, `structure`, `targetTypeId`, `usability`, `useRadius`, `validLocations`, `value`, `workmanship`, `animationFrameId`, `defaultScript`, `defaultScriptIntensity`, `elasticity`, `friction`, `locationId`, `modelTableId`, `objectScale`, `physicsBitField`, `physicsTableId`, `motionTableId`, `soundTableId`, `physicsState`, `translucency`)
VALUES (1880031371, 'Exit', 65536, 0, 0, 0, 262164, 0, 0, 0, 0, 0, 0, 8388656, 0, 100667499, 0, 0, 0, 0, 0, 0, 0, 0, 4, 0, 0, 0, 0, 0, 32, -0.1, 0, 0, 0, 0, 0, 0, 0, 0, 0, 33555925, 0, 98307, 0, 150994947, 0, 3084, 0);

INSERT INTO `ace_object` (`baseAceObjectId`, `weenieClassId`, `landblock`, `cell`, `posX`, `posY`, `posZ`, `qW`, `qX`, `qY`, `qZ`)
VALUES (1880031371, 32037, 240, 831, 100.713, -90.6231, 17.937, 0.9151058, 0, 0, 0.4032139);

INSERT INTO `base_ace_object` (`baseAceObjectId`, `name`, `typeId`, `paletteId`, `ammoType`, `blipColor`, `bitField`, `burden`, `combatUse`, `cooldownDuration`, `cooldownId`, `effects`, `containersCapacity`, `header`, `hookTypeId`, `iconId`, `iconOverlayId`, `iconUnderlayId`, `hookItemTypes`, `itemsCapacity`, `location`, `materialType`, `maxStackSize`, `maxStructure`, `radar`, `pscript`, `spellId`, `stackSize`, `structure`, `targetTypeId`, `usability`, `useRadius`, `validLocations`, `value`, `workmanship`, `animationFrameId`, `defaultScript`, `defaultScriptIntensity`, `elasticity`, `friction`, `locationId`, `modelTableId`, `objectScale`, `physicsBitField`, `physicsTableId`, `motionTableId`, `soundTableId`, `physicsState`, `translucency`)
VALUES (1880031512, 'Southern Courtyard', 65536, 0, 0, 0, 262164, 0, 0, 0, 0, 0, 0, 8388656, 0, 100667499, 0, 0, 0, 0, 0, 0, 0, 0, 4, 0, 0, 0, 0, 0, 32, -0.1, 0, 0, 0, 0, 0, 0, 0, 0, 0, 33555925, 0, 98307, 0, 150994947, 0, 3084, 0);

INSERT INTO `ace_object` (`baseAceObjectId`, `weenieClassId`, `landblock`, `cell`, `posX`, `posY`, `posZ`, `qW`, `qX`, `qY`, `qZ`)
VALUES (1880031512, 32043, 240, 1714, 80, -80, 53.937, -4.37114E-08, 0, 0, -1);

INSERT INTO `base_ace_object` (`baseAceObjectId`, `name`, `typeId`, `paletteId`, `ammoType`, `blipColor`, `bitField`, `burden`, `combatUse`, `cooldownDuration`, `cooldownId`, `effects`, `containersCapacity`, `header`, `hookTypeId`, `iconId`, `iconOverlayId`, `iconUnderlayId`, `hookItemTypes`, `itemsCapacity`, `location`, `materialType`, `maxStackSize`, `maxStructure`, `radar`, `pscript`, `spellId`, `stackSize`, `structure`, `targetTypeId`, `usability`, `useRadius`, `validLocations`, `value`, `workmanship`, `animationFrameId`, `defaultScript`, `defaultScriptIntensity`, `elasticity`, `friction`, `locationId`, `modelTableId`, `objectScale`, `physicsBitField`, `physicsTableId`, `motionTableId`, `soundTableId`, `physicsState`, `translucency`)
VALUES (2103287808, 'Upper Sanctum of Xik Minru', 65536, 0, 0, 0, 262164, 0, 0, 0, 0, 0, 0, 8388656, 0, 100667499, 0, 0, 0, 0, 0, 0, 0, 0, 4, 0, 0, 0, 0, 0, 32, -0.1, 0, 0, 0, 0, 0, 0, 0, 0, 0, 33555925, 0, 98307, 0, 150994947, 0, 3084, 0);

INSERT INTO `ace_object` (`baseAceObjectId`, `weenieClassId`, `landblock`, `cell`, `posX`, `posY`, `posZ`, `qW`, `qX`, `qY`, `qZ`)
VALUES (2103287808, 32044, 54746, 34, 107.706, 47.9397, 115.9366, 1, 0, 0, 0);

INSERT INTO `base_ace_object` (`baseAceObjectId`, `name`, `typeId`, `paletteId`, `ammoType`, `blipColor`, `bitField`, `burden`, `combatUse`, `cooldownDuration`, `cooldownId`, `effects`, `containersCapacity`, `header`, `hookTypeId`, `iconId`, `iconOverlayId`, `iconUnderlayId`, `hookItemTypes`, `itemsCapacity`, `location`, `materialType`, `maxStackSize`, `maxStructure`, `radar`, `pscript`, `spellId`, `stackSize`, `structure`, `targetTypeId`, `usability`, `useRadius`, `validLocations`, `value`, `workmanship`, `animationFrameId`, `defaultScript`, `defaultScriptIntensity`, `elasticity`, `friction`, `locationId`, `modelTableId`, `objectScale`, `physicsBitField`, `physicsTableId`, `motionTableId`, `soundTableId`, `physicsState`, `translucency`)
VALUES (2103287809, 'Upper Sanctum of Xik Minru', 65536, 0, 0, 0, 262164, 0, 0, 0, 0, 0, 0, 8388656, 0, 100667499, 0, 0, 0, 0, 0, 0, 0, 0, 4, 0, 0, 0, 0, 0, 32, -0.1, 0, 0, 0, 0, 0, 0, 0, 0, 0, 33555925, 0, 98307, 0, 150994947, 0, 3084, 0);

INSERT INTO `ace_object` (`baseAceObjectId`, `weenieClassId`, `landblock`, `cell`, `posX`, `posY`, `posZ`, `qW`, `qX`, `qY`, `qZ`)
VALUES (2103287809, 32044, 54746, 13, 47.67, 108.055, 115.935, 0.7071068, 0, 0, -0.7071068);

INSERT INTO `base_ace_object` (`baseAceObjectId`, `name`, `typeId`, `paletteId`, `ammoType`, `blipColor`, `bitField`, `burden`, `combatUse`, `cooldownDuration`, `cooldownId`, `effects`, `containersCapacity`, `header`, `hookTypeId`, `iconId`, `iconOverlayId`, `iconUnderlayId`, `hookItemTypes`, `itemsCapacity`, `location`, `materialType`, `maxStackSize`, `maxStructure`, `radar`, `pscript`, `spellId`, `stackSize`, `structure`, `targetTypeId`, `usability`, `useRadius`, `validLocations`, `value`, `workmanship`, `animationFrameId`, `defaultScript`, `defaultScriptIntensity`, `elasticity`, `friction`, `locationId`, `modelTableId`, `objectScale`, `physicsBitField`, `physicsTableId`, `motionTableId`, `soundTableId`, `physicsState`, `translucency`)
VALUES (1946357762, 'Small Black Hill', 65536, 0, 0, 0, 262164, 0, 0, 0, 0, 0, 0, 8388656, 0, 100667499, 0, 0, 0, 0, 0, 0, 0, 0, 4, 0, 0, 0, 0, 0, 32, -0.1, 0, 0, 0, 0, 0, 0, 0, 0, 0, 33554867, 0, 98307, 0, 150994947, 0, 3084, 0);

INSERT INTO `ace_object` (`baseAceObjectId`, `weenieClassId`, `landblock`, `cell`, `posX`, `posY`, `posZ`, `qW`, `qX`, `qY`, `qZ`)
VALUES (1946357762, 2329, 16433, 64, 170.297, 178.532, 11.74558, 0.6921692, 0, 0, 0.7217352);

INSERT INTO `base_ace_object` (`baseAceObjectId`, `name`, `typeId`, `paletteId`, `ammoType`, `blipColor`, `bitField`, `burden`, `combatUse`, `cooldownDuration`, `cooldownId`, `effects`, `containersCapacity`, `header`, `hookTypeId`, `iconId`, `iconOverlayId`, `iconUnderlayId`, `hookItemTypes`, `itemsCapacity`, `location`, `materialType`, `maxStackSize`, `maxStructure`, `radar`, `pscript`, `spellId`, `stackSize`, `structure`, `targetTypeId`, `usability`, `useRadius`, `validLocations`, `value`, `workmanship`, `animationFrameId`, `defaultScript`, `defaultScriptIntensity`, `elasticity`, `friction`, `locationId`, `modelTableId`, `objectScale`, `physicsBitField`, `physicsTableId`, `motionTableId`, `soundTableId`, `physicsState`, `translucency`)
VALUES (1946357763, 'Small Hill Base', 65536, 0, 0, 0, 262164, 0, 0, 0, 0, 0, 0, 8388656, 0, 100667499, 0, 0, 0, 0, 0, 0, 0, 0, 4, 0, 0, 0, 0, 0, 32, -0.1, 0, 0, 0, 0, 0, 0, 0, 0, 0, 33554867, 0, 98307, 0, 150994947, 0, 3084, 0);

INSERT INTO `ace_object` (`baseAceObjectId`, `weenieClassId`, `landblock`, `cell`, `posX`, `posY`, `posZ`, `qW`, `qX`, `qY`, `qZ`)
VALUES (1946357763, 2330, 16433, 31, 92.783, 165.164, 147.937, -0.31579, 0, 0, -0.9488291);

INSERT INTO `base_ace_object` (`baseAceObjectId`, `name`, `typeId`, `paletteId`, `ammoType`, `blipColor`, `bitField`, `burden`, `combatUse`, `cooldownDuration`, `cooldownId`, `effects`, `containersCapacity`, `header`, `hookTypeId`, `iconId`, `iconOverlayId`, `iconUnderlayId`, `hookItemTypes`, `itemsCapacity`, `location`, `materialType`, `maxStackSize`, `maxStructure`, `radar`, `pscript`, `spellId`, `stackSize`, `structure`, `targetTypeId`, `usability`, `useRadius`, `validLocations`, `value`, `workmanship`, `animationFrameId`, `defaultScript`, `defaultScriptIntensity`, `elasticity`, `friction`, `locationId`, `modelTableId`, `objectScale`, `physicsBitField`, `physicsTableId`, `motionTableId`, `soundTableId`, `physicsState`, `translucency`)
VALUES (1946357761, 'Black Hill', 65536, 0, 0, 0, 262164, 0, 0, 0, 0, 0, 0, 8388656, 0, 100667499, 0, 0, 0, 0, 0, 0, 0, 0, 4, 0, 0, 0, 0, 0, 32, -0.1, 0, 0, 0, 0, 0, 0, 0, 0, 0, 33554867, 0, 98307, 0, 150994947, 0, 3084, 0);

INSERT INTO `ace_object` (`baseAceObjectId`, `weenieClassId`, `landblock`, `cell`, `posX`, `posY`, `posZ`, `qW`, `qX`, `qY`, `qZ`)
VALUES (1946357761, 2328, 16433, 22, 49.726, 130.579, 147.937, -0.7071068, 0, 0, -0.7071068);

INSERT INTO `base_ace_object` (`baseAceObjectId`, `name`, `typeId`, `paletteId`, `ammoType`, `blipColor`, `bitField`, `burden`, `combatUse`, `cooldownDuration`, `cooldownId`, `effects`, `containersCapacity`, `header`, `hookTypeId`, `iconId`, `iconOverlayId`, `iconUnderlayId`, `hookItemTypes`, `itemsCapacity`, `location`, `materialType`, `maxStackSize`, `maxStructure`, `radar`, `pscript`, `spellId`, `stackSize`, `structure`, `targetTypeId`, `usability`, `useRadius`, `validLocations`, `value`, `workmanship`, `animationFrameId`, `defaultScript`, `defaultScriptIntensity`, `elasticity`, `friction`, `locationId`, `modelTableId`, `objectScale`, `physicsBitField`, `physicsTableId`, `motionTableId`, `soundTableId`, `physicsState`, `translucency`)
VALUES (1880883200, 'Surface', 65536, 0, 0, 0, 262164, 0, 0, 0, 0, 0, 0, 8388656, 0, 100667499, 0, 0, 0, 0, 0, 0, 0, 0, 4, 0, 0, 0, 0, 0, 32, -0.1, 0, 0, 0, 0, 0, 0, 0, 0, 0, 33554867, 0, 98307, 0, 150994947, 0, 3084, 0);

INSERT INTO `ace_object` (`baseAceObjectId`, `weenieClassId`, `landblock`, `cell`, `posX`, `posY`, `posZ`, `qW`, `qX`, `qY`, `qZ`)
VALUES (1880883200, 2336, 448, 291, 0.62775, -58.9392, -0.06299996, 0.9238793, 0, 0, -0.3826841);

INSERT INTO `base_ace_object` (`baseAceObjectId`, `name`, `typeId`, `paletteId`, `ammoType`, `blipColor`, `bitField`, `burden`, `combatUse`, `cooldownDuration`, `cooldownId`, `effects`, `containersCapacity`, `header`, `hookTypeId`, `iconId`, `iconOverlayId`, `iconUnderlayId`, `hookItemTypes`, `itemsCapacity`, `location`, `materialType`, `maxStackSize`, `maxStructure`, `radar`, `pscript`, `spellId`, `stackSize`, `structure`, `targetTypeId`, `usability`, `useRadius`, `validLocations`, `value`, `workmanship`, `animationFrameId`, `defaultScript`, `defaultScriptIntensity`, `elasticity`, `friction`, `locationId`, `modelTableId`, `objectScale`, `physicsBitField`, `physicsTableId`, `motionTableId`, `soundTableId`, `physicsState`, `translucency`)
VALUES (1882161152, 'Surface Portal', 65536, 0, 0, 0, 262164, 0, 0, 0, 0, 0, 0, 8388656, 0, 100667499, 0, 0, 0, 0, 0, 0, 0, 0, 4, 0, 0, 0, 0, 0, 32, -0.1, 0, 0, 0, 0, 0, 0, 0, 0, 0, 33554867, 0, 98307, 0, 150994947, 0, 3084, 0);

INSERT INTO `ace_object` (`baseAceObjectId`, `weenieClassId`, `landblock`, `cell`, `posX`, `posY`, `posZ`, `qW`, `qX`, `qY`, `qZ`)
VALUES (1882161152, 7284, 760, 256, 50.05, -190, -29.86748, 0.7071068, 0, 0, -0.7071068);

INSERT INTO `base_ace_object` (`baseAceObjectId`, `name`, `typeId`, `paletteId`, `ammoType`, `blipColor`, `bitField`, `burden`, `combatUse`, `cooldownDuration`, `cooldownId`, `effects`, `containersCapacity`, `header`, `hookTypeId`, `iconId`, `iconOverlayId`, `iconUnderlayId`, `hookItemTypes`, `itemsCapacity`, `location`, `materialType`, `maxStackSize`, `maxStructure`, `radar`, `pscript`, `spellId`, `stackSize`, `structure`, `targetTypeId`, `usability`, `useRadius`, `validLocations`, `value`, `workmanship`, `animationFrameId`, `defaultScript`, `defaultScriptIntensity`, `elasticity`, `friction`, `locationId`, `modelTableId`, `objectScale`, `physicsBitField`, `physicsTableId`, `motionTableId`, `soundTableId`, `physicsState`, `translucency`)
VALUES (1980010545, 'Surface', 65536, 0, 0, 0, 262164, 0, 0, 0, 0, 0, 0, 8388656, 0, 100667499, 0, 0, 0, 0, 0, 0, 0, 0, 4, 0, 0, 0, 0, 0, 32, -0.1, 0, 0, 0, 0, 0, 0, 0, 0, 0, 33554867, 0, 98307, 0, 150994947, 0, 3084, 0);

INSERT INTO `ace_object` (`baseAceObjectId`, `weenieClassId`, `landblock`, `cell`, `posX`, `posY`, `posZ`, `qW`, `qX`, `qY`, `qZ`)
VALUES (1980010545, 25497, 24649, 808, 50.007, -118.2897, -0.06299996, -4.37114E-08, 0, 0, -1);

INSERT INTO `base_ace_object` (`baseAceObjectId`, `name`, `typeId`, `paletteId`, `ammoType`, `blipColor`, `bitField`, `burden`, `combatUse`, `cooldownDuration`, `cooldownId`, `effects`, `containersCapacity`, `header`, `hookTypeId`, `iconId`, `iconOverlayId`, `iconUnderlayId`, `hookItemTypes`, `itemsCapacity`, `location`, `materialType`, `maxStackSize`, `maxStructure`, `radar`, `pscript`, `spellId`, `stackSize`, `structure`, `targetTypeId`, `usability`, `useRadius`, `validLocations`, `value`, `workmanship`, `animationFrameId`, `defaultScript`, `defaultScriptIntensity`, `elasticity`, `friction`, `locationId`, `modelTableId`, `objectScale`, `physicsBitField`, `physicsTableId`, `motionTableId`, `soundTableId`, `physicsState`, `translucency`)
VALUES (2045952000, 'Crystal Core', 65536, 0, 0, 0, 262164, 0, 0, 0, 0, 0, 0, 8388656, 0, 100667499, 0, 0, 0, 0, 0, 0, 0, 0, 4, 0, 0, 0, 0, 0, 32, -0.1, 0, 0, 0, 0, 0, 0, 0, 0, 0, 33555923, 0, 98307, 0, 150994947, 0, 3084, 0);

INSERT INTO `ace_object` (`baseAceObjectId`, `weenieClassId`, `landblock`, `cell`, `posX`, `posY`, `posZ`, `qW`, `qX`, `qY`, `qZ`)
VALUES (2045952000, 48719, 40748, 42, 140.288, 31.6523, 158.99, -0.0664008, 0, 0, -0.997793);

INSERT INTO `base_ace_object` (`baseAceObjectId`, `name`, `typeId`, `paletteId`, `ammoType`, `blipColor`, `bitField`, `burden`, `combatUse`, `cooldownDuration`, `cooldownId`, `effects`, `containersCapacity`, `header`, `hookTypeId`, `iconId`, `iconOverlayId`, `iconUnderlayId`, `hookItemTypes`, `itemsCapacity`, `location`, `materialType`, `maxStackSize`, `maxStructure`, `radar`, `pscript`, `spellId`, `stackSize`, `structure`, `targetTypeId`, `usability`, `useRadius`, `validLocations`, `value`, `workmanship`, `animationFrameId`, `defaultScript`, `defaultScriptIntensity`, `elasticity`, `friction`, `locationId`, `modelTableId`, `objectScale`, `physicsBitField`, `physicsTableId`, `motionTableId`, `soundTableId`, `physicsState`, `translucency`)
VALUES (1971720307, 'Surface', 65536, 0, 0, 0, 262164, 0, 0, 0, 0, 0, 0, 8388656, 0, 100667499, 0, 0, 0, 0, 0, 0, 0, 0, 4, 0, 0, 0, 0, 0, 32, -0.1, 0, 0, 0, 0, 0, 0, 0, 0, 0, 33554867, 0, 98307, 0, 150994947, 0, 3084, 0);

INSERT INTO `ace_object` (`baseAceObjectId`, `weenieClassId`, `landblock`, `cell`, `posX`, `posY`, `posZ`, `qW`, `qX`, `qY`, `qZ`)
VALUES (1971720307, 48735, 22625, 303, 53.0294, -29.9331, -0.06299996, 0.7071068, 0, 0, -0.7071068);

INSERT INTO `base_ace_object` (`baseAceObjectId`, `name`, `typeId`, `paletteId`, `ammoType`, `blipColor`, `bitField`, `burden`, `combatUse`, `cooldownDuration`, `cooldownId`, `effects`, `containersCapacity`, `header`, `hookTypeId`, `iconId`, `iconOverlayId`, `iconUnderlayId`, `hookItemTypes`, `itemsCapacity`, `location`, `materialType`, `maxStackSize`, `maxStructure`, `radar`, `pscript`, `spellId`, `stackSize`, `structure`, `targetTypeId`, `usability`, `useRadius`, `validLocations`, `value`, `workmanship`, `animationFrameId`, `defaultScript`, `defaultScriptIntensity`, `elasticity`, `friction`, `locationId`, `modelTableId`, `objectScale`, `physicsBitField`, `physicsTableId`, `motionTableId`, `soundTableId`, `physicsState`, `translucency`)
VALUES (1971720308, 'Surface', 65536, 0, 0, 0, 262164, 0, 0, 0, 0, 0, 0, 8388656, 0, 100667499, 0, 0, 0, 0, 0, 0, 0, 0, 4, 0, 0, 0, 0, 0, 32, -0.1, 0, 0, 0, 0, 0, 0, 0, 0, 0, 33554867, 0, 98307, 0, 150994947, 0, 3084, 0);

INSERT INTO `ace_object` (`baseAceObjectId`, `weenieClassId`, `landblock`, `cell`, `posX`, `posY`, `posZ`, `qW`, `qX`, `qY`, `qZ`)
VALUES (1971720308, 48735, 22625, 377, 86.9632, -29.8529, -0.06299996, 0.7071068, 0, 0, -0.7071068);

INSERT INTO `base_ace_object` (`baseAceObjectId`, `name`, `typeId`, `paletteId`, `ammoType`, `blipColor`, `bitField`, `burden`, `combatUse`, `cooldownDuration`, `cooldownId`, `effects`, `containersCapacity`, `header`, `hookTypeId`, `iconId`, `iconOverlayId`, `iconUnderlayId`, `hookItemTypes`, `itemsCapacity`, `location`, `materialType`, `maxStackSize`, `maxStructure`, `radar`, `pscript`, `spellId`, `stackSize`, `structure`, `targetTypeId`, `usability`, `useRadius`, `validLocations`, `value`, `workmanship`, `animationFrameId`, `defaultScript`, `defaultScriptIntensity`, `elasticity`, `friction`, `locationId`, `modelTableId`, `objectScale`, `physicsBitField`, `physicsTableId`, `motionTableId`, `soundTableId`, `physicsState`, `translucency`)
VALUES (1984200729, 'Surface', 65536, 0, 0, 0, 262164, 0, 0, 0, 0, 0, 0, 8388656, 0, 100667499, 0, 0, 0, 0, 0, 0, 0, 0, 4, 0, 0, 0, 0, 0, 32, -0.1, 0, 0, 0, 0, 0, 0, 0, 0, 0, 33554867, 0, 98307, 0, 150994947, 0, 3084, 0);

INSERT INTO `ace_object` (`baseAceObjectId`, `weenieClassId`, `landblock`, `cell`, `posX`, `posY`, `posZ`, `qW`, `qX`, `qY`, `qZ`)
VALUES (1984200729, 25796, 25672, 390, 50, -36, -0.06299996, -4.37114E-08, 0, 0, -1);

INSERT INTO `base_ace_object` (`baseAceObjectId`, `name`, `typeId`, `paletteId`, `ammoType`, `blipColor`, `bitField`, `burden`, `combatUse`, `cooldownDuration`, `cooldownId`, `effects`, `containersCapacity`, `header`, `hookTypeId`, `iconId`, `iconOverlayId`, `iconUnderlayId`, `hookItemTypes`, `itemsCapacity`, `location`, `materialType`, `maxStackSize`, `maxStructure`, `radar`, `pscript`, `spellId`, `stackSize`, `structure`, `targetTypeId`, `usability`, `useRadius`, `validLocations`, `value`, `workmanship`, `animationFrameId`, `defaultScript`, `defaultScriptIntensity`, `elasticity`, `friction`, `locationId`, `modelTableId`, `objectScale`, `physicsBitField`, `physicsTableId`, `motionTableId`, `soundTableId`, `physicsState`, `translucency`)
VALUES (2022068257, 'Desert Dwelling', 65536, 0, 0, 0, 262164, 0, 0, 0, 0, 0, 0, 8388656, 0, 100667499, 0, 0, 0, 0, 0, 0, 0, 0, 4, 0, 0, 0, 0, 0, 32, -0.1, 0, 0, 0, 0, 0, 0, 0, 0, 0, 33555924, 0, 98307, 0, 150994947, 0, 3084, 0);

INSERT INTO `ace_object` (`baseAceObjectId`, `weenieClassId`, `landblock`, `cell`, `posX`, `posY`, `posZ`, `qW`, `qX`, `qY`, `qZ`)
VALUES (2022068257, 48823, 34917, 58, 187.636, 39.858, 7.82102, 1, 0, 0, 0);

INSERT INTO `base_ace_object` (`baseAceObjectId`, `name`, `typeId`, `paletteId`, `ammoType`, `blipColor`, `bitField`, `burden`, `combatUse`, `cooldownDuration`, `cooldownId`, `effects`, `containersCapacity`, `header`, `hookTypeId`, `iconId`, `iconOverlayId`, `iconUnderlayId`, `hookItemTypes`, `itemsCapacity`, `location`, `materialType`, `maxStackSize`, `maxStructure`, `radar`, `pscript`, `spellId`, `stackSize`, `structure`, `targetTypeId`, `usability`, `useRadius`, `validLocations`, `value`, `workmanship`, `animationFrameId`, `defaultScript`, `defaultScriptIntensity`, `elasticity`, `friction`, `locationId`, `modelTableId`, `objectScale`, `physicsBitField`, `physicsTableId`, `motionTableId`, `soundTableId`, `physicsState`, `translucency`)
VALUES (2022068258, 'Sanctuary of the Recluse', 65536, 0, 0, 0, 262164, 0, 0, 0, 0, 0, 0, 8388656, 0, 100667499, 0, 0, 0, 0, 0, 0, 0, 0, 4, 0, 0, 0, 0, 0, 32, -0.1, 0, 0, 0, 0, 0, 0, 0, 0, 0, 33555924, 0, 98307, 0, 150994947, 0, 3084, 0);

INSERT INTO `ace_object` (`baseAceObjectId`, `weenieClassId`, `landblock`, `cell`, `posX`, `posY`, `posZ`, `qW`, `qX`, `qY`, `qZ`)
VALUES (2022068258, 52214, 34917, 52, 150.741, 75.9614, 15.65301, -0.9999567, 0, 0, -0.009311927);

INSERT INTO `base_ace_object` (`baseAceObjectId`, `name`, `typeId`, `paletteId`, `ammoType`, `blipColor`, `bitField`, `burden`, `combatUse`, `cooldownDuration`, `cooldownId`, `effects`, `containersCapacity`, `header`, `hookTypeId`, `iconId`, `iconOverlayId`, `iconUnderlayId`, `hookItemTypes`, `itemsCapacity`, `location`, `materialType`, `maxStackSize`, `maxStructure`, `radar`, `pscript`, `spellId`, `stackSize`, `structure`, `targetTypeId`, `usability`, `useRadius`, `validLocations`, `value`, `workmanship`, `animationFrameId`, `defaultScript`, `defaultScriptIntensity`, `elasticity`, `friction`, `locationId`, `modelTableId`, `objectScale`, `physicsBitField`, `physicsTableId`, `motionTableId`, `soundTableId`, `physicsState`, `translucency`)
VALUES (1971728476, 'Surface', 65536, 0, 0, 0, 262164, 0, 0, 0, 0, 0, 0, 8388656, 0, 100667499, 0, 0, 0, 0, 0, 0, 0, 0, 4, 0, 0, 0, 0, 0, 32, -0.1, 0, 0, 0, 0, 0, 0, 0, 0, 0, 33554867, 0, 98307, 0, 150994947, 0, 3084, 0);

INSERT INTO `ace_object` (`baseAceObjectId`, `weenieClassId`, `landblock`, `cell`, `posX`, `posY`, `posZ`, `qW`, `qX`, `qY`, `qZ`)
VALUES (1971728476, 48901, 22627, 270, 136.114, -80, -138.063, -0.7071068, 0, 0, -0.7071068);

INSERT INTO `base_ace_object` (`baseAceObjectId`, `name`, `typeId`, `paletteId`, `ammoType`, `blipColor`, `bitField`, `burden`, `combatUse`, `cooldownDuration`, `cooldownId`, `effects`, `containersCapacity`, `header`, `hookTypeId`, `iconId`, `iconOverlayId`, `iconUnderlayId`, `hookItemTypes`, `itemsCapacity`, `location`, `materialType`, `maxStackSize`, `maxStructure`, `radar`, `pscript`, `spellId`, `stackSize`, `structure`, `targetTypeId`, `usability`, `useRadius`, `validLocations`, `value`, `workmanship`, `animationFrameId`, `defaultScript`, `defaultScriptIntensity`, `elasticity`, `friction`, `locationId`, `modelTableId`, `objectScale`, `physicsBitField`, `physicsTableId`, `motionTableId`, `soundTableId`, `physicsState`, `translucency`)
VALUES (2066452654, 'House Portal', 65536, 0, 0, 0, 262164, 0, 0, 0, 0, 0, 0, 41943088, 0, 100667499, 0, 0, 0, 0, 0, 0, 0, 0, 4, 0, 0, 0, 0, 0, 32, 0.75, 0, 0, 0, 0, 0, 0, 0, 0, 0, 33554867, 0, 98307, 0, 150994947, 0, 3076, 0);

INSERT INTO `ace_object` (`baseAceObjectId`, `weenieClassId`, `landblock`, `cell`, `posX`, `posY`, `posZ`, `qW`, `qX`, `qY`, `qZ`)
VALUES (2066452654, 11730, 45753, 280, 131.847, 98.4833, 119.137, 0.003900361, 0, 0, 0.9999924);

INSERT INTO `base_ace_object` (`baseAceObjectId`, `name`, `typeId`, `paletteId`, `ammoType`, `blipColor`, `bitField`, `burden`, `combatUse`, `cooldownDuration`, `cooldownId`, `effects`, `containersCapacity`, `header`, `hookTypeId`, `iconId`, `iconOverlayId`, `iconUnderlayId`, `hookItemTypes`, `itemsCapacity`, `location`, `materialType`, `maxStackSize`, `maxStructure`, `radar`, `pscript`, `spellId`, `stackSize`, `structure`, `targetTypeId`, `usability`, `useRadius`, `validLocations`, `value`, `workmanship`, `animationFrameId`, `defaultScript`, `defaultScriptIntensity`, `elasticity`, `friction`, `locationId`, `modelTableId`, `objectScale`, `physicsBitField`, `physicsTableId`, `motionTableId`, `soundTableId`, `physicsState`, `translucency`)
VALUES (2066452648, 'House Portal', 65536, 0, 0, 0, 262164, 0, 0, 0, 0, 0, 0, 41943088, 0, 100667499, 0, 0, 0, 0, 0, 0, 0, 0, 4, 0, 0, 0, 0, 0, 32, 0.75, 0, 0, 0, 0, 0, 0, 0, 0, 0, 33554867, 0, 98307, 0, 150994947, 0, 3076, 0);

INSERT INTO `ace_object` (`baseAceObjectId`, `weenieClassId`, `landblock`, `cell`, `posX`, `posY`, `posZ`, `qW`, `qX`, `qY`, `qZ`)
VALUES (2066452648, 11730, 45753, 308, 38.1501, 80.5733, 113.137, 0.6863188, 0, 0, -0.7273008);

INSERT INTO `base_ace_object` (`baseAceObjectId`, `name`, `typeId`, `paletteId`, `ammoType`, `blipColor`, `bitField`, `burden`, `combatUse`, `cooldownDuration`, `cooldownId`, `effects`, `containersCapacity`, `header`, `hookTypeId`, `iconId`, `iconOverlayId`, `iconUnderlayId`, `hookItemTypes`, `itemsCapacity`, `location`, `materialType`, `maxStackSize`, `maxStructure`, `radar`, `pscript`, `spellId`, `stackSize`, `structure`, `targetTypeId`, `usability`, `useRadius`, `validLocations`, `value`, `workmanship`, `animationFrameId`, `defaultScript`, `defaultScriptIntensity`, `elasticity`, `friction`, `locationId`, `modelTableId`, `objectScale`, `physicsBitField`, `physicsTableId`, `motionTableId`, `soundTableId`, `physicsState`, `translucency`)
VALUES (2066452650, 'House Portal', 65536, 0, 0, 0, 262164, 0, 0, 0, 0, 0, 0, 41943088, 0, 100667499, 0, 0, 0, 0, 0, 0, 0, 0, 4, 0, 0, 0, 0, 0, 32, 0.75, 0, 0, 0, 0, 0, 0, 0, 0, 0, 33554867, 0, 98307, 0, 150994947, 0, 3076, 0);

INSERT INTO `ace_object` (`baseAceObjectId`, `weenieClassId`, `landblock`, `cell`, `posX`, `posY`, `posZ`, `qW`, `qX`, `qY`, `qZ`)
VALUES (2066452650, 11730, 45753, 339, 45.5299, 155.587, 119.137, -0.684386, 0, 0, 0.72912);

INSERT INTO `base_ace_object` (`baseAceObjectId`, `name`, `typeId`, `paletteId`, `ammoType`, `blipColor`, `bitField`, `burden`, `combatUse`, `cooldownDuration`, `cooldownId`, `effects`, `containersCapacity`, `header`, `hookTypeId`, `iconId`, `iconOverlayId`, `iconUnderlayId`, `hookItemTypes`, `itemsCapacity`, `location`, `materialType`, `maxStackSize`, `maxStructure`, `radar`, `pscript`, `spellId`, `stackSize`, `structure`, `targetTypeId`, `usability`, `useRadius`, `validLocations`, `value`, `workmanship`, `animationFrameId`, `defaultScript`, `defaultScriptIntensity`, `elasticity`, `friction`, `locationId`, `modelTableId`, `objectScale`, `physicsBitField`, `physicsTableId`, `motionTableId`, `soundTableId`, `physicsState`, `translucency`)
VALUES (2066452652, 'House Portal', 65536, 0, 0, 0, 262164, 0, 0, 0, 0, 0, 0, 41943088, 0, 100667499, 0, 0, 0, 0, 0, 0, 0, 0, 4, 0, 0, 0, 0, 0, 32, 0.75, 0, 0, 0, 0, 0, 0, 0, 0, 0, 33554867, 0, 98307, 0, 150994947, 0, 3076, 0);

INSERT INTO `ace_object` (`baseAceObjectId`, `weenieClassId`, `landblock`, `cell`, `posX`, `posY`, `posZ`, `qW`, `qX`, `qY`, `qZ`)
VALUES (2066452652, 11730, 45753, 367, 81.8669, 153.854, 119.137, 0.0006600379, 0, 0, -0.9999998);

INSERT INTO `base_ace_object` (`baseAceObjectId`, `name`, `typeId`, `paletteId`, `ammoType`, `blipColor`, `bitField`, `burden`, `combatUse`, `cooldownDuration`, `cooldownId`, `effects`, `containersCapacity`, `header`, `hookTypeId`, `iconId`, `iconOverlayId`, `iconUnderlayId`, `hookItemTypes`, `itemsCapacity`, `location`, `materialType`, `maxStackSize`, `maxStructure`, `radar`, `pscript`, `spellId`, `stackSize`, `structure`, `targetTypeId`, `usability`, `useRadius`, `validLocations`, `value`, `workmanship`, `animationFrameId`, `defaultScript`, `defaultScriptIntensity`, `elasticity`, `friction`, `locationId`, `modelTableId`, `objectScale`, `physicsBitField`, `physicsTableId`, `motionTableId`, `soundTableId`, `physicsState`, `translucency`)
VALUES (2066452656, 'House Portal', 65536, 0, 0, 0, 262164, 0, 0, 0, 0, 0, 0, 41943088, 0, 100667499, 0, 0, 0, 0, 0, 0, 0, 0, 4, 0, 0, 0, 0, 0, 32, 0.75, 0, 0, 0, 0, 0, 0, 0, 0, 0, 33554867, 0, 98307, 0, 150994947, 0, 3076, 0);

INSERT INTO `ace_object` (`baseAceObjectId`, `weenieClassId`, `landblock`, `cell`, `posX`, `posY`, `posZ`, `qW`, `qX`, `qY`, `qZ`)
VALUES (2066452656, 11730, 45753, 398, 153.849, 38.665, 117.137, -0.6965151, 0, 0, -0.7175421);

INSERT INTO `base_ace_object` (`baseAceObjectId`, `name`, `typeId`, `paletteId`, `ammoType`, `blipColor`, `bitField`, `burden`, `combatUse`, `cooldownDuration`, `cooldownId`, `effects`, `containersCapacity`, `header`, `hookTypeId`, `iconId`, `iconOverlayId`, `iconUnderlayId`, `hookItemTypes`, `itemsCapacity`, `location`, `materialType`, `maxStackSize`, `maxStructure`, `radar`, `pscript`, `spellId`, `stackSize`, `structure`, `targetTypeId`, `usability`, `useRadius`, `validLocations`, `value`, `workmanship`, `animationFrameId`, `defaultScript`, `defaultScriptIntensity`, `elasticity`, `friction`, `locationId`, `modelTableId`, `objectScale`, `physicsBitField`, `physicsTableId`, `motionTableId`, `soundTableId`, `physicsState`, `translucency`)
VALUES (2066452646, 'House Portal', 65536, 0, 0, 0, 262164, 0, 0, 0, 0, 0, 0, 41943088, 0, 100667499, 0, 0, 0, 0, 0, 0, 0, 0, 4, 0, 0, 0, 0, 0, 32, 0.75, 0, 0, 0, 0, 0, 0, 0, 0, 0, 33554867, 0, 98307, 0, 150994947, 0, 3076, 0);

INSERT INTO `ace_object` (`baseAceObjectId`, `weenieClassId`, `landblock`, `cell`, `posX`, `posY`, `posZ`, `qW`, `qX`, `qY`, `qZ`)
VALUES (2066452646, 11730, 45753, 429, 74.4618, 36.0321, 111.137, -0.7247948, 0, 0, -0.6889648);

INSERT INTO `base_ace_object` (`baseAceObjectId`, `name`, `typeId`, `paletteId`, `ammoType`, `blipColor`, `bitField`, `burden`, `combatUse`, `cooldownDuration`, `cooldownId`, `effects`, `containersCapacity`, `header`, `hookTypeId`, `iconId`, `iconOverlayId`, `iconUnderlayId`, `hookItemTypes`, `itemsCapacity`, `location`, `materialType`, `maxStackSize`, `maxStructure`, `radar`, `pscript`, `spellId`, `stackSize`, `structure`, `targetTypeId`, `usability`, `useRadius`, `validLocations`, `value`, `workmanship`, `animationFrameId`, `defaultScript`, `defaultScriptIntensity`, `elasticity`, `friction`, `locationId`, `modelTableId`, `objectScale`, `physicsBitField`, `physicsTableId`, `motionTableId`, `soundTableId`, `physicsState`, `translucency`)
VALUES (2019573848, 'Central Courtyard', 65536, 0, 0, 0, 262164, 0, 0, 0, 0, 0, 0, 8388656, 0, 100667499, 0, 0, 0, 0, 0, 0, 0, 0, 4, 0, 0, 0, 0, 0, 32, -0.1, 0, 0, 0, 0, 0, 0, 0, 0, 0, 33554867, 0, 98307, 0, 150994947, 0, 3084, 0);

INSERT INTO `ace_object` (`baseAceObjectId`, `weenieClassId`, `landblock`, `cell`, `posX`, `posY`, `posZ`, `qW`, `qX`, `qY`, `qZ`)
VALUES (2019573848, 31061, 34308, 627, 70, -40, -0.06299996, 1, 0, 0, 0);

INSERT INTO `base_ace_object` (`baseAceObjectId`, `name`, `typeId`, `paletteId`, `ammoType`, `blipColor`, `bitField`, `burden`, `combatUse`, `cooldownDuration`, `cooldownId`, `effects`, `containersCapacity`, `header`, `hookTypeId`, `iconId`, `iconOverlayId`, `iconUnderlayId`, `hookItemTypes`, `itemsCapacity`, `location`, `materialType`, `maxStackSize`, `maxStructure`, `radar`, `pscript`, `spellId`, `stackSize`, `structure`, `targetTypeId`, `usability`, `useRadius`, `validLocations`, `value`, `workmanship`, `animationFrameId`, `defaultScript`, `defaultScriptIntensity`, `elasticity`, `friction`, `locationId`, `modelTableId`, `objectScale`, `physicsBitField`, `physicsTableId`, `motionTableId`, `soundTableId`, `physicsState`, `translucency`)
VALUES (2019573866, 'Outer Courtyard', 65536, 0, 0, 0, 262164, 0, 0, 0, 0, 0, 0, 8388656, 0, 100667499, 0, 0, 0, 0, 0, 0, 0, 0, 4, 0, 0, 0, 0, 0, 32, -0.1, 0, 0, 0, 0, 0, 0, 0, 0, 0, 33554867, 0, 98307, 0, 150994947, 0, 3084, 0);

INSERT INTO `ace_object` (`baseAceObjectId`, `weenieClassId`, `landblock`, `cell`, `posX`, `posY`, `posZ`, `qW`, `qX`, `qY`, `qZ`)
VALUES (2019573866, 29334, 34308, 817, 90, -60, 11.937, -0.7071068, 0, 0, -0.7071068);

INSERT INTO `base_ace_object` (`baseAceObjectId`, `name`, `typeId`, `paletteId`, `ammoType`, `blipColor`, `bitField`, `burden`, `combatUse`, `cooldownDuration`, `cooldownId`, `effects`, `containersCapacity`, `header`, `hookTypeId`, `iconId`, `iconOverlayId`, `iconUnderlayId`, `hookItemTypes`, `itemsCapacity`, `location`, `materialType`, `maxStackSize`, `maxStructure`, `radar`, `pscript`, `spellId`, `stackSize`, `structure`, `targetTypeId`, `usability`, `useRadius`, `validLocations`, `value`, `workmanship`, `animationFrameId`, `defaultScript`, `defaultScriptIntensity`, `elasticity`, `friction`, `locationId`, `modelTableId`, `objectScale`, `physicsBitField`, `physicsTableId`, `motionTableId`, `soundTableId`, `physicsState`, `translucency`)
VALUES (2019573778, 'Exit to Holtburg', 65536, 0, 0, 0, 262164, 0, 0, 0, 0, 0, 0, 8388656, 0, 100667499, 0, 0, 0, 0, 0, 0, 0, 0, 4, 0, 0, 0, 0, 0, 32, -0.1, 0, 0, 0, 0, 0, 0, 0, 0, 0, 33554867, 0, 98307, 0, 150994947, 0, 3084, 0);

INSERT INTO `ace_object` (`baseAceObjectId`, `weenieClassId`, `landblock`, `cell`, `posX`, `posY`, `posZ`, `qW`, `qX`, `qY`, `qZ`)
VALUES (2019573778, 29338, 34308, 361, 158.641, -149.516, -6.063, 0.7071068, 0, 0, -0.7071068);

INSERT INTO `base_ace_object` (`baseAceObjectId`, `name`, `typeId`, `paletteId`, `ammoType`, `blipColor`, `bitField`, `burden`, `combatUse`, `cooldownDuration`, `cooldownId`, `effects`, `containersCapacity`, `header`, `hookTypeId`, `iconId`, `iconOverlayId`, `iconUnderlayId`, `hookItemTypes`, `itemsCapacity`, `location`, `materialType`, `maxStackSize`, `maxStructure`, `radar`, `pscript`, `spellId`, `stackSize`, `structure`, `targetTypeId`, `usability`, `useRadius`, `validLocations`, `value`, `workmanship`, `animationFrameId`, `defaultScript`, `defaultScriptIntensity`, `elasticity`, `friction`, `locationId`, `modelTableId`, `objectScale`, `physicsBitField`, `physicsTableId`, `motionTableId`, `soundTableId`, `physicsState`, `translucency`)
VALUES (1881006109, 'Surface', 65536, 0, 0, 0, 262164, 0, 0, 0, 0, 0, 0, 8388656, 0, 100667499, 0, 0, 0, 0, 0, 0, 0, 0, 4, 0, 0, 0, 0, 0, 32, -0.1, 0, 0, 0, 0, 0, 0, 0, 0, 0, 33554867, 0, 98307, 0, 150994947, 0, 3084, 0);

INSERT INTO `ace_object` (`baseAceObjectId`, `weenieClassId`, `landblock`, `cell`, `posX`, `posY`, `posZ`, `qW`, `qX`, `qY`, `qZ`)
VALUES (1881006109, 1342, 478, 434, 40.2979, -59.2665, -0.06299996, 0.7071068, 0, 0, -0.7071068);

INSERT INTO `base_ace_object` (`baseAceObjectId`, `name`, `typeId`, `paletteId`, `ammoType`, `blipColor`, `bitField`, `burden`, `combatUse`, `cooldownDuration`, `cooldownId`, `effects`, `containersCapacity`, `header`, `hookTypeId`, `iconId`, `iconOverlayId`, `iconUnderlayId`, `hookItemTypes`, `itemsCapacity`, `location`, `materialType`, `maxStackSize`, `maxStructure`, `radar`, `pscript`, `spellId`, `stackSize`, `structure`, `targetTypeId`, `usability`, `useRadius`, `validLocations`, `value`, `workmanship`, `animationFrameId`, `defaultScript`, `defaultScriptIntensity`, `elasticity`, `friction`, `locationId`, `modelTableId`, `objectScale`, `physicsBitField`, `physicsTableId`, `motionTableId`, `soundTableId`, `physicsState`, `translucency`)
VALUES (1881006105, 'Surface', 65536, 0, 0, 0, 262164, 0, 0, 0, 0, 0, 0, 8388656, 0, 100667499, 0, 0, 0, 0, 0, 0, 0, 0, 4, 0, 0, 0, 0, 0, 32, -0.1, 0, 0, 0, 0, 0, 0, 0, 0, 0, 33554867, 0, 98307, 0, 150994947, 0, 3084, 0);

INSERT INTO `ace_object` (`baseAceObjectId`, `weenieClassId`, `landblock`, `cell`, `posX`, `posY`, `posZ`, `qW`, `qX`, `qY`, `qZ`)
VALUES (1881006105, 1342, 478, 421, 29.8926, -78.4609, -0.06299996, 1, 0, 0, 0);

INSERT INTO `base_ace_object` (`baseAceObjectId`, `name`, `typeId`, `paletteId`, `ammoType`, `blipColor`, `bitField`, `burden`, `combatUse`, `cooldownDuration`, `cooldownId`, `effects`, `containersCapacity`, `header`, `hookTypeId`, `iconId`, `iconOverlayId`, `iconUnderlayId`, `hookItemTypes`, `itemsCapacity`, `location`, `materialType`, `maxStackSize`, `maxStructure`, `radar`, `pscript`, `spellId`, `stackSize`, `structure`, `targetTypeId`, `usability`, `useRadius`, `validLocations`, `value`, `workmanship`, `animationFrameId`, `defaultScript`, `defaultScriptIntensity`, `elasticity`, `friction`, `locationId`, `modelTableId`, `objectScale`, `physicsBitField`, `physicsTableId`, `motionTableId`, `soundTableId`, `physicsState`, `translucency`)
VALUES (2119372800, 'A Ruin', 65536, 0, 0, 0, 262164, 0, 0, 0, 0, 0, 0, 8388656, 0, 100667499, 0, 0, 0, 0, 0, 0, 0, 0, 4, 0, 0, 0, 0, 0, 32, -0.1, 0, 0, 0, 0, 0, 0, 0, 0, 0, 33554867, 0, 98307, 0, 150994947, 0, 3084, 0);

INSERT INTO `ace_object` (`baseAceObjectId`, `weenieClassId`, `landblock`, `cell`, `posX`, `posY`, `posZ`, `qW`, `qX`, `qY`, `qZ`)
VALUES (2119372800, 1341, 58673, 10, 33.02, 26.663, 98.51958, 0.9914449, 0, 0, -0.130526);

INSERT INTO `base_ace_object` (`baseAceObjectId`, `name`, `typeId`, `paletteId`, `ammoType`, `blipColor`, `bitField`, `burden`, `combatUse`, `cooldownDuration`, `cooldownId`, `effects`, `containersCapacity`, `header`, `hookTypeId`, `iconId`, `iconOverlayId`, `iconUnderlayId`, `hookItemTypes`, `itemsCapacity`, `location`, `materialType`, `maxStackSize`, `maxStructure`, `radar`, `pscript`, `spellId`, `stackSize`, `structure`, `targetTypeId`, `usability`, `useRadius`, `validLocations`, `value`, `workmanship`, `animationFrameId`, `defaultScript`, `defaultScriptIntensity`, `elasticity`, `friction`, `locationId`, `modelTableId`, `objectScale`, `physicsBitField`, `physicsTableId`, `motionTableId`, `soundTableId`, `physicsState`, `translucency`)
VALUES (1880424502, 'Surface', 65536, 0, 0, 0, 262164, 0, 0, 0, 0, 0, 0, 8388656, 0, 100667499, 0, 0, 0, 0, 0, 0, 0, 0, 4, 0, 0, 0, 0, 0, 32, -0.1, 0, 0, 0, 0, 0, 0, 0, 0, 0, 33554867, 0, 98307, 0, 150994947, 0, 3084, 0);

INSERT INTO `ace_object` (`baseAceObjectId`, `weenieClassId`, `landblock`, `cell`, `posX`, `posY`, `posZ`, `qW`, `qX`, `qY`, `qZ`)
VALUES (1880424502, 4928, 336, 381, 10, -30, -0.06299996, 0.7071068, 0, 0, -0.7071068);

INSERT INTO `base_ace_object` (`baseAceObjectId`, `name`, `typeId`, `paletteId`, `ammoType`, `blipColor`, `bitField`, `burden`, `combatUse`, `cooldownDuration`, `cooldownId`, `effects`, `containersCapacity`, `header`, `hookTypeId`, `iconId`, `iconOverlayId`, `iconUnderlayId`, `hookItemTypes`, `itemsCapacity`, `location`, `materialType`, `maxStackSize`, `maxStructure`, `radar`, `pscript`, `spellId`, `stackSize`, `structure`, `targetTypeId`, `usability`, `useRadius`, `validLocations`, `value`, `workmanship`, `animationFrameId`, `defaultScript`, `defaultScriptIntensity`, `elasticity`, `friction`, `locationId`, `modelTableId`, `objectScale`, `physicsBitField`, `physicsTableId`, `motionTableId`, `soundTableId`, `physicsState`, `translucency`)
VALUES (1880424453, 'Surface', 65536, 0, 0, 0, 262164, 0, 0, 0, 0, 0, 0, 8388656, 0, 100667499, 0, 0, 0, 0, 0, 0, 0, 0, 4, 0, 0, 0, 0, 0, 32, -0.1, 0, 0, 0, 0, 0, 0, 0, 0, 0, 33554867, 0, 98307, 0, 150994947, 0, 3084, 0);

INSERT INTO `ace_object` (`baseAceObjectId`, `weenieClassId`, `landblock`, `cell`, `posX`, `posY`, `posZ`, `qW`, `qX`, `qY`, `qZ`)
VALUES (1880424453, 4928, 336, 291, 30, -50, -18.063, -4.37114E-08, 0, 0, -1);

INSERT INTO `base_ace_object` (`baseAceObjectId`, `name`, `typeId`, `paletteId`, `ammoType`, `blipColor`, `bitField`, `burden`, `combatUse`, `cooldownDuration`, `cooldownId`, `effects`, `containersCapacity`, `header`, `hookTypeId`, `iconId`, `iconOverlayId`, `iconUnderlayId`, `hookItemTypes`, `itemsCapacity`, `location`, `materialType`, `maxStackSize`, `maxStructure`, `radar`, `pscript`, `spellId`, `stackSize`, `structure`, `targetTypeId`, `usability`, `useRadius`, `validLocations`, `value`, `workmanship`, `animationFrameId`, `defaultScript`, `defaultScriptIntensity`, `elasticity`, `friction`, `locationId`, `modelTableId`, `objectScale`, `physicsBitField`, `physicsTableId`, `motionTableId`, `soundTableId`, `physicsState`, `translucency`)
VALUES (2094587904, 'Filos'' Doom', 65536, 0, 0, 0, 262164, 0, 0, 0, 0, 0, 0, 8388656, 0, 100667499, 0, 0, 0, 0, 0, 0, 0, 0, 4, 0, 0, 0, 0, 0, 32, -0.1, 0, 0, 0, 0, 0, 0, 0, 0, 0, 33555922, 0, 98307, 0, 150994947, 0, 3084, 0);

INSERT INTO `ace_object` (`baseAceObjectId`, `weenieClassId`, `landblock`, `cell`, `posX`, `posY`, `posZ`, `qW`, `qX`, `qY`, `qZ`)
VALUES (2094587904, 4927, 52622, 256, 52, 84, 16.737, 0.7071068, 0, 0, -0.7071068);

INSERT INTO `base_ace_object` (`baseAceObjectId`, `name`, `typeId`, `paletteId`, `ammoType`, `blipColor`, `bitField`, `burden`, `combatUse`, `cooldownDuration`, `cooldownId`, `effects`, `containersCapacity`, `header`, `hookTypeId`, `iconId`, `iconOverlayId`, `iconUnderlayId`, `hookItemTypes`, `itemsCapacity`, `location`, `materialType`, `maxStackSize`, `maxStructure`, `radar`, `pscript`, `spellId`, `stackSize`, `structure`, `targetTypeId`, `usability`, `useRadius`, `validLocations`, `value`, `workmanship`, `animationFrameId`, `defaultScript`, `defaultScriptIntensity`, `elasticity`, `friction`, `locationId`, `modelTableId`, `objectScale`, `physicsBitField`, `physicsTableId`, `motionTableId`, `soundTableId`, `physicsState`, `translucency`)
VALUES (1880805381, 'Surface', 65536, 0, 0, 0, 262164, 0, 0, 0, 0, 0, 0, 8388656, 0, 100667499, 0, 0, 0, 0, 0, 0, 0, 0, 4, 0, 0, 0, 0, 0, 32, -0.1, 0, 0, 0, 0, 0, 0, 0, 0, 0, 33554867, 0, 98307, 0, 150994947, 0, 3084, 0);

INSERT INTO `ace_object` (`baseAceObjectId`, `weenieClassId`, `landblock`, `cell`, `posX`, `posY`, `posZ`, `qW`, `qX`, `qY`, `qZ`)
VALUES (1880805381, 2077, 429, 279, 30, -40, -0.06299996, 1, 0, 0, 0);

INSERT INTO `base_ace_object` (`baseAceObjectId`, `name`, `typeId`, `paletteId`, `ammoType`, `blipColor`, `bitField`, `burden`, `combatUse`, `cooldownDuration`, `cooldownId`, `effects`, `containersCapacity`, `header`, `hookTypeId`, `iconId`, `iconOverlayId`, `iconUnderlayId`, `hookItemTypes`, `itemsCapacity`, `location`, `materialType`, `maxStackSize`, `maxStructure`, `radar`, `pscript`, `spellId`, `stackSize`, `structure`, `targetTypeId`, `usability`, `useRadius`, `validLocations`, `value`, `workmanship`, `animationFrameId`, `defaultScript`, `defaultScriptIntensity`, `elasticity`, `friction`, `locationId`, `modelTableId`, `objectScale`, `physicsBitField`, `physicsTableId`, `motionTableId`, `soundTableId`, `physicsState`, `translucency`)
VALUES (2087239681, 'Dungeon Gallery Tower', 65536, 0, 0, 0, 262164, 0, 0, 0, 0, 0, 0, 8388656, 0, 100667499, 0, 0, 0, 0, 0, 0, 0, 0, 4, 0, 0, 0, 0, 0, 32, -0.1, 0, 0, 0, 0, 0, 0, 0, 0, 0, 33554867, 0, 98307, 0, 150994947, 0, 3084, 0);

INSERT INTO `ace_object` (`baseAceObjectId`, `weenieClassId`, `landblock`, `cell`, `posX`, `posY`, `posZ`, `qW`, `qX`, `qY`, `qZ`)
VALUES (2087239681, 2076, 50828, 31, 83.9743, 157.814, 28.93486, 0.4856188, 0, 0, -0.8741707);

INSERT INTO `base_ace_object` (`baseAceObjectId`, `name`, `typeId`, `paletteId`, `ammoType`, `blipColor`, `bitField`, `burden`, `combatUse`, `cooldownDuration`, `cooldownId`, `effects`, `containersCapacity`, `header`, `hookTypeId`, `iconId`, `iconOverlayId`, `iconUnderlayId`, `hookItemTypes`, `itemsCapacity`, `location`, `materialType`, `maxStackSize`, `maxStructure`, `radar`, `pscript`, `spellId`, `stackSize`, `structure`, `targetTypeId`, `usability`, `useRadius`, `validLocations`, `value`, `workmanship`, `animationFrameId`, `defaultScript`, `defaultScriptIntensity`, `elasticity`, `friction`, `locationId`, `modelTableId`, `objectScale`, `physicsBitField`, `physicsTableId`, `motionTableId`, `soundTableId`, `physicsState`, `translucency`)
VALUES (1880981509, 'Surface', 65536, 0, 0, 0, 262164, 0, 0, 0, 0, 0, 0, 8388656, 0, 100667499, 0, 0, 0, 0, 0, 0, 0, 0, 4, 0, 0, 0, 0, 0, 32, -0.1, 0, 0, 0, 0, 0, 0, 0, 0, 0, 33554867, 0, 98307, 0, 150994947, 0, 3084, 0);

INSERT INTO `ace_object` (`baseAceObjectId`, `weenieClassId`, `landblock`, `cell`, `posX`, `posY`, `posZ`, `qW`, `qX`, `qY`, `qZ`)
VALUES (1880981509, 1336, 472, 274, 37.9228, -1.31712, -0.06299996, 0.9238793, 0, 0, -0.3826841);

INSERT INTO `base_ace_object` (`baseAceObjectId`, `name`, `typeId`, `paletteId`, `ammoType`, `blipColor`, `bitField`, `burden`, `combatUse`, `cooldownDuration`, `cooldownId`, `effects`, `containersCapacity`, `header`, `hookTypeId`, `iconId`, `iconOverlayId`, `iconUnderlayId`, `hookItemTypes`, `itemsCapacity`, `location`, `materialType`, `maxStackSize`, `maxStructure`, `radar`, `pscript`, `spellId`, `stackSize`, `structure`, `targetTypeId`, `usability`, `useRadius`, `validLocations`, `value`, `workmanship`, `animationFrameId`, `defaultScript`, `defaultScriptIntensity`, `elasticity`, `friction`, `locationId`, `modelTableId`, `objectScale`, `physicsBitField`, `physicsTableId`, `motionTableId`, `soundTableId`, `physicsState`, `translucency`)
VALUES (1967542296, 'Portal to Hebian-To', 65536, 0, 0, 0, 262164, 0, 0, 0, 0, 0, 0, 8388656, 0, 100667499, 0, 0, 0, 0, 0, 0, 0, 0, 4, 0, 0, 0, 0, 0, 32, -0.1, 0, 0, 0, 0, 0, 0, 0, 0, 0, 33554867, 0, 98307, 0, 150994947, 0, 3084, 0);

INSERT INTO `ace_object` (`baseAceObjectId`, `weenieClassId`, `landblock`, `cell`, `posX`, `posY`, `posZ`, `qW`, `qX`, `qY`, `qZ`)
VALUES (1967542296, 42846, 21605, 420, 56.0762, -89.9753, 5.937, -0.6777388, 0, 0, 0.7353027);

INSERT INTO `base_ace_object` (`baseAceObjectId`, `name`, `typeId`, `paletteId`, `ammoType`, `blipColor`, `bitField`, `burden`, `combatUse`, `cooldownDuration`, `cooldownId`, `effects`, `containersCapacity`, `header`, `hookTypeId`, `iconId`, `iconOverlayId`, `iconUnderlayId`, `hookItemTypes`, `itemsCapacity`, `location`, `materialType`, `maxStackSize`, `maxStructure`, `radar`, `pscript`, `spellId`, `stackSize`, `structure`, `targetTypeId`, `usability`, `useRadius`, `validLocations`, `value`, `workmanship`, `animationFrameId`, `defaultScript`, `defaultScriptIntensity`, `elasticity`, `friction`, `locationId`, `modelTableId`, `objectScale`, `physicsBitField`, `physicsTableId`, `motionTableId`, `soundTableId`, `physicsState`, `translucency`)
VALUES (1967542294, 'Portal to Cragstone', 65536, 0, 0, 0, 262164, 0, 0, 0, 0, 0, 0, 8388656, 0, 100667499, 0, 0, 0, 0, 0, 0, 0, 0, 4, 0, 0, 0, 0, 0, 32, -0.1, 0, 0, 0, 0, 0, 0, 0, 0, 0, 33554867, 0, 98307, 0, 150994947, 0, 3084, 0);

INSERT INTO `ace_object` (`baseAceObjectId`, `weenieClassId`, `landblock`, `cell`, `posX`, `posY`, `posZ`, `qW`, `qX`, `qY`, `qZ`)
VALUES (1967542294, 42818, 21605, 396, 24.2673, -90.0291, 5.937, 0.701863, 0, 0, 0.712312);

INSERT INTO `base_ace_object` (`baseAceObjectId`, `name`, `typeId`, `paletteId`, `ammoType`, `blipColor`, `bitField`, `burden`, `combatUse`, `cooldownDuration`, `cooldownId`, `effects`, `containersCapacity`, `header`, `hookTypeId`, `iconId`, `iconOverlayId`, `iconUnderlayId`, `hookItemTypes`, `itemsCapacity`, `location`, `materialType`, `maxStackSize`, `maxStructure`, `radar`, `pscript`, `spellId`, `stackSize`, `structure`, `targetTypeId`, `usability`, `useRadius`, `validLocations`, `value`, `workmanship`, `animationFrameId`, `defaultScript`, `defaultScriptIntensity`, `elasticity`, `friction`, `locationId`, `modelTableId`, `objectScale`, `physicsBitField`, `physicsTableId`, `motionTableId`, `soundTableId`, `physicsState`, `translucency`)
VALUES (1967542284, 'Treyval Veranda', 65536, 0, 0, 0, 262164, 0, 0, 0, 0, 0, 0, 8388656, 0, 100667499, 0, 0, 0, 0, 0, 0, 0, 0, 4, 0, 0, 0, 0, 0, 32, -0.1, 0, 0, 0, 0, 0, 0, 0, 0, 0, 33554867, 0, 98307, 0, 150994947, 0, 3084, 0);

INSERT INTO `ace_object` (`baseAceObjectId`, `weenieClassId`, `landblock`, `cell`, `posX`, `posY`, `posZ`, `qW`, `qX`, `qY`, `qZ`)
VALUES (1967542284, 15842, 21605, 379, 70, -60, -0.06299996, 1, 0, 0, 0);

INSERT INTO `base_ace_object` (`baseAceObjectId`, `name`, `typeId`, `paletteId`, `ammoType`, `blipColor`, `bitField`, `burden`, `combatUse`, `cooldownDuration`, `cooldownId`, `effects`, `containersCapacity`, `header`, `hookTypeId`, `iconId`, `iconOverlayId`, `iconUnderlayId`, `hookItemTypes`, `itemsCapacity`, `location`, `materialType`, `maxStackSize`, `maxStructure`, `radar`, `pscript`, `spellId`, `stackSize`, `structure`, `targetTypeId`, `usability`, `useRadius`, `validLocations`, `value`, `workmanship`, `animationFrameId`, `defaultScript`, `defaultScriptIntensity`, `elasticity`, `friction`, `locationId`, `modelTableId`, `objectScale`, `physicsBitField`, `physicsTableId`, `motionTableId`, `soundTableId`, `physicsState`, `translucency`)
VALUES (1967542278, 'Alvan Court', 65536, 0, 0, 0, 262164, 0, 0, 0, 0, 0, 0, 8388656, 0, 100667499, 0, 0, 0, 0, 0, 0, 0, 0, 4, 0, 0, 0, 0, 0, 32, -0.1, 0, 0, 0, 0, 0, 0, 0, 0, 0, 33554867, 0, 98307, 0, 150994947, 0, 3084, 0);

INSERT INTO `ace_object` (`baseAceObjectId`, `weenieClassId`, `landblock`, `cell`, `posX`, `posY`, `posZ`, `qW`, `qX`, `qY`, `qZ`)
VALUES (1967542278, 15832, 21605, 271, 10, -60, -0.06299996, 1, 0, 0, 0);

INSERT INTO `base_ace_object` (`baseAceObjectId`, `name`, `typeId`, `paletteId`, `ammoType`, `blipColor`, `bitField`, `burden`, `combatUse`, `cooldownDuration`, `cooldownId`, `effects`, `containersCapacity`, `header`, `hookTypeId`, `iconId`, `iconOverlayId`, `iconUnderlayId`, `hookItemTypes`, `itemsCapacity`, `location`, `materialType`, `maxStackSize`, `maxStructure`, `radar`, `pscript`, `spellId`, `stackSize`, `structure`, `targetTypeId`, `usability`, `useRadius`, `validLocations`, `value`, `workmanship`, `animationFrameId`, `defaultScript`, `defaultScriptIntensity`, `elasticity`, `friction`, `locationId`, `modelTableId`, `objectScale`, `physicsBitField`, `physicsTableId`, `motionTableId`, `soundTableId`, `physicsState`, `translucency`)
VALUES (1967542295, 'Portal to Zaikhal', 65536, 0, 0, 0, 262164, 0, 0, 0, 0, 0, 0, 8388656, 0, 100667499, 0, 0, 0, 0, 0, 0, 0, 0, 4, 0, 0, 0, 0, 0, 32, -0.1, 0, 0, 0, 0, 0, 0, 0, 0, 0, 33555923, 0, 98307, 0, 150994947, 0, 3084, 0);

INSERT INTO `ace_object` (`baseAceObjectId`, `weenieClassId`, `landblock`, `cell`, `posX`, `posY`, `posZ`, `qW`, `qX`, `qY`, `qZ`)
VALUES (1967542295, 42831, 21605, 411, 39.9502, -106.056, 5.937, 0.010212, 0, 0, 0.9999478);

INSERT INTO `base_ace_object` (`baseAceObjectId`, `name`, `typeId`, `paletteId`, `ammoType`, `blipColor`, `bitField`, `burden`, `combatUse`, `cooldownDuration`, `cooldownId`, `effects`, `containersCapacity`, `header`, `hookTypeId`, `iconId`, `iconOverlayId`, `iconUnderlayId`, `hookItemTypes`, `itemsCapacity`, `location`, `materialType`, `maxStackSize`, `maxStructure`, `radar`, `pscript`, `spellId`, `stackSize`, `structure`, `targetTypeId`, `usability`, `useRadius`, `validLocations`, `value`, `workmanship`, `animationFrameId`, `defaultScript`, `defaultScriptIntensity`, `elasticity`, `friction`, `locationId`, `modelTableId`, `objectScale`, `physicsBitField`, `physicsTableId`, `motionTableId`, `soundTableId`, `physicsState`, `translucency`)
VALUES (1967542290, 'Sylvan Dwellings', 65536, 0, 0, 0, 262164, 0, 0, 0, 0, 0, 0, 8388656, 0, 100667499, 0, 0, 0, 0, 0, 0, 0, 0, 4, 0, 0, 0, 0, 0, 32, -0.1, 0, 0, 0, 0, 0, 0, 0, 0, 0, 33554867, 0, 98307, 0, 150994947, 0, 3084, 0);

INSERT INTO `ace_object` (`baseAceObjectId`, `weenieClassId`, `landblock`, `cell`, `posX`, `posY`, `posZ`, `qW`, `qX`, `qY`, `qZ`)
VALUES (1967542290, 15841, 21605, 387, 80, -50, -0.06299996, -0.7071068, 0, 0, -0.7071068);

INSERT INTO `base_ace_object` (`baseAceObjectId`, `name`, `typeId`, `paletteId`, `ammoType`, `blipColor`, `bitField`, `burden`, `combatUse`, `cooldownDuration`, `cooldownId`, `effects`, `containersCapacity`, `header`, `hookTypeId`, `iconId`, `iconOverlayId`, `iconUnderlayId`, `hookItemTypes`, `itemsCapacity`, `location`, `materialType`, `maxStackSize`, `maxStructure`, `radar`, `pscript`, `spellId`, `stackSize`, `structure`, `targetTypeId`, `usability`, `useRadius`, `validLocations`, `value`, `workmanship`, `animationFrameId`, `defaultScript`, `defaultScriptIntensity`, `elasticity`, `friction`, `locationId`, `modelTableId`, `objectScale`, `physicsBitField`, `physicsTableId`, `motionTableId`, `soundTableId`, `physicsState`, `translucency`)
VALUES (1967542274, 'Caerna Dwellings', 65536, 0, 0, 0, 262164, 0, 0, 0, 0, 0, 0, 8388656, 0, 100667499, 0, 0, 0, 0, 0, 0, 0, 0, 4, 0, 0, 0, 0, 0, 32, -0.1, 0, 0, 0, 0, 0, 0, 0, 0, 0, 33554867, 0, 98307, 0, 150994947, 0, 3084, 0);

INSERT INTO `ace_object` (`baseAceObjectId`, `weenieClassId`, `landblock`, `cell`, `posX`, `posY`, `posZ`, `qW`, `qX`, `qY`, `qZ`)
VALUES (1967542274, 15833, 21605, 257, 0, -50, -0.06299996, 0.7071068, 0, 0, -0.7071068);

INSERT INTO `base_ace_object` (`baseAceObjectId`, `name`, `typeId`, `paletteId`, `ammoType`, `blipColor`, `bitField`, `burden`, `combatUse`, `cooldownDuration`, `cooldownId`, `effects`, `containersCapacity`, `header`, `hookTypeId`, `iconId`, `iconOverlayId`, `iconUnderlayId`, `hookItemTypes`, `itemsCapacity`, `location`, `materialType`, `maxStackSize`, `maxStructure`, `radar`, `pscript`, `spellId`, `stackSize`, `structure`, `targetTypeId`, `usability`, `useRadius`, `validLocations`, `value`, `workmanship`, `animationFrameId`, `defaultScript`, `defaultScriptIntensity`, `elasticity`, `friction`, `locationId`, `modelTableId`, `objectScale`, `physicsBitField`, `physicsTableId`, `motionTableId`, `soundTableId`, `physicsState`, `translucency`)
VALUES (1967542272, 'Illsin Veranda', 65536, 0, 0, 0, 262164, 0, 0, 0, 0, 0, 0, 8388656, 0, 100667499, 0, 0, 0, 0, 0, 0, 0, 0, 4, 0, 0, 0, 0, 0, 32, -0.1, 0, 0, 0, 0, 0, 0, 0, 0, 0, 33554867, 0, 98307, 0, 150994947, 0, 3084, 0);

INSERT INTO `ace_object` (`baseAceObjectId`, `weenieClassId`, `landblock`, `cell`, `posX`, `posY`, `posZ`, `qW`, `qX`, `qY`, `qZ`)
VALUES (1967542272, 15834, 21605, 256, 0, -30, -0.06299996, 0.7071068, 0, 0, -0.7071068);

INSERT INTO `base_ace_object` (`baseAceObjectId`, `name`, `typeId`, `paletteId`, `ammoType`, `blipColor`, `bitField`, `burden`, `combatUse`, `cooldownDuration`, `cooldownId`, `effects`, `containersCapacity`, `header`, `hookTypeId`, `iconId`, `iconOverlayId`, `iconUnderlayId`, `hookItemTypes`, `itemsCapacity`, `location`, `materialType`, `maxStackSize`, `maxStructure`, `radar`, `pscript`, `spellId`, `stackSize`, `structure`, `targetTypeId`, `usability`, `useRadius`, `validLocations`, `value`, `workmanship`, `animationFrameId`, `defaultScript`, `defaultScriptIntensity`, `elasticity`, `friction`, `locationId`, `modelTableId`, `objectScale`, `physicsBitField`, `physicsTableId`, `motionTableId`, `soundTableId`, `physicsState`, `translucency`)
VALUES (1967542276, 'Marin Court', 65536, 0, 0, 0, 262164, 0, 0, 0, 0, 0, 0, 8388656, 0, 100667499, 0, 0, 0, 0, 0, 0, 0, 0, 4, 0, 0, 0, 0, 0, 32, -0.1, 0, 0, 0, 0, 0, 0, 0, 0, 0, 33554867, 0, 98307, 0, 150994947, 0, 3084, 0);

INSERT INTO `ace_object` (`baseAceObjectId`, `weenieClassId`, `landblock`, `cell`, `posX`, `posY`, `posZ`, `qW`, `qX`, `qY`, `qZ`)
VALUES (1967542276, 15835, 21605, 259, 9.989, -19.993, -0.06299996, 0, 0, 0, -1);

INSERT INTO `base_ace_object` (`baseAceObjectId`, `name`, `typeId`, `paletteId`, `ammoType`, `blipColor`, `bitField`, `burden`, `combatUse`, `cooldownDuration`, `cooldownId`, `effects`, `containersCapacity`, `header`, `hookTypeId`, `iconId`, `iconOverlayId`, `iconUnderlayId`, `hookItemTypes`, `itemsCapacity`, `location`, `materialType`, `maxStackSize`, `maxStructure`, `radar`, `pscript`, `spellId`, `stackSize`, `structure`, `targetTypeId`, `usability`, `useRadius`, `validLocations`, `value`, `workmanship`, `animationFrameId`, `defaultScript`, `defaultScriptIntensity`, `elasticity`, `friction`, `locationId`, `modelTableId`, `objectScale`, `physicsBitField`, `physicsTableId`, `motionTableId`, `soundTableId`, `physicsState`, `translucency`)
VALUES (1967542292, 'Sigil Veranda', 65536, 0, 0, 0, 262164, 0, 0, 0, 0, 0, 0, 8388656, 0, 100667499, 0, 0, 0, 0, 0, 0, 0, 0, 4, 0, 0, 0, 0, 0, 32, -0.1, 0, 0, 0, 0, 0, 0, 0, 0, 0, 33554867, 0, 98307, 0, 150994947, 0, 3084, 0);

INSERT INTO `ace_object` (`baseAceObjectId`, `weenieClassId`, `landblock`, `cell`, `posX`, `posY`, `posZ`, `qW`, `qX`, `qY`, `qZ`)
VALUES (1967542292, 15839, 21605, 388, 90, -30, -0.06299996, -0.7071068, 0, 0, -0.7071068);

INSERT INTO `base_ace_object` (`baseAceObjectId`, `name`, `typeId`, `paletteId`, `ammoType`, `blipColor`, `bitField`, `burden`, `combatUse`, `cooldownDuration`, `cooldownId`, `effects`, `containersCapacity`, `header`, `hookTypeId`, `iconId`, `iconOverlayId`, `iconUnderlayId`, `hookItemTypes`, `itemsCapacity`, `location`, `materialType`, `maxStackSize`, `maxStructure`, `radar`, `pscript`, `spellId`, `stackSize`, `structure`, `targetTypeId`, `usability`, `useRadius`, `validLocations`, `value`, `workmanship`, `animationFrameId`, `defaultScript`, `defaultScriptIntensity`, `elasticity`, `friction`, `locationId`, `modelTableId`, `objectScale`, `physicsBitField`, `physicsTableId`, `motionTableId`, `soundTableId`, `physicsState`, `translucency`)
VALUES (1967542286, 'Senmai Court', 65536, 0, 0, 0, 262164, 0, 0, 0, 0, 0, 0, 8388656, 0, 100667499, 0, 0, 0, 0, 0, 0, 0, 0, 4, 0, 0, 0, 0, 0, 32, -0.1, 0, 0, 0, 0, 0, 0, 0, 0, 0, 33554867, 0, 98307, 0, 150994947, 0, 3084, 0);

INSERT INTO `ace_object` (`baseAceObjectId`, `weenieClassId`, `landblock`, `cell`, `posX`, `posY`, `posZ`, `qW`, `qX`, `qY`, `qZ`)
VALUES (1967542286, 15838, 21605, 380, 80, -20, -0.06299996, 0, 0, 0, -1);

INSERT INTO `base_ace_object` (`baseAceObjectId`, `name`, `typeId`, `paletteId`, `ammoType`, `blipColor`, `bitField`, `burden`, `combatUse`, `cooldownDuration`, `cooldownId`, `effects`, `containersCapacity`, `header`, `hookTypeId`, `iconId`, `iconOverlayId`, `iconUnderlayId`, `hookItemTypes`, `itemsCapacity`, `location`, `materialType`, `maxStackSize`, `maxStructure`, `radar`, `pscript`, `spellId`, `stackSize`, `structure`, `targetTypeId`, `usability`, `useRadius`, `validLocations`, `value`, `workmanship`, `animationFrameId`, `defaultScript`, `defaultScriptIntensity`, `elasticity`, `friction`, `locationId`, `modelTableId`, `objectScale`, `physicsBitField`, `physicsTableId`, `motionTableId`, `soundTableId`, `physicsState`, `translucency`)
VALUES (1967542288, 'Sorveya Court', 65536, 0, 0, 0, 262164, 0, 0, 0, 0, 0, 0, 8388656, 0, 100667499, 0, 0, 0, 0, 0, 0, 0, 0, 4, 0, 0, 0, 0, 0, 32, -0.1, 0, 0, 0, 0, 0, 0, 0, 0, 0, 33554867, 0, 98307, 0, 150994947, 0, 3084, 0);

INSERT INTO `ace_object` (`baseAceObjectId`, `weenieClassId`, `landblock`, `cell`, `posX`, `posY`, `posZ`, `qW`, `qX`, `qY`, `qZ`)
VALUES (1967542288, 15840, 21605, 386, 80, -40, -0.06299996, 1, 0, 0, 0);

INSERT INTO `base_ace_object` (`baseAceObjectId`, `name`, `typeId`, `paletteId`, `ammoType`, `blipColor`, `bitField`, `burden`, `combatUse`, `cooldownDuration`, `cooldownId`, `effects`, `containersCapacity`, `header`, `hookTypeId`, `iconId`, `iconOverlayId`, `iconUnderlayId`, `hookItemTypes`, `itemsCapacity`, `location`, `materialType`, `maxStackSize`, `maxStructure`, `radar`, `pscript`, `spellId`, `stackSize`, `structure`, `targetTypeId`, `usability`, `useRadius`, `validLocations`, `value`, `workmanship`, `animationFrameId`, `defaultScript`, `defaultScriptIntensity`, `elasticity`, `friction`, `locationId`, `modelTableId`, `objectScale`, `physicsBitField`, `physicsTableId`, `motionTableId`, `soundTableId`, `physicsState`, `translucency`)
VALUES (1967542280, 'Ruadnar Court', 65536, 0, 0, 0, 262164, 0, 0, 0, 0, 0, 0, 8388656, 0, 100667499, 0, 0, 0, 0, 0, 0, 0, 0, 4, 0, 0, 0, 0, 0, 32, -0.1, 0, 0, 0, 0, 0, 0, 0, 0, 0, 33554867, 0, 98307, 0, 150994947, 0, 3084, 0);

INSERT INTO `ace_object` (`baseAceObjectId`, `weenieClassId`, `landblock`, `cell`, `posX`, `posY`, `posZ`, `qW`, `qX`, `qY`, `qZ`)
VALUES (1967542280, 15836, 21605, 282, 20.0126, -39.9954, -0.06299996, 1, 0, 0, 0);

INSERT INTO `base_ace_object` (`baseAceObjectId`, `name`, `typeId`, `paletteId`, `ammoType`, `blipColor`, `bitField`, `burden`, `combatUse`, `cooldownDuration`, `cooldownId`, `effects`, `containersCapacity`, `header`, `hookTypeId`, `iconId`, `iconOverlayId`, `iconUnderlayId`, `hookItemTypes`, `itemsCapacity`, `location`, `materialType`, `maxStackSize`, `maxStructure`, `radar`, `pscript`, `spellId`, `stackSize`, `structure`, `targetTypeId`, `usability`, `useRadius`, `validLocations`, `value`, `workmanship`, `animationFrameId`, `defaultScript`, `defaultScriptIntensity`, `elasticity`, `friction`, `locationId`, `modelTableId`, `objectScale`, `physicsBitField`, `physicsTableId`, `motionTableId`, `soundTableId`, `physicsState`, `translucency`)
VALUES (1966477519, 'Sanctum Residential Halls Portal', 65536, 0, 0, 0, 262164, 0, 0, 0, 0, 0, 0, 8388656, 0, 100667499, 0, 0, 0, 0, 0, 0, 0, 0, 4, 0, 0, 0, 0, 0, 32, -0.1, 0, 0, 0, 0, 0, 0, 0, 0, 0, 33554867, 0, 98307, 0, 150994947, 0, 3084, 0);

INSERT INTO `ace_object` (`baseAceObjectId`, `weenieClassId`, `landblock`, `cell`, `posX`, `posY`, `posZ`, `qW`, `qX`, `qY`, `qZ`)
VALUES (1966477519, 15837, 21345, 545, 100.101, -109.943, -0.06299996, -0.9055052, 0, 0, -0.4243351);

INSERT INTO `base_ace_object` (`baseAceObjectId`, `name`, `typeId`, `paletteId`, `ammoType`, `blipColor`, `bitField`, `burden`, `combatUse`, `cooldownDuration`, `cooldownId`, `effects`, `containersCapacity`, `header`, `hookTypeId`, `iconId`, `iconOverlayId`, `iconUnderlayId`, `hookItemTypes`, `itemsCapacity`, `location`, `materialType`, `maxStackSize`, `maxStructure`, `radar`, `pscript`, `spellId`, `stackSize`, `structure`, `targetTypeId`, `usability`, `useRadius`, `validLocations`, `value`, `workmanship`, `animationFrameId`, `defaultScript`, `defaultScriptIntensity`, `elasticity`, `friction`, `locationId`, `modelTableId`, `objectScale`, `physicsBitField`, `physicsTableId`, `motionTableId`, `soundTableId`, `physicsState`, `translucency`)
VALUES (2080768000, 'Swamp Ruin', 65536, 0, 0, 0, 262164, 0, 0, 0, 0, 0, 0, 8388656, 0, 100667499, 0, 0, 0, 0, 0, 0, 0, 0, 4, 0, 0, 0, 0, 0, 32, -0.1, 0, 0, 0, 0, 0, 0, 0, 0, 0, 33555922, 0, 98307, 0, 150994947, 0, 3084, 0);

INSERT INTO `ace_object` (`baseAceObjectId`, `weenieClassId`, `landblock`, `cell`, `posX`, `posY`, `posZ`, `qW`, `qX`, `qY`, `qZ`)
VALUES (2080768000, 2344, 49248, 257, 108.004, 22.4159, 1.137, 1, 0, 0, 0);

INSERT INTO `base_ace_object` (`baseAceObjectId`, `name`, `typeId`, `paletteId`, `ammoType`, `blipColor`, `bitField`, `burden`, `combatUse`, `cooldownDuration`, `cooldownId`, `effects`, `containersCapacity`, `header`, `hookTypeId`, `iconId`, `iconOverlayId`, `iconUnderlayId`, `hookItemTypes`, `itemsCapacity`, `location`, `materialType`, `maxStackSize`, `maxStructure`, `radar`, `pscript`, `spellId`, `stackSize`, `structure`, `targetTypeId`, `usability`, `useRadius`, `validLocations`, `value`, `workmanship`, `animationFrameId`, `defaultScript`, `defaultScriptIntensity`, `elasticity`, `friction`, `locationId`, `modelTableId`, `objectScale`, `physicsBitField`, `physicsTableId`, `motionTableId`, `soundTableId`, `physicsState`, `translucency`)
VALUES (1880903712, 'Surface', 65536, 0, 0, 0, 262164, 0, 0, 0, 0, 0, 0, 8388656, 0, 100667499, 0, 0, 0, 0, 0, 0, 0, 0, 4, 0, 0, 0, 0, 0, 32, -0.1, 0, 0, 0, 0, 0, 0, 0, 0, 0, 33554867, 0, 98307, 0, 150994947, 0, 3084, 0);

INSERT INTO `ace_object` (`baseAceObjectId`, `weenieClassId`, `landblock`, `cell`, `posX`, `posY`, `posZ`, `qW`, `qX`, `qY`, `qZ`)
VALUES (1880903712, 2345, 453, 312, 40, 0, -6.063, -4.37114E-08, 0, 0, -1);

INSERT INTO `base_ace_object` (`baseAceObjectId`, `name`, `typeId`, `paletteId`, `ammoType`, `blipColor`, `bitField`, `burden`, `combatUse`, `cooldownDuration`, `cooldownId`, `effects`, `containersCapacity`, `header`, `hookTypeId`, `iconId`, `iconOverlayId`, `iconUnderlayId`, `hookItemTypes`, `itemsCapacity`, `location`, `materialType`, `maxStackSize`, `maxStructure`, `radar`, `pscript`, `spellId`, `stackSize`, `structure`, `targetTypeId`, `usability`, `useRadius`, `validLocations`, `value`, `workmanship`, `animationFrameId`, `defaultScript`, `defaultScriptIntensity`, `elasticity`, `friction`, `locationId`, `modelTableId`, `objectScale`, `physicsBitField`, `physicsTableId`, `motionTableId`, `soundTableId`, `physicsState`, `translucency`)
VALUES (2038013952, 'Zabool Tower Base', 65536, 0, 0, 0, 262164, 0, 0, 0, 0, 0, 0, 8388656, 0, 100667499, 0, 0, 0, 0, 0, 0, 0, 0, 4, 0, 0, 0, 0, 0, 32, -0.1, 0, 0, 0, 0, 0, 0, 0, 0, 0, 33554867, 0, 98307, 0, 150994947, 0, 3084, 0);

INSERT INTO `ace_object` (`baseAceObjectId`, `weenieClassId`, `landblock`, `cell`, `posX`, `posY`, `posZ`, `qW`, `qX`, `qY`, `qZ`)
VALUES (2038013952, 368, 38810, 45, 142.611, 111.287, 41.38917, 0.18678, 0, 0, 0.9824018);

INSERT INTO `base_ace_object` (`baseAceObjectId`, `name`, `typeId`, `paletteId`, `ammoType`, `blipColor`, `bitField`, `burden`, `combatUse`, `cooldownDuration`, `cooldownId`, `effects`, `containersCapacity`, `header`, `hookTypeId`, `iconId`, `iconOverlayId`, `iconUnderlayId`, `hookItemTypes`, `itemsCapacity`, `location`, `materialType`, `maxStackSize`, `maxStructure`, `radar`, `pscript`, `spellId`, `stackSize`, `structure`, `targetTypeId`, `usability`, `useRadius`, `validLocations`, `value`, `workmanship`, `animationFrameId`, `defaultScript`, `defaultScriptIntensity`, `elasticity`, `friction`, `locationId`, `modelTableId`, `objectScale`, `physicsBitField`, `physicsTableId`, `motionTableId`, `soundTableId`, `physicsState`, `translucency`)
VALUES (1880961024, 'Base of Mt. Zabool', 65536, 0, 0, 0, 262164, 0, 0, 0, 0, 0, 0, 8388656, 0, 100667499, 0, 0, 0, 0, 0, 0, 0, 0, 4, 0, 0, 0, 0, 0, 32, -0.1, 0, 0, 0, 0, 0, 0, 0, 0, 0, 33554867, 0, 98307, 0, 150994947, 0, 3084, 0);

INSERT INTO `ace_object` (`baseAceObjectId`, `weenieClassId`, `landblock`, `cell`, `posX`, `posY`, `posZ`, `qW`, `qX`, `qY`, `qZ`)
VALUES (1880961024, 1363, 467, 268, 10, -20, -0.06299996, 1, 0, 0, 0);

INSERT INTO `base_ace_object` (`baseAceObjectId`, `name`, `typeId`, `paletteId`, `ammoType`, `blipColor`, `bitField`, `burden`, `combatUse`, `cooldownDuration`, `cooldownId`, `effects`, `containersCapacity`, `header`, `hookTypeId`, `iconId`, `iconOverlayId`, `iconUnderlayId`, `hookItemTypes`, `itemsCapacity`, `location`, `materialType`, `maxStackSize`, `maxStructure`, `radar`, `pscript`, `spellId`, `stackSize`, `structure`, `targetTypeId`, `usability`, `useRadius`, `validLocations`, `value`, `workmanship`, `animationFrameId`, `defaultScript`, `defaultScriptIntensity`, `elasticity`, `friction`, `locationId`, `modelTableId`, `objectScale`, `physicsBitField`, `physicsTableId`, `motionTableId`, `soundTableId`, `physicsState`, `translucency`)
VALUES (1880961044, 'Top of Mt. Zabool', 65536, 0, 0, 0, 262164, 0, 0, 0, 0, 0, 0, 8388656, 0, 100667499, 0, 0, 0, 0, 0, 0, 0, 0, 4, 0, 0, 0, 0, 0, 32, -0.1, 0, 0, 0, 0, 0, 0, 0, 0, 0, 33554867, 0, 98307, 0, 150994947, 0, 3084, 0);

INSERT INTO `ace_object` (`baseAceObjectId`, `weenieClassId`, `landblock`, `cell`, `posX`, `posY`, `posZ`, `qW`, `qX`, `qY`, `qZ`)
VALUES (1880961044, 369, 467, 444, 9.84015, -3.71487, 119.937, 1, 0, 0, -4.37114E-08);

INSERT INTO `base_ace_object` (`baseAceObjectId`, `name`, `typeId`, `paletteId`, `ammoType`, `blipColor`, `bitField`, `burden`, `combatUse`, `cooldownDuration`, `cooldownId`, `effects`, `containersCapacity`, `header`, `hookTypeId`, `iconId`, `iconOverlayId`, `iconUnderlayId`, `hookItemTypes`, `itemsCapacity`, `location`, `materialType`, `maxStackSize`, `maxStructure`, `radar`, `pscript`, `spellId`, `stackSize`, `structure`, `targetTypeId`, `usability`, `useRadius`, `validLocations`, `value`, `workmanship`, `animationFrameId`, `defaultScript`, `defaultScriptIntensity`, `elasticity`, `friction`, `locationId`, `modelTableId`, `objectScale`, `physicsBitField`, `physicsTableId`, `motionTableId`, `soundTableId`, `physicsState`, `translucency`)
VALUES (2036961282, 'Top of Zabool Tower', 65536, 0, 0, 0, 262164, 0, 0, 0, 0, 0, 0, 8388656, 0, 100667499, 0, 0, 0, 0, 0, 0, 0, 0, 4, 0, 0, 0, 0, 0, 32, -0.1, 0, 0, 0, 0, 0, 0, 0, 0, 0, 33554867, 0, 98307, 0, 150994947, 0, 3084, 0);

INSERT INTO `ace_object` (`baseAceObjectId`, `weenieClassId`, `landblock`, `cell`, `posX`, `posY`, `posZ`, `qW`, `qX`, `qY`, `qZ`)
VALUES (2036961282, 370, 38553, 39, 101.9, 166.1, 223.937, -0.8191522, 0, 0, -0.5735762);

INSERT INTO `base_ace_object` (`baseAceObjectId`, `name`, `typeId`, `paletteId`, `ammoType`, `blipColor`, `bitField`, `burden`, `combatUse`, `cooldownDuration`, `cooldownId`, `effects`, `containersCapacity`, `header`, `hookTypeId`, `iconId`, `iconOverlayId`, `iconUnderlayId`, `hookItemTypes`, `itemsCapacity`, `location`, `materialType`, `maxStackSize`, `maxStructure`, `radar`, `pscript`, `spellId`, `stackSize`, `structure`, `targetTypeId`, `usability`, `useRadius`, `validLocations`, `value`, `workmanship`, `animationFrameId`, `defaultScript`, `defaultScriptIntensity`, `elasticity`, `friction`, `locationId`, `modelTableId`, `objectScale`, `physicsBitField`, `physicsTableId`, `motionTableId`, `soundTableId`, `physicsState`, `translucency`)
VALUES (2036961281, 'Mount Alphus', 65536, 0, 0, 0, 262164, 0, 0, 0, 0, 0, 0, 8388656, 0, 100667499, 0, 0, 0, 0, 0, 0, 0, 0, 4, 0, 0, 0, 0, 0, 32, -0.1, 0, 0, 0, 0, 0, 0, 0, 0, 0, 33554867, 0, 98307, 0, 150994947, 0, 3084, 0);

INSERT INTO `ace_object` (`baseAceObjectId`, `weenieClassId`, `landblock`, `cell`, `posX`, `posY`, `posZ`, `qW`, `qX`, `qY`, `qZ`)
VALUES (2036961281, 431, 38553, 36, 99, 73.2, 223.937, -0.258819, 0, 0, -0.9659259);

INSERT INTO `base_ace_object` (`baseAceObjectId`, `name`, `typeId`, `paletteId`, `ammoType`, `blipColor`, `bitField`, `burden`, `combatUse`, `cooldownDuration`, `cooldownId`, `effects`, `containersCapacity`, `header`, `hookTypeId`, `iconId`, `iconOverlayId`, `iconUnderlayId`, `hookItemTypes`, `itemsCapacity`, `location`, `materialType`, `maxStackSize`, `maxStructure`, `radar`, `pscript`, `spellId`, `stackSize`, `structure`, `targetTypeId`, `usability`, `useRadius`, `validLocations`, `value`, `workmanship`, `animationFrameId`, `defaultScript`, `defaultScriptIntensity`, `elasticity`, `friction`, `locationId`, `modelTableId`, `objectScale`, `physicsBitField`, `physicsTableId`, `motionTableId`, `soundTableId`, `physicsState`, `translucency`)
VALUES (1880825863, 'Portal to Shoushi', 65536, 0, 0, 0, 262164, 0, 0, 0, 0, 0, 0, 8388656, 0, 100667499, 0, 0, 0, 0, 0, 0, 0, 0, 4, 0, 0, 0, 0, 0, 32, -0.1, 0, 0, 0, 0, 0, 0, 0, 0, 0, 33554867, 0, 98307, 0, 150994947, 0, 3084, 0);

INSERT INTO `ace_object` (`baseAceObjectId`, `weenieClassId`, `landblock`, `cell`, `posX`, `posY`, `posZ`, `qW`, `qX`, `qY`, `qZ`)
VALUES (1880825863, 42840, 434, 314, 48.8208, -8.35043, -0.06299996, -4.37114E-08, 0, 0, -1);

INSERT INTO `base_ace_object` (`baseAceObjectId`, `name`, `typeId`, `paletteId`, `ammoType`, `blipColor`, `bitField`, `burden`, `combatUse`, `cooldownDuration`, `cooldownId`, `effects`, `containersCapacity`, `header`, `hookTypeId`, `iconId`, `iconOverlayId`, `iconUnderlayId`, `hookItemTypes`, `itemsCapacity`, `location`, `materialType`, `maxStackSize`, `maxStructure`, `radar`, `pscript`, `spellId`, `stackSize`, `structure`, `targetTypeId`, `usability`, `useRadius`, `validLocations`, `value`, `workmanship`, `animationFrameId`, `defaultScript`, `defaultScriptIntensity`, `elasticity`, `friction`, `locationId`, `modelTableId`, `objectScale`, `physicsBitField`, `physicsTableId`, `motionTableId`, `soundTableId`, `physicsState`, `translucency`)
VALUES (1880825856, 'Mayoi Portal', 65536, 0, 0, 0, 262164, 0, 0, 0, 0, 0, 0, 8388656, 0, 100667499, 0, 0, 0, 0, 0, 0, 0, 0, 4, 0, 0, 0, 0, 0, 32, -0.1, 0, 0, 0, 0, 0, 0, 0, 0, 0, 33554867, 0, 98307, 0, 150994947, 0, 3084, 0);

INSERT INTO `ace_object` (`baseAceObjectId`, `weenieClassId`, `landblock`, `cell`, `posX`, `posY`, `posZ`, `qW`, `qX`, `qY`, `qZ`)
VALUES (1880825856, 42842, 434, 258, 10, -40, -0.06299996, 1, 0, 0, 0);

INSERT INTO `base_ace_object` (`baseAceObjectId`, `name`, `typeId`, `paletteId`, `ammoType`, `blipColor`, `bitField`, `burden`, `combatUse`, `cooldownDuration`, `cooldownId`, `effects`, `containersCapacity`, `header`, `hookTypeId`, `iconId`, `iconOverlayId`, `iconUnderlayId`, `hookItemTypes`, `itemsCapacity`, `location`, `materialType`, `maxStackSize`, `maxStructure`, `radar`, `pscript`, `spellId`, `stackSize`, `structure`, `targetTypeId`, `usability`, `useRadius`, `validLocations`, `value`, `workmanship`, `animationFrameId`, `defaultScript`, `defaultScriptIntensity`, `elasticity`, `friction`, `locationId`, `modelTableId`, `objectScale`, `physicsBitField`, `physicsTableId`, `motionTableId`, `soundTableId`, `physicsState`, `translucency`)
VALUES (1880825876, 'Portal to Hebian-To', 65536, 0, 0, 0, 262164, 0, 0, 0, 0, 0, 0, 8388656, 0, 100667499, 0, 0, 0, 0, 0, 0, 0, 0, 4, 0, 0, 0, 0, 0, 32, -0.1, 0, 0, 0, 0, 0, 0, 0, 0, 0, 33554867, 0, 98307, 0, 150994947, 0, 3084, 0);

INSERT INTO `ace_object` (`baseAceObjectId`, `weenieClassId`, `landblock`, `cell`, `posX`, `posY`, `posZ`, `qW`, `qX`, `qY`, `qZ`)
VALUES (1880825876, 42846, 434, 407, 102.847, -40.1099, -0.06299996, -0.7071068, 0, 0, -0.7071068);

INSERT INTO `base_ace_object` (`baseAceObjectId`, `name`, `typeId`, `paletteId`, `ammoType`, `blipColor`, `bitField`, `burden`, `combatUse`, `cooldownDuration`, `cooldownId`, `effects`, `containersCapacity`, `header`, `hookTypeId`, `iconId`, `iconOverlayId`, `iconUnderlayId`, `hookItemTypes`, `itemsCapacity`, `location`, `materialType`, `maxStackSize`, `maxStructure`, `radar`, `pscript`, `spellId`, `stackSize`, `structure`, `targetTypeId`, `usability`, `useRadius`, `validLocations`, `value`, `workmanship`, `animationFrameId`, `defaultScript`, `defaultScriptIntensity`, `elasticity`, `friction`, `locationId`, `modelTableId`, `objectScale`, `physicsBitField`, `physicsTableId`, `motionTableId`, `soundTableId`, `physicsState`, `translucency`)
VALUES (2029854720, 'Crater Caves Dungeon', 65536, 0, 0, 0, 262164, 0, 0, 0, 0, 0, 0, 8388656, 0, 100667499, 0, 0, 0, 0, 0, 0, 0, 0, 4, 0, 0, 0, 0, 0, 32, -0.1, 0, 0, 0, 0, 0, 0, 0, 0, 0, 33555926, 0, 98307, 0, 150994947, 0, 3084, 0);

INSERT INTO `ace_object` (`baseAceObjectId`, `weenieClassId`, `landblock`, `cell`, `posX`, `posY`, `posZ`, `qW`, `qX`, `qY`, `qZ`)
VALUES (2029854720, 2387, 36818, 7, 16.6376, 152.056, 277.487, 0.9707395, 0, 0, 0.2401351);

INSERT INTO `base_ace_object` (`baseAceObjectId`, `name`, `typeId`, `paletteId`, `ammoType`, `blipColor`, `bitField`, `burden`, `combatUse`, `cooldownDuration`, `cooldownId`, `effects`, `containersCapacity`, `header`, `hookTypeId`, `iconId`, `iconOverlayId`, `iconUnderlayId`, `hookItemTypes`, `itemsCapacity`, `location`, `materialType`, `maxStackSize`, `maxStructure`, `radar`, `pscript`, `spellId`, `stackSize`, `structure`, `targetTypeId`, `usability`, `useRadius`, `validLocations`, `value`, `workmanship`, `animationFrameId`, `defaultScript`, `defaultScriptIntensity`, `elasticity`, `friction`, `locationId`, `modelTableId`, `objectScale`, `physicsBitField`, `physicsTableId`, `motionTableId`, `soundTableId`, `physicsState`, `translucency`)
VALUES (1880727735, 'Surface', 65536, 0, 0, 0, 262164, 0, 0, 0, 0, 0, 0, 8388656, 0, 100667499, 0, 0, 0, 0, 0, 0, 0, 0, 4, 0, 0, 0, 0, 0, 32, -0.1, 0, 0, 0, 0, 0, 0, 0, 0, 0, 33554867, 0, 98307, 0, 150994947, 0, 3084, 0);

INSERT INTO `ace_object` (`baseAceObjectId`, `weenieClassId`, `landblock`, `cell`, `posX`, `posY`, `posZ`, `qW`, `qX`, `qY`, `qZ`)
VALUES (1880727735, 2388, 410, 724, 26.6423, -182.458, -0.06299996, -0.7071068, 0, 0, -0.7071068);

INSERT INTO `base_ace_object` (`baseAceObjectId`, `name`, `typeId`, `paletteId`, `ammoType`, `blipColor`, `bitField`, `burden`, `combatUse`, `cooldownDuration`, `cooldownId`, `effects`, `containersCapacity`, `header`, `hookTypeId`, `iconId`, `iconOverlayId`, `iconUnderlayId`, `hookItemTypes`, `itemsCapacity`, `location`, `materialType`, `maxStackSize`, `maxStructure`, `radar`, `pscript`, `spellId`, `stackSize`, `structure`, `targetTypeId`, `usability`, `useRadius`, `validLocations`, `value`, `workmanship`, `animationFrameId`, `defaultScript`, `defaultScriptIntensity`, `elasticity`, `friction`, `locationId`, `modelTableId`, `objectScale`, `physicsBitField`, `physicsTableId`, `motionTableId`, `soundTableId`, `physicsState`, `translucency`)
VALUES (1880727739, 'Surface', 65536, 0, 0, 0, 262164, 0, 0, 0, 0, 0, 0, 8388656, 0, 100667499, 0, 0, 0, 0, 0, 0, 0, 0, 4, 0, 0, 0, 0, 0, 32, -0.1, 0, 0, 0, 0, 0, 0, 0, 0, 0, 33554867, 0, 98307, 0, 150994947, 0, 3084, 0);

INSERT INTO `ace_object` (`baseAceObjectId`, `weenieClassId`, `landblock`, `cell`, `posX`, `posY`, `posZ`, `qW`, `qX`, `qY`, `qZ`)
VALUES (1880727739, 2388, 410, 734, 53.6048, -182.868, -0.06299996, 0.7071068, 0, 0, -0.7071068);

INSERT INTO `base_ace_object` (`baseAceObjectId`, `name`, `typeId`, `paletteId`, `ammoType`, `blipColor`, `bitField`, `burden`, `combatUse`, `cooldownDuration`, `cooldownId`, `effects`, `containersCapacity`, `header`, `hookTypeId`, `iconId`, `iconOverlayId`, `iconUnderlayId`, `hookItemTypes`, `itemsCapacity`, `location`, `materialType`, `maxStackSize`, `maxStructure`, `radar`, `pscript`, `spellId`, `stackSize`, `structure`, `targetTypeId`, `usability`, `useRadius`, `validLocations`, `value`, `workmanship`, `animationFrameId`, `defaultScript`, `defaultScriptIntensity`, `elasticity`, `friction`, `locationId`, `modelTableId`, `objectScale`, `physicsBitField`, `physicsTableId`, `motionTableId`, `soundTableId`, `physicsState`, `translucency`)
VALUES (1880727674, 'Surface', 65536, 0, 0, 0, 262164, 0, 0, 0, 0, 0, 0, 8388656, 0, 100667499, 0, 0, 0, 0, 0, 0, 0, 0, 4, 0, 0, 0, 0, 0, 32, -0.1, 0, 0, 0, 0, 0, 0, 0, 0, 0, 33554867, 0, 98307, 0, 150994947, 0, 3084, 0);

INSERT INTO `ace_object` (`baseAceObjectId`, `weenieClassId`, `landblock`, `cell`, `posX`, `posY`, `posZ`, `qW`, `qX`, `qY`, `qZ`)
VALUES (1880727674, 2388, 410, 532, 43.0932, -60.0048, -36.063, 0.7071068, 0, 0, -0.7071068);

INSERT INTO `base_ace_object` (`baseAceObjectId`, `name`, `typeId`, `paletteId`, `ammoType`, `blipColor`, `bitField`, `burden`, `combatUse`, `cooldownDuration`, `cooldownId`, `effects`, `containersCapacity`, `header`, `hookTypeId`, `iconId`, `iconOverlayId`, `iconUnderlayId`, `hookItemTypes`, `itemsCapacity`, `location`, `materialType`, `maxStackSize`, `maxStructure`, `radar`, `pscript`, `spellId`, `stackSize`, `structure`, `targetTypeId`, `usability`, `useRadius`, `validLocations`, `value`, `workmanship`, `animationFrameId`, `defaultScript`, `defaultScriptIntensity`, `elasticity`, `friction`, `locationId`, `modelTableId`, `objectScale`, `physicsBitField`, `physicsTableId`, `motionTableId`, `soundTableId`, `physicsState`, `translucency`)
VALUES (1880694869, 'Surface', 65536, 0, 0, 0, 262164, 0, 0, 0, 0, 0, 0, 8388656, 0, 100667499, 0, 0, 0, 0, 0, 0, 0, 0, 4, 0, 0, 0, 0, 0, 32, -0.1, 0, 0, 0, 0, 0, 0, 0, 0, 0, 33554867, 0, 98307, 0, 150994947, 0, 3084, 0);

INSERT INTO `ace_object` (`baseAceObjectId`, `weenieClassId`, `landblock`, `cell`, `posX`, `posY`, `posZ`, `qW`, `qX`, `qY`, `qZ`)
VALUES (1880694869, 3641, 402, 425, 23.5512, -39.8878, -0.06299996, -0.7071068, 0, 0, -0.7071068);

INSERT INTO `base_ace_object` (`baseAceObjectId`, `name`, `typeId`, `paletteId`, `ammoType`, `blipColor`, `bitField`, `burden`, `combatUse`, `cooldownDuration`, `cooldownId`, `effects`, `containersCapacity`, `header`, `hookTypeId`, `iconId`, `iconOverlayId`, `iconUnderlayId`, `hookItemTypes`, `itemsCapacity`, `location`, `materialType`, `maxStackSize`, `maxStructure`, `radar`, `pscript`, `spellId`, `stackSize`, `structure`, `targetTypeId`, `usability`, `useRadius`, `validLocations`, `value`, `workmanship`, `animationFrameId`, `defaultScript`, `defaultScriptIntensity`, `elasticity`, `friction`, `locationId`, `modelTableId`, `objectScale`, `physicsBitField`, `physicsTableId`, `motionTableId`, `soundTableId`, `physicsState`, `translucency`)
VALUES (1880694784, 'Surface', 65536, 0, 0, 0, 262164, 0, 0, 0, 0, 0, 0, 8388656, 0, 100667499, 0, 0, 0, 0, 0, 0, 0, 0, 4, 0, 0, 0, 0, 0, 32, -0.1, 0, 0, 0, 0, 0, 0, 0, 0, 0, 33554867, 0, 98307, 0, 150994947, 0, 3084, 0);

INSERT INTO `ace_object` (`baseAceObjectId`, `weenieClassId`, `landblock`, `cell`, `posX`, `posY`, `posZ`, `qW`, `qX`, `qY`, `qZ`)
VALUES (1880694784, 3641, 402, 256, 16.4392, -20.004, -24.063, -0.7071068, 0, 0, -0.7071068);

INSERT INTO `base_ace_object` (`baseAceObjectId`, `name`, `typeId`, `paletteId`, `ammoType`, `blipColor`, `bitField`, `burden`, `combatUse`, `cooldownDuration`, `cooldownId`, `effects`, `containersCapacity`, `header`, `hookTypeId`, `iconId`, `iconOverlayId`, `iconUnderlayId`, `hookItemTypes`, `itemsCapacity`, `location`, `materialType`, `maxStackSize`, `maxStructure`, `radar`, `pscript`, `spellId`, `stackSize`, `structure`, `targetTypeId`, `usability`, `useRadius`, `validLocations`, `value`, `workmanship`, `animationFrameId`, `defaultScript`, `defaultScriptIntensity`, `elasticity`, `friction`, `locationId`, `modelTableId`, `objectScale`, `physicsBitField`, `physicsTableId`, `motionTableId`, `soundTableId`, `physicsState`, `translucency`)
VALUES (1938341891, 'Mountain Halls', 65536, 0, 0, 0, 262164, 0, 0, 0, 0, 0, 0, 8388656, 0, 100667499, 0, 0, 0, 0, 0, 0, 0, 0, 4, 0, 0, 0, 0, 0, 32, -0.1, 0, 0, 0, 0, 0, 0, 0, 0, 0, 33555923, 0, 98307, 0, 150994947, 0, 3084, 0);

INSERT INTO `ace_object` (`baseAceObjectId`, `weenieClassId`, `landblock`, `cell`, `posX`, `posY`, `posZ`, `qW`, `qX`, `qY`, `qZ`)
VALUES (1938341891, 3640, 14476, 258, 108, 15, 75.592, -4.37114E-08, 0, 0, -1);

INSERT INTO `base_ace_object` (`baseAceObjectId`, `name`, `typeId`, `paletteId`, `ammoType`, `blipColor`, `bitField`, `burden`, `combatUse`, `cooldownDuration`, `cooldownId`, `effects`, `containersCapacity`, `header`, `hookTypeId`, `iconId`, `iconOverlayId`, `iconUnderlayId`, `hookItemTypes`, `itemsCapacity`, `location`, `materialType`, `maxStackSize`, `maxStructure`, `radar`, `pscript`, `spellId`, `stackSize`, `structure`, `targetTypeId`, `usability`, `useRadius`, `validLocations`, `value`, `workmanship`, `animationFrameId`, `defaultScript`, `defaultScriptIntensity`, `elasticity`, `friction`, `locationId`, `modelTableId`, `objectScale`, `physicsBitField`, `physicsTableId`, `motionTableId`, `soundTableId`, `physicsState`, `translucency`)
VALUES (1880887407, 'Surface', 65536, 0, 0, 0, 262164, 0, 0, 0, 0, 0, 0, 8388656, 0, 100667499, 0, 0, 0, 0, 0, 0, 0, 0, 4, 0, 0, 0, 0, 0, 32, -0.1, 0, 0, 0, 0, 0, 0, 0, 0, 0, 33554867, 0, 98307, 0, 150994947, 0, 3084, 0);

INSERT INTO `ace_object` (`baseAceObjectId`, `weenieClassId`, `landblock`, `cell`, `posX`, `posY`, `posZ`, `qW`, `qX`, `qY`, `qZ`)
VALUES (1880887407, 2332, 449, 564, 62.5012, -130.033, 5.937, 0.7071068, 0, 0, -0.7071068);

INSERT INTO `base_ace_object` (`baseAceObjectId`, `name`, `typeId`, `paletteId`, `ammoType`, `blipColor`, `bitField`, `burden`, `combatUse`, `cooldownDuration`, `cooldownId`, `effects`, `containersCapacity`, `header`, `hookTypeId`, `iconId`, `iconOverlayId`, `iconUnderlayId`, `hookItemTypes`, `itemsCapacity`, `location`, `materialType`, `maxStackSize`, `maxStructure`, `radar`, `pscript`, `spellId`, `stackSize`, `structure`, `targetTypeId`, `usability`, `useRadius`, `validLocations`, `value`, `workmanship`, `animationFrameId`, `defaultScript`, `defaultScriptIntensity`, `elasticity`, `friction`, `locationId`, `modelTableId`, `objectScale`, `physicsBitField`, `physicsTableId`, `motionTableId`, `soundTableId`, `physicsState`, `translucency`)
VALUES (1932038155, 'Tumerok Mine', 65536, 0, 0, 0, 262164, 0, 0, 0, 0, 0, 0, 8388656, 0, 100667499, 0, 0, 0, 0, 0, 0, 0, 0, 4, 0, 0, 0, 0, 0, 32, -0.1, 0, 0, 0, 0, 0, 0, 0, 0, 0, 33555926, 0, 98307, 0, 150994947, 0, 3084, 0);

INSERT INTO `ace_object` (`baseAceObjectId`, `weenieClassId`, `landblock`, `cell`, `posX`, `posY`, `posZ`, `qW`, `qX`, `qY`, `qZ`)
VALUES (1932038155, 2331, 12937, 52, 159.594, 75.3067, 25.937, 0.7071068, 0, 0, -0.7071068);

INSERT INTO `base_ace_object` (`baseAceObjectId`, `name`, `typeId`, `paletteId`, `ammoType`, `blipColor`, `bitField`, `burden`, `combatUse`, `cooldownDuration`, `cooldownId`, `effects`, `containersCapacity`, `header`, `hookTypeId`, `iconId`, `iconOverlayId`, `iconUnderlayId`, `hookItemTypes`, `itemsCapacity`, `location`, `materialType`, `maxStackSize`, `maxStructure`, `radar`, `pscript`, `spellId`, `stackSize`, `structure`, `targetTypeId`, `usability`, `useRadius`, `validLocations`, `value`, `workmanship`, `animationFrameId`, `defaultScript`, `defaultScriptIntensity`, `elasticity`, `friction`, `locationId`, `modelTableId`, `objectScale`, `physicsBitField`, `physicsTableId`, `motionTableId`, `soundTableId`, `physicsState`, `translucency`)
VALUES (2111127552, 'Mossy Cave', 65536, 0, 0, 0, 262164, 0, 0, 0, 0, 0, 0, 8388656, 0, 100667499, 0, 0, 0, 0, 0, 0, 0, 0, 4, 0, 0, 0, 0, 0, 32, -0.1, 0, 0, 0, 0, 0, 0, 0, 0, 0, 33555922, 0, 98307, 0, 150994947, 0, 3084, 0);

INSERT INTO `ace_object` (`baseAceObjectId`, `weenieClassId`, `landblock`, `cell`, `posX`, `posY`, `posZ`, `qW`, `qX`, `qY`, `qZ`)
VALUES (2111127552, 28835, 56660, 256, 0.742, 161.951, 2.737, -0.9081897, 0, 0, -0.4185589);

INSERT INTO `base_ace_object` (`baseAceObjectId`, `name`, `typeId`, `paletteId`, `ammoType`, `blipColor`, `bitField`, `burden`, `combatUse`, `cooldownDuration`, `cooldownId`, `effects`, `containersCapacity`, `header`, `hookTypeId`, `iconId`, `iconOverlayId`, `iconUnderlayId`, `hookItemTypes`, `itemsCapacity`, `location`, `materialType`, `maxStackSize`, `maxStructure`, `radar`, `pscript`, `spellId`, `stackSize`, `structure`, `targetTypeId`, `usability`, `useRadius`, `validLocations`, `value`, `workmanship`, `animationFrameId`, `defaultScript`, `defaultScriptIntensity`, `elasticity`, `friction`, `locationId`, `modelTableId`, `objectScale`, `physicsBitField`, `physicsTableId`, `motionTableId`, `soundTableId`, `physicsState`, `translucency`)
VALUES (2884320800, 'Braid Mansion Ruin', 65536, 0, 0, 0, 262164, 0, 0, 0, 0, 0, 0, 8388656, 0, 100667499, 0, 0, 0, 0, 0, 0, 0, 0, 4, 0, 0, 0, 0, 0, 32, -0.1, 0, 0, 0, 0, 0, 0, 0, 0, 0, 33555922, 0, 98307, 0, 150994947, 0, 3084, 0);

INSERT INTO `ace_object` (`baseAceObjectId`, `weenieClassId`, `landblock`, `cell`, `posX`, `posY`, `posZ`, `qW`, `qX`, `qY`, `qZ`)
VALUES (2884320800, 2066, 55636, 29, 76.9695, 118.695, 19.937, 0.9700633, 0, 0, -0.2428521);

INSERT INTO `base_ace_object` (`baseAceObjectId`, `name`, `typeId`, `paletteId`, `ammoType`, `blipColor`, `bitField`, `burden`, `combatUse`, `cooldownDuration`, `cooldownId`, `effects`, `containersCapacity`, `header`, `hookTypeId`, `iconId`, `iconOverlayId`, `iconUnderlayId`, `hookItemTypes`, `itemsCapacity`, `location`, `materialType`, `maxStackSize`, `maxStructure`, `radar`, `pscript`, `spellId`, `stackSize`, `structure`, `targetTypeId`, `usability`, `useRadius`, `validLocations`, `value`, `workmanship`, `animationFrameId`, `defaultScript`, `defaultScriptIntensity`, `elasticity`, `friction`, `locationId`, `modelTableId`, `objectScale`, `physicsBitField`, `physicsTableId`, `motionTableId`, `soundTableId`, `physicsState`, `translucency`)
VALUES (2117935104, 'Queen''s Burrow', 65536, 67109370, 0, 0, 262164, 0, 0, 0, 0, 0, 0, 8388656, 0, 100667499, 0, 0, 0, 0, 0, 0, 0, 0, 4, 0, 0, 0, 0, 0, 32, -0.1, 0, 0, 0, 0, 0, 0, 0, 0, 0, 33554867, 0, 98307, 0, 150994947, 0, 3084, 0);

INSERT INTO `ace_object` (`baseAceObjectId`, `weenieClassId`, `landblock`, `cell`, `posX`, `posY`, `posZ`, `qW`, `qX`, `qY`, `qZ`)
VALUES (2117935104, 43586, 58322, 258, 179.859, 69.0133, 0.3370003, -0.9999545, 0, 0, 0.009542405);

INSERT INTO `ace_object_palette_changes` (`baseAceObjectId`, `subPaletteId`, `offset`, `length`)
VALUES (2117935104, 67111849, 8, 2040);

INSERT INTO `base_ace_object` (`baseAceObjectId`, `name`, `typeId`, `paletteId`, `ammoType`, `blipColor`, `bitField`, `burden`, `combatUse`, `cooldownDuration`, `cooldownId`, `effects`, `containersCapacity`, `header`, `hookTypeId`, `iconId`, `iconOverlayId`, `iconUnderlayId`, `hookItemTypes`, `itemsCapacity`, `location`, `materialType`, `maxStackSize`, `maxStructure`, `radar`, `pscript`, `spellId`, `stackSize`, `structure`, `targetTypeId`, `usability`, `useRadius`, `validLocations`, `value`, `workmanship`, `animationFrameId`, `defaultScript`, `defaultScriptIntensity`, `elasticity`, `friction`, `locationId`, `modelTableId`, `objectScale`, `physicsBitField`, `physicsTableId`, `motionTableId`, `soundTableId`, `physicsState`, `translucency`)
VALUES (2117939200, 'Queen''s Burrow', 65536, 67109370, 0, 0, 262164, 0, 0, 0, 0, 0, 0, 8388656, 0, 100667499, 0, 0, 0, 0, 0, 0, 0, 0, 4, 0, 0, 0, 0, 0, 32, -0.1, 0, 0, 0, 0, 0, 0, 0, 0, 0, 33554867, 0, 98307, 0, 150994947, 0, 3084, 0);

INSERT INTO `ace_object` (`baseAceObjectId`, `weenieClassId`, `landblock`, `cell`, `posX`, `posY`, `posZ`, `qW`, `qX`, `qY`, `qZ`)
VALUES (2117939200, 43585, 58323, 258, 132.078, 188.736, 0.3370001, 0.9997255, 0, 0, 0.02342839);

INSERT INTO `ace_object_palette_changes` (`baseAceObjectId`, `subPaletteId`, `offset`, `length`)
VALUES (2117939200, 67111849, 8, 2040);

INSERT INTO `base_ace_object` (`baseAceObjectId`, `name`, `typeId`, `paletteId`, `ammoType`, `blipColor`, `bitField`, `burden`, `combatUse`, `cooldownDuration`, `cooldownId`, `effects`, `containersCapacity`, `header`, `hookTypeId`, `iconId`, `iconOverlayId`, `iconUnderlayId`, `hookItemTypes`, `itemsCapacity`, `location`, `materialType`, `maxStackSize`, `maxStructure`, `radar`, `pscript`, `spellId`, `stackSize`, `structure`, `targetTypeId`, `usability`, `useRadius`, `validLocations`, `value`, `workmanship`, `animationFrameId`, `defaultScript`, `defaultScriptIntensity`, `elasticity`, `friction`, `locationId`, `modelTableId`, `objectScale`, `physicsBitField`, `physicsTableId`, `motionTableId`, `soundTableId`, `physicsState`, `translucency`)
VALUES (3630952936, 'Olthoi Tunnel', 65536, 67109370, 0, 0, 262164, 0, 0, 0, 0, 0, 0, 8388656, 0, 100667499, 0, 0, 0, 0, 0, 0, 0, 0, 4, 0, 0, 0, 0, 0, 32, -0.1, 0, 0, 0, 0, 0, 0, 0, 0, 0, 33554867, 0, 98307, 0, 150994947, 0, 3084, 0);

INSERT INTO `ace_object` (`baseAceObjectId`, `weenieClassId`, `landblock`, `cell`, `posX`, `posY`, `posZ`, `qW`, `qX`, `qY`, `qZ`)
VALUES (3630952936, 43556, 58322, 45, 127.779, 113.384, 5.937, 1, 0, 0, 0);

INSERT INTO `ace_object_palette_changes` (`baseAceObjectId`, `subPaletteId`, `offset`, `length`)
VALUES (3630952936, 67111849, 8, 2040);

INSERT INTO `base_ace_object` (`baseAceObjectId`, `name`, `typeId`, `paletteId`, `ammoType`, `blipColor`, `bitField`, `burden`, `combatUse`, `cooldownDuration`, `cooldownId`, `effects`, `containersCapacity`, `header`, `hookTypeId`, `iconId`, `iconOverlayId`, `iconUnderlayId`, `hookItemTypes`, `itemsCapacity`, `location`, `materialType`, `maxStackSize`, `maxStructure`, `radar`, `pscript`, `spellId`, `stackSize`, `structure`, `targetTypeId`, `usability`, `useRadius`, `validLocations`, `value`, `workmanship`, `animationFrameId`, `defaultScript`, `defaultScriptIntensity`, `elasticity`, `friction`, `locationId`, `modelTableId`, `objectScale`, `physicsBitField`, `physicsTableId`, `motionTableId`, `soundTableId`, `physicsState`, `translucency`)
VALUES (3630871837, 'Olthoi Tunnel', 65536, 67109370, 0, 0, 262164, 0, 0, 0, 0, 0, 0, 8388656, 0, 100667499, 0, 0, 0, 0, 0, 0, 0, 0, 4, 0, 0, 0, 0, 0, 32, -0.1, 0, 0, 0, 0, 0, 0, 0, 0, 0, 33554867, 0, 98307, 0, 150994947, 0, 3084, 0);

INSERT INTO `ace_object` (`baseAceObjectId`, `weenieClassId`, `landblock`, `cell`, `posX`, `posY`, `posZ`, `qW`, `qX`, `qY`, `qZ`)
VALUES (3630871837, 43544, 58321, 53, 152.853, 101.548, 5.937, 1, 0, 0, 0);

INSERT INTO `ace_object_palette_changes` (`baseAceObjectId`, `subPaletteId`, `offset`, `length`)
VALUES (3630871837, 67111849, 8, 2040);

INSERT INTO `base_ace_object` (`baseAceObjectId`, `name`, `typeId`, `paletteId`, `ammoType`, `blipColor`, `bitField`, `burden`, `combatUse`, `cooldownDuration`, `cooldownId`, `effects`, `containersCapacity`, `header`, `hookTypeId`, `iconId`, `iconOverlayId`, `iconUnderlayId`, `hookItemTypes`, `itemsCapacity`, `location`, `materialType`, `maxStackSize`, `maxStructure`, `radar`, `pscript`, `spellId`, `stackSize`, `structure`, `targetTypeId`, `usability`, `useRadius`, `validLocations`, `value`, `workmanship`, `animationFrameId`, `defaultScript`, `defaultScriptIntensity`, `elasticity`, `friction`, `locationId`, `modelTableId`, `objectScale`, `physicsBitField`, `physicsTableId`, `motionTableId`, `soundTableId`, `physicsState`, `translucency`)
VALUES (3631219365, 'Olthoi Tunnel', 65536, 67109370, 0, 0, 262164, 0, 0, 0, 0, 0, 0, 8388656, 0, 100667499, 0, 0, 0, 0, 0, 0, 0, 0, 4, 0, 0, 0, 0, 0, 32, -0.1, 0, 0, 0, 0, 0, 0, 0, 0, 0, 33554867, 0, 98307, 0, 150994947, 0, 3084, 0);

INSERT INTO `ace_object` (`baseAceObjectId`, `weenieClassId`, `landblock`, `cell`, `posX`, `posY`, `posZ`, `qW`, `qX`, `qY`, `qZ`)
VALUES (3631219365, 43546, 58576, 24, 63.0665, 176.698, 5.937, 1, 0, 0, 0);

INSERT INTO `ace_object_palette_changes` (`baseAceObjectId`, `subPaletteId`, `offset`, `length`)
VALUES (3631219365, 67111849, 8, 2040);

INSERT INTO `base_ace_object` (`baseAceObjectId`, `name`, `typeId`, `paletteId`, `ammoType`, `blipColor`, `bitField`, `burden`, `combatUse`, `cooldownDuration`, `cooldownId`, `effects`, `containersCapacity`, `header`, `hookTypeId`, `iconId`, `iconOverlayId`, `iconUnderlayId`, `hookItemTypes`, `itemsCapacity`, `location`, `materialType`, `maxStackSize`, `maxStructure`, `radar`, `pscript`, `spellId`, `stackSize`, `structure`, `targetTypeId`, `usability`, `useRadius`, `validLocations`, `value`, `workmanship`, `animationFrameId`, `defaultScript`, `defaultScriptIntensity`, `elasticity`, `friction`, `locationId`, `modelTableId`, `objectScale`, `physicsBitField`, `physicsTableId`, `motionTableId`, `soundTableId`, `physicsState`, `translucency`)
VALUES (3631219675, 'Olthoi Tunnel', 65536, 67109370, 0, 0, 262164, 0, 0, 0, 0, 0, 0, 8388656, 0, 100667499, 0, 0, 0, 0, 0, 0, 0, 0, 4, 0, 0, 0, 0, 0, 32, -0.1, 0, 0, 0, 0, 0, 0, 0, 0, 0, 33554867, 0, 98307, 0, 150994947, 0, 3084, 0);

INSERT INTO `ace_object` (`baseAceObjectId`, `weenieClassId`, `landblock`, `cell`, `posX`, `posY`, `posZ`, `qW`, `qX`, `qY`, `qZ`)
VALUES (3631219675, 43590, 58575, 13, 30.129, 113.819, 35.937, 1, 0, 0, 0);

INSERT INTO `ace_object_palette_changes` (`baseAceObjectId`, `subPaletteId`, `offset`, `length`)
VALUES (3631219675, 67111849, 8, 2040);

INSERT INTO `base_ace_object` (`baseAceObjectId`, `name`, `typeId`, `paletteId`, `ammoType`, `blipColor`, `bitField`, `burden`, `combatUse`, `cooldownDuration`, `cooldownId`, `effects`, `containersCapacity`, `header`, `hookTypeId`, `iconId`, `iconOverlayId`, `iconUnderlayId`, `hookItemTypes`, `itemsCapacity`, `location`, `materialType`, `maxStackSize`, `maxStructure`, `radar`, `pscript`, `spellId`, `stackSize`, `structure`, `targetTypeId`, `usability`, `useRadius`, `validLocations`, `value`, `workmanship`, `animationFrameId`, `defaultScript`, `defaultScriptIntensity`, `elasticity`, `friction`, `locationId`, `modelTableId`, `objectScale`, `physicsBitField`, `physicsTableId`, `motionTableId`, `soundTableId`, `physicsState`, `translucency`)
VALUES (3631168927, 'Olthoi Tunnel', 65536, 67109370, 0, 0, 262164, 0, 0, 0, 0, 0, 0, 8388656, 0, 100667499, 0, 0, 0, 0, 0, 0, 0, 0, 4, 0, 0, 0, 0, 0, 32, -0.1, 0, 0, 0, 0, 0, 0, 0, 0, 0, 33554867, 0, 98307, 0, 150994947, 0, 3084, 0);

INSERT INTO `ace_object` (`baseAceObjectId`, `weenieClassId`, `landblock`, `cell`, `posX`, `posY`, `posZ`, `qW`, `qX`, `qY`, `qZ`)
VALUES (3631168927, 43577, 16394, 258, 83.9862, 164.768, -5.663, 1, 0, 0, 0);

INSERT INTO `ace_object_palette_changes` (`baseAceObjectId`, `subPaletteId`, `offset`, `length`)
VALUES (3631168927, 67111849, 8, 2040);

INSERT INTO `base_ace_object` (`baseAceObjectId`, `name`, `typeId`, `paletteId`, `ammoType`, `blipColor`, `bitField`, `burden`, `combatUse`, `cooldownDuration`, `cooldownId`, `effects`, `containersCapacity`, `header`, `hookTypeId`, `iconId`, `iconOverlayId`, `iconUnderlayId`, `hookItemTypes`, `itemsCapacity`, `location`, `materialType`, `maxStackSize`, `maxStructure`, `radar`, `pscript`, `spellId`, `stackSize`, `structure`, `targetTypeId`, `usability`, `useRadius`, `validLocations`, `value`, `workmanship`, `animationFrameId`, `defaultScript`, `defaultScriptIntensity`, `elasticity`, `friction`, `locationId`, `modelTableId`, `objectScale`, `physicsBitField`, `physicsTableId`, `motionTableId`, `soundTableId`, `physicsState`, `translucency`)
VALUES (3631172548, 'Olthoi Tunnel', 65536, 67109370, 0, 0, 262164, 0, 0, 0, 0, 0, 0, 8388656, 0, 100667499, 0, 0, 0, 0, 0, 0, 0, 0, 4, 0, 0, 0, 0, 0, 32, -0.1, 0, 0, 0, 0, 0, 0, 0, 0, 0, 33554867, 0, 98307, 0, 150994947, 0, 3084, 0);

INSERT INTO `ace_object` (`baseAceObjectId`, `weenieClassId`, `landblock`, `cell`, `posX`, `posY`, `posZ`, `qW`, `qX`, `qY`, `qZ`)
VALUES (3631172548, 43565, 16107, 258, 12.0599, 44.9172, 8.337, 1, 0, 0, 0);

INSERT INTO `ace_object_palette_changes` (`baseAceObjectId`, `subPaletteId`, `offset`, `length`)
VALUES (3631172548, 67111849, 8, 2040);

INSERT INTO `base_ace_object` (`baseAceObjectId`, `name`, `typeId`, `paletteId`, `ammoType`, `blipColor`, `bitField`, `burden`, `combatUse`, `cooldownDuration`, `cooldownId`, `effects`, `containersCapacity`, `header`, `hookTypeId`, `iconId`, `iconOverlayId`, `iconUnderlayId`, `hookItemTypes`, `itemsCapacity`, `location`, `materialType`, `maxStackSize`, `maxStructure`, `radar`, `pscript`, `spellId`, `stackSize`, `structure`, `targetTypeId`, `usability`, `useRadius`, `validLocations`, `value`, `workmanship`, `animationFrameId`, `defaultScript`, `defaultScriptIntensity`, `elasticity`, `friction`, `locationId`, `modelTableId`, `objectScale`, `physicsBitField`, `physicsTableId`, `motionTableId`, `soundTableId`, `physicsState`, `translucency`)
VALUES (1945026560, 'Ruschk Icehold', 65536, 0, 0, 0, 262164, 0, 0, 0, 0, 0, 0, 8388656, 0, 100667499, 0, 0, 0, 0, 0, 0, 0, 0, 4, 0, 0, 0, 0, 0, 32, -0.1, 0, 0, 0, 0, 0, 0, 0, 0, 0, 33555925, 0, 98307, 0, 150994947, 0, 3084, 0);

INSERT INTO `ace_object` (`baseAceObjectId`, `weenieClassId`, `landblock`, `cell`, `posX`, `posY`, `posZ`, `qW`, `qX`, `qY`, `qZ`)
VALUES (1945026560, 29483, 16108, 45, 130, 108, 3.937, 0.7071068, 0, 0, -0.7071068);

INSERT INTO `base_ace_object` (`baseAceObjectId`, `name`, `typeId`, `paletteId`, `ammoType`, `blipColor`, `bitField`, `burden`, `combatUse`, `cooldownDuration`, `cooldownId`, `effects`, `containersCapacity`, `header`, `hookTypeId`, `iconId`, `iconOverlayId`, `iconUnderlayId`, `hookItemTypes`, `itemsCapacity`, `location`, `materialType`, `maxStackSize`, `maxStructure`, `radar`, `pscript`, `spellId`, `stackSize`, `structure`, `targetTypeId`, `usability`, `useRadius`, `validLocations`, `value`, `workmanship`, `animationFrameId`, `defaultScript`, `defaultScriptIntensity`, `elasticity`, `friction`, `locationId`, `modelTableId`, `objectScale`, `physicsBitField`, `physicsTableId`, `motionTableId`, `soundTableId`, `physicsState`, `translucency`)
VALUES (1926135808, 'Marauder''s Lair', 65536, 0, 0, 0, 262164, 0, 0, 0, 0, 0, 0, 8388656, 0, 100667499, 0, 0, 0, 0, 0, 0, 0, 0, 4, 0, 0, 0, 0, 0, 32, -0.1, 0, 0, 0, 0, 0, 0, 0, 0, 0, 33555926, 0, 98307, 0, 150994947, 0, 3084, 0);

INSERT INTO `ace_object` (`baseAceObjectId`, `weenieClassId`, `landblock`, `cell`, `posX`, `posY`, `posZ`, `qW`, `qX`, `qY`, `qZ`)
VALUES (1926135808, 29361, 11496, 256, 75.5539, 50.2797, 40.737, -0.2960281, 0, 0, -0.9551792);

INSERT INTO `base_ace_object` (`baseAceObjectId`, `name`, `typeId`, `paletteId`, `ammoType`, `blipColor`, `bitField`, `burden`, `combatUse`, `cooldownDuration`, `cooldownId`, `effects`, `containersCapacity`, `header`, `hookTypeId`, `iconId`, `iconOverlayId`, `iconUnderlayId`, `hookItemTypes`, `itemsCapacity`, `location`, `materialType`, `maxStackSize`, `maxStructure`, `radar`, `pscript`, `spellId`, `stackSize`, `structure`, `targetTypeId`, `usability`, `useRadius`, `validLocations`, `value`, `workmanship`, `animationFrameId`, `defaultScript`, `defaultScriptIntensity`, `elasticity`, `friction`, `locationId`, `modelTableId`, `objectScale`, `physicsBitField`, `physicsTableId`, `motionTableId`, `soundTableId`, `physicsState`, `translucency`)
VALUES (1927180288, 'Destroyed Portal to Sanamar', 65536, 0, 0, 0, 262164, 0, 0, 0, 0, 0, 0, 48, 0, 100667499, 0, 0, 0, 0, 0, 0, 0, 0, 0, 0, 0, 0, 0, 0, 1, -0.1, 0, 0, 0, 0, 0, 0, 0, 0, 0, 33561060, 0, 98307, 0, 150995314, 0, 3092, 0);

INSERT INTO `ace_object` (`baseAceObjectId`, `weenieClassId`, `landblock`, `cell`, `posX`, `posY`, `posZ`, `qW`, `qX`, `qY`, `qZ`)
VALUES (1927180288, 28709, 11751, 2, 18.4947, 32.5867, 34.50573, -0.06825629, 0, 0, 0.9976678);

INSERT INTO `base_ace_object` (`baseAceObjectId`, `name`, `typeId`, `paletteId`, `ammoType`, `blipColor`, `bitField`, `burden`, `combatUse`, `cooldownDuration`, `cooldownId`, `effects`, `containersCapacity`, `header`, `hookTypeId`, `iconId`, `iconOverlayId`, `iconUnderlayId`, `hookItemTypes`, `itemsCapacity`, `location`, `materialType`, `maxStackSize`, `maxStructure`, `radar`, `pscript`, `spellId`, `stackSize`, `structure`, `targetTypeId`, `usability`, `useRadius`, `validLocations`, `value`, `workmanship`, `animationFrameId`, `defaultScript`, `defaultScriptIntensity`, `elasticity`, `friction`, `locationId`, `modelTableId`, `objectScale`, `physicsBitField`, `physicsTableId`, `motionTableId`, `soundTableId`, `physicsState`, `translucency`)
VALUES (3630952913, 'Olthoi Tunnel', 65536, 67109370, 0, 0, 262164, 0, 0, 0, 0, 0, 0, 8388656, 0, 100667499, 0, 0, 0, 0, 0, 0, 0, 0, 4, 0, 0, 0, 0, 0, 32, -0.1, 0, 0, 0, 0, 0, 0, 0, 0, 0, 33554867, 0, 98307, 0, 150994947, 0, 3084, 0);

INSERT INTO `ace_object` (`baseAceObjectId`, `weenieClassId`, `landblock`, `cell`, `posX`, `posY`, `posZ`, `qW`, `qX`, `qY`, `qZ`)
VALUES (3630952913, 43542, 58323, 54, 164.068, 129.409, 5.937, 1, 0, 0, 0);

INSERT INTO `ace_object_palette_changes` (`baseAceObjectId`, `subPaletteId`, `offset`, `length`)
VALUES (3630952913, 67111849, 8, 2040);

INSERT INTO `base_ace_object` (`baseAceObjectId`, `name`, `typeId`, `paletteId`, `ammoType`, `blipColor`, `bitField`, `burden`, `combatUse`, `cooldownDuration`, `cooldownId`, `effects`, `containersCapacity`, `header`, `hookTypeId`, `iconId`, `iconOverlayId`, `iconUnderlayId`, `hookItemTypes`, `itemsCapacity`, `location`, `materialType`, `maxStackSize`, `maxStructure`, `radar`, `pscript`, `spellId`, `stackSize`, `structure`, `targetTypeId`, `usability`, `useRadius`, `validLocations`, `value`, `workmanship`, `animationFrameId`, `defaultScript`, `defaultScriptIntensity`, `elasticity`, `friction`, `locationId`, `modelTableId`, `objectScale`, `physicsBitField`, `physicsTableId`, `motionTableId`, `soundTableId`, `physicsState`, `translucency`)
VALUES (2013851661, 'Radiant Blood Gauntlet', 65536, 0, 0, 0, 262164, 0, 0, 0, 0, 0, 0, 8388656, 0, 100667499, 0, 0, 0, 0, 0, 0, 0, 0, 4, 0, 0, 0, 0, 0, 32, -0.1, 0, 0, 0, 0, 0, 0, 0, 0, 0, 33555925, 0, 98307, 0, 150994947, 0, 3084, 0);

INSERT INTO `ace_object` (`baseAceObjectId`, `weenieClassId`, `landblock`, `cell`, `posX`, `posY`, `posZ`, `qW`, `qX`, `qY`, `qZ`)
VALUES (2013851661, 53445, 32911, 20, 66.6907, 86.4748, 123.937, 0.7543772, 0, 0, 0.6564412);

INSERT INTO `base_ace_object` (`baseAceObjectId`, `name`, `typeId`, `paletteId`, `ammoType`, `blipColor`, `bitField`, `burden`, `combatUse`, `cooldownDuration`, `cooldownId`, `effects`, `containersCapacity`, `header`, `hookTypeId`, `iconId`, `iconOverlayId`, `iconUnderlayId`, `hookItemTypes`, `itemsCapacity`, `location`, `materialType`, `maxStackSize`, `maxStructure`, `radar`, `pscript`, `spellId`, `stackSize`, `structure`, `targetTypeId`, `usability`, `useRadius`, `validLocations`, `value`, `workmanship`, `animationFrameId`, `defaultScript`, `defaultScriptIntensity`, `elasticity`, `friction`, `locationId`, `modelTableId`, `objectScale`, `physicsBitField`, `physicsTableId`, `motionTableId`, `soundTableId`, `physicsState`, `translucency`)
VALUES (2013851652, 'Radiant Blood Stronghold', 65536, 0, 0, 0, 262164, 0, 0, 0, 0, 0, 0, 8388656, 0, 100667499, 0, 0, 0, 0, 0, 0, 0, 0, 4, 0, 0, 0, 0, 0, 32, -0.1, 0, 0, 0, 0, 0, 0, 0, 0, 0, 33555925, 0, 98307, 0, 150994947, 0, 3084, 0);

INSERT INTO `ace_object` (`baseAceObjectId`, `weenieClassId`, `landblock`, `cell`, `posX`, `posY`, `posZ`, `qW`, `qX`, `qY`, `qZ`)
VALUES (2013851652, 37163, 32911, 20, 55.7513, 79.9544, 123.937, 0.9999996, 0, 0, 0.0008957196);

INSERT INTO `base_ace_object` (`baseAceObjectId`, `name`, `typeId`, `paletteId`, `ammoType`, `blipColor`, `bitField`, `burden`, `combatUse`, `cooldownDuration`, `cooldownId`, `effects`, `containersCapacity`, `header`, `hookTypeId`, `iconId`, `iconOverlayId`, `iconUnderlayId`, `hookItemTypes`, `itemsCapacity`, `location`, `materialType`, `maxStackSize`, `maxStructure`, `radar`, `pscript`, `spellId`, `stackSize`, `structure`, `targetTypeId`, `usability`, `useRadius`, `validLocations`, `value`, `workmanship`, `animationFrameId`, `defaultScript`, `defaultScriptIntensity`, `elasticity`, `friction`, `locationId`, `modelTableId`, `objectScale`, `physicsBitField`, `physicsTableId`, `motionTableId`, `soundTableId`, `physicsState`, `translucency`)
VALUES (3629706358, 'Copper Legion Keep', 65536, 0, 0, 0, 262164, 0, 0, 0, 0, 0, 0, 8388656, 0, 100667499, 0, 0, 0, 0, 0, 0, 0, 0, 4, 0, 0, 0, 0, 0, 32, -0.1, 0, 0, 0, 0, 0, 0, 0, 0, 0, 33555926, 0, 98307, 0, 150994947, 0, 3084, 0);

INSERT INTO `ace_object` (`baseAceObjectId`, `weenieClassId`, `landblock`, `cell`, `posX`, `posY`, `posZ`, `qW`, `qX`, `qY`, `qZ`)
VALUES (3629706358, 29433, 32910, 13, 32, 109, 123.937, 0.8870109, 0, 0, -0.4617486);

INSERT INTO `base_ace_object` (`baseAceObjectId`, `name`, `typeId`, `paletteId`, `ammoType`, `blipColor`, `bitField`, `burden`, `combatUse`, `cooldownDuration`, `cooldownId`, `effects`, `containersCapacity`, `header`, `hookTypeId`, `iconId`, `iconOverlayId`, `iconUnderlayId`, `hookItemTypes`, `itemsCapacity`, `location`, `materialType`, `maxStackSize`, `maxStructure`, `radar`, `pscript`, `spellId`, `stackSize`, `structure`, `targetTypeId`, `usability`, `useRadius`, `validLocations`, `value`, `workmanship`, `animationFrameId`, `defaultScript`, `defaultScriptIntensity`, `elasticity`, `friction`, `locationId`, `modelTableId`, `objectScale`, `physicsBitField`, `physicsTableId`, `motionTableId`, `soundTableId`, `physicsState`, `translucency`)
VALUES (3630886726, 'Olthoi Tunnel', 65536, 67109370, 0, 0, 262164, 0, 0, 0, 0, 0, 0, 8388656, 0, 100667499, 0, 0, 0, 0, 0, 0, 0, 0, 4, 0, 0, 0, 0, 0, 32, -0.1, 0, 0, 0, 0, 0, 0, 0, 0, 0, 33554867, 0, 98307, 0, 150994947, 0, 3084, 0);

INSERT INTO `ace_object` (`baseAceObjectId`, `weenieClassId`, `landblock`, `cell`, `posX`, `posY`, `posZ`, `qW`, `qX`, `qY`, `qZ`)
VALUES (3630886726, 43540, 58323, 15, 37.7786, 157.411, 5.937, 1, 0, 0, 0);

INSERT INTO `ace_object_palette_changes` (`baseAceObjectId`, `subPaletteId`, `offset`, `length`)
VALUES (3630886726, 67111849, 8, 2040);

INSERT INTO `base_ace_object` (`baseAceObjectId`, `name`, `typeId`, `paletteId`, `ammoType`, `blipColor`, `bitField`, `burden`, `combatUse`, `cooldownDuration`, `cooldownId`, `effects`, `containersCapacity`, `header`, `hookTypeId`, `iconId`, `iconOverlayId`, `iconUnderlayId`, `hookItemTypes`, `itemsCapacity`, `location`, `materialType`, `maxStackSize`, `maxStructure`, `radar`, `pscript`, `spellId`, `stackSize`, `structure`, `targetTypeId`, `usability`, `useRadius`, `validLocations`, `value`, `workmanship`, `animationFrameId`, `defaultScript`, `defaultScriptIntensity`, `elasticity`, `friction`, `locationId`, `modelTableId`, `objectScale`, `physicsBitField`, `physicsTableId`, `motionTableId`, `soundTableId`, `physicsState`, `translucency`)
VALUES (3631277439, 'Olthoi Tunnel', 65536, 67109370, 0, 0, 262164, 0, 0, 0, 0, 0, 0, 8388656, 0, 100667499, 0, 0, 0, 0, 0, 0, 0, 0, 4, 0, 0, 0, 0, 0, 32, -0.1, 0, 0, 0, 0, 0, 0, 0, 0, 0, 33554867, 0, 98307, 0, 150994947, 0, 3084, 0);

INSERT INTO `ace_object` (`baseAceObjectId`, `weenieClassId`, `landblock`, `cell`, `posX`, `posY`, `posZ`, `qW`, `qX`, `qY`, `qZ`)
VALUES (3631277439, 43554, 58832, 64, 181.467, 175.285, 41.937, 1, 0, 0, 0);

INSERT INTO `ace_object_palette_changes` (`baseAceObjectId`, `subPaletteId`, `offset`, `length`)
VALUES (3631277439, 67111849, 8, 2040);

INSERT INTO `base_ace_object` (`baseAceObjectId`, `name`, `typeId`, `paletteId`, `ammoType`, `blipColor`, `bitField`, `burden`, `combatUse`, `cooldownDuration`, `cooldownId`, `effects`, `containersCapacity`, `header`, `hookTypeId`, `iconId`, `iconOverlayId`, `iconUnderlayId`, `hookItemTypes`, `itemsCapacity`, `location`, `materialType`, `maxStackSize`, `maxStructure`, `radar`, `pscript`, `spellId`, `stackSize`, `structure`, `targetTypeId`, `usability`, `useRadius`, `validLocations`, `value`, `workmanship`, `animationFrameId`, `defaultScript`, `defaultScriptIntensity`, `elasticity`, `friction`, `locationId`, `modelTableId`, `objectScale`, `physicsBitField`, `physicsTableId`, `motionTableId`, `soundTableId`, `physicsState`, `translucency`)
VALUES (2074521600, 'Deserted Ruin Portal', 65536, 0, 0, 0, 262164, 0, 0, 0, 0, 0, 0, 8388656, 0, 100667499, 0, 0, 0, 0, 0, 0, 0, 0, 4, 0, 0, 0, 0, 0, 32, -0.1, 0, 0, 0, 0, 0, 0, 0, 0, 0, 33555923, 0, 98307, 0, 150994947, 0, 3084, 0);

INSERT INTO `ace_object` (`baseAceObjectId`, `weenieClassId`, `landblock`, `cell`, `posX`, `posY`, `posZ`, `qW`, `qX`, `qY`, `qZ`)
VALUES (2074521600, 4931, 47723, 258, 83.909, 68.81, 0.7369998, -4.37114E-08, 0, 0, -1);

INSERT INTO `base_ace_object` (`baseAceObjectId`, `name`, `typeId`, `paletteId`, `ammoType`, `blipColor`, `bitField`, `burden`, `combatUse`, `cooldownDuration`, `cooldownId`, `effects`, `containersCapacity`, `header`, `hookTypeId`, `iconId`, `iconOverlayId`, `iconUnderlayId`, `hookItemTypes`, `itemsCapacity`, `location`, `materialType`, `maxStackSize`, `maxStructure`, `radar`, `pscript`, `spellId`, `stackSize`, `structure`, `targetTypeId`, `usability`, `useRadius`, `validLocations`, `value`, `workmanship`, `animationFrameId`, `defaultScript`, `defaultScriptIntensity`, `elasticity`, `friction`, `locationId`, `modelTableId`, `objectScale`, `physicsBitField`, `physicsTableId`, `motionTableId`, `soundTableId`, `physicsState`, `translucency`)
VALUES (3631283216, 'Olthoi Tunnel', 65536, 67109370, 0, 0, 262164, 0, 0, 0, 0, 0, 0, 8388656, 0, 100667499, 0, 0, 0, 0, 0, 0, 0, 0, 4, 0, 0, 0, 0, 0, 32, -0.1, 0, 0, 0, 0, 0, 0, 0, 0, 0, 33554867, 0, 98307, 0, 150994947, 0, 3084, 0);

INSERT INTO `ace_object` (`baseAceObjectId`, `weenieClassId`, `landblock`, `cell`, `posX`, `posY`, `posZ`, `qW`, `qX`, `qY`, `qZ`)
VALUES (3631283216, 43550, 59087, 37, 112.676, 103.535, 5.937, 1, 0, 0, 0);

INSERT INTO `ace_object_palette_changes` (`baseAceObjectId`, `subPaletteId`, `offset`, `length`)
VALUES (3631283216, 67111849, 8, 2040);

INSERT INTO `base_ace_object` (`baseAceObjectId`, `name`, `typeId`, `paletteId`, `ammoType`, `blipColor`, `bitField`, `burden`, `combatUse`, `cooldownDuration`, `cooldownId`, `effects`, `containersCapacity`, `header`, `hookTypeId`, `iconId`, `iconOverlayId`, `iconUnderlayId`, `hookItemTypes`, `itemsCapacity`, `location`, `materialType`, `maxStackSize`, `maxStructure`, `radar`, `pscript`, `spellId`, `stackSize`, `structure`, `targetTypeId`, `usability`, `useRadius`, `validLocations`, `value`, `workmanship`, `animationFrameId`, `defaultScript`, `defaultScriptIntensity`, `elasticity`, `friction`, `locationId`, `modelTableId`, `objectScale`, `physicsBitField`, `physicsTableId`, `motionTableId`, `soundTableId`, `physicsState`, `translucency`)
VALUES (3631283041, 'Olthoi Tunnel', 65536, 67109370, 0, 0, 262164, 0, 0, 0, 0, 0, 0, 8388656, 0, 100667499, 0, 0, 0, 0, 0, 0, 0, 0, 4, 0, 0, 0, 0, 0, 32, -0.1, 0, 0, 0, 0, 0, 0, 0, 0, 0, 33554867, 0, 98307, 0, 150994947, 0, 3084, 0);

INSERT INTO `ace_object` (`baseAceObjectId`, `weenieClassId`, `landblock`, `cell`, `posX`, `posY`, `posZ`, `qW`, `qX`, `qY`, `qZ`)
VALUES (3631283041, 43548, 58830, 55, 153.784, 148.34, 10.29867, 1, 0, 0, 0);

INSERT INTO `ace_object_palette_changes` (`baseAceObjectId`, `subPaletteId`, `offset`, `length`)
VALUES (3631283041, 67111849, 8, 2040);

INSERT INTO `base_ace_object` (`baseAceObjectId`, `name`, `typeId`, `paletteId`, `ammoType`, `blipColor`, `bitField`, `burden`, `combatUse`, `cooldownDuration`, `cooldownId`, `effects`, `containersCapacity`, `header`, `hookTypeId`, `iconId`, `iconOverlayId`, `iconUnderlayId`, `hookItemTypes`, `itemsCapacity`, `location`, `materialType`, `maxStackSize`, `maxStructure`, `radar`, `pscript`, `spellId`, `stackSize`, `structure`, `targetTypeId`, `usability`, `useRadius`, `validLocations`, `value`, `workmanship`, `animationFrameId`, `defaultScript`, `defaultScriptIntensity`, `elasticity`, `friction`, `locationId`, `modelTableId`, `objectScale`, `physicsBitField`, `physicsTableId`, `motionTableId`, `soundTableId`, `physicsState`, `translucency`)
VALUES (1967489097, 'Portal to Baishi', 65536, 0, 0, 0, 262164, 0, 0, 0, 0, 0, 0, 8388656, 0, 100667499, 0, 0, 0, 0, 0, 0, 0, 0, 4, 0, 0, 0, 0, 0, 32, -0.1, 0, 0, 0, 0, 0, 0, 0, 0, 0, 33554867, 0, 98307, 0, 150994947, 0, 3084, 0);

INSERT INTO `ace_object` (`baseAceObjectId`, `weenieClassId`, `landblock`, `cell`, `posX`, `posY`, `posZ`, `qW`, `qX`, `qY`, `qZ`)
VALUES (1967489097, 19133, 21592, 609, 14.1364, -129.811, 5.937, 0.7165099, 0, 0, 0.6975769);

INSERT INTO `base_ace_object` (`baseAceObjectId`, `name`, `typeId`, `paletteId`, `ammoType`, `blipColor`, `bitField`, `burden`, `combatUse`, `cooldownDuration`, `cooldownId`, `effects`, `containersCapacity`, `header`, `hookTypeId`, `iconId`, `iconOverlayId`, `iconUnderlayId`, `hookItemTypes`, `itemsCapacity`, `location`, `materialType`, `maxStackSize`, `maxStructure`, `radar`, `pscript`, `spellId`, `stackSize`, `structure`, `targetTypeId`, `usability`, `useRadius`, `validLocations`, `value`, `workmanship`, `animationFrameId`, `defaultScript`, `defaultScriptIntensity`, `elasticity`, `friction`, `locationId`, `modelTableId`, `objectScale`, `physicsBitField`, `physicsTableId`, `motionTableId`, `soundTableId`, `physicsState`, `translucency`)
VALUES (1966510270, 'Sanctum Residential Halls Portal', 65536, 0, 0, 0, 262164, 0, 0, 0, 0, 0, 0, 8388656, 0, 100667499, 0, 0, 0, 0, 0, 0, 0, 0, 4, 0, 0, 0, 0, 0, 32, -0.1, 0, 0, 0, 0, 0, 0, 0, 0, 0, 33554867, 0, 98307, 0, 150994947, 0, 3084, 0);

INSERT INTO `ace_object` (`baseAceObjectId`, `weenieClassId`, `landblock`, `cell`, `posX`, `posY`, `posZ`, `qW`, `qX`, `qY`, `qZ`)
VALUES (1966510270, 15837, 21353, 545, 100.101, -109.943, -0.06299996, -0.9055052, 0, 0, -0.4243351);

INSERT INTO `base_ace_object` (`baseAceObjectId`, `name`, `typeId`, `paletteId`, `ammoType`, `blipColor`, `bitField`, `burden`, `combatUse`, `cooldownDuration`, `cooldownId`, `effects`, `containersCapacity`, `header`, `hookTypeId`, `iconId`, `iconOverlayId`, `iconUnderlayId`, `hookItemTypes`, `itemsCapacity`, `location`, `materialType`, `maxStackSize`, `maxStructure`, `radar`, `pscript`, `spellId`, `stackSize`, `structure`, `targetTypeId`, `usability`, `useRadius`, `validLocations`, `value`, `workmanship`, `animationFrameId`, `defaultScript`, `defaultScriptIntensity`, `elasticity`, `friction`, `locationId`, `modelTableId`, `objectScale`, `physicsBitField`, `physicsTableId`, `motionTableId`, `soundTableId`, `physicsState`, `translucency`)
VALUES (2884114486, 'North Desert Edge', 65536, 0, 0, 0, 262164, 0, 0, 0, 0, 0, 0, 8388656, 0, 100667499, 0, 0, 0, 0, 0, 0, 0, 0, 4, 0, 0, 0, 0, 0, 32, -0.1, 0, 0, 0, 0, 0, 0, 0, 0, 0, 33554867, 0, 98307, 0, 150994947, 0, 3084, 0);

INSERT INTO `ace_object` (`baseAceObjectId`, `weenieClassId`, `landblock`, `cell`, `posX`, `posY`, `posZ`, `qW`, `qX`, `qY`, `qZ`)
VALUES (2884114486, 1905, 12679, 10, 43.28664, 29.97408, 26.32978, 1, 0, 0, 0);

INSERT INTO `base_ace_object` (`baseAceObjectId`, `name`, `typeId`, `paletteId`, `ammoType`, `blipColor`, `bitField`, `burden`, `combatUse`, `cooldownDuration`, `cooldownId`, `effects`, `containersCapacity`, `header`, `hookTypeId`, `iconId`, `iconOverlayId`, `iconUnderlayId`, `hookItemTypes`, `itemsCapacity`, `location`, `materialType`, `maxStackSize`, `maxStructure`, `radar`, `pscript`, `spellId`, `stackSize`, `structure`, `targetTypeId`, `usability`, `useRadius`, `validLocations`, `value`, `workmanship`, `animationFrameId`, `defaultScript`, `defaultScriptIntensity`, `elasticity`, `friction`, `locationId`, `modelTableId`, `objectScale`, `physicsBitField`, `physicsTableId`, `motionTableId`, `soundTableId`, `physicsState`, `translucency`)
VALUES (2110214146, 'East Direlands Swamp', 65536, 0, 0, 0, 262164, 0, 0, 0, 0, 0, 0, 8388656, 0, 100667499, 0, 0, 0, 0, 0, 0, 0, 0, 4, 0, 0, 0, 0, 0, 32, -0.1, 0, 0, 0, 0, 0, 0, 0, 0, 0, 33555923, 0, 98307, 0, 150994947, 0, 3084, 0);

INSERT INTO `ace_object` (`baseAceObjectId`, `weenieClassId`, `landblock`, `cell`, `posX`, `posY`, `posZ`, `qW`, `qX`, `qY`, `qZ`)
VALUES (2110214146, 2064, 56437, 35, 101.891, 54.9445, 39.35829, 0.637498, 0, 0, 0.770452);

INSERT INTO `base_ace_object` (`baseAceObjectId`, `name`, `typeId`, `paletteId`, `ammoType`, `blipColor`, `bitField`, `burden`, `combatUse`, `cooldownDuration`, `cooldownId`, `effects`, `containersCapacity`, `header`, `hookTypeId`, `iconId`, `iconOverlayId`, `iconUnderlayId`, `hookItemTypes`, `itemsCapacity`, `location`, `materialType`, `maxStackSize`, `maxStructure`, `radar`, `pscript`, `spellId`, `stackSize`, `structure`, `targetTypeId`, `usability`, `useRadius`, `validLocations`, `value`, `workmanship`, `animationFrameId`, `defaultScript`, `defaultScriptIntensity`, `elasticity`, `friction`, `locationId`, `modelTableId`, `objectScale`, `physicsBitField`, `physicsTableId`, `motionTableId`, `soundTableId`, `physicsState`, `translucency`)
VALUES (1941229569, 'Town of Dryreach', 65536, 0, 0, 0, 262164, 0, 0, 0, 0, 0, 0, 8388656, 0, 100667499, 0, 0, 0, 0, 0, 0, 0, 0, 4, 0, 0, 0, 0, 0, 32, -0.1, 0, 0, 0, 0, 0, 0, 0, 0, 0, 33555923, 0, 98307, 0, 150994947, 0, 3084, 0);

INSERT INTO `ace_object` (`baseAceObjectId`, `weenieClassId`, `landblock`, `cell`, `posX`, `posY`, `posZ`, `qW`, `qX`, `qY`, `qZ`)
VALUES (1941229569, 2065, 15181, 260, 38.634, 130.219, 1.937, 0.7071068, 0, 0, -0.7071068);

INSERT INTO `base_ace_object` (`baseAceObjectId`, `name`, `typeId`, `paletteId`, `ammoType`, `blipColor`, `bitField`, `burden`, `combatUse`, `cooldownDuration`, `cooldownId`, `effects`, `containersCapacity`, `header`, `hookTypeId`, `iconId`, `iconOverlayId`, `iconUnderlayId`, `hookItemTypes`, `itemsCapacity`, `location`, `materialType`, `maxStackSize`, `maxStructure`, `radar`, `pscript`, `spellId`, `stackSize`, `structure`, `targetTypeId`, `usability`, `useRadius`, `validLocations`, `value`, `workmanship`, `animationFrameId`, `defaultScript`, `defaultScriptIntensity`, `elasticity`, `friction`, `locationId`, `modelTableId`, `objectScale`, `physicsBitField`, `physicsTableId`, `motionTableId`, `soundTableId`, `physicsState`, `translucency`)
VALUES (2883439742, 'Portal to Cragstone', 65536, 0, 0, 0, 262164, 0, 0, 0, 0, 0, 0, 8388656, 0, 100667499, 0, 0, 0, 0, 0, 0, 0, 0, 4, 0, 0, 0, 0, 0, 32, -0.1, 0, 0, 0, 0, 0, 0, 0, 0, 0, 33554867, 0, 98307, 0, 150994947, 0, 3084, 0);

INSERT INTO `ace_object` (`baseAceObjectId`, `weenieClassId`, `landblock`, `cell`, `posX`, `posY`, `posZ`, `qW`, `qX`, `qY`, `qZ`)
VALUES (2883439742, 42818, 10114, 49, 164.5806, 1.682904, 221.493, 1, 0, 0, 0);

INSERT INTO `base_ace_object` (`baseAceObjectId`, `name`, `typeId`, `paletteId`, `ammoType`, `blipColor`, `bitField`, `burden`, `combatUse`, `cooldownDuration`, `cooldownId`, `effects`, `containersCapacity`, `header`, `hookTypeId`, `iconId`, `iconOverlayId`, `iconUnderlayId`, `hookItemTypes`, `itemsCapacity`, `location`, `materialType`, `maxStackSize`, `maxStructure`, `radar`, `pscript`, `spellId`, `stackSize`, `structure`, `targetTypeId`, `usability`, `useRadius`, `validLocations`, `value`, `workmanship`, `animationFrameId`, `defaultScript`, `defaultScriptIntensity`, `elasticity`, `friction`, `locationId`, `modelTableId`, `objectScale`, `physicsBitField`, `physicsTableId`, `motionTableId`, `soundTableId`, `physicsState`, `translucency`)
VALUES (2121478146, 'Blighted Disgusting Moarsman Tunnels', 65536, 0, 0, 0, 262164, 0, 0, 0, 0, 0, 0, 8388656, 0, 100667499, 0, 0, 0, 0, 0, 0, 0, 0, 4, 0, 0, 0, 0, 0, 32, -0.1, 0, 0, 0, 0, 0, 0, 0, 0, 0, 33555926, 0, 98307, 0, 150994947, 0, 3084, 0);

INSERT INTO `ace_object` (`baseAceObjectId`, `weenieClassId`, `landblock`, `cell`, `posX`, `posY`, `posZ`, `qW`, `qX`, `qY`, `qZ`)
VALUES (2121478146, 38155, 59187, 13, 25.9916, 108.179, -0.163, 0.696304, 0, 0, -0.717747);

INSERT INTO `base_ace_object` (`baseAceObjectId`, `name`, `typeId`, `paletteId`, `ammoType`, `blipColor`, `bitField`, `burden`, `combatUse`, `cooldownDuration`, `cooldownId`, `effects`, `containersCapacity`, `header`, `hookTypeId`, `iconId`, `iconOverlayId`, `iconUnderlayId`, `hookItemTypes`, `itemsCapacity`, `location`, `materialType`, `maxStackSize`, `maxStructure`, `radar`, `pscript`, `spellId`, `stackSize`, `structure`, `targetTypeId`, `usability`, `useRadius`, `validLocations`, `value`, `workmanship`, `animationFrameId`, `defaultScript`, `defaultScriptIntensity`, `elasticity`, `friction`, `locationId`, `modelTableId`, `objectScale`, `physicsBitField`, `physicsTableId`, `motionTableId`, `soundTableId`, `physicsState`, `translucency`)
VALUES (2084847617, 'Fenmalain Vestibule Portal', 65536, 0, 0, 0, 262164, 0, 0, 0, 0, 0, 0, 8388656, 0, 100667499, 0, 0, 0, 0, 0, 0, 0, 0, 4, 0, 0, 0, 0, 0, 32, -0.1, 0, 0, 0, 0, 0, 0, 0, 0, 0, 33555923, 0, 98307, 0, 150994947, 0, 3084, 0);

INSERT INTO `ace_object` (`baseAceObjectId`, `weenieClassId`, `landblock`, `cell`, `posX`, `posY`, `posZ`, `qW`, `qX`, `qY`, `qZ`)
VALUES (2084847617, 7941, 50244, 31, 92.9729, 152.769, 248.954, -0.964423, 0, 0, 0.264364);

INSERT INTO `base_ace_object` (`baseAceObjectId`, `name`, `typeId`, `paletteId`, `ammoType`, `blipColor`, `bitField`, `burden`, `combatUse`, `cooldownDuration`, `cooldownId`, `effects`, `containersCapacity`, `header`, `hookTypeId`, `iconId`, `iconOverlayId`, `iconUnderlayId`, `hookItemTypes`, `itemsCapacity`, `location`, `materialType`, `maxStackSize`, `maxStructure`, `radar`, `pscript`, `spellId`, `stackSize`, `structure`, `targetTypeId`, `usability`, `useRadius`, `validLocations`, `value`, `workmanship`, `animationFrameId`, `defaultScript`, `defaultScriptIntensity`, `elasticity`, `friction`, `locationId`, `modelTableId`, `objectScale`, `physicsBitField`, `physicsTableId`, `motionTableId`, `soundTableId`, `physicsState`, `translucency`)
VALUES (1882042443, 'Surface Portal', 65536, 0, 0, 0, 262164, 0, 0, 0, 0, 0, 0, 8388656, 0, 100667499, 0, 0, 0, 0, 0, 0, 0, 0, 4, 0, 0, 0, 0, 0, 32, -0.1, 0, 0, 0, 0, 0, 0, 0, 0, 0, 33554867, 0, 98307, 0, 150994947, 0, 3084, 0);

INSERT INTO `ace_object` (`baseAceObjectId`, `weenieClassId`, `landblock`, `cell`, `posX`, `posY`, `posZ`, `qW`, `qX`, `qY`, `qZ`)
VALUES (1882042443, 7944, 731, 780, 150, 0, 11.937, 1, 0, 0, 0);

INSERT INTO `base_ace_object` (`baseAceObjectId`, `name`, `typeId`, `paletteId`, `ammoType`, `blipColor`, `bitField`, `burden`, `combatUse`, `cooldownDuration`, `cooldownId`, `effects`, `containersCapacity`, `header`, `hookTypeId`, `iconId`, `iconOverlayId`, `iconUnderlayId`, `hookItemTypes`, `itemsCapacity`, `location`, `materialType`, `maxStackSize`, `maxStructure`, `radar`, `pscript`, `spellId`, `stackSize`, `structure`, `targetTypeId`, `usability`, `useRadius`, `validLocations`, `value`, `workmanship`, `animationFrameId`, `defaultScript`, `defaultScriptIntensity`, `elasticity`, `friction`, `locationId`, `modelTableId`, `objectScale`, `physicsBitField`, `physicsTableId`, `motionTableId`, `soundTableId`, `physicsState`, `translucency`)
VALUES (1882042394, 'Surface Portal', 65536, 0, 0, 0, 262164, 0, 0, 0, 0, 0, 0, 8388656, 0, 100667499, 0, 0, 0, 0, 0, 0, 0, 0, 4, 0, 0, 0, 0, 0, 32, -0.1, 0, 0, 0, 0, 0, 0, 0, 0, 0, 33554867, 0, 98307, 0, 150994947, 0, 3084, 0);

INSERT INTO `ace_object` (`baseAceObjectId`, `weenieClassId`, `landblock`, `cell`, `posX`, `posY`, `posZ`, `qW`, `qX`, `qY`, `qZ`)
VALUES (1882042394, 7944, 731, 386, 128, -500, -36.063, 0.7071068, 0, 0, -0.7071068);

INSERT INTO `base_ace_object` (`baseAceObjectId`, `name`, `typeId`, `paletteId`, `ammoType`, `blipColor`, `bitField`, `burden`, `combatUse`, `cooldownDuration`, `cooldownId`, `effects`, `containersCapacity`, `header`, `hookTypeId`, `iconId`, `iconOverlayId`, `iconUnderlayId`, `hookItemTypes`, `itemsCapacity`, `location`, `materialType`, `maxStackSize`, `maxStructure`, `radar`, `pscript`, `spellId`, `stackSize`, `structure`, `targetTypeId`, `usability`, `useRadius`, `validLocations`, `value`, `workmanship`, `animationFrameId`, `defaultScript`, `defaultScriptIntensity`, `elasticity`, `friction`, `locationId`, `modelTableId`, `objectScale`, `physicsBitField`, `physicsTableId`, `motionTableId`, `soundTableId`, `physicsState`, `translucency`)
VALUES (1882042411, 'Surface Portal', 65536, 0, 0, 0, 262164, 0, 0, 0, 0, 0, 0, 8388656, 0, 100667499, 0, 0, 0, 0, 0, 0, 0, 0, 4, 0, 0, 0, 0, 0, 32, -0.1, 0, 0, 0, 0, 0, 0, 0, 0, 0, 33554867, 0, 98307, 0, 150994947, 0, 3084, 0);

INSERT INTO `ace_object` (`baseAceObjectId`, `weenieClassId`, `landblock`, `cell`, `posX`, `posY`, `posZ`, `qW`, `qX`, `qY`, `qZ`)
VALUES (1882042411, 7944, 731, 508, 150, -160, -24.063, 1, 0, 0, 0);

INSERT INTO `base_ace_object` (`baseAceObjectId`, `name`, `typeId`, `paletteId`, `ammoType`, `blipColor`, `bitField`, `burden`, `combatUse`, `cooldownDuration`, `cooldownId`, `effects`, `containersCapacity`, `header`, `hookTypeId`, `iconId`, `iconOverlayId`, `iconUnderlayId`, `hookItemTypes`, `itemsCapacity`, `location`, `materialType`, `maxStackSize`, `maxStructure`, `radar`, `pscript`, `spellId`, `stackSize`, `structure`, `targetTypeId`, `usability`, `useRadius`, `validLocations`, `value`, `workmanship`, `animationFrameId`, `defaultScript`, `defaultScriptIntensity`, `elasticity`, `friction`, `locationId`, `modelTableId`, `objectScale`, `physicsBitField`, `physicsTableId`, `motionTableId`, `soundTableId`, `physicsState`, `translucency`)
VALUES (1882038344, 'Surface Portal', 65536, 0, 0, 0, 262164, 0, 0, 0, 0, 0, 0, 8388656, 0, 100667499, 0, 0, 0, 0, 0, 0, 0, 0, 4, 0, 0, 0, 0, 0, 32, -0.1, 0, 0, 0, 0, 0, 0, 0, 0, 0, 33554867, 0, 98307, 0, 150994947, 0, 3084, 0);

INSERT INTO `ace_object` (`baseAceObjectId`, `weenieClassId`, `landblock`, `cell`, `posX`, `posY`, `posZ`, `qW`, `qX`, `qY`, `qZ`)
VALUES (1882038344, 7944, 730, 819, 223.64, -366.369, -0.06299996, 1, 0, 0, 0);

INSERT INTO `base_ace_object` (`baseAceObjectId`, `name`, `typeId`, `paletteId`, `ammoType`, `blipColor`, `bitField`, `burden`, `combatUse`, `cooldownDuration`, `cooldownId`, `effects`, `containersCapacity`, `header`, `hookTypeId`, `iconId`, `iconOverlayId`, `iconUnderlayId`, `hookItemTypes`, `itemsCapacity`, `location`, `materialType`, `maxStackSize`, `maxStructure`, `radar`, `pscript`, `spellId`, `stackSize`, `structure`, `targetTypeId`, `usability`, `useRadius`, `validLocations`, `value`, `workmanship`, `animationFrameId`, `defaultScript`, `defaultScriptIntensity`, `elasticity`, `friction`, `locationId`, `modelTableId`, `objectScale`, `physicsBitField`, `physicsTableId`, `motionTableId`, `soundTableId`, `physicsState`, `translucency`)
VALUES (1882038315, 'Surface Portal', 65536, 0, 0, 0, 262164, 0, 0, 0, 0, 0, 0, 8388656, 0, 100667499, 0, 0, 0, 0, 0, 0, 0, 0, 4, 0, 0, 0, 0, 0, 32, -0.1, 0, 0, 0, 0, 0, 0, 0, 0, 0, 33554867, 0, 98307, 0, 150994947, 0, 3084, 0);

INSERT INTO `ace_object` (`baseAceObjectId`, `weenieClassId`, `landblock`, `cell`, `posX`, `posY`, `posZ`, `qW`, `qX`, `qY`, `qZ`)
VALUES (1882038315, 7944, 730, 562, 60, 0, -60.063, 1, 0, 0, 0);

INSERT INTO `base_ace_object` (`baseAceObjectId`, `name`, `typeId`, `paletteId`, `ammoType`, `blipColor`, `bitField`, `burden`, `combatUse`, `cooldownDuration`, `cooldownId`, `effects`, `containersCapacity`, `header`, `hookTypeId`, `iconId`, `iconOverlayId`, `iconUnderlayId`, `hookItemTypes`, `itemsCapacity`, `location`, `materialType`, `maxStackSize`, `maxStructure`, `radar`, `pscript`, `spellId`, `stackSize`, `structure`, `targetTypeId`, `usability`, `useRadius`, `validLocations`, `value`, `workmanship`, `animationFrameId`, `defaultScript`, `defaultScriptIntensity`, `elasticity`, `friction`, `locationId`, `modelTableId`, `objectScale`, `physicsBitField`, `physicsTableId`, `motionTableId`, `soundTableId`, `physicsState`, `translucency`)
VALUES (2033779145, 'House Portal', 65536, 0, 0, 0, 262164, 0, 0, 0, 0, 0, 0, 8388656, 0, 100667499, 0, 0, 0, 0, 0, 0, 0, 0, 4, 0, 0, 0, 0, 0, 32, 0.75, 0, 0, 0, 0, 0, 0, 0, 0, 0, 33554867, 0, 98307, 0, 150994947, 0, 3076, 0);

INSERT INTO `ace_object` (`baseAceObjectId`, `weenieClassId`, `landblock`, `cell`, `posX`, `posY`, `posZ`, `qW`, `qX`, `qY`, `qZ`)
VALUES (2033779145, 11730, 37776, 280, 27.2741, 35.0347, 25.137, 0.4425788, 0, 0, 0.8967296);

INSERT INTO `base_ace_object` (`baseAceObjectId`, `name`, `typeId`, `paletteId`, `ammoType`, `blipColor`, `bitField`, `burden`, `combatUse`, `cooldownDuration`, `cooldownId`, `effects`, `containersCapacity`, `header`, `hookTypeId`, `iconId`, `iconOverlayId`, `iconUnderlayId`, `hookItemTypes`, `itemsCapacity`, `location`, `materialType`, `maxStackSize`, `maxStructure`, `radar`, `pscript`, `spellId`, `stackSize`, `structure`, `targetTypeId`, `usability`, `useRadius`, `validLocations`, `value`, `workmanship`, `animationFrameId`, `defaultScript`, `defaultScriptIntensity`, `elasticity`, `friction`, `locationId`, `modelTableId`, `objectScale`, `physicsBitField`, `physicsTableId`, `motionTableId`, `soundTableId`, `physicsState`, `translucency`)
VALUES (2033779147, 'House Portal', 65536, 0, 0, 0, 262164, 0, 0, 0, 0, 0, 0, 8388656, 0, 100667499, 0, 0, 0, 0, 0, 0, 0, 0, 4, 0, 0, 0, 0, 0, 32, 0.75, 0, 0, 0, 0, 0, 0, 0, 0, 0, 33554867, 0, 98307, 0, 150994947, 0, 3076, 0);

INSERT INTO `ace_object` (`baseAceObjectId`, `weenieClassId`, `landblock`, `cell`, `posX`, `posY`, `posZ`, `qW`, `qX`, `qY`, `qZ`)
VALUES (2033779147, 11730, 37776, 308, 38.5229, 106.114, 27.137, -0.6963238, 0, 0, 0.7177278);

INSERT INTO `base_ace_object` (`baseAceObjectId`, `name`, `typeId`, `paletteId`, `ammoType`, `blipColor`, `bitField`, `burden`, `combatUse`, `cooldownDuration`, `cooldownId`, `effects`, `containersCapacity`, `header`, `hookTypeId`, `iconId`, `iconOverlayId`, `iconUnderlayId`, `hookItemTypes`, `itemsCapacity`, `location`, `materialType`, `maxStackSize`, `maxStructure`, `radar`, `pscript`, `spellId`, `stackSize`, `structure`, `targetTypeId`, `usability`, `useRadius`, `validLocations`, `value`, `workmanship`, `animationFrameId`, `defaultScript`, `defaultScriptIntensity`, `elasticity`, `friction`, `locationId`, `modelTableId`, `objectScale`, `physicsBitField`, `physicsTableId`, `motionTableId`, `soundTableId`, `physicsState`, `translucency`)
VALUES (2033779149, 'House Portal', 65536, 0, 0, 0, 262164, 0, 0, 0, 0, 0, 0, 8388656, 0, 100667499, 0, 0, 0, 0, 0, 0, 0, 0, 4, 0, 0, 0, 0, 0, 32, 0.75, 0, 0, 0, 0, 0, 0, 0, 0, 0, 33554867, 0, 98307, 0, 150994947, 0, 3076, 0);

INSERT INTO `ace_object` (`baseAceObjectId`, `weenieClassId`, `landblock`, `cell`, `posX`, `posY`, `posZ`, `qW`, `qX`, `qY`, `qZ`)
VALUES (2033779149, 11730, 37776, 339, 69.7678, 156.792, 25.137, 0.7054012, 0, 0, -0.7088082);

INSERT INTO `base_ace_object` (`baseAceObjectId`, `name`, `typeId`, `paletteId`, `ammoType`, `blipColor`, `bitField`, `burden`, `combatUse`, `cooldownDuration`, `cooldownId`, `effects`, `containersCapacity`, `header`, `hookTypeId`, `iconId`, `iconOverlayId`, `iconUnderlayId`, `hookItemTypes`, `itemsCapacity`, `location`, `materialType`, `maxStackSize`, `maxStructure`, `radar`, `pscript`, `spellId`, `stackSize`, `structure`, `targetTypeId`, `usability`, `useRadius`, `validLocations`, `value`, `workmanship`, `animationFrameId`, `defaultScript`, `defaultScriptIntensity`, `elasticity`, `friction`, `locationId`, `modelTableId`, `objectScale`, `physicsBitField`, `physicsTableId`, `motionTableId`, `soundTableId`, `physicsState`, `translucency`)
VALUES (2033779151, 'House Portal', 65536, 0, 0, 0, 262164, 0, 0, 0, 0, 0, 0, 8388656, 0, 100667499, 0, 0, 0, 0, 0, 0, 0, 0, 4, 0, 0, 0, 0, 0, 32, 0.75, 0, 0, 0, 0, 0, 0, 0, 0, 0, 33554867, 0, 98307, 0, 150994947, 0, 3076, 0);

INSERT INTO `ace_object` (`baseAceObjectId`, `weenieClassId`, `landblock`, `cell`, `posX`, `posY`, `posZ`, `qW`, `qX`, `qY`, `qZ`)
VALUES (2033779151, 11730, 37776, 367, 129.274, 153.846, 23.137, 0.00632599, 0, 0, 0.99998);

INSERT INTO `base_ace_object` (`baseAceObjectId`, `name`, `typeId`, `paletteId`, `ammoType`, `blipColor`, `bitField`, `burden`, `combatUse`, `cooldownDuration`, `cooldownId`, `effects`, `containersCapacity`, `header`, `hookTypeId`, `iconId`, `iconOverlayId`, `iconUnderlayId`, `hookItemTypes`, `itemsCapacity`, `location`, `materialType`, `maxStackSize`, `maxStructure`, `radar`, `pscript`, `spellId`, `stackSize`, `structure`, `targetTypeId`, `usability`, `useRadius`, `validLocations`, `value`, `workmanship`, `animationFrameId`, `defaultScript`, `defaultScriptIntensity`, `elasticity`, `friction`, `locationId`, `modelTableId`, `objectScale`, `physicsBitField`, `physicsTableId`, `motionTableId`, `soundTableId`, `physicsState`, `translucency`)
VALUES (2033779153, 'House Portal', 65536, 0, 0, 0, 262164, 0, 0, 0, 0, 0, 0, 8388656, 0, 100667499, 0, 0, 0, 0, 0, 0, 0, 0, 4, 0, 0, 0, 0, 0, 32, 0.75, 0, 0, 0, 0, 0, 0, 0, 0, 0, 33554867, 0, 98307, 0, 150994947, 0, 3076, 0);

INSERT INTO `ace_object` (`baseAceObjectId`, `weenieClassId`, `landblock`, `cell`, `posX`, `posY`, `posZ`, `qW`, `qX`, `qY`, `qZ`)
VALUES (2033779153, 11730, 37776, 398, 156.105, 45.9023, 27.137, -0.9999875, 0, 0, 0.004992348);

INSERT INTO `base_ace_object` (`baseAceObjectId`, `name`, `typeId`, `paletteId`, `ammoType`, `blipColor`, `bitField`, `burden`, `combatUse`, `cooldownDuration`, `cooldownId`, `effects`, `containersCapacity`, `header`, `hookTypeId`, `iconId`, `iconOverlayId`, `iconUnderlayId`, `hookItemTypes`, `itemsCapacity`, `location`, `materialType`, `maxStackSize`, `maxStructure`, `radar`, `pscript`, `spellId`, `stackSize`, `structure`, `targetTypeId`, `usability`, `useRadius`, `validLocations`, `value`, `workmanship`, `animationFrameId`, `defaultScript`, `defaultScriptIntensity`, `elasticity`, `friction`, `locationId`, `modelTableId`, `objectScale`, `physicsBitField`, `physicsTableId`, `motionTableId`, `soundTableId`, `physicsState`, `translucency`)
VALUES (2033779155, 'House Portal', 65536, 0, 0, 0, 262164, 0, 0, 0, 0, 0, 0, 8388656, 0, 100667499, 0, 0, 0, 0, 0, 0, 0, 0, 4, 0, 0, 0, 0, 0, 32, 0.75, 0, 0, 0, 0, 0, 0, 0, 0, 0, 33554867, 0, 98307, 0, 150994947, 0, 3076, 0);

INSERT INTO `ace_object` (`baseAceObjectId`, `weenieClassId`, `landblock`, `cell`, `posX`, `posY`, `posZ`, `qW`, `qX`, `qY`, `qZ`)
VALUES (2033779155, 11730, 37776, 426, 110.144, 38.4508, 27.137, 0.9999954, 0, 0, 0.003028351);

INSERT INTO `base_ace_object` (`baseAceObjectId`, `name`, `typeId`, `paletteId`, `ammoType`, `blipColor`, `bitField`, `burden`, `combatUse`, `cooldownDuration`, `cooldownId`, `effects`, `containersCapacity`, `header`, `hookTypeId`, `iconId`, `iconOverlayId`, `iconUnderlayId`, `hookItemTypes`, `itemsCapacity`, `location`, `materialType`, `maxStackSize`, `maxStructure`, `radar`, `pscript`, `spellId`, `stackSize`, `structure`, `targetTypeId`, `usability`, `useRadius`, `validLocations`, `value`, `workmanship`, `animationFrameId`, `defaultScript`, `defaultScriptIntensity`, `elasticity`, `friction`, `locationId`, `modelTableId`, `objectScale`, `physicsBitField`, `physicsTableId`, `motionTableId`, `soundTableId`, `physicsState`, `translucency`)
VALUES (1880977490, 'Direlands Midland Portal', 65536, 0, 0, 0, 262164, 0, 0, 0, 0, 0, 0, 8388656, 0, 100667499, 0, 0, 0, 0, 0, 0, 0, 0, 4, 0, 0, 0, 0, 0, 32, -0.1, 0, 0, 0, 0, 0, 0, 0, 0, 0, 33555923, 0, 98307, 0, 150994947, 0, 3084, 0);

INSERT INTO `ace_object` (`baseAceObjectId`, `weenieClassId`, `landblock`, `cell`, `posX`, `posY`, `posZ`, `qW`, `qX`, `qY`, `qZ`)
VALUES (1880977490, 3613, 471, 403, 100, -17.286, -18.063, -4.37114E-08, 0, 0, -1);

INSERT INTO `base_ace_object` (`baseAceObjectId`, `name`, `typeId`, `paletteId`, `ammoType`, `blipColor`, `bitField`, `burden`, `combatUse`, `cooldownDuration`, `cooldownId`, `effects`, `containersCapacity`, `header`, `hookTypeId`, `iconId`, `iconOverlayId`, `iconUnderlayId`, `hookItemTypes`, `itemsCapacity`, `location`, `materialType`, `maxStackSize`, `maxStructure`, `radar`, `pscript`, `spellId`, `stackSize`, `structure`, `targetTypeId`, `usability`, `useRadius`, `validLocations`, `value`, `workmanship`, `animationFrameId`, `defaultScript`, `defaultScriptIntensity`, `elasticity`, `friction`, `locationId`, `modelTableId`, `objectScale`, `physicsBitField`, `physicsTableId`, `motionTableId`, `soundTableId`, `physicsState`, `translucency`)
VALUES (1880187307, 'Surface Portal', 65536, 0, 0, 0, 262164, 0, 0, 0, 0, 0, 0, 8388656, 0, 100667499, 0, 0, 0, 0, 0, 0, 0, 0, 4, 0, 0, 0, 0, 0, 32, -0.1, 0, 0, 0, 0, 0, 0, 0, 0, 0, 33554867, 0, 98307, 0, 150994947, 0, 3084, 0);

INSERT INTO `ace_object` (`baseAceObjectId`, `weenieClassId`, `landblock`, `cell`, `posX`, `posY`, `posZ`, `qW`, `qX`, `qY`, `qZ`)
VALUES (1880187307, 6633, 278, 871, 165.7, -180, -24.063, 0.7069278, 0, 0, -0.7072858);

INSERT INTO `base_ace_object` (`baseAceObjectId`, `name`, `typeId`, `paletteId`, `ammoType`, `blipColor`, `bitField`, `burden`, `combatUse`, `cooldownDuration`, `cooldownId`, `effects`, `containersCapacity`, `header`, `hookTypeId`, `iconId`, `iconOverlayId`, `iconUnderlayId`, `hookItemTypes`, `itemsCapacity`, `location`, `materialType`, `maxStackSize`, `maxStructure`, `radar`, `pscript`, `spellId`, `stackSize`, `structure`, `targetTypeId`, `usability`, `useRadius`, `validLocations`, `value`, `workmanship`, `animationFrameId`, `defaultScript`, `defaultScriptIntensity`, `elasticity`, `friction`, `locationId`, `modelTableId`, `objectScale`, `physicsBitField`, `physicsTableId`, `motionTableId`, `soundTableId`, `physicsState`, `translucency`)
VALUES (1880187229, 'Surface Portal', 65536, 0, 0, 0, 262164, 0, 0, 0, 0, 0, 0, 8388656, 0, 100667499, 0, 0, 0, 0, 0, 0, 0, 0, 4, 0, 0, 0, 0, 0, 32, -0.1, 0, 0, 0, 0, 0, 0, 0, 0, 0, 33554867, 0, 98307, 0, 150994947, 0, 3084, 0);

INSERT INTO `ace_object` (`baseAceObjectId`, `weenieClassId`, `landblock`, `cell`, `posX`, `posY`, `posZ`, `qW`, `qX`, `qY`, `qZ`)
VALUES (1880187229, 7478, 278, 695, 23.27743, -70, -36.063, -0.7071068, 0, 0, -0.7071068);

INSERT INTO `base_ace_object` (`baseAceObjectId`, `name`, `typeId`, `paletteId`, `ammoType`, `blipColor`, `bitField`, `burden`, `combatUse`, `cooldownDuration`, `cooldownId`, `effects`, `containersCapacity`, `header`, `hookTypeId`, `iconId`, `iconOverlayId`, `iconUnderlayId`, `hookItemTypes`, `itemsCapacity`, `location`, `materialType`, `maxStackSize`, `maxStructure`, `radar`, `pscript`, `spellId`, `stackSize`, `structure`, `targetTypeId`, `usability`, `useRadius`, `validLocations`, `value`, `workmanship`, `animationFrameId`, `defaultScript`, `defaultScriptIntensity`, `elasticity`, `friction`, `locationId`, `modelTableId`, `objectScale`, `physicsBitField`, `physicsTableId`, `motionTableId`, `soundTableId`, `physicsState`, `translucency`)
VALUES (1880187137, 'Surface Portal', 65536, 0, 0, 0, 262164, 0, 0, 0, 0, 0, 0, 8388656, 0, 100667499, 0, 0, 0, 0, 0, 0, 0, 0, 4, 0, 0, 0, 0, 0, 32, -0.1, 0, 0, 0, 0, 0, 0, 0, 0, 0, 33554867, 0, 98307, 0, 150994947, 0, 3084, 0);

INSERT INTO `ace_object` (`baseAceObjectId`, `weenieClassId`, `landblock`, `cell`, `posX`, `posY`, `posZ`, `qW`, `qX`, `qY`, `qZ`)
VALUES (1880187137, 7478, 278, 489, 80, -3.479, -66.063, -0.9996875, 0, 0, -0.02499901);

INSERT INTO `base_ace_object` (`baseAceObjectId`, `name`, `typeId`, `paletteId`, `ammoType`, `blipColor`, `bitField`, `burden`, `combatUse`, `cooldownDuration`, `cooldownId`, `effects`, `containersCapacity`, `header`, `hookTypeId`, `iconId`, `iconOverlayId`, `iconUnderlayId`, `hookItemTypes`, `itemsCapacity`, `location`, `materialType`, `maxStackSize`, `maxStructure`, `radar`, `pscript`, `spellId`, `stackSize`, `structure`, `targetTypeId`, `usability`, `useRadius`, `validLocations`, `value`, `workmanship`, `animationFrameId`, `defaultScript`, `defaultScriptIntensity`, `elasticity`, `friction`, `locationId`, `modelTableId`, `objectScale`, `physicsBitField`, `physicsTableId`, `motionTableId`, `soundTableId`, `physicsState`, `translucency`)
VALUES (1882112123, 'Eastern Aerlinthe Island', 65536, 0, 0, 0, 262164, 0, 0, 0, 0, 0, 0, 8388656, 0, 100667499, 0, 0, 0, 0, 0, 0, 0, 0, 4, 0, 0, 0, 0, 0, 32, -0.1, 0, 0, 0, 0, 0, 0, 0, 0, 0, 33554867, 0, 98307, 0, 150994947, 0, 3084, 0);

INSERT INTO `ace_object` (`baseAceObjectId`, `weenieClassId`, `landblock`, `cell`, `posX`, `posY`, `posZ`, `qW`, `qX`, `qY`, `qZ`)
VALUES (1882112123, 28062, 748, 795, 260, -1.71031, 5.937, 1, 0, 0, 0);

INSERT INTO `base_ace_object` (`baseAceObjectId`, `name`, `typeId`, `paletteId`, `ammoType`, `blipColor`, `bitField`, `burden`, `combatUse`, `cooldownDuration`, `cooldownId`, `effects`, `containersCapacity`, `header`, `hookTypeId`, `iconId`, `iconOverlayId`, `iconUnderlayId`, `hookItemTypes`, `itemsCapacity`, `location`, `materialType`, `maxStackSize`, `maxStructure`, `radar`, `pscript`, `spellId`, `stackSize`, `structure`, `targetTypeId`, `usability`, `useRadius`, `validLocations`, `value`, `workmanship`, `animationFrameId`, `defaultScript`, `defaultScriptIntensity`, `elasticity`, `friction`, `locationId`, `modelTableId`, `objectScale`, `physicsBitField`, `physicsTableId`, `motionTableId`, `soundTableId`, `physicsState`, `translucency`)
VALUES (1882112122, 'Western Aerlinthe Island', 65536, 0, 0, 0, 262164, 0, 0, 0, 0, 0, 0, 8388656, 0, 100667499, 0, 0, 0, 0, 0, 0, 0, 0, 4, 0, 0, 0, 0, 0, 32, -0.1, 0, 0, 0, 0, 0, 0, 0, 0, 0, 33554867, 0, 98307, 0, 150994947, 0, 3084, 0);

INSERT INTO `ace_object` (`baseAceObjectId`, `weenieClassId`, `landblock`, `cell`, `posX`, `posY`, `posZ`, `qW`, `qX`, `qY`, `qZ`)
VALUES (1882112122, 28064, 748, 697, 50, -1.71031, 5.937, 1, 0, 0, 0);

INSERT INTO `base_ace_object` (`baseAceObjectId`, `name`, `typeId`, `paletteId`, `ammoType`, `blipColor`, `bitField`, `burden`, `combatUse`, `cooldownDuration`, `cooldownId`, `effects`, `containersCapacity`, `header`, `hookTypeId`, `iconId`, `iconOverlayId`, `iconUnderlayId`, `hookItemTypes`, `itemsCapacity`, `location`, `materialType`, `maxStackSize`, `maxStructure`, `radar`, `pscript`, `spellId`, `stackSize`, `structure`, `targetTypeId`, `usability`, `useRadius`, `validLocations`, `value`, `workmanship`, `animationFrameId`, `defaultScript`, `defaultScriptIntensity`, `elasticity`, `friction`, `locationId`, `modelTableId`, `objectScale`, `physicsBitField`, `physicsTableId`, `motionTableId`, `soundTableId`, `physicsState`, `translucency`)
VALUES (1882116110, 'Surface Portal', 65536, 0, 0, 0, 262164, 0, 0, 0, 0, 0, 0, 8388656, 0, 100667499, 0, 0, 0, 0, 0, 0, 0, 0, 4, 0, 0, 0, 0, 0, 32, -0.1, 0, 0, 0, 0, 0, 0, 0, 0, 0, 33554867, 0, 98307, 0, 150994947, 0, 3084, 0);

INSERT INTO `ace_object` (`baseAceObjectId`, `weenieClassId`, `landblock`, `cell`, `posX`, `posY`, `posZ`, `qW`, `qX`, `qY`, `qZ`)
VALUES (1882116110, 7446, 749, 274, 43.028, -20, -126.063, -0.7071068, 0, 0, -0.7071068);

INSERT INTO `base_ace_object` (`baseAceObjectId`, `name`, `typeId`, `paletteId`, `ammoType`, `blipColor`, `bitField`, `burden`, `combatUse`, `cooldownDuration`, `cooldownId`, `effects`, `containersCapacity`, `header`, `hookTypeId`, `iconId`, `iconOverlayId`, `iconUnderlayId`, `hookItemTypes`, `itemsCapacity`, `location`, `materialType`, `maxStackSize`, `maxStructure`, `radar`, `pscript`, `spellId`, `stackSize`, `structure`, `targetTypeId`, `usability`, `useRadius`, `validLocations`, `value`, `workmanship`, `animationFrameId`, `defaultScript`, `defaultScriptIntensity`, `elasticity`, `friction`, `locationId`, `modelTableId`, `objectScale`, `physicsBitField`, `physicsTableId`, `motionTableId`, `soundTableId`, `physicsState`, `translucency`)
VALUES (2038554624, 'Zaikhal Portal', 65536, 0, 0, 0, 262164, 0, 0, 0, 0, 0, 0, 8388656, 0, 100667499, 0, 0, 0, 0, 0, 0, 0, 0, 4, 0, 0, 0, 0, 0, 32, -0.1, 0, 0, 0, 0, 0, 0, 0, 0, 0, 33554867, 0, 98307, 0, 150994947, 0, 3084, 0);

INSERT INTO `ace_object` (`baseAceObjectId`, `weenieClassId`, `landblock`, `cell`, `posX`, `posY`, `posZ`, `qW`, `qX`, `qY`, `qZ`)
VALUES (2038554624, 1033, 38942, 15, 30.913, 167.203, 229.937, -4.37114E-08, 0, 0, -1);

INSERT INTO `base_ace_object` (`baseAceObjectId`, `name`, `typeId`, `paletteId`, `ammoType`, `blipColor`, `bitField`, `burden`, `combatUse`, `cooldownDuration`, `cooldownId`, `effects`, `containersCapacity`, `header`, `hookTypeId`, `iconId`, `iconOverlayId`, `iconUnderlayId`, `hookItemTypes`, `itemsCapacity`, `location`, `materialType`, `maxStackSize`, `maxStructure`, `radar`, `pscript`, `spellId`, `stackSize`, `structure`, `targetTypeId`, `usability`, `useRadius`, `validLocations`, `value`, `workmanship`, `animationFrameId`, `defaultScript`, `defaultScriptIntensity`, `elasticity`, `friction`, `locationId`, `modelTableId`, `objectScale`, `physicsBitField`, `physicsTableId`, `motionTableId`, `soundTableId`, `physicsState`, `translucency`)
VALUES (2029621248, 'Alfreth Dungeon', 65536, 0, 0, 0, 262164, 0, 0, 0, 0, 0, 0, 8388656, 0, 100667499, 0, 0, 0, 0, 0, 0, 0, 0, 4, 0, 0, 0, 0, 0, 32, -0.1, 0, 0, 0, 0, 0, 0, 0, 0, 0, 33554867, 0, 98307, 0, 150994947, 0, 3084, 0);

INSERT INTO `ace_object` (`baseAceObjectId`, `weenieClassId`, `landblock`, `cell`, `posX`, `posY`, `posZ`, `qW`, `qX`, `qY`, `qZ`)
VALUES (2029621248, 371, 36761, 57, 184, 8.2, 92.67033, 0.390731, 0, 0, -0.9205049);

INSERT INTO `base_ace_object` (`baseAceObjectId`, `name`, `typeId`, `paletteId`, `ammoType`, `blipColor`, `bitField`, `burden`, `combatUse`, `cooldownDuration`, `cooldownId`, `effects`, `containersCapacity`, `header`, `hookTypeId`, `iconId`, `iconOverlayId`, `iconUnderlayId`, `hookItemTypes`, `itemsCapacity`, `location`, `materialType`, `maxStackSize`, `maxStructure`, `radar`, `pscript`, `spellId`, `stackSize`, `structure`, `targetTypeId`, `usability`, `useRadius`, `validLocations`, `value`, `workmanship`, `animationFrameId`, `defaultScript`, `defaultScriptIntensity`, `elasticity`, `friction`, `locationId`, `modelTableId`, `objectScale`, `physicsBitField`, `physicsTableId`, `motionTableId`, `soundTableId`, `physicsState`, `translucency`)
VALUES (1880973358, 'Surface', 65536, 0, 0, 0, 262164, 0, 0, 0, 0, 0, 0, 8388656, 0, 100667499, 0, 0, 0, 0, 0, 0, 0, 0, 4, 0, 0, 0, 0, 0, 32, -0.1, 0, 0, 0, 0, 0, 0, 0, 0, 0, 33554867, 0, 98307, 0, 150994947, 0, 3084, 0);

INSERT INTO `ace_object` (`baseAceObjectId`, `weenieClassId`, `landblock`, `cell`, `posX`, `posY`, `posZ`, `qW`, `qX`, `qY`, `qZ`)
VALUES (1880973358, 372, 470, 441, 143.572, -0.482917, -0.06299996, 0.7071068, 0, 0, -0.7071068);

INSERT INTO `base_ace_object` (`baseAceObjectId`, `name`, `typeId`, `paletteId`, `ammoType`, `blipColor`, `bitField`, `burden`, `combatUse`, `cooldownDuration`, `cooldownId`, `effects`, `containersCapacity`, `header`, `hookTypeId`, `iconId`, `iconOverlayId`, `iconUnderlayId`, `hookItemTypes`, `itemsCapacity`, `location`, `materialType`, `maxStackSize`, `maxStructure`, `radar`, `pscript`, `spellId`, `stackSize`, `structure`, `targetTypeId`, `usability`, `useRadius`, `validLocations`, `value`, `workmanship`, `animationFrameId`, `defaultScript`, `defaultScriptIntensity`, `elasticity`, `friction`, `locationId`, `modelTableId`, `objectScale`, `physicsBitField`, `physicsTableId`, `motionTableId`, `soundTableId`, `physicsState`, `translucency`)
VALUES (1880186918, 'Surface Portal', 65536, 0, 0, 0, 262164, 0, 0, 0, 0, 0, 0, 8388656, 0, 100667499, 0, 0, 0, 0, 0, 0, 0, 0, 4, 0, 0, 0, 0, 0, 32, -0.1, 0, 0, 0, 0, 0, 0, 0, 0, 0, 33554867, 0, 98307, 0, 150994947, 0, 3084, 0);

INSERT INTO `ace_object` (`baseAceObjectId`, `weenieClassId`, `landblock`, `cell`, `posX`, `posY`, `posZ`, `qW`, `qX`, `qY`, `qZ`)
VALUES (1880186918, 7478, 278, 315, 50.2835, -79.9093, -72.063, 0.714421, 0, 0, 0.699716);

INSERT INTO `base_ace_object` (`baseAceObjectId`, `name`, `typeId`, `paletteId`, `ammoType`, `blipColor`, `bitField`, `burden`, `combatUse`, `cooldownDuration`, `cooldownId`, `effects`, `containersCapacity`, `header`, `hookTypeId`, `iconId`, `iconOverlayId`, `iconUnderlayId`, `hookItemTypes`, `itemsCapacity`, `location`, `materialType`, `maxStackSize`, `maxStructure`, `radar`, `pscript`, `spellId`, `stackSize`, `structure`, `targetTypeId`, `usability`, `useRadius`, `validLocations`, `value`, `workmanship`, `animationFrameId`, `defaultScript`, `defaultScriptIntensity`, `elasticity`, `friction`, `locationId`, `modelTableId`, `objectScale`, `physicsBitField`, `physicsTableId`, `motionTableId`, `soundTableId`, `physicsState`, `translucency`)
VALUES (1881100522, 'Surface Portal', 65536, 0, 0, 0, 262164, 0, 0, 0, 0, 0, 0, 8388656, 0, 100667499, 0, 0, 0, 0, 0, 0, 0, 0, 4, 0, 0, 0, 0, 0, 32, -0.1, 0, 0, 0, 0, 0, 0, 0, 0, 0, 33554867, 0, 98307, 0, 150994947, 0, 3084, 0);

INSERT INTO `ace_object` (`baseAceObjectId`, `weenieClassId`, `landblock`, `cell`, `posX`, `posY`, `posZ`, `qW`, `qX`, `qY`, `qZ`)
VALUES (1881100522, 7627, 501, 627, 60, -120, 5.937, -0.7071068, 0, 0, -0.7071068);

INSERT INTO `base_ace_object` (`baseAceObjectId`, `name`, `typeId`, `paletteId`, `ammoType`, `blipColor`, `bitField`, `burden`, `combatUse`, `cooldownDuration`, `cooldownId`, `effects`, `containersCapacity`, `header`, `hookTypeId`, `iconId`, `iconOverlayId`, `iconUnderlayId`, `hookItemTypes`, `itemsCapacity`, `location`, `materialType`, `maxStackSize`, `maxStructure`, `radar`, `pscript`, `spellId`, `stackSize`, `structure`, `targetTypeId`, `usability`, `useRadius`, `validLocations`, `value`, `workmanship`, `animationFrameId`, `defaultScript`, `defaultScriptIntensity`, `elasticity`, `friction`, `locationId`, `modelTableId`, `objectScale`, `physicsBitField`, `physicsTableId`, `motionTableId`, `soundTableId`, `physicsState`, `translucency`)
VALUES (1880973349, 'Surface', 65536, 0, 0, 0, 262164, 0, 0, 0, 0, 0, 0, 8388656, 0, 100667499, 0, 0, 0, 0, 0, 0, 0, 0, 4, 0, 0, 0, 0, 0, 32, -0.1, 0, 0, 0, 0, 0, 0, 0, 0, 0, 33554867, 0, 98307, 0, 150994947, 0, 3084, 0);

INSERT INTO `ace_object` (`baseAceObjectId`, `weenieClassId`, `landblock`, `cell`, `posX`, `posY`, `posZ`, `qW`, `qX`, `qY`, `qZ`)
VALUES (1880973349, 372, 470, 432, 130.147, -36.8703, -0.06299996, -4.37114E-08, 0, 0, -1);

INSERT INTO `base_ace_object` (`baseAceObjectId`, `name`, `typeId`, `paletteId`, `ammoType`, `blipColor`, `bitField`, `burden`, `combatUse`, `cooldownDuration`, `cooldownId`, `effects`, `containersCapacity`, `header`, `hookTypeId`, `iconId`, `iconOverlayId`, `iconUnderlayId`, `hookItemTypes`, `itemsCapacity`, `location`, `materialType`, `maxStackSize`, `maxStructure`, `radar`, `pscript`, `spellId`, `stackSize`, `structure`, `targetTypeId`, `usability`, `useRadius`, `validLocations`, `value`, `workmanship`, `animationFrameId`, `defaultScript`, `defaultScriptIntensity`, `elasticity`, `friction`, `locationId`, `modelTableId`, `objectScale`, `physicsBitField`, `physicsTableId`, `motionTableId`, `soundTableId`, `physicsState`, `translucency`)
VALUES (2052812800, 'Asuger Temple Portal', 65536, 0, 0, 0, 262164, 0, 0, 0, 0, 0, 0, 8388656, 0, 100667499, 0, 0, 0, 0, 0, 0, 0, 0, 4, 0, 0, 0, 0, 0, 32, -0.1, 0, 0, 0, 0, 0, 0, 0, 0, 0, 33555923, 0, 98307, 0, 150994947, 0, 3084, 0);

INSERT INTO `ace_object` (`baseAceObjectId`, `weenieClassId`, `landblock`, `cell`, `posX`, `posY`, `posZ`, `qW`, `qX`, `qY`, `qZ`)
VALUES (2052812800, 7198, 42423, 31, 76.7235, 148.413, 99.14975, 0.278249, 0, 0, -0.960509);

INSERT INTO `base_ace_object` (`baseAceObjectId`, `name`, `typeId`, `paletteId`, `ammoType`, `blipColor`, `bitField`, `burden`, `combatUse`, `cooldownDuration`, `cooldownId`, `effects`, `containersCapacity`, `header`, `hookTypeId`, `iconId`, `iconOverlayId`, `iconUnderlayId`, `hookItemTypes`, `itemsCapacity`, `location`, `materialType`, `maxStackSize`, `maxStructure`, `radar`, `pscript`, `spellId`, `stackSize`, `structure`, `targetTypeId`, `usability`, `useRadius`, `validLocations`, `value`, `workmanship`, `animationFrameId`, `defaultScript`, `defaultScriptIntensity`, `elasticity`, `friction`, `locationId`, `modelTableId`, `objectScale`, `physicsBitField`, `physicsTableId`, `motionTableId`, `soundTableId`, `physicsState`, `translucency`)
VALUES (1880141852, 'Surface Portal', 65536, 0, 0, 0, 262164, 0, 0, 0, 0, 0, 0, 8388656, 0, 100667499, 0, 0, 0, 0, 0, 0, 0, 0, 4, 0, 0, 0, 0, 0, 32, -0.1, 0, 0, 0, 0, 0, 0, 0, 0, 0, 33554867, 0, 98307, 0, 150994947, 0, 3084, 0);

INSERT INTO `ace_object` (`baseAceObjectId`, `weenieClassId`, `landblock`, `cell`, `posX`, `posY`, `posZ`, `qW`, `qX`, `qY`, `qZ`)
VALUES (1880141852, 7199, 267, 414, -0.349737, -23.1029, -0.06299996, 1, 0, 0, 0);

INSERT INTO `base_ace_object` (`baseAceObjectId`, `name`, `typeId`, `paletteId`, `ammoType`, `blipColor`, `bitField`, `burden`, `combatUse`, `cooldownDuration`, `cooldownId`, `effects`, `containersCapacity`, `header`, `hookTypeId`, `iconId`, `iconOverlayId`, `iconUnderlayId`, `hookItemTypes`, `itemsCapacity`, `location`, `materialType`, `maxStackSize`, `maxStructure`, `radar`, `pscript`, `spellId`, `stackSize`, `structure`, `targetTypeId`, `usability`, `useRadius`, `validLocations`, `value`, `workmanship`, `animationFrameId`, `defaultScript`, `defaultScriptIntensity`, `elasticity`, `friction`, `locationId`, `modelTableId`, `objectScale`, `physicsBitField`, `physicsTableId`, `motionTableId`, `soundTableId`, `physicsState`, `translucency`)
VALUES (1880375326, 'Surface Portal', 65536, 0, 0, 0, 262164, 0, 0, 0, 0, 0, 0, 8388656, 0, 100667499, 0, 0, 0, 0, 0, 0, 0, 0, 4, 0, 0, 0, 0, 0, 32, -0.1, 0, 0, 0, 0, 0, 0, 0, 0, 0, 33554867, 0, 98307, 0, 150994947, 0, 3084, 0);

INSERT INTO `ace_object` (`baseAceObjectId`, `weenieClassId`, `landblock`, `cell`, `posX`, `posY`, `posZ`, `qW`, `qX`, `qY`, `qZ`)
VALUES (1880375326, 4972, 324, 441, 26.408, -80.0188, 11.937, 0.7071068, 0, 0, -0.7071068);

INSERT INTO `base_ace_object` (`baseAceObjectId`, `name`, `typeId`, `paletteId`, `ammoType`, `blipColor`, `bitField`, `burden`, `combatUse`, `cooldownDuration`, `cooldownId`, `effects`, `containersCapacity`, `header`, `hookTypeId`, `iconId`, `iconOverlayId`, `iconUnderlayId`, `hookItemTypes`, `itemsCapacity`, `location`, `materialType`, `maxStackSize`, `maxStructure`, `radar`, `pscript`, `spellId`, `stackSize`, `structure`, `targetTypeId`, `usability`, `useRadius`, `validLocations`, `value`, `workmanship`, `animationFrameId`, `defaultScript`, `defaultScriptIntensity`, `elasticity`, `friction`, `locationId`, `modelTableId`, `objectScale`, `physicsBitField`, `physicsTableId`, `motionTableId`, `soundTableId`, `physicsState`, `translucency`)
VALUES (2886141284, 'Sawato Portal', 65536, 0, 0, 0, 262164, 0, 0, 0, 0, 0, 0, 8388656, 0, 100667499, 0, 0, 0, 0, 0, 0, 0, 0, 4, 0, 0, 0, 0, 0, 32, -0.1, 0, 0, 0, 0, 0, 0, 0, 0, 0, 33554867, 0, 98307, 0, 150994947, 0, 3084, 0);

INSERT INTO `ace_object` (`baseAceObjectId`, `weenieClassId`, `landblock`, `cell`, `posX`, `posY`, `posZ`, `qW`, `qX`, `qY`, `qZ`)
VALUES (2886141284, 42849, 9084, 45, 136.2815, 112.4066, 57.937, 1, 0, 0, 0);

INSERT INTO `base_ace_object` (`baseAceObjectId`, `name`, `typeId`, `paletteId`, `ammoType`, `blipColor`, `bitField`, `burden`, `combatUse`, `cooldownDuration`, `cooldownId`, `effects`, `containersCapacity`, `header`, `hookTypeId`, `iconId`, `iconOverlayId`, `iconUnderlayId`, `hookItemTypes`, `itemsCapacity`, `location`, `materialType`, `maxStackSize`, `maxStructure`, `radar`, `pscript`, `spellId`, `stackSize`, `structure`, `targetTypeId`, `usability`, `useRadius`, `validLocations`, `value`, `workmanship`, `animationFrameId`, `defaultScript`, `defaultScriptIntensity`, `elasticity`, `friction`, `locationId`, `modelTableId`, `objectScale`, `physicsBitField`, `physicsTableId`, `motionTableId`, `soundTableId`, `physicsState`, `translucency`)
VALUES (2048135168, 'Enkindled Souls', 65536, 0, 0, 0, 262164, 0, 0, 0, 0, 0, 0, 8388656, 0, 100667499, 0, 0, 0, 0, 0, 0, 0, 0, 4, 0, 0, 0, 0, 0, 32, -0.1, 0, 0, 0, 0, 0, 0, 0, 0, 0, 33555923, 0, 98307, 0, 150994947, 0, 3084, 0);

INSERT INTO `ace_object` (`baseAceObjectId`, `weenieClassId`, `landblock`, `cell`, `posX`, `posY`, `posZ`, `qW`, `qX`, `qY`, `qZ`)
VALUES (2048135168, 5505, 41281, 6, 15.6445, 129.095, 109.937, -0.173043, 0, 0, -0.9849142);

INSERT INTO `base_ace_object` (`baseAceObjectId`, `name`, `typeId`, `paletteId`, `ammoType`, `blipColor`, `bitField`, `burden`, `combatUse`, `cooldownDuration`, `cooldownId`, `effects`, `containersCapacity`, `header`, `hookTypeId`, `iconId`, `iconOverlayId`, `iconUnderlayId`, `hookItemTypes`, `itemsCapacity`, `location`, `materialType`, `maxStackSize`, `maxStructure`, `radar`, `pscript`, `spellId`, `stackSize`, `structure`, `targetTypeId`, `usability`, `useRadius`, `validLocations`, `value`, `workmanship`, `animationFrameId`, `defaultScript`, `defaultScriptIntensity`, `elasticity`, `friction`, `locationId`, `modelTableId`, `objectScale`, `physicsBitField`, `physicsTableId`, `motionTableId`, `soundTableId`, `physicsState`, `translucency`)
VALUES (1880363064, 'Surface', 65536, 0, 0, 0, 262164, 0, 0, 0, 0, 0, 0, 8388656, 0, 100667499, 0, 0, 0, 0, 0, 0, 0, 0, 4, 0, 0, 0, 0, 0, 32, -0.1, 0, 0, 0, 0, 0, 0, 0, 0, 0, 33554867, 0, 98307, 0, 150994947, 0, 3084, 0);

INSERT INTO `ace_object` (`baseAceObjectId`, `weenieClassId`, `landblock`, `cell`, `posX`, `posY`, `posZ`, `qW`, `qX`, `qY`, `qZ`)
VALUES (1880363064, 5506, 321, 441, 83.5411, -159.763, -0.06299996, 0.7071068, 0, 0, -0.7071068);

INSERT INTO `base_ace_object` (`baseAceObjectId`, `name`, `typeId`, `paletteId`, `ammoType`, `blipColor`, `bitField`, `burden`, `combatUse`, `cooldownDuration`, `cooldownId`, `effects`, `containersCapacity`, `header`, `hookTypeId`, `iconId`, `iconOverlayId`, `iconUnderlayId`, `hookItemTypes`, `itemsCapacity`, `location`, `materialType`, `maxStackSize`, `maxStructure`, `radar`, `pscript`, `spellId`, `stackSize`, `structure`, `targetTypeId`, `usability`, `useRadius`, `validLocations`, `value`, `workmanship`, `animationFrameId`, `defaultScript`, `defaultScriptIntensity`, `elasticity`, `friction`, `locationId`, `modelTableId`, `objectScale`, `physicsBitField`, `physicsTableId`, `motionTableId`, `soundTableId`, `physicsState`, `translucency`)
VALUES (2047127731, 'House Portal', 65536, 0, 0, 0, 262164, 0, 0, 0, 0, 0, 0, 8388656, 0, 100667499, 0, 0, 0, 0, 0, 0, 0, 0, 4, 0, 0, 0, 0, 0, 32, 0.75, 0, 0, 0, 0, 0, 0, 0, 0, 0, 33554867, 0, 98307, 0, 150994947, 0, 3076, 0);

INSERT INTO `ace_object` (`baseAceObjectId`, `weenieClassId`, `landblock`, `cell`, `posX`, `posY`, `posZ`, `qW`, `qX`, `qY`, `qZ`)
VALUES (2047127731, 11730, 41035, 280, 153.823, 158.571, 107.137, 0.7316382, 0, 0, 0.6816932);

INSERT INTO `base_ace_object` (`baseAceObjectId`, `name`, `typeId`, `paletteId`, `ammoType`, `blipColor`, `bitField`, `burden`, `combatUse`, `cooldownDuration`, `cooldownId`, `effects`, `containersCapacity`, `header`, `hookTypeId`, `iconId`, `iconOverlayId`, `iconUnderlayId`, `hookItemTypes`, `itemsCapacity`, `location`, `materialType`, `maxStackSize`, `maxStructure`, `radar`, `pscript`, `spellId`, `stackSize`, `structure`, `targetTypeId`, `usability`, `useRadius`, `validLocations`, `value`, `workmanship`, `animationFrameId`, `defaultScript`, `defaultScriptIntensity`, `elasticity`, `friction`, `locationId`, `modelTableId`, `objectScale`, `physicsBitField`, `physicsTableId`, `motionTableId`, `soundTableId`, `physicsState`, `translucency`)
VALUES (2047127729, 'House Portal', 65536, 0, 0, 0, 262164, 0, 0, 0, 0, 0, 0, 41943088, 0, 100667499, 0, 0, 0, 0, 0, 0, 0, 0, 4, 0, 0, 0, 0, 0, 32, 0.75, 0, 0, 0, 0, 0, 0, 0, 0, 0, 33554867, 0, 98307, 0, 150994947, 0, 3076, 0);

INSERT INTO `ace_object` (`baseAceObjectId`, `weenieClassId`, `landblock`, `cell`, `posX`, `posY`, `posZ`, `qW`, `qX`, `qY`, `qZ`)
VALUES (2047127729, 11730, 41035, 311, 98.466, 132.384, 107.137, -0.7079323, 0, 0, -0.7062803);

INSERT INTO `base_ace_object` (`baseAceObjectId`, `name`, `typeId`, `paletteId`, `ammoType`, `blipColor`, `bitField`, `burden`, `combatUse`, `cooldownDuration`, `cooldownId`, `effects`, `containersCapacity`, `header`, `hookTypeId`, `iconId`, `iconOverlayId`, `iconUnderlayId`, `hookItemTypes`, `itemsCapacity`, `location`, `materialType`, `maxStackSize`, `maxStructure`, `radar`, `pscript`, `spellId`, `stackSize`, `structure`, `targetTypeId`, `usability`, `useRadius`, `validLocations`, `value`, `workmanship`, `animationFrameId`, `defaultScript`, `defaultScriptIntensity`, `elasticity`, `friction`, `locationId`, `modelTableId`, `objectScale`, `physicsBitField`, `physicsTableId`, `motionTableId`, `soundTableId`, `physicsState`, `translucency`)
VALUES (2047127727, 'House Portal', 65536, 0, 0, 0, 262164, 0, 0, 0, 0, 0, 0, 8388656, 0, 100667499, 0, 0, 0, 0, 0, 0, 0, 0, 4, 0, 0, 0, 0, 0, 32, 0.75, 0, 0, 0, 0, 0, 0, 0, 0, 0, 33554867, 0, 98307, 0, 150994947, 0, 3076, 0);

INSERT INTO `ace_object` (`baseAceObjectId`, `weenieClassId`, `landblock`, `cell`, `posX`, `posY`, `posZ`, `qW`, `qX`, `qY`, `qZ`)
VALUES (2047127727, 11730, 41035, 339, 38.6253, 158.113, 107.137, -0.999929, 0, 0, 0.0119208);

INSERT INTO `base_ace_object` (`baseAceObjectId`, `name`, `typeId`, `paletteId`, `ammoType`, `blipColor`, `bitField`, `burden`, `combatUse`, `cooldownDuration`, `cooldownId`, `effects`, `containersCapacity`, `header`, `hookTypeId`, `iconId`, `iconOverlayId`, `iconUnderlayId`, `hookItemTypes`, `itemsCapacity`, `location`, `materialType`, `maxStackSize`, `maxStructure`, `radar`, `pscript`, `spellId`, `stackSize`, `structure`, `targetTypeId`, `usability`, `useRadius`, `validLocations`, `value`, `workmanship`, `animationFrameId`, `defaultScript`, `defaultScriptIntensity`, `elasticity`, `friction`, `locationId`, `modelTableId`, `objectScale`, `physicsBitField`, `physicsTableId`, `motionTableId`, `soundTableId`, `physicsState`, `translucency`)
VALUES (2047127725, 'House Portal', 65536, 0, 0, 0, 262164, 0, 0, 0, 0, 0, 0, 41943088, 0, 100667499, 0, 0, 0, 0, 0, 0, 0, 0, 4, 0, 0, 0, 0, 0, 32, 0.75, 0, 0, 0, 0, 0, 0, 0, 0, 0, 33554867, 0, 98307, 0, 150994947, 0, 3076, 0);

INSERT INTO `ace_object` (`baseAceObjectId`, `weenieClassId`, `landblock`, `cell`, `posX`, `posY`, `posZ`, `qW`, `qX`, `qY`, `qZ`)
VALUES (2047127725, 11730, 41035, 370, 33.3187, 33.8366, 59.137, -0.01753381, 0, 0, -0.9998463);

INSERT INTO `base_ace_object` (`baseAceObjectId`, `name`, `typeId`, `paletteId`, `ammoType`, `blipColor`, `bitField`, `burden`, `combatUse`, `cooldownDuration`, `cooldownId`, `effects`, `containersCapacity`, `header`, `hookTypeId`, `iconId`, `iconOverlayId`, `iconUnderlayId`, `hookItemTypes`, `itemsCapacity`, `location`, `materialType`, `maxStackSize`, `maxStructure`, `radar`, `pscript`, `spellId`, `stackSize`, `structure`, `targetTypeId`, `usability`, `useRadius`, `validLocations`, `value`, `workmanship`, `animationFrameId`, `defaultScript`, `defaultScriptIntensity`, `elasticity`, `friction`, `locationId`, `modelTableId`, `objectScale`, `physicsBitField`, `physicsTableId`, `motionTableId`, `soundTableId`, `physicsState`, `translucency`)
VALUES (2047127723, 'House Portal', 65536, 0, 0, 0, 262164, 0, 0, 0, 0, 0, 0, 41943088, 0, 100667499, 0, 0, 0, 0, 0, 0, 0, 0, 4, 0, 0, 0, 0, 0, 32, 0.75, 0, 0, 0, 0, 0, 0, 0, 0, 0, 33554867, 0, 98307, 0, 150994947, 0, 3076, 0);

INSERT INTO `ace_object` (`baseAceObjectId`, `weenieClassId`, `landblock`, `cell`, `posX`, `posY`, `posZ`, `qW`, `qX`, `qY`, `qZ`)
VALUES (2047127723, 11730, 41035, 401, 93.4546, 35.5653, 61.137, 0.7198969, 0, 0, -0.6940809);

INSERT INTO `base_ace_object` (`baseAceObjectId`, `name`, `typeId`, `paletteId`, `ammoType`, `blipColor`, `bitField`, `burden`, `combatUse`, `cooldownDuration`, `cooldownId`, `effects`, `containersCapacity`, `header`, `hookTypeId`, `iconId`, `iconOverlayId`, `iconUnderlayId`, `hookItemTypes`, `itemsCapacity`, `location`, `materialType`, `maxStackSize`, `maxStructure`, `radar`, `pscript`, `spellId`, `stackSize`, `structure`, `targetTypeId`, `usability`, `useRadius`, `validLocations`, `value`, `workmanship`, `animationFrameId`, `defaultScript`, `defaultScriptIntensity`, `elasticity`, `friction`, `locationId`, `modelTableId`, `objectScale`, `physicsBitField`, `physicsTableId`, `motionTableId`, `soundTableId`, `physicsState`, `translucency`)
VALUES (2047127721, 'House Portal', 65536, 0, 0, 0, 262164, 0, 0, 0, 0, 0, 0, 41943088, 0, 100667499, 0, 0, 0, 0, 0, 0, 0, 0, 4, 0, 0, 0, 0, 0, 32, 0.75, 0, 0, 0, 0, 0, 0, 0, 0, 0, 33554867, 0, 98307, 0, 150994947, 0, 3076, 0);

INSERT INTO `ace_object` (`baseAceObjectId`, `weenieClassId`, `landblock`, `cell`, `posX`, `posY`, `posZ`, `qW`, `qX`, `qY`, `qZ`)
VALUES (2047127721, 11730, 41035, 429, 152.861, 33.8539, 63.137, 6.54694E-05, 0, 0, -1);

INSERT INTO `base_ace_object` (`baseAceObjectId`, `name`, `typeId`, `paletteId`, `ammoType`, `blipColor`, `bitField`, `burden`, `combatUse`, `cooldownDuration`, `cooldownId`, `effects`, `containersCapacity`, `header`, `hookTypeId`, `iconId`, `iconOverlayId`, `iconUnderlayId`, `hookItemTypes`, `itemsCapacity`, `location`, `materialType`, `maxStackSize`, `maxStructure`, `radar`, `pscript`, `spellId`, `stackSize`, `structure`, `targetTypeId`, `usability`, `useRadius`, `validLocations`, `value`, `workmanship`, `animationFrameId`, `defaultScript`, `defaultScriptIntensity`, `elasticity`, `friction`, `locationId`, `modelTableId`, `objectScale`, `physicsBitField`, `physicsTableId`, `motionTableId`, `soundTableId`, `physicsState`, `translucency`)
VALUES (2047152198, 'House Portal', 65536, 0, 0, 0, 262164, 0, 0, 0, 0, 0, 0, 8388656, 0, 100667499, 0, 0, 0, 0, 0, 0, 0, 0, 4, 0, 0, 0, 0, 0, 32, 0.75, 0, 0, 0, 0, 0, 0, 0, 0, 0, 33554867, 0, 98307, 0, 150994947, 0, 3076, 0);

INSERT INTO `ace_object` (`baseAceObjectId`, `weenieClassId`, `landblock`, `cell`, `posX`, `posY`, `posZ`, `qW`, `qX`, `qY`, `qZ`)
VALUES (2047152198, 11730, 41041, 338, 67.6274, 151.527, 95.937, 0.6685001, 0, 0, -0.7437121);

INSERT INTO `base_ace_object` (`baseAceObjectId`, `name`, `typeId`, `paletteId`, `ammoType`, `blipColor`, `bitField`, `burden`, `combatUse`, `cooldownDuration`, `cooldownId`, `effects`, `containersCapacity`, `header`, `hookTypeId`, `iconId`, `iconOverlayId`, `iconUnderlayId`, `hookItemTypes`, `itemsCapacity`, `location`, `materialType`, `maxStackSize`, `maxStructure`, `radar`, `pscript`, `spellId`, `stackSize`, `structure`, `targetTypeId`, `usability`, `useRadius`, `validLocations`, `value`, `workmanship`, `animationFrameId`, `defaultScript`, `defaultScriptIntensity`, `elasticity`, `friction`, `locationId`, `modelTableId`, `objectScale`, `physicsBitField`, `physicsTableId`, `motionTableId`, `soundTableId`, `physicsState`, `translucency`)
VALUES (2047254597, 'House Portal', 65536, 0, 0, 0, 262164, 0, 0, 0, 0, 0, 0, 41943088, 0, 100667499, 0, 0, 0, 0, 0, 0, 0, 0, 4, 0, 0, 0, 0, 0, 32, 0.75, 0, 0, 0, 0, 0, 0, 0, 0, 0, 33554867, 0, 98307, 0, 150994947, 0, 3076, 0);

INSERT INTO `ace_object` (`baseAceObjectId`, `weenieClassId`, `landblock`, `cell`, `posX`, `posY`, `posZ`, `qW`, `qX`, `qY`, `qZ`)
VALUES (2047254597, 11730, 41066, 338, 66.8659, 79.0739, 3.937001, 0.7132156, 0, 0, -0.7009447);

INSERT INTO `base_ace_object` (`baseAceObjectId`, `name`, `typeId`, `paletteId`, `ammoType`, `blipColor`, `bitField`, `burden`, `combatUse`, `cooldownDuration`, `cooldownId`, `effects`, `containersCapacity`, `header`, `hookTypeId`, `iconId`, `iconOverlayId`, `iconUnderlayId`, `hookItemTypes`, `itemsCapacity`, `location`, `materialType`, `maxStackSize`, `maxStructure`, `radar`, `pscript`, `spellId`, `stackSize`, `structure`, `targetTypeId`, `usability`, `useRadius`, `validLocations`, `value`, `workmanship`, `animationFrameId`, `defaultScript`, `defaultScriptIntensity`, `elasticity`, `friction`, `locationId`, `modelTableId`, `objectScale`, `physicsBitField`, `physicsTableId`, `motionTableId`, `soundTableId`, `physicsState`, `translucency`)
VALUES (2045239365, 'House Portal', 65536, 0, 0, 0, 262164, 0, 0, 0, 0, 0, 0, 8388656, 0, 100667499, 0, 0, 0, 0, 0, 0, 0, 0, 4, 0, 0, 0, 0, 0, 32, 0.75, 0, 0, 0, 0, 0, 0, 0, 0, 0, 33554867, 0, 98307, 0, 150994947, 0, 3076, 0);

INSERT INTO `ace_object` (`baseAceObjectId`, `weenieClassId`, `landblock`, `cell`, `posX`, `posY`, `posZ`, `qW`, `qX`, `qY`, `qZ`)
VALUES (2045239365, 11730, 40574, 338, 90.6073, 151.191, 7.937001, 0.6544748, 0, 0, -0.7560838);

INSERT INTO `base_ace_object` (`baseAceObjectId`, `name`, `typeId`, `paletteId`, `ammoType`, `blipColor`, `bitField`, `burden`, `combatUse`, `cooldownDuration`, `cooldownId`, `effects`, `containersCapacity`, `header`, `hookTypeId`, `iconId`, `iconOverlayId`, `iconUnderlayId`, `hookItemTypes`, `itemsCapacity`, `location`, `materialType`, `maxStackSize`, `maxStructure`, `radar`, `pscript`, `spellId`, `stackSize`, `structure`, `targetTypeId`, `usability`, `useRadius`, `validLocations`, `value`, `workmanship`, `animationFrameId`, `defaultScript`, `defaultScriptIntensity`, `elasticity`, `friction`, `locationId`, `modelTableId`, `objectScale`, `physicsBitField`, `physicsTableId`, `motionTableId`, `soundTableId`, `physicsState`, `translucency`)
VALUES (2047398345, 'House Portal', 65536, 0, 0, 0, 262164, 0, 0, 0, 0, 0, 0, 41943088, 0, 100667499, 0, 0, 0, 0, 0, 0, 0, 0, 4, 0, 0, 0, 0, 0, 32, 0.75, 0, 0, 0, 0, 0, 0, 0, 0, 0, 33554867, 0, 98307, 0, 150994947, 0, 3076, 0);

INSERT INTO `ace_object` (`baseAceObjectId`, `weenieClassId`, `landblock`, `cell`, `posX`, `posY`, `posZ`, `qW`, `qX`, `qY`, `qZ`)
VALUES (2047398345, 11730, 41101, 280, 12.687, 33.1558, 53.137, 0.658286, 0, 0, -0.752768);

INSERT INTO `base_ace_object` (`baseAceObjectId`, `name`, `typeId`, `paletteId`, `ammoType`, `blipColor`, `bitField`, `burden`, `combatUse`, `cooldownDuration`, `cooldownId`, `effects`, `containersCapacity`, `header`, `hookTypeId`, `iconId`, `iconOverlayId`, `iconUnderlayId`, `hookItemTypes`, `itemsCapacity`, `location`, `materialType`, `maxStackSize`, `maxStructure`, `radar`, `pscript`, `spellId`, `stackSize`, `structure`, `targetTypeId`, `usability`, `useRadius`, `validLocations`, `value`, `workmanship`, `animationFrameId`, `defaultScript`, `defaultScriptIntensity`, `elasticity`, `friction`, `locationId`, `modelTableId`, `objectScale`, `physicsBitField`, `physicsTableId`, `motionTableId`, `soundTableId`, `physicsState`, `translucency`)
VALUES (2047398347, 'House Portal', 65536, 0, 0, 0, 262164, 0, 0, 0, 0, 0, 0, 8388656, 0, 100667499, 0, 0, 0, 0, 0, 0, 0, 0, 4, 0, 0, 0, 0, 0, 32, 0.75, 0, 0, 0, 0, 0, 0, 0, 0, 0, 33554867, 0, 98307, 0, 150994947, 0, 3076, 0);

INSERT INTO `ace_object` (`baseAceObjectId`, `weenieClassId`, `landblock`, `cell`, `posX`, `posY`, `posZ`, `qW`, `qX`, `qY`, `qZ`)
VALUES (2047398347, 11730, 41101, 311, 45.3993, 83.6721, 53.137, -0.7107882, 0, 0, 0.7034061);

INSERT INTO `base_ace_object` (`baseAceObjectId`, `name`, `typeId`, `paletteId`, `ammoType`, `blipColor`, `bitField`, `burden`, `combatUse`, `cooldownDuration`, `cooldownId`, `effects`, `containersCapacity`, `header`, `hookTypeId`, `iconId`, `iconOverlayId`, `iconUnderlayId`, `hookItemTypes`, `itemsCapacity`, `location`, `materialType`, `maxStackSize`, `maxStructure`, `radar`, `pscript`, `spellId`, `stackSize`, `structure`, `targetTypeId`, `usability`, `useRadius`, `validLocations`, `value`, `workmanship`, `animationFrameId`, `defaultScript`, `defaultScriptIntensity`, `elasticity`, `friction`, `locationId`, `modelTableId`, `objectScale`, `physicsBitField`, `physicsTableId`, `motionTableId`, `soundTableId`, `physicsState`, `translucency`)
VALUES (2047398351, 'House Portal', 65536, 0, 0, 0, 262164, 0, 0, 0, 0, 0, 0, 41943088, 0, 100667499, 0, 0, 0, 0, 0, 0, 0, 0, 4, 0, 0, 0, 0, 0, 32, 0.75, 0, 0, 0, 0, 0, 0, 0, 0, 0, 33554867, 0, 98307, 0, 150994947, 0, 3076, 0);

INSERT INTO `ace_object` (`baseAceObjectId`, `weenieClassId`, `landblock`, `cell`, `posX`, `posY`, `posZ`, `qW`, `qX`, `qY`, `qZ`)
VALUES (2047398351, 11730, 41101, 339, 156.032, 147.717, 43.137, 0.0702554, 0, 0, 0.997529);

INSERT INTO `base_ace_object` (`baseAceObjectId`, `name`, `typeId`, `paletteId`, `ammoType`, `blipColor`, `bitField`, `burden`, `combatUse`, `cooldownDuration`, `cooldownId`, `effects`, `containersCapacity`, `header`, `hookTypeId`, `iconId`, `iconOverlayId`, `iconUnderlayId`, `hookItemTypes`, `itemsCapacity`, `location`, `materialType`, `maxStackSize`, `maxStructure`, `radar`, `pscript`, `spellId`, `stackSize`, `structure`, `targetTypeId`, `usability`, `useRadius`, `validLocations`, `value`, `workmanship`, `animationFrameId`, `defaultScript`, `defaultScriptIntensity`, `elasticity`, `friction`, `locationId`, `modelTableId`, `objectScale`, `physicsBitField`, `physicsTableId`, `motionTableId`, `soundTableId`, `physicsState`, `translucency`)
VALUES (2047398353, 'House Portal', 65536, 0, 0, 0, 262164, 0, 0, 0, 0, 0, 0, 41943088, 0, 100667499, 0, 0, 0, 0, 0, 0, 0, 0, 4, 0, 0, 0, 0, 0, 32, 0.75, 0, 0, 0, 0, 0, 0, 0, 0, 0, 33554867, 0, 98307, 0, 150994947, 0, 3076, 0);

INSERT INTO `ace_object` (`baseAceObjectId`, `weenieClassId`, `landblock`, `cell`, `posX`, `posY`, `posZ`, `qW`, `qX`, `qY`, `qZ`)
VALUES (2047398353, 11730, 41101, 367, 154.032, 86.4516, 47.137, -0.6831133, 0, 0, -0.7303123);

INSERT INTO `base_ace_object` (`baseAceObjectId`, `name`, `typeId`, `paletteId`, `ammoType`, `blipColor`, `bitField`, `burden`, `combatUse`, `cooldownDuration`, `cooldownId`, `effects`, `containersCapacity`, `header`, `hookTypeId`, `iconId`, `iconOverlayId`, `iconUnderlayId`, `hookItemTypes`, `itemsCapacity`, `location`, `materialType`, `maxStackSize`, `maxStructure`, `radar`, `pscript`, `spellId`, `stackSize`, `structure`, `targetTypeId`, `usability`, `useRadius`, `validLocations`, `value`, `workmanship`, `animationFrameId`, `defaultScript`, `defaultScriptIntensity`, `elasticity`, `friction`, `locationId`, `modelTableId`, `objectScale`, `physicsBitField`, `physicsTableId`, `motionTableId`, `soundTableId`, `physicsState`, `translucency`)
VALUES (2047398355, 'House Portal', 65536, 0, 0, 0, 262164, 0, 0, 0, 0, 0, 0, 41943088, 0, 100667499, 0, 0, 0, 0, 0, 0, 0, 0, 4, 0, 0, 0, 0, 0, 32, 0.75, 0, 0, 0, 0, 0, 0, 0, 0, 0, 33554867, 0, 98307, 0, 150994947, 0, 3076, 0);

INSERT INTO `ace_object` (`baseAceObjectId`, `weenieClassId`, `landblock`, `cell`, `posX`, `posY`, `posZ`, `qW`, `qX`, `qY`, `qZ`)
VALUES (2047398355, 11730, 41101, 398, 146.954, 36.9712, 45.137, -0.7061787, 0, 0, -0.7080336);

INSERT INTO `base_ace_object` (`baseAceObjectId`, `name`, `typeId`, `paletteId`, `ammoType`, `blipColor`, `bitField`, `burden`, `combatUse`, `cooldownDuration`, `cooldownId`, `effects`, `containersCapacity`, `header`, `hookTypeId`, `iconId`, `iconOverlayId`, `iconUnderlayId`, `hookItemTypes`, `itemsCapacity`, `location`, `materialType`, `maxStackSize`, `maxStructure`, `radar`, `pscript`, `spellId`, `stackSize`, `structure`, `targetTypeId`, `usability`, `useRadius`, `validLocations`, `value`, `workmanship`, `animationFrameId`, `defaultScript`, `defaultScriptIntensity`, `elasticity`, `friction`, `locationId`, `modelTableId`, `objectScale`, `physicsBitField`, `physicsTableId`, `motionTableId`, `soundTableId`, `physicsState`, `translucency`)
VALUES (2047398349, 'House Portal', 65536, 0, 0, 0, 262164, 0, 0, 0, 0, 0, 0, 41943088, 0, 100667499, 0, 0, 0, 0, 0, 0, 0, 0, 4, 0, 0, 0, 0, 0, 32, 0.75, 0, 0, 0, 0, 0, 0, 0, 0, 0, 33554867, 0, 98307, 0, 150994947, 0, 3076, 0);

INSERT INTO `ace_object` (`baseAceObjectId`, `weenieClassId`, `landblock`, `cell`, `posX`, `posY`, `posZ`, `qW`, `qX`, `qY`, `qZ`)
VALUES (2047398349, 11730, 41101, 426, 57.933, 154.17, 49.137, -0.05681229, 0, 0, -0.9983849);

INSERT INTO `base_ace_object` (`baseAceObjectId`, `name`, `typeId`, `paletteId`, `ammoType`, `blipColor`, `bitField`, `burden`, `combatUse`, `cooldownDuration`, `cooldownId`, `effects`, `containersCapacity`, `header`, `hookTypeId`, `iconId`, `iconOverlayId`, `iconUnderlayId`, `hookItemTypes`, `itemsCapacity`, `location`, `materialType`, `maxStackSize`, `maxStructure`, `radar`, `pscript`, `spellId`, `stackSize`, `structure`, `targetTypeId`, `usability`, `useRadius`, `validLocations`, `value`, `workmanship`, `animationFrameId`, `defaultScript`, `defaultScriptIntensity`, `elasticity`, `friction`, `locationId`, `modelTableId`, `objectScale`, `physicsBitField`, `physicsTableId`, `motionTableId`, `soundTableId`, `physicsState`, `translucency`)
VALUES (2047402443, 'House Portal', 65536, 0, 0, 0, 262164, 0, 0, 0, 0, 0, 0, 41943088, 0, 100667499, 0, 0, 0, 0, 0, 0, 0, 0, 4, 0, 0, 0, 0, 0, 32, 0.75, 0, 0, 0, 0, 0, 0, 0, 0, 0, 33554867, 0, 98307, 0, 150994947, 0, 3076, 0);

INSERT INTO `ace_object` (`baseAceObjectId`, `weenieClassId`, `landblock`, `cell`, `posX`, `posY`, `posZ`, `qW`, `qX`, `qY`, `qZ`)
VALUES (2047402443, 11730, 41102, 280, 81.7818, 153.836, 27.137, -0.02551441, 0, 0, -0.9996744);

INSERT INTO `base_ace_object` (`baseAceObjectId`, `name`, `typeId`, `paletteId`, `ammoType`, `blipColor`, `bitField`, `burden`, `combatUse`, `cooldownDuration`, `cooldownId`, `effects`, `containersCapacity`, `header`, `hookTypeId`, `iconId`, `iconOverlayId`, `iconUnderlayId`, `hookItemTypes`, `itemsCapacity`, `location`, `materialType`, `maxStackSize`, `maxStructure`, `radar`, `pscript`, `spellId`, `stackSize`, `structure`, `targetTypeId`, `usability`, `useRadius`, `validLocations`, `value`, `workmanship`, `animationFrameId`, `defaultScript`, `defaultScriptIntensity`, `elasticity`, `friction`, `locationId`, `modelTableId`, `objectScale`, `physicsBitField`, `physicsTableId`, `motionTableId`, `soundTableId`, `physicsState`, `translucency`)
VALUES (2047402445, 'House Portal', 65536, 0, 0, 0, 262164, 0, 0, 0, 0, 0, 0, 8388656, 0, 100667499, 0, 0, 0, 0, 0, 0, 0, 0, 4, 0, 0, 0, 0, 0, 32, 0.75, 0, 0, 0, 0, 0, 0, 0, 0, 0, 33554867, 0, 98307, 0, 150994947, 0, 3076, 0);

INSERT INTO `ace_object` (`baseAceObjectId`, `weenieClassId`, `landblock`, `cell`, `posX`, `posY`, `posZ`, `qW`, `qX`, `qY`, `qZ`)
VALUES (2047402445, 11730, 41102, 311, 45.2586, 156.664, 37.137, 0.6830312, 0, 0, -0.7303892);

INSERT INTO `base_ace_object` (`baseAceObjectId`, `name`, `typeId`, `paletteId`, `ammoType`, `blipColor`, `bitField`, `burden`, `combatUse`, `cooldownDuration`, `cooldownId`, `effects`, `containersCapacity`, `header`, `hookTypeId`, `iconId`, `iconOverlayId`, `iconUnderlayId`, `hookItemTypes`, `itemsCapacity`, `location`, `materialType`, `maxStackSize`, `maxStructure`, `radar`, `pscript`, `spellId`, `stackSize`, `structure`, `targetTypeId`, `usability`, `useRadius`, `validLocations`, `value`, `workmanship`, `animationFrameId`, `defaultScript`, `defaultScriptIntensity`, `elasticity`, `friction`, `locationId`, `modelTableId`, `objectScale`, `physicsBitField`, `physicsTableId`, `motionTableId`, `soundTableId`, `physicsState`, `translucency`)
VALUES (2047402447, 'House Portal', 65536, 0, 0, 0, 262164, 0, 0, 0, 0, 0, 0, 8388656, 0, 100667499, 0, 0, 0, 0, 0, 0, 0, 0, 4, 0, 0, 0, 0, 0, 32, 0.75, 0, 0, 0, 0, 0, 0, 0, 0, 0, 33554867, 0, 98307, 0, 150994947, 0, 3076, 0);

INSERT INTO `ace_object` (`baseAceObjectId`, `weenieClassId`, `landblock`, `cell`, `posX`, `posY`, `posZ`, `qW`, `qX`, `qY`, `qZ`)
VALUES (2047402447, 11730, 41102, 339, 37.8526, 106.379, 39.137, 0.9272963, 0, 0, -0.3743281);

INSERT INTO `base_ace_object` (`baseAceObjectId`, `name`, `typeId`, `paletteId`, `ammoType`, `blipColor`, `bitField`, `burden`, `combatUse`, `cooldownDuration`, `cooldownId`, `effects`, `containersCapacity`, `header`, `hookTypeId`, `iconId`, `iconOverlayId`, `iconUnderlayId`, `hookItemTypes`, `itemsCapacity`, `location`, `materialType`, `maxStackSize`, `maxStructure`, `radar`, `pscript`, `spellId`, `stackSize`, `structure`, `targetTypeId`, `usability`, `useRadius`, `validLocations`, `value`, `workmanship`, `animationFrameId`, `defaultScript`, `defaultScriptIntensity`, `elasticity`, `friction`, `locationId`, `modelTableId`, `objectScale`, `physicsBitField`, `physicsTableId`, `motionTableId`, `soundTableId`, `physicsState`, `translucency`)
VALUES (2047402449, 'House Portal', 65536, 0, 0, 0, 262164, 0, 0, 0, 0, 0, 0, 8388656, 0, 100667499, 0, 0, 0, 0, 0, 0, 0, 0, 4, 0, 0, 0, 0, 0, 32, 0.75, 0, 0, 0, 0, 0, 0, 0, 0, 0, 33554867, 0, 98307, 0, 150994947, 0, 3076, 0);

INSERT INTO `ace_object` (`baseAceObjectId`, `weenieClassId`, `landblock`, `cell`, `posX`, `posY`, `posZ`, `qW`, `qX`, `qY`, `qZ`)
VALUES (2047402449, 11730, 41102, 370, 35.618, 69.4172, 39.137, 0.9999477, 0, 0, 0.010222);

INSERT INTO `base_ace_object` (`baseAceObjectId`, `name`, `typeId`, `paletteId`, `ammoType`, `blipColor`, `bitField`, `burden`, `combatUse`, `cooldownDuration`, `cooldownId`, `effects`, `containersCapacity`, `header`, `hookTypeId`, `iconId`, `iconOverlayId`, `iconUnderlayId`, `hookItemTypes`, `itemsCapacity`, `location`, `materialType`, `maxStackSize`, `maxStructure`, `radar`, `pscript`, `spellId`, `stackSize`, `structure`, `targetTypeId`, `usability`, `useRadius`, `validLocations`, `value`, `workmanship`, `animationFrameId`, `defaultScript`, `defaultScriptIntensity`, `elasticity`, `friction`, `locationId`, `modelTableId`, `objectScale`, `physicsBitField`, `physicsTableId`, `motionTableId`, `soundTableId`, `physicsState`, `translucency`)
VALUES (2047402451, 'House Portal', 65536, 0, 0, 0, 262164, 0, 0, 0, 0, 0, 0, 8388656, 0, 100667499, 0, 0, 0, 0, 0, 0, 0, 0, 4, 0, 0, 0, 0, 0, 32, 0.75, 0, 0, 0, 0, 0, 0, 0, 0, 0, 33554867, 0, 98307, 0, 150994947, 0, 3076, 0);

INSERT INTO `ace_object` (`baseAceObjectId`, `weenieClassId`, `landblock`, `cell`, `posX`, `posY`, `posZ`, `qW`, `qX`, `qY`, `qZ`)
VALUES (2047402451, 11730, 41102, 398, 117.101, 84.6355, 21.137, -0.69301, 0, 0, 0.720928);

INSERT INTO `base_ace_object` (`baseAceObjectId`, `name`, `typeId`, `paletteId`, `ammoType`, `blipColor`, `bitField`, `burden`, `combatUse`, `cooldownDuration`, `cooldownId`, `effects`, `containersCapacity`, `header`, `hookTypeId`, `iconId`, `iconOverlayId`, `iconUnderlayId`, `hookItemTypes`, `itemsCapacity`, `location`, `materialType`, `maxStackSize`, `maxStructure`, `radar`, `pscript`, `spellId`, `stackSize`, `structure`, `targetTypeId`, `usability`, `useRadius`, `validLocations`, `value`, `workmanship`, `animationFrameId`, `defaultScript`, `defaultScriptIntensity`, `elasticity`, `friction`, `locationId`, `modelTableId`, `objectScale`, `physicsBitField`, `physicsTableId`, `motionTableId`, `soundTableId`, `physicsState`, `translucency`)
VALUES (2047402441, 'House Portal', 65536, 0, 0, 0, 262164, 0, 0, 0, 0, 0, 0, 8388656, 0, 100667499, 0, 0, 0, 0, 0, 0, 0, 0, 4, 0, 0, 0, 0, 0, 32, 0.75, 0, 0, 0, 0, 0, 0, 0, 0, 0, 33554867, 0, 98307, 0, 150994947, 0, 3076, 0);

INSERT INTO `ace_object` (`baseAceObjectId`, `weenieClassId`, `landblock`, `cell`, `posX`, `posY`, `posZ`, `qW`, `qX`, `qY`, `qZ`)
VALUES (2047402441, 11730, 41102, 426, 154.575, 130.495, 17.137, 0.3281081, 0, 0, -0.9446402);

INSERT INTO `base_ace_object` (`baseAceObjectId`, `name`, `typeId`, `paletteId`, `ammoType`, `blipColor`, `bitField`, `burden`, `combatUse`, `cooldownDuration`, `cooldownId`, `effects`, `containersCapacity`, `header`, `hookTypeId`, `iconId`, `iconOverlayId`, `iconUnderlayId`, `hookItemTypes`, `itemsCapacity`, `location`, `materialType`, `maxStackSize`, `maxStructure`, `radar`, `pscript`, `spellId`, `stackSize`, `structure`, `targetTypeId`, `usability`, `useRadius`, `validLocations`, `value`, `workmanship`, `animationFrameId`, `defaultScript`, `defaultScriptIntensity`, `elasticity`, `friction`, `locationId`, `modelTableId`, `objectScale`, `physicsBitField`, `physicsTableId`, `motionTableId`, `soundTableId`, `physicsState`, `translucency`)
VALUES (2047418825, 'House Portal', 65536, 0, 0, 0, 262164, 0, 0, 0, 0, 0, 0, 41943088, 0, 100667499, 0, 0, 0, 0, 0, 0, 0, 0, 4, 0, 0, 0, 0, 0, 32, 0.75, 0, 0, 0, 0, 0, 0, 0, 0, 0, 33554867, 0, 98307, 0, 150994947, 0, 3076, 0);

INSERT INTO `ace_object` (`baseAceObjectId`, `weenieClassId`, `landblock`, `cell`, `posX`, `posY`, `posZ`, `qW`, `qX`, `qY`, `qZ`)
VALUES (2047418825, 11730, 41106, 280, 33.5462, 34.2285, 43.137, -0.00211161, 0, 0, 0.9999978);

INSERT INTO `base_ace_object` (`baseAceObjectId`, `name`, `typeId`, `paletteId`, `ammoType`, `blipColor`, `bitField`, `burden`, `combatUse`, `cooldownDuration`, `cooldownId`, `effects`, `containersCapacity`, `header`, `hookTypeId`, `iconId`, `iconOverlayId`, `iconUnderlayId`, `hookItemTypes`, `itemsCapacity`, `location`, `materialType`, `maxStackSize`, `maxStructure`, `radar`, `pscript`, `spellId`, `stackSize`, `structure`, `targetTypeId`, `usability`, `useRadius`, `validLocations`, `value`, `workmanship`, `animationFrameId`, `defaultScript`, `defaultScriptIntensity`, `elasticity`, `friction`, `locationId`, `modelTableId`, `objectScale`, `physicsBitField`, `physicsTableId`, `motionTableId`, `soundTableId`, `physicsState`, `translucency`)
VALUES (2047418827, 'House Portal', 65536, 0, 0, 0, 262164, 0, 0, 0, 0, 0, 0, 41943088, 0, 100667499, 0, 0, 0, 0, 0, 0, 0, 0, 4, 0, 0, 0, 0, 0, 32, 0.75, 0, 0, 0, 0, 0, 0, 0, 0, 0, 33554867, 0, 98307, 0, 150994947, 0, 3076, 0);

INSERT INTO `ace_object` (`baseAceObjectId`, `weenieClassId`, `landblock`, `cell`, `posX`, `posY`, `posZ`, `qW`, `qX`, `qY`, `qZ`)
VALUES (2047418827, 11730, 41106, 311, 44.1852, 155.964, 37.137, 0.7342823, 0, 0, -0.6788442);

INSERT INTO `base_ace_object` (`baseAceObjectId`, `name`, `typeId`, `paletteId`, `ammoType`, `blipColor`, `bitField`, `burden`, `combatUse`, `cooldownDuration`, `cooldownId`, `effects`, `containersCapacity`, `header`, `hookTypeId`, `iconId`, `iconOverlayId`, `iconUnderlayId`, `hookItemTypes`, `itemsCapacity`, `location`, `materialType`, `maxStackSize`, `maxStructure`, `radar`, `pscript`, `spellId`, `stackSize`, `structure`, `targetTypeId`, `usability`, `useRadius`, `validLocations`, `value`, `workmanship`, `animationFrameId`, `defaultScript`, `defaultScriptIntensity`, `elasticity`, `friction`, `locationId`, `modelTableId`, `objectScale`, `physicsBitField`, `physicsTableId`, `motionTableId`, `soundTableId`, `physicsState`, `translucency`)
VALUES (2047418829, 'House Portal', 65536, 0, 0, 0, 262164, 0, 0, 0, 0, 0, 0, 41943088, 0, 100667499, 0, 0, 0, 0, 0, 0, 0, 0, 4, 0, 0, 0, 0, 0, 32, 0.75, 0, 0, 0, 0, 0, 0, 0, 0, 0, 33554867, 0, 98307, 0, 150994947, 0, 3076, 0);

INSERT INTO `ace_object` (`baseAceObjectId`, `weenieClassId`, `landblock`, `cell`, `posX`, `posY`, `posZ`, `qW`, `qX`, `qY`, `qZ`)
VALUES (2047418829, 11730, 41106, 339, 85.2333, 130.329, 37.137, -0.9313571, 0, 0, 0.364107);

INSERT INTO `base_ace_object` (`baseAceObjectId`, `name`, `typeId`, `paletteId`, `ammoType`, `blipColor`, `bitField`, `burden`, `combatUse`, `cooldownDuration`, `cooldownId`, `effects`, `containersCapacity`, `header`, `hookTypeId`, `iconId`, `iconOverlayId`, `iconUnderlayId`, `hookItemTypes`, `itemsCapacity`, `location`, `materialType`, `maxStackSize`, `maxStructure`, `radar`, `pscript`, `spellId`, `stackSize`, `structure`, `targetTypeId`, `usability`, `useRadius`, `validLocations`, `value`, `workmanship`, `animationFrameId`, `defaultScript`, `defaultScriptIntensity`, `elasticity`, `friction`, `locationId`, `modelTableId`, `objectScale`, `physicsBitField`, `physicsTableId`, `motionTableId`, `soundTableId`, `physicsState`, `translucency`)
VALUES (2047418831, 'House Portal', 65536, 0, 0, 0, 262164, 0, 0, 0, 0, 0, 0, 41943088, 0, 100667499, 0, 0, 0, 0, 0, 0, 0, 0, 4, 0, 0, 0, 0, 0, 32, 0.75, 0, 0, 0, 0, 0, 0, 0, 0, 0, 33554867, 0, 98307, 0, 150994947, 0, 3076, 0);

INSERT INTO `ace_object` (`baseAceObjectId`, `weenieClassId`, `landblock`, `cell`, `posX`, `posY`, `posZ`, `qW`, `qX`, `qY`, `qZ`)
VALUES (2047418831, 11730, 41106, 370, 132.534, 147.535, 35.137, 0.002538699, 0, 0, -0.9999968);

INSERT INTO `base_ace_object` (`baseAceObjectId`, `name`, `typeId`, `paletteId`, `ammoType`, `blipColor`, `bitField`, `burden`, `combatUse`, `cooldownDuration`, `cooldownId`, `effects`, `containersCapacity`, `header`, `hookTypeId`, `iconId`, `iconOverlayId`, `iconUnderlayId`, `hookItemTypes`, `itemsCapacity`, `location`, `materialType`, `maxStackSize`, `maxStructure`, `radar`, `pscript`, `spellId`, `stackSize`, `structure`, `targetTypeId`, `usability`, `useRadius`, `validLocations`, `value`, `workmanship`, `animationFrameId`, `defaultScript`, `defaultScriptIntensity`, `elasticity`, `friction`, `locationId`, `modelTableId`, `objectScale`, `physicsBitField`, `physicsTableId`, `motionTableId`, `soundTableId`, `physicsState`, `translucency`)
VALUES (2047418833, 'House Portal', 65536, 0, 0, 0, 262164, 0, 0, 0, 0, 0, 0, 41943088, 0, 100667499, 0, 0, 0, 0, 0, 0, 0, 0, 4, 0, 0, 0, 0, 0, 32, 0.75, 0, 0, 0, 0, 0, 0, 0, 0, 0, 33554867, 0, 98307, 0, 150994947, 0, 3076, 0);

INSERT INTO `ace_object` (`baseAceObjectId`, `weenieClassId`, `landblock`, `cell`, `posX`, `posY`, `posZ`, `qW`, `qX`, `qY`, `qZ`)
VALUES (2047418833, 11730, 41106, 398, 140.598, 85.1552, 25.137, -0.934902, 0, 0, 0.354906);

INSERT INTO `base_ace_object` (`baseAceObjectId`, `name`, `typeId`, `paletteId`, `ammoType`, `blipColor`, `bitField`, `burden`, `combatUse`, `cooldownDuration`, `cooldownId`, `effects`, `containersCapacity`, `header`, `hookTypeId`, `iconId`, `iconOverlayId`, `iconUnderlayId`, `hookItemTypes`, `itemsCapacity`, `location`, `materialType`, `maxStackSize`, `maxStructure`, `radar`, `pscript`, `spellId`, `stackSize`, `structure`, `targetTypeId`, `usability`, `useRadius`, `validLocations`, `value`, `workmanship`, `animationFrameId`, `defaultScript`, `defaultScriptIntensity`, `elasticity`, `friction`, `locationId`, `modelTableId`, `objectScale`, `physicsBitField`, `physicsTableId`, `motionTableId`, `soundTableId`, `physicsState`, `translucency`)
VALUES (2047418835, 'House Portal', 65536, 0, 0, 0, 262164, 0, 0, 0, 0, 0, 0, 41943088, 0, 100667499, 0, 0, 0, 0, 0, 0, 0, 0, 4, 0, 0, 0, 0, 0, 32, 0.75, 0, 0, 0, 0, 0, 0, 0, 0, 0, 33554867, 0, 98307, 0, 150994947, 0, 3076, 0);

INSERT INTO `ace_object` (`baseAceObjectId`, `weenieClassId`, `landblock`, `cell`, `posX`, `posY`, `posZ`, `qW`, `qX`, `qY`, `qZ`)
VALUES (2047418835, 11730, 41106, 426, 84.6929, 33.4039, 31.137, 0.9526497, 0, 0, -0.3040699);

INSERT INTO `base_ace_object` (`baseAceObjectId`, `name`, `typeId`, `paletteId`, `ammoType`, `blipColor`, `bitField`, `burden`, `combatUse`, `cooldownDuration`, `cooldownId`, `effects`, `containersCapacity`, `header`, `hookTypeId`, `iconId`, `iconOverlayId`, `iconUnderlayId`, `hookItemTypes`, `itemsCapacity`, `location`, `materialType`, `maxStackSize`, `maxStructure`, `radar`, `pscript`, `spellId`, `stackSize`, `structure`, `targetTypeId`, `usability`, `useRadius`, `validLocations`, `value`, `workmanship`, `animationFrameId`, `defaultScript`, `defaultScriptIntensity`, `elasticity`, `friction`, `locationId`, `modelTableId`, `objectScale`, `physicsBitField`, `physicsTableId`, `motionTableId`, `soundTableId`, `physicsState`, `translucency`)
VALUES (2051666089, 'House Portal', 65536, 0, 0, 0, 262164, 0, 0, 0, 0, 0, 0, 41943088, 0, 100667499, 0, 0, 0, 0, 0, 0, 0, 0, 4, 0, 0, 0, 0, 0, 32, 0.75, 0, 0, 0, 0, 0, 0, 0, 0, 0, 33554867, 0, 98307, 0, 150994947, 0, 3076, 0);

INSERT INTO `ace_object` (`baseAceObjectId`, `weenieClassId`, `landblock`, `cell`, `posX`, `posY`, `posZ`, `qW`, `qX`, `qY`, `qZ`)
VALUES (2051666089, 11730, 42143, 280, 153.391, 153.85, 121.137, 0.02455921, 0, 0, 0.9996984);

INSERT INTO `base_ace_object` (`baseAceObjectId`, `name`, `typeId`, `paletteId`, `ammoType`, `blipColor`, `bitField`, `burden`, `combatUse`, `cooldownDuration`, `cooldownId`, `effects`, `containersCapacity`, `header`, `hookTypeId`, `iconId`, `iconOverlayId`, `iconUnderlayId`, `hookItemTypes`, `itemsCapacity`, `location`, `materialType`, `maxStackSize`, `maxStructure`, `radar`, `pscript`, `spellId`, `stackSize`, `structure`, `targetTypeId`, `usability`, `useRadius`, `validLocations`, `value`, `workmanship`, `animationFrameId`, `defaultScript`, `defaultScriptIntensity`, `elasticity`, `friction`, `locationId`, `modelTableId`, `objectScale`, `physicsBitField`, `physicsTableId`, `motionTableId`, `soundTableId`, `physicsState`, `translucency`)
VALUES (2051666091, 'House Portal', 65536, 0, 0, 0, 262164, 0, 0, 0, 0, 0, 0, 8388656, 0, 100667499, 0, 0, 0, 0, 0, 0, 0, 0, 4, 0, 0, 0, 0, 0, 32, 0.75, 0, 0, 0, 0, 0, 0, 0, 0, 0, 33554867, 0, 98307, 0, 150994947, 0, 3076, 0);

INSERT INTO `ace_object` (`baseAceObjectId`, `weenieClassId`, `landblock`, `cell`, `posX`, `posY`, `posZ`, `qW`, `qX`, `qY`, `qZ`)
VALUES (2051666091, 11730, 42143, 311, 93.5296, 156.408, 129.137, -0.700376, 0, 0, 0.7137741);

INSERT INTO `base_ace_object` (`baseAceObjectId`, `name`, `typeId`, `paletteId`, `ammoType`, `blipColor`, `bitField`, `burden`, `combatUse`, `cooldownDuration`, `cooldownId`, `effects`, `containersCapacity`, `header`, `hookTypeId`, `iconId`, `iconOverlayId`, `iconUnderlayId`, `hookItemTypes`, `itemsCapacity`, `location`, `materialType`, `maxStackSize`, `maxStructure`, `radar`, `pscript`, `spellId`, `stackSize`, `structure`, `targetTypeId`, `usability`, `useRadius`, `validLocations`, `value`, `workmanship`, `animationFrameId`, `defaultScript`, `defaultScriptIntensity`, `elasticity`, `friction`, `locationId`, `modelTableId`, `objectScale`, `physicsBitField`, `physicsTableId`, `motionTableId`, `soundTableId`, `physicsState`, `translucency`)
VALUES (2051666093, 'House Portal', 65536, 0, 0, 0, 262164, 0, 0, 0, 0, 0, 0, 8388656, 0, 100667499, 0, 0, 0, 0, 0, 0, 0, 0, 4, 0, 0, 0, 0, 0, 32, 0.75, 0, 0, 0, 0, 0, 0, 0, 0, 0, 33554867, 0, 98307, 0, 150994947, 0, 3076, 0);

INSERT INTO `ace_object` (`baseAceObjectId`, `weenieClassId`, `landblock`, `cell`, `posX`, `posY`, `posZ`, `qW`, `qX`, `qY`, `qZ`)
VALUES (2051666093, 11730, 42143, 339, 33.7176, 153.831, 137.137, -0.06086401, 0, 0, 0.9981461);

INSERT INTO `base_ace_object` (`baseAceObjectId`, `name`, `typeId`, `paletteId`, `ammoType`, `blipColor`, `bitField`, `burden`, `combatUse`, `cooldownDuration`, `cooldownId`, `effects`, `containersCapacity`, `header`, `hookTypeId`, `iconId`, `iconOverlayId`, `iconUnderlayId`, `hookItemTypes`, `itemsCapacity`, `location`, `materialType`, `maxStackSize`, `maxStructure`, `radar`, `pscript`, `spellId`, `stackSize`, `structure`, `targetTypeId`, `usability`, `useRadius`, `validLocations`, `value`, `workmanship`, `animationFrameId`, `defaultScript`, `defaultScriptIntensity`, `elasticity`, `friction`, `locationId`, `modelTableId`, `objectScale`, `physicsBitField`, `physicsTableId`, `motionTableId`, `soundTableId`, `physicsState`, `translucency`)
VALUES (2051666095, 'House Portal', 65536, 0, 0, 0, 262164, 0, 0, 0, 0, 0, 0, 8388656, 0, 100667499, 0, 0, 0, 0, 0, 0, 0, 0, 4, 0, 0, 0, 0, 0, 32, 0.75, 0, 0, 0, 0, 0, 0, 0, 0, 0, 33554867, 0, 98307, 0, 150994947, 0, 3076, 0);

INSERT INTO `ace_object` (`baseAceObjectId`, `weenieClassId`, `landblock`, `cell`, `posX`, `posY`, `posZ`, `qW`, `qX`, `qY`, `qZ`)
VALUES (2051666095, 11730, 42143, 370, 59.7166, 45.5229, 143.137, -0.9999633, 0, 0, -0.008566163);

INSERT INTO `base_ace_object` (`baseAceObjectId`, `name`, `typeId`, `paletteId`, `ammoType`, `blipColor`, `bitField`, `burden`, `combatUse`, `cooldownDuration`, `cooldownId`, `effects`, `containersCapacity`, `header`, `hookTypeId`, `iconId`, `iconOverlayId`, `iconUnderlayId`, `hookItemTypes`, `itemsCapacity`, `location`, `materialType`, `maxStackSize`, `maxStructure`, `radar`, `pscript`, `spellId`, `stackSize`, `structure`, `targetTypeId`, `usability`, `useRadius`, `validLocations`, `value`, `workmanship`, `animationFrameId`, `defaultScript`, `defaultScriptIntensity`, `elasticity`, `friction`, `locationId`, `modelTableId`, `objectScale`, `physicsBitField`, `physicsTableId`, `motionTableId`, `soundTableId`, `physicsState`, `translucency`)
VALUES (2051666097, 'House Portal', 65536, 0, 0, 0, 262164, 0, 0, 0, 0, 0, 0, 41943088, 0, 100667499, 0, 0, 0, 0, 0, 0, 0, 0, 4, 0, 0, 0, 0, 0, 32, 0.75, 0, 0, 0, 0, 0, 0, 0, 0, 0, 33554867, 0, 98307, 0, 150994947, 0, 3076, 0);

INSERT INTO `ace_object` (`baseAceObjectId`, `weenieClassId`, `landblock`, `cell`, `posX`, `posY`, `posZ`, `qW`, `qX`, `qY`, `qZ`)
VALUES (2051666097, 11730, 42143, 398, 158.834, 38.1683, 117.137, -0.9983235, 0, 0, 0.05788097);

INSERT INTO `base_ace_object` (`baseAceObjectId`, `name`, `typeId`, `paletteId`, `ammoType`, `blipColor`, `bitField`, `burden`, `combatUse`, `cooldownDuration`, `cooldownId`, `effects`, `containersCapacity`, `header`, `hookTypeId`, `iconId`, `iconOverlayId`, `iconUnderlayId`, `hookItemTypes`, `itemsCapacity`, `location`, `materialType`, `maxStackSize`, `maxStructure`, `radar`, `pscript`, `spellId`, `stackSize`, `structure`, `targetTypeId`, `usability`, `useRadius`, `validLocations`, `value`, `workmanship`, `animationFrameId`, `defaultScript`, `defaultScriptIntensity`, `elasticity`, `friction`, `locationId`, `modelTableId`, `objectScale`, `physicsBitField`, `physicsTableId`, `motionTableId`, `soundTableId`, `physicsState`, `translucency`)
VALUES (2051666099, 'House Portal', 65536, 0, 0, 0, 262164, 0, 0, 0, 0, 0, 0, 8388656, 0, 100667499, 0, 0, 0, 0, 0, 0, 0, 0, 4, 0, 0, 0, 0, 0, 32, 0.75, 0, 0, 0, 0, 0, 0, 0, 0, 0, 33554867, 0, 98307, 0, 150994947, 0, 3076, 0);

INSERT INTO `ace_object` (`baseAceObjectId`, `weenieClassId`, `landblock`, `cell`, `posX`, `posY`, `posZ`, `qW`, `qX`, `qY`, `qZ`)
VALUES (2051666099, 11730, 42143, 429, 158.367, 86.1587, 115.137, 0.9999983, 0, 0, -0.001823841);

INSERT INTO `base_ace_object` (`baseAceObjectId`, `name`, `typeId`, `paletteId`, `ammoType`, `blipColor`, `bitField`, `burden`, `combatUse`, `cooldownDuration`, `cooldownId`, `effects`, `containersCapacity`, `header`, `hookTypeId`, `iconId`, `iconOverlayId`, `iconUnderlayId`, `hookItemTypes`, `itemsCapacity`, `location`, `materialType`, `maxStackSize`, `maxStructure`, `radar`, `pscript`, `spellId`, `stackSize`, `structure`, `targetTypeId`, `usability`, `useRadius`, `validLocations`, `value`, `workmanship`, `animationFrameId`, `defaultScript`, `defaultScriptIntensity`, `elasticity`, `friction`, `locationId`, `modelTableId`, `objectScale`, `physicsBitField`, `physicsTableId`, `motionTableId`, `soundTableId`, `physicsState`, `translucency`)
VALUES (1897062400, 'Shade Iron Mine', 65536, 0, 0, 0, 262164, 0, 0, 0, 0, 0, 0, 8388656, 0, 100667499, 0, 0, 0, 0, 0, 0, 0, 0, 4, 0, 0, 0, 0, 0, 32, -0.1, 0, 0, 0, 0, 0, 0, 0, 0, 0, 33555925, 0, 98307, 0, 150994947, 0, 3084, 0);

INSERT INTO `ace_object` (`baseAceObjectId`, `weenieClassId`, `landblock`, `cell`, `posX`, `posY`, `posZ`, `qW`, `qX`, `qY`, `qZ`)
VALUES (1897062400, 32685, 4398, 257, 180, 21, 20.737, 1, 0, 0, 0);

INSERT INTO `base_ace_object` (`baseAceObjectId`, `name`, `typeId`, `paletteId`, `ammoType`, `blipColor`, `bitField`, `burden`, `combatUse`, `cooldownDuration`, `cooldownId`, `effects`, `containersCapacity`, `header`, `hookTypeId`, `iconId`, `iconOverlayId`, `iconUnderlayId`, `hookItemTypes`, `itemsCapacity`, `location`, `materialType`, `maxStackSize`, `maxStructure`, `radar`, `pscript`, `spellId`, `stackSize`, `structure`, `targetTypeId`, `usability`, `useRadius`, `validLocations`, `value`, `workmanship`, `animationFrameId`, `defaultScript`, `defaultScriptIntensity`, `elasticity`, `friction`, `locationId`, `modelTableId`, `objectScale`, `physicsBitField`, `physicsTableId`, `motionTableId`, `soundTableId`, `physicsState`, `translucency`)
VALUES (1896038400, 'Destroyed Portal to Eastwatch', 65536, 0, 0, 0, 262164, 0, 0, 0, 0, 0, 0, 48, 0, 100667499, 0, 0, 0, 0, 0, 0, 0, 0, 0, 0, 0, 0, 0, 0, 1, -0.1, 0, 0, 0, 0, 0, 0, 0, 0, 0, 33561060, 0, 98307, 0, 150995314, 0, 3092, 0);

INSERT INTO `ace_object` (`baseAceObjectId`, `weenieClassId`, `landblock`, `cell`, `posX`, `posY`, `posZ`, `qW`, `qX`, `qY`, `qZ`)
VALUES (1896038400, 30383, 4148, 32, 84, 180, -0.20983, 0.7071068, 0, 0, -0.7071068);

INSERT INTO `base_ace_object` (`baseAceObjectId`, `name`, `typeId`, `paletteId`, `ammoType`, `blipColor`, `bitField`, `burden`, `combatUse`, `cooldownDuration`, `cooldownId`, `effects`, `containersCapacity`, `header`, `hookTypeId`, `iconId`, `iconOverlayId`, `iconUnderlayId`, `hookItemTypes`, `itemsCapacity`, `location`, `materialType`, `maxStackSize`, `maxStructure`, `radar`, `pscript`, `spellId`, `stackSize`, `structure`, `targetTypeId`, `usability`, `useRadius`, `validLocations`, `value`, `workmanship`, `animationFrameId`, `defaultScript`, `defaultScriptIntensity`, `elasticity`, `friction`, `locationId`, `modelTableId`, `objectScale`, `physicsBitField`, `physicsTableId`, `motionTableId`, `soundTableId`, `physicsState`, `translucency`)
VALUES (2875760154, 'Direlands Southwest Shore Portal', 65536, 0, 0, 0, 262164, 0, 0, 0, 0, 0, 0, 8388656, 0, 100667499, 0, 0, 0, 0, 0, 0, 0, 0, 4, 0, 0, 0, 0, 0, 32, -0.1, 0, 0, 0, 0, 0, 0, 0, 0, 0, 33555926, 0, 98307, 0, 150994947, 0, 3084, 0);

INSERT INTO `ace_object` (`baseAceObjectId`, `weenieClassId`, `landblock`, `cell`, `posX`, `posY`, `posZ`, `qW`, `qX`, `qY`, `qZ`)
VALUES (2875760154, 8384, 46093, 16, 37.4267, 189.7168, 3.556463, 0.9537169, 0, 0, -0.3007058);

INSERT INTO `base_ace_object` (`baseAceObjectId`, `name`, `typeId`, `paletteId`, `ammoType`, `blipColor`, `bitField`, `burden`, `combatUse`, `cooldownDuration`, `cooldownId`, `effects`, `containersCapacity`, `header`, `hookTypeId`, `iconId`, `iconOverlayId`, `iconUnderlayId`, `hookItemTypes`, `itemsCapacity`, `location`, `materialType`, `maxStackSize`, `maxStructure`, `radar`, `pscript`, `spellId`, `stackSize`, `structure`, `targetTypeId`, `usability`, `useRadius`, `validLocations`, `value`, `workmanship`, `animationFrameId`, `defaultScript`, `defaultScriptIntensity`, `elasticity`, `friction`, `locationId`, `modelTableId`, `objectScale`, `physicsBitField`, `physicsTableId`, `motionTableId`, `soundTableId`, `physicsState`, `translucency`)
VALUES (2065313861, 'House Portal', 65536, 0, 0, 0, 262164, 0, 0, 0, 0, 0, 0, 41943088, 0, 100667499, 0, 0, 0, 0, 0, 0, 0, 0, 4, 0, 0, 0, 0, 0, 32, 0.75, 0, 0, 0, 0, 0, 0, 0, 0, 0, 33554867, 0, 98307, 0, 150994947, 0, 3076, 0);

INSERT INTO `ace_object` (`baseAceObjectId`, `weenieClassId`, `landblock`, `cell`, `posX`, `posY`, `posZ`, `qW`, `qX`, `qY`, `qZ`)
VALUES (2065313861, 11730, 45475, 338, 43.6495, 54.9321, 57.937, -0.7110631, 0, 0, 0.7031281);

INSERT INTO `base_ace_object` (`baseAceObjectId`, `name`, `typeId`, `paletteId`, `ammoType`, `blipColor`, `bitField`, `burden`, `combatUse`, `cooldownDuration`, `cooldownId`, `effects`, `containersCapacity`, `header`, `hookTypeId`, `iconId`, `iconOverlayId`, `iconUnderlayId`, `hookItemTypes`, `itemsCapacity`, `location`, `materialType`, `maxStackSize`, `maxStructure`, `radar`, `pscript`, `spellId`, `stackSize`, `structure`, `targetTypeId`, `usability`, `useRadius`, `validLocations`, `value`, `workmanship`, `animationFrameId`, `defaultScript`, `defaultScriptIntensity`, `elasticity`, `friction`, `locationId`, `modelTableId`, `objectScale`, `physicsBitField`, `physicsTableId`, `motionTableId`, `soundTableId`, `physicsState`, `translucency`)
VALUES (2096230400, 'Lugian Excavations Portal', 65536, 0, 0, 0, 262164, 0, 0, 0, 0, 0, 0, 8388656, 0, 100667499, 0, 0, 0, 0, 0, 0, 0, 0, 4, 0, 0, 0, 0, 0, 32, -0.1, 0, 0, 0, 0, 0, 0, 0, 0, 0, 33554867, 0, 98307, 0, 150994947, 0, 3084, 0);

INSERT INTO `ace_object` (`baseAceObjectId`, `weenieClassId`, `landblock`, `cell`, `posX`, `posY`, `posZ`, `qW`, `qX`, `qY`, `qZ`)
VALUES (2096230400, 7612, 53023, 50, 161.676, 31.6362, 193.2097, 0.9888912, 0, 0, 0.148641);

INSERT INTO `base_ace_object` (`baseAceObjectId`, `name`, `typeId`, `paletteId`, `ammoType`, `blipColor`, `bitField`, `burden`, `combatUse`, `cooldownDuration`, `cooldownId`, `effects`, `containersCapacity`, `header`, `hookTypeId`, `iconId`, `iconOverlayId`, `iconUnderlayId`, `hookItemTypes`, `itemsCapacity`, `location`, `materialType`, `maxStackSize`, `maxStructure`, `radar`, `pscript`, `spellId`, `stackSize`, `structure`, `targetTypeId`, `usability`, `useRadius`, `validLocations`, `value`, `workmanship`, `animationFrameId`, `defaultScript`, `defaultScriptIntensity`, `elasticity`, `friction`, `locationId`, `modelTableId`, `objectScale`, `physicsBitField`, `physicsTableId`, `motionTableId`, `soundTableId`, `physicsState`, `translucency`)
VALUES (1882091590, 'Surface Portal', 65536, 0, 0, 0, 262164, 0, 0, 0, 0, 0, 0, 8388656, 0, 100667499, 0, 0, 0, 0, 0, 0, 0, 0, 4, 0, 0, 0, 0, 0, 32, -0.1, 0, 0, 0, 0, 0, 0, 0, 0, 0, 33554867, 0, 98307, 0, 150994947, 0, 3084, 0);

INSERT INTO `ace_object` (`baseAceObjectId`, `weenieClassId`, `landblock`, `cell`, `posX`, `posY`, `posZ`, `qW`, `qX`, `qY`, `qZ`)
VALUES (1882091590, 7613, 743, 646, 12.5, -570, 17.937, -0.7071068, 0, 0, -0.7071068);

INSERT INTO `base_ace_object` (`baseAceObjectId`, `name`, `typeId`, `paletteId`, `ammoType`, `blipColor`, `bitField`, `burden`, `combatUse`, `cooldownDuration`, `cooldownId`, `effects`, `containersCapacity`, `header`, `hookTypeId`, `iconId`, `iconOverlayId`, `iconUnderlayId`, `hookItemTypes`, `itemsCapacity`, `location`, `materialType`, `maxStackSize`, `maxStructure`, `radar`, `pscript`, `spellId`, `stackSize`, `structure`, `targetTypeId`, `usability`, `useRadius`, `validLocations`, `value`, `workmanship`, `animationFrameId`, `defaultScript`, `defaultScriptIntensity`, `elasticity`, `friction`, `locationId`, `modelTableId`, `objectScale`, `physicsBitField`, `physicsTableId`, `motionTableId`, `soundTableId`, `physicsState`, `translucency`)
VALUES (1882091589, 'Surface Portal', 65536, 0, 0, 0, 262164, 0, 0, 0, 0, 0, 0, 8388656, 0, 100667499, 0, 0, 0, 0, 0, 0, 0, 0, 4, 0, 0, 0, 0, 0, 32, -0.1, 0, 0, 0, 0, 0, 0, 0, 0, 0, 33554867, 0, 98307, 0, 150994947, 0, 3084, 0);

INSERT INTO `ace_object` (`baseAceObjectId`, `weenieClassId`, `landblock`, `cell`, `posX`, `posY`, `posZ`, `qW`, `qX`, `qY`, `qZ`)
VALUES (1882091589, 7613, 743, 642, 510, -10, 11.937, 1, 0, 0, 0);

INSERT INTO `base_ace_object` (`baseAceObjectId`, `name`, `typeId`, `paletteId`, `ammoType`, `blipColor`, `bitField`, `burden`, `combatUse`, `cooldownDuration`, `cooldownId`, `effects`, `containersCapacity`, `header`, `hookTypeId`, `iconId`, `iconOverlayId`, `iconUnderlayId`, `hookItemTypes`, `itemsCapacity`, `location`, `materialType`, `maxStackSize`, `maxStructure`, `radar`, `pscript`, `spellId`, `stackSize`, `structure`, `targetTypeId`, `usability`, `useRadius`, `validLocations`, `value`, `workmanship`, `animationFrameId`, `defaultScript`, `defaultScriptIntensity`, `elasticity`, `friction`, `locationId`, `modelTableId`, `objectScale`, `physicsBitField`, `physicsTableId`, `motionTableId`, `soundTableId`, `physicsState`, `translucency`)
VALUES (2035093504, 'Mattekar Cave', 65536, 0, 0, 0, 262164, 0, 0, 0, 0, 0, 0, 8388656, 0, 100667499, 0, 0, 0, 0, 0, 0, 0, 0, 4, 0, 0, 0, 0, 0, 32, -0.1, 0, 0, 0, 0, 0, 0, 0, 0, 0, 33554867, 0, 98307, 0, 150994947, 0, 3084, 0);

INSERT INTO `ace_object` (`baseAceObjectId`, `weenieClassId`, `landblock`, `cell`, `posX`, `posY`, `posZ`, `qW`, `qX`, `qY`, `qZ`)
VALUES (2035093504, 4910, 38097, 256, 44.491, 52.316, 210.743, -0.9396927, 0, 0, -0.3420199);

INSERT INTO `base_ace_object` (`baseAceObjectId`, `name`, `typeId`, `paletteId`, `ammoType`, `blipColor`, `bitField`, `burden`, `combatUse`, `cooldownDuration`, `cooldownId`, `effects`, `containersCapacity`, `header`, `hookTypeId`, `iconId`, `iconOverlayId`, `iconUnderlayId`, `hookItemTypes`, `itemsCapacity`, `location`, `materialType`, `maxStackSize`, `maxStructure`, `radar`, `pscript`, `spellId`, `stackSize`, `structure`, `targetTypeId`, `usability`, `useRadius`, `validLocations`, `value`, `workmanship`, `animationFrameId`, `defaultScript`, `defaultScriptIntensity`, `elasticity`, `friction`, `locationId`, `modelTableId`, `objectScale`, `physicsBitField`, `physicsTableId`, `motionTableId`, `soundTableId`, `physicsState`, `translucency`)
VALUES (2034053120, 'Empyrean Workshop', 65536, 0, 0, 0, 262164, 0, 0, 0, 0, 0, 0, 8388656, 0, 100667499, 0, 0, 0, 0, 0, 0, 0, 0, 4, 0, 0, 0, 0, 0, 32, -0.1, 0, 0, 0, 0, 0, 0, 0, 0, 0, 33555925, 0, 98307, 0, 150994947, 0, 3084, 0);

INSERT INTO `ace_object` (`baseAceObjectId`, `weenieClassId`, `landblock`, `cell`, `posX`, `posY`, `posZ`, `qW`, `qX`, `qY`, `qZ`)
VALUES (2034053120, 32655, 37843, 17, 57.2299, 7.12081, 392.355, -0.4745199, 0, 0, -0.8802448);

INSERT INTO `base_ace_object` (`baseAceObjectId`, `name`, `typeId`, `paletteId`, `ammoType`, `blipColor`, `bitField`, `burden`, `combatUse`, `cooldownDuration`, `cooldownId`, `effects`, `containersCapacity`, `header`, `hookTypeId`, `iconId`, `iconOverlayId`, `iconUnderlayId`, `hookItemTypes`, `itemsCapacity`, `location`, `materialType`, `maxStackSize`, `maxStructure`, `radar`, `pscript`, `spellId`, `stackSize`, `structure`, `targetTypeId`, `usability`, `useRadius`, `validLocations`, `value`, `workmanship`, `animationFrameId`, `defaultScript`, `defaultScriptIntensity`, `elasticity`, `friction`, `locationId`, `modelTableId`, `objectScale`, `physicsBitField`, `physicsTableId`, `motionTableId`, `soundTableId`, `physicsState`, `translucency`)
VALUES (1996210176, 'Olthoi Horde Nest', 65536, 0, 0, 0, 262164, 0, 0, 0, 0, 0, 0, 8388656, 0, 100667499, 0, 0, 0, 0, 0, 0, 0, 0, 4, 0, 0, 0, 0, 0, 32, -0.1, 0, 0, 0, 0, 0, 0, 0, 0, 0, 33555923, 0, 98307, 0, 150994947, 0, 3084, 0);

INSERT INTO `ace_object` (`baseAceObjectId`, `weenieClassId`, `landblock`, `cell`, `posX`, `posY`, `posZ`, `qW`, `qX`, `qY`, `qZ`)
VALUES (1996210176, 7256, 28604, 21, 49.5967, 108.514, 98.89417, 0.3531129, 0, 0, 0.9355807);

INSERT INTO `base_ace_object` (`baseAceObjectId`, `name`, `typeId`, `paletteId`, `ammoType`, `blipColor`, `bitField`, `burden`, `combatUse`, `cooldownDuration`, `cooldownId`, `effects`, `containersCapacity`, `header`, `hookTypeId`, `iconId`, `iconOverlayId`, `iconUnderlayId`, `hookItemTypes`, `itemsCapacity`, `location`, `materialType`, `maxStackSize`, `maxStructure`, `radar`, `pscript`, `spellId`, `stackSize`, `structure`, `targetTypeId`, `usability`, `useRadius`, `validLocations`, `value`, `workmanship`, `animationFrameId`, `defaultScript`, `defaultScriptIntensity`, `elasticity`, `friction`, `locationId`, `modelTableId`, `objectScale`, `physicsBitField`, `physicsTableId`, `motionTableId`, `soundTableId`, `physicsState`, `translucency`)
VALUES (1882177989, 'Surface Portal', 65536, 0, 0, 0, 262164, 0, 0, 0, 0, 0, 0, 8388656, 0, 100667499, 0, 0, 0, 0, 0, 0, 0, 0, 4, 0, 0, 0, 0, 0, 32, -0.1, 0, 0, 0, 0, 0, 0, 0, 0, 0, 33554867, 0, 98307, 0, 150994947, 0, 3084, 0);

INSERT INTO `ace_object` (`baseAceObjectId`, `weenieClassId`, `landblock`, `cell`, `posX`, `posY`, `posZ`, `qW`, `qX`, `qY`, `qZ`)
VALUES (1882177989, 7257, 764, 974, 110, -650, -0.06299996, 1, 0, 0, -4.37114E-08);

INSERT INTO `base_ace_object` (`baseAceObjectId`, `name`, `typeId`, `paletteId`, `ammoType`, `blipColor`, `bitField`, `burden`, `combatUse`, `cooldownDuration`, `cooldownId`, `effects`, `containersCapacity`, `header`, `hookTypeId`, `iconId`, `iconOverlayId`, `iconUnderlayId`, `hookItemTypes`, `itemsCapacity`, `location`, `materialType`, `maxStackSize`, `maxStructure`, `radar`, `pscript`, `spellId`, `stackSize`, `structure`, `targetTypeId`, `usability`, `useRadius`, `validLocations`, `value`, `workmanship`, `animationFrameId`, `defaultScript`, `defaultScriptIntensity`, `elasticity`, `friction`, `locationId`, `modelTableId`, `objectScale`, `physicsBitField`, `physicsTableId`, `motionTableId`, `soundTableId`, `physicsState`, `translucency`)
VALUES (1882177844, 'Surface Portal', 65536, 0, 0, 0, 262164, 0, 0, 0, 0, 0, 0, 8388656, 0, 100667499, 0, 0, 0, 0, 0, 0, 0, 0, 4, 0, 0, 0, 0, 0, 32, -0.1, 0, 0, 0, 0, 0, 0, 0, 0, 0, 33554867, 0, 98307, 0, 150994947, 0, 3084, 0);

INSERT INTO `ace_object` (`baseAceObjectId`, `weenieClassId`, `landblock`, `cell`, `posX`, `posY`, `posZ`, `qW`, `qX`, `qY`, `qZ`)
VALUES (1882177844, 7257, 764, 257, 80, -30, -24.063, -0.7071068, 0, 0, -0.7071068);

INSERT INTO `base_ace_object` (`baseAceObjectId`, `name`, `typeId`, `paletteId`, `ammoType`, `blipColor`, `bitField`, `burden`, `combatUse`, `cooldownDuration`, `cooldownId`, `effects`, `containersCapacity`, `header`, `hookTypeId`, `iconId`, `iconOverlayId`, `iconUnderlayId`, `hookItemTypes`, `itemsCapacity`, `location`, `materialType`, `maxStackSize`, `maxStructure`, `radar`, `pscript`, `spellId`, `stackSize`, `structure`, `targetTypeId`, `usability`, `useRadius`, `validLocations`, `value`, `workmanship`, `animationFrameId`, `defaultScript`, `defaultScriptIntensity`, `elasticity`, `friction`, `locationId`, `modelTableId`, `objectScale`, `physicsBitField`, `physicsTableId`, `motionTableId`, `soundTableId`, `physicsState`, `translucency`)
VALUES (1882178015, 'Deeper Catacombs', 65536, 0, 0, 0, 262164, 0, 0, 0, 0, 0, 0, 8388656, 0, 100667499, 0, 0, 0, 0, 0, 0, 0, 0, 4, 0, 0, 0, 0, 0, 32, -0.1, 0, 0, 0, 0, 0, 0, 0, 0, 0, 33554867, 0, 98307, 0, 150994947, 0, 3084, 0);

INSERT INTO `ace_object` (`baseAceObjectId`, `weenieClassId`, `landblock`, `cell`, `posX`, `posY`, `posZ`, `qW`, `qX`, `qY`, `qZ`)
VALUES (1882178015, 24231, 764, 271, 90, -40, -24.063, 1, 0, 0, 0);

INSERT INTO `base_ace_object` (`baseAceObjectId`, `name`, `typeId`, `paletteId`, `ammoType`, `blipColor`, `bitField`, `burden`, `combatUse`, `cooldownDuration`, `cooldownId`, `effects`, `containersCapacity`, `header`, `hookTypeId`, `iconId`, `iconOverlayId`, `iconUnderlayId`, `hookItemTypes`, `itemsCapacity`, `location`, `materialType`, `maxStackSize`, `maxStructure`, `radar`, `pscript`, `spellId`, `stackSize`, `structure`, `targetTypeId`, `usability`, `useRadius`, `validLocations`, `value`, `workmanship`, `animationFrameId`, `defaultScript`, `defaultScriptIntensity`, `elasticity`, `friction`, `locationId`, `modelTableId`, `objectScale`, `physicsBitField`, `physicsTableId`, `motionTableId`, `soundTableId`, `physicsState`, `translucency`)
VALUES (1970597888, 'Catacombs of Opposition', 65536, 0, 0, 0, 262164, 0, 0, 0, 0, 0, 0, 8388656, 0, 100667499, 0, 0, 0, 0, 0, 0, 0, 0, 4, 0, 0, 0, 0, 0, 32, -0.1, 0, 0, 0, 0, 0, 0, 0, 0, 0, 33554867, 0, 98307, 0, 150994947, 0, 3084, 0);

INSERT INTO `ace_object` (`baseAceObjectId`, `weenieClassId`, `landblock`, `cell`, `posX`, `posY`, `posZ`, `qW`, `qX`, `qY`, `qZ`)
VALUES (1970597888, 24227, 22351, 263, 10, -10, -30.063, 0.9747942, 0, 0, 0.223106);

INSERT INTO `base_ace_object` (`baseAceObjectId`, `name`, `typeId`, `paletteId`, `ammoType`, `blipColor`, `bitField`, `burden`, `combatUse`, `cooldownDuration`, `cooldownId`, `effects`, `containersCapacity`, `header`, `hookTypeId`, `iconId`, `iconOverlayId`, `iconUnderlayId`, `hookItemTypes`, `itemsCapacity`, `location`, `materialType`, `maxStackSize`, `maxStructure`, `radar`, `pscript`, `spellId`, `stackSize`, `structure`, `targetTypeId`, `usability`, `useRadius`, `validLocations`, `value`, `workmanship`, `animationFrameId`, `defaultScript`, `defaultScriptIntensity`, `elasticity`, `friction`, `locationId`, `modelTableId`, `objectScale`, `physicsBitField`, `physicsTableId`, `motionTableId`, `soundTableId`, `physicsState`, `translucency`)
VALUES (1880285190, 'Sawato Portal', 65536, 0, 0, 0, 262164, 0, 0, 0, 0, 0, 0, 8388656, 0, 100667499, 0, 0, 0, 0, 0, 0, 0, 0, 4, 0, 0, 0, 0, 0, 32, -0.1, 0, 0, 0, 0, 0, 0, 0, 0, 0, 33554867, 0, 98307, 0, 150994947, 0, 3084, 0);

INSERT INTO `ace_object` (`baseAceObjectId`, `weenieClassId`, `landblock`, `cell`, `posX`, `posY`, `posZ`, `qW`, `qX`, `qY`, `qZ`)
VALUES (1880285190, 42849, 302, 294, 30, -63.132, 5.937, 0, 0, 0, -1);

INSERT INTO `base_ace_object` (`baseAceObjectId`, `name`, `typeId`, `paletteId`, `ammoType`, `blipColor`, `bitField`, `burden`, `combatUse`, `cooldownDuration`, `cooldownId`, `effects`, `containersCapacity`, `header`, `hookTypeId`, `iconId`, `iconOverlayId`, `iconUnderlayId`, `hookItemTypes`, `itemsCapacity`, `location`, `materialType`, `maxStackSize`, `maxStructure`, `radar`, `pscript`, `spellId`, `stackSize`, `structure`, `targetTypeId`, `usability`, `useRadius`, `validLocations`, `value`, `workmanship`, `animationFrameId`, `defaultScript`, `defaultScriptIntensity`, `elasticity`, `friction`, `locationId`, `modelTableId`, `objectScale`, `physicsBitField`, `physicsTableId`, `motionTableId`, `soundTableId`, `physicsState`, `translucency`)
VALUES (1880227846, 'Baishi Portal', 65536, 0, 0, 0, 262164, 0, 0, 0, 0, 0, 0, 8388656, 0, 100667499, 0, 0, 0, 0, 0, 0, 0, 0, 4, 0, 0, 0, 0, 0, 32, -0.1, 0, 0, 0, 0, 0, 0, 0, 0, 0, 33554867, 0, 98307, 0, 150994947, 0, 3084, 0);

INSERT INTO `ace_object` (`baseAceObjectId`, `weenieClassId`, `landblock`, `cell`, `posX`, `posY`, `posZ`, `qW`, `qX`, `qY`, `qZ`)
VALUES (1880227846, 42845, 288, 294, 30, -63.132, 5.937, 0, 0, 0, -1);

INSERT INTO `base_ace_object` (`baseAceObjectId`, `name`, `typeId`, `paletteId`, `ammoType`, `blipColor`, `bitField`, `burden`, `combatUse`, `cooldownDuration`, `cooldownId`, `effects`, `containersCapacity`, `header`, `hookTypeId`, `iconId`, `iconOverlayId`, `iconUnderlayId`, `hookItemTypes`, `itemsCapacity`, `location`, `materialType`, `maxStackSize`, `maxStructure`, `radar`, `pscript`, `spellId`, `stackSize`, `structure`, `targetTypeId`, `usability`, `useRadius`, `validLocations`, `value`, `workmanship`, `animationFrameId`, `defaultScript`, `defaultScriptIntensity`, `elasticity`, `friction`, `locationId`, `modelTableId`, `objectScale`, `physicsBitField`, `physicsTableId`, `motionTableId`, `soundTableId`, `physicsState`, `translucency`)
VALUES (1880596494, 'Exit to Surface', 65536, 0, 0, 0, 262164, 0, 0, 0, 0, 0, 0, 8388656, 0, 100667499, 0, 0, 0, 0, 0, 0, 0, 0, 4, 0, 0, 0, 0, 0, 32, -0.1, 0, 0, 0, 0, 0, 0, 0, 0, 0, 33554867, 0, 98307, 0, 150994947, 0, 3084, 0);

INSERT INTO `ace_object` (`baseAceObjectId`, `weenieClassId`, `landblock`, `cell`, `posX`, `posY`, `posZ`, `qW`, `qX`, `qY`, `qZ`)
VALUES (1880596494, 28268, 378, 310, 27.7134, 2.32506, -0.06299996, 0.4352321, 0, 0, -0.9003183);

INSERT INTO `base_ace_object` (`baseAceObjectId`, `name`, `typeId`, `paletteId`, `ammoType`, `blipColor`, `bitField`, `burden`, `combatUse`, `cooldownDuration`, `cooldownId`, `effects`, `containersCapacity`, `header`, `hookTypeId`, `iconId`, `iconOverlayId`, `iconUnderlayId`, `hookItemTypes`, `itemsCapacity`, `location`, `materialType`, `maxStackSize`, `maxStructure`, `radar`, `pscript`, `spellId`, `stackSize`, `structure`, `targetTypeId`, `usability`, `useRadius`, `validLocations`, `value`, `workmanship`, `animationFrameId`, `defaultScript`, `defaultScriptIntensity`, `elasticity`, `friction`, `locationId`, `modelTableId`, `objectScale`, `physicsBitField`, `physicsTableId`, `motionTableId`, `soundTableId`, `physicsState`, `translucency`)
VALUES (1880596507, 'Destroyed Portal to Shoushi', 65536, 0, 0, 0, 262164, 0, 0, 0, 0, 0, 0, 48, 0, 100667499, 0, 0, 0, 0, 0, 0, 0, 0, 0, 0, 0, 0, 0, 0, 1, -0.1, 0, 0, 0, 0, 0, 0, 0, 0, 0, 33561060, 0, 98307, 0, 150995314, 0, 3092, 0);

INSERT INTO `ace_object` (`baseAceObjectId`, `weenieClassId`, `landblock`, `cell`, `posX`, `posY`, `posZ`, `qW`, `qX`, `qY`, `qZ`)
VALUES (1880596507, 1027, 378, 321, 40.4187, -72.7245, -0.20983, -0.002598039, 0, 0, -0.9999966);

INSERT INTO `base_ace_object` (`baseAceObjectId`, `name`, `typeId`, `paletteId`, `ammoType`, `blipColor`, `bitField`, `burden`, `combatUse`, `cooldownDuration`, `cooldownId`, `effects`, `containersCapacity`, `header`, `hookTypeId`, `iconId`, `iconOverlayId`, `iconUnderlayId`, `hookItemTypes`, `itemsCapacity`, `location`, `materialType`, `maxStackSize`, `maxStructure`, `radar`, `pscript`, `spellId`, `stackSize`, `structure`, `targetTypeId`, `usability`, `useRadius`, `validLocations`, `value`, `workmanship`, `animationFrameId`, `defaultScript`, `defaultScriptIntensity`, `elasticity`, `friction`, `locationId`, `modelTableId`, `objectScale`, `physicsBitField`, `physicsTableId`, `motionTableId`, `soundTableId`, `physicsState`, `translucency`)
VALUES (1880846336, 'Surface', 65536, 0, 0, 0, 262164, 0, 0, 0, 0, 0, 0, 8388656, 0, 100667499, 0, 0, 0, 0, 0, 0, 0, 0, 4, 0, 0, 0, 0, 0, 32, -0.1, 0, 0, 0, 0, 0, 0, 0, 0, 0, 33554867, 0, 98307, 0, 150994947, 0, 3084, 0);

INSERT INTO `ace_object` (`baseAceObjectId`, `weenieClassId`, `landblock`, `cell`, `posX`, `posY`, `posZ`, `qW`, `qX`, `qY`, `qZ`)
VALUES (1880846336, 4146, 439, 428, 10, 0, -0.06299996, -4.37114E-08, 0, 0, -1);

INSERT INTO `base_ace_object` (`baseAceObjectId`, `name`, `typeId`, `paletteId`, `ammoType`, `blipColor`, `bitField`, `burden`, `combatUse`, `cooldownDuration`, `cooldownId`, `effects`, `containersCapacity`, `header`, `hookTypeId`, `iconId`, `iconOverlayId`, `iconUnderlayId`, `hookItemTypes`, `itemsCapacity`, `location`, `materialType`, `maxStackSize`, `maxStructure`, `radar`, `pscript`, `spellId`, `stackSize`, `structure`, `targetTypeId`, `usability`, `useRadius`, `validLocations`, `value`, `workmanship`, `animationFrameId`, `defaultScript`, `defaultScriptIntensity`, `elasticity`, `friction`, `locationId`, `modelTableId`, `objectScale`, `physicsBitField`, `physicsTableId`, `motionTableId`, `soundTableId`, `physicsState`, `translucency`)
VALUES (2093342720, 'A Mosswart Nest', 65536, 0, 0, 0, 262164, 0, 0, 0, 0, 0, 0, 8388656, 0, 100667499, 0, 0, 0, 0, 0, 0, 0, 0, 4, 0, 0, 0, 0, 0, 32, -0.1, 0, 0, 0, 0, 0, 0, 0, 0, 0, 33554867, 0, 98307, 0, 150994947, 0, 3084, 0);

INSERT INTO `ace_object` (`baseAceObjectId`, `weenieClassId`, `landblock`, `cell`, `posX`, `posY`, `posZ`, `qW`, `qX`, `qY`, `qZ`)
VALUES (2093342720, 1333, 52318, 33, 112.6, 1.87, 13.937, -0.8987941, 0, 0, -0.4383711);

INSERT INTO `base_ace_object` (`baseAceObjectId`, `name`, `typeId`, `paletteId`, `ammoType`, `blipColor`, `bitField`, `burden`, `combatUse`, `cooldownDuration`, `cooldownId`, `effects`, `containersCapacity`, `header`, `hookTypeId`, `iconId`, `iconOverlayId`, `iconUnderlayId`, `hookItemTypes`, `itemsCapacity`, `location`, `materialType`, `maxStackSize`, `maxStructure`, `radar`, `pscript`, `spellId`, `stackSize`, `structure`, `targetTypeId`, `usability`, `useRadius`, `validLocations`, `value`, `workmanship`, `animationFrameId`, `defaultScript`, `defaultScriptIntensity`, `elasticity`, `friction`, `locationId`, `modelTableId`, `objectScale`, `physicsBitField`, `physicsTableId`, `motionTableId`, `soundTableId`, `physicsState`, `translucency`)
VALUES (2036441088, 'Lugian Outpost', 65536, 0, 0, 0, 262164, 0, 0, 0, 0, 0, 0, 8388656, 0, 100667499, 0, 0, 0, 0, 0, 0, 0, 0, 4, 0, 0, 0, 0, 0, 32, -0.1, 0, 0, 0, 0, 0, 0, 0, 0, 0, 33554867, 0, 98307, 0, 150994947, 0, 3084, 0);

INSERT INTO `ace_object` (`baseAceObjectId`, `weenieClassId`, `landblock`, `cell`, `posX`, `posY`, `posZ`, `qW`, `qX`, `qY`, `qZ`)
VALUES (2036441088, 1590, 38426, 6, 17.9367, 131.442, 277.937, -4.37114E-08, 0, 0, -1);

INSERT INTO `base_ace_object` (`baseAceObjectId`, `name`, `typeId`, `paletteId`, `ammoType`, `blipColor`, `bitField`, `burden`, `combatUse`, `cooldownDuration`, `cooldownId`, `effects`, `containersCapacity`, `header`, `hookTypeId`, `iconId`, `iconOverlayId`, `iconUnderlayId`, `hookItemTypes`, `itemsCapacity`, `location`, `materialType`, `maxStackSize`, `maxStructure`, `radar`, `pscript`, `spellId`, `stackSize`, `structure`, `targetTypeId`, `usability`, `useRadius`, `validLocations`, `value`, `workmanship`, `animationFrameId`, `defaultScript`, `defaultScriptIntensity`, `elasticity`, `friction`, `locationId`, `modelTableId`, `objectScale`, `physicsBitField`, `physicsTableId`, `motionTableId`, `soundTableId`, `physicsState`, `translucency`)
VALUES (2034339922, 'House Portal', 65536, 0, 0, 0, 262164, 0, 0, 0, 0, 0, 0, 8388656, 0, 100667499, 0, 0, 0, 0, 0, 0, 0, 0, 4, 0, 0, 0, 0, 0, 32, 0.75, 0, 0, 0, 0, 0, 0, 0, 0, 0, 33554867, 0, 98307, 0, 150994947, 0, 3076, 0);

INSERT INTO `ace_object` (`baseAceObjectId`, `weenieClassId`, `landblock`, `cell`, `posX`, `posY`, `posZ`, `qW`, `qX`, `qY`, `qZ`)
VALUES (2034339922, 11730, 37913, 280, 134.843, 34.077, 335.137, -0.7317669, 0, 0, 0.6815549);

INSERT INTO `base_ace_object` (`baseAceObjectId`, `name`, `typeId`, `paletteId`, `ammoType`, `blipColor`, `bitField`, `burden`, `combatUse`, `cooldownDuration`, `cooldownId`, `effects`, `containersCapacity`, `header`, `hookTypeId`, `iconId`, `iconOverlayId`, `iconUnderlayId`, `hookItemTypes`, `itemsCapacity`, `location`, `materialType`, `maxStackSize`, `maxStructure`, `radar`, `pscript`, `spellId`, `stackSize`, `structure`, `targetTypeId`, `usability`, `useRadius`, `validLocations`, `value`, `workmanship`, `animationFrameId`, `defaultScript`, `defaultScriptIntensity`, `elasticity`, `friction`, `locationId`, `modelTableId`, `objectScale`, `physicsBitField`, `physicsTableId`, `motionTableId`, `soundTableId`, `physicsState`, `translucency`)
VALUES (2034339926, 'House Portal', 65536, 0, 0, 0, 262164, 0, 0, 0, 0, 0, 0, 41943088, 0, 100667499, 0, 0, 0, 0, 0, 0, 0, 0, 4, 0, 0, 0, 0, 0, 32, 0.75, 0, 0, 0, 0, 0, 0, 0, 0, 0, 33554867, 0, 98307, 0, 150994947, 0, 3076, 0);

INSERT INTO `ace_object` (`baseAceObjectId`, `weenieClassId`, `landblock`, `cell`, `posX`, `posY`, `posZ`, `qW`, `qX`, `qY`, `qZ`)
VALUES (2034339926, 11730, 37913, 311, 69.5107, 133.043, 277.137, 0.6913812, 0, 0, -0.7224902);

INSERT INTO `base_ace_object` (`baseAceObjectId`, `name`, `typeId`, `paletteId`, `ammoType`, `blipColor`, `bitField`, `burden`, `combatUse`, `cooldownDuration`, `cooldownId`, `effects`, `containersCapacity`, `header`, `hookTypeId`, `iconId`, `iconOverlayId`, `iconUnderlayId`, `hookItemTypes`, `itemsCapacity`, `location`, `materialType`, `maxStackSize`, `maxStructure`, `radar`, `pscript`, `spellId`, `stackSize`, `structure`, `targetTypeId`, `usability`, `useRadius`, `validLocations`, `value`, `workmanship`, `animationFrameId`, `defaultScript`, `defaultScriptIntensity`, `elasticity`, `friction`, `locationId`, `modelTableId`, `objectScale`, `physicsBitField`, `physicsTableId`, `motionTableId`, `soundTableId`, `physicsState`, `translucency`)
VALUES (2034339924, 'House Portal', 65536, 0, 0, 0, 262164, 0, 0, 0, 0, 0, 0, 41943088, 0, 100667499, 0, 0, 0, 0, 0, 0, 0, 0, 4, 0, 0, 0, 0, 0, 32, 0.75, 0, 0, 0, 0, 0, 0, 0, 0, 0, 33554867, 0, 98307, 0, 150994947, 0, 3076, 0);

INSERT INTO `ace_object` (`baseAceObjectId`, `weenieClassId`, `landblock`, `cell`, `posX`, `posY`, `posZ`, `qW`, `qX`, `qY`, `qZ`)
VALUES (2034339924, 11730, 37913, 339, 70.223, 36.1011, 323.137, -0.7302877, 0, 0, 0.6831397);

INSERT INTO `base_ace_object` (`baseAceObjectId`, `name`, `typeId`, `paletteId`, `ammoType`, `blipColor`, `bitField`, `burden`, `combatUse`, `cooldownDuration`, `cooldownId`, `effects`, `containersCapacity`, `header`, `hookTypeId`, `iconId`, `iconOverlayId`, `iconUnderlayId`, `hookItemTypes`, `itemsCapacity`, `location`, `materialType`, `maxStackSize`, `maxStructure`, `radar`, `pscript`, `spellId`, `stackSize`, `structure`, `targetTypeId`, `usability`, `useRadius`, `validLocations`, `value`, `workmanship`, `animationFrameId`, `defaultScript`, `defaultScriptIntensity`, `elasticity`, `friction`, `locationId`, `modelTableId`, `objectScale`, `physicsBitField`, `physicsTableId`, `motionTableId`, `soundTableId`, `physicsState`, `translucency`)
VALUES (2103087169, 'House Portal', 65536, 0, 0, 0, 262164, 0, 0, 0, 0, 0, 0, 41943088, 0, 100667499, 0, 0, 0, 0, 0, 0, 0, 0, 4, 0, 0, 0, 0, 0, 32, 0.75, 0, 0, 0, 0, 0, 0, 0, 0, 0, 33554867, 0, 98307, 0, 150994947, 0, 3076, 0);

INSERT INTO `ace_object` (`baseAceObjectId`, `weenieClassId`, `landblock`, `cell`, `posX`, `posY`, `posZ`, `qW`, `qX`, `qY`, `qZ`)
VALUES (2103087169, 11730, 54697, 338, 138.741, 150.872, -2.062999, 0.7006788, 0, 0, -0.7134768);

INSERT INTO `base_ace_object` (`baseAceObjectId`, `name`, `typeId`, `paletteId`, `ammoType`, `blipColor`, `bitField`, `burden`, `combatUse`, `cooldownDuration`, `cooldownId`, `effects`, `containersCapacity`, `header`, `hookTypeId`, `iconId`, `iconOverlayId`, `iconUnderlayId`, `hookItemTypes`, `itemsCapacity`, `location`, `materialType`, `maxStackSize`, `maxStructure`, `radar`, `pscript`, `spellId`, `stackSize`, `structure`, `targetTypeId`, `usability`, `useRadius`, `validLocations`, `value`, `workmanship`, `animationFrameId`, `defaultScript`, `defaultScriptIntensity`, `elasticity`, `friction`, `locationId`, `modelTableId`, `objectScale`, `physicsBitField`, `physicsTableId`, `motionTableId`, `soundTableId`, `physicsState`, `translucency`)
VALUES (1881841725, 'Surface Portal', 65536, 0, 0, 0, 262164, 0, 0, 0, 0, 0, 0, 8388656, 0, 100667499, 0, 0, 0, 0, 0, 0, 0, 0, 4, 0, 0, 0, 0, 0, 32, -0.1, 0, 0, 0, 0, 0, 0, 0, 0, 0, 33554867, 0, 98307, 0, 150994947, 0, 3084, 0);

INSERT INTO `ace_object` (`baseAceObjectId`, `weenieClassId`, `landblock`, `cell`, `posX`, `posY`, `posZ`, `qW`, `qX`, `qY`, `qZ`)
VALUES (1881841725, 9004, 682, 561, 50, -520, 29.937, 1, 0, 0, 0);

INSERT INTO `base_ace_object` (`baseAceObjectId`, `name`, `typeId`, `paletteId`, `ammoType`, `blipColor`, `bitField`, `burden`, `combatUse`, `cooldownDuration`, `cooldownId`, `effects`, `containersCapacity`, `header`, `hookTypeId`, `iconId`, `iconOverlayId`, `iconUnderlayId`, `hookItemTypes`, `itemsCapacity`, `location`, `materialType`, `maxStackSize`, `maxStructure`, `radar`, `pscript`, `spellId`, `stackSize`, `structure`, `targetTypeId`, `usability`, `useRadius`, `validLocations`, `value`, `workmanship`, `animationFrameId`, `defaultScript`, `defaultScriptIntensity`, `elasticity`, `friction`, `locationId`, `modelTableId`, `objectScale`, `physicsBitField`, `physicsTableId`, `motionTableId`, `soundTableId`, `physicsState`, `translucency`)
VALUES (1881841670, 'Surface Portal', 65536, 0, 0, 0, 262164, 0, 0, 0, 0, 0, 0, 8388656, 0, 100667499, 0, 0, 0, 0, 0, 0, 0, 0, 4, 0, 0, 0, 0, 0, 32, -0.1, 0, 0, 0, 0, 0, 0, 0, 0, 0, 33554867, 0, 98307, 0, 150994947, 0, 3084, 0);

INSERT INTO `ace_object` (`baseAceObjectId`, `weenieClassId`, `landblock`, `cell`, `posX`, `posY`, `posZ`, `qW`, `qX`, `qY`, `qZ`)
VALUES (1881841670, 9004, 682, 296, 260, -0.002139, -0.06299996, 1, 0, 0, 0);

INSERT INTO `base_ace_object` (`baseAceObjectId`, `name`, `typeId`, `paletteId`, `ammoType`, `blipColor`, `bitField`, `burden`, `combatUse`, `cooldownDuration`, `cooldownId`, `effects`, `containersCapacity`, `header`, `hookTypeId`, `iconId`, `iconOverlayId`, `iconUnderlayId`, `hookItemTypes`, `itemsCapacity`, `location`, `materialType`, `maxStackSize`, `maxStructure`, `radar`, `pscript`, `spellId`, `stackSize`, `structure`, `targetTypeId`, `usability`, `useRadius`, `validLocations`, `value`, `workmanship`, `animationFrameId`, `defaultScript`, `defaultScriptIntensity`, `elasticity`, `friction`, `locationId`, `modelTableId`, `objectScale`, `physicsBitField`, `physicsTableId`, `motionTableId`, `soundTableId`, `physicsState`, `translucency`)
VALUES (1881841669, 'Bandit Castle Portal', 65536, 0, 0, 0, 262164, 0, 0, 0, 0, 0, 0, 8388656, 0, 100667499, 0, 0, 0, 0, 0, 0, 0, 0, 4, 0, 0, 0, 0, 0, 32, -0.1, 0, 0, 0, 0, 0, 0, 0, 0, 0, 33554867, 0, 98307, 0, 150994947, 0, 3084, 0);

INSERT INTO `ace_object` (`baseAceObjectId`, `weenieClassId`, `landblock`, `cell`, `posX`, `posY`, `posZ`, `qW`, `qX`, `qY`, `qZ`)
VALUES (1881841669, 1102, 682, 282, 220, -30, -0.06299996, 0.7071068, 0, 0, -0.7071068);

INSERT INTO `base_ace_object` (`baseAceObjectId`, `name`, `typeId`, `paletteId`, `ammoType`, `blipColor`, `bitField`, `burden`, `combatUse`, `cooldownDuration`, `cooldownId`, `effects`, `containersCapacity`, `header`, `hookTypeId`, `iconId`, `iconOverlayId`, `iconUnderlayId`, `hookItemTypes`, `itemsCapacity`, `location`, `materialType`, `maxStackSize`, `maxStructure`, `radar`, `pscript`, `spellId`, `stackSize`, `structure`, `targetTypeId`, `usability`, `useRadius`, `validLocations`, `value`, `workmanship`, `animationFrameId`, `defaultScript`, `defaultScriptIntensity`, `elasticity`, `friction`, `locationId`, `modelTableId`, `objectScale`, `physicsBitField`, `physicsTableId`, `motionTableId`, `soundTableId`, `physicsState`, `translucency`)
VALUES (1881841680, 'Obsidian Rim Portal', 65536, 0, 0, 0, 262164, 0, 0, 0, 0, 0, 0, 8388656, 0, 100667499, 0, 0, 0, 0, 0, 0, 0, 0, 4, 0, 0, 0, 0, 0, 32, -0.1, 0, 0, 0, 0, 0, 0, 0, 0, 0, 33555926, 0, 98307, 0, 150994947, 0, 3084, 0);

INSERT INTO `ace_object` (`baseAceObjectId`, `weenieClassId`, `landblock`, `cell`, `posX`, `posY`, `posZ`, `qW`, `qX`, `qY`, `qZ`)
VALUES (1881841680, 7210, 682, 333, 300, -30, -0.06299996, 0.7071068, 0, 0, -0.7071068);

INSERT INTO `base_ace_object` (`baseAceObjectId`, `name`, `typeId`, `paletteId`, `ammoType`, `blipColor`, `bitField`, `burden`, `combatUse`, `cooldownDuration`, `cooldownId`, `effects`, `containersCapacity`, `header`, `hookTypeId`, `iconId`, `iconOverlayId`, `iconUnderlayId`, `hookItemTypes`, `itemsCapacity`, `location`, `materialType`, `maxStackSize`, `maxStructure`, `radar`, `pscript`, `spellId`, `stackSize`, `structure`, `targetTypeId`, `usability`, `useRadius`, `validLocations`, `value`, `workmanship`, `animationFrameId`, `defaultScript`, `defaultScriptIntensity`, `elasticity`, `friction`, `locationId`, `modelTableId`, `objectScale`, `physicsBitField`, `physicsTableId`, `motionTableId`, `soundTableId`, `physicsState`, `translucency`)
VALUES (1881841685, 'Black Hill', 65536, 0, 0, 0, 262164, 0, 0, 0, 0, 0, 0, 8388656, 0, 100667499, 0, 0, 0, 0, 0, 0, 0, 0, 4, 0, 0, 0, 0, 0, 32, -0.1, 0, 0, 0, 0, 0, 0, 0, 0, 0, 33554867, 0, 98307, 0, 150994947, 0, 3084, 0);

INSERT INTO `ace_object` (`baseAceObjectId`, `weenieClassId`, `landblock`, `cell`, `posX`, `posY`, `posZ`, `qW`, `qX`, `qY`, `qZ`)
VALUES (1881841685, 2328, 682, 359, 310, -160, -0.06299996, 1, 0, 0, -4.37114E-08);

INSERT INTO `base_ace_object` (`baseAceObjectId`, `name`, `typeId`, `paletteId`, `ammoType`, `blipColor`, `bitField`, `burden`, `combatUse`, `cooldownDuration`, `cooldownId`, `effects`, `containersCapacity`, `header`, `hookTypeId`, `iconId`, `iconOverlayId`, `iconUnderlayId`, `hookItemTypes`, `itemsCapacity`, `location`, `materialType`, `maxStackSize`, `maxStructure`, `radar`, `pscript`, `spellId`, `stackSize`, `structure`, `targetTypeId`, `usability`, `useRadius`, `validLocations`, `value`, `workmanship`, `animationFrameId`, `defaultScript`, `defaultScriptIntensity`, `elasticity`, `friction`, `locationId`, `modelTableId`, `objectScale`, `physicsBitField`, `physicsTableId`, `motionTableId`, `soundTableId`, `physicsState`, `translucency`)
VALUES (1881841668, 'Southern Mt. Esper', 65536, 0, 0, 0, 262164, 0, 0, 0, 0, 0, 0, 8388656, 0, 100667499, 0, 0, 0, 0, 0, 0, 0, 0, 4, 0, 0, 0, 0, 0, 32, -0.1, 0, 0, 0, 0, 0, 0, 0, 0, 0, 33555923, 0, 98307, 0, 150994947, 0, 3084, 0);

INSERT INTO `ace_object` (`baseAceObjectId`, `weenieClassId`, `landblock`, `cell`, `posX`, `posY`, `posZ`, `qW`, `qX`, `qY`, `qZ`)
VALUES (1881841668, 8501, 682, 281, 210, -160, -0.06299996, 1, 0, 0, -4.37114E-08);

INSERT INTO `base_ace_object` (`baseAceObjectId`, `name`, `typeId`, `paletteId`, `ammoType`, `blipColor`, `bitField`, `burden`, `combatUse`, `cooldownDuration`, `cooldownId`, `effects`, `containersCapacity`, `header`, `hookTypeId`, `iconId`, `iconOverlayId`, `iconUnderlayId`, `hookItemTypes`, `itemsCapacity`, `location`, `materialType`, `maxStackSize`, `maxStructure`, `radar`, `pscript`, `spellId`, `stackSize`, `structure`, `targetTypeId`, `usability`, `useRadius`, `validLocations`, `value`, `workmanship`, `animationFrameId`, `defaultScript`, `defaultScriptIntensity`, `elasticity`, `friction`, `locationId`, `modelTableId`, `objectScale`, `physicsBitField`, `physicsTableId`, `motionTableId`, `soundTableId`, `physicsState`, `translucency`)
VALUES (1881841664, 'South Direlands Portal', 65536, 0, 0, 0, 262164, 0, 0, 0, 0, 0, 0, 8388656, 0, 100667499, 0, 0, 0, 0, 0, 0, 0, 0, 4, 0, 0, 0, 0, 0, 32, -0.1, 0, 0, 0, 0, 0, 0, 0, 0, 0, 33555923, 0, 98307, 0, 150994947, 0, 3084, 0);

INSERT INTO `ace_object` (`baseAceObjectId`, `weenieClassId`, `landblock`, `cell`, `posX`, `posY`, `posZ`, `qW`, `qX`, `qY`, `qZ`)
VALUES (1881841664, 1107, 682, 259, 210, -60, -0.06299996, 1, 0, 0, 0);

INSERT INTO `base_ace_object` (`baseAceObjectId`, `name`, `typeId`, `paletteId`, `ammoType`, `blipColor`, `bitField`, `burden`, `combatUse`, `cooldownDuration`, `cooldownId`, `effects`, `containersCapacity`, `header`, `hookTypeId`, `iconId`, `iconOverlayId`, `iconUnderlayId`, `hookItemTypes`, `itemsCapacity`, `location`, `materialType`, `maxStackSize`, `maxStructure`, `radar`, `pscript`, `spellId`, `stackSize`, `structure`, `targetTypeId`, `usability`, `useRadius`, `validLocations`, `value`, `workmanship`, `animationFrameId`, `defaultScript`, `defaultScriptIntensity`, `elasticity`, `friction`, `locationId`, `modelTableId`, `objectScale`, `physicsBitField`, `physicsTableId`, `motionTableId`, `soundTableId`, `physicsState`, `translucency`)
VALUES (1881841681, 'North Direlands Portal', 65536, 0, 0, 0, 262164, 0, 0, 0, 0, 0, 0, 8388656, 0, 100667499, 0, 0, 0, 0, 0, 0, 0, 0, 4, 0, 0, 0, 0, 0, 32, -0.1, 0, 0, 0, 0, 0, 0, 0, 0, 0, 33555923, 0, 98307, 0, 150994947, 0, 3084, 0);

INSERT INTO `ace_object` (`baseAceObjectId`, `weenieClassId`, `landblock`, `cell`, `posX`, `posY`, `posZ`, `qW`, `qX`, `qY`, `qZ`)
VALUES (1881841681, 1104, 682, 337, 310, -60, -0.06299996, 1, 0, 0, 0);

INSERT INTO `base_ace_object` (`baseAceObjectId`, `name`, `typeId`, `paletteId`, `ammoType`, `blipColor`, `bitField`, `burden`, `combatUse`, `cooldownDuration`, `cooldownId`, `effects`, `containersCapacity`, `header`, `hookTypeId`, `iconId`, `iconOverlayId`, `iconUnderlayId`, `hookItemTypes`, `itemsCapacity`, `location`, `materialType`, `maxStackSize`, `maxStructure`, `radar`, `pscript`, `spellId`, `stackSize`, `structure`, `targetTypeId`, `usability`, `useRadius`, `validLocations`, `value`, `workmanship`, `animationFrameId`, `defaultScript`, `defaultScriptIntensity`, `elasticity`, `friction`, `locationId`, `modelTableId`, `objectScale`, `physicsBitField`, `physicsTableId`, `motionTableId`, `soundTableId`, `physicsState`, `translucency`)
VALUES (1944260608, 'Small Black Hill', 65536, 0, 0, 0, 262164, 0, 0, 0, 0, 0, 0, 8388656, 0, 100667499, 0, 0, 0, 0, 0, 0, 0, 0, 4, 0, 0, 0, 0, 0, 32, -0.1, 0, 0, 0, 0, 0, 0, 0, 0, 0, 33554867, 0, 98307, 0, 150994947, 0, 3084, 0);

INSERT INTO `ace_object` (`baseAceObjectId`, `weenieClassId`, `landblock`, `cell`, `posX`, `posY`, `posZ`, `qW`, `qX`, `qY`, `qZ`)
VALUES (1944260608, 2329, 15921, 7, 21.9741, 145.636, 230.5085, 0.8424825, 0, 0, -0.5387237);

INSERT INTO `base_ace_object` (`baseAceObjectId`, `name`, `typeId`, `paletteId`, `ammoType`, `blipColor`, `bitField`, `burden`, `combatUse`, `cooldownDuration`, `cooldownId`, `effects`, `containersCapacity`, `header`, `hookTypeId`, `iconId`, `iconOverlayId`, `iconUnderlayId`, `hookItemTypes`, `itemsCapacity`, `location`, `materialType`, `maxStackSize`, `maxStructure`, `radar`, `pscript`, `spellId`, `stackSize`, `structure`, `targetTypeId`, `usability`, `useRadius`, `validLocations`, `value`, `workmanship`, `animationFrameId`, `defaultScript`, `defaultScriptIntensity`, `elasticity`, `friction`, `locationId`, `modelTableId`, `objectScale`, `physicsBitField`, `physicsTableId`, `motionTableId`, `soundTableId`, `physicsState`, `translucency`)
VALUES (1946357760, 'Sho Roadside', 65536, 0, 0, 0, 262164, 0, 0, 0, 0, 0, 0, 8388656, 0, 100667499, 0, 0, 0, 0, 0, 0, 0, 0, 4, 0, 0, 0, 0, 0, 32, -0.1, 0, 0, 0, 0, 0, 0, 0, 0, 0, 33554867, 0, 98307, 0, 150994947, 0, 3084, 0);

INSERT INTO `ace_object` (`baseAceObjectId`, `weenieClassId`, `landblock`, `cell`, `posX`, `posY`, `posZ`, `qW`, `qX`, `qY`, `qZ`)
VALUES (1946357760, 1907, 16433, 42, 137.21, 26.2009, 15.57018, 0.4087318, 0, 0, -0.9126545);

INSERT INTO `base_ace_object` (`baseAceObjectId`, `name`, `typeId`, `paletteId`, `ammoType`, `blipColor`, `bitField`, `burden`, `combatUse`, `cooldownDuration`, `cooldownId`, `effects`, `containersCapacity`, `header`, `hookTypeId`, `iconId`, `iconOverlayId`, `iconUnderlayId`, `hookItemTypes`, `itemsCapacity`, `location`, `materialType`, `maxStackSize`, `maxStructure`, `radar`, `pscript`, `spellId`, `stackSize`, `structure`, `targetTypeId`, `usability`, `useRadius`, `validLocations`, `value`, `workmanship`, `animationFrameId`, `defaultScript`, `defaultScriptIntensity`, `elasticity`, `friction`, `locationId`, `modelTableId`, `objectScale`, `physicsBitField`, `physicsTableId`, `motionTableId`, `soundTableId`, `physicsState`, `translucency`)
VALUES (1889583104, 'Artifex Collegium', 65536, 0, 0, 0, 262164, 0, 0, 0, 0, 0, 0, 8388656, 0, 100667499, 0, 0, 0, 0, 0, 0, 0, 0, 4, 0, 0, 0, 0, 0, 32, -0.1, 0, 0, 0, 0, 0, 0, 0, 0, 0, 33554867, 0, 98307, 0, 150994947, 0, 3084, 0);

INSERT INTO `ace_object` (`baseAceObjectId`, `weenieClassId`, `landblock`, `cell`, `posX`, `posY`, `posZ`, `qW`, `qX`, `qY`, `qZ`)
VALUES (1889583104, 36217, 2572, 21, 60, 110, 17.937, 1, 0, 0, 0);

INSERT INTO `base_ace_object` (`baseAceObjectId`, `name`, `typeId`, `paletteId`, `ammoType`, `blipColor`, `bitField`, `burden`, `combatUse`, `cooldownDuration`, `cooldownId`, `effects`, `containersCapacity`, `header`, `hookTypeId`, `iconId`, `iconOverlayId`, `iconUnderlayId`, `hookItemTypes`, `itemsCapacity`, `location`, `materialType`, `maxStackSize`, `maxStructure`, `radar`, `pscript`, `spellId`, `stackSize`, `structure`, `targetTypeId`, `usability`, `useRadius`, `validLocations`, `value`, `workmanship`, `animationFrameId`, `defaultScript`, `defaultScriptIntensity`, `elasticity`, `friction`, `locationId`, `modelTableId`, `objectScale`, `physicsBitField`, `physicsTableId`, `motionTableId`, `soundTableId`, `physicsState`, `translucency`)
VALUES (1892712450, 'Caul Asylum', 65536, 0, 0, 0, 262164, 0, 0, 0, 0, 0, 0, 8388656, 0, 100667499, 0, 0, 0, 0, 0, 0, 0, 0, 4, 0, 0, 0, 0, 0, 32, -0.1, 0, 0, 0, 0, 0, 0, 0, 0, 0, 33558569, 0, 98307, 0, 150994947, 0, 3084, 0);

INSERT INTO `ace_object` (`baseAceObjectId`, `weenieClassId`, `landblock`, `cell`, `posX`, `posY`, `posZ`, `qW`, `qX`, `qY`, `qZ`)
VALUES (1892712450, 22927, 3336, 48, 124.528, 180.894, 26.84067, 0.5098671, 0, 0, -0.8602532);

INSERT INTO `base_ace_object` (`baseAceObjectId`, `name`, `typeId`, `paletteId`, `ammoType`, `blipColor`, `bitField`, `burden`, `combatUse`, `cooldownDuration`, `cooldownId`, `effects`, `containersCapacity`, `header`, `hookTypeId`, `iconId`, `iconOverlayId`, `iconUnderlayId`, `hookItemTypes`, `itemsCapacity`, `location`, `materialType`, `maxStackSize`, `maxStructure`, `radar`, `pscript`, `spellId`, `stackSize`, `structure`, `targetTypeId`, `usability`, `useRadius`, `validLocations`, `value`, `workmanship`, `animationFrameId`, `defaultScript`, `defaultScriptIntensity`, `elasticity`, `friction`, `locationId`, `modelTableId`, `objectScale`, `physicsBitField`, `physicsTableId`, `motionTableId`, `soundTableId`, `physicsState`, `translucency`)
VALUES (1925382206, 'Spirited Halls', 65536, 0, 0, 0, 262164, 0, 0, 0, 0, 0, 0, 8388656, 0, 100667499, 0, 0, 0, 0, 0, 0, 0, 0, 4, 0, 0, 0, 0, 0, 32, -0.1, 0, 0, 0, 0, 0, 0, 0, 0, 0, 33555924, 0, 98307, 0, 150994947, 0, 3084, 0);

INSERT INTO `ace_object` (`baseAceObjectId`, `weenieClassId`, `landblock`, `cell`, `posX`, `posY`, `posZ`, `qW`, `qX`, `qY`, `qZ`)
VALUES (1925382206, 51763, 11312, 4, 13.401, 90.0395, 199.987, 0.449129, 0, 0, 0.8934669);

INSERT INTO `base_ace_object` (`baseAceObjectId`, `name`, `typeId`, `paletteId`, `ammoType`, `blipColor`, `bitField`, `burden`, `combatUse`, `cooldownDuration`, `cooldownId`, `effects`, `containersCapacity`, `header`, `hookTypeId`, `iconId`, `iconOverlayId`, `iconUnderlayId`, `hookItemTypes`, `itemsCapacity`, `location`, `materialType`, `maxStackSize`, `maxStructure`, `radar`, `pscript`, `spellId`, `stackSize`, `structure`, `targetTypeId`, `usability`, `useRadius`, `validLocations`, `value`, `workmanship`, `animationFrameId`, `defaultScript`, `defaultScriptIntensity`, `elasticity`, `friction`, `locationId`, `modelTableId`, `objectScale`, `physicsBitField`, `physicsTableId`, `motionTableId`, `soundTableId`, `physicsState`, `translucency`)
VALUES (1896591360, 'Hagra''s Holdfast', 65536, 0, 0, 0, 262164, 0, 0, 0, 0, 0, 0, 8388656, 0, 100667499, 0, 0, 0, 0, 0, 0, 0, 0, 4, 0, 0, 0, 0, 0, 32, -0.1, 0, 0, 0, 0, 0, 0, 0, 0, 0, 33555926, 0, 98307, 0, 150994947, 0, 3084, 0);

INSERT INTO `ace_object` (`baseAceObjectId`, `weenieClassId`, `landblock`, `cell`, `posX`, `posY`, `posZ`, `qW`, `qX`, `qY`, `qZ`)
VALUES (1896591360, 31710, 4283, 256, 170, 132, 16.737, 0.7071068, 0, 0, -0.7071068);

INSERT INTO `base_ace_object` (`baseAceObjectId`, `name`, `typeId`, `paletteId`, `ammoType`, `blipColor`, `bitField`, `burden`, `combatUse`, `cooldownDuration`, `cooldownId`, `effects`, `containersCapacity`, `header`, `hookTypeId`, `iconId`, `iconOverlayId`, `iconUnderlayId`, `hookItemTypes`, `itemsCapacity`, `location`, `materialType`, `maxStackSize`, `maxStructure`, `radar`, `pscript`, `spellId`, `stackSize`, `structure`, `targetTypeId`, `usability`, `useRadius`, `validLocations`, `value`, `workmanship`, `animationFrameId`, `defaultScript`, `defaultScriptIntensity`, `elasticity`, `friction`, `locationId`, `modelTableId`, `objectScale`, `physicsBitField`, `physicsTableId`, `motionTableId`, `soundTableId`, `physicsState`, `translucency`)
VALUES (1896587264, 'Destroyed Portal to Bluespire', 65536, 0, 0, 0, 262164, 0, 0, 0, 0, 0, 0, 48, 0, 100667499, 0, 0, 0, 0, 0, 0, 0, 0, 0, 0, 0, 0, 0, 0, 1, -0.1, 0, 0, 0, 0, 0, 0, 0, 0, 0, 33561060, 0, 98307, 0, 150995314, 0, 3092, 0);

INSERT INTO `ace_object` (`baseAceObjectId`, `weenieClassId`, `landblock`, `cell`, `posX`, `posY`, `posZ`, `qW`, `qX`, `qY`, `qZ`)
VALUES (1896587264, 11953, 4282, 22, 63.773, 123.247, -0.3098301, -0.6159917, 0, 0, -0.7877526);

INSERT INTO `base_ace_object` (`baseAceObjectId`, `name`, `typeId`, `paletteId`, `ammoType`, `blipColor`, `bitField`, `burden`, `combatUse`, `cooldownDuration`, `cooldownId`, `effects`, `containersCapacity`, `header`, `hookTypeId`, `iconId`, `iconOverlayId`, `iconUnderlayId`, `hookItemTypes`, `itemsCapacity`, `location`, `materialType`, `maxStackSize`, `maxStructure`, `radar`, `pscript`, `spellId`, `stackSize`, `structure`, `targetTypeId`, `usability`, `useRadius`, `validLocations`, `value`, `workmanship`, `animationFrameId`, `defaultScript`, `defaultScriptIntensity`, `elasticity`, `friction`, `locationId`, `modelTableId`, `objectScale`, `physicsBitField`, `physicsTableId`, `motionTableId`, `soundTableId`, `physicsState`, `translucency`)
VALUES (1972809805, 'Surface', 65536, 0, 0, 0, 262164, 0, 0, 0, 0, 0, 0, 8388656, 0, 100667499, 0, 0, 0, 0, 0, 0, 0, 0, 4, 0, 0, 0, 0, 0, 32, -0.1, 0, 0, 0, 0, 0, 0, 0, 0, 0, 33554867, 0, 98307, 0, 150994947, 0, 3084, 0);

INSERT INTO `ace_object` (`baseAceObjectId`, `weenieClassId`, `landblock`, `cell`, `posX`, `posY`, `posZ`, `qW`, `qX`, `qY`, `qZ`)
VALUES (1972809805, 37164, 22891, 287, 152.896, -6.73421, -0.06299996, 0.926734, 0, 0, -0.375718);

INSERT INTO `base_ace_object` (`baseAceObjectId`, `name`, `typeId`, `paletteId`, `ammoType`, `blipColor`, `bitField`, `burden`, `combatUse`, `cooldownDuration`, `cooldownId`, `effects`, `containersCapacity`, `header`, `hookTypeId`, `iconId`, `iconOverlayId`, `iconUnderlayId`, `hookItemTypes`, `itemsCapacity`, `location`, `materialType`, `maxStackSize`, `maxStructure`, `radar`, `pscript`, `spellId`, `stackSize`, `structure`, `targetTypeId`, `usability`, `useRadius`, `validLocations`, `value`, `workmanship`, `animationFrameId`, `defaultScript`, `defaultScriptIntensity`, `elasticity`, `friction`, `locationId`, `modelTableId`, `objectScale`, `physicsBitField`, `physicsTableId`, `motionTableId`, `soundTableId`, `physicsState`, `translucency`)
VALUES (1881260087, 'House Portal', 65536, 0, 0, 0, 262164, 0, 0, 0, 0, 0, 0, 41943088, 0, 100667499, 0, 0, 0, 0, 0, 0, 0, 0, 4, 0, 0, 0, 0, 0, 32, 0.75, 0, 0, 0, 0, 0, 0, 0, 0, 0, 33554867, 0, 98307, 0, 150994947, 0, 3076, 0);

INSERT INTO `ace_object` (`baseAceObjectId`, `weenieClassId`, `landblock`, `cell`, `posX`, `posY`, `posZ`, `qW`, `qX`, `qY`, `qZ`)
VALUES (1881260087, 11730, 540, 334, 50, -50, -6.063, -0.6892104, 0, 0, -0.7245613);

INSERT INTO `base_ace_object` (`baseAceObjectId`, `name`, `typeId`, `paletteId`, `ammoType`, `blipColor`, `bitField`, `burden`, `combatUse`, `cooldownDuration`, `cooldownId`, `effects`, `containersCapacity`, `header`, `hookTypeId`, `iconId`, `iconOverlayId`, `iconUnderlayId`, `hookItemTypes`, `itemsCapacity`, `location`, `materialType`, `maxStackSize`, `maxStructure`, `radar`, `pscript`, `spellId`, `stackSize`, `structure`, `targetTypeId`, `usability`, `useRadius`, `validLocations`, `value`, `workmanship`, `animationFrameId`, `defaultScript`, `defaultScriptIntensity`, `elasticity`, `friction`, `locationId`, `modelTableId`, `objectScale`, `physicsBitField`, `physicsTableId`, `motionTableId`, `soundTableId`, `physicsState`, `translucency`)
VALUES (2040160256, 'Underground Forest Portal', 65536, 0, 0, 0, 262164, 0, 0, 0, 0, 0, 0, 8388656, 0, 100667499, 0, 0, 0, 0, 0, 0, 0, 0, 4, 0, 0, 0, 0, 0, 32, -0.1, 0, 0, 0, 0, 0, 0, 0, 0, 0, 33554867, 0, 98307, 0, 150994947, 0, 3084, 0);

INSERT INTO `ace_object` (`baseAceObjectId`, `weenieClassId`, `landblock`, `cell`, `posX`, `posY`, `posZ`, `qW`, `qX`, `qY`, `qZ`)
VALUES (2040160256, 5604, 39334, 23, 70.1864, 154.234, 51.937, 0.8864272, 0, 0, 0.4628681);

INSERT INTO `base_ace_object` (`baseAceObjectId`, `name`, `typeId`, `paletteId`, `ammoType`, `blipColor`, `bitField`, `burden`, `combatUse`, `cooldownDuration`, `cooldownId`, `effects`, `containersCapacity`, `header`, `hookTypeId`, `iconId`, `iconOverlayId`, `iconUnderlayId`, `hookItemTypes`, `itemsCapacity`, `location`, `materialType`, `maxStackSize`, `maxStructure`, `radar`, `pscript`, `spellId`, `stackSize`, `structure`, `targetTypeId`, `usability`, `useRadius`, `validLocations`, `value`, `workmanship`, `animationFrameId`, `defaultScript`, `defaultScriptIntensity`, `elasticity`, `friction`, `locationId`, `modelTableId`, `objectScale`, `physicsBitField`, `physicsTableId`, `motionTableId`, `soundTableId`, `physicsState`, `translucency`)
VALUES (2077884419, 'Eldrytch Web Gauntlet', 65536, 0, 0, 0, 262164, 0, 0, 0, 0, 0, 0, 8388656, 0, 100667499, 0, 0, 0, 0, 0, 0, 0, 0, 4, 0, 0, 0, 0, 0, 32, -0.1, 0, 0, 0, 0, 0, 0, 0, 0, 0, 33554867, 0, 98307, 0, 150994947, 0, 3084, 0);

INSERT INTO `ace_object` (`baseAceObjectId`, `weenieClassId`, `landblock`, `cell`, `posX`, `posY`, `posZ`, `qW`, `qX`, `qY`, `qZ`)
VALUES (2077884419, 53447, 48544, 34, 112.631, 45.3831, -0.06299996, 0.90108, 0, 0, 0.433653);

INSERT INTO `base_ace_object` (`baseAceObjectId`, `name`, `typeId`, `paletteId`, `ammoType`, `blipColor`, `bitField`, `burden`, `combatUse`, `cooldownDuration`, `cooldownId`, `effects`, `containersCapacity`, `header`, `hookTypeId`, `iconId`, `iconOverlayId`, `iconUnderlayId`, `hookItemTypes`, `itemsCapacity`, `location`, `materialType`, `maxStackSize`, `maxStructure`, `radar`, `pscript`, `spellId`, `stackSize`, `structure`, `targetTypeId`, `usability`, `useRadius`, `validLocations`, `value`, `workmanship`, `animationFrameId`, `defaultScript`, `defaultScriptIntensity`, `elasticity`, `friction`, `locationId`, `modelTableId`, `objectScale`, `physicsBitField`, `physicsTableId`, `motionTableId`, `soundTableId`, `physicsState`, `translucency`)
VALUES (2138243072, 'Ithaenc Archipelago', 65536, 0, 0, 0, 262164, 0, 0, 0, 0, 0, 0, 8388656, 0, 100667499, 0, 0, 0, 0, 0, 0, 0, 0, 4, 0, 0, 0, 0, 0, 32, -0.1, 0, 0, 0, 0, 0, 0, 0, 0, 0, 33560217, 0, 98307, 0, 150995314, 0, 3084, 0);

INSERT INTO `ace_object` (`baseAceObjectId`, `weenieClassId`, `landblock`, `cell`, `posX`, `posY`, `posZ`, `qW`, `qX`, `qY`, `qZ`)
VALUES (2138243072, 38075, 63280, 260, 83.942, 108.226, 60.38757, 1, 0, 0, 0);

INSERT INTO `base_ace_object` (`baseAceObjectId`, `name`, `typeId`, `paletteId`, `ammoType`, `blipColor`, `bitField`, `burden`, `combatUse`, `cooldownDuration`, `cooldownId`, `effects`, `containersCapacity`, `header`, `hookTypeId`, `iconId`, `iconOverlayId`, `iconUnderlayId`, `hookItemTypes`, `itemsCapacity`, `location`, `materialType`, `maxStackSize`, `maxStructure`, `radar`, `pscript`, `spellId`, `stackSize`, `structure`, `targetTypeId`, `usability`, `useRadius`, `validLocations`, `value`, `workmanship`, `animationFrameId`, `defaultScript`, `defaultScriptIntensity`, `elasticity`, `friction`, `locationId`, `modelTableId`, `objectScale`, `physicsBitField`, `physicsTableId`, `motionTableId`, `soundTableId`, `physicsState`, `translucency`)
VALUES (3334042476, 'Olthoi Tunnel', 65536, 67109370, 0, 0, 262164, 0, 0, 0, 0, 0, 0, 8388656, 0, 100667499, 0, 0, 0, 0, 0, 0, 0, 0, 4, 0, 0, 0, 0, 0, 32, -0.1, 0, 0, 0, 0, 0, 0, 0, 0, 0, 33554867, 0, 98307, 0, 150994947, 0, 3084, 0);

INSERT INTO `ace_object` (`baseAceObjectId`, `weenieClassId`, `landblock`, `cell`, `posX`, `posY`, `posZ`, `qW`, `qX`, `qY`, `qZ`)
VALUES (3334042476, 43591, 63280, 296, 132.099, 188.722, 42.337, 1, 0, 0, 0);

INSERT INTO `ace_object_palette_changes` (`baseAceObjectId`, `subPaletteId`, `offset`, `length`)
VALUES (3334042476, 67111849, 8, 2040);

INSERT INTO `base_ace_object` (`baseAceObjectId`, `name`, `typeId`, `paletteId`, `ammoType`, `blipColor`, `bitField`, `burden`, `combatUse`, `cooldownDuration`, `cooldownId`, `effects`, `containersCapacity`, `header`, `hookTypeId`, `iconId`, `iconOverlayId`, `iconUnderlayId`, `hookItemTypes`, `itemsCapacity`, `location`, `materialType`, `maxStackSize`, `maxStructure`, `radar`, `pscript`, `spellId`, `stackSize`, `structure`, `targetTypeId`, `usability`, `useRadius`, `validLocations`, `value`, `workmanship`, `animationFrameId`, `defaultScript`, `defaultScriptIntensity`, `elasticity`, `friction`, `locationId`, `modelTableId`, `objectScale`, `physicsBitField`, `physicsTableId`, `motionTableId`, `soundTableId`, `physicsState`, `translucency`)
VALUES (1879814227, 'Surface', 65536, 0, 0, 0, 262164, 0, 0, 0, 0, 0, 0, 8388656, 0, 100667499, 0, 0, 0, 0, 0, 0, 0, 0, 4, 0, 0, 0, 0, 0, 32, -0.1, 0, 0, 0, 0, 0, 0, 0, 0, 0, 33560216, 0, 98307, 0, 150995314, 0, 3084, 0);

INSERT INTO `ace_object` (`baseAceObjectId`, `weenieClassId`, `landblock`, `cell`, `posX`, `posY`, `posZ`, `qW`, `qX`, `qY`, `qZ`)
VALUES (1879814227, 38377, 187, 817, 89.9866, -123.381, -0.20983, 1, 0, 0, -4.37114E-08);

INSERT INTO `base_ace_object` (`baseAceObjectId`, `name`, `typeId`, `paletteId`, `ammoType`, `blipColor`, `bitField`, `burden`, `combatUse`, `cooldownDuration`, `cooldownId`, `effects`, `containersCapacity`, `header`, `hookTypeId`, `iconId`, `iconOverlayId`, `iconUnderlayId`, `hookItemTypes`, `itemsCapacity`, `location`, `materialType`, `maxStackSize`, `maxStructure`, `radar`, `pscript`, `spellId`, `stackSize`, `structure`, `targetTypeId`, `usability`, `useRadius`, `validLocations`, `value`, `workmanship`, `animationFrameId`, `defaultScript`, `defaultScriptIntensity`, `elasticity`, `friction`, `locationId`, `modelTableId`, `objectScale`, `physicsBitField`, `physicsTableId`, `motionTableId`, `soundTableId`, `physicsState`, `translucency`)
VALUES (1937813504, 'Forgotten Tunnels', 65536, 0, 0, 0, 262164, 0, 0, 0, 0, 0, 0, 8388656, 0, 100667499, 0, 0, 0, 0, 0, 0, 0, 0, 4, 0, 0, 0, 0, 0, 32, -0.1, 0, 0, 0, 0, 0, 0, 0, 0, 0, 33555925, 0, 98307, 0, 150994947, 0, 3084, 0);

INSERT INTO `ace_object` (`baseAceObjectId`, `weenieClassId`, `landblock`, `cell`, `posX`, `posY`, `posZ`, `qW`, `qX`, `qY`, `qZ`)
VALUES (1937813504, 43118, 14347, 258, 60.0445, 20.7545, -5.663, -0.9999653, 0, 0, 0.008333672);

INSERT INTO `base_ace_object` (`baseAceObjectId`, `name`, `typeId`, `paletteId`, `ammoType`, `blipColor`, `bitField`, `burden`, `combatUse`, `cooldownDuration`, `cooldownId`, `effects`, `containersCapacity`, `header`, `hookTypeId`, `iconId`, `iconOverlayId`, `iconUnderlayId`, `hookItemTypes`, `itemsCapacity`, `location`, `materialType`, `maxStackSize`, `maxStructure`, `radar`, `pscript`, `spellId`, `stackSize`, `structure`, `targetTypeId`, `usability`, `useRadius`, `validLocations`, `value`, `workmanship`, `animationFrameId`, `defaultScript`, `defaultScriptIntensity`, `elasticity`, `friction`, `locationId`, `modelTableId`, `objectScale`, `physicsBitField`, `physicsTableId`, `motionTableId`, `soundTableId`, `physicsState`, `translucency`)
VALUES (1937813505, 'Forgotten Tunnels', 65536, 0, 0, 0, 262164, 0, 0, 0, 0, 0, 0, 8388656, 0, 100667499, 0, 0, 0, 0, 0, 0, 0, 0, 4, 0, 0, 0, 0, 0, 32, -0.1, 0, 0, 0, 0, 0, 0, 0, 0, 0, 33555925, 0, 98307, 0, 150994947, 0, 3084, 0);

INSERT INTO `ace_object` (`baseAceObjectId`, `weenieClassId`, `landblock`, `cell`, `posX`, `posY`, `posZ`, `qW`, `qX`, `qY`, `qZ`)
VALUES (1937813505, 43119, 14347, 262, 179.998, 69.0345, -5.663, -0.9995795, 0, 0, -0.02899519);

INSERT INTO `base_ace_object` (`baseAceObjectId`, `name`, `typeId`, `paletteId`, `ammoType`, `blipColor`, `bitField`, `burden`, `combatUse`, `cooldownDuration`, `cooldownId`, `effects`, `containersCapacity`, `header`, `hookTypeId`, `iconId`, `iconOverlayId`, `iconUnderlayId`, `hookItemTypes`, `itemsCapacity`, `location`, `materialType`, `maxStackSize`, `maxStructure`, `radar`, `pscript`, `spellId`, `stackSize`, `structure`, `targetTypeId`, `usability`, `useRadius`, `validLocations`, `value`, `workmanship`, `animationFrameId`, `defaultScript`, `defaultScriptIntensity`, `elasticity`, `friction`, `locationId`, `modelTableId`, `objectScale`, `physicsBitField`, `physicsTableId`, `motionTableId`, `soundTableId`, `physicsState`, `translucency`)
VALUES (1937809409, 'Forgotten Tunnels', 65536, 0, 0, 0, 262164, 0, 0, 0, 0, 0, 0, 8388656, 0, 100667499, 0, 0, 0, 0, 0, 0, 0, 0, 4, 0, 0, 0, 0, 0, 32, -0.1, 0, 0, 0, 0, 0, 0, 0, 0, 0, 33555925, 0, 98307, 0, 150994947, 0, 3084, 0);

INSERT INTO `ace_object` (`baseAceObjectId`, `weenieClassId`, `landblock`, `cell`, `posX`, `posY`, `posZ`, `qW`, `qX`, `qY`, `qZ`)
VALUES (1937809409, 43120, 14346, 258, 132.106, 92.8269, -5.663, 0.9998261, 0, 0, 0.018646);

INSERT INTO `base_ace_object` (`baseAceObjectId`, `name`, `typeId`, `paletteId`, `ammoType`, `blipColor`, `bitField`, `burden`, `combatUse`, `cooldownDuration`, `cooldownId`, `effects`, `containersCapacity`, `header`, `hookTypeId`, `iconId`, `iconOverlayId`, `iconUnderlayId`, `hookItemTypes`, `itemsCapacity`, `location`, `materialType`, `maxStackSize`, `maxStructure`, `radar`, `pscript`, `spellId`, `stackSize`, `structure`, `targetTypeId`, `usability`, `useRadius`, `validLocations`, `value`, `workmanship`, `animationFrameId`, `defaultScript`, `defaultScriptIntensity`, `elasticity`, `friction`, `locationId`, `modelTableId`, `objectScale`, `physicsBitField`, `physicsTableId`, `motionTableId`, `soundTableId`, `physicsState`, `translucency`)
VALUES (1972781129, 'Radiant Blood Gauntlet', 65536, 0, 0, 0, 262164, 0, 0, 0, 0, 0, 0, 8388656, 0, 100667499, 0, 0, 0, 0, 0, 0, 0, 0, 4, 0, 0, 0, 0, 0, 32, -0.1, 0, 0, 0, 0, 0, 0, 0, 0, 0, 33555925, 0, 98307, 0, 150994947, 0, 3084, 0);

INSERT INTO `ace_object` (`baseAceObjectId`, `weenieClassId`, `landblock`, `cell`, `posX`, `posY`, `posZ`, `qW`, `qX`, `qY`, `qZ`)
VALUES (1972781129, 53445, 22884, 274, 67.5138, -64.989, -0.06299996, 0.7071068, 0, 0, -0.7071068);

INSERT INTO `base_ace_object` (`baseAceObjectId`, `name`, `typeId`, `paletteId`, `ammoType`, `blipColor`, `bitField`, `burden`, `combatUse`, `cooldownDuration`, `cooldownId`, `effects`, `containersCapacity`, `header`, `hookTypeId`, `iconId`, `iconOverlayId`, `iconUnderlayId`, `hookItemTypes`, `itemsCapacity`, `location`, `materialType`, `maxStackSize`, `maxStructure`, `radar`, `pscript`, `spellId`, `stackSize`, `structure`, `targetTypeId`, `usability`, `useRadius`, `validLocations`, `value`, `workmanship`, `animationFrameId`, `defaultScript`, `defaultScriptIntensity`, `elasticity`, `friction`, `locationId`, `modelTableId`, `objectScale`, `physicsBitField`, `physicsTableId`, `motionTableId`, `soundTableId`, `physicsState`, `translucency`)
VALUES (1972781130, 'Radiant Blood Gauntlet', 65536, 0, 0, 0, 262164, 0, 0, 0, 0, 0, 0, 8388656, 0, 100667499, 0, 0, 0, 0, 0, 0, 0, 0, 4, 0, 0, 0, 0, 0, 32, -0.1, 0, 0, 0, 0, 0, 0, 0, 0, 0, 33555925, 0, 98307, 0, 150994947, 0, 3084, 0);

INSERT INTO `ace_object` (`baseAceObjectId`, `weenieClassId`, `landblock`, `cell`, `posX`, `posY`, `posZ`, `qW`, `qX`, `qY`, `qZ`)
VALUES (1972781130, 53445, 22884, 279, 92.591, -64.989, -0.06299996, 0.7071068, 0, 0, -0.7071068);

INSERT INTO `base_ace_object` (`baseAceObjectId`, `name`, `typeId`, `paletteId`, `ammoType`, `blipColor`, `bitField`, `burden`, `combatUse`, `cooldownDuration`, `cooldownId`, `effects`, `containersCapacity`, `header`, `hookTypeId`, `iconId`, `iconOverlayId`, `iconUnderlayId`, `hookItemTypes`, `itemsCapacity`, `location`, `materialType`, `maxStackSize`, `maxStructure`, `radar`, `pscript`, `spellId`, `stackSize`, `structure`, `targetTypeId`, `usability`, `useRadius`, `validLocations`, `value`, `workmanship`, `animationFrameId`, `defaultScript`, `defaultScriptIntensity`, `elasticity`, `friction`, `locationId`, `modelTableId`, `objectScale`, `physicsBitField`, `physicsTableId`, `motionTableId`, `soundTableId`, `physicsState`, `translucency`)
VALUES (3333912047, 'Gauntlet Stage 1', 65536, 0, 0, 0, 262164, 0, 0, 0, 0, 0, 0, 8388656, 0, 100677070, 0, 0, 0, 0, 0, 0, 0, 0, 4, 0, 0, 0, 0, 0, 32, 0.3, 0, 0, 0, 0, 0, 0, 0, 0, 0, 33559873, 0, 32769, 0, 0, 0, 66576, 0);

INSERT INTO `ace_object` (`baseAceObjectId`, `weenieClassId`, `landblock`, `cell`, `posX`, `posY`, `posZ`, `qW`, `qX`, `qY`, `qZ`)
VALUES (3333912047, 52916, 22884, 276, 80, -45.2399, 0.009999995, 1, 0, 0, 0);

INSERT INTO `base_ace_object` (`baseAceObjectId`, `name`, `typeId`, `paletteId`, `ammoType`, `blipColor`, `bitField`, `burden`, `combatUse`, `cooldownDuration`, `cooldownId`, `effects`, `containersCapacity`, `header`, `hookTypeId`, `iconId`, `iconOverlayId`, `iconUnderlayId`, `hookItemTypes`, `itemsCapacity`, `location`, `materialType`, `maxStackSize`, `maxStructure`, `radar`, `pscript`, `spellId`, `stackSize`, `structure`, `targetTypeId`, `usability`, `useRadius`, `validLocations`, `value`, `workmanship`, `animationFrameId`, `defaultScript`, `defaultScriptIntensity`, `elasticity`, `friction`, `locationId`, `modelTableId`, `objectScale`, `physicsBitField`, `physicsTableId`, `motionTableId`, `soundTableId`, `physicsState`, `translucency`)
VALUES (3334384629, 'Gauntlet Stage 2', 65536, 0, 0, 0, 262164, 0, 0, 0, 0, 0, 0, 8388656, 0, 100677070, 0, 0, 0, 0, 0, 0, 0, 0, 4, 0, 0, 0, 0, 0, 32, 0.3, 0, 0, 0, 0, 0, 0, 0, 0, 0, 33559873, 0, 32769, 0, 0, 0, 66576, 0);

INSERT INTO `ace_object` (`baseAceObjectId`, `weenieClassId`, `landblock`, `cell`, `posX`, `posY`, `posZ`, `qW`, `qX`, `qY`, `qZ`)
VALUES (3334384629, 52904, 22884, 265, 20.44444, -75.5198, -3.72529E-09, 1, 0, 0, 0);

INSERT INTO `base_ace_object` (`baseAceObjectId`, `name`, `typeId`, `paletteId`, `ammoType`, `blipColor`, `bitField`, `burden`, `combatUse`, `cooldownDuration`, `cooldownId`, `effects`, `containersCapacity`, `header`, `hookTypeId`, `iconId`, `iconOverlayId`, `iconUnderlayId`, `hookItemTypes`, `itemsCapacity`, `location`, `materialType`, `maxStackSize`, `maxStructure`, `radar`, `pscript`, `spellId`, `stackSize`, `structure`, `targetTypeId`, `usability`, `useRadius`, `validLocations`, `value`, `workmanship`, `animationFrameId`, `defaultScript`, `defaultScriptIntensity`, `elasticity`, `friction`, `locationId`, `modelTableId`, `objectScale`, `physicsBitField`, `physicsTableId`, `motionTableId`, `soundTableId`, `physicsState`, `translucency`)
VALUES (3334016463, 'Gauntlet Stage 3', 65536, 0, 0, 0, 262164, 0, 0, 0, 0, 0, 0, 8388656, 0, 100677070, 0, 0, 0, 0, 0, 0, 0, 0, 4, 0, 0, 0, 0, 0, 32, 0.3, 0, 0, 0, 0, 0, 0, 0, 0, 0, 33559873, 0, 32769, 0, 0, 0, 66576, 0);

INSERT INTO `ace_object` (`baseAceObjectId`, `weenieClassId`, `landblock`, `cell`, `posX`, `posY`, `posZ`, `qW`, `qX`, `qY`, `qZ`)
VALUES (3334016463, 52905, 22884, 262, 20.44444, -5.5198, -3.72529E-09, 1, 0, 0, 0);

INSERT INTO `base_ace_object` (`baseAceObjectId`, `name`, `typeId`, `paletteId`, `ammoType`, `blipColor`, `bitField`, `burden`, `combatUse`, `cooldownDuration`, `cooldownId`, `effects`, `containersCapacity`, `header`, `hookTypeId`, `iconId`, `iconOverlayId`, `iconUnderlayId`, `hookItemTypes`, `itemsCapacity`, `location`, `materialType`, `maxStackSize`, `maxStructure`, `radar`, `pscript`, `spellId`, `stackSize`, `structure`, `targetTypeId`, `usability`, `useRadius`, `validLocations`, `value`, `workmanship`, `animationFrameId`, `defaultScript`, `defaultScriptIntensity`, `elasticity`, `friction`, `locationId`, `modelTableId`, `objectScale`, `physicsBitField`, `physicsTableId`, `motionTableId`, `soundTableId`, `physicsState`, `translucency`)
VALUES (2040143937, 'House Portal', 65536, 0, 0, 0, 262164, 0, 0, 0, 0, 0, 0, 41943088, 0, 100667499, 0, 0, 0, 0, 0, 0, 0, 0, 4, 0, 0, 0, 0, 0, 32, 0.75, 0, 0, 0, 0, 0, 0, 0, 0, 0, 33554867, 0, 98307, 0, 150994947, 0, 3076, 0);

INSERT INTO `ace_object` (`baseAceObjectId`, `weenieClassId`, `landblock`, `cell`, `posX`, `posY`, `posZ`, `qW`, `qX`, `qY`, `qZ`)
VALUES (2040143937, 11730, 39330, 338, 138.846, 79.1508, 79.937, -0.6770167, 0, 0, 0.7359677);

INSERT INTO `base_ace_object` (`baseAceObjectId`, `name`, `typeId`, `paletteId`, `ammoType`, `blipColor`, `bitField`, `burden`, `combatUse`, `cooldownDuration`, `cooldownId`, `effects`, `containersCapacity`, `header`, `hookTypeId`, `iconId`, `iconOverlayId`, `iconUnderlayId`, `hookItemTypes`, `itemsCapacity`, `location`, `materialType`, `maxStackSize`, `maxStructure`, `radar`, `pscript`, `spellId`, `stackSize`, `structure`, `targetTypeId`, `usability`, `useRadius`, `validLocations`, `value`, `workmanship`, `animationFrameId`, `defaultScript`, `defaultScriptIntensity`, `elasticity`, `friction`, `locationId`, `modelTableId`, `objectScale`, `physicsBitField`, `physicsTableId`, `motionTableId`, `soundTableId`, `physicsState`, `translucency`)
VALUES (2039975936, 'Dry Well Portal', 65536, 0, 0, 0, 262164, 0, 0, 0, 0, 0, 0, 8388656, 0, 100667499, 0, 0, 0, 0, 0, 0, 0, 0, 4, 0, 0, 0, 0, 0, 32, -0.1, 0, 0, 0, 0, 0, 0, 0, 0, 0, 33555922, 0, 98307, 0, 150994947, 0, 3084, 0);

INSERT INTO `ace_object` (`baseAceObjectId`, `weenieClassId`, `landblock`, `cell`, `posX`, `posY`, `posZ`, `qW`, `qX`, `qY`, `qZ`)
VALUES (2039975936, 4947, 39289, 258, 107.817, 46.8128, 20.737, 1, 0, 0, 0);

INSERT INTO `base_ace_object` (`baseAceObjectId`, `name`, `typeId`, `paletteId`, `ammoType`, `blipColor`, `bitField`, `burden`, `combatUse`, `cooldownDuration`, `cooldownId`, `effects`, `containersCapacity`, `header`, `hookTypeId`, `iconId`, `iconOverlayId`, `iconUnderlayId`, `hookItemTypes`, `itemsCapacity`, `location`, `materialType`, `maxStackSize`, `maxStructure`, `radar`, `pscript`, `spellId`, `stackSize`, `structure`, `targetTypeId`, `usability`, `useRadius`, `validLocations`, `value`, `workmanship`, `animationFrameId`, `defaultScript`, `defaultScriptIntensity`, `elasticity`, `friction`, `locationId`, `modelTableId`, `objectScale`, `physicsBitField`, `physicsTableId`, `motionTableId`, `soundTableId`, `physicsState`, `translucency`)
VALUES (2065027194, 'House Portal', 65536, 0, 0, 0, 262164, 0, 0, 0, 0, 0, 0, 41943088, 0, 100667499, 0, 0, 0, 0, 0, 0, 0, 0, 4, 0, 0, 0, 0, 0, 32, 0.75, 0, 0, 0, 0, 0, 0, 0, 0, 0, 33554867, 0, 98307, 0, 150994947, 0, 3076, 0);

INSERT INTO `ace_object` (`baseAceObjectId`, `weenieClassId`, `landblock`, `cell`, `posX`, `posY`, `posZ`, `qW`, `qX`, `qY`, `qZ`)
VALUES (2065027194, 11730, 45405, 338, 89.6723, 126.377, 11.937, 0.6973849, 0, 0, -0.7166968);

INSERT INTO `base_ace_object` (`baseAceObjectId`, `name`, `typeId`, `paletteId`, `ammoType`, `blipColor`, `bitField`, `burden`, `combatUse`, `cooldownDuration`, `cooldownId`, `effects`, `containersCapacity`, `header`, `hookTypeId`, `iconId`, `iconOverlayId`, `iconUnderlayId`, `hookItemTypes`, `itemsCapacity`, `location`, `materialType`, `maxStackSize`, `maxStructure`, `radar`, `pscript`, `spellId`, `stackSize`, `structure`, `targetTypeId`, `usability`, `useRadius`, `validLocations`, `value`, `workmanship`, `animationFrameId`, `defaultScript`, `defaultScriptIntensity`, `elasticity`, `friction`, `locationId`, `modelTableId`, `objectScale`, `physicsBitField`, `physicsTableId`, `motionTableId`, `soundTableId`, `physicsState`, `translucency`)
VALUES (3335459712, 'Heartland', 65536, 0, 0, 0, 262164, 0, 0, 0, 0, 0, 0, 8388656, 0, 100667499, 0, 0, 0, 0, 0, 0, 0, 0, 4, 0, 0, 0, 0, 0, 32, -0.1, 0, 0, 0, 0, 0, 0, 0, 0, 0, 33554867, 0, 98307, 0, 150994947, 0, 3084, 0);

INSERT INTO `ace_object` (`baseAceObjectId`, `weenieClassId`, `landblock`, `cell`, `posX`, `posY`, `posZ`, `qW`, `qX`, `qY`, `qZ`)
VALUES (3335459712, 1900, 8310, 58, 169.9136, 29.42767, 77.73299, 1, 0, 0, 0);

INSERT INTO `base_ace_object` (`baseAceObjectId`, `name`, `typeId`, `paletteId`, `ammoType`, `blipColor`, `bitField`, `burden`, `combatUse`, `cooldownDuration`, `cooldownId`, `effects`, `containersCapacity`, `header`, `hookTypeId`, `iconId`, `iconOverlayId`, `iconUnderlayId`, `hookItemTypes`, `itemsCapacity`, `location`, `materialType`, `maxStackSize`, `maxStructure`, `radar`, `pscript`, `spellId`, `stackSize`, `structure`, `targetTypeId`, `usability`, `useRadius`, `validLocations`, `value`, `workmanship`, `animationFrameId`, `defaultScript`, `defaultScriptIntensity`, `elasticity`, `friction`, `locationId`, `modelTableId`, `objectScale`, `physicsBitField`, `physicsTableId`, `motionTableId`, `soundTableId`, `physicsState`, `translucency`)
VALUES (2101112832, 'Olthoi Brood Hive', 65536, 0, 0, 0, 262164, 0, 0, 0, 0, 0, 0, 8388656, 0, 100667499, 0, 0, 0, 0, 0, 0, 0, 0, 4, 0, 0, 0, 0, 0, 32, -0.1, 0, 0, 0, 0, 0, 0, 0, 0, 0, 33556212, 0, 98307, 0, 150994947, 0, 3084, 0);

INSERT INTO `ace_object` (`baseAceObjectId`, `weenieClassId`, `landblock`, `cell`, `posX`, `posY`, `posZ`, `qW`, `qX`, `qY`, `qZ`)
VALUES (2101112832, 24913, 54215, 42, 142.144, 45.2361, 51.78233, -0.9992059, 0, 0, -0.03984519);

INSERT INTO `base_ace_object` (`baseAceObjectId`, `name`, `typeId`, `paletteId`, `ammoType`, `blipColor`, `bitField`, `burden`, `combatUse`, `cooldownDuration`, `cooldownId`, `effects`, `containersCapacity`, `header`, `hookTypeId`, `iconId`, `iconOverlayId`, `iconUnderlayId`, `hookItemTypes`, `itemsCapacity`, `location`, `materialType`, `maxStackSize`, `maxStructure`, `radar`, `pscript`, `spellId`, `stackSize`, `structure`, `targetTypeId`, `usability`, `useRadius`, `validLocations`, `value`, `workmanship`, `animationFrameId`, `defaultScript`, `defaultScriptIntensity`, `elasticity`, `friction`, `locationId`, `modelTableId`, `objectScale`, `physicsBitField`, `physicsTableId`, `motionTableId`, `soundTableId`, `physicsState`, `translucency`)
VALUES (2103246875, 'House Portal', 65536, 0, 0, 0, 262164, 0, 0, 0, 0, 0, 0, 41943088, 0, 100667499, 0, 0, 0, 0, 0, 0, 0, 0, 4, 0, 0, 0, 0, 0, 32, 0.75, 0, 0, 0, 0, 0, 0, 0, 0, 0, 33554867, 0, 98307, 0, 150994947, 0, 3076, 0);

INSERT INTO `ace_object` (`baseAceObjectId`, `weenieClassId`, `landblock`, `cell`, `posX`, `posY`, `posZ`, `qW`, `qX`, `qY`, `qZ`)
VALUES (2103246875, 11730, 54736, 280, 60.4291, 122.873, 217.137, 0.039463, 0, 0, 0.999221);

INSERT INTO `base_ace_object` (`baseAceObjectId`, `name`, `typeId`, `paletteId`, `ammoType`, `blipColor`, `bitField`, `burden`, `combatUse`, `cooldownDuration`, `cooldownId`, `effects`, `containersCapacity`, `header`, `hookTypeId`, `iconId`, `iconOverlayId`, `iconUnderlayId`, `hookItemTypes`, `itemsCapacity`, `location`, `materialType`, `maxStackSize`, `maxStructure`, `radar`, `pscript`, `spellId`, `stackSize`, `structure`, `targetTypeId`, `usability`, `useRadius`, `validLocations`, `value`, `workmanship`, `animationFrameId`, `defaultScript`, `defaultScriptIntensity`, `elasticity`, `friction`, `locationId`, `modelTableId`, `objectScale`, `physicsBitField`, `physicsTableId`, `motionTableId`, `soundTableId`, `physicsState`, `translucency`)
VALUES (2066563219, 'House Portal', 65536, 0, 0, 0, 262164, 0, 0, 0, 0, 0, 0, 41943088, 0, 100667499, 0, 0, 0, 0, 0, 0, 0, 0, 4, 0, 0, 0, 0, 0, 32, 0.75, 0, 0, 0, 0, 0, 0, 0, 0, 0, 33554867, 0, 98307, 0, 150994947, 0, 3076, 0);

INSERT INTO `ace_object` (`baseAceObjectId`, `weenieClassId`, `landblock`, `cell`, `posX`, `posY`, `posZ`, `qW`, `qX`, `qY`, `qZ`)
VALUES (2066563219, 11730, 45780, 280, 38.7015, 38.3614, 69.137, 0.9990302, 0, 0, -0.04403111);

INSERT INTO `base_ace_object` (`baseAceObjectId`, `name`, `typeId`, `paletteId`, `ammoType`, `blipColor`, `bitField`, `burden`, `combatUse`, `cooldownDuration`, `cooldownId`, `effects`, `containersCapacity`, `header`, `hookTypeId`, `iconId`, `iconOverlayId`, `iconUnderlayId`, `hookItemTypes`, `itemsCapacity`, `location`, `materialType`, `maxStackSize`, `maxStructure`, `radar`, `pscript`, `spellId`, `stackSize`, `structure`, `targetTypeId`, `usability`, `useRadius`, `validLocations`, `value`, `workmanship`, `animationFrameId`, `defaultScript`, `defaultScriptIntensity`, `elasticity`, `friction`, `locationId`, `modelTableId`, `objectScale`, `physicsBitField`, `physicsTableId`, `motionTableId`, `soundTableId`, `physicsState`, `translucency`)
VALUES (2066563220, 'House Portal', 65536, 0, 0, 0, 262164, 0, 0, 0, 0, 0, 0, 8388656, 0, 100667499, 0, 0, 0, 0, 0, 0, 0, 0, 4, 0, 0, 0, 0, 0, 32, 0.75, 0, 0, 0, 0, 0, 0, 0, 0, 0, 33554867, 0, 98307, 0, 150994947, 0, 3076, 0);

INSERT INTO `ace_object` (`baseAceObjectId`, `weenieClassId`, `landblock`, `cell`, `posX`, `posY`, `posZ`, `qW`, `qX`, `qY`, `qZ`)
VALUES (2066563220, 11730, 45780, 311, 45.6437, 156.51, 63.137, -0.692503, 0, 0, 0.721415);

INSERT INTO `base_ace_object` (`baseAceObjectId`, `name`, `typeId`, `paletteId`, `ammoType`, `blipColor`, `bitField`, `burden`, `combatUse`, `cooldownDuration`, `cooldownId`, `effects`, `containersCapacity`, `header`, `hookTypeId`, `iconId`, `iconOverlayId`, `iconUnderlayId`, `hookItemTypes`, `itemsCapacity`, `location`, `materialType`, `maxStackSize`, `maxStructure`, `radar`, `pscript`, `spellId`, `stackSize`, `structure`, `targetTypeId`, `usability`, `useRadius`, `validLocations`, `value`, `workmanship`, `animationFrameId`, `defaultScript`, `defaultScriptIntensity`, `elasticity`, `friction`, `locationId`, `modelTableId`, `objectScale`, `physicsBitField`, `physicsTableId`, `motionTableId`, `soundTableId`, `physicsState`, `translucency`)
VALUES (2066563222, 'House Portal', 65536, 0, 0, 0, 262164, 0, 0, 0, 0, 0, 0, 41943088, 0, 100667499, 0, 0, 0, 0, 0, 0, 0, 0, 4, 0, 0, 0, 0, 0, 32, 0.75, 0, 0, 0, 0, 0, 0, 0, 0, 0, 33554867, 0, 98307, 0, 150994947, 0, 3076, 0);

INSERT INTO `ace_object` (`baseAceObjectId`, `weenieClassId`, `landblock`, `cell`, `posX`, `posY`, `posZ`, `qW`, `qX`, `qY`, `qZ`)
VALUES (2066563222, 11730, 45780, 339, 153.172, 153.347, 43.137, 0.06689619, 0, 0, 0.9977599);

INSERT INTO `base_ace_object` (`baseAceObjectId`, `name`, `typeId`, `paletteId`, `ammoType`, `blipColor`, `bitField`, `burden`, `combatUse`, `cooldownDuration`, `cooldownId`, `effects`, `containersCapacity`, `header`, `hookTypeId`, `iconId`, `iconOverlayId`, `iconUnderlayId`, `hookItemTypes`, `itemsCapacity`, `location`, `materialType`, `maxStackSize`, `maxStructure`, `radar`, `pscript`, `spellId`, `stackSize`, `structure`, `targetTypeId`, `usability`, `useRadius`, `validLocations`, `value`, `workmanship`, `animationFrameId`, `defaultScript`, `defaultScriptIntensity`, `elasticity`, `friction`, `locationId`, `modelTableId`, `objectScale`, `physicsBitField`, `physicsTableId`, `motionTableId`, `soundTableId`, `physicsState`, `translucency`)
VALUES (2066563223, 'House Portal', 65536, 0, 0, 0, 262164, 0, 0, 0, 0, 0, 0, 41943088, 0, 100667499, 0, 0, 0, 0, 0, 0, 0, 0, 4, 0, 0, 0, 0, 0, 32, 0.75, 0, 0, 0, 0, 0, 0, 0, 0, 0, 33554867, 0, 98307, 0, 150994947, 0, 3076, 0);

INSERT INTO `ace_object` (`baseAceObjectId`, `weenieClassId`, `landblock`, `cell`, `posX`, `posY`, `posZ`, `qW`, `qX`, `qY`, `qZ`)
VALUES (2066563223, 11730, 45780, 370, 146.58, 35.8227, 45.137, 0.6991303, 0, 0, 0.7149943);

INSERT INTO `base_ace_object` (`baseAceObjectId`, `name`, `typeId`, `paletteId`, `ammoType`, `blipColor`, `bitField`, `burden`, `combatUse`, `cooldownDuration`, `cooldownId`, `effects`, `containersCapacity`, `header`, `hookTypeId`, `iconId`, `iconOverlayId`, `iconUnderlayId`, `hookItemTypes`, `itemsCapacity`, `location`, `materialType`, `maxStackSize`, `maxStructure`, `radar`, `pscript`, `spellId`, `stackSize`, `structure`, `targetTypeId`, `usability`, `useRadius`, `validLocations`, `value`, `workmanship`, `animationFrameId`, `defaultScript`, `defaultScriptIntensity`, `elasticity`, `friction`, `locationId`, `modelTableId`, `objectScale`, `physicsBitField`, `physicsTableId`, `motionTableId`, `soundTableId`, `physicsState`, `translucency`)
VALUES (2066563221, 'House Portal', 65536, 0, 0, 0, 262164, 0, 0, 0, 0, 0, 0, 41943088, 0, 100667499, 0, 0, 0, 0, 0, 0, 0, 0, 4, 0, 0, 0, 0, 0, 32, 0.75, 0, 0, 0, 0, 0, 0, 0, 0, 0, 33554867, 0, 98307, 0, 150994947, 0, 3076, 0);

INSERT INTO `ace_object` (`baseAceObjectId`, `weenieClassId`, `landblock`, `cell`, `posX`, `posY`, `posZ`, `qW`, `qX`, `qY`, `qZ`)
VALUES (2066563221, 11730, 45780, 398, 108.166, 74.7821, 53.137, -0.0104003, 0, 0, 0.9999459);

INSERT INTO `base_ace_object` (`baseAceObjectId`, `name`, `typeId`, `paletteId`, `ammoType`, `blipColor`, `bitField`, `burden`, `combatUse`, `cooldownDuration`, `cooldownId`, `effects`, `containersCapacity`, `header`, `hookTypeId`, `iconId`, `iconOverlayId`, `iconUnderlayId`, `hookItemTypes`, `itemsCapacity`, `location`, `materialType`, `maxStackSize`, `maxStructure`, `radar`, `pscript`, `spellId`, `stackSize`, `structure`, `targetTypeId`, `usability`, `useRadius`, `validLocations`, `value`, `workmanship`, `animationFrameId`, `defaultScript`, `defaultScriptIntensity`, `elasticity`, `friction`, `locationId`, `modelTableId`, `objectScale`, `physicsBitField`, `physicsTableId`, `motionTableId`, `soundTableId`, `physicsState`, `translucency`)
VALUES (2066559359, 'House Portal', 65536, 0, 0, 0, 262164, 0, 0, 0, 0, 0, 0, 41943088, 0, 100667499, 0, 0, 0, 0, 0, 0, 0, 0, 4, 0, 0, 0, 0, 0, 32, 0.75, 0, 0, 0, 0, 0, 0, 0, 0, 0, 33554867, 0, 98307, 0, 150994947, 0, 3076, 0);

INSERT INTO `ace_object` (`baseAceObjectId`, `weenieClassId`, `landblock`, `cell`, `posX`, `posY`, `posZ`, `qW`, `qX`, `qY`, `qZ`)
VALUES (2066559359, 11730, 45779, 280, 62.4961, 110.471, 71.137, 0.997498, 0, 0, -0.0706943);

INSERT INTO `base_ace_object` (`baseAceObjectId`, `name`, `typeId`, `paletteId`, `ammoType`, `blipColor`, `bitField`, `burden`, `combatUse`, `cooldownDuration`, `cooldownId`, `effects`, `containersCapacity`, `header`, `hookTypeId`, `iconId`, `iconOverlayId`, `iconUnderlayId`, `hookItemTypes`, `itemsCapacity`, `location`, `materialType`, `maxStackSize`, `maxStructure`, `radar`, `pscript`, `spellId`, `stackSize`, `structure`, `targetTypeId`, `usability`, `useRadius`, `validLocations`, `value`, `workmanship`, `animationFrameId`, `defaultScript`, `defaultScriptIntensity`, `elasticity`, `friction`, `locationId`, `modelTableId`, `objectScale`, `physicsBitField`, `physicsTableId`, `motionTableId`, `soundTableId`, `physicsState`, `translucency`)
VALUES (2066559365, 'House Portal', 65536, 0, 0, 0, 262164, 0, 0, 0, 0, 0, 0, 41943088, 0, 100667499, 0, 0, 0, 0, 0, 0, 0, 0, 4, 0, 0, 0, 0, 0, 32, 0.75, 0, 0, 0, 0, 0, 0, 0, 0, 0, 33554867, 0, 98307, 0, 150994947, 0, 3076, 0);

INSERT INTO `ace_object` (`baseAceObjectId`, `weenieClassId`, `landblock`, `cell`, `posX`, `posY`, `posZ`, `qW`, `qX`, `qY`, `qZ`)
VALUES (2066559365, 11730, 45779, 311, 158.777, 33.4484, 57.137, -0.732995, 0, 0, 0.680234);

INSERT INTO `base_ace_object` (`baseAceObjectId`, `name`, `typeId`, `paletteId`, `ammoType`, `blipColor`, `bitField`, `burden`, `combatUse`, `cooldownDuration`, `cooldownId`, `effects`, `containersCapacity`, `header`, `hookTypeId`, `iconId`, `iconOverlayId`, `iconUnderlayId`, `hookItemTypes`, `itemsCapacity`, `location`, `materialType`, `maxStackSize`, `maxStructure`, `radar`, `pscript`, `spellId`, `stackSize`, `structure`, `targetTypeId`, `usability`, `useRadius`, `validLocations`, `value`, `workmanship`, `animationFrameId`, `defaultScript`, `defaultScriptIntensity`, `elasticity`, `friction`, `locationId`, `modelTableId`, `objectScale`, `physicsBitField`, `physicsTableId`, `motionTableId`, `soundTableId`, `physicsState`, `translucency`)
VALUES (2066559363, 'House Portal', 65536, 0, 0, 0, 262164, 0, 0, 0, 0, 0, 0, 41943088, 0, 100667499, 0, 0, 0, 0, 0, 0, 0, 0, 4, 0, 0, 0, 0, 0, 32, 0.75, 0, 0, 0, 0, 0, 0, 0, 0, 0, 33554867, 0, 98307, 0, 150994947, 0, 3076, 0);

INSERT INTO `ace_object` (`baseAceObjectId`, `weenieClassId`, `landblock`, `cell`, `posX`, `posY`, `posZ`, `qW`, `qX`, `qY`, `qZ`)
VALUES (2066559363, 11730, 45779, 342, 73.9008, 34.5137, 69.137, -0.711003, 0, 0, -0.703189);

INSERT INTO `base_ace_object` (`baseAceObjectId`, `name`, `typeId`, `paletteId`, `ammoType`, `blipColor`, `bitField`, `burden`, `combatUse`, `cooldownDuration`, `cooldownId`, `effects`, `containersCapacity`, `header`, `hookTypeId`, `iconId`, `iconOverlayId`, `iconUnderlayId`, `hookItemTypes`, `itemsCapacity`, `location`, `materialType`, `maxStackSize`, `maxStructure`, `radar`, `pscript`, `spellId`, `stackSize`, `structure`, `targetTypeId`, `usability`, `useRadius`, `validLocations`, `value`, `workmanship`, `animationFrameId`, `defaultScript`, `defaultScriptIntensity`, `elasticity`, `friction`, `locationId`, `modelTableId`, `objectScale`, `physicsBitField`, `physicsTableId`, `motionTableId`, `soundTableId`, `physicsState`, `translucency`)
VALUES (2066559361, 'House Portal', 65536, 0, 0, 0, 262164, 0, 0, 0, 0, 0, 0, 8388656, 0, 100667499, 0, 0, 0, 0, 0, 0, 0, 0, 4, 0, 0, 0, 0, 0, 32, 0.75, 0, 0, 0, 0, 0, 0, 0, 0, 0, 33554867, 0, 98307, 0, 150994947, 0, 3076, 0);

INSERT INTO `ace_object` (`baseAceObjectId`, `weenieClassId`, `landblock`, `cell`, `posX`, `posY`, `posZ`, `qW`, `qX`, `qY`, `qZ`)
VALUES (2066559361, 11730, 45779, 370, 45.6827, 60.0871, 73.137, -0.6913643, 0, 0, 0.7225063);

INSERT INTO `base_ace_object` (`baseAceObjectId`, `name`, `typeId`, `paletteId`, `ammoType`, `blipColor`, `bitField`, `burden`, `combatUse`, `cooldownDuration`, `cooldownId`, `effects`, `containersCapacity`, `header`, `hookTypeId`, `iconId`, `iconOverlayId`, `iconUnderlayId`, `hookItemTypes`, `itemsCapacity`, `location`, `materialType`, `maxStackSize`, `maxStructure`, `radar`, `pscript`, `spellId`, `stackSize`, `structure`, `targetTypeId`, `usability`, `useRadius`, `validLocations`, `value`, `workmanship`, `animationFrameId`, `defaultScript`, `defaultScriptIntensity`, `elasticity`, `friction`, `locationId`, `modelTableId`, `objectScale`, `physicsBitField`, `physicsTableId`, `motionTableId`, `soundTableId`, `physicsState`, `translucency`)
VALUES (2066559357, 'House Portal', 65536, 0, 0, 0, 262164, 0, 0, 0, 0, 0, 0, 41943088, 0, 100667499, 0, 0, 0, 0, 0, 0, 0, 0, 4, 0, 0, 0, 0, 0, 32, 0.75, 0, 0, 0, 0, 0, 0, 0, 0, 0, 33554867, 0, 98307, 0, 150994947, 0, 3076, 0);

INSERT INTO `ace_object` (`baseAceObjectId`, `weenieClassId`, `landblock`, `cell`, `posX`, `posY`, `posZ`, `qW`, `qX`, `qY`, `qZ`)
VALUES (2066559357, 11730, 45779, 398, 122.5, 108.075, 57.137, 0.7101268, 0, 0, 0.7040738);

INSERT INTO `base_ace_object` (`baseAceObjectId`, `name`, `typeId`, `paletteId`, `ammoType`, `blipColor`, `bitField`, `burden`, `combatUse`, `cooldownDuration`, `cooldownId`, `effects`, `containersCapacity`, `header`, `hookTypeId`, `iconId`, `iconOverlayId`, `iconUnderlayId`, `hookItemTypes`, `itemsCapacity`, `location`, `materialType`, `maxStackSize`, `maxStructure`, `radar`, `pscript`, `spellId`, `stackSize`, `structure`, `targetTypeId`, `usability`, `useRadius`, `validLocations`, `value`, `workmanship`, `animationFrameId`, `defaultScript`, `defaultScriptIntensity`, `elasticity`, `friction`, `locationId`, `modelTableId`, `objectScale`, `physicsBitField`, `physicsTableId`, `motionTableId`, `soundTableId`, `physicsState`, `translucency`)
VALUES (2029776965, 'House Portal', 65536, 0, 0, 0, 262164, 0, 0, 0, 0, 0, 0, 41943088, 0, 100667499, 0, 0, 0, 0, 0, 0, 0, 0, 4, 0, 0, 0, 0, 0, 32, 0.75, 0, 0, 0, 0, 0, 0, 0, 0, 0, 33554867, 0, 98307, 0, 150994947, 0, 3076, 0);

INSERT INTO `ace_object` (`baseAceObjectId`, `weenieClassId`, `landblock`, `cell`, `posX`, `posY`, `posZ`, `qW`, `qX`, `qY`, `qZ`)
VALUES (2029776965, 11730, 36799, 338, 125.201, 88.9154, 101.937, 0.7136899, 0, 0, 0.7004619);

INSERT INTO `base_ace_object` (`baseAceObjectId`, `name`, `typeId`, `paletteId`, `ammoType`, `blipColor`, `bitField`, `burden`, `combatUse`, `cooldownDuration`, `cooldownId`, `effects`, `containersCapacity`, `header`, `hookTypeId`, `iconId`, `iconOverlayId`, `iconUnderlayId`, `hookItemTypes`, `itemsCapacity`, `location`, `materialType`, `maxStackSize`, `maxStructure`, `radar`, `pscript`, `spellId`, `stackSize`, `structure`, `targetTypeId`, `usability`, `useRadius`, `validLocations`, `value`, `workmanship`, `animationFrameId`, `defaultScript`, `defaultScriptIntensity`, `elasticity`, `friction`, `locationId`, `modelTableId`, `objectScale`, `physicsBitField`, `physicsTableId`, `motionTableId`, `soundTableId`, `physicsState`, `translucency`)
VALUES (3335817684, 'Direlands Valleys Portal', 65536, 0, 0, 0, 262164, 0, 0, 0, 0, 0, 0, 8388656, 0, 100667499, 0, 0, 0, 0, 0, 0, 0, 0, 4, 0, 0, 0, 0, 0, 32, -0.1, 0, 0, 0, 0, 0, 0, 0, 0, 0, 33555926, 0, 98307, 0, 150994947, 0, 3084, 0);

INSERT INTO `ace_object` (`baseAceObjectId`, `weenieClassId`, `landblock`, `cell`, `posX`, `posY`, `posZ`, `qW`, `qX`, `qY`, `qZ`)
VALUES (3335817684, 8386, 32199, 34, 103.64, 29.33459, 109.2875, 0.9537169, 0, 0, -0.3007058);

INSERT INTO `base_ace_object` (`baseAceObjectId`, `name`, `typeId`, `paletteId`, `ammoType`, `blipColor`, `bitField`, `burden`, `combatUse`, `cooldownDuration`, `cooldownId`, `effects`, `containersCapacity`, `header`, `hookTypeId`, `iconId`, `iconOverlayId`, `iconUnderlayId`, `hookItemTypes`, `itemsCapacity`, `location`, `materialType`, `maxStackSize`, `maxStructure`, `radar`, `pscript`, `spellId`, `stackSize`, `structure`, `targetTypeId`, `usability`, `useRadius`, `validLocations`, `value`, `workmanship`, `animationFrameId`, `defaultScript`, `defaultScriptIntensity`, `elasticity`, `friction`, `locationId`, `modelTableId`, `objectScale`, `physicsBitField`, `physicsTableId`, `motionTableId`, `soundTableId`, `physicsState`, `translucency`)
VALUES (1881911316, 'Surface', 65536, 0, 0, 0, 262164, 0, 0, 0, 0, 0, 0, 8388656, 0, 100667499, 0, 0, 0, 0, 0, 0, 0, 0, 4, 0, 0, 0, 0, 0, 32, -0.1, 0, 0, 0, 0, 0, 0, 0, 0, 0, 33554867, 0, 98307, 0, 150994947, 0, 3084, 0);

INSERT INTO `ace_object` (`baseAceObjectId`, `weenieClassId`, `landblock`, `cell`, `posX`, `posY`, `posZ`, `qW`, `qX`, `qY`, `qZ`)
VALUES (1881911316, 8498, 699, 401, 87.3101, -98.4892, 23.937, -0.6375479, 0, 0, -0.7704108);

INSERT INTO `base_ace_object` (`baseAceObjectId`, `name`, `typeId`, `paletteId`, `ammoType`, `blipColor`, `bitField`, `burden`, `combatUse`, `cooldownDuration`, `cooldownId`, `effects`, `containersCapacity`, `header`, `hookTypeId`, `iconId`, `iconOverlayId`, `iconUnderlayId`, `hookItemTypes`, `itemsCapacity`, `location`, `materialType`, `maxStackSize`, `maxStructure`, `radar`, `pscript`, `spellId`, `stackSize`, `structure`, `targetTypeId`, `usability`, `useRadius`, `validLocations`, `value`, `workmanship`, `animationFrameId`, `defaultScript`, `defaultScriptIntensity`, `elasticity`, `friction`, `locationId`, `modelTableId`, `objectScale`, `physicsBitField`, `physicsTableId`, `motionTableId`, `soundTableId`, `physicsState`, `translucency`)
VALUES (1881911311, 'Surface', 65536, 0, 0, 0, 262164, 0, 0, 0, 0, 0, 0, 8388656, 0, 100667499, 0, 0, 0, 0, 0, 0, 0, 0, 4, 0, 0, 0, 0, 0, 32, -0.1, 0, 0, 0, 0, 0, 0, 0, 0, 0, 33554867, 0, 98307, 0, 150994947, 0, 3084, 0);

INSERT INTO `ace_object` (`baseAceObjectId`, `weenieClassId`, `landblock`, `cell`, `posX`, `posY`, `posZ`, `qW`, `qX`, `qY`, `qZ`)
VALUES (1881911311, 8498, 699, 336, 70, -126, -0.06299996, 1, 0, 0, 0);

INSERT INTO `base_ace_object` (`baseAceObjectId`, `name`, `typeId`, `paletteId`, `ammoType`, `blipColor`, `bitField`, `burden`, `combatUse`, `cooldownDuration`, `cooldownId`, `effects`, `containersCapacity`, `header`, `hookTypeId`, `iconId`, `iconOverlayId`, `iconUnderlayId`, `hookItemTypes`, `itemsCapacity`, `location`, `materialType`, `maxStackSize`, `maxStructure`, `radar`, `pscript`, `spellId`, `stackSize`, `structure`, `targetTypeId`, `usability`, `useRadius`, `validLocations`, `value`, `workmanship`, `animationFrameId`, `defaultScript`, `defaultScriptIntensity`, `elasticity`, `friction`, `locationId`, `modelTableId`, `objectScale`, `physicsBitField`, `physicsTableId`, `motionTableId`, `soundTableId`, `physicsState`, `translucency`)
VALUES (1881911304, 'Destroyed Eastham Portal', 65536, 0, 0, 0, 262164, 0, 0, 0, 0, 0, 0, 48, 0, 100667499, 0, 0, 0, 0, 0, 0, 0, 0, 0, 0, 0, 0, 0, 0, 1, -0.1, 0, 0, 0, 0, 0, 0, 0, 0, 0, 33561060, 0, 98307, 0, 150995314, 0, 3092, 0);

INSERT INTO `ace_object` (`baseAceObjectId`, `weenieClassId`, `landblock`, `cell`, `posX`, `posY`, `posZ`, `qW`, `qX`, `qY`, `qZ`)
VALUES (1881911304, 1016, 699, 268, 40, -16.7, -18.20983, 1, 0, 0, 0);

INSERT INTO `base_ace_object` (`baseAceObjectId`, `name`, `typeId`, `paletteId`, `ammoType`, `blipColor`, `bitField`, `burden`, `combatUse`, `cooldownDuration`, `cooldownId`, `effects`, `containersCapacity`, `header`, `hookTypeId`, `iconId`, `iconOverlayId`, `iconUnderlayId`, `hookItemTypes`, `itemsCapacity`, `location`, `materialType`, `maxStackSize`, `maxStructure`, `radar`, `pscript`, `spellId`, `stackSize`, `structure`, `targetTypeId`, `usability`, `useRadius`, `validLocations`, `value`, `workmanship`, `animationFrameId`, `defaultScript`, `defaultScriptIntensity`, `elasticity`, `friction`, `locationId`, `modelTableId`, `objectScale`, `physicsBitField`, `physicsTableId`, `motionTableId`, `soundTableId`, `physicsState`, `translucency`)
VALUES (1881911302, 'Destroyed Tufa Portal', 65536, 0, 0, 0, 262164, 0, 0, 0, 0, 0, 0, 48, 0, 100667499, 0, 0, 0, 0, 0, 0, 0, 0, 0, 0, 0, 0, 0, 0, 1, -0.1, 0, 0, 0, 0, 0, 0, 0, 0, 0, 33561060, 0, 98307, 0, 150995314, 0, 3092, 0);

INSERT INTO `ace_object` (`baseAceObjectId`, `weenieClassId`, `landblock`, `cell`, `posX`, `posY`, `posZ`, `qW`, `qX`, `qY`, `qZ`)
VALUES (1881911302, 4038, 699, 265, 30, -16.7, -18.20983, 1, 0, 0, 0);

INSERT INTO `base_ace_object` (`baseAceObjectId`, `name`, `typeId`, `paletteId`, `ammoType`, `blipColor`, `bitField`, `burden`, `combatUse`, `cooldownDuration`, `cooldownId`, `effects`, `containersCapacity`, `header`, `hookTypeId`, `iconId`, `iconOverlayId`, `iconUnderlayId`, `hookItemTypes`, `itemsCapacity`, `location`, `materialType`, `maxStackSize`, `maxStructure`, `radar`, `pscript`, `spellId`, `stackSize`, `structure`, `targetTypeId`, `usability`, `useRadius`, `validLocations`, `value`, `workmanship`, `animationFrameId`, `defaultScript`, `defaultScriptIntensity`, `elasticity`, `friction`, `locationId`, `modelTableId`, `objectScale`, `physicsBitField`, `physicsTableId`, `motionTableId`, `soundTableId`, `physicsState`, `translucency`)
VALUES (1881911300, 'Destroyed Portal to Hebian-To', 65536, 0, 0, 0, 262164, 0, 0, 0, 0, 0, 0, 48, 0, 100667499, 0, 0, 0, 0, 0, 0, 0, 0, 0, 0, 0, 0, 0, 0, 1, -0.1, 0, 0, 0, 0, 0, 0, 0, 0, 0, 33561060, 0, 98307, 0, 150995314, 0, 3092, 0);

INSERT INTO `ace_object` (`baseAceObjectId`, `weenieClassId`, `landblock`, `cell`, `posX`, `posY`, `posZ`, `qW`, `qX`, `qY`, `qZ`)
VALUES (1881911300, 1018, 699, 262, 20, -16.7, -18.20983, 1, 0, 0, 0);

INSERT INTO `base_ace_object` (`baseAceObjectId`, `name`, `typeId`, `paletteId`, `ammoType`, `blipColor`, `bitField`, `burden`, `combatUse`, `cooldownDuration`, `cooldownId`, `effects`, `containersCapacity`, `header`, `hookTypeId`, `iconId`, `iconOverlayId`, `iconUnderlayId`, `hookItemTypes`, `itemsCapacity`, `location`, `materialType`, `maxStackSize`, `maxStructure`, `radar`, `pscript`, `spellId`, `stackSize`, `structure`, `targetTypeId`, `usability`, `useRadius`, `validLocations`, `value`, `workmanship`, `animationFrameId`, `defaultScript`, `defaultScriptIntensity`, `elasticity`, `friction`, `locationId`, `modelTableId`, `objectScale`, `physicsBitField`, `physicsTableId`, `motionTableId`, `soundTableId`, `physicsState`, `translucency`)
VALUES (1881911303, 'Destroyed Glenden Wood Portal', 65536, 0, 0, 0, 262164, 0, 0, 0, 0, 0, 0, 48, 0, 100667499, 0, 0, 0, 0, 0, 0, 0, 0, 0, 0, 0, 0, 0, 0, 1, -0.1, 0, 0, 0, 0, 0, 0, 0, 0, 0, 33561060, 0, 98307, 0, 150995314, 0, 3092, 0);

INSERT INTO `ace_object` (`baseAceObjectId`, `weenieClassId`, `landblock`, `cell`, `posX`, `posY`, `posZ`, `qW`, `qX`, `qY`, `qZ`)
VALUES (1881911303, 1017, 699, 266, 40, -3.3, -18.20983, -4.37114E-08, 0, 0, -1);

INSERT INTO `base_ace_object` (`baseAceObjectId`, `name`, `typeId`, `paletteId`, `ammoType`, `blipColor`, `bitField`, `burden`, `combatUse`, `cooldownDuration`, `cooldownId`, `effects`, `containersCapacity`, `header`, `hookTypeId`, `iconId`, `iconOverlayId`, `iconUnderlayId`, `hookItemTypes`, `itemsCapacity`, `location`, `materialType`, `maxStackSize`, `maxStructure`, `radar`, `pscript`, `spellId`, `stackSize`, `structure`, `targetTypeId`, `usability`, `useRadius`, `validLocations`, `value`, `workmanship`, `animationFrameId`, `defaultScript`, `defaultScriptIntensity`, `elasticity`, `friction`, `locationId`, `modelTableId`, `objectScale`, `physicsBitField`, `physicsTableId`, `motionTableId`, `soundTableId`, `physicsState`, `translucency`)
VALUES (1881911301, 'Destroyed Baishi Portal', 65536, 0, 0, 0, 262164, 0, 0, 0, 0, 0, 0, 48, 0, 100667499, 0, 0, 0, 0, 0, 0, 0, 0, 0, 0, 0, 0, 0, 0, 1, -0.1, 0, 0, 0, 0, 0, 0, 0, 0, 0, 33561060, 0, 98307, 0, 150995314, 0, 3092, 0);

INSERT INTO `ace_object` (`baseAceObjectId`, `weenieClassId`, `landblock`, `cell`, `posX`, `posY`, `posZ`, `qW`, `qX`, `qY`, `qZ`)
VALUES (1881911301, 4037, 699, 263, 30, -3.3, -18.20983, -4.37114E-08, 0, 0, -1);

INSERT INTO `base_ace_object` (`baseAceObjectId`, `name`, `typeId`, `paletteId`, `ammoType`, `blipColor`, `bitField`, `burden`, `combatUse`, `cooldownDuration`, `cooldownId`, `effects`, `containersCapacity`, `header`, `hookTypeId`, `iconId`, `iconOverlayId`, `iconUnderlayId`, `hookItemTypes`, `itemsCapacity`, `location`, `materialType`, `maxStackSize`, `maxStructure`, `radar`, `pscript`, `spellId`, `stackSize`, `structure`, `targetTypeId`, `usability`, `useRadius`, `validLocations`, `value`, `workmanship`, `animationFrameId`, `defaultScript`, `defaultScriptIntensity`, `elasticity`, `friction`, `locationId`, `modelTableId`, `objectScale`, `physicsBitField`, `physicsTableId`, `motionTableId`, `soundTableId`, `physicsState`, `translucency`)
VALUES (1881911298, 'Destroyed Portal to Zaikhal', 65536, 0, 0, 0, 262164, 0, 0, 0, 0, 0, 0, 48, 0, 100667499, 0, 0, 0, 0, 0, 0, 0, 0, 0, 0, 0, 0, 0, 0, 1, -0.1, 0, 0, 0, 0, 0, 0, 0, 0, 0, 33561060, 0, 98307, 0, 150995314, 0, 3092, 0);

INSERT INTO `ace_object` (`baseAceObjectId`, `weenieClassId`, `landblock`, `cell`, `posX`, `posY`, `posZ`, `qW`, `qX`, `qY`, `qZ`)
VALUES (1881911298, 1032, 699, 259, 10, -16.7, -18.20983, 1, 0, 0, 0);

INSERT INTO `base_ace_object` (`baseAceObjectId`, `name`, `typeId`, `paletteId`, `ammoType`, `blipColor`, `bitField`, `burden`, `combatUse`, `cooldownDuration`, `cooldownId`, `effects`, `containersCapacity`, `header`, `hookTypeId`, `iconId`, `iconOverlayId`, `iconUnderlayId`, `hookItemTypes`, `itemsCapacity`, `location`, `materialType`, `maxStackSize`, `maxStructure`, `radar`, `pscript`, `spellId`, `stackSize`, `structure`, `targetTypeId`, `usability`, `useRadius`, `validLocations`, `value`, `workmanship`, `animationFrameId`, `defaultScript`, `defaultScriptIntensity`, `elasticity`, `friction`, `locationId`, `modelTableId`, `objectScale`, `physicsBitField`, `physicsTableId`, `motionTableId`, `soundTableId`, `physicsState`, `translucency`)
VALUES (1881911299, 'Destroyed Portal to Neydisa Castle', 65536, 0, 0, 0, 262164, 0, 0, 0, 0, 0, 0, 48, 0, 100667499, 0, 0, 0, 0, 0, 0, 0, 0, 0, 0, 0, 0, 0, 0, 1, -0.1, 0, 0, 0, 0, 0, 0, 0, 0, 0, 33561060, 0, 98307, 0, 150995314, 0, 3092, 0);

INSERT INTO `ace_object` (`baseAceObjectId`, `weenieClassId`, `landblock`, `cell`, `posX`, `posY`, `posZ`, `qW`, `qX`, `qY`, `qZ`)
VALUES (1881911299, 6086, 699, 260, 20, -3.3, -18.20983, -4.37114E-08, 0, 0, -1);

INSERT INTO `base_ace_object` (`baseAceObjectId`, `name`, `typeId`, `paletteId`, `ammoType`, `blipColor`, `bitField`, `burden`, `combatUse`, `cooldownDuration`, `cooldownId`, `effects`, `containersCapacity`, `header`, `hookTypeId`, `iconId`, `iconOverlayId`, `iconUnderlayId`, `hookItemTypes`, `itemsCapacity`, `location`, `materialType`, `maxStackSize`, `maxStructure`, `radar`, `pscript`, `spellId`, `stackSize`, `structure`, `targetTypeId`, `usability`, `useRadius`, `validLocations`, `value`, `workmanship`, `animationFrameId`, `defaultScript`, `defaultScriptIntensity`, `elasticity`, `friction`, `locationId`, `modelTableId`, `objectScale`, `physicsBitField`, `physicsTableId`, `motionTableId`, `soundTableId`, `physicsState`, `translucency`)
VALUES (1881911297, 'Destroyed Plateau Portal', 65536, 0, 0, 0, 262164, 0, 0, 0, 0, 0, 0, 48, 0, 100667499, 0, 0, 0, 0, 0, 0, 0, 0, 0, 0, 0, 0, 0, 0, 1, -0.1, 0, 0, 0, 0, 0, 0, 0, 0, 0, 33561060, 0, 98307, 0, 150995314, 0, 3092, 0);

INSERT INTO `ace_object` (`baseAceObjectId`, `weenieClassId`, `landblock`, `cell`, `posX`, `posY`, `posZ`, `qW`, `qX`, `qY`, `qZ`)
VALUES (1881911297, 4042, 699, 257, 10, -3.3, -18.20983, -4.37114E-08, 0, 0, -1);

INSERT INTO `base_ace_object` (`baseAceObjectId`, `name`, `typeId`, `paletteId`, `ammoType`, `blipColor`, `bitField`, `burden`, `combatUse`, `cooldownDuration`, `cooldownId`, `effects`, `containersCapacity`, `header`, `hookTypeId`, `iconId`, `iconOverlayId`, `iconUnderlayId`, `hookItemTypes`, `itemsCapacity`, `location`, `materialType`, `maxStackSize`, `maxStructure`, `radar`, `pscript`, `spellId`, `stackSize`, `structure`, `targetTypeId`, `usability`, `useRadius`, `validLocations`, `value`, `workmanship`, `animationFrameId`, `defaultScript`, `defaultScriptIntensity`, `elasticity`, `friction`, `locationId`, `modelTableId`, `objectScale`, `physicsBitField`, `physicsTableId`, `motionTableId`, `soundTableId`, `physicsState`, `translucency`)
VALUES (1881911296, 'North Direlands Portal', 65536, 0, 0, 0, 262164, 0, 0, 0, 0, 0, 0, 8388656, 0, 100667499, 0, 0, 0, 0, 0, 0, 0, 0, 4, 0, 0, 0, 0, 0, 32, -0.1, 0, 0, 0, 0, 0, 0, 0, 0, 0, 33555923, 0, 98307, 0, 150994947, 0, 3084, 0);

INSERT INTO `ace_object` (`baseAceObjectId`, `weenieClassId`, `landblock`, `cell`, `posX`, `posY`, `posZ`, `qW`, `qX`, `qY`, `qZ`)
VALUES (1881911296, 1104, 699, 256, 3.29999, -10, -18.063, 0.7071068, 0, 0, -0.7071068);

INSERT INTO `base_ace_object` (`baseAceObjectId`, `name`, `typeId`, `paletteId`, `ammoType`, `blipColor`, `bitField`, `burden`, `combatUse`, `cooldownDuration`, `cooldownId`, `effects`, `containersCapacity`, `header`, `hookTypeId`, `iconId`, `iconOverlayId`, `iconUnderlayId`, `hookItemTypes`, `itemsCapacity`, `location`, `materialType`, `maxStackSize`, `maxStructure`, `radar`, `pscript`, `spellId`, `stackSize`, `structure`, `targetTypeId`, `usability`, `useRadius`, `validLocations`, `value`, `workmanship`, `animationFrameId`, `defaultScript`, `defaultScriptIntensity`, `elasticity`, `friction`, `locationId`, `modelTableId`, `objectScale`, `physicsBitField`, `physicsTableId`, `motionTableId`, `soundTableId`, `physicsState`, `translucency`)
VALUES (1881911305, 'South Direlands Portal', 65536, 0, 0, 0, 262164, 0, 0, 0, 0, 0, 0, 8388656, 0, 100667499, 0, 0, 0, 0, 0, 0, 0, 0, 4, 0, 0, 0, 0, 0, 32, -0.1, 0, 0, 0, 0, 0, 0, 0, 0, 0, 33555923, 0, 98307, 0, 150994947, 0, 3084, 0);

INSERT INTO `ace_object` (`baseAceObjectId`, `weenieClassId`, `landblock`, `cell`, `posX`, `posY`, `posZ`, `qW`, `qX`, `qY`, `qZ`)
VALUES (1881911305, 1107, 699, 269, 46.7, -10, -18.063, -0.7071068, 0, 0, -0.7071068);

INSERT INTO `base_ace_object` (`baseAceObjectId`, `name`, `typeId`, `paletteId`, `ammoType`, `blipColor`, `bitField`, `burden`, `combatUse`, `cooldownDuration`, `cooldownId`, `effects`, `containersCapacity`, `header`, `hookTypeId`, `iconId`, `iconOverlayId`, `iconUnderlayId`, `hookItemTypes`, `itemsCapacity`, `location`, `materialType`, `maxStackSize`, `maxStructure`, `radar`, `pscript`, `spellId`, `stackSize`, `structure`, `targetTypeId`, `usability`, `useRadius`, `validLocations`, `value`, `workmanship`, `animationFrameId`, `defaultScript`, `defaultScriptIntensity`, `elasticity`, `friction`, `locationId`, `modelTableId`, `objectScale`, `physicsBitField`, `physicsTableId`, `motionTableId`, `soundTableId`, `physicsState`, `translucency`)
VALUES (3334542282, 'Gauntlet Stage 6', 65536, 0, 0, 0, 262164, 0, 0, 0, 0, 0, 0, 8388656, 0, 100677070, 0, 0, 0, 0, 0, 0, 0, 0, 4, 0, 0, 0, 0, 0, 32, 0.3, 0, 0, 0, 0, 0, 0, 0, 0, 0, 33559873, 0, 32769, 0, 0, 0, 66576, 0);

INSERT INTO `ace_object` (`baseAceObjectId`, `weenieClassId`, `landblock`, `cell`, `posX`, `posY`, `posZ`, `qW`, `qX`, `qY`, `qZ`)
VALUES (3334542282, 52908, 22884, 284, 170, 4.9, 0.055, 1, 0, 0, 0);

INSERT INTO `base_ace_object` (`baseAceObjectId`, `name`, `typeId`, `paletteId`, `ammoType`, `blipColor`, `bitField`, `burden`, `combatUse`, `cooldownDuration`, `cooldownId`, `effects`, `containersCapacity`, `header`, `hookTypeId`, `iconId`, `iconOverlayId`, `iconUnderlayId`, `hookItemTypes`, `itemsCapacity`, `location`, `materialType`, `maxStackSize`, `maxStructure`, `radar`, `pscript`, `spellId`, `stackSize`, `structure`, `targetTypeId`, `usability`, `useRadius`, `validLocations`, `value`, `workmanship`, `animationFrameId`, `defaultScript`, `defaultScriptIntensity`, `elasticity`, `friction`, `locationId`, `modelTableId`, `objectScale`, `physicsBitField`, `physicsTableId`, `motionTableId`, `soundTableId`, `physicsState`, `translucency`)
VALUES (1972809807, 'Surface', 65536, 0, 0, 0, 262164, 0, 0, 0, 0, 0, 0, 8388656, 0, 100667499, 0, 0, 0, 0, 0, 0, 0, 0, 4, 0, 0, 0, 0, 0, 32, -0.1, 0, 0, 0, 0, 0, 0, 0, 0, 0, 33554867, 0, 98307, 0, 150994947, 0, 3084, 0);

INSERT INTO `ace_object` (`baseAceObjectId`, `weenieClassId`, `landblock`, `cell`, `posX`, `posY`, `posZ`, `qW`, `qX`, `qY`, `qZ`)
VALUES (1972809807, 37386, 22891, 289, 153.493, -76.6717, -0.06299996, 0.8876659, 0, 0, -0.460488);

INSERT INTO `base_ace_object` (`baseAceObjectId`, `name`, `typeId`, `paletteId`, `ammoType`, `blipColor`, `bitField`, `burden`, `combatUse`, `cooldownDuration`, `cooldownId`, `effects`, `containersCapacity`, `header`, `hookTypeId`, `iconId`, `iconOverlayId`, `iconUnderlayId`, `hookItemTypes`, `itemsCapacity`, `location`, `materialType`, `maxStackSize`, `maxStructure`, `radar`, `pscript`, `spellId`, `stackSize`, `structure`, `targetTypeId`, `usability`, `useRadius`, `validLocations`, `value`, `workmanship`, `animationFrameId`, `defaultScript`, `defaultScriptIntensity`, `elasticity`, `friction`, `locationId`, `modelTableId`, `objectScale`, `physicsBitField`, `physicsTableId`, `motionTableId`, `soundTableId`, `physicsState`, `translucency`)
VALUES (2049744896, 'Tusker Temple', 65536, 0, 0, 0, 262164, 0, 0, 0, 0, 0, 0, 8388656, 0, 100667499, 0, 0, 0, 0, 0, 0, 0, 0, 4, 0, 0, 0, 0, 0, 32, -0.1, 0, 0, 0, 0, 0, 0, 0, 0, 0, 33555923, 0, 98307, 0, 150994947, 0, 3084, 0);

INSERT INTO `ace_object` (`baseAceObjectId`, `weenieClassId`, `landblock`, `cell`, `posX`, `posY`, `posZ`, `qW`, `qX`, `qY`, `qZ`)
VALUES (2049744896, 22698, 41674, 58, 186.042, 34.5873, 110.3228, -0.9907883, 0, 0, -0.13542);

INSERT INTO `base_ace_object` (`baseAceObjectId`, `name`, `typeId`, `paletteId`, `ammoType`, `blipColor`, `bitField`, `burden`, `combatUse`, `cooldownDuration`, `cooldownId`, `effects`, `containersCapacity`, `header`, `hookTypeId`, `iconId`, `iconOverlayId`, `iconUnderlayId`, `hookItemTypes`, `itemsCapacity`, `location`, `materialType`, `maxStackSize`, `maxStructure`, `radar`, `pscript`, `spellId`, `stackSize`, `structure`, `targetTypeId`, `usability`, `useRadius`, `validLocations`, `value`, `workmanship`, `animationFrameId`, `defaultScript`, `defaultScriptIntensity`, `elasticity`, `friction`, `locationId`, `modelTableId`, `objectScale`, `physicsBitField`, `physicsTableId`, `motionTableId`, `soundTableId`, `physicsState`, `translucency`)
VALUES (2037235712, 'Mage Academy Portal', 65536, 0, 0, 0, 262164, 0, 0, 0, 0, 0, 0, 8388656, 0, 100667499, 0, 0, 0, 0, 0, 0, 0, 0, 4, 0, 0, 0, 0, 0, 32, -0.1, 0, 0, 0, 0, 0, 0, 0, 0, 0, 33555925, 0, 98307, 0, 150994947, 0, 3084, 0);

INSERT INTO `ace_object` (`baseAceObjectId`, `weenieClassId`, `landblock`, `cell`, `posX`, `posY`, `posZ`, `qW`, `qX`, `qY`, `qZ`)
VALUES (2037235712, 5667, 38620, 39, 106.294, 160.204, 301.4955, -0.5519369, 0, 0, -0.8338859);

INSERT INTO `base_ace_object` (`baseAceObjectId`, `name`, `typeId`, `paletteId`, `ammoType`, `blipColor`, `bitField`, `burden`, `combatUse`, `cooldownDuration`, `cooldownId`, `effects`, `containersCapacity`, `header`, `hookTypeId`, `iconId`, `iconOverlayId`, `iconUnderlayId`, `hookItemTypes`, `itemsCapacity`, `location`, `materialType`, `maxStackSize`, `maxStructure`, `radar`, `pscript`, `spellId`, `stackSize`, `structure`, `targetTypeId`, `usability`, `useRadius`, `validLocations`, `value`, `workmanship`, `animationFrameId`, `defaultScript`, `defaultScriptIntensity`, `elasticity`, `friction`, `locationId`, `modelTableId`, `objectScale`, `physicsBitField`, `physicsTableId`, `motionTableId`, `soundTableId`, `physicsState`, `translucency`)
VALUES (2037235715, 'Rogue Delvings', 65536, 0, 0, 0, 262164, 0, 0, 0, 0, 0, 0, 8388656, 0, 100667499, 0, 0, 0, 0, 0, 0, 0, 0, 4, 0, 0, 0, 0, 0, 32, -0.1, 0, 0, 0, 0, 0, 0, 0, 0, 0, 33555925, 0, 98307, 0, 150994947, 0, 3084, 0);

INSERT INTO `ace_object` (`baseAceObjectId`, `weenieClassId`, `landblock`, `cell`, `posX`, `posY`, `posZ`, `qW`, `qX`, `qY`, `qZ`)
VALUES (2037235715, 38646, 38620, 32, 75, 176, 302.3536, 0.7071068, 0, 0, -0.7071068);

INSERT INTO `base_ace_object` (`baseAceObjectId`, `name`, `typeId`, `paletteId`, `ammoType`, `blipColor`, `bitField`, `burden`, `combatUse`, `cooldownDuration`, `cooldownId`, `effects`, `containersCapacity`, `header`, `hookTypeId`, `iconId`, `iconOverlayId`, `iconUnderlayId`, `hookItemTypes`, `itemsCapacity`, `location`, `materialType`, `maxStackSize`, `maxStructure`, `radar`, `pscript`, `spellId`, `stackSize`, `structure`, `targetTypeId`, `usability`, `useRadius`, `validLocations`, `value`, `workmanship`, `animationFrameId`, `defaultScript`, `defaultScriptIntensity`, `elasticity`, `friction`, `locationId`, `modelTableId`, `objectScale`, `physicsBitField`, `physicsTableId`, `motionTableId`, `soundTableId`, `physicsState`, `translucency`)
VALUES (3333799116, 'Direlands Southeast Shore', 65536, 0, 0, 0, 262164, 0, 0, 0, 0, 0, 0, 8388656, 0, 100667499, 0, 0, 0, 0, 0, 0, 0, 0, 4, 0, 0, 0, 0, 0, 32, -0.1, 0, 0, 0, 0, 0, 0, 0, 0, 0, 33555926, 0, 98307, 0, 150994947, 0, 3084, 0);

INSERT INTO `ace_object` (`baseAceObjectId`, `weenieClassId`, `landblock`, `cell`, `posX`, `posY`, `posZ`, `qW`, `qX`, `qY`, `qZ`)
VALUES (3333799116, 8385, 36333, 14, 33.81343, 120.5149, 29.0763, 0.9537169, 0, 0, -0.3007058);

INSERT INTO `base_ace_object` (`baseAceObjectId`, `name`, `typeId`, `paletteId`, `ammoType`, `blipColor`, `bitField`, `burden`, `combatUse`, `cooldownDuration`, `cooldownId`, `effects`, `containersCapacity`, `header`, `hookTypeId`, `iconId`, `iconOverlayId`, `iconUnderlayId`, `hookItemTypes`, `itemsCapacity`, `location`, `materialType`, `maxStackSize`, `maxStructure`, `radar`, `pscript`, `spellId`, `stackSize`, `structure`, `targetTypeId`, `usability`, `useRadius`, `validLocations`, `value`, `workmanship`, `animationFrameId`, `defaultScript`, `defaultScriptIntensity`, `elasticity`, `friction`, `locationId`, `modelTableId`, `objectScale`, `physicsBitField`, `physicsTableId`, `motionTableId`, `soundTableId`, `physicsState`, `translucency`)
VALUES (1987960847, 'Grievver Caves Portal', 65536, 0, 0, 0, 262164, 0, 0, 0, 0, 0, 0, 8388656, 0, 100667499, 0, 0, 0, 0, 0, 0, 0, 0, 4, 0, 0, 0, 0, 0, 32, -0.1, 0, 0, 0, 0, 0, 0, 0, 0, 0, 33554867, 0, 98307, 0, 150994947, 0, 3084, 0);

INSERT INTO `ace_object` (`baseAceObjectId`, `weenieClassId`, `landblock`, `cell`, `posX`, `posY`, `posZ`, `qW`, `qX`, `qY`, `qZ`)
VALUES (1987960847, 20642, 26590, 259, 122.0848, 66.14548, 64.337, 0.8415012, 0, 0, -0.5402552);

INSERT INTO `base_ace_object` (`baseAceObjectId`, `name`, `typeId`, `paletteId`, `ammoType`, `blipColor`, `bitField`, `burden`, `combatUse`, `cooldownDuration`, `cooldownId`, `effects`, `containersCapacity`, `header`, `hookTypeId`, `iconId`, `iconOverlayId`, `iconUnderlayId`, `hookItemTypes`, `itemsCapacity`, `location`, `materialType`, `maxStackSize`, `maxStructure`, `radar`, `pscript`, `spellId`, `stackSize`, `structure`, `targetTypeId`, `usability`, `useRadius`, `validLocations`, `value`, `workmanship`, `animationFrameId`, `defaultScript`, `defaultScriptIntensity`, `elasticity`, `friction`, `locationId`, `modelTableId`, `objectScale`, `physicsBitField`, `physicsTableId`, `motionTableId`, `soundTableId`, `physicsState`, `translucency`)
VALUES (1975308353, 'House Portal', 65536, 0, 0, 0, 262164, 0, 0, 0, 0, 0, 0, 8388656, 0, 100667499, 0, 0, 0, 0, 0, 0, 0, 0, 4, 0, 0, 0, 0, 0, 32, 0.75, 0, 0, 0, 0, 0, 0, 0, 0, 0, 33554867, 0, 98307, 0, 150994947, 0, 3076, 0);

INSERT INTO `ace_object` (`baseAceObjectId`, `weenieClassId`, `landblock`, `cell`, `posX`, `posY`, `posZ`, `qW`, `qX`, `qY`, `qZ`)
VALUES (1975308353, 11730, 23501, 338, 90.5182, 102.862, 139.937, -0.7042094, 0, 0, 0.7099923);

INSERT INTO `base_ace_object` (`baseAceObjectId`, `name`, `typeId`, `paletteId`, `ammoType`, `blipColor`, `bitField`, `burden`, `combatUse`, `cooldownDuration`, `cooldownId`, `effects`, `containersCapacity`, `header`, `hookTypeId`, `iconId`, `iconOverlayId`, `iconUnderlayId`, `hookItemTypes`, `itemsCapacity`, `location`, `materialType`, `maxStackSize`, `maxStructure`, `radar`, `pscript`, `spellId`, `stackSize`, `structure`, `targetTypeId`, `usability`, `useRadius`, `validLocations`, `value`, `workmanship`, `animationFrameId`, `defaultScript`, `defaultScriptIntensity`, `elasticity`, `friction`, `locationId`, `modelTableId`, `objectScale`, `physicsBitField`, `physicsTableId`, `motionTableId`, `soundTableId`, `physicsState`, `translucency`)
VALUES (1879498852, 'Surface', 65536, 0, 0, 0, 262164, 0, 0, 0, 0, 0, 0, 8388656, 0, 100667499, 0, 0, 0, 0, 0, 0, 0, 0, 4, 0, 0, 0, 0, 0, 32, -0.1, 0, 0, 0, 0, 0, 0, 0, 0, 0, 33554867, 0, 98307, 0, 150994947, 0, 3084, 0);

INSERT INTO `ace_object` (`baseAceObjectId`, `weenieClassId`, `landblock`, `cell`, `posX`, `posY`, `posZ`, `qW`, `qX`, `qY`, `qZ`)
VALUES (1879498852, 32656, 110, 882, 127.281, -50.0794, -18.063, 0.6967069, 0, 0, 0.7173559);

INSERT INTO `base_ace_object` (`baseAceObjectId`, `name`, `typeId`, `paletteId`, `ammoType`, `blipColor`, `bitField`, `burden`, `combatUse`, `cooldownDuration`, `cooldownId`, `effects`, `containersCapacity`, `header`, `hookTypeId`, `iconId`, `iconOverlayId`, `iconUnderlayId`, `hookItemTypes`, `itemsCapacity`, `location`, `materialType`, `maxStackSize`, `maxStructure`, `radar`, `pscript`, `spellId`, `stackSize`, `structure`, `targetTypeId`, `usability`, `useRadius`, `validLocations`, `value`, `workmanship`, `animationFrameId`, `defaultScript`, `defaultScriptIntensity`, `elasticity`, `friction`, `locationId`, `modelTableId`, `objectScale`, `physicsBitField`, `physicsTableId`, `motionTableId`, `soundTableId`, `physicsState`, `translucency`)
VALUES (2090164293, 'House Portal', 65536, 0, 0, 0, 262164, 0, 0, 0, 0, 0, 0, 8388656, 0, 100667499, 0, 0, 0, 0, 0, 0, 0, 0, 4, 0, 0, 0, 0, 0, 32, 0.75, 0, 0, 0, 0, 0, 0, 0, 0, 0, 33554867, 0, 98307, 0, 150994947, 0, 3076, 0);

INSERT INTO `ace_object` (`baseAceObjectId`, `weenieClassId`, `landblock`, `cell`, `posX`, `posY`, `posZ`, `qW`, `qX`, `qY`, `qZ`)
VALUES (2090164293, 11730, 51542, 338, 67.6793, 78.6877, -0.06299961, 0.7092959, 0, 0, -0.7049109);

INSERT INTO `base_ace_object` (`baseAceObjectId`, `name`, `typeId`, `paletteId`, `ammoType`, `blipColor`, `bitField`, `burden`, `combatUse`, `cooldownDuration`, `cooldownId`, `effects`, `containersCapacity`, `header`, `hookTypeId`, `iconId`, `iconOverlayId`, `iconUnderlayId`, `hookItemTypes`, `itemsCapacity`, `location`, `materialType`, `maxStackSize`, `maxStructure`, `radar`, `pscript`, `spellId`, `stackSize`, `structure`, `targetTypeId`, `usability`, `useRadius`, `validLocations`, `value`, `workmanship`, `animationFrameId`, `defaultScript`, `defaultScriptIntensity`, `elasticity`, `friction`, `locationId`, `modelTableId`, `objectScale`, `physicsBitField`, `physicsTableId`, `motionTableId`, `soundTableId`, `physicsState`, `translucency`)
VALUES (1967030337, 'House Portal', 65536, 0, 0, 0, 262164, 0, 0, 0, 0, 0, 0, 41943088, 0, 100667499, 0, 0, 0, 0, 0, 0, 0, 0, 4, 0, 0, 0, 0, 0, 32, 0.75, 0, 0, 0, 0, 0, 0, 0, 0, 0, 33554867, 0, 98307, 0, 150994947, 0, 3076, 0);

INSERT INTO `ace_object` (`baseAceObjectId`, `weenieClassId`, `landblock`, `cell`, `posX`, `posY`, `posZ`, `qW`, `qX`, `qY`, `qZ`)
VALUES (1967030337, 11730, 21480, 338, 90.838, 102.787, 49.937, 0.6793216, 0, 0, -0.7338406);

INSERT INTO `base_ace_object` (`baseAceObjectId`, `name`, `typeId`, `paletteId`, `ammoType`, `blipColor`, `bitField`, `burden`, `combatUse`, `cooldownDuration`, `cooldownId`, `effects`, `containersCapacity`, `header`, `hookTypeId`, `iconId`, `iconOverlayId`, `iconUnderlayId`, `hookItemTypes`, `itemsCapacity`, `location`, `materialType`, `maxStackSize`, `maxStructure`, `radar`, `pscript`, `spellId`, `stackSize`, `structure`, `targetTypeId`, `usability`, `useRadius`, `validLocations`, `value`, `workmanship`, `animationFrameId`, `defaultScript`, `defaultScriptIntensity`, `elasticity`, `friction`, `locationId`, `modelTableId`, `objectScale`, `physicsBitField`, `physicsTableId`, `motionTableId`, `soundTableId`, `physicsState`, `translucency`)
VALUES (1879498927, 'Surface', 65536, 0, 0, 0, 262164, 0, 0, 0, 0, 0, 0, 8388656, 0, 100667499, 0, 0, 0, 0, 0, 0, 0, 0, 4, 0, 0, 0, 0, 0, 32, -0.1, 0, 0, 0, 0, 0, 0, 0, 0, 0, 33554867, 0, 98307, 0, 150994947, 0, 3084, 0);

INSERT INTO `ace_object` (`baseAceObjectId`, `weenieClassId`, `landblock`, `cell`, `posX`, `posY`, `posZ`, `qW`, `qX`, `qY`, `qZ`)
VALUES (1879498927, 32656, 110, 1374, 101.385, -41.4919, -0.06299996, 0.8893856, 0, 0, 0.4571578);

INSERT INTO `base_ace_object` (`baseAceObjectId`, `name`, `typeId`, `paletteId`, `ammoType`, `blipColor`, `bitField`, `burden`, `combatUse`, `cooldownDuration`, `cooldownId`, `effects`, `containersCapacity`, `header`, `hookTypeId`, `iconId`, `iconOverlayId`, `iconUnderlayId`, `hookItemTypes`, `itemsCapacity`, `location`, `materialType`, `maxStackSize`, `maxStructure`, `radar`, `pscript`, `spellId`, `stackSize`, `structure`, `targetTypeId`, `usability`, `useRadius`, `validLocations`, `value`, `workmanship`, `animationFrameId`, `defaultScript`, `defaultScriptIntensity`, `elasticity`, `friction`, `locationId`, `modelTableId`, `objectScale`, `physicsBitField`, `physicsTableId`, `motionTableId`, `soundTableId`, `physicsState`, `translucency`)
VALUES (1880264710, 'Mayoi Portal', 65536, 0, 0, 0, 262164, 0, 0, 0, 0, 0, 0, 8388656, 0, 100667499, 0, 0, 0, 0, 0, 0, 0, 0, 4, 0, 0, 0, 0, 0, 32, -0.1, 0, 0, 0, 0, 0, 0, 0, 0, 0, 33554867, 0, 98307, 0, 150994947, 0, 3084, 0);

INSERT INTO `ace_object` (`baseAceObjectId`, `weenieClassId`, `landblock`, `cell`, `posX`, `posY`, `posZ`, `qW`, `qX`, `qY`, `qZ`)
VALUES (1880264710, 42842, 297, 294, 30, -63.132, 5.937, 0, 0, 0, -1);

INSERT INTO `base_ace_object` (`baseAceObjectId`, `name`, `typeId`, `paletteId`, `ammoType`, `blipColor`, `bitField`, `burden`, `combatUse`, `cooldownDuration`, `cooldownId`, `effects`, `containersCapacity`, `header`, `hookTypeId`, `iconId`, `iconOverlayId`, `iconUnderlayId`, `hookItemTypes`, `itemsCapacity`, `location`, `materialType`, `maxStackSize`, `maxStructure`, `radar`, `pscript`, `spellId`, `stackSize`, `structure`, `targetTypeId`, `usability`, `useRadius`, `validLocations`, `value`, `workmanship`, `animationFrameId`, `defaultScript`, `defaultScriptIntensity`, `elasticity`, `friction`, `locationId`, `modelTableId`, `objectScale`, `physicsBitField`, `physicsTableId`, `motionTableId`, `soundTableId`, `physicsState`, `translucency`)
VALUES (1882128406, 'Surface', 65536, 0, 0, 0, 262164, 0, 0, 0, 0, 0, 0, 8388656, 0, 100667499, 0, 0, 0, 0, 0, 0, 0, 0, 4, 0, 0, 0, 0, 0, 32, -0.1, 0, 0, 0, 0, 0, 0, 0, 0, 0, 33554867, 0, 98307, 0, 150994947, 0, 3084, 0);

INSERT INTO `ace_object` (`baseAceObjectId`, `weenieClassId`, `landblock`, `cell`, `posX`, `posY`, `posZ`, `qW`, `qX`, `qY`, `qZ`)
VALUES (1882128406, 7318, 752, 351, 160, -126, -0.06299996, -4.37114E-08, 0, 0, -1);

INSERT INTO `base_ace_object` (`baseAceObjectId`, `name`, `typeId`, `paletteId`, `ammoType`, `blipColor`, `bitField`, `burden`, `combatUse`, `cooldownDuration`, `cooldownId`, `effects`, `containersCapacity`, `header`, `hookTypeId`, `iconId`, `iconOverlayId`, `iconUnderlayId`, `hookItemTypes`, `itemsCapacity`, `location`, `materialType`, `maxStackSize`, `maxStructure`, `radar`, `pscript`, `spellId`, `stackSize`, `structure`, `targetTypeId`, `usability`, `useRadius`, `validLocations`, `value`, `workmanship`, `animationFrameId`, `defaultScript`, `defaultScriptIntensity`, `elasticity`, `friction`, `locationId`, `modelTableId`, `objectScale`, `physicsBitField`, `physicsTableId`, `motionTableId`, `soundTableId`, `physicsState`, `translucency`)
VALUES (2095308800, 'Chamber of Scrolls', 65536, 0, 0, 0, 262164, 0, 0, 0, 0, 0, 0, 8388656, 0, 100667499, 0, 0, 0, 0, 0, 0, 0, 0, 4, 0, 0, 0, 0, 0, 32, -0.1, 0, 0, 0, 0, 0, 0, 0, 0, 0, 33555925, 0, 98307, 0, 150994947, 0, 3084, 0);

INSERT INTO `ace_object` (`baseAceObjectId`, `weenieClassId`, `landblock`, `cell`, `posX`, `posY`, `posZ`, `qW`, `qX`, `qY`, `qZ`)
VALUES (2095308800, 40331, 52798, 26, 90, 28, 67.77034, 0.3826829, 0, 0, -0.9238797);

INSERT INTO `base_ace_object` (`baseAceObjectId`, `name`, `typeId`, `paletteId`, `ammoType`, `blipColor`, `bitField`, `burden`, `combatUse`, `cooldownDuration`, `cooldownId`, `effects`, `containersCapacity`, `header`, `hookTypeId`, `iconId`, `iconOverlayId`, `iconUnderlayId`, `hookItemTypes`, `itemsCapacity`, `location`, `materialType`, `maxStackSize`, `maxStructure`, `radar`, `pscript`, `spellId`, `stackSize`, `structure`, `targetTypeId`, `usability`, `useRadius`, `validLocations`, `value`, `workmanship`, `animationFrameId`, `defaultScript`, `defaultScriptIntensity`, `elasticity`, `friction`, `locationId`, `modelTableId`, `objectScale`, `physicsBitField`, `physicsTableId`, `motionTableId`, `soundTableId`, `physicsState`, `translucency`)
VALUES (2100555776, 'Golem Burial Ground', 65536, 0, 0, 0, 262164, 0, 0, 0, 0, 0, 0, 8388656, 0, 100667499, 0, 0, 0, 0, 0, 0, 0, 0, 4, 0, 0, 0, 0, 0, 32, -0.1, 0, 0, 0, 0, 0, 0, 0, 0, 0, 33555923, 0, 98307, 0, 150994947, 0, 3084, 0);

INSERT INTO `ace_object` (`baseAceObjectId`, `weenieClassId`, `landblock`, `cell`, `posX`, `posY`, `posZ`, `qW`, `qX`, `qY`, `qZ`)
VALUES (2100555776, 2078, 54079, 39, 110.466, 149.099, 201.4568, -0.81995, 0, 0, -0.5724351);

INSERT INTO `base_ace_object` (`baseAceObjectId`, `name`, `typeId`, `paletteId`, `ammoType`, `blipColor`, `bitField`, `burden`, `combatUse`, `cooldownDuration`, `cooldownId`, `effects`, `containersCapacity`, `header`, `hookTypeId`, `iconId`, `iconOverlayId`, `iconUnderlayId`, `hookItemTypes`, `itemsCapacity`, `location`, `materialType`, `maxStackSize`, `maxStructure`, `radar`, `pscript`, `spellId`, `stackSize`, `structure`, `targetTypeId`, `usability`, `useRadius`, `validLocations`, `value`, `workmanship`, `animationFrameId`, `defaultScript`, `defaultScriptIntensity`, `elasticity`, `friction`, `locationId`, `modelTableId`, `objectScale`, `physicsBitField`, `physicsTableId`, `motionTableId`, `soundTableId`, `physicsState`, `translucency`)
VALUES (1880834060, 'Surface', 65536, 0, 0, 0, 262164, 0, 0, 0, 0, 0, 0, 8388656, 0, 100667499, 0, 0, 0, 0, 0, 0, 0, 0, 4, 0, 0, 0, 0, 0, 32, -0.1, 0, 0, 0, 0, 0, 0, 0, 0, 0, 33554867, 0, 98307, 0, 150994947, 0, 3084, 0);

INSERT INTO `ace_object` (`baseAceObjectId`, `weenieClassId`, `landblock`, `cell`, `posX`, `posY`, `posZ`, `qW`, `qX`, `qY`, `qZ`)
VALUES (1880834060, 2079, 436, 310, 100, -10, -0.06299996, -0.7071068, 0, 0, -0.7071068);

INSERT INTO `base_ace_object` (`baseAceObjectId`, `name`, `typeId`, `paletteId`, `ammoType`, `blipColor`, `bitField`, `burden`, `combatUse`, `cooldownDuration`, `cooldownId`, `effects`, `containersCapacity`, `header`, `hookTypeId`, `iconId`, `iconOverlayId`, `iconUnderlayId`, `hookItemTypes`, `itemsCapacity`, `location`, `materialType`, `maxStackSize`, `maxStructure`, `radar`, `pscript`, `spellId`, `stackSize`, `structure`, `targetTypeId`, `usability`, `useRadius`, `validLocations`, `value`, `workmanship`, `animationFrameId`, `defaultScript`, `defaultScriptIntensity`, `elasticity`, `friction`, `locationId`, `modelTableId`, `objectScale`, `physicsBitField`, `physicsTableId`, `motionTableId`, `soundTableId`, `physicsState`, `translucency`)
VALUES (2874601394, 'Small Hive Portal', 65536, 0, 0, 0, 262164, 0, 0, 0, 0, 0, 0, 8388656, 0, 100667499, 0, 0, 0, 0, 0, 0, 0, 0, 4, 0, 0, 0, 0, 0, 32, -0.1, 0, 0, 0, 0, 0, 0, 0, 0, 0, 33555926, 0, 98307, 0, 150994947, 0, 3084, 0);

INSERT INTO `ace_object` (`baseAceObjectId`, `weenieClassId`, `landblock`, `cell`, `posX`, `posY`, `posZ`, `qW`, `qX`, `qY`, `qZ`)
VALUES (2874601394, 11221, 9153, 11, 44.5917, 57.93935, 107.937, 1, 0, 0, 0);

INSERT INTO `base_ace_object` (`baseAceObjectId`, `name`, `typeId`, `paletteId`, `ammoType`, `blipColor`, `bitField`, `burden`, `combatUse`, `cooldownDuration`, `cooldownId`, `effects`, `containersCapacity`, `header`, `hookTypeId`, `iconId`, `iconOverlayId`, `iconUnderlayId`, `hookItemTypes`, `itemsCapacity`, `location`, `materialType`, `maxStackSize`, `maxStructure`, `radar`, `pscript`, `spellId`, `stackSize`, `structure`, `targetTypeId`, `usability`, `useRadius`, `validLocations`, `value`, `workmanship`, `animationFrameId`, `defaultScript`, `defaultScriptIntensity`, `elasticity`, `friction`, `locationId`, `modelTableId`, `objectScale`, `physicsBitField`, `physicsTableId`, `motionTableId`, `soundTableId`, `physicsState`, `translucency`)
VALUES (1881657420, 'Surface Exit', 65536, 0, 0, 0, 262164, 0, 0, 0, 0, 0, 0, 8388656, 0, 100667499, 0, 0, 0, 0, 0, 0, 0, 0, 4, 0, 0, 0, 0, 0, 32, -0.1, 0, 0, 0, 0, 0, 0, 0, 0, 0, 33554867, 0, 98307, 0, 150994947, 0, 3084, 0);

INSERT INTO `ace_object` (`baseAceObjectId`, `weenieClassId`, `landblock`, `cell`, `posX`, `posY`, `posZ`, `qW`, `qX`, `qY`, `qZ`)
VALUES (1881657420, 10848, 637, 678, 120, 0, -0.06299996, 1, 0, 0, -4.37114E-08);

INSERT INTO `base_ace_object` (`baseAceObjectId`, `name`, `typeId`, `paletteId`, `ammoType`, `blipColor`, `bitField`, `burden`, `combatUse`, `cooldownDuration`, `cooldownId`, `effects`, `containersCapacity`, `header`, `hookTypeId`, `iconId`, `iconOverlayId`, `iconUnderlayId`, `hookItemTypes`, `itemsCapacity`, `location`, `materialType`, `maxStackSize`, `maxStructure`, `radar`, `pscript`, `spellId`, `stackSize`, `structure`, `targetTypeId`, `usability`, `useRadius`, `validLocations`, `value`, `workmanship`, `animationFrameId`, `defaultScript`, `defaultScriptIntensity`, `elasticity`, `friction`, `locationId`, `modelTableId`, `objectScale`, `physicsBitField`, `physicsTableId`, `motionTableId`, `soundTableId`, `physicsState`, `translucency`)
VALUES (1881657429, 'Surface Exit', 65536, 0, 0, 0, 262164, 0, 0, 0, 0, 0, 0, 8388656, 0, 100667499, 0, 0, 0, 0, 0, 0, 0, 0, 4, 0, 0, 0, 0, 0, 32, -0.1, 0, 0, 0, 0, 0, 0, 0, 0, 0, 33554867, 0, 98307, 0, 150994947, 0, 3084, 0);

INSERT INTO `ace_object` (`baseAceObjectId`, `weenieClassId`, `landblock`, `cell`, `posX`, `posY`, `posZ`, `qW`, `qX`, `qY`, `qZ`)
VALUES (1881657429, 10848, 637, 353, 160.045, -622.865, -30.063, 0.0207946, 0, 0, -0.9997838);

INSERT INTO `base_ace_object` (`baseAceObjectId`, `name`, `typeId`, `paletteId`, `ammoType`, `blipColor`, `bitField`, `burden`, `combatUse`, `cooldownDuration`, `cooldownId`, `effects`, `containersCapacity`, `header`, `hookTypeId`, `iconId`, `iconOverlayId`, `iconUnderlayId`, `hookItemTypes`, `itemsCapacity`, `location`, `materialType`, `maxStackSize`, `maxStructure`, `radar`, `pscript`, `spellId`, `stackSize`, `structure`, `targetTypeId`, `usability`, `useRadius`, `validLocations`, `value`, `workmanship`, `animationFrameId`, `defaultScript`, `defaultScriptIntensity`, `elasticity`, `friction`, `locationId`, `modelTableId`, `objectScale`, `physicsBitField`, `physicsTableId`, `motionTableId`, `soundTableId`, `physicsState`, `translucency`)
VALUES (2874343092, 'Shallow Hive Portal', 65536, 0, 0, 0, 262164, 0, 0, 0, 0, 0, 0, 8388656, 0, 100667499, 0, 0, 0, 0, 0, 0, 0, 0, 4, 0, 0, 0, 0, 0, 32, -0.1, 0, 0, 0, 0, 0, 0, 0, 0, 0, 33555925, 0, 98307, 0, 150994947, 0, 3084, 0);

INSERT INTO `ace_object` (`baseAceObjectId`, `weenieClassId`, `landblock`, `cell`, `posX`, `posY`, `posZ`, `qW`, `qX`, `qY`, `qZ`)
VALUES (2874343092, 11225, 7873, 7, 0.3640594, 155.4938, 75.937, 1, 0, 0, 0);

INSERT INTO `base_ace_object` (`baseAceObjectId`, `name`, `typeId`, `paletteId`, `ammoType`, `blipColor`, `bitField`, `burden`, `combatUse`, `cooldownDuration`, `cooldownId`, `effects`, `containersCapacity`, `header`, `hookTypeId`, `iconId`, `iconOverlayId`, `iconUnderlayId`, `hookItemTypes`, `itemsCapacity`, `location`, `materialType`, `maxStackSize`, `maxStructure`, `radar`, `pscript`, `spellId`, `stackSize`, `structure`, `targetTypeId`, `usability`, `useRadius`, `validLocations`, `value`, `workmanship`, `animationFrameId`, `defaultScript`, `defaultScriptIntensity`, `elasticity`, `friction`, `locationId`, `modelTableId`, `objectScale`, `physicsBitField`, `physicsTableId`, `motionTableId`, `soundTableId`, `physicsState`, `translucency`)
VALUES (2874726070, 'Tiny Hive Portal', 65536, 0, 0, 0, 262164, 0, 0, 0, 0, 0, 0, 8388656, 0, 100667499, 0, 0, 0, 0, 0, 0, 0, 0, 4, 0, 0, 0, 0, 0, 32, -0.1, 0, 0, 0, 0, 0, 0, 0, 0, 0, 33555923, 0, 98307, 0, 150994947, 0, 3084, 0);

INSERT INTO `ace_object` (`baseAceObjectId`, `weenieClassId`, `landblock`, `cell`, `posX`, `posY`, `posZ`, `qW`, `qX`, `qY`, `qZ`)
VALUES (2874726070, 11219, 7617, 55, 153.6212, 150.4675, 77.67419, 1, 0, 0, 0);

INSERT INTO `base_ace_object` (`baseAceObjectId`, `name`, `typeId`, `paletteId`, `ammoType`, `blipColor`, `bitField`, `burden`, `combatUse`, `cooldownDuration`, `cooldownId`, `effects`, `containersCapacity`, `header`, `hookTypeId`, `iconId`, `iconOverlayId`, `iconUnderlayId`, `hookItemTypes`, `itemsCapacity`, `location`, `materialType`, `maxStackSize`, `maxStructure`, `radar`, `pscript`, `spellId`, `stackSize`, `structure`, `targetTypeId`, `usability`, `useRadius`, `validLocations`, `value`, `workmanship`, `animationFrameId`, `defaultScript`, `defaultScriptIntensity`, `elasticity`, `friction`, `locationId`, `modelTableId`, `objectScale`, `physicsBitField`, `physicsTableId`, `motionTableId`, `soundTableId`, `physicsState`, `translucency`)
VALUES (1910247424, 'Mutilator Tunnels', 65536, 0, 0, 0, 262164, 0, 0, 0, 0, 0, 0, 8388656, 0, 100667499, 0, 0, 0, 0, 0, 0, 0, 0, 4, 0, 0, 0, 0, 0, 32, -0.1, 0, 0, 0, 0, 0, 0, 0, 0, 0, 33555925, 0, 98307, 0, 150994947, 0, 3084, 0);

INSERT INTO `ace_object` (`baseAceObjectId`, `weenieClassId`, `landblock`, `cell`, `posX`, `posY`, `posZ`, `qW`, `qX`, `qY`, `qZ`)
VALUES (1910247424, 27583, 7617, 52, 152.062, 93.4297, 74.60883, -0.02414891, 0, 0, -0.9997084);

INSERT INTO `base_ace_object` (`baseAceObjectId`, `name`, `typeId`, `paletteId`, `ammoType`, `blipColor`, `bitField`, `burden`, `combatUse`, `cooldownDuration`, `cooldownId`, `effects`, `containersCapacity`, `header`, `hookTypeId`, `iconId`, `iconOverlayId`, `iconUnderlayId`, `hookItemTypes`, `itemsCapacity`, `location`, `materialType`, `maxStackSize`, `maxStructure`, `radar`, `pscript`, `spellId`, `stackSize`, `structure`, `targetTypeId`, `usability`, `useRadius`, `validLocations`, `value`, `workmanship`, `animationFrameId`, `defaultScript`, `defaultScriptIntensity`, `elasticity`, `friction`, `locationId`, `modelTableId`, `objectScale`, `physicsBitField`, `physicsTableId`, `motionTableId`, `soundTableId`, `physicsState`, `translucency`)
VALUES (1881718798, 'Surface Portal', 65536, 0, 0, 0, 262164, 0, 0, 0, 0, 0, 0, 8388656, 0, 100667499, 0, 0, 0, 0, 0, 0, 0, 0, 4, 0, 0, 0, 0, 0, 32, -0.1, 0, 0, 0, 0, 0, 0, 0, 0, 0, 33555923, 0, 98307, 0, 150994947, 0, 3084, 0);

INSERT INTO `ace_object` (`baseAceObjectId`, `weenieClassId`, `landblock`, `cell`, `posX`, `posY`, `posZ`, `qW`, `qX`, `qY`, `qZ`)
VALUES (1881718798, 11224, 652, 308, 80, -17.373, -42.063, 1, 0, 0, 0);

INSERT INTO `base_ace_object` (`baseAceObjectId`, `name`, `typeId`, `paletteId`, `ammoType`, `blipColor`, `bitField`, `burden`, `combatUse`, `cooldownDuration`, `cooldownId`, `effects`, `containersCapacity`, `header`, `hookTypeId`, `iconId`, `iconOverlayId`, `iconUnderlayId`, `hookItemTypes`, `itemsCapacity`, `location`, `materialType`, `maxStackSize`, `maxStructure`, `radar`, `pscript`, `spellId`, `stackSize`, `structure`, `targetTypeId`, `usability`, `useRadius`, `validLocations`, `value`, `workmanship`, `animationFrameId`, `defaultScript`, `defaultScriptIntensity`, `elasticity`, `friction`, `locationId`, `modelTableId`, `objectScale`, `physicsBitField`, `physicsTableId`, `motionTableId`, `soundTableId`, `physicsState`, `translucency`)
VALUES (1927340032, 'Direlands Desert Edge Portal', 65536, 0, 0, 0, 262164, 0, 0, 0, 0, 0, 0, 8388656, 0, 100667499, 0, 0, 0, 0, 0, 0, 0, 0, 4, 0, 0, 0, 0, 0, 32, -0.1, 0, 0, 0, 0, 0, 0, 0, 0, 0, 33555923, 0, 98307, 0, 150994947, 0, 3084, 0);

INSERT INTO `ace_object` (`baseAceObjectId`, `weenieClassId`, `landblock`, `cell`, `posX`, `posY`, `posZ`, `qW`, `qX`, `qY`, `qZ`)
VALUES (1927340032, 3612, 11790, 257, 156, 127, 57.937, -4.37114E-08, 0, 0, -1);

INSERT INTO `base_ace_object` (`baseAceObjectId`, `name`, `typeId`, `paletteId`, `ammoType`, `blipColor`, `bitField`, `burden`, `combatUse`, `cooldownDuration`, `cooldownId`, `effects`, `containersCapacity`, `header`, `hookTypeId`, `iconId`, `iconOverlayId`, `iconUnderlayId`, `hookItemTypes`, `itemsCapacity`, `location`, `materialType`, `maxStackSize`, `maxStructure`, `radar`, `pscript`, `spellId`, `stackSize`, `structure`, `targetTypeId`, `usability`, `useRadius`, `validLocations`, `value`, `workmanship`, `animationFrameId`, `defaultScript`, `defaultScriptIntensity`, `elasticity`, `friction`, `locationId`, `modelTableId`, `objectScale`, `physicsBitField`, `physicsTableId`, `motionTableId`, `soundTableId`, `physicsState`, `translucency`)
VALUES (3701217858, 'North Desert Edge', 65536, 0, 0, 0, 262164, 0, 0, 0, 0, 0, 0, 8388656, 0, 100667499, 0, 0, 0, 0, 0, 0, 0, 0, 4, 0, 0, 0, 0, 0, 32, -0.1, 0, 0, 0, 0, 0, 0, 0, 0, 0, 33554867, 0, 98307, 0, 150994947, 0, 3084, 0);

INSERT INTO `ace_object` (`baseAceObjectId`, `weenieClassId`, `landblock`, `cell`, `posX`, `posY`, `posZ`, `qW`, `qX`, `qY`, `qZ`)
VALUES (3701217858, 1905, 13843, 22, 52.95314, 137.8819, 14.09789, 1, 0, 0, 0);

INSERT INTO `base_ace_object` (`baseAceObjectId`, `name`, `typeId`, `paletteId`, `ammoType`, `blipColor`, `bitField`, `burden`, `combatUse`, `cooldownDuration`, `cooldownId`, `effects`, `containersCapacity`, `header`, `hookTypeId`, `iconId`, `iconOverlayId`, `iconUnderlayId`, `hookItemTypes`, `itemsCapacity`, `location`, `materialType`, `maxStackSize`, `maxStructure`, `radar`, `pscript`, `spellId`, `stackSize`, `structure`, `targetTypeId`, `usability`, `useRadius`, `validLocations`, `value`, `workmanship`, `animationFrameId`, `defaultScript`, `defaultScriptIntensity`, `elasticity`, `friction`, `locationId`, `modelTableId`, `objectScale`, `physicsBitField`, `physicsTableId`, `motionTableId`, `soundTableId`, `physicsState`, `translucency`)
VALUES (3701222969, 'Qalaba''r Portal', 65536, 0, 0, 0, 262164, 0, 0, 0, 0, 0, 0, 8388656, 0, 100667499, 0, 0, 0, 0, 0, 0, 0, 0, 4, 0, 0, 0, 0, 0, 32, -0.1, 0, 0, 0, 0, 0, 0, 0, 0, 0, 33554867, 0, 98307, 0, 150994947, 0, 3084, 0);

INSERT INTO `ace_object` (`baseAceObjectId`, `weenieClassId`, `landblock`, `cell`, `posX`, `posY`, `posZ`, `qW`, `qX`, `qY`, `qZ`)
VALUES (3701222969, 42833, 13338, 25, 87.30415, 11.40839, 13.61235, 1, 0, 0, 0);

INSERT INTO `base_ace_object` (`baseAceObjectId`, `name`, `typeId`, `paletteId`, `ammoType`, `blipColor`, `bitField`, `burden`, `combatUse`, `cooldownDuration`, `cooldownId`, `effects`, `containersCapacity`, `header`, `hookTypeId`, `iconId`, `iconOverlayId`, `iconUnderlayId`, `hookItemTypes`, `itemsCapacity`, `location`, `materialType`, `maxStackSize`, `maxStructure`, `radar`, `pscript`, `spellId`, `stackSize`, `structure`, `targetTypeId`, `usability`, `useRadius`, `validLocations`, `value`, `workmanship`, `animationFrameId`, `defaultScript`, `defaultScriptIntensity`, `elasticity`, `friction`, `locationId`, `modelTableId`, `objectScale`, `physicsBitField`, `physicsTableId`, `motionTableId`, `soundTableId`, `physicsState`, `translucency`)
VALUES (3701243920, 'Sho Roadside', 65536, 0, 0, 0, 262164, 0, 0, 0, 0, 0, 0, 8388656, 0, 100667499, 0, 0, 0, 0, 0, 0, 0, 0, 4, 0, 0, 0, 0, 0, 32, -0.1, 0, 0, 0, 0, 0, 0, 0, 0, 0, 33554867, 0, 98307, 0, 150994947, 0, 3084, 0);

INSERT INTO `ace_object` (`baseAceObjectId`, `weenieClassId`, `landblock`, `cell`, `posX`, `posY`, `posZ`, `qW`, `qX`, `qY`, `qZ`)
VALUES (3701243920, 1907, 12825, 16, 46.83541, 191.2238, 55.937, 1, 0, 0, 0);

INSERT INTO `base_ace_object` (`baseAceObjectId`, `name`, `typeId`, `paletteId`, `ammoType`, `blipColor`, `bitField`, `burden`, `combatUse`, `cooldownDuration`, `cooldownId`, `effects`, `containersCapacity`, `header`, `hookTypeId`, `iconId`, `iconOverlayId`, `iconUnderlayId`, `hookItemTypes`, `itemsCapacity`, `location`, `materialType`, `maxStackSize`, `maxStructure`, `radar`, `pscript`, `spellId`, `stackSize`, `structure`, `targetTypeId`, `usability`, `useRadius`, `validLocations`, `value`, `workmanship`, `animationFrameId`, `defaultScript`, `defaultScriptIntensity`, `elasticity`, `friction`, `locationId`, `modelTableId`, `objectScale`, `physicsBitField`, `physicsTableId`, `motionTableId`, `soundTableId`, `physicsState`, `translucency`)
VALUES (1913749504, 'Sclavus Temple', 65536, 0, 0, 0, 262164, 0, 0, 0, 0, 0, 0, 8388656, 0, 100667499, 0, 0, 0, 0, 0, 0, 0, 0, 4, 0, 0, 0, 0, 0, 32, -0.1, 0, 0, 0, 0, 0, 0, 0, 0, 0, 33555924, 0, 98307, 0, 150994947, 0, 3084, 0);

INSERT INTO `ace_object` (`baseAceObjectId`, `weenieClassId`, `landblock`, `cell`, `posX`, `posY`, `posZ`, `qW`, `qX`, `qY`, `qZ`)
VALUES (1913749504, 25588, 8472, 256, 87, 60, 3.592, -0.7071068, 0, 0, -0.7071068);

INSERT INTO `base_ace_object` (`baseAceObjectId`, `name`, `typeId`, `paletteId`, `ammoType`, `blipColor`, `bitField`, `burden`, `combatUse`, `cooldownDuration`, `cooldownId`, `effects`, `containersCapacity`, `header`, `hookTypeId`, `iconId`, `iconOverlayId`, `iconUnderlayId`, `hookItemTypes`, `itemsCapacity`, `location`, `materialType`, `maxStackSize`, `maxStructure`, `radar`, `pscript`, `spellId`, `stackSize`, `structure`, `targetTypeId`, `usability`, `useRadius`, `validLocations`, `value`, `workmanship`, `animationFrameId`, `defaultScript`, `defaultScriptIntensity`, `elasticity`, `friction`, `locationId`, `modelTableId`, `objectScale`, `physicsBitField`, `physicsTableId`, `motionTableId`, `soundTableId`, `physicsState`, `translucency`)
VALUES (3701264464, 'Qalaba''r Portal', 65536, 0, 0, 0, 262164, 0, 0, 0, 0, 0, 0, 8388656, 0, 100667499, 0, 0, 0, 0, 0, 0, 0, 0, 4, 0, 0, 0, 0, 0, 32, -0.1, 0, 0, 0, 0, 0, 0, 0, 0, 0, 33554867, 0, 98307, 0, 150994947, 0, 3084, 0);

INSERT INTO `ace_object` (`baseAceObjectId`, `weenieClassId`, `landblock`, `cell`, `posX`, `posY`, `posZ`, `qW`, `qX`, `qY`, `qZ`)
VALUES (3701264464, 42833, 10253, 31, 93.4077, 162.459, 2.66, 1, 0, 0, 0);

INSERT INTO `base_ace_object` (`baseAceObjectId`, `name`, `typeId`, `paletteId`, `ammoType`, `blipColor`, `bitField`, `burden`, `combatUse`, `cooldownDuration`, `cooldownId`, `effects`, `containersCapacity`, `header`, `hookTypeId`, `iconId`, `iconOverlayId`, `iconUnderlayId`, `hookItemTypes`, `itemsCapacity`, `location`, `materialType`, `maxStackSize`, `maxStructure`, `radar`, `pscript`, `spellId`, `stackSize`, `structure`, `targetTypeId`, `usability`, `useRadius`, `validLocations`, `value`, `workmanship`, `animationFrameId`, `defaultScript`, `defaultScriptIntensity`, `elasticity`, `friction`, `locationId`, `modelTableId`, `objectScale`, `physicsBitField`, `physicsTableId`, `motionTableId`, `soundTableId`, `physicsState`, `translucency`)
VALUES (1879662593, 'Surface', 65536, 0, 0, 0, 262164, 0, 0, 0, 0, 0, 0, 8388656, 0, 100667499, 0, 0, 0, 0, 0, 0, 0, 0, 4, 0, 0, 0, 0, 0, 32, -0.1, 0, 0, 0, 0, 0, 0, 0, 0, 0, 33554867, 0, 98307, 0, 150994947, 0, 3084, 0);

INSERT INTO `ace_object` (`baseAceObjectId`, `weenieClassId`, `landblock`, `cell`, `posX`, `posY`, `posZ`, `qW`, `qX`, `qY`, `qZ`)
VALUES (1879662593, 28801, 150, 256, 70, -40, -120.063, 0.7316888, 0, 0, 0.6816388);

INSERT INTO `base_ace_object` (`baseAceObjectId`, `name`, `typeId`, `paletteId`, `ammoType`, `blipColor`, `bitField`, `burden`, `combatUse`, `cooldownDuration`, `cooldownId`, `effects`, `containersCapacity`, `header`, `hookTypeId`, `iconId`, `iconOverlayId`, `iconUnderlayId`, `hookItemTypes`, `itemsCapacity`, `location`, `materialType`, `maxStackSize`, `maxStructure`, `radar`, `pscript`, `spellId`, `stackSize`, `structure`, `targetTypeId`, `usability`, `useRadius`, `validLocations`, `value`, `workmanship`, `animationFrameId`, `defaultScript`, `defaultScriptIntensity`, `elasticity`, `friction`, `locationId`, `modelTableId`, `objectScale`, `physicsBitField`, `physicsTableId`, `motionTableId`, `soundTableId`, `physicsState`, `translucency`)
VALUES (1879400457, 'Surface', 65536, 0, 0, 0, 262164, 0, 0, 0, 0, 0, 0, 8388656, 0, 100667499, 0, 0, 0, 0, 0, 0, 0, 0, 4, 0, 0, 0, 0, 0, 32, -0.1, 0, 0, 0, 0, 0, 0, 0, 0, 0, 33554867, 0, 98307, 0, 150994947, 0, 3084, 0);

INSERT INTO `ace_object` (`baseAceObjectId`, `weenieClassId`, `landblock`, `cell`, `posX`, `posY`, `posZ`, `qW`, `qX`, `qY`, `qZ`)
VALUES (1879400457, 28710, 86, 291, 139.825, -223.641, -36.063, 0, 0, 0, -1);

INSERT INTO `base_ace_object` (`baseAceObjectId`, `name`, `typeId`, `paletteId`, `ammoType`, `blipColor`, `bitField`, `burden`, `combatUse`, `cooldownDuration`, `cooldownId`, `effects`, `containersCapacity`, `header`, `hookTypeId`, `iconId`, `iconOverlayId`, `iconUnderlayId`, `hookItemTypes`, `itemsCapacity`, `location`, `materialType`, `maxStackSize`, `maxStructure`, `radar`, `pscript`, `spellId`, `stackSize`, `structure`, `targetTypeId`, `usability`, `useRadius`, `validLocations`, `value`, `workmanship`, `animationFrameId`, `defaultScript`, `defaultScriptIntensity`, `elasticity`, `friction`, `locationId`, `modelTableId`, `objectScale`, `physicsBitField`, `physicsTableId`, `motionTableId`, `soundTableId`, `physicsState`, `translucency`)
VALUES (1902845953, 'Destroyed Portal to Nanto', 65536, 0, 0, 0, 262164, 0, 0, 0, 0, 0, 0, 48, 0, 100667499, 0, 0, 0, 0, 0, 0, 0, 0, 0, 0, 0, 0, 0, 0, 1, -0.1, 0, 0, 0, 0, 0, 0, 0, 0, 0, 33561060, 0, 98307, 0, 150995314, 0, 3092, 0);

INSERT INTO `ace_object` (`baseAceObjectId`, `weenieClassId`, `landblock`, `cell`, `posX`, `posY`, `posZ`, `qW`, `qX`, `qY`, `qZ`)
VALUES (1902845953, 12160, 5810, 49, 154.499, 10.81, 26.30317, -0.7189701, 0, 0, -0.6950411);

INSERT INTO `base_ace_object` (`baseAceObjectId`, `name`, `typeId`, `paletteId`, `ammoType`, `blipColor`, `bitField`, `burden`, `combatUse`, `cooldownDuration`, `cooldownId`, `effects`, `containersCapacity`, `header`, `hookTypeId`, `iconId`, `iconOverlayId`, `iconUnderlayId`, `hookItemTypes`, `itemsCapacity`, `location`, `materialType`, `maxStackSize`, `maxStructure`, `radar`, `pscript`, `spellId`, `stackSize`, `structure`, `targetTypeId`, `usability`, `useRadius`, `validLocations`, `value`, `workmanship`, `animationFrameId`, `defaultScript`, `defaultScriptIntensity`, `elasticity`, `friction`, `locationId`, `modelTableId`, `objectScale`, `physicsBitField`, `physicsTableId`, `motionTableId`, `soundTableId`, `physicsState`, `translucency`)
VALUES (2124890112, 'Behind the Waterfall', 65536, 0, 0, 0, 262164, 0, 0, 0, 0, 0, 0, 8388656, 0, 100667499, 0, 0, 0, 0, 0, 0, 0, 0, 4, 0, 0, 0, 0, 0, 32, -0.1, 0, 0, 0, 0, 0, 0, 0, 0, 0, 33555922, 0, 98307, 0, 150994947, 0, 3084, 0);

INSERT INTO `ace_object` (`baseAceObjectId`, `weenieClassId`, `landblock`, `cell`, `posX`, `posY`, `posZ`, `qW`, `qX`, `qY`, `qZ`)
VALUES (2124890112, 22651, 60020, 37, 111.171, 118.111, 79.487, -0.9997495, 0, 0, -0.02238151);

INSERT INTO `base_ace_object` (`baseAceObjectId`, `name`, `typeId`, `paletteId`, `ammoType`, `blipColor`, `bitField`, `burden`, `combatUse`, `cooldownDuration`, `cooldownId`, `effects`, `containersCapacity`, `header`, `hookTypeId`, `iconId`, `iconOverlayId`, `iconUnderlayId`, `hookItemTypes`, `itemsCapacity`, `location`, `materialType`, `maxStackSize`, `maxStructure`, `radar`, `pscript`, `spellId`, `stackSize`, `structure`, `targetTypeId`, `usability`, `useRadius`, `validLocations`, `value`, `workmanship`, `animationFrameId`, `defaultScript`, `defaultScriptIntensity`, `elasticity`, `friction`, `locationId`, `modelTableId`, `objectScale`, `physicsBitField`, `physicsTableId`, `motionTableId`, `soundTableId`, `physicsState`, `translucency`)
VALUES (1979990019, 'Tusker Warrior''s Lair', 65536, 0, 0, 0, 262164, 0, 0, 0, 0, 0, 0, 8388656, 0, 100667499, 0, 0, 0, 0, 0, 0, 0, 0, 4, 0, 0, 0, 0, 0, 32, -0.1, 0, 0, 0, 0, 0, 0, 0, 0, 0, 33555925, 0, 98307, 0, 150994947, 0, 3084, 0);

INSERT INTO `ace_object` (`baseAceObjectId`, `weenieClassId`, `landblock`, `cell`, `posX`, `posY`, `posZ`, `qW`, `qX`, `qY`, `qZ`)
VALUES (1979990019, 22704, 24644, 264, 89.9254, -93.643, -36.063, 0.020795, 0, 0, 0.9997838);

INSERT INTO `base_ace_object` (`baseAceObjectId`, `name`, `typeId`, `paletteId`, `ammoType`, `blipColor`, `bitField`, `burden`, `combatUse`, `cooldownDuration`, `cooldownId`, `effects`, `containersCapacity`, `header`, `hookTypeId`, `iconId`, `iconOverlayId`, `iconUnderlayId`, `hookItemTypes`, `itemsCapacity`, `location`, `materialType`, `maxStackSize`, `maxStructure`, `radar`, `pscript`, `spellId`, `stackSize`, `structure`, `targetTypeId`, `usability`, `useRadius`, `validLocations`, `value`, `workmanship`, `animationFrameId`, `defaultScript`, `defaultScriptIntensity`, `elasticity`, `friction`, `locationId`, `modelTableId`, `objectScale`, `physicsBitField`, `physicsTableId`, `motionTableId`, `soundTableId`, `physicsState`, `translucency`)
VALUES (1979985943, 'Tusker Food Storage', 65536, 0, 0, 0, 262164, 0, 0, 0, 0, 0, 0, 8388656, 0, 100667499, 0, 0, 0, 0, 0, 0, 0, 0, 4, 0, 0, 0, 0, 0, 32, -0.1, 0, 0, 0, 0, 0, 0, 0, 0, 0, 33555925, 0, 98307, 0, 150994947, 0, 3084, 0);

INSERT INTO `ace_object` (`baseAceObjectId`, `weenieClassId`, `landblock`, `cell`, `posX`, `posY`, `posZ`, `qW`, `qX`, `qY`, `qZ`)
VALUES (1979985943, 22671, 24643, 402, 191.157, -111.192, -42.063, -0.375659, 0, 0, 0.926758);

INSERT INTO `base_ace_object` (`baseAceObjectId`, `name`, `typeId`, `paletteId`, `ammoType`, `blipColor`, `bitField`, `burden`, `combatUse`, `cooldownDuration`, `cooldownId`, `effects`, `containersCapacity`, `header`, `hookTypeId`, `iconId`, `iconOverlayId`, `iconUnderlayId`, `hookItemTypes`, `itemsCapacity`, `location`, `materialType`, `maxStackSize`, `maxStructure`, `radar`, `pscript`, `spellId`, `stackSize`, `structure`, `targetTypeId`, `usability`, `useRadius`, `validLocations`, `value`, `workmanship`, `animationFrameId`, `defaultScript`, `defaultScriptIntensity`, `elasticity`, `friction`, `locationId`, `modelTableId`, `objectScale`, `physicsBitField`, `physicsTableId`, `motionTableId`, `soundTableId`, `physicsState`, `translucency`)
VALUES (1977892864, 'Legend of the Tusker King', 65536, 0, 0, 0, 262164, 0, 0, 0, 0, 0, 0, 8388656, 0, 100667499, 0, 0, 0, 0, 0, 0, 0, 0, 4, 0, 0, 0, 0, 0, 32, -0.1, 0, 0, 0, 0, 0, 0, 0, 0, 0, 33555925, 0, 98307, 0, 150994947, 0, 3084, 0);

INSERT INTO `ace_object` (`baseAceObjectId`, `weenieClassId`, `landblock`, `cell`, `posX`, `posY`, `posZ`, `qW`, `qX`, `qY`, `qZ`)
VALUES (1977892864, 22650, 24132, 257, 131.557, -237.417, -48.063, 0.7105399, 0, 0, 0.7036569);

INSERT INTO `base_ace_object` (`baseAceObjectId`, `name`, `typeId`, `paletteId`, `ammoType`, `blipColor`, `bitField`, `burden`, `combatUse`, `cooldownDuration`, `cooldownId`, `effects`, `containersCapacity`, `header`, `hookTypeId`, `iconId`, `iconOverlayId`, `iconUnderlayId`, `hookItemTypes`, `itemsCapacity`, `location`, `materialType`, `maxStackSize`, `maxStructure`, `radar`, `pscript`, `spellId`, `stackSize`, `structure`, `targetTypeId`, `usability`, `useRadius`, `validLocations`, `value`, `workmanship`, `animationFrameId`, `defaultScript`, `defaultScriptIntensity`, `elasticity`, `friction`, `locationId`, `modelTableId`, `objectScale`, `physicsBitField`, `physicsTableId`, `motionTableId`, `soundTableId`, `physicsState`, `translucency`)
VALUES (1978937344, 'Throne of the Tusker King', 65536, 0, 0, 0, 262164, 0, 0, 0, 0, 0, 0, 8388656, 0, 100667499, 0, 0, 0, 0, 0, 0, 0, 0, 4, 0, 0, 0, 0, 0, 32, -0.1, 0, 0, 0, 0, 0, 0, 0, 0, 0, 33555925, 0, 98307, 0, 150994947, 0, 3084, 0);

INSERT INTO `ace_object` (`baseAceObjectId`, `weenieClassId`, `landblock`, `cell`, `posX`, `posY`, `posZ`, `qW`, `qX`, `qY`, `qZ`)
VALUES (1978937344, 22684, 24387, 256, 10, -88.4261, -42.063, 1, 0, 0, -4.37114E-08);

INSERT INTO `base_ace_object` (`baseAceObjectId`, `name`, `typeId`, `paletteId`, `ammoType`, `blipColor`, `bitField`, `burden`, `combatUse`, `cooldownDuration`, `cooldownId`, `effects`, `containersCapacity`, `header`, `hookTypeId`, `iconId`, `iconOverlayId`, `iconUnderlayId`, `hookItemTypes`, `itemsCapacity`, `location`, `materialType`, `maxStackSize`, `maxStructure`, `radar`, `pscript`, `spellId`, `stackSize`, `structure`, `targetTypeId`, `usability`, `useRadius`, `validLocations`, `value`, `workmanship`, `animationFrameId`, `defaultScript`, `defaultScriptIntensity`, `elasticity`, `friction`, `locationId`, `modelTableId`, `objectScale`, `physicsBitField`, `physicsTableId`, `motionTableId`, `soundTableId`, `physicsState`, `translucency`)
VALUES (1978941477, 'Idol of Wishes', 65536, 0, 0, 0, 262164, 0, 0, 0, 0, 0, 0, 8388656, 0, 100667499, 0, 0, 0, 0, 0, 0, 0, 0, 4, 0, 0, 0, 0, 0, 32, -0.1, 0, 0, 0, 0, 0, 0, 0, 0, 0, 33554867, 0, 98307, 0, 150994947, 0, 3084, 0);

INSERT INTO `ace_object` (`baseAceObjectId`, `weenieClassId`, `landblock`, `cell`, `posX`, `posY`, `posZ`, `qW`, `qX`, `qY`, `qZ`)
VALUES (1978941477, 22708, 24388, 416, 220.084, -112.341, -0.06299996, -0.0156759, 0, 0, -0.9998772);

INSERT INTO `base_ace_object` (`baseAceObjectId`, `name`, `typeId`, `paletteId`, `ammoType`, `blipColor`, `bitField`, `burden`, `combatUse`, `cooldownDuration`, `cooldownId`, `effects`, `containersCapacity`, `header`, `hookTypeId`, `iconId`, `iconOverlayId`, `iconUnderlayId`, `hookItemTypes`, `itemsCapacity`, `location`, `materialType`, `maxStackSize`, `maxStructure`, `radar`, `pscript`, `spellId`, `stackSize`, `structure`, `targetTypeId`, `usability`, `useRadius`, `validLocations`, `value`, `workmanship`, `animationFrameId`, `defaultScript`, `defaultScriptIntensity`, `elasticity`, `friction`, `locationId`, `modelTableId`, `objectScale`, `physicsBitField`, `physicsTableId`, `motionTableId`, `soundTableId`, `physicsState`, `translucency`)
VALUES (1978941478, 'Surface', 65536, 0, 0, 0, 262164, 0, 0, 0, 0, 0, 0, 8388656, 0, 100667499, 0, 0, 0, 0, 0, 0, 0, 0, 4, 0, 0, 0, 0, 0, 32, -0.1, 0, 0, 0, 0, 0, 0, 0, 0, 0, 33554867, 0, 98307, 0, 150994947, 0, 3084, 0);

INSERT INTO `ace_object` (`baseAceObjectId`, `weenieClassId`, `landblock`, `cell`, `posX`, `posY`, `posZ`, `qW`, `qX`, `qY`, `qZ`)
VALUES (1978941478, 22685, 24388, 426, 239.477, -112.149, -0.06299996, 0.04275588, 0, 0, -0.9990855);

INSERT INTO `base_ace_object` (`baseAceObjectId`, `name`, `typeId`, `paletteId`, `ammoType`, `blipColor`, `bitField`, `burden`, `combatUse`, `cooldownDuration`, `cooldownId`, `effects`, `containersCapacity`, `header`, `hookTypeId`, `iconId`, `iconOverlayId`, `iconUnderlayId`, `hookItemTypes`, `itemsCapacity`, `location`, `materialType`, `maxStackSize`, `maxStructure`, `radar`, `pscript`, `spellId`, `stackSize`, `structure`, `targetTypeId`, `usability`, `useRadius`, `validLocations`, `value`, `workmanship`, `animationFrameId`, `defaultScript`, `defaultScriptIntensity`, `elasticity`, `friction`, `locationId`, `modelTableId`, `objectScale`, `physicsBitField`, `physicsTableId`, `motionTableId`, `soundTableId`, `physicsState`, `translucency`)
VALUES (1978941472, 'Arena of the Tusker Hero', 65536, 0, 0, 0, 262164, 0, 0, 0, 0, 0, 0, 8388656, 0, 100667499, 0, 0, 0, 0, 0, 0, 0, 0, 4, 0, 0, 0, 0, 0, 32, -0.1, 0, 0, 0, 0, 0, 0, 0, 0, 0, 33555925, 0, 98307, 0, 150994947, 0, 3084, 0);

INSERT INTO `ace_object` (`baseAceObjectId`, `weenieClassId`, `landblock`, `cell`, `posX`, `posY`, `posZ`, `qW`, `qX`, `qY`, `qZ`)
VALUES (1978941472, 22656, 24388, 413, 130, -47.415, -0.06299996, 1, 0, 0, 0);

INSERT INTO `base_ace_object` (`baseAceObjectId`, `name`, `typeId`, `paletteId`, `ammoType`, `blipColor`, `bitField`, `burden`, `combatUse`, `cooldownDuration`, `cooldownId`, `effects`, `containersCapacity`, `header`, `hookTypeId`, `iconId`, `iconOverlayId`, `iconUnderlayId`, `hookItemTypes`, `itemsCapacity`, `location`, `materialType`, `maxStackSize`, `maxStructure`, `radar`, `pscript`, `spellId`, `stackSize`, `structure`, `targetTypeId`, `usability`, `useRadius`, `validLocations`, `value`, `workmanship`, `animationFrameId`, `defaultScript`, `defaultScriptIntensity`, `elasticity`, `friction`, `locationId`, `modelTableId`, `objectScale`, `physicsBitField`, `physicsTableId`, `motionTableId`, `soundTableId`, `physicsState`, `translucency`)
VALUES (1977888787, 'Throne of the Tusker King', 65536, 0, 0, 0, 262164, 0, 0, 0, 0, 0, 0, 8388656, 0, 100667499, 0, 0, 0, 0, 0, 0, 0, 0, 4, 0, 0, 0, 0, 0, 32, -0.1, 0, 0, 0, 0, 0, 0, 0, 0, 0, 33554867, 0, 98307, 0, 150994947, 0, 3084, 0);

INSERT INTO `ace_object` (`baseAceObjectId`, `weenieClassId`, `landblock`, `cell`, `posX`, `posY`, `posZ`, `qW`, `qX`, `qY`, `qZ`)
VALUES (1977888787, 22701, 24131, 265, 120, -26.5647, -0.06299996, 1, 0, 0, 0);

INSERT INTO `base_ace_object` (`baseAceObjectId`, `name`, `typeId`, `paletteId`, `ammoType`, `blipColor`, `bitField`, `burden`, `combatUse`, `cooldownDuration`, `cooldownId`, `effects`, `containersCapacity`, `header`, `hookTypeId`, `iconId`, `iconOverlayId`, `iconUnderlayId`, `hookItemTypes`, `itemsCapacity`, `location`, `materialType`, `maxStackSize`, `maxStructure`, `radar`, `pscript`, `spellId`, `stackSize`, `structure`, `targetTypeId`, `usability`, `useRadius`, `validLocations`, `value`, `workmanship`, `animationFrameId`, `defaultScript`, `defaultScriptIntensity`, `elasticity`, `friction`, `locationId`, `modelTableId`, `objectScale`, `physicsBitField`, `physicsTableId`, `motionTableId`, `soundTableId`, `physicsState`, `translucency`)
VALUES (1978941479, 'Throne of the Tusker King', 65536, 0, 0, 0, 262164, 0, 0, 0, 0, 0, 0, 8388656, 0, 100667499, 0, 0, 0, 0, 0, 0, 0, 0, 4, 0, 0, 0, 0, 0, 32, -0.1, 0, 0, 0, 0, 0, 0, 0, 0, 0, 33555925, 0, 98307, 0, 150994947, 0, 3084, 0);

INSERT INTO `ace_object` (`baseAceObjectId`, `weenieClassId`, `landblock`, `cell`, `posX`, `posY`, `posZ`, `qW`, `qX`, `qY`, `qZ`)
VALUES (1978941479, 22684, 24388, 410, 61.6234, -50.0506, -0.06299996, -0.711512, 0, 0, 0.702674);

INSERT INTO `base_ace_object` (`baseAceObjectId`, `name`, `typeId`, `paletteId`, `ammoType`, `blipColor`, `bitField`, `burden`, `combatUse`, `cooldownDuration`, `cooldownId`, `effects`, `containersCapacity`, `header`, `hookTypeId`, `iconId`, `iconOverlayId`, `iconUnderlayId`, `hookItemTypes`, `itemsCapacity`, `location`, `materialType`, `maxStackSize`, `maxStructure`, `radar`, `pscript`, `spellId`, `stackSize`, `structure`, `targetTypeId`, `usability`, `useRadius`, `validLocations`, `value`, `workmanship`, `animationFrameId`, `defaultScript`, `defaultScriptIntensity`, `elasticity`, `friction`, `locationId`, `modelTableId`, `objectScale`, `physicsBitField`, `physicsTableId`, `motionTableId`, `soundTableId`, `physicsState`, `translucency`)
VALUES (1977905154, 'Asheron''s Tower', 65536, 0, 0, 0, 262164, 0, 0, 0, 0, 0, 0, 8388624, 0, 100674152, 0, 0, 0, 0, 0, 0, 0, 0, 4, 0, 0, 0, 0, 0, 32, 0, 0, 0, 0, 0, 0, 0, 0, 0, 0, 33558268, 0, 34817, 0, 0, 536871008, 67596, 0);

INSERT INTO `ace_object` (`baseAceObjectId`, `weenieClassId`, `landblock`, `cell`, `posX`, `posY`, `posZ`, `qW`, `qX`, `qY`, `qZ`)
VALUES (1977905154, 33590, 24135, 261, 10.3632, -22.7972, -2.793968E-09, 0, 0, 0, -1);

INSERT INTO `base_ace_object` (`baseAceObjectId`, `name`, `typeId`, `paletteId`, `ammoType`, `blipColor`, `bitField`, `burden`, `combatUse`, `cooldownDuration`, `cooldownId`, `effects`, `containersCapacity`, `header`, `hookTypeId`, `iconId`, `iconOverlayId`, `iconUnderlayId`, `hookItemTypes`, `itemsCapacity`, `location`, `materialType`, `maxStackSize`, `maxStructure`, `radar`, `pscript`, `spellId`, `stackSize`, `structure`, `targetTypeId`, `usability`, `useRadius`, `validLocations`, `value`, `workmanship`, `animationFrameId`, `defaultScript`, `defaultScriptIntensity`, `elasticity`, `friction`, `locationId`, `modelTableId`, `objectScale`, `physicsBitField`, `physicsTableId`, `motionTableId`, `soundTableId`, `physicsState`, `translucency`)
VALUES (3706476332, 'Shallow Hive Portal', 65536, 0, 0, 0, 262164, 0, 0, 0, 0, 0, 0, 8388656, 0, 100667499, 0, 0, 0, 0, 0, 0, 0, 0, 4, 0, 0, 0, 0, 0, 32, -0.1, 0, 0, 0, 0, 0, 0, 0, 0, 0, 33555925, 0, 98307, 0, 150994947, 0, 3084, 0);

INSERT INTO `ace_object` (`baseAceObjectId`, `weenieClassId`, `landblock`, `cell`, `posX`, `posY`, `posZ`, `qW`, `qX`, `qY`, `qZ`)
VALUES (3706476332, 11225, 8897, 10, 47.4569, 43.08838, 107.9823, 1, 0, 0, 0);

INSERT INTO `base_ace_object` (`baseAceObjectId`, `name`, `typeId`, `paletteId`, `ammoType`, `blipColor`, `bitField`, `burden`, `combatUse`, `cooldownDuration`, `cooldownId`, `effects`, `containersCapacity`, `header`, `hookTypeId`, `iconId`, `iconOverlayId`, `iconUnderlayId`, `hookItemTypes`, `itemsCapacity`, `location`, `materialType`, `maxStackSize`, `maxStructure`, `radar`, `pscript`, `spellId`, `stackSize`, `structure`, `targetTypeId`, `usability`, `useRadius`, `validLocations`, `value`, `workmanship`, `animationFrameId`, `defaultScript`, `defaultScriptIntensity`, `elasticity`, `friction`, `locationId`, `modelTableId`, `objectScale`, `physicsBitField`, `physicsTableId`, `motionTableId`, `soundTableId`, `physicsState`, `translucency`)
VALUES (3706576554, 'Simple Hive Portal', 65536, 0, 0, 0, 262164, 0, 0, 0, 0, 0, 0, 8388656, 0, 100667499, 0, 0, 0, 0, 0, 0, 0, 0, 4, 0, 0, 0, 0, 0, 32, -0.1, 0, 0, 0, 0, 0, 0, 0, 0, 0, 33555926, 0, 98307, 0, 150994947, 0, 3084, 0);

INSERT INTO `ace_object` (`baseAceObjectId`, `weenieClassId`, `landblock`, `cell`, `posX`, `posY`, `posZ`, `qW`, `qX`, `qY`, `qZ`)
VALUES (3706576554, 11223, 8642, 9, 25.23389, 22.34585, 78.21269, 1, 0, 0, 0);

INSERT INTO `base_ace_object` (`baseAceObjectId`, `name`, `typeId`, `paletteId`, `ammoType`, `blipColor`, `bitField`, `burden`, `combatUse`, `cooldownDuration`, `cooldownId`, `effects`, `containersCapacity`, `header`, `hookTypeId`, `iconId`, `iconOverlayId`, `iconUnderlayId`, `hookItemTypes`, `itemsCapacity`, `location`, `materialType`, `maxStackSize`, `maxStructure`, `radar`, `pscript`, `spellId`, `stackSize`, `structure`, `targetTypeId`, `usability`, `useRadius`, `validLocations`, `value`, `workmanship`, `animationFrameId`, `defaultScript`, `defaultScriptIntensity`, `elasticity`, `friction`, `locationId`, `modelTableId`, `objectScale`, `physicsBitField`, `physicsTableId`, `motionTableId`, `soundTableId`, `physicsState`, `translucency`)
VALUES (3706920803, 'Small Hive Portal', 65536, 0, 0, 0, 262164, 0, 0, 0, 0, 0, 0, 8388656, 0, 100667499, 0, 0, 0, 0, 0, 0, 0, 0, 4, 0, 0, 0, 0, 0, 32, -0.1, 0, 0, 0, 0, 0, 0, 0, 0, 0, 33555926, 0, 98307, 0, 150994947, 0, 3084, 0);

INSERT INTO `ace_object` (`baseAceObjectId`, `weenieClassId`, `landblock`, `cell`, `posX`, `posY`, `posZ`, `qW`, `qX`, `qY`, `qZ`)
VALUES (3706920803, 11221, 7873, 39, 106.1895, 162.1937, 79.57069, 1, 0, 0, 0);

INSERT INTO `base_ace_object` (`baseAceObjectId`, `name`, `typeId`, `paletteId`, `ammoType`, `blipColor`, `bitField`, `burden`, `combatUse`, `cooldownDuration`, `cooldownId`, `effects`, `containersCapacity`, `header`, `hookTypeId`, `iconId`, `iconOverlayId`, `iconUnderlayId`, `hookItemTypes`, `itemsCapacity`, `location`, `materialType`, `maxStackSize`, `maxStructure`, `radar`, `pscript`, `spellId`, `stackSize`, `structure`, `targetTypeId`, `usability`, `useRadius`, `validLocations`, `value`, `workmanship`, `animationFrameId`, `defaultScript`, `defaultScriptIntensity`, `elasticity`, `friction`, `locationId`, `modelTableId`, `objectScale`, `physicsBitField`, `physicsTableId`, `motionTableId`, `soundTableId`, `physicsState`, `translucency`)
VALUES (3706921022, 'Tiny Hive Portal', 65536, 0, 0, 0, 262164, 0, 0, 0, 0, 0, 0, 8388656, 0, 100667499, 0, 0, 0, 0, 0, 0, 0, 0, 4, 0, 0, 0, 0, 0, 32, -0.1, 0, 0, 0, 0, 0, 0, 0, 0, 0, 33555923, 0, 98307, 0, 150994947, 0, 3084, 0);

INSERT INTO `ace_object` (`baseAceObjectId`, `weenieClassId`, `landblock`, `cell`, `posX`, `posY`, `posZ`, `qW`, `qX`, `qY`, `qZ`)
VALUES (3706921022, 11219, 7617, 48, 125.6548, 174.3434, 81.46577, 1, 0, 0, 0);

INSERT INTO `base_ace_object` (`baseAceObjectId`, `name`, `typeId`, `paletteId`, `ammoType`, `blipColor`, `bitField`, `burden`, `combatUse`, `cooldownDuration`, `cooldownId`, `effects`, `containersCapacity`, `header`, `hookTypeId`, `iconId`, `iconOverlayId`, `iconUnderlayId`, `hookItemTypes`, `itemsCapacity`, `location`, `materialType`, `maxStackSize`, `maxStructure`, `radar`, `pscript`, `spellId`, `stackSize`, `structure`, `targetTypeId`, `usability`, `useRadius`, `validLocations`, `value`, `workmanship`, `animationFrameId`, `defaultScript`, `defaultScriptIntensity`, `elasticity`, `friction`, `locationId`, `modelTableId`, `objectScale`, `physicsBitField`, `physicsTableId`, `motionTableId`, `soundTableId`, `physicsState`, `translucency`)
VALUES (3706414332, 'The Path to More Recent Times', 65536, 0, 0, 0, 262164, 0, 0, 0, 0, 0, 0, 8388656, 0, 100667499, 0, 0, 0, 0, 0, 0, 0, 0, 4, 0, 0, 0, 0, 0, 32, -0.1, 0, 0, 0, 0, 0, 0, 0, 0, 0, 33554867, 0, 98307, 0, 150994947, 0, 3084, 0);

INSERT INTO `ace_object` (`baseAceObjectId`, `weenieClassId`, `landblock`, `cell`, `posX`, `posY`, `posZ`, `qW`, `qX`, `qY`, `qZ`)
VALUES (3706414332, 36170, 163, 326, 250, -188.932, -29.971, 1, 0, 0, 0);

INSERT INTO `base_ace_object` (`baseAceObjectId`, `name`, `typeId`, `paletteId`, `ammoType`, `blipColor`, `bitField`, `burden`, `combatUse`, `cooldownDuration`, `cooldownId`, `effects`, `containersCapacity`, `header`, `hookTypeId`, `iconId`, `iconOverlayId`, `iconUnderlayId`, `hookItemTypes`, `itemsCapacity`, `location`, `materialType`, `maxStackSize`, `maxStructure`, `radar`, `pscript`, `spellId`, `stackSize`, `structure`, `targetTypeId`, `usability`, `useRadius`, `validLocations`, `value`, `workmanship`, `animationFrameId`, `defaultScript`, `defaultScriptIntensity`, `elasticity`, `friction`, `locationId`, `modelTableId`, `objectScale`, `physicsBitField`, `physicsTableId`, `motionTableId`, `soundTableId`, `physicsState`, `translucency`)
VALUES (1933418511, 'Yaraq Casino VIP Portal', 65536, 0, 0, 0, 262164, 0, 0, 0, 0, 0, 0, 8388656, 0, 100667499, 0, 0, 0, 0, 0, 0, 0, 0, 4, 0, 0, 0, 0, 0, 32, -0.1, 0, 0, 0, 0, 0, 0, 0, 0, 0, 33554867, 0, 98307, 0, 150994947, 0, 3084, 0);

INSERT INTO `ace_object` (`baseAceObjectId`, `weenieClassId`, `landblock`, `cell`, `posX`, `posY`, `posZ`, `qW`, `qX`, `qY`, `qZ`)
VALUES (1933418511, 39000, 13274, 46, 131.5, 131, 62.687, -4.37114E-08, 0, 0, -1);

INSERT INTO `base_ace_object` (`baseAceObjectId`, `name`, `typeId`, `paletteId`, `ammoType`, `blipColor`, `bitField`, `burden`, `combatUse`, `cooldownDuration`, `cooldownId`, `effects`, `containersCapacity`, `header`, `hookTypeId`, `iconId`, `iconOverlayId`, `iconUnderlayId`, `hookItemTypes`, `itemsCapacity`, `location`, `materialType`, `maxStackSize`, `maxStructure`, `radar`, `pscript`, `spellId`, `stackSize`, `structure`, `targetTypeId`, `usability`, `useRadius`, `validLocations`, `value`, `workmanship`, `animationFrameId`, `defaultScript`, `defaultScriptIntensity`, `elasticity`, `friction`, `locationId`, `modelTableId`, `objectScale`, `physicsBitField`, `physicsTableId`, `motionTableId`, `soundTableId`, `physicsState`, `translucency`)
VALUES (1933418512, 'Shoushi Casino VIP Portal', 65536, 0, 0, 0, 262164, 0, 0, 0, 0, 0, 0, 8388656, 0, 100667499, 0, 0, 0, 0, 0, 0, 0, 0, 4, 0, 0, 0, 0, 0, 32, -0.1, 0, 0, 0, 0, 0, 0, 0, 0, 0, 33554867, 0, 98307, 0, 150994947, 0, 3084, 0);

INSERT INTO `ace_object` (`baseAceObjectId`, `weenieClassId`, `landblock`, `cell`, `posX`, `posY`, `posZ`, `qW`, `qX`, `qY`, `qZ`)
VALUES (1933418512, 39002, 13274, 46, 124.5, 131, 62.687, -4.37114E-08, 0, 0, -1);

INSERT INTO `base_ace_object` (`baseAceObjectId`, `name`, `typeId`, `paletteId`, `ammoType`, `blipColor`, `bitField`, `burden`, `combatUse`, `cooldownDuration`, `cooldownId`, `effects`, `containersCapacity`, `header`, `hookTypeId`, `iconId`, `iconOverlayId`, `iconUnderlayId`, `hookItemTypes`, `itemsCapacity`, `location`, `materialType`, `maxStackSize`, `maxStructure`, `radar`, `pscript`, `spellId`, `stackSize`, `structure`, `targetTypeId`, `usability`, `useRadius`, `validLocations`, `value`, `workmanship`, `animationFrameId`, `defaultScript`, `defaultScriptIntensity`, `elasticity`, `friction`, `locationId`, `modelTableId`, `objectScale`, `physicsBitField`, `physicsTableId`, `motionTableId`, `soundTableId`, `physicsState`, `translucency`)
VALUES (1933418513, 'Holtburg Casino VIP Portal', 65536, 0, 0, 0, 262164, 0, 0, 0, 0, 0, 0, 8388656, 0, 100667499, 0, 0, 0, 0, 0, 0, 0, 0, 4, 0, 0, 0, 0, 0, 32, -0.1, 0, 0, 0, 0, 0, 0, 0, 0, 0, 33554867, 0, 98307, 0, 150994947, 0, 3084, 0);

INSERT INTO `ace_object` (`baseAceObjectId`, `weenieClassId`, `landblock`, `cell`, `posX`, `posY`, `posZ`, `qW`, `qX`, `qY`, `qZ`)
VALUES (1933418513, 38998, 13274, 46, 138.5, 131, 62.687, -4.37114E-08, 0, 0, -1);

INSERT INTO `base_ace_object` (`baseAceObjectId`, `name`, `typeId`, `paletteId`, `ammoType`, `blipColor`, `bitField`, `burden`, `combatUse`, `cooldownDuration`, `cooldownId`, `effects`, `containersCapacity`, `header`, `hookTypeId`, `iconId`, `iconOverlayId`, `iconUnderlayId`, `hookItemTypes`, `itemsCapacity`, `location`, `materialType`, `maxStackSize`, `maxStructure`, `radar`, `pscript`, `spellId`, `stackSize`, `structure`, `targetTypeId`, `usability`, `useRadius`, `validLocations`, `value`, `workmanship`, `animationFrameId`, `defaultScript`, `defaultScriptIntensity`, `elasticity`, `friction`, `locationId`, `modelTableId`, `objectScale`, `physicsBitField`, `physicsTableId`, `motionTableId`, `soundTableId`, `physicsState`, `translucency`)
VALUES (1882750992, 'House Portal', 65536, 0, 0, 0, 262164, 0, 0, 0, 0, 0, 0, 41943088, 0, 100667499, 0, 0, 0, 0, 0, 0, 0, 0, 4, 0, 0, 0, 0, 0, 32, 0.75, 0, 0, 0, 0, 0, 0, 0, 0, 0, 33554867, 0, 98307, 0, 150994947, 0, 3076, 0);

INSERT INTO `ace_object` (`baseAceObjectId`, `weenieClassId`, `landblock`, `cell`, `posX`, `posY`, `posZ`, `qW`, `qX`, `qY`, `qZ`)
VALUES (1882750992, 11730, 904, 287, 20, -50, -6.063, 1, 0, 0, 0);

INSERT INTO `base_ace_object` (`baseAceObjectId`, `name`, `typeId`, `paletteId`, `ammoType`, `blipColor`, `bitField`, `burden`, `combatUse`, `cooldownDuration`, `cooldownId`, `effects`, `containersCapacity`, `header`, `hookTypeId`, `iconId`, `iconOverlayId`, `iconUnderlayId`, `hookItemTypes`, `itemsCapacity`, `location`, `materialType`, `maxStackSize`, `maxStructure`, `radar`, `pscript`, `spellId`, `stackSize`, `structure`, `targetTypeId`, `usability`, `useRadius`, `validLocations`, `value`, `workmanship`, `animationFrameId`, `defaultScript`, `defaultScriptIntensity`, `elasticity`, `friction`, `locationId`, `modelTableId`, `objectScale`, `physicsBitField`, `physicsTableId`, `motionTableId`, `soundTableId`, `physicsState`, `translucency`)
VALUES (1915109377, 'Ridge Tower', 65536, 0, 0, 0, 262164, 0, 0, 0, 0, 0, 0, 8388656, 0, 100667499, 0, 0, 0, 0, 0, 0, 0, 0, 4, 0, 0, 0, 0, 0, 32, -0.1, 0, 0, 0, 0, 0, 0, 0, 0, 0, 33554867, 0, 98307, 0, 150994947, 0, 3084, 0);

INSERT INTO `ace_object` (`baseAceObjectId`, `weenieClassId`, `landblock`, `cell`, `posX`, `posY`, `posZ`, `qW`, `qX`, `qY`, `qZ`)
VALUES (1915109377, 4147, 8804, 5, 21.436, 99.414, 119.937, 0.7071068, 0, 0, -0.7071068);

INSERT INTO `base_ace_object` (`baseAceObjectId`, `name`, `typeId`, `paletteId`, `ammoType`, `blipColor`, `bitField`, `burden`, `combatUse`, `cooldownDuration`, `cooldownId`, `effects`, `containersCapacity`, `header`, `hookTypeId`, `iconId`, `iconOverlayId`, `iconUnderlayId`, `hookItemTypes`, `itemsCapacity`, `location`, `materialType`, `maxStackSize`, `maxStructure`, `radar`, `pscript`, `spellId`, `stackSize`, `structure`, `targetTypeId`, `usability`, `useRadius`, `validLocations`, `value`, `workmanship`, `animationFrameId`, `defaultScript`, `defaultScriptIntensity`, `elasticity`, `friction`, `locationId`, `modelTableId`, `objectScale`, `physicsBitField`, `physicsTableId`, `motionTableId`, `soundTableId`, `physicsState`, `translucency`)
VALUES (1915109376, 'Outside Accursed Halls Portal', 65536, 0, 0, 0, 262164, 0, 0, 0, 0, 0, 0, 8388656, 0, 100667499, 0, 0, 0, 0, 0, 0, 0, 0, 4, 0, 0, 0, 0, 0, 32, -0.1, 0, 0, 0, 0, 0, 0, 0, 0, 0, 33554867, 0, 98307, 0, 150994947, 0, 3084, 0);

INSERT INTO `ace_object` (`baseAceObjectId`, `weenieClassId`, `landblock`, `cell`, `posX`, `posY`, `posZ`, `qW`, `qX`, `qY`, `qZ`)
VALUES (1915109376, 1087, 8804, 20, 54.6793, 92.8648, 119.937, 0.7071068, 0, 0, -0.7071068);

INSERT INTO `base_ace_object` (`baseAceObjectId`, `name`, `typeId`, `paletteId`, `ammoType`, `blipColor`, `bitField`, `burden`, `combatUse`, `cooldownDuration`, `cooldownId`, `effects`, `containersCapacity`, `header`, `hookTypeId`, `iconId`, `iconOverlayId`, `iconUnderlayId`, `hookItemTypes`, `itemsCapacity`, `location`, `materialType`, `maxStackSize`, `maxStructure`, `radar`, `pscript`, `spellId`, `stackSize`, `structure`, `targetTypeId`, `usability`, `useRadius`, `validLocations`, `value`, `workmanship`, `animationFrameId`, `defaultScript`, `defaultScriptIntensity`, `elasticity`, `friction`, `locationId`, `modelTableId`, `objectScale`, `physicsBitField`, `physicsTableId`, `motionTableId`, `soundTableId`, `physicsState`, `translucency`)
VALUES (1937117184, 'Accursed Halls Portal', 65536, 0, 0, 0, 262164, 0, 0, 0, 0, 0, 0, 8388656, 0, 100667499, 0, 0, 0, 0, 0, 0, 0, 0, 4, 0, 0, 0, 0, 0, 32, -0.1, 0, 0, 0, 0, 0, 0, 0, 0, 0, 33554867, 0, 98307, 0, 150994947, 0, 3084, 0);

INSERT INTO `ace_object` (`baseAceObjectId`, `weenieClassId`, `landblock`, `cell`, `posX`, `posY`, `posZ`, `qW`, `qX`, `qY`, `qZ`)
VALUES (1937117184, 1119, 14177, 4, 19.5545, 77.8227, 39.937, -0.7071068, 0, 0, -0.7071068);

INSERT INTO `base_ace_object` (`baseAceObjectId`, `name`, `typeId`, `paletteId`, `ammoType`, `blipColor`, `bitField`, `burden`, `combatUse`, `cooldownDuration`, `cooldownId`, `effects`, `containersCapacity`, `header`, `hookTypeId`, `iconId`, `iconOverlayId`, `iconUnderlayId`, `hookItemTypes`, `itemsCapacity`, `location`, `materialType`, `maxStackSize`, `maxStructure`, `radar`, `pscript`, `spellId`, `stackSize`, `structure`, `targetTypeId`, `usability`, `useRadius`, `validLocations`, `value`, `workmanship`, `animationFrameId`, `defaultScript`, `defaultScriptIntensity`, `elasticity`, `friction`, `locationId`, `modelTableId`, `objectScale`, `physicsBitField`, `physicsTableId`, `motionTableId`, `soundTableId`, `physicsState`, `translucency`)
VALUES (1937117185, 'Walled Portals', 65536, 67109370, 0, 0, 262164, 0, 0, 0, 0, 0, 0, 8388656, 0, 100667499, 0, 0, 0, 0, 0, 0, 0, 0, 4, 0, 0, 0, 0, 0, 32, -0.1, 0, 0, 0, 0, 0, 0, 0, 0, 0, 33554867, 0, 98307, 0, 150994947, 0, 3084, 0);

INSERT INTO `ace_object` (`baseAceObjectId`, `weenieClassId`, `landblock`, `cell`, `posX`, `posY`, `posZ`, `qW`, `qX`, `qY`, `qZ`)
VALUES (1937117185, 4203, 14177, 19, 52.6106, 66.1486, 39.937, 0.7071068, 0, 0, -0.7071068);

INSERT INTO `ace_object_palette_changes` (`baseAceObjectId`, `subPaletteId`, `offset`, `length`)
VALUES (1937117185, 67111849, 8, 2040);

INSERT INTO `base_ace_object` (`baseAceObjectId`, `name`, `typeId`, `paletteId`, `ammoType`, `blipColor`, `bitField`, `burden`, `combatUse`, `cooldownDuration`, `cooldownId`, `effects`, `containersCapacity`, `header`, `hookTypeId`, `iconId`, `iconOverlayId`, `iconUnderlayId`, `hookItemTypes`, `itemsCapacity`, `location`, `materialType`, `maxStackSize`, `maxStructure`, `radar`, `pscript`, `spellId`, `stackSize`, `structure`, `targetTypeId`, `usability`, `useRadius`, `validLocations`, `value`, `workmanship`, `animationFrameId`, `defaultScript`, `defaultScriptIntensity`, `elasticity`, `friction`, `locationId`, `modelTableId`, `objectScale`, `physicsBitField`, `physicsTableId`, `motionTableId`, `soundTableId`, `physicsState`, `translucency`)
VALUES (1939210246, 'Apostate Excavation', 65536, 0, 0, 0, 262164, 0, 0, 0, 0, 0, 0, 8388656, 0, 100667499, 0, 0, 0, 0, 0, 0, 0, 0, 4, 0, 0, 0, 0, 0, 32, -0.1, 0, 0, 0, 0, 0, 0, 0, 0, 0, 33555925, 0, 98307, 0, 150994947, 0, 3084, 0);

INSERT INTO `ace_object` (`baseAceObjectId`, `weenieClassId`, `landblock`, `cell`, `posX`, `posY`, `posZ`, `qW`, `qX`, `qY`, `qZ`)
VALUES (1939210246, 41195, 14688, 261, 46, 17, -15.663, 1, 0, 0, 0);

INSERT INTO `base_ace_object` (`baseAceObjectId`, `name`, `typeId`, `paletteId`, `ammoType`, `blipColor`, `bitField`, `burden`, `combatUse`, `cooldownDuration`, `cooldownId`, `effects`, `containersCapacity`, `header`, `hookTypeId`, `iconId`, `iconOverlayId`, `iconUnderlayId`, `hookItemTypes`, `itemsCapacity`, `location`, `materialType`, `maxStackSize`, `maxStructure`, `radar`, `pscript`, `spellId`, `stackSize`, `structure`, `targetTypeId`, `usability`, `useRadius`, `validLocations`, `value`, `workmanship`, `animationFrameId`, `defaultScript`, `defaultScriptIntensity`, `elasticity`, `friction`, `locationId`, `modelTableId`, `objectScale`, `physicsBitField`, `physicsTableId`, `motionTableId`, `soundTableId`, `physicsState`, `translucency`)
VALUES (1939210282, 'Surface', 65536, 0, 0, 0, 262164, 0, 0, 0, 0, 0, 0, 8388656, 0, 100667499, 0, 0, 0, 0, 0, 0, 0, 0, 4, 0, 0, 0, 0, 0, 32, -0.1, 0, 0, 0, 0, 0, 0, 0, 0, 0, 33554867, 0, 98307, 0, 150994947, 0, 3084, 0);

INSERT INTO `ace_object` (`baseAceObjectId`, `weenieClassId`, `landblock`, `cell`, `posX`, `posY`, `posZ`, `qW`, `qX`, `qY`, `qZ`)
VALUES (1939210282, 41196, 14688, 395, 286, -275, -15.663, 0.7071068, 0, 0, -0.7071068);

INSERT INTO `base_ace_object` (`baseAceObjectId`, `name`, `typeId`, `paletteId`, `ammoType`, `blipColor`, `bitField`, `burden`, `combatUse`, `cooldownDuration`, `cooldownId`, `effects`, `containersCapacity`, `header`, `hookTypeId`, `iconId`, `iconOverlayId`, `iconUnderlayId`, `hookItemTypes`, `itemsCapacity`, `location`, `materialType`, `maxStackSize`, `maxStructure`, `radar`, `pscript`, `spellId`, `stackSize`, `structure`, `targetTypeId`, `usability`, `useRadius`, `validLocations`, `value`, `workmanship`, `animationFrameId`, `defaultScript`, `defaultScriptIntensity`, `elasticity`, `friction`, `locationId`, `modelTableId`, `objectScale`, `physicsBitField`, `physicsTableId`, `motionTableId`, `soundTableId`, `physicsState`, `translucency`)
VALUES (1966518339, 'Martine''s Retreat', 65536, 0, 0, 0, 262164, 0, 0, 0, 0, 0, 0, 8388656, 0, 100667499, 0, 0, 0, 0, 0, 0, 0, 0, 4, 0, 0, 0, 0, 0, 32, -0.1, 0, 0, 0, 0, 0, 0, 0, 0, 0, 33554867, 0, 98307, 0, 150994947, 0, 3084, 0);

INSERT INTO `ace_object` (`baseAceObjectId`, `weenieClassId`, `landblock`, `cell`, `posX`, `posY`, `posZ`, `qW`, `qX`, `qY`, `qZ`)
VALUES (1966518339, 20919, 21355, 280, 216.121, -29.9883, -36.063, 0.6967069, 0, 0, -0.7173559);

INSERT INTO `base_ace_object` (`baseAceObjectId`, `name`, `typeId`, `paletteId`, `ammoType`, `blipColor`, `bitField`, `burden`, `combatUse`, `cooldownDuration`, `cooldownId`, `effects`, `containersCapacity`, `header`, `hookTypeId`, `iconId`, `iconOverlayId`, `iconUnderlayId`, `hookItemTypes`, `itemsCapacity`, `location`, `materialType`, `maxStackSize`, `maxStructure`, `radar`, `pscript`, `spellId`, `stackSize`, `structure`, `targetTypeId`, `usability`, `useRadius`, `validLocations`, `value`, `workmanship`, `animationFrameId`, `defaultScript`, `defaultScriptIntensity`, `elasticity`, `friction`, `locationId`, `modelTableId`, `objectScale`, `physicsBitField`, `physicsTableId`, `motionTableId`, `soundTableId`, `physicsState`, `translucency`)
VALUES (1959862272, 'Convergent Median', 65536, 0, 0, 0, 262164, 0, 0, 0, 0, 0, 0, 8388656, 0, 100667499, 0, 0, 0, 0, 0, 0, 0, 0, 4, 0, 0, 0, 0, 0, 32, -0.1, 0, 0, 0, 0, 0, 0, 0, 0, 0, 33555926, 0, 98307, 0, 150994947, 0, 3084, 0);

INSERT INTO `ace_object` (`baseAceObjectId`, `weenieClassId`, `landblock`, `cell`, `posX`, `posY`, `posZ`, `qW`, `qX`, `qY`, `qZ`)
VALUES (1959862272, 14884, 19730, 6, 21.529, 121.943, 119.937, -4.37114E-08, 0, 0, -1);

INSERT INTO `base_ace_object` (`baseAceObjectId`, `name`, `typeId`, `paletteId`, `ammoType`, `blipColor`, `bitField`, `burden`, `combatUse`, `cooldownDuration`, `cooldownId`, `effects`, `containersCapacity`, `header`, `hookTypeId`, `iconId`, `iconOverlayId`, `iconUnderlayId`, `hookItemTypes`, `itemsCapacity`, `location`, `materialType`, `maxStackSize`, `maxStructure`, `radar`, `pscript`, `spellId`, `stackSize`, `structure`, `targetTypeId`, `usability`, `useRadius`, `validLocations`, `value`, `workmanship`, `animationFrameId`, `defaultScript`, `defaultScriptIntensity`, `elasticity`, `friction`, `locationId`, `modelTableId`, `objectScale`, `physicsBitField`, `physicsTableId`, `motionTableId`, `soundTableId`, `physicsState`, `translucency`)
VALUES (1966518328, 'Surface', 65536, 0, 0, 0, 262164, 0, 0, 0, 0, 0, 0, 8388656, 0, 100667499, 0, 0, 0, 0, 0, 0, 0, 0, 4, 0, 0, 0, 0, 0, 32, -0.1, 0, 0, 0, 0, 0, 0, 0, 0, 0, 33554867, 0, 98307, 0, 150994947, 0, 3084, 0);

INSERT INTO `ace_object` (`baseAceObjectId`, `weenieClassId`, `landblock`, `cell`, `posX`, `posY`, `posZ`, `qW`, `qX`, `qY`, `qZ`)
VALUES (1966518328, 14885, 21355, 518, 62.8105, -47.0277, -0.06299996, 0.9332324, 0, 0, -0.3592732);

INSERT INTO `base_ace_object` (`baseAceObjectId`, `name`, `typeId`, `paletteId`, `ammoType`, `blipColor`, `bitField`, `burden`, `combatUse`, `cooldownDuration`, `cooldownId`, `effects`, `containersCapacity`, `header`, `hookTypeId`, `iconId`, `iconOverlayId`, `iconUnderlayId`, `hookItemTypes`, `itemsCapacity`, `location`, `materialType`, `maxStackSize`, `maxStructure`, `radar`, `pscript`, `spellId`, `stackSize`, `structure`, `targetTypeId`, `usability`, `useRadius`, `validLocations`, `value`, `workmanship`, `animationFrameId`, `defaultScript`, `defaultScriptIntensity`, `elasticity`, `friction`, `locationId`, `modelTableId`, `objectScale`, `physicsBitField`, `physicsTableId`, `motionTableId`, `soundTableId`, `physicsState`, `translucency`)
VALUES (1966518297, 'Surface', 65536, 0, 0, 0, 262164, 0, 0, 0, 0, 0, 0, 8388656, 0, 100667499, 0, 0, 0, 0, 0, 0, 0, 0, 4, 0, 0, 0, 0, 0, 32, -0.1, 0, 0, 0, 0, 0, 0, 0, 0, 0, 33554867, 0, 98307, 0, 150994947, 0, 3084, 0);

INSERT INTO `ace_object` (`baseAceObjectId`, `weenieClassId`, `landblock`, `cell`, `posX`, `posY`, `posZ`, `qW`, `qX`, `qY`, `qZ`)
VALUES (1966518297, 14885, 21355, 344, 128.11, -21.8644, -24.063, 0.9110544, 0, 0, -0.4122862);

INSERT INTO `base_ace_object` (`baseAceObjectId`, `name`, `typeId`, `paletteId`, `ammoType`, `blipColor`, `bitField`, `burden`, `combatUse`, `cooldownDuration`, `cooldownId`, `effects`, `containersCapacity`, `header`, `hookTypeId`, `iconId`, `iconOverlayId`, `iconUnderlayId`, `hookItemTypes`, `itemsCapacity`, `location`, `materialType`, `maxStackSize`, `maxStructure`, `radar`, `pscript`, `spellId`, `stackSize`, `structure`, `targetTypeId`, `usability`, `useRadius`, `validLocations`, `value`, `workmanship`, `animationFrameId`, `defaultScript`, `defaultScriptIntensity`, `elasticity`, `friction`, `locationId`, `modelTableId`, `objectScale`, `physicsBitField`, `physicsTableId`, `motionTableId`, `soundTableId`, `physicsState`, `translucency`)
VALUES (2036834307, 'Destroyed Portal to Yaraq', 65536, 0, 0, 0, 262164, 0, 0, 0, 0, 0, 0, 48, 0, 100667499, 0, 0, 0, 0, 0, 0, 0, 0, 0, 0, 0, 0, 0, 0, 1, -0.1, 0, 0, 0, 0, 0, 0, 0, 0, 0, 33561060, 0, 98307, 0, 150995314, 0, 3092, 0);

INSERT INTO `ace_object` (`baseAceObjectId`, `weenieClassId`, `landblock`, `cell`, `posX`, `posY`, `posZ`, `qW`, `qX`, `qY`, `qZ`)
VALUES (2036834307, 1030, 38522, 46, 140.8, 134.5, 19.79017, 1, 0, 0, 0);

INSERT INTO `base_ace_object` (`baseAceObjectId`, `name`, `typeId`, `paletteId`, `ammoType`, `blipColor`, `bitField`, `burden`, `combatUse`, `cooldownDuration`, `cooldownId`, `effects`, `containersCapacity`, `header`, `hookTypeId`, `iconId`, `iconOverlayId`, `iconUnderlayId`, `hookItemTypes`, `itemsCapacity`, `location`, `materialType`, `maxStackSize`, `maxStructure`, `radar`, `pscript`, `spellId`, `stackSize`, `structure`, `targetTypeId`, `usability`, `useRadius`, `validLocations`, `value`, `workmanship`, `animationFrameId`, `defaultScript`, `defaultScriptIntensity`, `elasticity`, `friction`, `locationId`, `modelTableId`, `objectScale`, `physicsBitField`, `physicsTableId`, `motionTableId`, `soundTableId`, `physicsState`, `translucency`)
VALUES (2038919172, 'Dungeon Binar Portal', 65536, 0, 0, 0, 262164, 0, 0, 0, 0, 0, 0, 8388656, 0, 100667499, 0, 0, 0, 0, 0, 0, 0, 0, 4, 0, 0, 0, 0, 0, 32, -0.1, 0, 0, 0, 0, 0, 0, 0, 0, 0, 33554867, 0, 98307, 0, 150994947, 0, 3084, 0);

INSERT INTO `ace_object` (`baseAceObjectId`, `weenieClassId`, `landblock`, `cell`, `posX`, `posY`, `posZ`, `qW`, `qX`, `qY`, `qZ`)
VALUES (2038919172, 4162, 39031, 38, 112.542, 125.408, 31.48633, -0.9588684, 0, 0, -0.2838511);

INSERT INTO `base_ace_object` (`baseAceObjectId`, `name`, `typeId`, `paletteId`, `ammoType`, `blipColor`, `bitField`, `burden`, `combatUse`, `cooldownDuration`, `cooldownId`, `effects`, `containersCapacity`, `header`, `hookTypeId`, `iconId`, `iconOverlayId`, `iconUnderlayId`, `hookItemTypes`, `itemsCapacity`, `location`, `materialType`, `maxStackSize`, `maxStructure`, `radar`, `pscript`, `spellId`, `stackSize`, `structure`, `targetTypeId`, `usability`, `useRadius`, `validLocations`, `value`, `workmanship`, `animationFrameId`, `defaultScript`, `defaultScriptIntensity`, `elasticity`, `friction`, `locationId`, `modelTableId`, `objectScale`, `physicsBitField`, `physicsTableId`, `motionTableId`, `soundTableId`, `physicsState`, `translucency`)
VALUES (1880633385, 'Surface Portal', 65536, 0, 0, 0, 262164, 0, 0, 0, 0, 0, 0, 8388656, 0, 100667499, 0, 0, 0, 0, 0, 0, 0, 0, 4, 0, 0, 0, 0, 0, 32, -0.1, 0, 0, 0, 0, 0, 0, 0, 0, 0, 33554867, 0, 98307, 0, 150994947, 0, 3084, 0);

INSERT INTO `ace_object` (`baseAceObjectId`, `weenieClassId`, `landblock`, `cell`, `posX`, `posY`, `posZ`, `qW`, `qX`, `qY`, `qZ`)
VALUES (1880633385, 4163, 387, 432, 60, -60, -0.06299996, 1, 0, 0, 0);

INSERT INTO `base_ace_object` (`baseAceObjectId`, `name`, `typeId`, `paletteId`, `ammoType`, `blipColor`, `bitField`, `burden`, `combatUse`, `cooldownDuration`, `cooldownId`, `effects`, `containersCapacity`, `header`, `hookTypeId`, `iconId`, `iconOverlayId`, `iconUnderlayId`, `hookItemTypes`, `itemsCapacity`, `location`, `materialType`, `maxStackSize`, `maxStructure`, `radar`, `pscript`, `spellId`, `stackSize`, `structure`, `targetTypeId`, `usability`, `useRadius`, `validLocations`, `value`, `workmanship`, `animationFrameId`, `defaultScript`, `defaultScriptIntensity`, `elasticity`, `friction`, `locationId`, `modelTableId`, `objectScale`, `physicsBitField`, `physicsTableId`, `motionTableId`, `soundTableId`, `physicsState`, `translucency`)
VALUES (2056126503, 'Defiled Temple Middle Wing', 65536, 0, 0, 0, 262164, 0, 0, 0, 0, 0, 0, 8388656, 0, 100667499, 0, 0, 0, 0, 0, 0, 0, 0, 4, 0, 0, 0, 0, 0, 32, -0.1, 0, 0, 0, 0, 0, 0, 0, 0, 0, 33555924, 0, 98307, 0, 150994947, 0, 3084, 0);

INSERT INTO `ace_object` (`baseAceObjectId`, `weenieClassId`, `landblock`, `cell`, `posX`, `posY`, `posZ`, `qW`, `qX`, `qY`, `qZ`)
VALUES (2056126503, 30750, 43232, 259, 61.8602, 108.275, 23.137, 0.7359758, 0, 0, 0.6770079);

INSERT INTO `base_ace_object` (`baseAceObjectId`, `name`, `typeId`, `paletteId`, `ammoType`, `blipColor`, `bitField`, `burden`, `combatUse`, `cooldownDuration`, `cooldownId`, `effects`, `containersCapacity`, `header`, `hookTypeId`, `iconId`, `iconOverlayId`, `iconUnderlayId`, `hookItemTypes`, `itemsCapacity`, `location`, `materialType`, `maxStackSize`, `maxStructure`, `radar`, `pscript`, `spellId`, `stackSize`, `structure`, `targetTypeId`, `usability`, `useRadius`, `validLocations`, `value`, `workmanship`, `animationFrameId`, `defaultScript`, `defaultScriptIntensity`, `elasticity`, `friction`, `locationId`, `modelTableId`, `objectScale`, `physicsBitField`, `physicsTableId`, `motionTableId`, `soundTableId`, `physicsState`, `translucency`)
VALUES (2056126502, 'Defiled Temple Lower Wing', 65536, 0, 0, 0, 262164, 0, 0, 0, 0, 0, 0, 8388656, 0, 100667499, 0, 0, 0, 0, 0, 0, 0, 0, 4, 0, 0, 0, 0, 0, 32, -0.1, 0, 0, 0, 0, 0, 0, 0, 0, 0, 33555926, 0, 98307, 0, 150994947, 0, 3084, 0);

INSERT INTO `ace_object` (`baseAceObjectId`, `weenieClassId`, `landblock`, `cell`, `posX`, `posY`, `posZ`, `qW`, `qX`, `qY`, `qZ`)
VALUES (2056126502, 30749, 43232, 264, 82.301, 85.604, 23.137, -4.37114E-08, 0, 0, -1);

INSERT INTO `base_ace_object` (`baseAceObjectId`, `name`, `typeId`, `paletteId`, `ammoType`, `blipColor`, `bitField`, `burden`, `combatUse`, `cooldownDuration`, `cooldownId`, `effects`, `containersCapacity`, `header`, `hookTypeId`, `iconId`, `iconOverlayId`, `iconUnderlayId`, `hookItemTypes`, `itemsCapacity`, `location`, `materialType`, `maxStackSize`, `maxStructure`, `radar`, `pscript`, `spellId`, `stackSize`, `structure`, `targetTypeId`, `usability`, `useRadius`, `validLocations`, `value`, `workmanship`, `animationFrameId`, `defaultScript`, `defaultScriptIntensity`, `elasticity`, `friction`, `locationId`, `modelTableId`, `objectScale`, `physicsBitField`, `physicsTableId`, `motionTableId`, `soundTableId`, `physicsState`, `translucency`)
VALUES (2056126505, 'Defiled Temple Upper Wing', 65536, 0, 0, 0, 262164, 0, 0, 0, 0, 0, 0, 8388656, 0, 100667499, 0, 0, 0, 0, 0, 0, 0, 0, 4, 0, 0, 0, 0, 0, 32, -0.1, 0, 0, 0, 0, 0, 0, 0, 0, 0, 33555925, 0, 98307, 0, 150994947, 0, 3084, 0);

INSERT INTO `ace_object` (`baseAceObjectId`, `weenieClassId`, `landblock`, `cell`, `posX`, `posY`, `posZ`, `qW`, `qX`, `qY`, `qZ`)
VALUES (2056126505, 30751, 43232, 269, 106.189, 105.741, 23.137, -0.7228109, 0, 0, -0.6910459);

INSERT INTO `base_ace_object` (`baseAceObjectId`, `name`, `typeId`, `paletteId`, `ammoType`, `blipColor`, `bitField`, `burden`, `combatUse`, `cooldownDuration`, `cooldownId`, `effects`, `containersCapacity`, `header`, `hookTypeId`, `iconId`, `iconOverlayId`, `iconUnderlayId`, `hookItemTypes`, `itemsCapacity`, `location`, `materialType`, `maxStackSize`, `maxStructure`, `radar`, `pscript`, `spellId`, `stackSize`, `structure`, `targetTypeId`, `usability`, `useRadius`, `validLocations`, `value`, `workmanship`, `animationFrameId`, `defaultScript`, `defaultScriptIntensity`, `elasticity`, `friction`, `locationId`, `modelTableId`, `objectScale`, `physicsBitField`, `physicsTableId`, `motionTableId`, `soundTableId`, `physicsState`, `translucency`)
VALUES (2056126504, 'Defiled Temple Asylum', 65536, 0, 0, 0, 262164, 0, 0, 0, 0, 0, 0, 8388656, 0, 100667499, 0, 0, 0, 0, 0, 0, 0, 0, 4, 0, 0, 0, 0, 0, 32, -0.1, 0, 0, 0, 0, 0, 0, 0, 0, 0, 33555925, 0, 98307, 0, 150994947, 0, 3084, 0);

INSERT INTO `ace_object` (`baseAceObjectId`, `weenieClassId`, `landblock`, `cell`, `posX`, `posY`, `posZ`, `qW`, `qX`, `qY`, `qZ`)
VALUES (2056126504, 30752, 43232, 274, 83.878, 129.746, 23.137, 1, 0, 0, 0);

INSERT INTO `base_ace_object` (`baseAceObjectId`, `name`, `typeId`, `paletteId`, `ammoType`, `blipColor`, `bitField`, `burden`, `combatUse`, `cooldownDuration`, `cooldownId`, `effects`, `containersCapacity`, `header`, `hookTypeId`, `iconId`, `iconOverlayId`, `iconUnderlayId`, `hookItemTypes`, `itemsCapacity`, `location`, `materialType`, `maxStackSize`, `maxStructure`, `radar`, `pscript`, `spellId`, `stackSize`, `structure`, `targetTypeId`, `usability`, `useRadius`, `validLocations`, `value`, `workmanship`, `animationFrameId`, `defaultScript`, `defaultScriptIntensity`, `elasticity`, `friction`, `locationId`, `modelTableId`, `objectScale`, `physicsBitField`, `physicsTableId`, `motionTableId`, `soundTableId`, `physicsState`, `translucency`)
VALUES (2057859072, 'Dungeon Nye', 65536, 0, 0, 0, 262164, 0, 0, 0, 0, 0, 0, 8388656, 0, 100667499, 0, 0, 0, 0, 0, 0, 0, 0, 4, 0, 0, 0, 0, 0, 32, -0.1, 0, 0, 0, 0, 0, 0, 0, 0, 0, 33555926, 0, 98307, 0, 150994947, 0, 3084, 0);

INSERT INTO `ace_object` (`baseAceObjectId`, `weenieClassId`, `landblock`, `cell`, `posX`, `posY`, `posZ`, `qW`, `qX`, `qY`, `qZ`)
VALUES (2057859072, 4156, 43655, 258, 87.851, 35.1098, 21.137, -0.002207239, 0, 0, -0.9999976);

INSERT INTO `base_ace_object` (`baseAceObjectId`, `name`, `typeId`, `paletteId`, `ammoType`, `blipColor`, `bitField`, `burden`, `combatUse`, `cooldownDuration`, `cooldownId`, `effects`, `containersCapacity`, `header`, `hookTypeId`, `iconId`, `iconOverlayId`, `iconUnderlayId`, `hookItemTypes`, `itemsCapacity`, `location`, `materialType`, `maxStackSize`, `maxStructure`, `radar`, `pscript`, `spellId`, `stackSize`, `structure`, `targetTypeId`, `usability`, `useRadius`, `validLocations`, `value`, `workmanship`, `animationFrameId`, `defaultScript`, `defaultScriptIntensity`, `elasticity`, `friction`, `locationId`, `modelTableId`, `objectScale`, `physicsBitField`, `physicsTableId`, `motionTableId`, `soundTableId`, `physicsState`, `translucency`)
VALUES (1880625172, 'Surface', 65536, 0, 0, 0, 262164, 0, 0, 0, 0, 0, 0, 8388656, 0, 100667499, 0, 0, 0, 0, 0, 0, 0, 0, 4, 0, 0, 0, 0, 0, 32, -0.1, 0, 0, 0, 0, 0, 0, 0, 0, 0, 33554867, 0, 98307, 0, 150994947, 0, 3084, 0);

INSERT INTO `ace_object` (`baseAceObjectId`, `weenieClassId`, `landblock`, `cell`, `posX`, `posY`, `posZ`, `qW`, `qX`, `qY`, `qZ`)
VALUES (1880625172, 4157, 385, 354, 100, -160, -0.06299996, -4.37114E-08, 0, 0, -1);

INSERT INTO `base_ace_object` (`baseAceObjectId`, `name`, `typeId`, `paletteId`, `ammoType`, `blipColor`, `bitField`, `burden`, `combatUse`, `cooldownDuration`, `cooldownId`, `effects`, `containersCapacity`, `header`, `hookTypeId`, `iconId`, `iconOverlayId`, `iconUnderlayId`, `hookItemTypes`, `itemsCapacity`, `location`, `materialType`, `maxStackSize`, `maxStructure`, `radar`, `pscript`, `spellId`, `stackSize`, `structure`, `targetTypeId`, `usability`, `useRadius`, `validLocations`, `value`, `workmanship`, `animationFrameId`, `defaultScript`, `defaultScriptIntensity`, `elasticity`, `friction`, `locationId`, `modelTableId`, `objectScale`, `physicsBitField`, `physicsTableId`, `motionTableId`, `soundTableId`, `physicsState`, `translucency`)
VALUES (1880625153, 'Surface', 65536, 0, 0, 0, 262164, 0, 0, 0, 0, 0, 0, 8388656, 0, 100667499, 0, 0, 0, 0, 0, 0, 0, 0, 4, 0, 0, 0, 0, 0, 32, -0.1, 0, 0, 0, 0, 0, 0, 0, 0, 0, 33554867, 0, 98307, 0, 150994947, 0, 3084, 0);

INSERT INTO `ace_object` (`baseAceObjectId`, `weenieClassId`, `landblock`, `cell`, `posX`, `posY`, `posZ`, `qW`, `qX`, `qY`, `qZ`)
VALUES (1880625153, 4157, 385, 273, 40, -60, -0.06299996, 1, 0, 0, 0);

INSERT INTO `base_ace_object` (`baseAceObjectId`, `name`, `typeId`, `paletteId`, `ammoType`, `blipColor`, `bitField`, `burden`, `combatUse`, `cooldownDuration`, `cooldownId`, `effects`, `containersCapacity`, `header`, `hookTypeId`, `iconId`, `iconOverlayId`, `iconUnderlayId`, `hookItemTypes`, `itemsCapacity`, `location`, `materialType`, `maxStackSize`, `maxStructure`, `radar`, `pscript`, `spellId`, `stackSize`, `structure`, `targetTypeId`, `usability`, `useRadius`, `validLocations`, `value`, `workmanship`, `animationFrameId`, `defaultScript`, `defaultScriptIntensity`, `elasticity`, `friction`, `locationId`, `modelTableId`, `objectScale`, `physicsBitField`, `physicsTableId`, `motionTableId`, `soundTableId`, `physicsState`, `translucency`)
VALUES (2070102107, 'House Portal', 65536, 0, 0, 0, 262164, 0, 0, 0, 0, 0, 0, 41943088, 0, 100667499, 0, 0, 0, 0, 0, 0, 0, 0, 4, 0, 0, 0, 0, 0, 32, 0.75, 0, 0, 0, 0, 0, 0, 0, 0, 0, 33554867, 0, 98307, 0, 150994947, 0, 3076, 0);

INSERT INTO `ace_object` (`baseAceObjectId`, `weenieClassId`, `landblock`, `cell`, `posX`, `posY`, `posZ`, `qW`, `qX`, `qY`, `qZ`)
VALUES (2070102107, 11730, 46644, 280, 132.255, 98.4983, 165.137, -0.01874251, 0, 0, -0.9998243);

INSERT INTO `base_ace_object` (`baseAceObjectId`, `name`, `typeId`, `paletteId`, `ammoType`, `blipColor`, `bitField`, `burden`, `combatUse`, `cooldownDuration`, `cooldownId`, `effects`, `containersCapacity`, `header`, `hookTypeId`, `iconId`, `iconOverlayId`, `iconUnderlayId`, `hookItemTypes`, `itemsCapacity`, `location`, `materialType`, `maxStackSize`, `maxStructure`, `radar`, `pscript`, `spellId`, `stackSize`, `structure`, `targetTypeId`, `usability`, `useRadius`, `validLocations`, `value`, `workmanship`, `animationFrameId`, `defaultScript`, `defaultScriptIntensity`, `elasticity`, `friction`, `locationId`, `modelTableId`, `objectScale`, `physicsBitField`, `physicsTableId`, `motionTableId`, `soundTableId`, `physicsState`, `translucency`)
VALUES (2070102106, 'House Portal', 65536, 0, 0, 0, 262164, 0, 0, 0, 0, 0, 0, 41943088, 0, 100667499, 0, 0, 0, 0, 0, 0, 0, 0, 4, 0, 0, 0, 0, 0, 32, 0.75, 0, 0, 0, 0, 0, 0, 0, 0, 0, 33554867, 0, 98307, 0, 150994947, 0, 3076, 0);

INSERT INTO `ace_object` (`baseAceObjectId`, `weenieClassId`, `landblock`, `cell`, `posX`, `posY`, `posZ`, `qW`, `qX`, `qY`, `qZ`)
VALUES (2070102106, 11730, 46644, 308, 159.042, 37.621, 169.137, -0.9998826, 0, 0, -0.0153185);

INSERT INTO `base_ace_object` (`baseAceObjectId`, `name`, `typeId`, `paletteId`, `ammoType`, `blipColor`, `bitField`, `burden`, `combatUse`, `cooldownDuration`, `cooldownId`, `effects`, `containersCapacity`, `header`, `hookTypeId`, `iconId`, `iconOverlayId`, `iconUnderlayId`, `hookItemTypes`, `itemsCapacity`, `location`, `materialType`, `maxStackSize`, `maxStructure`, `radar`, `pscript`, `spellId`, `stackSize`, `structure`, `targetTypeId`, `usability`, `useRadius`, `validLocations`, `value`, `workmanship`, `animationFrameId`, `defaultScript`, `defaultScriptIntensity`, `elasticity`, `friction`, `locationId`, `modelTableId`, `objectScale`, `physicsBitField`, `physicsTableId`, `motionTableId`, `soundTableId`, `physicsState`, `translucency`)
VALUES (2070102108, 'House Portal', 65536, 0, 0, 0, 262164, 0, 0, 0, 0, 0, 0, 41943088, 0, 100667499, 0, 0, 0, 0, 0, 0, 0, 0, 4, 0, 0, 0, 0, 0, 32, 0.75, 0, 0, 0, 0, 0, 0, 0, 0, 0, 33554867, 0, 98307, 0, 150994947, 0, 3076, 0);

INSERT INTO `ace_object` (`baseAceObjectId`, `weenieClassId`, `landblock`, `cell`, `posX`, `posY`, `posZ`, `qW`, `qX`, `qY`, `qZ`)
VALUES (2070102108, 11730, 46644, 339, 153.303, 153.844, 167.137, 0.03386502, 0, 0, -0.9994264);

INSERT INTO `base_ace_object` (`baseAceObjectId`, `name`, `typeId`, `paletteId`, `ammoType`, `blipColor`, `bitField`, `burden`, `combatUse`, `cooldownDuration`, `cooldownId`, `effects`, `containersCapacity`, `header`, `hookTypeId`, `iconId`, `iconOverlayId`, `iconUnderlayId`, `hookItemTypes`, `itemsCapacity`, `location`, `materialType`, `maxStackSize`, `maxStructure`, `radar`, `pscript`, `spellId`, `stackSize`, `structure`, `targetTypeId`, `usability`, `useRadius`, `validLocations`, `value`, `workmanship`, `animationFrameId`, `defaultScript`, `defaultScriptIntensity`, `elasticity`, `friction`, `locationId`, `modelTableId`, `objectScale`, `physicsBitField`, `physicsTableId`, `motionTableId`, `soundTableId`, `physicsState`, `translucency`)
VALUES (1880363021, 'Surface', 65536, 0, 0, 0, 262164, 0, 0, 0, 0, 0, 0, 8388656, 0, 100667499, 0, 0, 0, 0, 0, 0, 0, 0, 4, 0, 0, 0, 0, 0, 32, -0.1, 0, 0, 0, 0, 0, 0, 0, 0, 0, 33554867, 0, 98307, 0, 150994947, 0, 3084, 0);

INSERT INTO `ace_object` (`baseAceObjectId`, `weenieClassId`, `landblock`, `cell`, `posX`, `posY`, `posZ`, `qW`, `qX`, `qY`, `qZ`)
VALUES (1880363021, 5506, 321, 275, 30, -106.976, -12.063, 1, 0, 0, 0);

INSERT INTO `base_ace_object` (`baseAceObjectId`, `name`, `typeId`, `paletteId`, `ammoType`, `blipColor`, `bitField`, `burden`, `combatUse`, `cooldownDuration`, `cooldownId`, `effects`, `containersCapacity`, `header`, `hookTypeId`, `iconId`, `iconOverlayId`, `iconUnderlayId`, `hookItemTypes`, `itemsCapacity`, `location`, `materialType`, `maxStackSize`, `maxStructure`, `radar`, `pscript`, `spellId`, `stackSize`, `structure`, `targetTypeId`, `usability`, `useRadius`, `validLocations`, `value`, `workmanship`, `animationFrameId`, `defaultScript`, `defaultScriptIntensity`, `elasticity`, `friction`, `locationId`, `modelTableId`, `objectScale`, `physicsBitField`, `physicsTableId`, `motionTableId`, `soundTableId`, `physicsState`, `translucency`)
VALUES (1880244230, 'Portal to Hebian-To', 65536, 0, 0, 0, 262164, 0, 0, 0, 0, 0, 0, 8388656, 0, 100667499, 0, 0, 0, 0, 0, 0, 0, 0, 4, 0, 0, 0, 0, 0, 32, -0.1, 0, 0, 0, 0, 0, 0, 0, 0, 0, 33554867, 0, 98307, 0, 150994947, 0, 3084, 0);

INSERT INTO `ace_object` (`baseAceObjectId`, `weenieClassId`, `landblock`, `cell`, `posX`, `posY`, `posZ`, `qW`, `qX`, `qY`, `qZ`)
VALUES (1880244230, 42846, 292, 294, 30, -63.132, 5.937, 0, 0, 0, -1);

INSERT INTO `base_ace_object` (`baseAceObjectId`, `name`, `typeId`, `paletteId`, `ammoType`, `blipColor`, `bitField`, `burden`, `combatUse`, `cooldownDuration`, `cooldownId`, `effects`, `containersCapacity`, `header`, `hookTypeId`, `iconId`, `iconOverlayId`, `iconUnderlayId`, `hookItemTypes`, `itemsCapacity`, `location`, `materialType`, `maxStackSize`, `maxStructure`, `radar`, `pscript`, `spellId`, `stackSize`, `structure`, `targetTypeId`, `usability`, `useRadius`, `validLocations`, `value`, `workmanship`, `animationFrameId`, `defaultScript`, `defaultScriptIntensity`, `elasticity`, `friction`, `locationId`, `modelTableId`, `objectScale`, `physicsBitField`, `physicsTableId`, `motionTableId`, `soundTableId`, `physicsState`, `translucency`)
VALUES (1967493170, 'Portal to Cragstone', 65536, 0, 0, 0, 262164, 0, 0, 0, 0, 0, 0, 8388656, 0, 100667499, 0, 0, 0, 0, 0, 0, 0, 0, 4, 0, 0, 0, 0, 0, 32, -0.1, 0, 0, 0, 0, 0, 0, 0, 0, 0, 33554867, 0, 98307, 0, 150994947, 0, 3084, 0);

INSERT INTO `ace_object` (`baseAceObjectId`, `weenieClassId`, `landblock`, `cell`, `posX`, `posY`, `posZ`, `qW`, `qX`, `qY`, `qZ`)
VALUES (1967493170, 19137, 21593, 430, 2.75099, -99.738, 5.937, -0.6967079, 0, 0, -0.7173549);

INSERT INTO `base_ace_object` (`baseAceObjectId`, `name`, `typeId`, `paletteId`, `ammoType`, `blipColor`, `bitField`, `burden`, `combatUse`, `cooldownDuration`, `cooldownId`, `effects`, `containersCapacity`, `header`, `hookTypeId`, `iconId`, `iconOverlayId`, `iconUnderlayId`, `hookItemTypes`, `itemsCapacity`, `location`, `materialType`, `maxStackSize`, `maxStructure`, `radar`, `pscript`, `spellId`, `stackSize`, `structure`, `targetTypeId`, `usability`, `useRadius`, `validLocations`, `value`, `workmanship`, `animationFrameId`, `defaultScript`, `defaultScriptIntensity`, `elasticity`, `friction`, `locationId`, `modelTableId`, `objectScale`, `physicsBitField`, `physicsTableId`, `motionTableId`, `soundTableId`, `physicsState`, `translucency`)
VALUES (2091261952, 'Incunabula Vault Portal', 65536, 0, 0, 0, 262164, 0, 0, 0, 0, 0, 0, 8388656, 0, 100667499, 0, 0, 0, 0, 0, 0, 0, 0, 4, 0, 0, 0, 0, 0, 32, -0.1, 0, 0, 0, 0, 0, 0, 0, 0, 0, 33555923, 0, 98307, 0, 150994947, 0, 3084, 0);

INSERT INTO `ace_object` (`baseAceObjectId`, `weenieClassId`, `landblock`, `cell`, `posX`, `posY`, `posZ`, `qW`, `qX`, `qY`, `qZ`)
VALUES (2091261952, 6393, 51810, 30, 85.4292, 131.975, 5.937, 0.8496803, 0, 0, 0.5272982);

INSERT INTO `base_ace_object` (`baseAceObjectId`, `name`, `typeId`, `paletteId`, `ammoType`, `blipColor`, `bitField`, `burden`, `combatUse`, `cooldownDuration`, `cooldownId`, `effects`, `containersCapacity`, `header`, `hookTypeId`, `iconId`, `iconOverlayId`, `iconUnderlayId`, `hookItemTypes`, `itemsCapacity`, `location`, `materialType`, `maxStackSize`, `maxStructure`, `radar`, `pscript`, `spellId`, `stackSize`, `structure`, `targetTypeId`, `usability`, `useRadius`, `validLocations`, `value`, `workmanship`, `animationFrameId`, `defaultScript`, `defaultScriptIntensity`, `elasticity`, `friction`, `locationId`, `modelTableId`, `objectScale`, `physicsBitField`, `physicsTableId`, `motionTableId`, `soundTableId`, `physicsState`, `translucency`)
VALUES (1880203470, 'Surface Portal', 65536, 0, 0, 0, 262164, 0, 0, 0, 0, 0, 0, 8388656, 0, 100667499, 0, 0, 0, 0, 0, 0, 0, 0, 4, 0, 0, 0, 0, 0, 32, -0.1, 0, 0, 0, 0, 0, 0, 0, 0, 0, 33554867, 0, 98307, 0, 150994947, 0, 3084, 0);

INSERT INTO `ace_object` (`baseAceObjectId`, `weenieClassId`, `landblock`, `cell`, `posX`, `posY`, `posZ`, `qW`, `qX`, `qY`, `qZ`)
VALUES (1880203470, 6394, 282, 1028, 59.3586, -348.379, -0.06299996, -0.000224956, 0, 0, 1);

INSERT INTO `base_ace_object` (`baseAceObjectId`, `name`, `typeId`, `paletteId`, `ammoType`, `blipColor`, `bitField`, `burden`, `combatUse`, `cooldownDuration`, `cooldownId`, `effects`, `containersCapacity`, `header`, `hookTypeId`, `iconId`, `iconOverlayId`, `iconUnderlayId`, `hookItemTypes`, `itemsCapacity`, `location`, `materialType`, `maxStackSize`, `maxStructure`, `radar`, `pscript`, `spellId`, `stackSize`, `structure`, `targetTypeId`, `usability`, `useRadius`, `validLocations`, `value`, `workmanship`, `animationFrameId`, `defaultScript`, `defaultScriptIntensity`, `elasticity`, `friction`, `locationId`, `modelTableId`, `objectScale`, `physicsBitField`, `physicsTableId`, `motionTableId`, `soundTableId`, `physicsState`, `translucency`)
VALUES (1880203407, 'Surface Portal', 65536, 0, 0, 0, 262164, 0, 0, 0, 0, 0, 0, 8388656, 0, 100667499, 0, 0, 0, 0, 0, 0, 0, 0, 4, 0, 0, 0, 0, 0, 32, -0.1, 0, 0, 0, 0, 0, 0, 0, 0, 0, 33554867, 0, 98307, 0, 150994947, 0, 3084, 0);

INSERT INTO `ace_object` (`baseAceObjectId`, `weenieClassId`, `landblock`, `cell`, `posX`, `posY`, `posZ`, `qW`, `qX`, `qY`, `qZ`)
VALUES (1880203407, 6394, 282, 764, 110.147, -18.6328, -6.063, 0.9999375, 0, 0, -0.011175);

INSERT INTO `base_ace_object` (`baseAceObjectId`, `name`, `typeId`, `paletteId`, `ammoType`, `blipColor`, `bitField`, `burden`, `combatUse`, `cooldownDuration`, `cooldownId`, `effects`, `containersCapacity`, `header`, `hookTypeId`, `iconId`, `iconOverlayId`, `iconUnderlayId`, `hookItemTypes`, `itemsCapacity`, `location`, `materialType`, `maxStackSize`, `maxStructure`, `radar`, `pscript`, `spellId`, `stackSize`, `structure`, `targetTypeId`, `usability`, `useRadius`, `validLocations`, `value`, `workmanship`, `animationFrameId`, `defaultScript`, `defaultScriptIntensity`, `elasticity`, `friction`, `locationId`, `modelTableId`, `objectScale`, `physicsBitField`, `physicsTableId`, `motionTableId`, `soundTableId`, `physicsState`, `translucency`)
VALUES (1950687232, 'Incunabula Vault Portal', 65536, 0, 0, 0, 262164, 0, 0, 0, 0, 0, 0, 8388656, 0, 100667499, 0, 0, 0, 0, 0, 0, 0, 0, 4, 0, 0, 0, 0, 0, 32, -0.1, 0, 0, 0, 0, 0, 0, 0, 0, 0, 33555923, 0, 98307, 0, 150994947, 0, 3084, 0);

INSERT INTO `ace_object` (`baseAceObjectId`, `weenieClassId`, `landblock`, `cell`, `posX`, `posY`, `posZ`, `qW`, `qX`, `qY`, `qZ`)
VALUES (1950687232, 6393, 17490, 29, 77.8163, 119.002, 19.937, -0.7958055, 0, 0, -0.6055524);

INSERT INTO `base_ace_object` (`baseAceObjectId`, `name`, `typeId`, `paletteId`, `ammoType`, `blipColor`, `bitField`, `burden`, `combatUse`, `cooldownDuration`, `cooldownId`, `effects`, `containersCapacity`, `header`, `hookTypeId`, `iconId`, `iconOverlayId`, `iconUnderlayId`, `hookItemTypes`, `itemsCapacity`, `location`, `materialType`, `maxStackSize`, `maxStructure`, `radar`, `pscript`, `spellId`, `stackSize`, `structure`, `targetTypeId`, `usability`, `useRadius`, `validLocations`, `value`, `workmanship`, `animationFrameId`, `defaultScript`, `defaultScriptIntensity`, `elasticity`, `friction`, `locationId`, `modelTableId`, `objectScale`, `physicsBitField`, `physicsTableId`, `motionTableId`, `soundTableId`, `physicsState`, `translucency`)
VALUES (1892085760, 'Venemous Nidus', 65536, 0, 0, 0, 262164, 0, 0, 0, 0, 0, 0, 8388656, 0, 100667499, 0, 0, 0, 0, 0, 0, 0, 0, 4, 0, 0, 0, 0, 0, 32, -0.1, 0, 0, 0, 0, 0, 0, 0, 0, 0, 33555926, 0, 98307, 0, 150994947, 0, 3084, 0);

INSERT INTO `ace_object` (`baseAceObjectId`, `weenieClassId`, `landblock`, `cell`, `posX`, `posY`, `posZ`, `qW`, `qX`, `qY`, `qZ`)
VALUES (1892085760, 14888, 3183, 41, 135.673, 1.76111, 89.937, -0.3289489, 0, 0, -0.9443477);

INSERT INTO `base_ace_object` (`baseAceObjectId`, `name`, `typeId`, `paletteId`, `ammoType`, `blipColor`, `bitField`, `burden`, `combatUse`, `cooldownDuration`, `cooldownId`, `effects`, `containersCapacity`, `header`, `hookTypeId`, `iconId`, `iconOverlayId`, `iconUnderlayId`, `hookItemTypes`, `itemsCapacity`, `location`, `materialType`, `maxStackSize`, `maxStructure`, `radar`, `pscript`, `spellId`, `stackSize`, `structure`, `targetTypeId`, `usability`, `useRadius`, `validLocations`, `value`, `workmanship`, `animationFrameId`, `defaultScript`, `defaultScriptIntensity`, `elasticity`, `friction`, `locationId`, `modelTableId`, `objectScale`, `physicsBitField`, `physicsTableId`, `motionTableId`, `soundTableId`, `physicsState`, `translucency`)
VALUES (1956753408, 'South Direlands Portal', 65536, 0, 0, 0, 262164, 0, 0, 0, 0, 0, 0, 8388656, 0, 100667499, 0, 0, 0, 0, 0, 0, 0, 0, 4, 0, 0, 0, 0, 0, 32, -0.1, 0, 0, 0, 0, 0, 0, 0, 0, 0, 33555923, 0, 98307, 0, 150994947, 0, 3084, 0);

INSERT INTO `ace_object` (`baseAceObjectId`, `weenieClassId`, `landblock`, `cell`, `posX`, `posY`, `posZ`, `qW`, `qX`, `qY`, `qZ`)
VALUES (1956753408, 1107, 18971, 27, 77.8462, 65.0877, 31.937, -0.114594, 0, 0, -0.9934124);

INSERT INTO `base_ace_object` (`baseAceObjectId`, `name`, `typeId`, `paletteId`, `ammoType`, `blipColor`, `bitField`, `burden`, `combatUse`, `cooldownDuration`, `cooldownId`, `effects`, `containersCapacity`, `header`, `hookTypeId`, `iconId`, `iconOverlayId`, `iconUnderlayId`, `hookItemTypes`, `itemsCapacity`, `location`, `materialType`, `maxStackSize`, `maxStructure`, `radar`, `pscript`, `spellId`, `stackSize`, `structure`, `targetTypeId`, `usability`, `useRadius`, `validLocations`, `value`, `workmanship`, `animationFrameId`, `defaultScript`, `defaultScriptIntensity`, `elasticity`, `friction`, `locationId`, `modelTableId`, `objectScale`, `physicsBitField`, `physicsTableId`, `motionTableId`, `soundTableId`, `physicsState`, `translucency`)
VALUES (1956753409, 'North Direlands Portal', 65536, 0, 0, 0, 262164, 0, 0, 0, 0, 0, 0, 8388656, 0, 100667499, 0, 0, 0, 0, 0, 0, 0, 0, 4, 0, 0, 0, 0, 0, 32, -0.1, 0, 0, 0, 0, 0, 0, 0, 0, 0, 33555923, 0, 98307, 0, 150994947, 0, 3084, 0);

INSERT INTO `ace_object` (`baseAceObjectId`, `weenieClassId`, `landblock`, `cell`, `posX`, `posY`, `posZ`, `qW`, `qX`, `qY`, `qZ`)
VALUES (1956753409, 1104, 18971, 34, 98.9688, 45.4453, 31.937, 0.4215501, 0, 0, -0.9068051);

INSERT INTO `base_ace_object` (`baseAceObjectId`, `name`, `typeId`, `paletteId`, `ammoType`, `blipColor`, `bitField`, `burden`, `combatUse`, `cooldownDuration`, `cooldownId`, `effects`, `containersCapacity`, `header`, `hookTypeId`, `iconId`, `iconOverlayId`, `iconUnderlayId`, `hookItemTypes`, `itemsCapacity`, `location`, `materialType`, `maxStackSize`, `maxStructure`, `radar`, `pscript`, `spellId`, `stackSize`, `structure`, `targetTypeId`, `usability`, `useRadius`, `validLocations`, `value`, `workmanship`, `animationFrameId`, `defaultScript`, `defaultScriptIntensity`, `elasticity`, `friction`, `locationId`, `modelTableId`, `objectScale`, `physicsBitField`, `physicsTableId`, `motionTableId`, `soundTableId`, `physicsState`, `translucency`)
VALUES (2872205268, 'North Desert Edge', 65536, 0, 0, 0, 262164, 0, 0, 0, 0, 0, 0, 8388656, 0, 100667499, 0, 0, 0, 0, 0, 0, 0, 0, 4, 0, 0, 0, 0, 0, 32, -0.1, 0, 0, 0, 0, 0, 0, 0, 0, 0, 33554867, 0, 98307, 0, 150994947, 0, 3084, 0);

INSERT INTO `ace_object` (`baseAceObjectId`, `weenieClassId`, `landblock`, `cell`, `posX`, `posY`, `posZ`, `qW`, `qX`, `qY`, `qZ`)
VALUES (2872205268, 1905, 19992, 13, 27.27366, 100.2954, 67.937, 1, 0, 0, 0);

INSERT INTO `base_ace_object` (`baseAceObjectId`, `name`, `typeId`, `paletteId`, `ammoType`, `blipColor`, `bitField`, `burden`, `combatUse`, `cooldownDuration`, `cooldownId`, `effects`, `containersCapacity`, `header`, `hookTypeId`, `iconId`, `iconOverlayId`, `iconUnderlayId`, `hookItemTypes`, `itemsCapacity`, `location`, `materialType`, `maxStackSize`, `maxStructure`, `radar`, `pscript`, `spellId`, `stackSize`, `structure`, `targetTypeId`, `usability`, `useRadius`, `validLocations`, `value`, `workmanship`, `animationFrameId`, `defaultScript`, `defaultScriptIntensity`, `elasticity`, `friction`, `locationId`, `modelTableId`, `objectScale`, `physicsBitField`, `physicsTableId`, `motionTableId`, `soundTableId`, `physicsState`, `translucency`)
VALUES (1880731672, 'Surface', 65536, 0, 0, 0, 262164, 0, 0, 0, 0, 0, 0, 8388656, 0, 100667499, 0, 0, 0, 0, 0, 0, 0, 0, 4, 0, 0, 0, 0, 0, 32, -0.1, 0, 0, 0, 0, 0, 0, 0, 0, 0, 33554867, 0, 98307, 0, 150994947, 0, 3084, 0);

INSERT INTO `ace_object` (`baseAceObjectId`, `weenieClassId`, `landblock`, `cell`, `posX`, `posY`, `posZ`, `qW`, `qX`, `qY`, `qZ`)
VALUES (1880731672, 2382, 411, 344, 50, -50, -0.06299996, 0.7071068, 0, 0, -0.7071068);

INSERT INTO `base_ace_object` (`baseAceObjectId`, `name`, `typeId`, `paletteId`, `ammoType`, `blipColor`, `bitField`, `burden`, `combatUse`, `cooldownDuration`, `cooldownId`, `effects`, `containersCapacity`, `header`, `hookTypeId`, `iconId`, `iconOverlayId`, `iconUnderlayId`, `hookItemTypes`, `itemsCapacity`, `location`, `materialType`, `maxStackSize`, `maxStructure`, `radar`, `pscript`, `spellId`, `stackSize`, `structure`, `targetTypeId`, `usability`, `useRadius`, `validLocations`, `value`, `workmanship`, `animationFrameId`, `defaultScript`, `defaultScriptIntensity`, `elasticity`, `friction`, `locationId`, `modelTableId`, `objectScale`, `physicsBitField`, `physicsTableId`, `motionTableId`, `soundTableId`, `physicsState`, `translucency`)
VALUES (1880731666, 'Surface', 65536, 0, 0, 0, 262164, 0, 0, 0, 0, 0, 0, 8388656, 0, 100667499, 0, 0, 0, 0, 0, 0, 0, 0, 4, 0, 0, 0, 0, 0, 32, -0.1, 0, 0, 0, 0, 0, 0, 0, 0, 0, 33554867, 0, 98307, 0, 150994947, 0, 3084, 0);

INSERT INTO `ace_object` (`baseAceObjectId`, `weenieClassId`, `landblock`, `cell`, `posX`, `posY`, `posZ`, `qW`, `qX`, `qY`, `qZ`)
VALUES (1880731666, 2382, 411, 302, 100, -82.864, -12.063, 1, 0, 0, 0);

INSERT INTO `base_ace_object` (`baseAceObjectId`, `name`, `typeId`, `paletteId`, `ammoType`, `blipColor`, `bitField`, `burden`, `combatUse`, `cooldownDuration`, `cooldownId`, `effects`, `containersCapacity`, `header`, `hookTypeId`, `iconId`, `iconOverlayId`, `iconUnderlayId`, `hookItemTypes`, `itemsCapacity`, `location`, `materialType`, `maxStackSize`, `maxStructure`, `radar`, `pscript`, `spellId`, `stackSize`, `structure`, `targetTypeId`, `usability`, `useRadius`, `validLocations`, `value`, `workmanship`, `animationFrameId`, `defaultScript`, `defaultScriptIntensity`, `elasticity`, `friction`, `locationId`, `modelTableId`, `objectScale`, `physicsBitField`, `physicsTableId`, `motionTableId`, `soundTableId`, `physicsState`, `translucency`)
VALUES (2872293748, 'Tufa Portal', 65536, 0, 0, 0, 262164, 0, 0, 0, 0, 0, 0, 8388656, 0, 100667499, 0, 0, 0, 0, 0, 0, 0, 0, 4, 0, 0, 0, 0, 0, 32, -0.1, 0, 0, 0, 0, 0, 0, 0, 0, 0, 33554867, 0, 98307, 0, 150994947, 0, 3084, 0);

INSERT INTO `ace_object` (`baseAceObjectId`, `weenieClassId`, `landblock`, `cell`, `posX`, `posY`, `posZ`, `qW`, `qX`, `qY`, `qZ`)
VALUES (2872293748, 42829, 14698, 35, 119.9368, 65.47696, 105.3671, 1, 0, 0, 0);

INSERT INTO `base_ace_object` (`baseAceObjectId`, `name`, `typeId`, `paletteId`, `ammoType`, `blipColor`, `bitField`, `burden`, `combatUse`, `cooldownDuration`, `cooldownId`, `effects`, `containersCapacity`, `header`, `hookTypeId`, `iconId`, `iconOverlayId`, `iconUnderlayId`, `hookItemTypes`, `itemsCapacity`, `location`, `materialType`, `maxStackSize`, `maxStructure`, `radar`, `pscript`, `spellId`, `stackSize`, `structure`, `targetTypeId`, `usability`, `useRadius`, `validLocations`, `value`, `workmanship`, `animationFrameId`, `defaultScript`, `defaultScriptIntensity`, `elasticity`, `friction`, `locationId`, `modelTableId`, `objectScale`, `physicsBitField`, `physicsTableId`, `motionTableId`, `soundTableId`, `physicsState`, `translucency`)
VALUES (1951801344, 'Malignant Tabernacle', 65536, 0, 0, 0, 262164, 0, 0, 0, 0, 0, 0, 8388656, 0, 100667499, 0, 0, 0, 0, 0, 0, 0, 0, 4, 0, 0, 0, 0, 0, 32, -0.1, 0, 0, 0, 0, 0, 0, 0, 0, 0, 33555926, 0, 98307, 0, 150994947, 0, 3084, 0);

INSERT INTO `ace_object` (`baseAceObjectId`, `weenieClassId`, `landblock`, `cell`, `posX`, `posY`, `posZ`, `qW`, `qX`, `qY`, `qZ`)
VALUES (1951801344, 14886, 17762, 60, 180, 81.556, 36.52967, 0.1618191, 0, 0, -0.9868205);

INSERT INTO `base_ace_object` (`baseAceObjectId`, `name`, `typeId`, `paletteId`, `ammoType`, `blipColor`, `bitField`, `burden`, `combatUse`, `cooldownDuration`, `cooldownId`, `effects`, `containersCapacity`, `header`, `hookTypeId`, `iconId`, `iconOverlayId`, `iconUnderlayId`, `hookItemTypes`, `itemsCapacity`, `location`, `materialType`, `maxStackSize`, `maxStructure`, `radar`, `pscript`, `spellId`, `stackSize`, `structure`, `targetTypeId`, `usability`, `useRadius`, `validLocations`, `value`, `workmanship`, `animationFrameId`, `defaultScript`, `defaultScriptIntensity`, `elasticity`, `friction`, `locationId`, `modelTableId`, `objectScale`, `physicsBitField`, `physicsTableId`, `motionTableId`, `soundTableId`, `physicsState`, `translucency`)
VALUES (1954955264, 'Western Power Forge', 65536, 0, 0, 0, 262164, 0, 0, 0, 0, 0, 0, 8388656, 0, 100667499, 0, 0, 0, 0, 0, 0, 0, 0, 4, 0, 0, 0, 0, 0, 32, -0.1, 0, 0, 0, 0, 0, 0, 0, 0, 0, 33555925, 0, 98307, 0, 150994947, 0, 3084, 0);

INSERT INTO `ace_object` (`baseAceObjectId`, `weenieClassId`, `landblock`, `cell`, `posX`, `posY`, `posZ`, `qW`, `qX`, `qY`, `qZ`)
VALUES (1954955264, 30470, 18532, 41, 132.279, 14.7523, -0.06299996, 0.2856691, 0, 0, -0.9583283);

INSERT INTO `base_ace_object` (`baseAceObjectId`, `name`, `typeId`, `paletteId`, `ammoType`, `blipColor`, `bitField`, `burden`, `combatUse`, `cooldownDuration`, `cooldownId`, `effects`, `containersCapacity`, `header`, `hookTypeId`, `iconId`, `iconOverlayId`, `iconUnderlayId`, `hookItemTypes`, `itemsCapacity`, `location`, `materialType`, `maxStackSize`, `maxStructure`, `radar`, `pscript`, `spellId`, `stackSize`, `structure`, `targetTypeId`, `usability`, `useRadius`, `validLocations`, `value`, `workmanship`, `animationFrameId`, `defaultScript`, `defaultScriptIntensity`, `elasticity`, `friction`, `locationId`, `modelTableId`, `objectScale`, `physicsBitField`, `physicsTableId`, `motionTableId`, `soundTableId`, `physicsState`, `translucency`)
VALUES (1966522411, 'Surface', 65536, 0, 0, 0, 262164, 0, 0, 0, 0, 0, 0, 8388656, 0, 100667499, 0, 0, 0, 0, 0, 0, 0, 0, 4, 0, 0, 0, 0, 0, 32, -0.1, 0, 0, 0, 0, 0, 0, 0, 0, 0, 33554867, 0, 98307, 0, 150994947, 0, 3084, 0);

INSERT INTO `ace_object` (`baseAceObjectId`, `weenieClassId`, `landblock`, `cell`, `posX`, `posY`, `posZ`, `qW`, `qX`, `qY`, `qZ`)
VALUES (1966522411, 14887, 21356, 624, 48.7394, -60.8342, -6.063, 0.41387, 0, 0, 0.910336);

INSERT INTO `base_ace_object` (`baseAceObjectId`, `name`, `typeId`, `paletteId`, `ammoType`, `blipColor`, `bitField`, `burden`, `combatUse`, `cooldownDuration`, `cooldownId`, `effects`, `containersCapacity`, `header`, `hookTypeId`, `iconId`, `iconOverlayId`, `iconUnderlayId`, `hookItemTypes`, `itemsCapacity`, `location`, `materialType`, `maxStackSize`, `maxStructure`, `radar`, `pscript`, `spellId`, `stackSize`, `structure`, `targetTypeId`, `usability`, `useRadius`, `validLocations`, `value`, `workmanship`, `animationFrameId`, `defaultScript`, `defaultScriptIntensity`, `elasticity`, `friction`, `locationId`, `modelTableId`, `objectScale`, `physicsBitField`, `physicsTableId`, `motionTableId`, `soundTableId`, `physicsState`, `translucency`)
VALUES (1966522368, 'Surface', 65536, 0, 0, 0, 262164, 0, 0, 0, 0, 0, 0, 8388656, 0, 100667499, 0, 0, 0, 0, 0, 0, 0, 0, 4, 0, 0, 0, 0, 0, 32, -0.1, 0, 0, 0, 0, 0, 0, 0, 0, 0, 33554867, 0, 98307, 0, 150994947, 0, 3084, 0);

INSERT INTO `ace_object` (`baseAceObjectId`, `weenieClassId`, `landblock`, `cell`, `posX`, `posY`, `posZ`, `qW`, `qX`, `qY`, `qZ`)
VALUES (1966522368, 14887, 21356, 257, -2.73299, -48.0985, -48.063, 0.7611223, 0, 0, 0.6486083);

INSERT INTO `base_ace_object` (`baseAceObjectId`, `name`, `typeId`, `paletteId`, `ammoType`, `blipColor`, `bitField`, `burden`, `combatUse`, `cooldownDuration`, `cooldownId`, `effects`, `containersCapacity`, `header`, `hookTypeId`, `iconId`, `iconOverlayId`, `iconUnderlayId`, `hookItemTypes`, `itemsCapacity`, `location`, `materialType`, `maxStackSize`, `maxStructure`, `radar`, `pscript`, `spellId`, `stackSize`, `structure`, `targetTypeId`, `usability`, `useRadius`, `validLocations`, `value`, `workmanship`, `animationFrameId`, `defaultScript`, `defaultScriptIntensity`, `elasticity`, `friction`, `locationId`, `modelTableId`, `objectScale`, `physicsBitField`, `physicsTableId`, `motionTableId`, `soundTableId`, `physicsState`, `translucency`)
VALUES (2128945217, 'House Portal', 65536, 0, 0, 0, 262164, 0, 0, 0, 0, 0, 0, 41943088, 0, 100667499, 0, 0, 0, 0, 0, 0, 0, 0, 4, 0, 0, 0, 0, 0, 32, 0.75, 0, 0, 0, 0, 0, 0, 0, 0, 0, 33554867, 0, 98307, 0, 150994947, 0, 3076, 0);

INSERT INTO `ace_object` (`baseAceObjectId`, `weenieClassId`, `landblock`, `cell`, `posX`, `posY`, `posZ`, `qW`, `qX`, `qY`, `qZ`)
VALUES (2128945217, 11730, 61010, 338, 138.784, 55.1488, 9.937001, 0.6848423, 0, 0, -0.7286913);

INSERT INTO `base_ace_object` (`baseAceObjectId`, `name`, `typeId`, `paletteId`, `ammoType`, `blipColor`, `bitField`, `burden`, `combatUse`, `cooldownDuration`, `cooldownId`, `effects`, `containersCapacity`, `header`, `hookTypeId`, `iconId`, `iconOverlayId`, `iconUnderlayId`, `hookItemTypes`, `itemsCapacity`, `location`, `materialType`, `maxStackSize`, `maxStructure`, `radar`, `pscript`, `spellId`, `stackSize`, `structure`, `targetTypeId`, `usability`, `useRadius`, `validLocations`, `value`, `workmanship`, `animationFrameId`, `defaultScript`, `defaultScriptIntensity`, `elasticity`, `friction`, `locationId`, `modelTableId`, `objectScale`, `physicsBitField`, `physicsTableId`, `motionTableId`, `soundTableId`, `physicsState`, `translucency`)
VALUES (2873032852, 'Portal to Hebian-To', 65536, 0, 0, 0, 262164, 0, 0, 0, 0, 0, 0, 8388656, 0, 100667499, 0, 0, 0, 0, 0, 0, 0, 0, 4, 0, 0, 0, 0, 0, 32, -0.1, 0, 0, 0, 0, 0, 0, 0, 0, 0, 33554867, 0, 98307, 0, 150994947, 0, 3084, 0);

INSERT INTO `ace_object` (`baseAceObjectId`, `weenieClassId`, `landblock`, `cell`, `posX`, `posY`, `posZ`, `qW`, `qX`, `qY`, `qZ`)
VALUES (2873032852, 42846, 8804, 19, 53.35206, 67.90707, 119.937, 1, 0, 0, 0);

INSERT INTO `base_ace_object` (`baseAceObjectId`, `name`, `typeId`, `paletteId`, `ammoType`, `blipColor`, `bitField`, `burden`, `combatUse`, `cooldownDuration`, `cooldownId`, `effects`, `containersCapacity`, `header`, `hookTypeId`, `iconId`, `iconOverlayId`, `iconUnderlayId`, `hookItemTypes`, `itemsCapacity`, `location`, `materialType`, `maxStackSize`, `maxStructure`, `radar`, `pscript`, `spellId`, `stackSize`, `structure`, `targetTypeId`, `usability`, `useRadius`, `validLocations`, `value`, `workmanship`, `animationFrameId`, `defaultScript`, `defaultScriptIntensity`, `elasticity`, `friction`, `locationId`, `modelTableId`, `objectScale`, `physicsBitField`, `physicsTableId`, `motionTableId`, `soundTableId`, `physicsState`, `translucency`)
VALUES (1907949568, 'Black Spawn Den', 65536, 0, 0, 0, 262164, 0, 0, 0, 0, 0, 0, 8388656, 0, 100667499, 0, 0, 0, 0, 0, 0, 0, 0, 4, 0, 0, 0, 0, 0, 32, -0.1, 0, 0, 0, 0, 0, 0, 0, 0, 0, 33555923, 0, 98307, 0, 150994947, 0, 3084, 0);

INSERT INTO `ace_object` (`baseAceObjectId`, `weenieClassId`, `landblock`, `cell`, `posX`, `posY`, `posZ`, `qW`, `qX`, `qY`, `qZ`)
VALUES (1907949568, 7242, 7056, 44, 122.404, 87.4296, 29.937, 0.008428293, 0, 0, 0.9999645);

INSERT INTO `base_ace_object` (`baseAceObjectId`, `name`, `typeId`, `paletteId`, `ammoType`, `blipColor`, `bitField`, `burden`, `combatUse`, `cooldownDuration`, `cooldownId`, `effects`, `containersCapacity`, `header`, `hookTypeId`, `iconId`, `iconOverlayId`, `iconUnderlayId`, `hookItemTypes`, `itemsCapacity`, `location`, `materialType`, `maxStackSize`, `maxStructure`, `radar`, `pscript`, `spellId`, `stackSize`, `structure`, `targetTypeId`, `usability`, `useRadius`, `validLocations`, `value`, `workmanship`, `animationFrameId`, `defaultScript`, `defaultScriptIntensity`, `elasticity`, `friction`, `locationId`, `modelTableId`, `objectScale`, `physicsBitField`, `physicsTableId`, `motionTableId`, `soundTableId`, `physicsState`, `translucency`)
VALUES (1880117367, 'Surface Portal', 65536, 0, 0, 0, 262164, 0, 0, 0, 0, 0, 0, 8388656, 0, 100667499, 0, 0, 0, 0, 0, 0, 0, 0, 4, 0, 0, 0, 0, 0, 32, -0.1, 0, 0, 0, 0, 0, 0, 0, 0, 0, 33554867, 0, 98307, 0, 150994947, 0, 3084, 0);

INSERT INTO `ace_object` (`baseAceObjectId`, `weenieClassId`, `landblock`, `cell`, `posX`, `posY`, `posZ`, `qW`, `qX`, `qY`, `qZ`)
VALUES (1880117367, 7243, 261, 833, 80, -210, -0.06299996, 0.6967069, 0, 0, -0.7173559);

INSERT INTO `base_ace_object` (`baseAceObjectId`, `name`, `typeId`, `paletteId`, `ammoType`, `blipColor`, `bitField`, `burden`, `combatUse`, `cooldownDuration`, `cooldownId`, `effects`, `containersCapacity`, `header`, `hookTypeId`, `iconId`, `iconOverlayId`, `iconUnderlayId`, `hookItemTypes`, `itemsCapacity`, `location`, `materialType`, `maxStackSize`, `maxStructure`, `radar`, `pscript`, `spellId`, `stackSize`, `structure`, `targetTypeId`, `usability`, `useRadius`, `validLocations`, `value`, `workmanship`, `animationFrameId`, `defaultScript`, `defaultScriptIntensity`, `elasticity`, `friction`, `locationId`, `modelTableId`, `objectScale`, `physicsBitField`, `physicsTableId`, `motionTableId`, `soundTableId`, `physicsState`, `translucency`)
VALUES (2067202089, 'Trap Floor Portal', 65536, 0, 0, 0, 262292, 0, 0, 0, 0, 0, 0, 16, 0, 100668114, 0, 0, 0, 0, 0, 0, 0, 0, 0, 0, 0, 0, 0, 0, 1, 0, 0, 0, 0, 0, 0, 0, 0, 0, 0, 33555034, 2, 100483, 0, 150994977, 536871008, 67596, 0);

INSERT INTO `ace_object` (`baseAceObjectId`, `weenieClassId`, `landblock`, `cell`, `posX`, `posY`, `posZ`, `qW`, `qX`, `qY`, `qZ`)
VALUES (2067202089, 42956, 45936, 42, 133.177, 39.9501, 33, -0.1634211, 0, 0, 0.9865564);

INSERT INTO `base_ace_object` (`baseAceObjectId`, `name`, `typeId`, `paletteId`, `ammoType`, `blipColor`, `bitField`, `burden`, `combatUse`, `cooldownDuration`, `cooldownId`, `effects`, `containersCapacity`, `header`, `hookTypeId`, `iconId`, `iconOverlayId`, `iconUnderlayId`, `hookItemTypes`, `itemsCapacity`, `location`, `materialType`, `maxStackSize`, `maxStructure`, `radar`, `pscript`, `spellId`, `stackSize`, `structure`, `targetTypeId`, `usability`, `useRadius`, `validLocations`, `value`, `workmanship`, `animationFrameId`, `defaultScript`, `defaultScriptIntensity`, `elasticity`, `friction`, `locationId`, `modelTableId`, `objectScale`, `physicsBitField`, `physicsTableId`, `motionTableId`, `soundTableId`, `physicsState`, `translucency`)
VALUES (2067202087, 'Trap Floor Portal', 65536, 0, 0, 0, 262292, 0, 0, 0, 0, 0, 0, 16, 0, 100668114, 0, 0, 0, 0, 0, 0, 0, 0, 0, 0, 0, 0, 0, 0, 1, 0, 0, 0, 0, 0, 0, 0, 0, 0, 0, 33555034, 2, 100483, 0, 150994977, 536871008, 67596, 0);

INSERT INTO `ace_object` (`baseAceObjectId`, `weenieClassId`, `landblock`, `cell`, `posX`, `posY`, `posZ`, `qW`, `qX`, `qY`, `qZ`)
VALUES (2067202087, 42956, 45936, 43, 122.501, 61.04, 30, -0.7071068, 0, 0, -0.7071068);

INSERT INTO `base_ace_object` (`baseAceObjectId`, `name`, `typeId`, `paletteId`, `ammoType`, `blipColor`, `bitField`, `burden`, `combatUse`, `cooldownDuration`, `cooldownId`, `effects`, `containersCapacity`, `header`, `hookTypeId`, `iconId`, `iconOverlayId`, `iconUnderlayId`, `hookItemTypes`, `itemsCapacity`, `location`, `materialType`, `maxStackSize`, `maxStructure`, `radar`, `pscript`, `spellId`, `stackSize`, `structure`, `targetTypeId`, `usability`, `useRadius`, `validLocations`, `value`, `workmanship`, `animationFrameId`, `defaultScript`, `defaultScriptIntensity`, `elasticity`, `friction`, `locationId`, `modelTableId`, `objectScale`, `physicsBitField`, `physicsTableId`, `motionTableId`, `soundTableId`, `physicsState`, `translucency`)
VALUES (2067202088, 'Trap Floor Portal', 65536, 0, 0, 0, 262292, 0, 0, 0, 0, 0, 0, 16, 0, 100668114, 0, 0, 0, 0, 0, 0, 0, 0, 0, 0, 0, 0, 0, 0, 1, 0, 0, 0, 0, 0, 0, 0, 0, 0, 0, 33555034, 2, 100483, 0, 150994977, 536871008, 67596, 0);

INSERT INTO `ace_object` (`baseAceObjectId`, `weenieClassId`, `landblock`, `cell`, `posX`, `posY`, `posZ`, `qW`, `qX`, `qY`, `qZ`)
VALUES (2067202088, 42956, 45936, 43, 122.785, 52.194, 26, -4.37114E-08, 0, 0, -1);

INSERT INTO `base_ace_object` (`baseAceObjectId`, `name`, `typeId`, `paletteId`, `ammoType`, `blipColor`, `bitField`, `burden`, `combatUse`, `cooldownDuration`, `cooldownId`, `effects`, `containersCapacity`, `header`, `hookTypeId`, `iconId`, `iconOverlayId`, `iconUnderlayId`, `hookItemTypes`, `itemsCapacity`, `location`, `materialType`, `maxStackSize`, `maxStructure`, `radar`, `pscript`, `spellId`, `stackSize`, `structure`, `targetTypeId`, `usability`, `useRadius`, `validLocations`, `value`, `workmanship`, `animationFrameId`, `defaultScript`, `defaultScriptIntensity`, `elasticity`, `friction`, `locationId`, `modelTableId`, `objectScale`, `physicsBitField`, `physicsTableId`, `motionTableId`, `soundTableId`, `physicsState`, `translucency`)
VALUES (2067202090, 'Trap Floor Portal', 65536, 0, 0, 0, 262292, 0, 0, 0, 0, 0, 0, 16, 0, 100668114, 0, 0, 0, 0, 0, 0, 0, 0, 0, 0, 0, 0, 0, 0, 1, 0, 0, 0, 0, 0, 0, 0, 0, 0, 0, 33555034, 2, 100483, 0, 150994977, 536871008, 67596, 0);

INSERT INTO `ace_object` (`baseAceObjectId`, `weenieClassId`, `landblock`, `cell`, `posX`, `posY`, `posZ`, `qW`, `qX`, `qY`, `qZ`)
VALUES (2067202090, 42956, 45936, 43, 141.093, 59.569, 33, 1, 0, 0, 0);

INSERT INTO `base_ace_object` (`baseAceObjectId`, `name`, `typeId`, `paletteId`, `ammoType`, `blipColor`, `bitField`, `burden`, `combatUse`, `cooldownDuration`, `cooldownId`, `effects`, `containersCapacity`, `header`, `hookTypeId`, `iconId`, `iconOverlayId`, `iconUnderlayId`, `hookItemTypes`, `itemsCapacity`, `location`, `materialType`, `maxStackSize`, `maxStructure`, `radar`, `pscript`, `spellId`, `stackSize`, `structure`, `targetTypeId`, `usability`, `useRadius`, `validLocations`, `value`, `workmanship`, `animationFrameId`, `defaultScript`, `defaultScriptIntensity`, `elasticity`, `friction`, `locationId`, `modelTableId`, `objectScale`, `physicsBitField`, `physicsTableId`, `motionTableId`, `soundTableId`, `physicsState`, `translucency`)
VALUES (2067202094, 'Trap Floor Portal', 65536, 0, 0, 0, 262292, 0, 0, 0, 0, 0, 0, 16, 0, 100668114, 0, 0, 0, 0, 0, 0, 0, 0, 0, 0, 0, 0, 0, 0, 1, 0, 0, 0, 0, 0, 0, 0, 0, 0, 0, 33555034, 2, 100483, 0, 150994977, 536871008, 67596, 0);

INSERT INTO `ace_object` (`baseAceObjectId`, `weenieClassId`, `landblock`, `cell`, `posX`, `posY`, `posZ`, `qW`, `qX`, `qY`, `qZ`)
VALUES (2067202094, 42956, 45936, 43, 135.351, 70.1454, 26, -4.37114E-08, 0, 0, -1);

INSERT INTO `base_ace_object` (`baseAceObjectId`, `name`, `typeId`, `paletteId`, `ammoType`, `blipColor`, `bitField`, `burden`, `combatUse`, `cooldownDuration`, `cooldownId`, `effects`, `containersCapacity`, `header`, `hookTypeId`, `iconId`, `iconOverlayId`, `iconUnderlayId`, `hookItemTypes`, `itemsCapacity`, `location`, `materialType`, `maxStackSize`, `maxStructure`, `radar`, `pscript`, `spellId`, `stackSize`, `structure`, `targetTypeId`, `usability`, `useRadius`, `validLocations`, `value`, `workmanship`, `animationFrameId`, `defaultScript`, `defaultScriptIntensity`, `elasticity`, `friction`, `locationId`, `modelTableId`, `objectScale`, `physicsBitField`, `physicsTableId`, `motionTableId`, `soundTableId`, `physicsState`, `translucency`)
VALUES (2067202082, 'Trap Floor Portal', 65536, 0, 0, 0, 262292, 0, 0, 0, 0, 0, 0, 16, 0, 100668114, 0, 0, 0, 0, 0, 0, 0, 0, 0, 0, 0, 0, 0, 0, 1, 0, 0, 0, 0, 0, 0, 0, 0, 0, 0, 33555034, 2, 100483, 0, 150994977, 536871008, 67596, 0);

INSERT INTO `ace_object` (`baseAceObjectId`, `weenieClassId`, `landblock`, `cell`, `posX`, `posY`, `posZ`, `qW`, `qX`, `qY`, `qZ`)
VALUES (2067202082, 42956, 45936, 34, 115.485, 34.7777, 30, 0.3770359, 0, 0, -0.9261987);

INSERT INTO `base_ace_object` (`baseAceObjectId`, `name`, `typeId`, `paletteId`, `ammoType`, `blipColor`, `bitField`, `burden`, `combatUse`, `cooldownDuration`, `cooldownId`, `effects`, `containersCapacity`, `header`, `hookTypeId`, `iconId`, `iconOverlayId`, `iconUnderlayId`, `hookItemTypes`, `itemsCapacity`, `location`, `materialType`, `maxStackSize`, `maxStructure`, `radar`, `pscript`, `spellId`, `stackSize`, `structure`, `targetTypeId`, `usability`, `useRadius`, `validLocations`, `value`, `workmanship`, `animationFrameId`, `defaultScript`, `defaultScriptIntensity`, `elasticity`, `friction`, `locationId`, `modelTableId`, `objectScale`, `physicsBitField`, `physicsTableId`, `motionTableId`, `soundTableId`, `physicsState`, `translucency`)
VALUES (2067202083, 'Trap Floor Portal', 65536, 0, 0, 0, 262292, 0, 0, 0, 0, 0, 0, 16, 0, 100668114, 0, 0, 0, 0, 0, 0, 0, 0, 0, 0, 0, 0, 0, 0, 1, 0, 0, 0, 0, 0, 0, 0, 0, 0, 0, 33555034, 2, 100483, 0, 150994977, 536871008, 67596, 0);

INSERT INTO `ace_object` (`baseAceObjectId`, `weenieClassId`, `landblock`, `cell`, `posX`, `posY`, `posZ`, `qW`, `qX`, `qY`, `qZ`)
VALUES (2067202083, 42956, 45936, 34, 114.38, 44.486, 26, 1, 0, 0, 0);

INSERT INTO `base_ace_object` (`baseAceObjectId`, `name`, `typeId`, `paletteId`, `ammoType`, `blipColor`, `bitField`, `burden`, `combatUse`, `cooldownDuration`, `cooldownId`, `effects`, `containersCapacity`, `header`, `hookTypeId`, `iconId`, `iconOverlayId`, `iconUnderlayId`, `hookItemTypes`, `itemsCapacity`, `location`, `materialType`, `maxStackSize`, `maxStructure`, `radar`, `pscript`, `spellId`, `stackSize`, `structure`, `targetTypeId`, `usability`, `useRadius`, `validLocations`, `value`, `workmanship`, `animationFrameId`, `defaultScript`, `defaultScriptIntensity`, `elasticity`, `friction`, `locationId`, `modelTableId`, `objectScale`, `physicsBitField`, `physicsTableId`, `motionTableId`, `soundTableId`, `physicsState`, `translucency`)
VALUES (2067202081, 'Trap Floor Portal', 65536, 0, 0, 0, 262292, 0, 0, 0, 0, 0, 0, 16, 0, 100668114, 0, 0, 0, 0, 0, 0, 0, 0, 0, 0, 0, 0, 0, 0, 1, 0, 0, 0, 0, 0, 0, 0, 0, 0, 0, 33555034, 2, 100483, 0, 150994977, 536871008, 67596, 0);

INSERT INTO `ace_object` (`baseAceObjectId`, `weenieClassId`, `landblock`, `cell`, `posX`, `posY`, `posZ`, `qW`, `qX`, `qY`, `qZ`)
VALUES (2067202081, 42956, 45936, 35, 111.159, 60.0851, 30, -0.6986771, 0, 0, -0.7154371);

INSERT INTO `base_ace_object` (`baseAceObjectId`, `name`, `typeId`, `paletteId`, `ammoType`, `blipColor`, `bitField`, `burden`, `combatUse`, `cooldownDuration`, `cooldownId`, `effects`, `containersCapacity`, `header`, `hookTypeId`, `iconId`, `iconOverlayId`, `iconUnderlayId`, `hookItemTypes`, `itemsCapacity`, `location`, `materialType`, `maxStackSize`, `maxStructure`, `radar`, `pscript`, `spellId`, `stackSize`, `structure`, `targetTypeId`, `usability`, `useRadius`, `validLocations`, `value`, `workmanship`, `animationFrameId`, `defaultScript`, `defaultScriptIntensity`, `elasticity`, `friction`, `locationId`, `modelTableId`, `objectScale`, `physicsBitField`, `physicsTableId`, `motionTableId`, `soundTableId`, `physicsState`, `translucency`)
VALUES (2067202086, 'Trap Floor Portal', 65536, 0, 0, 0, 262292, 0, 0, 0, 0, 0, 0, 16, 0, 100668114, 0, 0, 0, 0, 0, 0, 0, 0, 0, 0, 0, 0, 0, 0, 1, 0, 0, 0, 0, 0, 0, 0, 0, 0, 0, 33555034, 2, 100483, 0, 150994977, 536871008, 67596, 0);

INSERT INTO `ace_object` (`baseAceObjectId`, `weenieClassId`, `landblock`, `cell`, `posX`, `posY`, `posZ`, `qW`, `qX`, `qY`, `qZ`)
VALUES (2067202086, 42956, 45936, 44, 123.664, 82.908, 30, 0.7071068, 0, 0, -0.7071068);

INSERT INTO `base_ace_object` (`baseAceObjectId`, `name`, `typeId`, `paletteId`, `ammoType`, `blipColor`, `bitField`, `burden`, `combatUse`, `cooldownDuration`, `cooldownId`, `effects`, `containersCapacity`, `header`, `hookTypeId`, `iconId`, `iconOverlayId`, `iconUnderlayId`, `hookItemTypes`, `itemsCapacity`, `location`, `materialType`, `maxStackSize`, `maxStructure`, `radar`, `pscript`, `spellId`, `stackSize`, `structure`, `targetTypeId`, `usability`, `useRadius`, `validLocations`, `value`, `workmanship`, `animationFrameId`, `defaultScript`, `defaultScriptIntensity`, `elasticity`, `friction`, `locationId`, `modelTableId`, `objectScale`, `physicsBitField`, `physicsTableId`, `motionTableId`, `soundTableId`, `physicsState`, `translucency`)
VALUES (2067202074, 'Trap Floor Portal', 65536, 0, 0, 0, 262292, 0, 0, 0, 0, 0, 0, 16, 0, 100668114, 0, 0, 0, 0, 0, 0, 0, 0, 0, 0, 0, 0, 0, 0, 1, 0, 0, 0, 0, 0, 0, 0, 0, 0, 0, 33555034, 2, 100483, 0, 150994977, 536871008, 67596, 0);

INSERT INTO `ace_object` (`baseAceObjectId`, `weenieClassId`, `landblock`, `cell`, `posX`, `posY`, `posZ`, `qW`, `qX`, `qY`, `qZ`)
VALUES (2067202074, 42956, 45936, 35, 101.974, 57.489, 33, 0.9990756, 0, 0, 0.04298778);

INSERT INTO `base_ace_object` (`baseAceObjectId`, `name`, `typeId`, `paletteId`, `ammoType`, `blipColor`, `bitField`, `burden`, `combatUse`, `cooldownDuration`, `cooldownId`, `effects`, `containersCapacity`, `header`, `hookTypeId`, `iconId`, `iconOverlayId`, `iconUnderlayId`, `hookItemTypes`, `itemsCapacity`, `location`, `materialType`, `maxStackSize`, `maxStructure`, `radar`, `pscript`, `spellId`, `stackSize`, `structure`, `targetTypeId`, `usability`, `useRadius`, `validLocations`, `value`, `workmanship`, `animationFrameId`, `defaultScript`, `defaultScriptIntensity`, `elasticity`, `friction`, `locationId`, `modelTableId`, `objectScale`, `physicsBitField`, `physicsTableId`, `motionTableId`, `soundTableId`, `physicsState`, `translucency`)
VALUES (2067202075, 'Trap Floor Portal', 65536, 0, 0, 0, 262292, 0, 0, 0, 0, 0, 0, 16, 0, 100668114, 0, 0, 0, 0, 0, 0, 0, 0, 0, 0, 0, 0, 0, 0, 1, 0, 0, 0, 0, 0, 0, 0, 0, 0, 0, 33555034, 2, 100483, 0, 150994977, 536871008, 67596, 0);

INSERT INTO `ace_object` (`baseAceObjectId`, `weenieClassId`, `landblock`, `cell`, `posX`, `posY`, `posZ`, `qW`, `qX`, `qY`, `qZ`)
VALUES (2067202075, 42956, 45936, 35, 102.542, 70.1739, 30, 0.009335264, 0, 0, -0.9999564);

INSERT INTO `base_ace_object` (`baseAceObjectId`, `name`, `typeId`, `paletteId`, `ammoType`, `blipColor`, `bitField`, `burden`, `combatUse`, `cooldownDuration`, `cooldownId`, `effects`, `containersCapacity`, `header`, `hookTypeId`, `iconId`, `iconOverlayId`, `iconUnderlayId`, `hookItemTypes`, `itemsCapacity`, `location`, `materialType`, `maxStackSize`, `maxStructure`, `radar`, `pscript`, `spellId`, `stackSize`, `structure`, `targetTypeId`, `usability`, `useRadius`, `validLocations`, `value`, `workmanship`, `animationFrameId`, `defaultScript`, `defaultScriptIntensity`, `elasticity`, `friction`, `locationId`, `modelTableId`, `objectScale`, `physicsBitField`, `physicsTableId`, `motionTableId`, `soundTableId`, `physicsState`, `translucency`)
VALUES (2067202076, 'Trap Floor Portal', 65536, 0, 0, 0, 262292, 0, 0, 0, 0, 0, 0, 16, 0, 100668114, 0, 0, 0, 0, 0, 0, 0, 0, 0, 0, 0, 0, 0, 0, 1, 0, 0, 0, 0, 0, 0, 0, 0, 0, 0, 33555034, 2, 100483, 0, 150994977, 536871008, 67596, 0);

INSERT INTO `ace_object` (`baseAceObjectId`, `weenieClassId`, `landblock`, `cell`, `posX`, `posY`, `posZ`, `qW`, `qX`, `qY`, `qZ`)
VALUES (2067202076, 42956, 45936, 35, 109.318, 56.8352, 26, 0.9996555, 0, 0, -0.02624611);

INSERT INTO `base_ace_object` (`baseAceObjectId`, `name`, `typeId`, `paletteId`, `ammoType`, `blipColor`, `bitField`, `burden`, `combatUse`, `cooldownDuration`, `cooldownId`, `effects`, `containersCapacity`, `header`, `hookTypeId`, `iconId`, `iconOverlayId`, `iconUnderlayId`, `hookItemTypes`, `itemsCapacity`, `location`, `materialType`, `maxStackSize`, `maxStructure`, `radar`, `pscript`, `spellId`, `stackSize`, `structure`, `targetTypeId`, `usability`, `useRadius`, `validLocations`, `value`, `workmanship`, `animationFrameId`, `defaultScript`, `defaultScriptIntensity`, `elasticity`, `friction`, `locationId`, `modelTableId`, `objectScale`, `physicsBitField`, `physicsTableId`, `motionTableId`, `soundTableId`, `physicsState`, `translucency`)
VALUES (2067202079, 'Trap Floor Portal', 65536, 0, 0, 0, 262292, 0, 0, 0, 0, 0, 0, 16, 0, 100668114, 0, 0, 0, 0, 0, 0, 0, 0, 0, 0, 0, 0, 0, 0, 1, 0, 0, 0, 0, 0, 0, 0, 0, 0, 0, 33555034, 2, 100483, 0, 150994977, 536871008, 67596, 0);

INSERT INTO `ace_object` (`baseAceObjectId`, `weenieClassId`, `landblock`, `cell`, `posX`, `posY`, `posZ`, `qW`, `qX`, `qY`, `qZ`)
VALUES (2067202079, 42956, 45936, 44, 138.127, 80.815, 33, -0.0107444, 0, 0, -0.9999423);

INSERT INTO `base_ace_object` (`baseAceObjectId`, `name`, `typeId`, `paletteId`, `ammoType`, `blipColor`, `bitField`, `burden`, `combatUse`, `cooldownDuration`, `cooldownId`, `effects`, `containersCapacity`, `header`, `hookTypeId`, `iconId`, `iconOverlayId`, `iconUnderlayId`, `hookItemTypes`, `itemsCapacity`, `location`, `materialType`, `maxStackSize`, `maxStructure`, `radar`, `pscript`, `spellId`, `stackSize`, `structure`, `targetTypeId`, `usability`, `useRadius`, `validLocations`, `value`, `workmanship`, `animationFrameId`, `defaultScript`, `defaultScriptIntensity`, `elasticity`, `friction`, `locationId`, `modelTableId`, `objectScale`, `physicsBitField`, `physicsTableId`, `motionTableId`, `soundTableId`, `physicsState`, `translucency`)
VALUES (2067202084, 'Trap Floor Portal', 65536, 0, 0, 0, 262292, 0, 0, 0, 0, 0, 0, 16, 0, 100668114, 0, 0, 0, 0, 0, 0, 0, 0, 0, 0, 0, 0, 0, 0, 1, 0, 0, 0, 0, 0, 0, 0, 0, 0, 0, 33555034, 2, 100483, 0, 150994977, 536871008, 67596, 0);

INSERT INTO `ace_object` (`baseAceObjectId`, `weenieClassId`, `landblock`, `cell`, `posX`, `posY`, `posZ`, `qW`, `qX`, `qY`, `qZ`)
VALUES (2067202084, 42956, 45936, 45, 131.47, 108.32, 30, -0.8314946, 0, 0, -0.5555328);

INSERT INTO `base_ace_object` (`baseAceObjectId`, `name`, `typeId`, `paletteId`, `ammoType`, `blipColor`, `bitField`, `burden`, `combatUse`, `cooldownDuration`, `cooldownId`, `effects`, `containersCapacity`, `header`, `hookTypeId`, `iconId`, `iconOverlayId`, `iconUnderlayId`, `hookItemTypes`, `itemsCapacity`, `location`, `materialType`, `maxStackSize`, `maxStructure`, `radar`, `pscript`, `spellId`, `stackSize`, `structure`, `targetTypeId`, `usability`, `useRadius`, `validLocations`, `value`, `workmanship`, `animationFrameId`, `defaultScript`, `defaultScriptIntensity`, `elasticity`, `friction`, `locationId`, `modelTableId`, `objectScale`, `physicsBitField`, `physicsTableId`, `motionTableId`, `soundTableId`, `physicsState`, `translucency`)
VALUES (2067202091, 'Trap Floor Portal', 65536, 0, 0, 0, 262292, 0, 0, 0, 0, 0, 0, 16, 0, 100668114, 0, 0, 0, 0, 0, 0, 0, 0, 0, 0, 0, 0, 0, 0, 1, 0, 0, 0, 0, 0, 0, 0, 0, 0, 0, 33555034, 2, 100483, 0, 150994977, 536871008, 67596, 0);

INSERT INTO `ace_object` (`baseAceObjectId`, `weenieClassId`, `landblock`, `cell`, `posX`, `posY`, `posZ`, `qW`, `qX`, `qY`, `qZ`)
VALUES (2067202091, 42956, 45936, 36, 114.649, 92.216, 26, 1, 0, 0, 0);

INSERT INTO `base_ace_object` (`baseAceObjectId`, `name`, `typeId`, `paletteId`, `ammoType`, `blipColor`, `bitField`, `burden`, `combatUse`, `cooldownDuration`, `cooldownId`, `effects`, `containersCapacity`, `header`, `hookTypeId`, `iconId`, `iconOverlayId`, `iconUnderlayId`, `hookItemTypes`, `itemsCapacity`, `location`, `materialType`, `maxStackSize`, `maxStructure`, `radar`, `pscript`, `spellId`, `stackSize`, `structure`, `targetTypeId`, `usability`, `useRadius`, `validLocations`, `value`, `workmanship`, `animationFrameId`, `defaultScript`, `defaultScriptIntensity`, `elasticity`, `friction`, `locationId`, `modelTableId`, `objectScale`, `physicsBitField`, `physicsTableId`, `motionTableId`, `soundTableId`, `physicsState`, `translucency`)
VALUES (2067202092, 'Trap Floor Portal', 65536, 0, 0, 0, 262292, 0, 0, 0, 0, 0, 0, 16, 0, 100668114, 0, 0, 0, 0, 0, 0, 0, 0, 0, 0, 0, 0, 0, 0, 1, 0, 0, 0, 0, 0, 0, 0, 0, 0, 0, 33555034, 2, 100483, 0, 150994977, 536871008, 67596, 0);

INSERT INTO `ace_object` (`baseAceObjectId`, `weenieClassId`, `landblock`, `cell`, `posX`, `posY`, `posZ`, `qW`, `qX`, `qY`, `qZ`)
VALUES (2067202092, 42956, 45936, 45, 126.575, 102.236, 26, 1, 0, 0, 0);

INSERT INTO `base_ace_object` (`baseAceObjectId`, `name`, `typeId`, `paletteId`, `ammoType`, `blipColor`, `bitField`, `burden`, `combatUse`, `cooldownDuration`, `cooldownId`, `effects`, `containersCapacity`, `header`, `hookTypeId`, `iconId`, `iconOverlayId`, `iconUnderlayId`, `hookItemTypes`, `itemsCapacity`, `location`, `materialType`, `maxStackSize`, `maxStructure`, `radar`, `pscript`, `spellId`, `stackSize`, `structure`, `targetTypeId`, `usability`, `useRadius`, `validLocations`, `value`, `workmanship`, `animationFrameId`, `defaultScript`, `defaultScriptIntensity`, `elasticity`, `friction`, `locationId`, `modelTableId`, `objectScale`, `physicsBitField`, `physicsTableId`, `motionTableId`, `soundTableId`, `physicsState`, `translucency`)
VALUES (2067202093, 'Trap Floor Portal', 65536, 0, 0, 0, 262292, 0, 0, 0, 0, 0, 0, 16, 0, 100668114, 0, 0, 0, 0, 0, 0, 0, 0, 0, 0, 0, 0, 0, 0, 1, 0, 0, 0, 0, 0, 0, 0, 0, 0, 0, 33555034, 2, 100483, 0, 150994977, 536871008, 67596, 0);

INSERT INTO `ace_object` (`baseAceObjectId`, `weenieClassId`, `landblock`, `cell`, `posX`, `posY`, `posZ`, `qW`, `qX`, `qY`, `qZ`)
VALUES (2067202093, 42956, 45936, 36, 112.497, 72.863, 26, -4.37114E-08, 0, 0, -1);

INSERT INTO `base_ace_object` (`baseAceObjectId`, `name`, `typeId`, `paletteId`, `ammoType`, `blipColor`, `bitField`, `burden`, `combatUse`, `cooldownDuration`, `cooldownId`, `effects`, `containersCapacity`, `header`, `hookTypeId`, `iconId`, `iconOverlayId`, `iconUnderlayId`, `hookItemTypes`, `itemsCapacity`, `location`, `materialType`, `maxStackSize`, `maxStructure`, `radar`, `pscript`, `spellId`, `stackSize`, `structure`, `targetTypeId`, `usability`, `useRadius`, `validLocations`, `value`, `workmanship`, `animationFrameId`, `defaultScript`, `defaultScriptIntensity`, `elasticity`, `friction`, `locationId`, `modelTableId`, `objectScale`, `physicsBitField`, `physicsTableId`, `motionTableId`, `soundTableId`, `physicsState`, `translucency`)
VALUES (2067202085, 'Trap Floor Portal', 65536, 0, 0, 0, 262292, 0, 0, 0, 0, 0, 0, 16, 0, 100668114, 0, 0, 0, 0, 0, 0, 0, 0, 0, 0, 0, 0, 0, 0, 1, 0, 0, 0, 0, 0, 0, 0, 0, 0, 0, 33555034, 2, 100483, 0, 150994977, 536871008, 67596, 0);

INSERT INTO `ace_object` (`baseAceObjectId`, `weenieClassId`, `landblock`, `cell`, `posX`, `posY`, `posZ`, `qW`, `qX`, `qY`, `qZ`)
VALUES (2067202085, 42956, 45936, 37, 106.755, 104.256, 33, -0.2323609, 0, 0, 0.9726296);

INSERT INTO `base_ace_object` (`baseAceObjectId`, `name`, `typeId`, `paletteId`, `ammoType`, `blipColor`, `bitField`, `burden`, `combatUse`, `cooldownDuration`, `cooldownId`, `effects`, `containersCapacity`, `header`, `hookTypeId`, `iconId`, `iconOverlayId`, `iconUnderlayId`, `hookItemTypes`, `itemsCapacity`, `location`, `materialType`, `maxStackSize`, `maxStructure`, `radar`, `pscript`, `spellId`, `stackSize`, `structure`, `targetTypeId`, `usability`, `useRadius`, `validLocations`, `value`, `workmanship`, `animationFrameId`, `defaultScript`, `defaultScriptIntensity`, `elasticity`, `friction`, `locationId`, `modelTableId`, `objectScale`, `physicsBitField`, `physicsTableId`, `motionTableId`, `soundTableId`, `physicsState`, `translucency`)
VALUES (2088173590, 'Gateway to the Halls of Metos', 65536, 0, 0, 0, 262164, 0, 0, 0, 0, 0, 0, 8388656, 0, 100667499, 0, 0, 0, 0, 0, 0, 0, 0, 4, 0, 0, 0, 0, 0, 32, -0.1, 0, 0, 0, 0, 0, 0, 0, 0, 0, 33555923, 0, 98307, 0, 150994947, 0, 3084, 0);

INSERT INTO `ace_object` (`baseAceObjectId`, `weenieClassId`, `landblock`, `cell`, `posX`, `posY`, `posZ`, `qW`, `qX`, `qY`, `qZ`)
VALUES (2088173590, 34438, 51056, 269, 170.316, 185.421, 39.137, 1, 0, 0, 0);

INSERT INTO `base_ace_object` (`baseAceObjectId`, `name`, `typeId`, `paletteId`, `ammoType`, `blipColor`, `bitField`, `burden`, `combatUse`, `cooldownDuration`, `cooldownId`, `effects`, `containersCapacity`, `header`, `hookTypeId`, `iconId`, `iconOverlayId`, `iconUnderlayId`, `hookItemTypes`, `itemsCapacity`, `location`, `materialType`, `maxStackSize`, `maxStructure`, `radar`, `pscript`, `spellId`, `stackSize`, `structure`, `targetTypeId`, `usability`, `useRadius`, `validLocations`, `value`, `workmanship`, `animationFrameId`, `defaultScript`, `defaultScriptIntensity`, `elasticity`, `friction`, `locationId`, `modelTableId`, `objectScale`, `physicsBitField`, `physicsTableId`, `motionTableId`, `soundTableId`, `physicsState`, `translucency`)
VALUES (2874763081, 'Portal to Hebian-To', 65536, 0, 0, 0, 262164, 0, 0, 0, 0, 0, 0, 8388656, 0, 100667499, 0, 0, 0, 0, 0, 0, 0, 0, 4, 0, 0, 0, 0, 0, 32, -0.1, 0, 0, 0, 0, 0, 0, 0, 0, 0, 33554867, 0, 98307, 0, 150994947, 0, 3084, 0);

INSERT INTO `ace_object` (`baseAceObjectId`, `weenieClassId`, `landblock`, `cell`, `posX`, `posY`, `posZ`, `qW`, `qX`, `qY`, `qZ`)
VALUES (2874763081, 42846, 17970, 10, 27.80906, 29.80916, 74.4057, 1, 0, 0, 0);

INSERT INTO `base_ace_object` (`baseAceObjectId`, `name`, `typeId`, `paletteId`, `ammoType`, `blipColor`, `bitField`, `burden`, `combatUse`, `cooldownDuration`, `cooldownId`, `effects`, `containersCapacity`, `header`, `hookTypeId`, `iconId`, `iconOverlayId`, `iconUnderlayId`, `hookItemTypes`, `itemsCapacity`, `location`, `materialType`, `maxStackSize`, `maxStructure`, `radar`, `pscript`, `spellId`, `stackSize`, `structure`, `targetTypeId`, `usability`, `useRadius`, `validLocations`, `value`, `workmanship`, `animationFrameId`, `defaultScript`, `defaultScriptIntensity`, `elasticity`, `friction`, `locationId`, `modelTableId`, `objectScale`, `physicsBitField`, `physicsTableId`, `motionTableId`, `soundTableId`, `physicsState`, `translucency`)
VALUES (1976856651, 'Inner Sanctum', 65536, 0, 0, 0, 262164, 0, 0, 0, 0, 0, 0, 8388656, 0, 100667499, 0, 0, 0, 0, 0, 0, 0, 0, 4, 0, 0, 0, 0, 0, 32, -0.1, 0, 0, 0, 0, 0, 0, 0, 0, 0, 33554867, 0, 98307, 0, 150994947, 0, 3084, 0);

INSERT INTO `ace_object` (`baseAceObjectId`, `weenieClassId`, `landblock`, `cell`, `posX`, `posY`, `posZ`, `qW`, `qX`, `qY`, `qZ`)
VALUES (1976856651, 22758, 23879, 258, 26.3725, -53.6409, -0.06299996, -0.3826829, 0, 0, -0.9238797);

INSERT INTO `base_ace_object` (`baseAceObjectId`, `name`, `typeId`, `paletteId`, `ammoType`, `blipColor`, `bitField`, `burden`, `combatUse`, `cooldownDuration`, `cooldownId`, `effects`, `containersCapacity`, `header`, `hookTypeId`, `iconId`, `iconOverlayId`, `iconUnderlayId`, `hookItemTypes`, `itemsCapacity`, `location`, `materialType`, `maxStackSize`, `maxStructure`, `radar`, `pscript`, `spellId`, `stackSize`, `structure`, `targetTypeId`, `usability`, `useRadius`, `validLocations`, `value`, `workmanship`, `animationFrameId`, `defaultScript`, `defaultScriptIntensity`, `elasticity`, `friction`, `locationId`, `modelTableId`, `objectScale`, `physicsBitField`, `physicsTableId`, `motionTableId`, `soundTableId`, `physicsState`, `translucency`)
VALUES (1976856652, 'Inner Sanctum', 65536, 0, 0, 0, 262164, 0, 0, 0, 0, 0, 0, 8388656, 0, 100667499, 0, 0, 0, 0, 0, 0, 0, 0, 4, 0, 0, 0, 0, 0, 32, -0.1, 0, 0, 0, 0, 0, 0, 0, 0, 0, 33554867, 0, 98307, 0, 150994947, 0, 3084, 0);

INSERT INTO `ace_object` (`baseAceObjectId`, `weenieClassId`, `landblock`, `cell`, `posX`, `posY`, `posZ`, `qW`, `qX`, `qY`, `qZ`)
VALUES (1976856652, 22758, 23879, 259, 46.3725, -53.6409, -0.06299996, -0.3826829, 0, 0, -0.9238797);

INSERT INTO `base_ace_object` (`baseAceObjectId`, `name`, `typeId`, `paletteId`, `ammoType`, `blipColor`, `bitField`, `burden`, `combatUse`, `cooldownDuration`, `cooldownId`, `effects`, `containersCapacity`, `header`, `hookTypeId`, `iconId`, `iconOverlayId`, `iconUnderlayId`, `hookItemTypes`, `itemsCapacity`, `location`, `materialType`, `maxStackSize`, `maxStructure`, `radar`, `pscript`, `spellId`, `stackSize`, `structure`, `targetTypeId`, `usability`, `useRadius`, `validLocations`, `value`, `workmanship`, `animationFrameId`, `defaultScript`, `defaultScriptIntensity`, `elasticity`, `friction`, `locationId`, `modelTableId`, `objectScale`, `physicsBitField`, `physicsTableId`, `motionTableId`, `soundTableId`, `physicsState`, `translucency`)
VALUES (1976856650, 'Inner Sanctum', 65536, 0, 0, 0, 262164, 0, 0, 0, 0, 0, 0, 8388656, 0, 100667499, 0, 0, 0, 0, 0, 0, 0, 0, 4, 0, 0, 0, 0, 0, 32, -0.1, 0, 0, 0, 0, 0, 0, 0, 0, 0, 33554867, 0, 98307, 0, 150994947, 0, 3084, 0);

INSERT INTO `ace_object` (`baseAceObjectId`, `weenieClassId`, `landblock`, `cell`, `posX`, `posY`, `posZ`, `qW`, `qX`, `qY`, `qZ`)
VALUES (1976856650, 22758, 23879, 257, 16.3725, -53.6409, -0.06299996, -0.3826829, 0, 0, -0.9238797);

INSERT INTO `base_ace_object` (`baseAceObjectId`, `name`, `typeId`, `paletteId`, `ammoType`, `blipColor`, `bitField`, `burden`, `combatUse`, `cooldownDuration`, `cooldownId`, `effects`, `containersCapacity`, `header`, `hookTypeId`, `iconId`, `iconOverlayId`, `iconUnderlayId`, `hookItemTypes`, `itemsCapacity`, `location`, `materialType`, `maxStackSize`, `maxStructure`, `radar`, `pscript`, `spellId`, `stackSize`, `structure`, `targetTypeId`, `usability`, `useRadius`, `validLocations`, `value`, `workmanship`, `animationFrameId`, `defaultScript`, `defaultScriptIntensity`, `elasticity`, `friction`, `locationId`, `modelTableId`, `objectScale`, `physicsBitField`, `physicsTableId`, `motionTableId`, `soundTableId`, `physicsState`, `translucency`)
VALUES (1976856649, 'Inner Sanctum', 65536, 0, 0, 0, 262164, 0, 0, 0, 0, 0, 0, 8388656, 0, 100667499, 0, 0, 0, 0, 0, 0, 0, 0, 4, 0, 0, 0, 0, 0, 32, -0.1, 0, 0, 0, 0, 0, 0, 0, 0, 0, 33554867, 0, 98307, 0, 150994947, 0, 3084, 0);

INSERT INTO `ace_object` (`baseAceObjectId`, `weenieClassId`, `landblock`, `cell`, `posX`, `posY`, `posZ`, `qW`, `qX`, `qY`, `qZ`)
VALUES (1976856649, 22757, 23879, 256, -3.62747, -53.6409, -0.06299996, -0.3826829, 0, 0, -0.9238797);

INSERT INTO `base_ace_object` (`baseAceObjectId`, `name`, `typeId`, `paletteId`, `ammoType`, `blipColor`, `bitField`, `burden`, `combatUse`, `cooldownDuration`, `cooldownId`, `effects`, `containersCapacity`, `header`, `hookTypeId`, `iconId`, `iconOverlayId`, `iconUnderlayId`, `hookItemTypes`, `itemsCapacity`, `location`, `materialType`, `maxStackSize`, `maxStructure`, `radar`, `pscript`, `spellId`, `stackSize`, `structure`, `targetTypeId`, `usability`, `useRadius`, `validLocations`, `value`, `workmanship`, `animationFrameId`, `defaultScript`, `defaultScriptIntensity`, `elasticity`, `friction`, `locationId`, `modelTableId`, `objectScale`, `physicsBitField`, `physicsTableId`, `motionTableId`, `soundTableId`, `physicsState`, `translucency`)
VALUES (1976856657, 'Surface', 65536, 0, 0, 0, 262164, 0, 0, 0, 0, 0, 0, 8388656, 0, 100667499, 0, 0, 0, 0, 0, 0, 0, 0, 4, 0, 0, 0, 0, 0, 32, -0.1, 0, 0, 0, 0, 0, 0, 0, 0, 0, 33554867, 0, 98307, 0, 150994947, 0, 3084, 0);

INSERT INTO `ace_object` (`baseAceObjectId`, `weenieClassId`, `landblock`, `cell`, `posX`, `posY`, `posZ`, `qW`, `qX`, `qY`, `qZ`)
VALUES (1976856657, 22756, 23879, 373, 46.3586, -6.42607, 17.937, 0.3826829, 0, 0, -0.9238797);

INSERT INTO `base_ace_object` (`baseAceObjectId`, `name`, `typeId`, `paletteId`, `ammoType`, `blipColor`, `bitField`, `burden`, `combatUse`, `cooldownDuration`, `cooldownId`, `effects`, `containersCapacity`, `header`, `hookTypeId`, `iconId`, `iconOverlayId`, `iconUnderlayId`, `hookItemTypes`, `itemsCapacity`, `location`, `materialType`, `maxStackSize`, `maxStructure`, `radar`, `pscript`, `spellId`, `stackSize`, `structure`, `targetTypeId`, `usability`, `useRadius`, `validLocations`, `value`, `workmanship`, `animationFrameId`, `defaultScript`, `defaultScriptIntensity`, `elasticity`, `friction`, `locationId`, `modelTableId`, `objectScale`, `physicsBitField`, `physicsTableId`, `motionTableId`, `soundTableId`, `physicsState`, `translucency`)
VALUES (2127024128, 'Tusker Honeycombs', 65536, 0, 0, 0, 262164, 0, 0, 0, 0, 0, 0, 8388656, 0, 100667499, 0, 0, 0, 0, 0, 0, 0, 0, 4, 0, 0, 0, 0, 0, 32, -0.1, 0, 0, 0, 0, 0, 0, 0, 0, 0, 33555925, 0, 98307, 0, 150994947, 0, 3084, 0);

INSERT INTO `ace_object` (`baseAceObjectId`, `weenieClassId`, `landblock`, `cell`, `posX`, `posY`, `posZ`, `qW`, `qX`, `qY`, `qZ`)
VALUES (2127024128, 22682, 60541, 8, 13.1925, 169.797, 11.937, 0.4593859, 0, 0, -0.8882368);

INSERT INTO `base_ace_object` (`baseAceObjectId`, `name`, `typeId`, `paletteId`, `ammoType`, `blipColor`, `bitField`, `burden`, `combatUse`, `cooldownDuration`, `cooldownId`, `effects`, `containersCapacity`, `header`, `hookTypeId`, `iconId`, `iconOverlayId`, `iconUnderlayId`, `hookItemTypes`, `itemsCapacity`, `location`, `materialType`, `maxStackSize`, `maxStructure`, `radar`, `pscript`, `spellId`, `stackSize`, `structure`, `targetTypeId`, `usability`, `useRadius`, `validLocations`, `value`, `workmanship`, `animationFrameId`, `defaultScript`, `defaultScriptIntensity`, `elasticity`, `friction`, `locationId`, `modelTableId`, `objectScale`, `physicsBitField`, `physicsTableId`, `motionTableId`, `soundTableId`, `physicsState`, `translucency`)
VALUES (1973719042, 'Surface', 65536, 0, 0, 0, 262164, 0, 0, 0, 0, 0, 0, 8388656, 0, 100667499, 0, 0, 0, 0, 0, 0, 0, 0, 4, 0, 0, 0, 0, 0, 32, -0.1, 0, 0, 0, 0, 0, 0, 0, 0, 0, 33554867, 0, 98307, 0, 150994947, 0, 3084, 0);

INSERT INTO `ace_object` (`baseAceObjectId`, `weenieClassId`, `landblock`, `cell`, `posX`, `posY`, `posZ`, `qW`, `qX`, `qY`, `qZ`)
VALUES (1973719042, 22683, 23113, 258, 68.9266, -41.6524, -18.063, 0.999824, 0, 0, -0.0187581);

INSERT INTO `base_ace_object` (`baseAceObjectId`, `name`, `typeId`, `paletteId`, `ammoType`, `blipColor`, `bitField`, `burden`, `combatUse`, `cooldownDuration`, `cooldownId`, `effects`, `containersCapacity`, `header`, `hookTypeId`, `iconId`, `iconOverlayId`, `iconUnderlayId`, `hookItemTypes`, `itemsCapacity`, `location`, `materialType`, `maxStackSize`, `maxStructure`, `radar`, `pscript`, `spellId`, `stackSize`, `structure`, `targetTypeId`, `usability`, `useRadius`, `validLocations`, `value`, `workmanship`, `animationFrameId`, `defaultScript`, `defaultScriptIntensity`, `elasticity`, `friction`, `locationId`, `modelTableId`, `objectScale`, `physicsBitField`, `physicsTableId`, `motionTableId`, `soundTableId`, `physicsState`, `translucency`)
VALUES (1916272640, 'Renegade Incursion', 65536, 0, 0, 0, 262164, 0, 0, 0, 0, 0, 0, 8388656, 0, 100667499, 0, 0, 0, 0, 0, 0, 0, 0, 4, 0, 0, 0, 0, 0, 32, -0.1, 0, 0, 0, 0, 0, 0, 0, 0, 0, 33555924, 0, 98307, 0, 150994947, 0, 3084, 0);

INSERT INTO `ace_object` (`baseAceObjectId`, `weenieClassId`, `landblock`, `cell`, `posX`, `posY`, `posZ`, `qW`, `qX`, `qY`, `qZ`)
VALUES (1916272640, 31294, 9088, 49, 159.046, 13.4355, 219.937, 0.9375624, 0, 0, -0.3478172);

INSERT INTO `base_ace_object` (`baseAceObjectId`, `name`, `typeId`, `paletteId`, `ammoType`, `blipColor`, `bitField`, `burden`, `combatUse`, `cooldownDuration`, `cooldownId`, `effects`, `containersCapacity`, `header`, `hookTypeId`, `iconId`, `iconOverlayId`, `iconUnderlayId`, `hookItemTypes`, `itemsCapacity`, `location`, `materialType`, `maxStackSize`, `maxStructure`, `radar`, `pscript`, `spellId`, `stackSize`, `structure`, `targetTypeId`, `usability`, `useRadius`, `validLocations`, `value`, `workmanship`, `animationFrameId`, `defaultScript`, `defaultScriptIntensity`, `elasticity`, `friction`, `locationId`, `modelTableId`, `objectScale`, `physicsBitField`, `physicsTableId`, `motionTableId`, `soundTableId`, `physicsState`, `translucency`)
VALUES (2872367050, 'Glenden Wood Portal', 65536, 0, 0, 0, 262164, 0, 0, 0, 0, 0, 0, 8388656, 0, 100667499, 0, 0, 0, 0, 0, 0, 0, 0, 4, 0, 0, 0, 0, 0, 32, -0.1, 0, 0, 0, 0, 0, 0, 0, 0, 0, 33554867, 0, 98307, 0, 150994947, 0, 3084, 0);

INSERT INTO `ace_object` (`baseAceObjectId`, `weenieClassId`, `landblock`, `cell`, `posX`, `posY`, `posZ`, `qW`, `qX`, `qY`, `qZ`)
VALUES (2872367050, 42814, 9087, 10, 30.53308, 42.26115, 207.2149, 1, 0, 0, 0);

INSERT INTO `base_ace_object` (`baseAceObjectId`, `name`, `typeId`, `paletteId`, `ammoType`, `blipColor`, `bitField`, `burden`, `combatUse`, `cooldownDuration`, `cooldownId`, `effects`, `containersCapacity`, `header`, `hookTypeId`, `iconId`, `iconOverlayId`, `iconUnderlayId`, `hookItemTypes`, `itemsCapacity`, `location`, `materialType`, `maxStackSize`, `maxStructure`, `radar`, `pscript`, `spellId`, `stackSize`, `structure`, `targetTypeId`, `usability`, `useRadius`, `validLocations`, `value`, `workmanship`, `animationFrameId`, `defaultScript`, `defaultScriptIntensity`, `elasticity`, `friction`, `locationId`, `modelTableId`, `objectScale`, `physicsBitField`, `physicsTableId`, `motionTableId`, `soundTableId`, `physicsState`, `translucency`)
VALUES (1966530623, 'Surface', 65536, 0, 0, 0, 262164, 0, 0, 0, 0, 0, 0, 8388656, 0, 100667499, 0, 0, 0, 0, 0, 0, 0, 0, 4, 0, 0, 0, 0, 0, 32, -0.1, 0, 0, 0, 0, 0, 0, 0, 0, 0, 33554867, 0, 98307, 0, 150994947, 0, 3084, 0);

INSERT INTO `ace_object` (`baseAceObjectId`, `weenieClassId`, `landblock`, `cell`, `posX`, `posY`, `posZ`, `qW`, `qX`, `qY`, `qZ`)
VALUES (1966530623, 14889, 21358, 598, 86.5016, -47.0359, -24.063, 0.9305075, 0, 0, 0.3662728);

INSERT INTO `base_ace_object` (`baseAceObjectId`, `name`, `typeId`, `paletteId`, `ammoType`, `blipColor`, `bitField`, `burden`, `combatUse`, `cooldownDuration`, `cooldownId`, `effects`, `containersCapacity`, `header`, `hookTypeId`, `iconId`, `iconOverlayId`, `iconUnderlayId`, `hookItemTypes`, `itemsCapacity`, `location`, `materialType`, `maxStackSize`, `maxStructure`, `radar`, `pscript`, `spellId`, `stackSize`, `structure`, `targetTypeId`, `usability`, `useRadius`, `validLocations`, `value`, `workmanship`, `animationFrameId`, `defaultScript`, `defaultScriptIntensity`, `elasticity`, `friction`, `locationId`, `modelTableId`, `objectScale`, `physicsBitField`, `physicsTableId`, `motionTableId`, `soundTableId`, `physicsState`, `translucency`)
VALUES (1966530560, 'Surface', 65536, 0, 0, 0, 262164, 0, 0, 0, 0, 0, 0, 8388656, 0, 100667499, 0, 0, 0, 0, 0, 0, 0, 0, 4, 0, 0, 0, 0, 0, 32, -0.1, 0, 0, 0, 0, 0, 0, 0, 0, 0, 33554867, 0, 98307, 0, 150994947, 0, 3084, 0);

INSERT INTO `ace_object` (`baseAceObjectId`, `weenieClassId`, `landblock`, `cell`, `posX`, `posY`, `posZ`, `qW`, `qX`, `qY`, `qZ`)
VALUES (1966530560, 14889, 21358, 257, -0.461765, -94.401, -114.063, 0.3758681, 0, 0, 0.9266732);

INSERT INTO `base_ace_object` (`baseAceObjectId`, `name`, `typeId`, `paletteId`, `ammoType`, `blipColor`, `bitField`, `burden`, `combatUse`, `cooldownDuration`, `cooldownId`, `effects`, `containersCapacity`, `header`, `hookTypeId`, `iconId`, `iconOverlayId`, `iconUnderlayId`, `hookItemTypes`, `itemsCapacity`, `location`, `materialType`, `maxStackSize`, `maxStructure`, `radar`, `pscript`, `spellId`, `stackSize`, `structure`, `targetTypeId`, `usability`, `useRadius`, `validLocations`, `value`, `workmanship`, `animationFrameId`, `defaultScript`, `defaultScriptIntensity`, `elasticity`, `friction`, `locationId`, `modelTableId`, `objectScale`, `physicsBitField`, `physicsTableId`, `motionTableId`, `soundTableId`, `physicsState`, `translucency`)
VALUES (2630430891, 'Plateau Portal', 65536, 0, 0, 0, 262164, 0, 0, 0, 0, 0, 0, 8388656, 0, 100667499, 0, 0, 0, 0, 0, 0, 0, 0, 4, 0, 0, 0, 0, 0, 32, -0.1, 0, 0, 0, 0, 0, 0, 0, 0, 0, 33554867, 0, 98307, 0, 150994947, 0, 3084, 0);

INSERT INTO `ace_object` (`baseAceObjectId`, `weenieClassId`, `landblock`, `cell`, `posX`, `posY`, `posZ`, `qW`, `qX`, `qY`, `qZ`)
VALUES (2630430891, 42812, 11842, 31, 91.71259, 159.459, 36.06283, 1, 0, 0, 0);

INSERT INTO `base_ace_object` (`baseAceObjectId`, `name`, `typeId`, `paletteId`, `ammoType`, `blipColor`, `bitField`, `burden`, `combatUse`, `cooldownDuration`, `cooldownId`, `effects`, `containersCapacity`, `header`, `hookTypeId`, `iconId`, `iconOverlayId`, `iconUnderlayId`, `hookItemTypes`, `itemsCapacity`, `location`, `materialType`, `maxStackSize`, `maxStructure`, `radar`, `pscript`, `spellId`, `stackSize`, `structure`, `targetTypeId`, `usability`, `useRadius`, `validLocations`, `value`, `workmanship`, `animationFrameId`, `defaultScript`, `defaultScriptIntensity`, `elasticity`, `friction`, `locationId`, `modelTableId`, `objectScale`, `physicsBitField`, `physicsTableId`, `motionTableId`, `soundTableId`, `physicsState`, `translucency`)
VALUES (1880309766, 'Portal to Yaraq', 65536, 0, 0, 0, 262164, 0, 0, 0, 0, 0, 0, 8388656, 0, 100667499, 0, 0, 0, 0, 0, 0, 0, 0, 4, 0, 0, 0, 0, 0, 32, -0.1, 0, 0, 0, 0, 0, 0, 0, 0, 0, 33554867, 0, 98307, 0, 150994947, 0, 3084, 0);

INSERT INTO `ace_object` (`baseAceObjectId`, `weenieClassId`, `landblock`, `cell`, `posX`, `posY`, `posZ`, `qW`, `qX`, `qY`, `qZ`)
VALUES (1880309766, 42824, 308, 294, 30, -63.132, 5.937, 0, 0, 0, -1);

INSERT INTO `base_ace_object` (`baseAceObjectId`, `name`, `typeId`, `paletteId`, `ammoType`, `blipColor`, `bitField`, `burden`, `combatUse`, `cooldownDuration`, `cooldownId`, `effects`, `containersCapacity`, `header`, `hookTypeId`, `iconId`, `iconOverlayId`, `iconUnderlayId`, `hookItemTypes`, `itemsCapacity`, `location`, `materialType`, `maxStackSize`, `maxStructure`, `radar`, `pscript`, `spellId`, `stackSize`, `structure`, `targetTypeId`, `usability`, `useRadius`, `validLocations`, `value`, `workmanship`, `animationFrameId`, `defaultScript`, `defaultScriptIntensity`, `elasticity`, `friction`, `locationId`, `modelTableId`, `objectScale`, `physicsBitField`, `physicsTableId`, `motionTableId`, `soundTableId`, `physicsState`, `translucency`)
VALUES (2032787921, 'House Portal', 65536, 0, 0, 0, 262164, 0, 0, 0, 0, 0, 0, 41943088, 0, 100667499, 0, 0, 0, 0, 0, 0, 0, 0, 4, 0, 0, 0, 0, 0, 32, 0.75, 0, 0, 0, 0, 0, 0, 0, 0, 0, 33554867, 0, 98307, 0, 150994947, 0, 3076, 0);

INSERT INTO `ace_object` (`baseAceObjectId`, `weenieClassId`, `landblock`, `cell`, `posX`, `posY`, `posZ`, `qW`, `qX`, `qY`, `qZ`)
VALUES (2032787921, 11730, 37534, 280, 153.532, 34.7148, 99.137, 0.02563811, 0, 0, 0.9996713);

INSERT INTO `base_ace_object` (`baseAceObjectId`, `name`, `typeId`, `paletteId`, `ammoType`, `blipColor`, `bitField`, `burden`, `combatUse`, `cooldownDuration`, `cooldownId`, `effects`, `containersCapacity`, `header`, `hookTypeId`, `iconId`, `iconOverlayId`, `iconUnderlayId`, `hookItemTypes`, `itemsCapacity`, `location`, `materialType`, `maxStackSize`, `maxStructure`, `radar`, `pscript`, `spellId`, `stackSize`, `structure`, `targetTypeId`, `usability`, `useRadius`, `validLocations`, `value`, `workmanship`, `animationFrameId`, `defaultScript`, `defaultScriptIntensity`, `elasticity`, `friction`, `locationId`, `modelTableId`, `objectScale`, `physicsBitField`, `physicsTableId`, `motionTableId`, `soundTableId`, `physicsState`, `translucency`)
VALUES (2032787923, 'House Portal', 65536, 0, 0, 0, 262164, 0, 0, 0, 0, 0, 0, 41943088, 0, 100667499, 0, 0, 0, 0, 0, 0, 0, 0, 4, 0, 0, 0, 0, 0, 32, 0.75, 0, 0, 0, 0, 0, 0, 0, 0, 0, 33554867, 0, 98307, 0, 150994947, 0, 3076, 0);

INSERT INTO `ace_object` (`baseAceObjectId`, `weenieClassId`, `landblock`, `cell`, `posX`, `posY`, `posZ`, `qW`, `qX`, `qY`, `qZ`)
VALUES (2032787923, 11730, 37534, 311, 98.8211, 35.8604, 103.137, 0.6891017, 0, 0, 0.7246647);

INSERT INTO `base_ace_object` (`baseAceObjectId`, `name`, `typeId`, `paletteId`, `ammoType`, `blipColor`, `bitField`, `burden`, `combatUse`, `cooldownDuration`, `cooldownId`, `effects`, `containersCapacity`, `header`, `hookTypeId`, `iconId`, `iconOverlayId`, `iconUnderlayId`, `hookItemTypes`, `itemsCapacity`, `location`, `materialType`, `maxStackSize`, `maxStructure`, `radar`, `pscript`, `spellId`, `stackSize`, `structure`, `targetTypeId`, `usability`, `useRadius`, `validLocations`, `value`, `workmanship`, `animationFrameId`, `defaultScript`, `defaultScriptIntensity`, `elasticity`, `friction`, `locationId`, `modelTableId`, `objectScale`, `physicsBitField`, `physicsTableId`, `motionTableId`, `soundTableId`, `physicsState`, `translucency`)
VALUES (2032787913, 'House Portal', 65536, 0, 0, 0, 262164, 0, 0, 0, 0, 0, 0, 41943088, 0, 100667499, 0, 0, 0, 0, 0, 0, 0, 0, 4, 0, 0, 0, 0, 0, 32, 0.75, 0, 0, 0, 0, 0, 0, 0, 0, 0, 33554867, 0, 98307, 0, 150994947, 0, 3076, 0);

INSERT INTO `ace_object` (`baseAceObjectId`, `weenieClassId`, `landblock`, `cell`, `posX`, `posY`, `posZ`, `qW`, `qX`, `qY`, `qZ`)
VALUES (2032787913, 11730, 37534, 339, 62.2109, 37.7487, 91.137, -0.9999033, 0, 0, -0.0139104);

INSERT INTO `base_ace_object` (`baseAceObjectId`, `name`, `typeId`, `paletteId`, `ammoType`, `blipColor`, `bitField`, `burden`, `combatUse`, `cooldownDuration`, `cooldownId`, `effects`, `containersCapacity`, `header`, `hookTypeId`, `iconId`, `iconOverlayId`, `iconUnderlayId`, `hookItemTypes`, `itemsCapacity`, `location`, `materialType`, `maxStackSize`, `maxStructure`, `radar`, `pscript`, `spellId`, `stackSize`, `structure`, `targetTypeId`, `usability`, `useRadius`, `validLocations`, `value`, `workmanship`, `animationFrameId`, `defaultScript`, `defaultScriptIntensity`, `elasticity`, `friction`, `locationId`, `modelTableId`, `objectScale`, `physicsBitField`, `physicsTableId`, `motionTableId`, `soundTableId`, `physicsState`, `translucency`)
VALUES (2032787915, 'House Portal', 65536, 0, 0, 0, 262164, 0, 0, 0, 0, 0, 0, 41943088, 0, 100667499, 0, 0, 0, 0, 0, 0, 0, 0, 4, 0, 0, 0, 0, 0, 32, 0.75, 0, 0, 0, 0, 0, 0, 0, 0, 0, 33554867, 0, 98307, 0, 150994947, 0, 3076, 0);

INSERT INTO `ace_object` (`baseAceObjectId`, `weenieClassId`, `landblock`, `cell`, `posX`, `posY`, `posZ`, `qW`, `qX`, `qY`, `qZ`)
VALUES (2032787915, 11730, 37534, 370, 45.4858, 84.7885, 89.137, -0.6746828, 0, 0, 0.7381078);

INSERT INTO `base_ace_object` (`baseAceObjectId`, `name`, `typeId`, `paletteId`, `ammoType`, `blipColor`, `bitField`, `burden`, `combatUse`, `cooldownDuration`, `cooldownId`, `effects`, `containersCapacity`, `header`, `hookTypeId`, `iconId`, `iconOverlayId`, `iconUnderlayId`, `hookItemTypes`, `itemsCapacity`, `location`, `materialType`, `maxStackSize`, `maxStructure`, `radar`, `pscript`, `spellId`, `stackSize`, `structure`, `targetTypeId`, `usability`, `useRadius`, `validLocations`, `value`, `workmanship`, `animationFrameId`, `defaultScript`, `defaultScriptIntensity`, `elasticity`, `friction`, `locationId`, `modelTableId`, `objectScale`, `physicsBitField`, `physicsTableId`, `motionTableId`, `soundTableId`, `physicsState`, `translucency`)
VALUES (2032787917, 'House Portal', 65536, 0, 0, 0, 262164, 0, 0, 0, 0, 0, 0, 41943088, 0, 100667499, 0, 0, 0, 0, 0, 0, 0, 0, 4, 0, 0, 0, 0, 0, 32, 0.75, 0, 0, 0, 0, 0, 0, 0, 0, 0, 33554867, 0, 98307, 0, 150994947, 0, 3076, 0);

INSERT INTO `ace_object` (`baseAceObjectId`, `weenieClassId`, `landblock`, `cell`, `posX`, `posY`, `posZ`, `qW`, `qX`, `qY`, `qZ`)
VALUES (2032787917, 11730, 37534, 398, 62.1196, 153.954, 99.137, -0.7009628, 0, 0, 0.7131978);

INSERT INTO `base_ace_object` (`baseAceObjectId`, `name`, `typeId`, `paletteId`, `ammoType`, `blipColor`, `bitField`, `burden`, `combatUse`, `cooldownDuration`, `cooldownId`, `effects`, `containersCapacity`, `header`, `hookTypeId`, `iconId`, `iconOverlayId`, `iconUnderlayId`, `hookItemTypes`, `itemsCapacity`, `location`, `materialType`, `maxStackSize`, `maxStructure`, `radar`, `pscript`, `spellId`, `stackSize`, `structure`, `targetTypeId`, `usability`, `useRadius`, `validLocations`, `value`, `workmanship`, `animationFrameId`, `defaultScript`, `defaultScriptIntensity`, `elasticity`, `friction`, `locationId`, `modelTableId`, `objectScale`, `physicsBitField`, `physicsTableId`, `motionTableId`, `soundTableId`, `physicsState`, `translucency`)
VALUES (2032787919, 'House Portal', 65536, 0, 0, 0, 262164, 0, 0, 0, 0, 0, 0, 41943088, 0, 100667499, 0, 0, 0, 0, 0, 0, 0, 0, 4, 0, 0, 0, 0, 0, 32, 0.75, 0, 0, 0, 0, 0, 0, 0, 0, 0, 33554867, 0, 98307, 0, 150994947, 0, 3076, 0);

INSERT INTO `ace_object` (`baseAceObjectId`, `weenieClassId`, `landblock`, `cell`, `posX`, `posY`, `posZ`, `qW`, `qX`, `qY`, `qZ`)
VALUES (2032787919, 11730, 37534, 429, 156.075, 146.154, 115.137, -0.0328013, 0, 0, -0.9994619);

INSERT INTO `base_ace_object` (`baseAceObjectId`, `name`, `typeId`, `paletteId`, `ammoType`, `blipColor`, `bitField`, `burden`, `combatUse`, `cooldownDuration`, `cooldownId`, `effects`, `containersCapacity`, `header`, `hookTypeId`, `iconId`, `iconOverlayId`, `iconUnderlayId`, `hookItemTypes`, `itemsCapacity`, `location`, `materialType`, `maxStackSize`, `maxStructure`, `radar`, `pscript`, `spellId`, `stackSize`, `structure`, `targetTypeId`, `usability`, `useRadius`, `validLocations`, `value`, `workmanship`, `animationFrameId`, `defaultScript`, `defaultScriptIntensity`, `elasticity`, `friction`, `locationId`, `modelTableId`, `objectScale`, `physicsBitField`, `physicsTableId`, `motionTableId`, `soundTableId`, `physicsState`, `translucency`)
VALUES (2028605505, 'House Portal', 65536, 0, 0, 0, 262164, 0, 0, 0, 0, 0, 0, 8388656, 0, 100667499, 0, 0, 0, 0, 0, 0, 0, 0, 4, 0, 0, 0, 0, 0, 32, 0.75, 0, 0, 0, 0, 0, 0, 0, 0, 0, 33554867, 0, 98307, 0, 150994947, 0, 3076, 0);

INSERT INTO `ace_object` (`baseAceObjectId`, `weenieClassId`, `landblock`, `cell`, `posX`, `posY`, `posZ`, `qW`, `qX`, `qY`, `qZ`)
VALUES (2028605505, 11730, 36513, 338, 42.8621, 126.952, 67.937, 0.6996393, 0, 0, -0.7144963);

INSERT INTO `base_ace_object` (`baseAceObjectId`, `name`, `typeId`, `paletteId`, `ammoType`, `blipColor`, `bitField`, `burden`, `combatUse`, `cooldownDuration`, `cooldownId`, `effects`, `containersCapacity`, `header`, `hookTypeId`, `iconId`, `iconOverlayId`, `iconUnderlayId`, `hookItemTypes`, `itemsCapacity`, `location`, `materialType`, `maxStackSize`, `maxStructure`, `radar`, `pscript`, `spellId`, `stackSize`, `structure`, `targetTypeId`, `usability`, `useRadius`, `validLocations`, `value`, `workmanship`, `animationFrameId`, `defaultScript`, `defaultScriptIntensity`, `elasticity`, `friction`, `locationId`, `modelTableId`, `objectScale`, `physicsBitField`, `physicsTableId`, `motionTableId`, `soundTableId`, `physicsState`, `translucency`)
VALUES (2021273600, 'River Mouth', 65536, 0, 0, 0, 262164, 0, 0, 0, 0, 0, 0, 8388656, 0, 100667499, 0, 0, 0, 0, 0, 0, 0, 0, 4, 0, 0, 0, 0, 0, 32, -0.1, 0, 0, 0, 0, 0, 0, 0, 0, 0, 33555923, 0, 98307, 0, 150994947, 0, 3084, 0);

INSERT INTO `ace_object` (`baseAceObjectId`, `weenieClassId`, `landblock`, `cell`, `posX`, `posY`, `posZ`, `qW`, `qX`, `qY`, `qZ`)
VALUES (2021273600, 8500, 34723, 52, 150.873, 88.515, 69.41525, 0.146915, 0, 0, -0.9891491);

INSERT INTO `base_ace_object` (`baseAceObjectId`, `name`, `typeId`, `paletteId`, `ammoType`, `blipColor`, `bitField`, `burden`, `combatUse`, `cooldownDuration`, `cooldownId`, `effects`, `containersCapacity`, `header`, `hookTypeId`, `iconId`, `iconOverlayId`, `iconUnderlayId`, `hookItemTypes`, `itemsCapacity`, `location`, `materialType`, `maxStackSize`, `maxStructure`, `radar`, `pscript`, `spellId`, `stackSize`, `structure`, `targetTypeId`, `usability`, `useRadius`, `validLocations`, `value`, `workmanship`, `animationFrameId`, `defaultScript`, `defaultScriptIntensity`, `elasticity`, `friction`, `locationId`, `modelTableId`, `objectScale`, `physicsBitField`, `physicsTableId`, `motionTableId`, `soundTableId`, `physicsState`, `translucency`)
VALUES (1948024901, 'House Portal', 65536, 0, 0, 0, 262164, 0, 0, 0, 0, 0, 0, 8388656, 0, 100667499, 0, 0, 0, 0, 0, 0, 0, 0, 4, 0, 0, 0, 0, 0, 32, 0.75, 0, 0, 0, 0, 0, 0, 0, 0, 0, 33554867, 0, 98307, 0, 150994947, 0, 3076, 0);

INSERT INTO `ace_object` (`baseAceObjectId`, `weenieClassId`, `landblock`, `cell`, `posX`, `posY`, `posZ`, `qW`, `qX`, `qY`, `qZ`)
VALUES (1948024901, 11730, 16840, 338, 90.6393, 127.452, -14.063, -0.674968, 0, 0, 0.737847);

INSERT INTO `base_ace_object` (`baseAceObjectId`, `name`, `typeId`, `paletteId`, `ammoType`, `blipColor`, `bitField`, `burden`, `combatUse`, `cooldownDuration`, `cooldownId`, `effects`, `containersCapacity`, `header`, `hookTypeId`, `iconId`, `iconOverlayId`, `iconUnderlayId`, `hookItemTypes`, `itemsCapacity`, `location`, `materialType`, `maxStackSize`, `maxStructure`, `radar`, `pscript`, `spellId`, `stackSize`, `structure`, `targetTypeId`, `usability`, `useRadius`, `validLocations`, `value`, `workmanship`, `animationFrameId`, `defaultScript`, `defaultScriptIntensity`, `elasticity`, `friction`, `locationId`, `modelTableId`, `objectScale`, `physicsBitField`, `physicsTableId`, `motionTableId`, `soundTableId`, `physicsState`, `translucency`)
VALUES (1949089914, 'House Portal', 65536, 0, 0, 0, 262164, 0, 0, 0, 0, 0, 0, 8388656, 0, 100667499, 0, 0, 0, 0, 0, 0, 0, 0, 4, 0, 0, 0, 0, 0, 32, 0.75, 0, 0, 0, 0, 0, 0, 0, 0, 0, 33554867, 0, 98307, 0, 150994947, 0, 3076, 0);

INSERT INTO `ace_object` (`baseAceObjectId`, `weenieClassId`, `landblock`, `cell`, `posX`, `posY`, `posZ`, `qW`, `qX`, `qY`, `qZ`)
VALUES (1949089914, 11730, 17100, 338, 91.4612, 102.964, -6.062999, 0.662623, 0, 0, -0.748953);

INSERT INTO `base_ace_object` (`baseAceObjectId`, `name`, `typeId`, `paletteId`, `ammoType`, `blipColor`, `bitField`, `burden`, `combatUse`, `cooldownDuration`, `cooldownId`, `effects`, `containersCapacity`, `header`, `hookTypeId`, `iconId`, `iconOverlayId`, `iconUnderlayId`, `hookItemTypes`, `itemsCapacity`, `location`, `materialType`, `maxStackSize`, `maxStructure`, `radar`, `pscript`, `spellId`, `stackSize`, `structure`, `targetTypeId`, `usability`, `useRadius`, `validLocations`, `value`, `workmanship`, `animationFrameId`, `defaultScript`, `defaultScriptIntensity`, `elasticity`, `friction`, `locationId`, `modelTableId`, `objectScale`, `physicsBitField`, `physicsTableId`, `motionTableId`, `soundTableId`, `physicsState`, `translucency`)
VALUES (2056101953, 'House Portal', 65536, 0, 0, 0, 262164, 0, 0, 0, 0, 0, 0, 41943088, 0, 100667499, 0, 0, 0, 0, 0, 0, 0, 0, 4, 0, 0, 0, 0, 0, 32, 0.75, 0, 0, 0, 0, 0, 0, 0, 0, 0, 33554867, 0, 98307, 0, 150994947, 0, 3076, 0);

INSERT INTO `ace_object` (`baseAceObjectId`, `weenieClassId`, `landblock`, `cell`, `posX`, `posY`, `posZ`, `qW`, `qX`, `qY`, `qZ`)
VALUES (2056101953, 11730, 43226, 338, 66.8284, 126.988, 29.937, -0.6703411, 0, 0, 0.7420531);

INSERT INTO `base_ace_object` (`baseAceObjectId`, `name`, `typeId`, `paletteId`, `ammoType`, `blipColor`, `bitField`, `burden`, `combatUse`, `cooldownDuration`, `cooldownId`, `effects`, `containersCapacity`, `header`, `hookTypeId`, `iconId`, `iconOverlayId`, `iconUnderlayId`, `hookItemTypes`, `itemsCapacity`, `location`, `materialType`, `maxStackSize`, `maxStructure`, `radar`, `pscript`, `spellId`, `stackSize`, `structure`, `targetTypeId`, `usability`, `useRadius`, `validLocations`, `value`, `workmanship`, `animationFrameId`, `defaultScript`, `defaultScriptIntensity`, `elasticity`, `friction`, `locationId`, `modelTableId`, `objectScale`, `physicsBitField`, `physicsTableId`, `motionTableId`, `soundTableId`, `physicsState`, `translucency`)
VALUES (1881653275, 'Surface Exit', 65536, 0, 0, 0, 262164, 0, 0, 0, 0, 0, 0, 8388656, 0, 100667499, 0, 0, 0, 0, 0, 0, 0, 0, 4, 0, 0, 0, 0, 0, 32, -0.1, 0, 0, 0, 0, 0, 0, 0, 0, 0, 33554867, 0, 98307, 0, 150994947, 0, 3084, 0);

INSERT INTO `ace_object` (`baseAceObjectId`, `weenieClassId`, `landblock`, `cell`, `posX`, `posY`, `posZ`, `qW`, `qX`, `qY`, `qZ`)
VALUES (1881653275, 10854, 636, 416, 29.7614, -8.66195, -0.06299996, -0.5697671, 0, 0, -0.8218062);

INSERT INTO `base_ace_object` (`baseAceObjectId`, `name`, `typeId`, `paletteId`, `ammoType`, `blipColor`, `bitField`, `burden`, `combatUse`, `cooldownDuration`, `cooldownId`, `effects`, `containersCapacity`, `header`, `hookTypeId`, `iconId`, `iconOverlayId`, `iconUnderlayId`, `hookItemTypes`, `itemsCapacity`, `location`, `materialType`, `maxStackSize`, `maxStructure`, `radar`, `pscript`, `spellId`, `stackSize`, `structure`, `targetTypeId`, `usability`, `useRadius`, `validLocations`, `value`, `workmanship`, `animationFrameId`, `defaultScript`, `defaultScriptIntensity`, `elasticity`, `friction`, `locationId`, `modelTableId`, `objectScale`, `physicsBitField`, `physicsTableId`, `motionTableId`, `soundTableId`, `physicsState`, `translucency`)
VALUES (1881653260, 'Surface Exit', 65536, 0, 0, 0, 262164, 0, 0, 0, 0, 0, 0, 8388656, 0, 100667499, 0, 0, 0, 0, 0, 0, 0, 0, 4, 0, 0, 0, 0, 0, 32, -0.1, 0, 0, 0, 0, 0, 0, 0, 0, 0, 33554867, 0, 98307, 0, 150994947, 0, 3084, 0);

INSERT INTO `ace_object` (`baseAceObjectId`, `weenieClassId`, `landblock`, `cell`, `posX`, `posY`, `posZ`, `qW`, `qX`, `qY`, `qZ`)
VALUES (1881653260, 10854, 636, 347, 190.16, -256.049, -6.063, 0.9993019, 0, 0, -0.03735999);

INSERT INTO `base_ace_object` (`baseAceObjectId`, `name`, `typeId`, `paletteId`, `ammoType`, `blipColor`, `bitField`, `burden`, `combatUse`, `cooldownDuration`, `cooldownId`, `effects`, `containersCapacity`, `header`, `hookTypeId`, `iconId`, `iconOverlayId`, `iconUnderlayId`, `hookItemTypes`, `itemsCapacity`, `location`, `materialType`, `maxStackSize`, `maxStructure`, `radar`, `pscript`, `spellId`, `stackSize`, `structure`, `targetTypeId`, `usability`, `useRadius`, `validLocations`, `value`, `workmanship`, `animationFrameId`, `defaultScript`, `defaultScriptIntensity`, `elasticity`, `friction`, `locationId`, `modelTableId`, `objectScale`, `physicsBitField`, `physicsTableId`, `motionTableId`, `soundTableId`, `physicsState`, `translucency`)
VALUES (2630629232, 'Baishi Portal', 65536, 0, 0, 0, 262164, 0, 0, 0, 0, 0, 0, 8388656, 0, 100667499, 0, 0, 0, 0, 0, 0, 0, 0, 4, 0, 0, 0, 0, 0, 32, -0.1, 0, 0, 0, 0, 0, 0, 0, 0, 0, 33554867, 0, 98307, 0, 150994947, 0, 3084, 0);

INSERT INTO `ace_object` (`baseAceObjectId`, `weenieClassId`, `landblock`, `cell`, `posX`, `posY`, `posZ`, `qW`, `qX`, `qY`, `qZ`)
VALUES (2630629232, 42845, 42390, 36, 101.0713, 84.69757, 41.82074, 0.9238795, 0, 0, -0.3826835);

INSERT INTO `base_ace_object` (`baseAceObjectId`, `name`, `typeId`, `paletteId`, `ammoType`, `blipColor`, `bitField`, `burden`, `combatUse`, `cooldownDuration`, `cooldownId`, `effects`, `containersCapacity`, `header`, `hookTypeId`, `iconId`, `iconOverlayId`, `iconUnderlayId`, `hookItemTypes`, `itemsCapacity`, `location`, `materialType`, `maxStackSize`, `maxStructure`, `radar`, `pscript`, `spellId`, `stackSize`, `structure`, `targetTypeId`, `usability`, `useRadius`, `validLocations`, `value`, `workmanship`, `animationFrameId`, `defaultScript`, `defaultScriptIntensity`, `elasticity`, `friction`, `locationId`, `modelTableId`, `objectScale`, `physicsBitField`, `physicsTableId`, `motionTableId`, `soundTableId`, `physicsState`, `translucency`)
VALUES (2053734430, 'House Portal', 65536, 0, 0, 0, 262164, 0, 0, 0, 0, 0, 0, 41943088, 0, 100667499, 0, 0, 0, 0, 0, 0, 0, 0, 4, 0, 0, 0, 0, 0, 32, 0.75, 0, 0, 0, 0, 0, 0, 0, 0, 0, 33554867, 0, 98307, 0, 150994947, 0, 3076, 0);

INSERT INTO `ace_object` (`baseAceObjectId`, `weenieClassId`, `landblock`, `cell`, `posX`, `posY`, `posZ`, `qW`, `qX`, `qY`, `qZ`)
VALUES (2053734430, 11730, 42648, 280, 82.0528, 153.157, 79.137, 0.01856319, 0, 0, -0.9998277);

INSERT INTO `base_ace_object` (`baseAceObjectId`, `name`, `typeId`, `paletteId`, `ammoType`, `blipColor`, `bitField`, `burden`, `combatUse`, `cooldownDuration`, `cooldownId`, `effects`, `containersCapacity`, `header`, `hookTypeId`, `iconId`, `iconOverlayId`, `iconUnderlayId`, `hookItemTypes`, `itemsCapacity`, `location`, `materialType`, `maxStackSize`, `maxStructure`, `radar`, `pscript`, `spellId`, `stackSize`, `structure`, `targetTypeId`, `usability`, `useRadius`, `validLocations`, `value`, `workmanship`, `animationFrameId`, `defaultScript`, `defaultScriptIntensity`, `elasticity`, `friction`, `locationId`, `modelTableId`, `objectScale`, `physicsBitField`, `physicsTableId`, `motionTableId`, `soundTableId`, `physicsState`, `translucency`)
VALUES (2630448907, 'Viamont Staging Area Portal', 65536, 0, 0, 0, 262164, 0, 0, 0, 0, 0, 0, 8388656, 0, 100667499, 0, 0, 0, 0, 0, 0, 0, 0, 4, 0, 0, 0, 0, 0, 32, -0.1, 0, 0, 0, 0, 0, 0, 0, 0, 0, 33556212, 0, 98307, 0, 150994947, 0, 3084, 0);

INSERT INTO `ace_object` (`baseAceObjectId`, `weenieClassId`, `landblock`, `cell`, `posX`, `posY`, `posZ`, `qW`, `qX`, `qY`, `qZ`)
VALUES (2630448907, 32542, 40870, 46, 132, 132, 64.45, 0.258819, 0, 0, -0.9659259);

INSERT INTO `base_ace_object` (`baseAceObjectId`, `name`, `typeId`, `paletteId`, `ammoType`, `blipColor`, `bitField`, `burden`, `combatUse`, `cooldownDuration`, `cooldownId`, `effects`, `containersCapacity`, `header`, `hookTypeId`, `iconId`, `iconOverlayId`, `iconUnderlayId`, `hookItemTypes`, `itemsCapacity`, `location`, `materialType`, `maxStackSize`, `maxStructure`, `radar`, `pscript`, `spellId`, `stackSize`, `structure`, `targetTypeId`, `usability`, `useRadius`, `validLocations`, `value`, `workmanship`, `animationFrameId`, `defaultScript`, `defaultScriptIntensity`, `elasticity`, `friction`, `locationId`, `modelTableId`, `objectScale`, `physicsBitField`, `physicsTableId`, `motionTableId`, `soundTableId`, `physicsState`, `translucency`)
VALUES (2046455808, 'North Glenden Prison', 65536, 0, 0, 0, 262164, 0, 0, 0, 0, 0, 0, 8388656, 0, 100667499, 0, 0, 0, 0, 0, 0, 0, 0, 4, 0, 0, 0, 0, 0, 32, -0.1, 0, 0, 0, 0, 0, 0, 0, 0, 0, 33555925, 0, 98307, 0, 150994947, 0, 3084, 0);

INSERT INTO `ace_object` (`baseAceObjectId`, `weenieClassId`, `landblock`, `cell`, `posX`, `posY`, `posZ`, `qW`, `qX`, `qY`, `qZ`)
VALUES (2046455808, 1311, 40871, 18, 65.5266, 43.1032, 67.937, 1, 0, 0, 0);

INSERT INTO `base_ace_object` (`baseAceObjectId`, `name`, `typeId`, `paletteId`, `ammoType`, `blipColor`, `bitField`, `burden`, `combatUse`, `cooldownDuration`, `cooldownId`, `effects`, `containersCapacity`, `header`, `hookTypeId`, `iconId`, `iconOverlayId`, `iconUnderlayId`, `hookItemTypes`, `itemsCapacity`, `location`, `materialType`, `maxStackSize`, `maxStructure`, `radar`, `pscript`, `spellId`, `stackSize`, `structure`, `targetTypeId`, `usability`, `useRadius`, `validLocations`, `value`, `workmanship`, `animationFrameId`, `defaultScript`, `defaultScriptIntensity`, `elasticity`, `friction`, `locationId`, `modelTableId`, `objectScale`, `physicsBitField`, `physicsTableId`, `motionTableId`, `soundTableId`, `physicsState`, `translucency`)
VALUES (2044391481, 'House Portal', 65536, 0, 0, 0, 262164, 0, 0, 0, 0, 0, 0, 41943088, 0, 100667499, 0, 0, 0, 0, 0, 0, 0, 0, 4, 0, 0, 0, 0, 0, 32, 0.75, 0, 0, 0, 0, 0, 0, 0, 0, 0, 33554867, 0, 98307, 0, 150994947, 0, 3076, 0);

INSERT INTO `ace_object` (`baseAceObjectId`, `weenieClassId`, `landblock`, `cell`, `posX`, `posY`, `posZ`, `qW`, `qX`, `qY`, `qZ`)
VALUES (2044391481, 11730, 40367, 280, 105.399, 134.327, 139.137, -0.7227688, 0, 0, -0.6910899);

INSERT INTO `base_ace_object` (`baseAceObjectId`, `name`, `typeId`, `paletteId`, `ammoType`, `blipColor`, `bitField`, `burden`, `combatUse`, `cooldownDuration`, `cooldownId`, `effects`, `containersCapacity`, `header`, `hookTypeId`, `iconId`, `iconOverlayId`, `iconUnderlayId`, `hookItemTypes`, `itemsCapacity`, `location`, `materialType`, `maxStackSize`, `maxStructure`, `radar`, `pscript`, `spellId`, `stackSize`, `structure`, `targetTypeId`, `usability`, `useRadius`, `validLocations`, `value`, `workmanship`, `animationFrameId`, `defaultScript`, `defaultScriptIntensity`, `elasticity`, `friction`, `locationId`, `modelTableId`, `objectScale`, `physicsBitField`, `physicsTableId`, `motionTableId`, `soundTableId`, `physicsState`, `translucency`)
VALUES (2044391484, 'House Portal', 65536, 0, 0, 0, 262164, 0, 0, 0, 0, 0, 0, 41943088, 0, 100667499, 0, 0, 0, 0, 0, 0, 0, 0, 4, 0, 0, 0, 0, 0, 32, 0.75, 0, 0, 0, 0, 0, 0, 0, 0, 0, 33554867, 0, 98307, 0, 150994947, 0, 3076, 0);

INSERT INTO `ace_object` (`baseAceObjectId`, `weenieClassId`, `landblock`, `cell`, `posX`, `posY`, `posZ`, `qW`, `qX`, `qY`, `qZ`)
VALUES (2044391484, 11730, 40367, 311, 141.923, 36.4428, 133.137, -0.702293, 0, 0, 0.711888);

INSERT INTO `base_ace_object` (`baseAceObjectId`, `name`, `typeId`, `paletteId`, `ammoType`, `blipColor`, `bitField`, `burden`, `combatUse`, `cooldownDuration`, `cooldownId`, `effects`, `containersCapacity`, `header`, `hookTypeId`, `iconId`, `iconOverlayId`, `iconUnderlayId`, `hookItemTypes`, `itemsCapacity`, `location`, `materialType`, `maxStackSize`, `maxStructure`, `radar`, `pscript`, `spellId`, `stackSize`, `structure`, `targetTypeId`, `usability`, `useRadius`, `validLocations`, `value`, `workmanship`, `animationFrameId`, `defaultScript`, `defaultScriptIntensity`, `elasticity`, `friction`, `locationId`, `modelTableId`, `objectScale`, `physicsBitField`, `physicsTableId`, `motionTableId`, `soundTableId`, `physicsState`, `translucency`)
VALUES (2045497371, 'House Portal', 65536, 0, 0, 0, 262164, 0, 0, 0, 0, 0, 0, 41943088, 0, 100667499, 0, 0, 0, 0, 0, 0, 0, 0, 4, 0, 0, 0, 0, 0, 32, 0.75, 0, 0, 0, 0, 0, 0, 0, 0, 0, 33554867, 0, 98307, 0, 150994947, 0, 3076, 0);

INSERT INTO `ace_object` (`baseAceObjectId`, `weenieClassId`, `landblock`, `cell`, `posX`, `posY`, `posZ`, `qW`, `qX`, `qY`, `qZ`)
VALUES (2045497371, 11730, 40637, 280, 98.3987, 60.424, 111.137, -0.718859, 0, 0, -0.6951559);

INSERT INTO `base_ace_object` (`baseAceObjectId`, `name`, `typeId`, `paletteId`, `ammoType`, `blipColor`, `bitField`, `burden`, `combatUse`, `cooldownDuration`, `cooldownId`, `effects`, `containersCapacity`, `header`, `hookTypeId`, `iconId`, `iconOverlayId`, `iconUnderlayId`, `hookItemTypes`, `itemsCapacity`, `location`, `materialType`, `maxStackSize`, `maxStructure`, `radar`, `pscript`, `spellId`, `stackSize`, `structure`, `targetTypeId`, `usability`, `useRadius`, `validLocations`, `value`, `workmanship`, `animationFrameId`, `defaultScript`, `defaultScriptIntensity`, `elasticity`, `friction`, `locationId`, `modelTableId`, `objectScale`, `physicsBitField`, `physicsTableId`, `motionTableId`, `soundTableId`, `physicsState`, `translucency`)
VALUES (2000240978, 'House Portal', 65536, 0, 0, 0, 262164, 0, 0, 0, 0, 0, 0, 41943088, 0, 100667499, 0, 0, 0, 0, 0, 0, 0, 0, 4, 0, 0, 0, 0, 0, 32, 0.75, 0, 0, 0, 0, 0, 0, 0, 0, 0, 33554867, 0, 98307, 0, 150994947, 0, 3076, 0);

INSERT INTO `ace_object` (`baseAceObjectId`, `weenieClassId`, `landblock`, `cell`, `posX`, `posY`, `posZ`, `qW`, `qX`, `qY`, `qZ`)
VALUES (2000240978, 11730, 29588, 280, 87.0299, 37.8918, 91.137, 0.999087, 0, 0, -0.0427229);

INSERT INTO `base_ace_object` (`baseAceObjectId`, `name`, `typeId`, `paletteId`, `ammoType`, `blipColor`, `bitField`, `burden`, `combatUse`, `cooldownDuration`, `cooldownId`, `effects`, `containersCapacity`, `header`, `hookTypeId`, `iconId`, `iconOverlayId`, `iconUnderlayId`, `hookItemTypes`, `itemsCapacity`, `location`, `materialType`, `maxStackSize`, `maxStructure`, `radar`, `pscript`, `spellId`, `stackSize`, `structure`, `targetTypeId`, `usability`, `useRadius`, `validLocations`, `value`, `workmanship`, `animationFrameId`, `defaultScript`, `defaultScriptIntensity`, `elasticity`, `friction`, `locationId`, `modelTableId`, `objectScale`, `physicsBitField`, `physicsTableId`, `motionTableId`, `soundTableId`, `physicsState`, `translucency`)
VALUES (1996050889, 'House Portal', 65536, 0, 0, 0, 262164, 0, 0, 0, 0, 0, 0, 8388656, 0, 100667499, 0, 0, 0, 0, 0, 0, 0, 0, 4, 0, 0, 0, 0, 0, 32, 0.75, 0, 0, 0, 0, 0, 0, 0, 0, 0, 33554867, 0, 98307, 0, 150994947, 0, 3076, 0);

INSERT INTO `ace_object` (`baseAceObjectId`, `weenieClassId`, `landblock`, `cell`, `posX`, `posY`, `posZ`, `qW`, `qX`, `qY`, `qZ`)
VALUES (1996050889, 11730, 28565, 280, 38.0759, 33.0765, 61.137, 0.6762246, 0, 0, -0.7366955);

INSERT INTO `base_ace_object` (`baseAceObjectId`, `name`, `typeId`, `paletteId`, `ammoType`, `blipColor`, `bitField`, `burden`, `combatUse`, `cooldownDuration`, `cooldownId`, `effects`, `containersCapacity`, `header`, `hookTypeId`, `iconId`, `iconOverlayId`, `iconUnderlayId`, `hookItemTypes`, `itemsCapacity`, `location`, `materialType`, `maxStackSize`, `maxStructure`, `radar`, `pscript`, `spellId`, `stackSize`, `structure`, `targetTypeId`, `usability`, `useRadius`, `validLocations`, `value`, `workmanship`, `animationFrameId`, `defaultScript`, `defaultScriptIntensity`, `elasticity`, `friction`, `locationId`, `modelTableId`, `objectScale`, `physicsBitField`, `physicsTableId`, `motionTableId`, `soundTableId`, `physicsState`, `translucency`)
VALUES (1996050891, 'House Portal', 65536, 0, 0, 0, 262164, 0, 0, 0, 0, 0, 0, 8388656, 0, 100667499, 0, 0, 0, 0, 0, 0, 0, 0, 4, 0, 0, 0, 0, 0, 32, 0.75, 0, 0, 0, 0, 0, 0, 0, 0, 0, 33554867, 0, 98307, 0, 150994947, 0, 3076, 0);

INSERT INTO `ace_object` (`baseAceObjectId`, `weenieClassId`, `landblock`, `cell`, `posX`, `posY`, `posZ`, `qW`, `qX`, `qY`, `qZ`)
VALUES (1996050891, 11730, 28565, 311, 36.0367, 165.189, 63.137, -0.9998842, 0, 0, -0.0152191);

INSERT INTO `base_ace_object` (`baseAceObjectId`, `name`, `typeId`, `paletteId`, `ammoType`, `blipColor`, `bitField`, `burden`, `combatUse`, `cooldownDuration`, `cooldownId`, `effects`, `containersCapacity`, `header`, `hookTypeId`, `iconId`, `iconOverlayId`, `iconUnderlayId`, `hookItemTypes`, `itemsCapacity`, `location`, `materialType`, `maxStackSize`, `maxStructure`, `radar`, `pscript`, `spellId`, `stackSize`, `structure`, `targetTypeId`, `usability`, `useRadius`, `validLocations`, `value`, `workmanship`, `animationFrameId`, `defaultScript`, `defaultScriptIntensity`, `elasticity`, `friction`, `locationId`, `modelTableId`, `objectScale`, `physicsBitField`, `physicsTableId`, `motionTableId`, `soundTableId`, `physicsState`, `translucency`)
VALUES (1996050899, 'House Portal', 65536, 0, 0, 0, 262164, 0, 0, 0, 0, 0, 0, 8388656, 0, 100667499, 0, 0, 0, 0, 0, 0, 0, 0, 4, 0, 0, 0, 0, 0, 32, 0.75, 0, 0, 0, 0, 0, 0, 0, 0, 0, 33554867, 0, 98307, 0, 150994947, 0, 3076, 0);

INSERT INTO `ace_object` (`baseAceObjectId`, `weenieClassId`, `landblock`, `cell`, `posX`, `posY`, `posZ`, `qW`, `qX`, `qY`, `qZ`)
VALUES (1996050899, 11730, 28565, 339, 152.896, 34.4446, 33.137, -0.0196489, 0, 0, -0.9998069);

INSERT INTO `base_ace_object` (`baseAceObjectId`, `name`, `typeId`, `paletteId`, `ammoType`, `blipColor`, `bitField`, `burden`, `combatUse`, `cooldownDuration`, `cooldownId`, `effects`, `containersCapacity`, `header`, `hookTypeId`, `iconId`, `iconOverlayId`, `iconUnderlayId`, `hookItemTypes`, `itemsCapacity`, `location`, `materialType`, `maxStackSize`, `maxStructure`, `radar`, `pscript`, `spellId`, `stackSize`, `structure`, `targetTypeId`, `usability`, `useRadius`, `validLocations`, `value`, `workmanship`, `animationFrameId`, `defaultScript`, `defaultScriptIntensity`, `elasticity`, `friction`, `locationId`, `modelTableId`, `objectScale`, `physicsBitField`, `physicsTableId`, `motionTableId`, `soundTableId`, `physicsState`, `translucency`)
VALUES (1996050895, 'House Portal', 65536, 0, 0, 0, 262164, 0, 0, 0, 0, 0, 0, 41943088, 0, 100667499, 0, 0, 0, 0, 0, 0, 0, 0, 4, 0, 0, 0, 0, 0, 32, 0.75, 0, 0, 0, 0, 0, 0, 0, 0, 0, 33554867, 0, 98307, 0, 150994947, 0, 3076, 0);

INSERT INTO `ace_object` (`baseAceObjectId`, `weenieClassId`, `landblock`, `cell`, `posX`, `posY`, `posZ`, `qW`, `qX`, `qY`, `qZ`)
VALUES (1996050895, 11730, 28565, 370, 157.008, 146.727, 33.137, 0.008213752, 0, 0, -0.9999663);

INSERT INTO `base_ace_object` (`baseAceObjectId`, `name`, `typeId`, `paletteId`, `ammoType`, `blipColor`, `bitField`, `burden`, `combatUse`, `cooldownDuration`, `cooldownId`, `effects`, `containersCapacity`, `header`, `hookTypeId`, `iconId`, `iconOverlayId`, `iconUnderlayId`, `hookItemTypes`, `itemsCapacity`, `location`, `materialType`, `maxStackSize`, `maxStructure`, `radar`, `pscript`, `spellId`, `stackSize`, `structure`, `targetTypeId`, `usability`, `useRadius`, `validLocations`, `value`, `workmanship`, `animationFrameId`, `defaultScript`, `defaultScriptIntensity`, `elasticity`, `friction`, `locationId`, `modelTableId`, `objectScale`, `physicsBitField`, `physicsTableId`, `motionTableId`, `soundTableId`, `physicsState`, `translucency`)
VALUES (1996050897, 'House Portal', 65536, 0, 0, 0, 262164, 0, 0, 0, 0, 0, 0, 41943088, 0, 100667499, 0, 0, 0, 0, 0, 0, 0, 0, 4, 0, 0, 0, 0, 0, 32, 0.75, 0, 0, 0, 0, 0, 0, 0, 0, 0, 33554867, 0, 98307, 0, 150994947, 0, 3076, 0);

INSERT INTO `ace_object` (`baseAceObjectId`, `weenieClassId`, `landblock`, `cell`, `posX`, `posY`, `posZ`, `qW`, `qX`, `qY`, `qZ`)
VALUES (1996050897, 11730, 28565, 398, 156.553, 75.365, 31.137, 0.001675969, 0, 0, 0.9999986);

