INSERT INTO `base_ace_object` (`baseAceObjectId`, `name`, `typeId`, `paletteId`, `ammoType`, `blipColor`, `bitField`, `burden`, `combatUse`, `cooldownDuration`, `cooldownId`, `effects`, `containersCapacity`, `header`, `hookTypeId`, `iconId`, `iconOverlayId`, `iconUnderlayId`, `hookItemTypes`, `itemsCapacity`, `location`, `materialType`, `maxStackSize`, `maxStructure`, `radar`, `pscript`, `spellId`, `stackSize`, `structure`, `targetTypeId`, `usability`, `useRadius`, `validLocations`, `value`, `workmanship`, `animationFrameId`, `defaultScript`, `defaultScriptIntensity`, `elasticity`, `friction`, `locationId`, `modelTableId`, `objectScale`, `physicsBitField`, `physicsTableId`, `motionTableId`, `soundTableId`, `physicsState`, `translucency`)
VALUES (1958682624, 'Viamontian Royal Prison', 65536, 0, 0, 0, 262164, 0, 0, 0, 0, 0, 0, 8388656, 0, 100667499, 0, 0, 0, 0, 0, 0, 0, 0, 4, 0, 0, 0, 0, 0, 32, -0.1, 0, 0, 0, 0, 0, 0, 0, 0, 0, 33555925, 0, 98307, 0, 150994947, 0, 3084, 0);

INSERT INTO `ace_object` (`baseAceObjectId`, `weenieClassId`, `landblock`, `cell`, `posX`, `posY`, `posZ`, `qW`, `qX`, `qY`, `qZ`)
VALUES (1958682624, 29485, 19442, 28, 85, 85, 7.937, -0.7056242, 0, 0, -0.7085862);

INSERT INTO `base_ace_object` (`baseAceObjectId`, `name`, `typeId`, `paletteId`, `ammoType`, `blipColor`, `bitField`, `burden`, `combatUse`, `cooldownDuration`, `cooldownId`, `effects`, `containersCapacity`, `header`, `hookTypeId`, `iconId`, `iconOverlayId`, `iconUnderlayId`, `hookItemTypes`, `itemsCapacity`, `location`, `materialType`, `maxStackSize`, `maxStructure`, `radar`, `pscript`, `spellId`, `stackSize`, `structure`, `targetTypeId`, `usability`, `useRadius`, `validLocations`, `value`, `workmanship`, `animationFrameId`, `defaultScript`, `defaultScriptIntensity`, `elasticity`, `friction`, `locationId`, `modelTableId`, `objectScale`, `physicsBitField`, `physicsTableId`, `motionTableId`, `soundTableId`, `physicsState`, `translucency`)
VALUES (3626655213, 'Simple Hive Portal', 65536, 0, 0, 0, 262164, 0, 0, 0, 0, 0, 0, 8388656, 0, 100667499, 0, 0, 0, 0, 0, 0, 0, 0, 4, 0, 0, 0, 0, 0, 32, -0.1, 0, 0, 0, 0, 0, 0, 0, 0, 0, 33555926, 0, 98307, 0, 150994947, 0, 3084, 0);

INSERT INTO `ace_object` (`baseAceObjectId`, `weenieClassId`, `landblock`, `cell`, `posX`, `posY`, `posZ`, `qW`, `qX`, `qY`, `qZ`)
VALUES (3626655213, 11223, 8120, 64, 169.4259, 176.7441, 89.937, 1, 0, 0, 0);

INSERT INTO `base_ace_object` (`baseAceObjectId`, `name`, `typeId`, `paletteId`, `ammoType`, `blipColor`, `bitField`, `burden`, `combatUse`, `cooldownDuration`, `cooldownId`, `effects`, `containersCapacity`, `header`, `hookTypeId`, `iconId`, `iconOverlayId`, `iconUnderlayId`, `hookItemTypes`, `itemsCapacity`, `location`, `materialType`, `maxStackSize`, `maxStructure`, `radar`, `pscript`, `spellId`, `stackSize`, `structure`, `targetTypeId`, `usability`, `useRadius`, `validLocations`, `value`, `workmanship`, `animationFrameId`, `defaultScript`, `defaultScriptIntensity`, `elasticity`, `friction`, `locationId`, `modelTableId`, `objectScale`, `physicsBitField`, `physicsTableId`, `motionTableId`, `soundTableId`, `physicsState`, `translucency`)
VALUES (3626595254, 'Simple Hive Portal', 65536, 0, 0, 0, 262164, 0, 0, 0, 0, 0, 0, 8388656, 0, 100667499, 0, 0, 0, 0, 0, 0, 0, 0, 4, 0, 0, 0, 0, 0, 32, -0.1, 0, 0, 0, 0, 0, 0, 0, 0, 0, 33555926, 0, 98307, 0, 150994947, 0, 3084, 0);

INSERT INTO `ace_object` (`baseAceObjectId`, `weenieClassId`, `landblock`, `cell`, `posX`, `posY`, `posZ`, `qW`, `qX`, `qY`, `qZ`)
VALUES (3626595254, 11223, 8120, 58, 180.1682, 41.30619, 90.49483, 1, 0, 0, 0);

INSERT INTO `base_ace_object` (`baseAceObjectId`, `name`, `typeId`, `paletteId`, `ammoType`, `blipColor`, `bitField`, `burden`, `combatUse`, `cooldownDuration`, `cooldownId`, `effects`, `containersCapacity`, `header`, `hookTypeId`, `iconId`, `iconOverlayId`, `iconUnderlayId`, `hookItemTypes`, `itemsCapacity`, `location`, `materialType`, `maxStackSize`, `maxStructure`, `radar`, `pscript`, `spellId`, `stackSize`, `structure`, `targetTypeId`, `usability`, `useRadius`, `validLocations`, `value`, `workmanship`, `animationFrameId`, `defaultScript`, `defaultScriptIntensity`, `elasticity`, `friction`, `locationId`, `modelTableId`, `objectScale`, `physicsBitField`, `physicsTableId`, `motionTableId`, `soundTableId`, `physicsState`, `translucency`)
VALUES (3626595138, 'Small Hive Portal', 65536, 0, 0, 0, 262164, 0, 0, 0, 0, 0, 0, 8388656, 0, 100667499, 0, 0, 0, 0, 0, 0, 0, 0, 4, 0, 0, 0, 0, 0, 32, -0.1, 0, 0, 0, 0, 0, 0, 0, 0, 0, 33555926, 0, 98307, 0, 150994947, 0, 3084, 0);

INSERT INTO `ace_object` (`baseAceObjectId`, `weenieClassId`, `landblock`, `cell`, `posX`, `posY`, `posZ`, `qW`, `qX`, `qY`, `qZ`)
VALUES (3626595138, 11221, 8119, 54, 148.9905, 124.1095, 89.937, 1, 0, 0, 0);

INSERT INTO `base_ace_object` (`baseAceObjectId`, `name`, `typeId`, `paletteId`, `ammoType`, `blipColor`, `bitField`, `burden`, `combatUse`, `cooldownDuration`, `cooldownId`, `effects`, `containersCapacity`, `header`, `hookTypeId`, `iconId`, `iconOverlayId`, `iconUnderlayId`, `hookItemTypes`, `itemsCapacity`, `location`, `materialType`, `maxStackSize`, `maxStructure`, `radar`, `pscript`, `spellId`, `stackSize`, `structure`, `targetTypeId`, `usability`, `useRadius`, `validLocations`, `value`, `workmanship`, `animationFrameId`, `defaultScript`, `defaultScriptIntensity`, `elasticity`, `friction`, `locationId`, `modelTableId`, `objectScale`, `physicsBitField`, `physicsTableId`, `motionTableId`, `soundTableId`, `physicsState`, `translucency`)
VALUES (3626606025, 'Tiny Hive Portal', 65536, 0, 0, 0, 262164, 0, 0, 0, 0, 0, 0, 8388656, 0, 100667499, 0, 0, 0, 0, 0, 0, 0, 0, 4, 0, 0, 0, 0, 0, 32, -0.1, 0, 0, 0, 0, 0, 0, 0, 0, 0, 33555923, 0, 98307, 0, 150994947, 0, 3084, 0);

INSERT INTO `ace_object` (`baseAceObjectId`, `weenieClassId`, `landblock`, `cell`, `posX`, `posY`, `posZ`, `qW`, `qX`, `qY`, `qZ`)
VALUES (3626606025, 11219, 9406, 19, 52.31934, 67.52734, 190.6697, 1, 0, 0, 0);

INSERT INTO `base_ace_object` (`baseAceObjectId`, `name`, `typeId`, `paletteId`, `ammoType`, `blipColor`, `bitField`, `burden`, `combatUse`, `cooldownDuration`, `cooldownId`, `effects`, `containersCapacity`, `header`, `hookTypeId`, `iconId`, `iconOverlayId`, `iconUnderlayId`, `hookItemTypes`, `itemsCapacity`, `location`, `materialType`, `maxStackSize`, `maxStructure`, `radar`, `pscript`, `spellId`, `stackSize`, `structure`, `targetTypeId`, `usability`, `useRadius`, `validLocations`, `value`, `workmanship`, `animationFrameId`, `defaultScript`, `defaultScriptIntensity`, `elasticity`, `friction`, `locationId`, `modelTableId`, `objectScale`, `physicsBitField`, `physicsTableId`, `motionTableId`, `soundTableId`, `physicsState`, `translucency`)
VALUES (3626606464, 'Simple Hive Portal', 65536, 0, 0, 0, 262164, 0, 0, 0, 0, 0, 0, 8388656, 0, 100667499, 0, 0, 0, 0, 0, 0, 0, 0, 4, 0, 0, 0, 0, 0, 32, -0.1, 0, 0, 0, 0, 0, 0, 0, 0, 0, 33555926, 0, 98307, 0, 150994947, 0, 3084, 0);

INSERT INTO `ace_object` (`baseAceObjectId`, `weenieClassId`, `landblock`, `cell`, `posX`, `posY`, `posZ`, `qW`, `qX`, `qY`, `qZ`)
VALUES (3626606464, 11223, 9408, 2, 13.56544, 28.55703, 141.5661, 1, 0, 0, 0);

INSERT INTO `base_ace_object` (`baseAceObjectId`, `name`, `typeId`, `paletteId`, `ammoType`, `blipColor`, `bitField`, `burden`, `combatUse`, `cooldownDuration`, `cooldownId`, `effects`, `containersCapacity`, `header`, `hookTypeId`, `iconId`, `iconOverlayId`, `iconUnderlayId`, `hookItemTypes`, `itemsCapacity`, `location`, `materialType`, `maxStackSize`, `maxStructure`, `radar`, `pscript`, `spellId`, `stackSize`, `structure`, `targetTypeId`, `usability`, `useRadius`, `validLocations`, `value`, `workmanship`, `animationFrameId`, `defaultScript`, `defaultScriptIntensity`, `elasticity`, `friction`, `locationId`, `modelTableId`, `objectScale`, `physicsBitField`, `physicsTableId`, `motionTableId`, `soundTableId`, `physicsState`, `translucency`)
VALUES (2004959232, 'Tanada House of Water', 65536, 0, 0, 0, 262164, 0, 0, 0, 0, 0, 0, 8388656, 0, 100667499, 0, 0, 0, 0, 0, 0, 0, 0, 4, 0, 0, 0, 0, 0, 32, -0.1, 0, 0, 0, 0, 0, 0, 0, 0, 0, 33555925, 0, 98307, 0, 150994947, 0, 3084, 0);

INSERT INTO `ace_object` (`baseAceObjectId`, `weenieClassId`, `landblock`, `cell`, `posX`, `posY`, `posZ`, `qW`, `qX`, `qY`, `qZ`)
VALUES (2004959232, 35318, 30740, 15, 44, 148, 5.603666, 0.7071068, 0, 0, -0.7071068);

INSERT INTO `base_ace_object` (`baseAceObjectId`, `name`, `typeId`, `paletteId`, `ammoType`, `blipColor`, `bitField`, `burden`, `combatUse`, `cooldownDuration`, `cooldownId`, `effects`, `containersCapacity`, `header`, `hookTypeId`, `iconId`, `iconOverlayId`, `iconUnderlayId`, `hookItemTypes`, `itemsCapacity`, `location`, `materialType`, `maxStackSize`, `maxStructure`, `radar`, `pscript`, `spellId`, `stackSize`, `structure`, `targetTypeId`, `usability`, `useRadius`, `validLocations`, `value`, `workmanship`, `animationFrameId`, `defaultScript`, `defaultScriptIntensity`, `elasticity`, `friction`, `locationId`, `modelTableId`, `objectScale`, `physicsBitField`, `physicsTableId`, `motionTableId`, `soundTableId`, `physicsState`, `translucency`)
VALUES (3628263041, 'Qalaba''r Portal', 65536, 0, 0, 0, 262164, 0, 0, 0, 0, 0, 0, 8388656, 0, 100667499, 0, 0, 0, 0, 0, 0, 0, 0, 4, 0, 0, 0, 0, 0, 32, -0.1, 0, 0, 0, 0, 0, 0, 0, 0, 0, 33554867, 0, 98307, 0, 150994947, 0, 3084, 0);

INSERT INTO `ace_object` (`baseAceObjectId`, `weenieClassId`, `landblock`, `cell`, `posX`, `posY`, `posZ`, `qW`, `qX`, `qY`, `qZ`)
VALUES (3628263041, 42833, 15411, 13, 34.52723, 100.8798, 169.0394, 1, 0, 0, 0);

INSERT INTO `base_ace_object` (`baseAceObjectId`, `name`, `typeId`, `paletteId`, `ammoType`, `blipColor`, `bitField`, `burden`, `combatUse`, `cooldownDuration`, `cooldownId`, `effects`, `containersCapacity`, `header`, `hookTypeId`, `iconId`, `iconOverlayId`, `iconUnderlayId`, `hookItemTypes`, `itemsCapacity`, `location`, `materialType`, `maxStackSize`, `maxStructure`, `radar`, `pscript`, `spellId`, `stackSize`, `structure`, `targetTypeId`, `usability`, `useRadius`, `validLocations`, `value`, `workmanship`, `animationFrameId`, `defaultScript`, `defaultScriptIntensity`, `elasticity`, `friction`, `locationId`, `modelTableId`, `objectScale`, `physicsBitField`, `physicsTableId`, `motionTableId`, `soundTableId`, `physicsState`, `translucency`)
VALUES (1977897068, 'Lower Corridor', 65536, 0, 0, 0, 262164, 0, 0, 0, 0, 0, 0, 8388656, 0, 100667499, 0, 0, 0, 0, 0, 0, 0, 0, 4, 0, 0, 0, 0, 0, 32, -0.1, 0, 0, 0, 0, 0, 0, 0, 0, 0, 33554867, 0, 98307, 0, 150994947, 0, 3084, 0);

INSERT INTO `ace_object` (`baseAceObjectId`, `weenieClassId`, `landblock`, `cell`, `posX`, `posY`, `posZ`, `qW`, `qX`, `qY`, `qZ`)
VALUES (1977897068, 24331, 24133, 256, 83.4394, -90.1587, -48.063, 0.7259838, 0, 0, -0.6877118);

INSERT INTO `base_ace_object` (`baseAceObjectId`, `name`, `typeId`, `paletteId`, `ammoType`, `blipColor`, `bitField`, `burden`, `combatUse`, `cooldownDuration`, `cooldownId`, `effects`, `containersCapacity`, `header`, `hookTypeId`, `iconId`, `iconOverlayId`, `iconUnderlayId`, `hookItemTypes`, `itemsCapacity`, `location`, `materialType`, `maxStackSize`, `maxStructure`, `radar`, `pscript`, `spellId`, `stackSize`, `structure`, `targetTypeId`, `usability`, `useRadius`, `validLocations`, `value`, `workmanship`, `animationFrameId`, `defaultScript`, `defaultScriptIntensity`, `elasticity`, `friction`, `locationId`, `modelTableId`, `objectScale`, `physicsBitField`, `physicsTableId`, `motionTableId`, `soundTableId`, `physicsState`, `translucency`)
VALUES (1981038735, 'Upper Corridor', 65536, 0, 0, 0, 262164, 0, 0, 0, 0, 0, 0, 8388656, 0, 100667499, 0, 0, 0, 0, 0, 0, 0, 0, 4, 0, 0, 0, 0, 0, 32, -0.1, 0, 0, 0, 0, 0, 0, 0, 0, 0, 33554867, 0, 98307, 0, 150994947, 0, 3084, 0);

INSERT INTO `ace_object` (`baseAceObjectId`, `weenieClassId`, `landblock`, `cell`, `posX`, `posY`, `posZ`, `qW`, `qX`, `qY`, `qZ`)
VALUES (1981038735, 24333, 24900, 952, 106.475, -69.8822, -30.063, -0.7207157, 0, 0, 0.6932307);

INSERT INTO `base_ace_object` (`baseAceObjectId`, `name`, `typeId`, `paletteId`, `ammoType`, `blipColor`, `bitField`, `burden`, `combatUse`, `cooldownDuration`, `cooldownId`, `effects`, `containersCapacity`, `header`, `hookTypeId`, `iconId`, `iconOverlayId`, `iconUnderlayId`, `hookItemTypes`, `itemsCapacity`, `location`, `materialType`, `maxStackSize`, `maxStructure`, `radar`, `pscript`, `spellId`, `stackSize`, `structure`, `targetTypeId`, `usability`, `useRadius`, `validLocations`, `value`, `workmanship`, `animationFrameId`, `defaultScript`, `defaultScriptIntensity`, `elasticity`, `friction`, `locationId`, `modelTableId`, `objectScale`, `physicsBitField`, `physicsTableId`, `motionTableId`, `soundTableId`, `physicsState`, `translucency`)
VALUES (1976860747, 'Inner Sanctum', 65536, 0, 0, 0, 262164, 0, 0, 0, 0, 0, 0, 8388656, 0, 100667499, 0, 0, 0, 0, 0, 0, 0, 0, 4, 0, 0, 0, 0, 0, 32, -0.1, 0, 0, 0, 0, 0, 0, 0, 0, 0, 33554867, 0, 98307, 0, 150994947, 0, 3084, 0);

INSERT INTO `ace_object` (`baseAceObjectId`, `weenieClassId`, `landblock`, `cell`, `posX`, `posY`, `posZ`, `qW`, `qX`, `qY`, `qZ`)
VALUES (1976860747, 22762, 23880, 258, 26.3725, -53.6409, -0.06299996, -0.3826829, 0, 0, -0.9238797);

INSERT INTO `base_ace_object` (`baseAceObjectId`, `name`, `typeId`, `paletteId`, `ammoType`, `blipColor`, `bitField`, `burden`, `combatUse`, `cooldownDuration`, `cooldownId`, `effects`, `containersCapacity`, `header`, `hookTypeId`, `iconId`, `iconOverlayId`, `iconUnderlayId`, `hookItemTypes`, `itemsCapacity`, `location`, `materialType`, `maxStackSize`, `maxStructure`, `radar`, `pscript`, `spellId`, `stackSize`, `structure`, `targetTypeId`, `usability`, `useRadius`, `validLocations`, `value`, `workmanship`, `animationFrameId`, `defaultScript`, `defaultScriptIntensity`, `elasticity`, `friction`, `locationId`, `modelTableId`, `objectScale`, `physicsBitField`, `physicsTableId`, `motionTableId`, `soundTableId`, `physicsState`, `translucency`)
VALUES (1976860748, 'Inner Sanctum', 65536, 0, 0, 0, 262164, 0, 0, 0, 0, 0, 0, 8388656, 0, 100667499, 0, 0, 0, 0, 0, 0, 0, 0, 4, 0, 0, 0, 0, 0, 32, -0.1, 0, 0, 0, 0, 0, 0, 0, 0, 0, 33554867, 0, 98307, 0, 150994947, 0, 3084, 0);

INSERT INTO `ace_object` (`baseAceObjectId`, `weenieClassId`, `landblock`, `cell`, `posX`, `posY`, `posZ`, `qW`, `qX`, `qY`, `qZ`)
VALUES (1976860748, 22762, 23880, 259, 46.3725, -53.6409, -0.06299996, -0.3826829, 0, 0, -0.9238797);

INSERT INTO `base_ace_object` (`baseAceObjectId`, `name`, `typeId`, `paletteId`, `ammoType`, `blipColor`, `bitField`, `burden`, `combatUse`, `cooldownDuration`, `cooldownId`, `effects`, `containersCapacity`, `header`, `hookTypeId`, `iconId`, `iconOverlayId`, `iconUnderlayId`, `hookItemTypes`, `itemsCapacity`, `location`, `materialType`, `maxStackSize`, `maxStructure`, `radar`, `pscript`, `spellId`, `stackSize`, `structure`, `targetTypeId`, `usability`, `useRadius`, `validLocations`, `value`, `workmanship`, `animationFrameId`, `defaultScript`, `defaultScriptIntensity`, `elasticity`, `friction`, `locationId`, `modelTableId`, `objectScale`, `physicsBitField`, `physicsTableId`, `motionTableId`, `soundTableId`, `physicsState`, `translucency`)
VALUES (1976860746, 'Inner Sanctum', 65536, 0, 0, 0, 262164, 0, 0, 0, 0, 0, 0, 8388656, 0, 100667499, 0, 0, 0, 0, 0, 0, 0, 0, 4, 0, 0, 0, 0, 0, 32, -0.1, 0, 0, 0, 0, 0, 0, 0, 0, 0, 33554867, 0, 98307, 0, 150994947, 0, 3084, 0);

INSERT INTO `ace_object` (`baseAceObjectId`, `weenieClassId`, `landblock`, `cell`, `posX`, `posY`, `posZ`, `qW`, `qX`, `qY`, `qZ`)
VALUES (1976860746, 22762, 23880, 257, 16.3725, -53.6409, -0.06299996, -0.3826829, 0, 0, -0.9238797);

INSERT INTO `base_ace_object` (`baseAceObjectId`, `name`, `typeId`, `paletteId`, `ammoType`, `blipColor`, `bitField`, `burden`, `combatUse`, `cooldownDuration`, `cooldownId`, `effects`, `containersCapacity`, `header`, `hookTypeId`, `iconId`, `iconOverlayId`, `iconUnderlayId`, `hookItemTypes`, `itemsCapacity`, `location`, `materialType`, `maxStackSize`, `maxStructure`, `radar`, `pscript`, `spellId`, `stackSize`, `structure`, `targetTypeId`, `usability`, `useRadius`, `validLocations`, `value`, `workmanship`, `animationFrameId`, `defaultScript`, `defaultScriptIntensity`, `elasticity`, `friction`, `locationId`, `modelTableId`, `objectScale`, `physicsBitField`, `physicsTableId`, `motionTableId`, `soundTableId`, `physicsState`, `translucency`)
VALUES (1976860745, 'Inner Sanctum', 65536, 0, 0, 0, 262164, 0, 0, 0, 0, 0, 0, 8388656, 0, 100667499, 0, 0, 0, 0, 0, 0, 0, 0, 4, 0, 0, 0, 0, 0, 32, -0.1, 0, 0, 0, 0, 0, 0, 0, 0, 0, 33554867, 0, 98307, 0, 150994947, 0, 3084, 0);

INSERT INTO `ace_object` (`baseAceObjectId`, `weenieClassId`, `landblock`, `cell`, `posX`, `posY`, `posZ`, `qW`, `qX`, `qY`, `qZ`)
VALUES (1976860745, 22761, 23880, 256, -3.62747, -53.6409, -0.06299996, -0.3826829, 0, 0, -0.9238797);

INSERT INTO `base_ace_object` (`baseAceObjectId`, `name`, `typeId`, `paletteId`, `ammoType`, `blipColor`, `bitField`, `burden`, `combatUse`, `cooldownDuration`, `cooldownId`, `effects`, `containersCapacity`, `header`, `hookTypeId`, `iconId`, `iconOverlayId`, `iconUnderlayId`, `hookItemTypes`, `itemsCapacity`, `location`, `materialType`, `maxStackSize`, `maxStructure`, `radar`, `pscript`, `spellId`, `stackSize`, `structure`, `targetTypeId`, `usability`, `useRadius`, `validLocations`, `value`, `workmanship`, `animationFrameId`, `defaultScript`, `defaultScriptIntensity`, `elasticity`, `friction`, `locationId`, `modelTableId`, `objectScale`, `physicsBitField`, `physicsTableId`, `motionTableId`, `soundTableId`, `physicsState`, `translucency`)
VALUES (2011246592, 'Destroyed Mayoi Portal', 65536, 0, 0, 0, 262164, 0, 0, 0, 0, 0, 0, 48, 0, 100667499, 0, 0, 0, 0, 0, 0, 0, 0, 0, 0, 0, 0, 0, 0, 1, -0.1, 0, 0, 0, 0, 0, 0, 0, 0, 0, 33561060, 0, 98307, 0, 150995314, 0, 3092, 0);

INSERT INTO `ace_object` (`baseAceObjectId`, `weenieClassId`, `landblock`, `cell`, `posX`, `posY`, `posZ`, `qW`, `qX`, `qY`, `qZ`)
VALUES (2011246592, 1022, 32275, 38, 107.843, 137.821, 3.275253, -0.6527002, 0, 0, -0.7576163);

INSERT INTO `base_ace_object` (`baseAceObjectId`, `name`, `typeId`, `paletteId`, `ammoType`, `blipColor`, `bitField`, `burden`, `combatUse`, `cooldownDuration`, `cooldownId`, `effects`, `containersCapacity`, `header`, `hookTypeId`, `iconId`, `iconOverlayId`, `iconUnderlayId`, `hookItemTypes`, `itemsCapacity`, `location`, `materialType`, `maxStackSize`, `maxStructure`, `radar`, `pscript`, `spellId`, `stackSize`, `structure`, `targetTypeId`, `usability`, `useRadius`, `validLocations`, `value`, `workmanship`, `animationFrameId`, `defaultScript`, `defaultScriptIntensity`, `elasticity`, `friction`, `locationId`, `modelTableId`, `objectScale`, `physicsBitField`, `physicsTableId`, `motionTableId`, `soundTableId`, `physicsState`, `translucency`)
VALUES (3630080325, 'Hilltop', 65536, 0, 0, 0, 262164, 0, 0, 0, 0, 0, 0, 8388656, 0, 100667499, 0, 0, 0, 0, 0, 0, 0, 0, 4, 0, 0, 0, 0, 0, 32, -0.1, 0, 0, 0, 0, 0, 0, 0, 0, 0, 33554867, 0, 98307, 0, 150994947, 0, 3084, 0);

INSERT INTO `ace_object` (`baseAceObjectId`, `weenieClassId`, `landblock`, `cell`, `posX`, `posY`, `posZ`, `qW`, `qX`, `qY`, `qZ`)
VALUES (3630080325, 1902, 11538, 56, 157.3594, 181.1819, 12.14877, 1, 0, 0, 0);

INSERT INTO `base_ace_object` (`baseAceObjectId`, `name`, `typeId`, `paletteId`, `ammoType`, `blipColor`, `bitField`, `burden`, `combatUse`, `cooldownDuration`, `cooldownId`, `effects`, `containersCapacity`, `header`, `hookTypeId`, `iconId`, `iconOverlayId`, `iconUnderlayId`, `hookItemTypes`, `itemsCapacity`, `location`, `materialType`, `maxStackSize`, `maxStructure`, `radar`, `pscript`, `spellId`, `stackSize`, `structure`, `targetTypeId`, `usability`, `useRadius`, `validLocations`, `value`, `workmanship`, `animationFrameId`, `defaultScript`, `defaultScriptIntensity`, `elasticity`, `friction`, `locationId`, `modelTableId`, `objectScale`, `physicsBitField`, `physicsTableId`, `motionTableId`, `soundTableId`, `physicsState`, `translucency`)
VALUES (3630098644, 'Mayoi Portal', 65536, 0, 0, 0, 262164, 0, 0, 0, 0, 0, 0, 8388656, 0, 100667499, 0, 0, 0, 0, 0, 0, 0, 0, 4, 0, 0, 0, 0, 0, 32, -0.1, 0, 0, 0, 0, 0, 0, 0, 0, 0, 33554867, 0, 98307, 0, 150994947, 0, 3084, 0);

INSERT INTO `ace_object` (`baseAceObjectId`, `weenieClassId`, `landblock`, `cell`, `posX`, `posY`, `posZ`, `qW`, `qX`, `qY`, `qZ`)
VALUES (3630098644, 42842, 11279, 51, 149.9745, 59.17968, 11.80028, 1, 0, 0, 0);

INSERT INTO `base_ace_object` (`baseAceObjectId`, `name`, `typeId`, `paletteId`, `ammoType`, `blipColor`, `bitField`, `burden`, `combatUse`, `cooldownDuration`, `cooldownId`, `effects`, `containersCapacity`, `header`, `hookTypeId`, `iconId`, `iconOverlayId`, `iconUnderlayId`, `hookItemTypes`, `itemsCapacity`, `location`, `materialType`, `maxStackSize`, `maxStructure`, `radar`, `pscript`, `spellId`, `stackSize`, `structure`, `targetTypeId`, `usability`, `useRadius`, `validLocations`, `value`, `workmanship`, `animationFrameId`, `defaultScript`, `defaultScriptIntensity`, `elasticity`, `friction`, `locationId`, `modelTableId`, `objectScale`, `physicsBitField`, `physicsTableId`, `motionTableId`, `soundTableId`, `physicsState`, `translucency`)
VALUES (3630004815, 'Portal to Hebian-To', 65536, 0, 0, 0, 262164, 0, 0, 0, 0, 0, 0, 8388656, 0, 100667499, 0, 0, 0, 0, 0, 0, 0, 0, 4, 0, 0, 0, 0, 0, 32, -0.1, 0, 0, 0, 0, 0, 0, 0, 0, 0, 33554867, 0, 98307, 0, 150994947, 0, 3084, 0);

INSERT INTO `ace_object` (`baseAceObjectId`, `weenieClassId`, `landblock`, `cell`, `posX`, `posY`, `posZ`, `qW`, `qX`, `qY`, `qZ`)
VALUES (3630004815, 42846, 12816, 2, 21.88729, 25.36819, 56.73512, 1, 0, 0, 0);

INSERT INTO `base_ace_object` (`baseAceObjectId`, `name`, `typeId`, `paletteId`, `ammoType`, `blipColor`, `bitField`, `burden`, `combatUse`, `cooldownDuration`, `cooldownId`, `effects`, `containersCapacity`, `header`, `hookTypeId`, `iconId`, `iconOverlayId`, `iconUnderlayId`, `hookItemTypes`, `itemsCapacity`, `location`, `materialType`, `maxStackSize`, `maxStructure`, `radar`, `pscript`, `spellId`, `stackSize`, `structure`, `targetTypeId`, `usability`, `useRadius`, `validLocations`, `value`, `workmanship`, `animationFrameId`, `defaultScript`, `defaultScriptIntensity`, `elasticity`, `friction`, `locationId`, `modelTableId`, `objectScale`, `physicsBitField`, `physicsTableId`, `motionTableId`, `soundTableId`, `physicsState`, `translucency`)
VALUES (3629721242, 'Tufa Portal', 65536, 0, 0, 0, 262164, 0, 0, 0, 0, 0, 0, 8388656, 0, 100667499, 0, 0, 0, 0, 0, 0, 0, 0, 4, 0, 0, 0, 0, 0, 32, -0.1, 0, 0, 0, 0, 0, 0, 0, 0, 0, 33554867, 0, 98307, 0, 150994947, 0, 3084, 0);

INSERT INTO `ace_object` (`baseAceObjectId`, `weenieClassId`, `landblock`, `cell`, `posX`, `posY`, `posZ`, `qW`, `qX`, `qY`, `qZ`)
VALUES (3629721242, 42829, 13846, 57, 181.7571, 13.78734, 10.78806, 1, 0, 0, 0);

INSERT INTO `base_ace_object` (`baseAceObjectId`, `name`, `typeId`, `paletteId`, `ammoType`, `blipColor`, `bitField`, `burden`, `combatUse`, `cooldownDuration`, `cooldownId`, `effects`, `containersCapacity`, `header`, `hookTypeId`, `iconId`, `iconOverlayId`, `iconUnderlayId`, `hookItemTypes`, `itemsCapacity`, `location`, `materialType`, `maxStackSize`, `maxStructure`, `radar`, `pscript`, `spellId`, `stackSize`, `structure`, `targetTypeId`, `usability`, `useRadius`, `validLocations`, `value`, `workmanship`, `animationFrameId`, `defaultScript`, `defaultScriptIntensity`, `elasticity`, `friction`, `locationId`, `modelTableId`, `objectScale`, `physicsBitField`, `physicsTableId`, `motionTableId`, `soundTableId`, `physicsState`, `translucency`)
VALUES (1882832942, 'Surface Portal', 65536, 0, 0, 0, 262164, 0, 0, 0, 0, 0, 0, 8388656, 0, 100667499, 0, 0, 0, 0, 0, 0, 0, 0, 4, 0, 0, 0, 0, 0, 32, -0.1, 0, 0, 0, 0, 0, 0, 0, 0, 0, 33554867, 0, 98307, 0, 150994947, 0, 3084, 0);

INSERT INTO `ace_object` (`baseAceObjectId`, `weenieClassId`, `landblock`, `cell`, `posX`, `posY`, `posZ`, `qW`, `qX`, `qY`, `qZ`)
VALUES (1882832942, 12697, 924, 502, 31.7322, 1.63691, -0.06299996, -0.9254487, 0, 0, 0.3788729);

INSERT INTO `base_ace_object` (`baseAceObjectId`, `name`, `typeId`, `paletteId`, `ammoType`, `blipColor`, `bitField`, `burden`, `combatUse`, `cooldownDuration`, `cooldownId`, `effects`, `containersCapacity`, `header`, `hookTypeId`, `iconId`, `iconOverlayId`, `iconUnderlayId`, `hookItemTypes`, `itemsCapacity`, `location`, `materialType`, `maxStackSize`, `maxStructure`, `radar`, `pscript`, `spellId`, `stackSize`, `structure`, `targetTypeId`, `usability`, `useRadius`, `validLocations`, `value`, `workmanship`, `animationFrameId`, `defaultScript`, `defaultScriptIntensity`, `elasticity`, `friction`, `locationId`, `modelTableId`, `objectScale`, `physicsBitField`, `physicsTableId`, `motionTableId`, `soundTableId`, `physicsState`, `translucency`)
VALUES (1882095686, 'Surface Portal', 65536, 0, 0, 0, 262164, 0, 0, 0, 0, 0, 0, 8388656, 0, 100667499, 0, 0, 0, 0, 0, 0, 0, 0, 4, 0, 0, 0, 0, 0, 32, -0.1, 0, 0, 0, 0, 0, 0, 0, 0, 0, 33554867, 0, 98307, 0, 150994947, 0, 3084, 0);

INSERT INTO `ace_object` (`baseAceObjectId`, `weenieClassId`, `landblock`, `cell`, `posX`, `posY`, `posZ`, `qW`, `qX`, `qY`, `qZ`)
VALUES (1882095686, 7611, 744, 568, 80, -547, -0.06299996, 1, 0, 0, -4.37114E-08);

INSERT INTO `base_ace_object` (`baseAceObjectId`, `name`, `typeId`, `paletteId`, `ammoType`, `blipColor`, `bitField`, `burden`, `combatUse`, `cooldownDuration`, `cooldownId`, `effects`, `containersCapacity`, `header`, `hookTypeId`, `iconId`, `iconOverlayId`, `iconUnderlayId`, `hookItemTypes`, `itemsCapacity`, `location`, `materialType`, `maxStackSize`, `maxStructure`, `radar`, `pscript`, `spellId`, `stackSize`, `structure`, `targetTypeId`, `usability`, `useRadius`, `validLocations`, `value`, `workmanship`, `animationFrameId`, `defaultScript`, `defaultScriptIntensity`, `elasticity`, `friction`, `locationId`, `modelTableId`, `objectScale`, `physicsBitField`, `physicsTableId`, `motionTableId`, `soundTableId`, `physicsState`, `translucency`)
VALUES (3304182564, 'Humid Hovel', 65536, 0, 0, 0, 262164, 0, 0, 0, 0, 0, 0, 8388656, 0, 100667499, 0, 0, 0, 0, 0, 0, 0, 0, 4, 0, 0, 0, 0, 0, 32, -0.1, 0, 0, 0, 0, 0, 0, 0, 0, 0, 33555922, 0, 98307, 0, 150994947, 0, 3084, 0);

INSERT INTO `ace_object` (`baseAceObjectId`, `weenieClassId`, `landblock`, `cell`, `posX`, `posY`, `posZ`, `qW`, `qX`, `qY`, `qZ`)
VALUES (3304182564, 29102, 13787, 256, 85.094, 76.103, 16.737, 0.189892, 0, 0, -0.981805);

INSERT INTO `base_ace_object` (`baseAceObjectId`, `name`, `typeId`, `paletteId`, `ammoType`, `blipColor`, `bitField`, `burden`, `combatUse`, `cooldownDuration`, `cooldownId`, `effects`, `containersCapacity`, `header`, `hookTypeId`, `iconId`, `iconOverlayId`, `iconUnderlayId`, `hookItemTypes`, `itemsCapacity`, `location`, `materialType`, `maxStackSize`, `maxStructure`, `radar`, `pscript`, `spellId`, `stackSize`, `structure`, `targetTypeId`, `usability`, `useRadius`, `validLocations`, `value`, `workmanship`, `animationFrameId`, `defaultScript`, `defaultScriptIntensity`, `elasticity`, `friction`, `locationId`, `modelTableId`, `objectScale`, `physicsBitField`, `physicsTableId`, `motionTableId`, `soundTableId`, `physicsState`, `translucency`)
VALUES (1936584704, 'Portal to Silyun', 65536, 0, 0, 0, 262164, 0, 0, 0, 0, 0, 0, 48, 0, 100667499, 0, 0, 0, 0, 0, 0, 0, 0, 0, 0, 0, 0, 0, 0, 32, -0.1, 0, 0, 0, 0, 0, 0, 0, 0, 0, 33554867, 0, 98307, 0, 150994947, 0, 3084, 0);

INSERT INTO `ace_object` (`baseAceObjectId`, `weenieClassId`, `landblock`, `cell`, `posX`, `posY`, `posZ`, `qW`, `qX`, `qY`, `qZ`)
VALUES (1936584704, 28708, 14047, 2, 8.28619, 34.7938, -0.06299996, -0.8619949, 0, 0, 0.5069169);

INSERT INTO `base_ace_object` (`baseAceObjectId`, `name`, `typeId`, `paletteId`, `ammoType`, `blipColor`, `bitField`, `burden`, `combatUse`, `cooldownDuration`, `cooldownId`, `effects`, `containersCapacity`, `header`, `hookTypeId`, `iconId`, `iconOverlayId`, `iconUnderlayId`, `hookItemTypes`, `itemsCapacity`, `location`, `materialType`, `maxStackSize`, `maxStructure`, `radar`, `pscript`, `spellId`, `stackSize`, `structure`, `targetTypeId`, `usability`, `useRadius`, `validLocations`, `value`, `workmanship`, `animationFrameId`, `defaultScript`, `defaultScriptIntensity`, `elasticity`, `friction`, `locationId`, `modelTableId`, `objectScale`, `physicsBitField`, `physicsTableId`, `motionTableId`, `soundTableId`, `physicsState`, `translucency`)
VALUES (1936584705, 'Fiun Outpost', 65536, 0, 0, 0, 262164, 0, 0, 0, 0, 0, 0, 48, 0, 100667499, 0, 0, 0, 0, 0, 0, 0, 0, 0, 0, 0, 0, 0, 0, 32, -0.1, 0, 0, 0, 0, 0, 0, 0, 0, 0, 33555924, 0, 98307, 0, 150994947, 0, 3084, 0);

INSERT INTO `ace_object` (`baseAceObjectId`, `weenieClassId`, `landblock`, `cell`, `posX`, `posY`, `posZ`, `qW`, `qX`, `qY`, `qZ`)
VALUES (1936584705, 30381, 14047, 10, 35.6612, 40.0016, -0.06299996, -0.8733819, 0, 0, -0.487036);

INSERT INTO `base_ace_object` (`baseAceObjectId`, `name`, `typeId`, `paletteId`, `ammoType`, `blipColor`, `bitField`, `burden`, `combatUse`, `cooldownDuration`, `cooldownId`, `effects`, `containersCapacity`, `header`, `hookTypeId`, `iconId`, `iconOverlayId`, `iconUnderlayId`, `hookItemTypes`, `itemsCapacity`, `location`, `materialType`, `maxStackSize`, `maxStructure`, `radar`, `pscript`, `spellId`, `stackSize`, `structure`, `targetTypeId`, `usability`, `useRadius`, `validLocations`, `value`, `workmanship`, `animationFrameId`, `defaultScript`, `defaultScriptIntensity`, `elasticity`, `friction`, `locationId`, `modelTableId`, `objectScale`, `physicsBitField`, `physicsTableId`, `motionTableId`, `soundTableId`, `physicsState`, `translucency`)
VALUES (3631907388, 'North Direlands Valley Junction', 65536, 0, 0, 0, 262164, 0, 0, 0, 0, 0, 0, 8388656, 0, 100667499, 0, 0, 0, 0, 0, 0, 0, 0, 4, 0, 0, 0, 0, 0, 32, -0.1, 0, 0, 0, 0, 0, 0, 0, 0, 0, 33555926, 0, 98307, 0, 150994947, 0, 3084, 0);

INSERT INTO `ace_object` (`baseAceObjectId`, `weenieClassId`, `landblock`, `cell`, `posX`, `posY`, `posZ`, `qW`, `qX`, `qY`, `qZ`)
VALUES (3631907388, 8387, 37073, 4, 7.685548, 88.18462, 277.837, 0.9537169, 0, 0, -0.3007058);

INSERT INTO `base_ace_object` (`baseAceObjectId`, `name`, `typeId`, `paletteId`, `ammoType`, `blipColor`, `bitField`, `burden`, `combatUse`, `cooldownDuration`, `cooldownId`, `effects`, `containersCapacity`, `header`, `hookTypeId`, `iconId`, `iconOverlayId`, `iconUnderlayId`, `hookItemTypes`, `itemsCapacity`, `location`, `materialType`, `maxStackSize`, `maxStructure`, `radar`, `pscript`, `spellId`, `stackSize`, `structure`, `targetTypeId`, `usability`, `useRadius`, `validLocations`, `value`, `workmanship`, `animationFrameId`, `defaultScript`, `defaultScriptIntensity`, `elasticity`, `friction`, `locationId`, `modelTableId`, `objectScale`, `physicsBitField`, `physicsTableId`, `motionTableId`, `soundTableId`, `physicsState`, `translucency`)
VALUES (2021167104, 'Mysterious Cave Portal', 65536, 0, 0, 0, 262164, 0, 0, 0, 0, 0, 0, 8388656, 0, 100667499, 0, 0, 0, 0, 0, 0, 0, 0, 4, 0, 0, 0, 0, 0, 32, -0.1, 0, 0, 0, 0, 0, 0, 0, 0, 0, 33555923, 0, 98307, 0, 150994947, 0, 3084, 0);

INSERT INTO `ace_object` (`baseAceObjectId`, `weenieClassId`, `landblock`, `cell`, `posX`, `posY`, `posZ`, `qW`, `qX`, `qY`, `qZ`)
VALUES (2021167104, 5511, 34697, 41, 125.379, 12.7966, 72.38525, 0.9573358, 0, 0, 0.2889779);

INSERT INTO `base_ace_object` (`baseAceObjectId`, `name`, `typeId`, `paletteId`, `ammoType`, `blipColor`, `bitField`, `burden`, `combatUse`, `cooldownDuration`, `cooldownId`, `effects`, `containersCapacity`, `header`, `hookTypeId`, `iconId`, `iconOverlayId`, `iconUnderlayId`, `hookItemTypes`, `itemsCapacity`, `location`, `materialType`, `maxStackSize`, `maxStructure`, `radar`, `pscript`, `spellId`, `stackSize`, `structure`, `targetTypeId`, `usability`, `useRadius`, `validLocations`, `value`, `workmanship`, `animationFrameId`, `defaultScript`, `defaultScriptIntensity`, `elasticity`, `friction`, `locationId`, `modelTableId`, `objectScale`, `physicsBitField`, `physicsTableId`, `motionTableId`, `soundTableId`, `physicsState`, `translucency`)
VALUES (3631889544, 'Direlands North Landbridge Portal', 65536, 0, 0, 0, 262164, 0, 0, 0, 0, 0, 0, 8388656, 0, 100667499, 0, 0, 0, 0, 0, 0, 0, 0, 4, 0, 0, 0, 0, 0, 32, -0.1, 0, 0, 0, 0, 0, 0, 0, 0, 0, 33555926, 0, 98307, 0, 150994947, 0, 3084, 0);

INSERT INTO `ace_object` (`baseAceObjectId`, `weenieClassId`, `landblock`, `cell`, `posX`, `posY`, `posZ`, `qW`, `qX`, `qY`, `qZ`)
VALUES (3631889544, 8389, 39973, 5, 13.18743, 116.1424, 97.94798, 0.9537169, 0, 0, -0.3007058);

INSERT INTO `base_ace_object` (`baseAceObjectId`, `name`, `typeId`, `paletteId`, `ammoType`, `blipColor`, `bitField`, `burden`, `combatUse`, `cooldownDuration`, `cooldownId`, `effects`, `containersCapacity`, `header`, `hookTypeId`, `iconId`, `iconOverlayId`, `iconUnderlayId`, `hookItemTypes`, `itemsCapacity`, `location`, `materialType`, `maxStackSize`, `maxStructure`, `radar`, `pscript`, `spellId`, `stackSize`, `structure`, `targetTypeId`, `usability`, `useRadius`, `validLocations`, `value`, `workmanship`, `animationFrameId`, `defaultScript`, `defaultScriptIntensity`, `elasticity`, `friction`, `locationId`, `modelTableId`, `objectScale`, `physicsBitField`, `physicsTableId`, `motionTableId`, `soundTableId`, `physicsState`, `translucency`)
VALUES (1879474234, 'Surface', 65536, 0, 0, 0, 262164, 0, 0, 0, 0, 0, 0, 8388656, 0, 100667499, 0, 0, 0, 0, 0, 0, 0, 0, 4, 0, 0, 0, 0, 0, 32, -0.1, 0, 0, 0, 0, 0, 0, 0, 0, 0, 33554867, 0, 98307, 0, 150994947, 0, 3084, 0);

INSERT INTO `ace_object` (`baseAceObjectId`, `weenieClassId`, `landblock`, `cell`, `posX`, `posY`, `posZ`, `qW`, `qX`, `qY`, `qZ`)
VALUES (1879474234, 32711, 104, 391, 39.8678, -156.974, -0.06299996, 0.006028999, 0, 0, -0.9999818);

INSERT INTO `base_ace_object` (`baseAceObjectId`, `name`, `typeId`, `paletteId`, `ammoType`, `blipColor`, `bitField`, `burden`, `combatUse`, `cooldownDuration`, `cooldownId`, `effects`, `containersCapacity`, `header`, `hookTypeId`, `iconId`, `iconOverlayId`, `iconUnderlayId`, `hookItemTypes`, `itemsCapacity`, `location`, `materialType`, `maxStackSize`, `maxStructure`, `radar`, `pscript`, `spellId`, `stackSize`, `structure`, `targetTypeId`, `usability`, `useRadius`, `validLocations`, `value`, `workmanship`, `animationFrameId`, `defaultScript`, `defaultScriptIntensity`, `elasticity`, `friction`, `locationId`, `modelTableId`, `objectScale`, `physicsBitField`, `physicsTableId`, `motionTableId`, `soundTableId`, `physicsState`, `translucency`)
VALUES (1881919508, 'Surface', 65536, 0, 0, 0, 262164, 0, 0, 0, 0, 0, 0, 8388656, 0, 100667499, 0, 0, 0, 0, 0, 0, 0, 0, 4, 0, 0, 0, 0, 0, 32, -0.1, 0, 0, 0, 0, 0, 0, 0, 0, 0, 33554867, 0, 98307, 0, 150994947, 0, 3084, 0);

INSERT INTO `ace_object` (`baseAceObjectId`, `weenieClassId`, `landblock`, `cell`, `posX`, `posY`, `posZ`, `qW`, `qX`, `qY`, `qZ`)
VALUES (1881919508, 8485, 701, 363, 52, -52, -0.06299996, -0.9238797, 0, 0, -0.3826829);

INSERT INTO `base_ace_object` (`baseAceObjectId`, `name`, `typeId`, `paletteId`, `ammoType`, `blipColor`, `bitField`, `burden`, `combatUse`, `cooldownDuration`, `cooldownId`, `effects`, `containersCapacity`, `header`, `hookTypeId`, `iconId`, `iconOverlayId`, `iconUnderlayId`, `hookItemTypes`, `itemsCapacity`, `location`, `materialType`, `maxStackSize`, `maxStructure`, `radar`, `pscript`, `spellId`, `stackSize`, `structure`, `targetTypeId`, `usability`, `useRadius`, `validLocations`, `value`, `workmanship`, `animationFrameId`, `defaultScript`, `defaultScriptIntensity`, `elasticity`, `friction`, `locationId`, `modelTableId`, `objectScale`, `physicsBitField`, `physicsTableId`, `motionTableId`, `soundTableId`, `physicsState`, `translucency`)
VALUES (1880588365, 'Exit to Surface', 65536, 0, 0, 0, 262164, 0, 0, 0, 0, 0, 0, 8388656, 0, 100667499, 0, 0, 0, 0, 0, 0, 0, 0, 4, 0, 0, 0, 0, 0, 32, -0.1, 0, 0, 0, 0, 0, 0, 0, 0, 0, 33554867, 0, 98307, 0, 150994947, 0, 3084, 0);

INSERT INTO `ace_object` (`baseAceObjectId`, `weenieClassId`, `landblock`, `cell`, `posX`, `posY`, `posZ`, `qW`, `qX`, `qY`, `qZ`)
VALUES (1880588365, 28260, 376, 582, 80, 0, 5.937, 1, 0, 0, -4.37114E-08);

INSERT INTO `base_ace_object` (`baseAceObjectId`, `name`, `typeId`, `paletteId`, `ammoType`, `blipColor`, `bitField`, `burden`, `combatUse`, `cooldownDuration`, `cooldownId`, `effects`, `containersCapacity`, `header`, `hookTypeId`, `iconId`, `iconOverlayId`, `iconUnderlayId`, `hookItemTypes`, `itemsCapacity`, `location`, `materialType`, `maxStackSize`, `maxStructure`, `radar`, `pscript`, `spellId`, `stackSize`, `structure`, `targetTypeId`, `usability`, `useRadius`, `validLocations`, `value`, `workmanship`, `animationFrameId`, `defaultScript`, `defaultScriptIntensity`, `elasticity`, `friction`, `locationId`, `modelTableId`, `objectScale`, `physicsBitField`, `physicsTableId`, `motionTableId`, `soundTableId`, `physicsState`, `translucency`)
VALUES (1881935884, 'Surface Portal', 65536, 0, 0, 0, 262164, 0, 0, 0, 0, 0, 0, 8388656, 0, 100667499, 0, 0, 0, 0, 0, 0, 0, 0, 4, 0, 0, 0, 0, 0, 32, -0.1, 0, 0, 0, 0, 0, 0, 0, 0, 0, 33554867, 0, 98307, 0, 150994947, 0, 3084, 0);

INSERT INTO `ace_object` (`baseAceObjectId`, `weenieClassId`, `landblock`, `cell`, `posX`, `posY`, `posZ`, `qW`, `qX`, `qY`, `qZ`)
VALUES (1881935884, 8475, 705, 373, 120, -20, 5.937, 0.7071068, 0, 0, -0.7071068);

INSERT INTO `base_ace_object` (`baseAceObjectId`, `name`, `typeId`, `paletteId`, `ammoType`, `blipColor`, `bitField`, `burden`, `combatUse`, `cooldownDuration`, `cooldownId`, `effects`, `containersCapacity`, `header`, `hookTypeId`, `iconId`, `iconOverlayId`, `iconUnderlayId`, `hookItemTypes`, `itemsCapacity`, `location`, `materialType`, `maxStackSize`, `maxStructure`, `radar`, `pscript`, `spellId`, `stackSize`, `structure`, `targetTypeId`, `usability`, `useRadius`, `validLocations`, `value`, `workmanship`, `animationFrameId`, `defaultScript`, `defaultScriptIntensity`, `elasticity`, `friction`, `locationId`, `modelTableId`, `objectScale`, `physicsBitField`, `physicsTableId`, `motionTableId`, `soundTableId`, `physicsState`, `translucency`)
VALUES (1880592422, 'Destroyed Portal to Xarabydun', 65536, 0, 0, 0, 262164, 0, 0, 0, 0, 0, 0, 48, 0, 100667499, 0, 0, 0, 0, 0, 0, 0, 0, 0, 0, 0, 0, 0, 0, 1, -0.1, 0, 0, 0, 0, 0, 0, 0, 0, 0, 33561060, 0, 98307, 0, 150995314, 0, 3092, 0);

INSERT INTO `ace_object` (`baseAceObjectId`, `weenieClassId`, `landblock`, `cell`, `posX`, `posY`, `posZ`, `qW`, `qX`, `qY`, `qZ`)
VALUES (1880592422, 26640, 377, 408, 96.8513, -140.046, 11.79017, -0.7177076, 0, 0, 0.6963446);

INSERT INTO `base_ace_object` (`baseAceObjectId`, `name`, `typeId`, `paletteId`, `ammoType`, `blipColor`, `bitField`, `burden`, `combatUse`, `cooldownDuration`, `cooldownId`, `effects`, `containersCapacity`, `header`, `hookTypeId`, `iconId`, `iconOverlayId`, `iconUnderlayId`, `hookItemTypes`, `itemsCapacity`, `location`, `materialType`, `maxStackSize`, `maxStructure`, `radar`, `pscript`, `spellId`, `stackSize`, `structure`, `targetTypeId`, `usability`, `useRadius`, `validLocations`, `value`, `workmanship`, `animationFrameId`, `defaultScript`, `defaultScriptIntensity`, `elasticity`, `friction`, `locationId`, `modelTableId`, `objectScale`, `physicsBitField`, `physicsTableId`, `motionTableId`, `soundTableId`, `physicsState`, `translucency`)
VALUES (1880592423, 'Destroyed Plateau Portal', 65536, 0, 0, 0, 262164, 0, 0, 0, 0, 0, 0, 48, 0, 100667499, 0, 0, 0, 0, 0, 0, 0, 0, 0, 0, 0, 0, 0, 0, 1, -0.1, 0, 0, 0, 0, 0, 0, 0, 0, 0, 33561060, 0, 98307, 0, 150995314, 0, 3092, 0);

INSERT INTO `ace_object` (`baseAceObjectId`, `weenieClassId`, `landblock`, `cell`, `posX`, `posY`, `posZ`, `qW`, `qX`, `qY`, `qZ`)
VALUES (1880592423, 4042, 377, 416, 96.6757, -160.108, 11.79017, -0.6956336, 0, 0, 0.7183967);

INSERT INTO `base_ace_object` (`baseAceObjectId`, `name`, `typeId`, `paletteId`, `ammoType`, `blipColor`, `bitField`, `burden`, `combatUse`, `cooldownDuration`, `cooldownId`, `effects`, `containersCapacity`, `header`, `hookTypeId`, `iconId`, `iconOverlayId`, `iconUnderlayId`, `hookItemTypes`, `itemsCapacity`, `location`, `materialType`, `maxStackSize`, `maxStructure`, `radar`, `pscript`, `spellId`, `stackSize`, `structure`, `targetTypeId`, `usability`, `useRadius`, `validLocations`, `value`, `workmanship`, `animationFrameId`, `defaultScript`, `defaultScriptIntensity`, `elasticity`, `friction`, `locationId`, `modelTableId`, `objectScale`, `physicsBitField`, `physicsTableId`, `motionTableId`, `soundTableId`, `physicsState`, `translucency`)
VALUES (1880592455, 'Freehold Portal', 65536, 0, 0, 0, 262164, 0, 0, 0, 0, 0, 0, 8388656, 0, 100667499, 0, 0, 0, 0, 0, 0, 0, 0, 4, 0, 0, 0, 0, 0, 32, -0.1, 0, 0, 0, 0, 0, 0, 0, 0, 0, 33554867, 0, 98307, 0, 150994947, 0, 3084, 0);

INSERT INTO `ace_object` (`baseAceObjectId`, `weenieClassId`, `landblock`, `cell`, `posX`, `posY`, `posZ`, `qW`, `qX`, `qY`, `qZ`)
VALUES (1880592455, 8555, 377, 517, 159.838, -116.154, 11.937, -0.02210199, 0, 0, 0.9997557);

INSERT INTO `base_ace_object` (`baseAceObjectId`, `name`, `typeId`, `paletteId`, `ammoType`, `blipColor`, `bitField`, `burden`, `combatUse`, `cooldownDuration`, `cooldownId`, `effects`, `containersCapacity`, `header`, `hookTypeId`, `iconId`, `iconOverlayId`, `iconUnderlayId`, `hookItemTypes`, `itemsCapacity`, `location`, `materialType`, `maxStackSize`, `maxStructure`, `radar`, `pscript`, `spellId`, `stackSize`, `structure`, `targetTypeId`, `usability`, `useRadius`, `validLocations`, `value`, `workmanship`, `animationFrameId`, `defaultScript`, `defaultScriptIntensity`, `elasticity`, `friction`, `locationId`, `modelTableId`, `objectScale`, `physicsBitField`, `physicsTableId`, `motionTableId`, `soundTableId`, `physicsState`, `translucency`)
VALUES (1880592437, 'Destroyed Sawato Portal', 65536, 0, 0, 0, 262164, 0, 0, 0, 0, 0, 0, 48, 0, 100667499, 0, 0, 0, 0, 0, 0, 0, 0, 0, 0, 0, 0, 0, 0, 1, -0.1, 0, 0, 0, 0, 0, 0, 0, 0, 0, 33561060, 0, 98307, 0, 150995314, 0, 3092, 0);

INSERT INTO `ace_object` (`baseAceObjectId`, `weenieClassId`, `landblock`, `cell`, `posX`, `posY`, `posZ`, `qW`, `qX`, `qY`, `qZ`)
VALUES (1880592437, 4043, 377, 489, 139.944, -103.565, 11.79017, 1, 0, 0, -4.37114E-08);

INSERT INTO `base_ace_object` (`baseAceObjectId`, `name`, `typeId`, `paletteId`, `ammoType`, `blipColor`, `bitField`, `burden`, `combatUse`, `cooldownDuration`, `cooldownId`, `effects`, `containersCapacity`, `header`, `hookTypeId`, `iconId`, `iconOverlayId`, `iconUnderlayId`, `hookItemTypes`, `itemsCapacity`, `location`, `materialType`, `maxStackSize`, `maxStructure`, `radar`, `pscript`, `spellId`, `stackSize`, `structure`, `targetTypeId`, `usability`, `useRadius`, `validLocations`, `value`, `workmanship`, `animationFrameId`, `defaultScript`, `defaultScriptIntensity`, `elasticity`, `friction`, `locationId`, `modelTableId`, `objectScale`, `physicsBitField`, `physicsTableId`, `motionTableId`, `soundTableId`, `physicsState`, `translucency`)
VALUES (1880592453, 'Destroyed Portal to Khayyaban', 65536, 0, 0, 0, 262164, 0, 0, 0, 0, 0, 0, 48, 0, 100667499, 0, 0, 0, 0, 0, 0, 0, 0, 0, 0, 0, 0, 0, 0, 1, -0.1, 0, 0, 0, 0, 0, 0, 0, 0, 0, 33561060, 0, 98307, 0, 150995314, 0, 3092, 0);

INSERT INTO `ace_object` (`baseAceObjectId`, `weenieClassId`, `landblock`, `cell`, `posX`, `posY`, `posZ`, `qW`, `qX`, `qY`, `qZ`)
VALUES (1880592453, 4572, 377, 515, 160.139, -103.464, 11.79017, -0.9999966, 0, 0, 0.002616039);

INSERT INTO `base_ace_object` (`baseAceObjectId`, `name`, `typeId`, `paletteId`, `ammoType`, `blipColor`, `bitField`, `burden`, `combatUse`, `cooldownDuration`, `cooldownId`, `effects`, `containersCapacity`, `header`, `hookTypeId`, `iconId`, `iconOverlayId`, `iconUnderlayId`, `hookItemTypes`, `itemsCapacity`, `location`, `materialType`, `maxStackSize`, `maxStructure`, `radar`, `pscript`, `spellId`, `stackSize`, `structure`, `targetTypeId`, `usability`, `useRadius`, `validLocations`, `value`, `workmanship`, `animationFrameId`, `defaultScript`, `defaultScriptIntensity`, `elasticity`, `friction`, `locationId`, `modelTableId`, `objectScale`, `physicsBitField`, `physicsTableId`, `motionTableId`, `soundTableId`, `physicsState`, `translucency`)
VALUES (1880592405, 'Destroyed Portal to Al-Arqas', 65536, 0, 0, 0, 262164, 0, 0, 0, 0, 0, 0, 48, 0, 100667499, 0, 0, 0, 0, 0, 0, 0, 0, 0, 0, 0, 0, 0, 0, 1, -0.1, 0, 0, 0, 0, 0, 0, 0, 0, 0, 33561060, 0, 98307, 0, 150995314, 0, 3092, 0);

INSERT INTO `ace_object` (`baseAceObjectId`, `weenieClassId`, `landblock`, `cell`, `posX`, `posY`, `posZ`, `qW`, `qX`, `qY`, `qZ`)
VALUES (1880592405, 4571, 377, 340, 60.0378, -96.7648, 11.79017, -0.009586001, 0, 0, -0.999954);

INSERT INTO `base_ace_object` (`baseAceObjectId`, `name`, `typeId`, `paletteId`, `ammoType`, `blipColor`, `bitField`, `burden`, `combatUse`, `cooldownDuration`, `cooldownId`, `effects`, `containersCapacity`, `header`, `hookTypeId`, `iconId`, `iconOverlayId`, `iconUnderlayId`, `hookItemTypes`, `itemsCapacity`, `location`, `materialType`, `maxStackSize`, `maxStructure`, `radar`, `pscript`, `spellId`, `stackSize`, `structure`, `targetTypeId`, `usability`, `useRadius`, `validLocations`, `value`, `workmanship`, `animationFrameId`, `defaultScript`, `defaultScriptIntensity`, `elasticity`, `friction`, `locationId`, `modelTableId`, `objectScale`, `physicsBitField`, `physicsTableId`, `motionTableId`, `soundTableId`, `physicsState`, `translucency`)
VALUES (1880592394, 'Destroyed Stonehold Portal', 65536, 0, 0, 0, 262164, 0, 0, 0, 0, 0, 0, 48, 0, 100667499, 0, 0, 0, 0, 0, 0, 0, 0, 0, 0, 0, 0, 0, 0, 1, -0.1, 0, 0, 0, 0, 0, 0, 0, 0, 0, 33561060, 0, 98307, 0, 150995314, 0, 3092, 0);

INSERT INTO `ace_object` (`baseAceObjectId`, `weenieClassId`, `landblock`, `cell`, `posX`, `posY`, `posZ`, `qW`, `qX`, `qY`, `qZ`)
VALUES (1880592394, 4044, 377, 318, 40, -83.4872, 11.79017, 1, 0, 0, -4.37114E-08);

INSERT INTO `base_ace_object` (`baseAceObjectId`, `name`, `typeId`, `paletteId`, `ammoType`, `blipColor`, `bitField`, `burden`, `combatUse`, `cooldownDuration`, `cooldownId`, `effects`, `containersCapacity`, `header`, `hookTypeId`, `iconId`, `iconOverlayId`, `iconUnderlayId`, `hookItemTypes`, `itemsCapacity`, `location`, `materialType`, `maxStackSize`, `maxStructure`, `radar`, `pscript`, `spellId`, `stackSize`, `structure`, `targetTypeId`, `usability`, `useRadius`, `validLocations`, `value`, `workmanship`, `animationFrameId`, `defaultScript`, `defaultScriptIntensity`, `elasticity`, `friction`, `locationId`, `modelTableId`, `objectScale`, `physicsBitField`, `physicsTableId`, `motionTableId`, `soundTableId`, `physicsState`, `translucency`)
VALUES (1880592396, 'Destroyed Portal to Kryst', 65536, 0, 0, 0, 262164, 0, 0, 0, 0, 0, 0, 48, 0, 100667499, 0, 0, 0, 0, 0, 0, 0, 0, 0, 0, 0, 0, 0, 0, 1, -0.1, 0, 0, 0, 0, 0, 0, 0, 0, 0, 33561060, 0, 98307, 0, 150995314, 0, 3092, 0);

INSERT INTO `ace_object` (`baseAceObjectId`, `weenieClassId`, `landblock`, `cell`, `posX`, `posY`, `posZ`, `qW`, `qX`, `qY`, `qZ`)
VALUES (1880592396, 8554, 377, 320, 39.8696, -96.8517, 11.79017, 0.012724, 0, 0, 0.9999191);

INSERT INTO `base_ace_object` (`baseAceObjectId`, `name`, `typeId`, `paletteId`, `ammoType`, `blipColor`, `bitField`, `burden`, `combatUse`, `cooldownDuration`, `cooldownId`, `effects`, `containersCapacity`, `header`, `hookTypeId`, `iconId`, `iconOverlayId`, `iconUnderlayId`, `hookItemTypes`, `itemsCapacity`, `location`, `materialType`, `maxStackSize`, `maxStructure`, `radar`, `pscript`, `spellId`, `stackSize`, `structure`, `targetTypeId`, `usability`, `useRadius`, `validLocations`, `value`, `workmanship`, `animationFrameId`, `defaultScript`, `defaultScriptIntensity`, `elasticity`, `friction`, `locationId`, `modelTableId`, `objectScale`, `physicsBitField`, `physicsTableId`, `motionTableId`, `soundTableId`, `physicsState`, `translucency`)
VALUES (1880592462, 'Exit to Surface', 65536, 0, 0, 0, 262164, 0, 0, 0, 0, 0, 0, 8388656, 0, 100667499, 0, 0, 0, 0, 0, 0, 0, 0, 4, 0, 0, 0, 0, 0, 32, -0.1, 0, 0, 0, 0, 0, 0, 0, 0, 0, 33554867, 0, 98307, 0, 150994947, 0, 3084, 0);

INSERT INTO `ace_object` (`baseAceObjectId`, `weenieClassId`, `landblock`, `cell`, `posX`, `posY`, `posZ`, `qW`, `qX`, `qY`, `qZ`)
VALUES (1880592462, 28264, 377, 539, 190, -55.1762, 11.937, 1, 0, 0, 0);

INSERT INTO `base_ace_object` (`baseAceObjectId`, `name`, `typeId`, `paletteId`, `ammoType`, `blipColor`, `bitField`, `burden`, `combatUse`, `cooldownDuration`, `cooldownId`, `effects`, `containersCapacity`, `header`, `hookTypeId`, `iconId`, `iconOverlayId`, `iconUnderlayId`, `hookItemTypes`, `itemsCapacity`, `location`, `materialType`, `maxStackSize`, `maxStructure`, `radar`, `pscript`, `spellId`, `stackSize`, `structure`, `targetTypeId`, `usability`, `useRadius`, `validLocations`, `value`, `workmanship`, `animationFrameId`, `defaultScript`, `defaultScriptIntensity`, `elasticity`, `friction`, `locationId`, `modelTableId`, `objectScale`, `physicsBitField`, `physicsTableId`, `motionTableId`, `soundTableId`, `physicsState`, `translucency`)
VALUES (2129772544, 'Fiery Alcove', 65536, 0, 0, 0, 262164, 0, 0, 0, 0, 0, 0, 8388656, 0, 100667499, 0, 0, 0, 0, 0, 0, 0, 0, 4, 0, 0, 0, 0, 0, 32, -0.1, 0, 0, 0, 0, 0, 0, 0, 0, 0, 33555924, 0, 98307, 0, 150994947, 0, 3084, 0);

INSERT INTO `ace_object` (`baseAceObjectId`, `weenieClassId`, `landblock`, `cell`, `posX`, `posY`, `posZ`, `qW`, `qX`, `qY`, `qZ`)
VALUES (2129772544, 52220, 61212, 61, 186.132, 115.477, -0.06299996, 0.701348, 0, 0, -0.712819);

INSERT INTO `base_ace_object` (`baseAceObjectId`, `name`, `typeId`, `paletteId`, `ammoType`, `blipColor`, `bitField`, `burden`, `combatUse`, `cooldownDuration`, `cooldownId`, `effects`, `containersCapacity`, `header`, `hookTypeId`, `iconId`, `iconOverlayId`, `iconUnderlayId`, `hookItemTypes`, `itemsCapacity`, `location`, `materialType`, `maxStackSize`, `maxStructure`, `radar`, `pscript`, `spellId`, `stackSize`, `structure`, `targetTypeId`, `usability`, `useRadius`, `validLocations`, `value`, `workmanship`, `animationFrameId`, `defaultScript`, `defaultScriptIntensity`, `elasticity`, `friction`, `locationId`, `modelTableId`, `objectScale`, `physicsBitField`, `physicsTableId`, `motionTableId`, `soundTableId`, `physicsState`, `translucency`)
VALUES (1881899055, 'Surface', 65536, 0, 0, 0, 262164, 0, 0, 0, 0, 0, 0, 8388656, 0, 100667499, 0, 0, 0, 0, 0, 0, 0, 0, 4, 0, 0, 0, 0, 0, 32, -0.1, 0, 0, 0, 0, 0, 0, 0, 0, 0, 33554867, 0, 98307, 0, 150994947, 0, 3084, 0);

INSERT INTO `ace_object` (`baseAceObjectId`, `weenieClassId`, `landblock`, `cell`, `posX`, `posY`, `posZ`, `qW`, `qX`, `qY`, `qZ`)
VALUES (1881899055, 8577, 696, 693, 220, -260, 5.937, 0.7071068, 0, 0, -0.7071068);

INSERT INTO `base_ace_object` (`baseAceObjectId`, `name`, `typeId`, `paletteId`, `ammoType`, `blipColor`, `bitField`, `burden`, `combatUse`, `cooldownDuration`, `cooldownId`, `effects`, `containersCapacity`, `header`, `hookTypeId`, `iconId`, `iconOverlayId`, `iconUnderlayId`, `hookItemTypes`, `itemsCapacity`, `location`, `materialType`, `maxStackSize`, `maxStructure`, `radar`, `pscript`, `spellId`, `stackSize`, `structure`, `targetTypeId`, `usability`, `useRadius`, `validLocations`, `value`, `workmanship`, `animationFrameId`, `defaultScript`, `defaultScriptIntensity`, `elasticity`, `friction`, `locationId`, `modelTableId`, `objectScale`, `physicsBitField`, `physicsTableId`, `motionTableId`, `soundTableId`, `physicsState`, `translucency`)
VALUES (2131881988, 'Moarsmen Muck', 65536, 0, 0, 0, 262164, 0, 0, 0, 0, 0, 0, 8388656, 0, 100667499, 0, 0, 0, 0, 0, 0, 0, 0, 4, 0, 0, 0, 0, 0, 32, -0.1, 0, 0, 0, 0, 0, 0, 0, 0, 0, 33555923, 0, 98307, 0, 150994947, 0, 3084, 0);

INSERT INTO `ace_object` (`baseAceObjectId`, `weenieClassId`, `landblock`, `cell`, `posX`, `posY`, `posZ`, `qW`, `qX`, `qY`, `qZ`)
VALUES (2131881988, 8476, 61727, 256, 22.8049, 28.9637, 12.737, 0.9370978, 0, 0, -0.3490669);

INSERT INTO `base_ace_object` (`baseAceObjectId`, `name`, `typeId`, `paletteId`, `ammoType`, `blipColor`, `bitField`, `burden`, `combatUse`, `cooldownDuration`, `cooldownId`, `effects`, `containersCapacity`, `header`, `hookTypeId`, `iconId`, `iconOverlayId`, `iconUnderlayId`, `hookItemTypes`, `itemsCapacity`, `location`, `materialType`, `maxStackSize`, `maxStructure`, `radar`, `pscript`, `spellId`, `stackSize`, `structure`, `targetTypeId`, `usability`, `useRadius`, `validLocations`, `value`, `workmanship`, `animationFrameId`, `defaultScript`, `defaultScriptIntensity`, `elasticity`, `friction`, `locationId`, `modelTableId`, `objectScale`, `physicsBitField`, `physicsTableId`, `motionTableId`, `soundTableId`, `physicsState`, `translucency`)
VALUES (1881939989, 'Surface Portal', 65536, 0, 0, 0, 262164, 0, 0, 0, 0, 0, 0, 8388656, 0, 100667499, 0, 0, 0, 0, 0, 0, 0, 0, 4, 0, 0, 0, 0, 0, 32, -0.1, 0, 0, 0, 0, 0, 0, 0, 0, 0, 33554867, 0, 98307, 0, 150994947, 0, 3084, 0);

INSERT INTO `ace_object` (`baseAceObjectId`, `weenieClassId`, `landblock`, `cell`, `posX`, `posY`, `posZ`, `qW`, `qX`, `qY`, `qZ`)
VALUES (1881939989, 8477, 706, 485, 78.76, -52.626, -0.06299996, 1, 0, 0, 0);

INSERT INTO `base_ace_object` (`baseAceObjectId`, `name`, `typeId`, `paletteId`, `ammoType`, `blipColor`, `bitField`, `burden`, `combatUse`, `cooldownDuration`, `cooldownId`, `effects`, `containersCapacity`, `header`, `hookTypeId`, `iconId`, `iconOverlayId`, `iconUnderlayId`, `hookItemTypes`, `itemsCapacity`, `location`, `materialType`, `maxStackSize`, `maxStructure`, `radar`, `pscript`, `spellId`, `stackSize`, `structure`, `targetTypeId`, `usability`, `useRadius`, `validLocations`, `value`, `workmanship`, `animationFrameId`, `defaultScript`, `defaultScriptIntensity`, `elasticity`, `friction`, `locationId`, `modelTableId`, `objectScale`, `physicsBitField`, `physicsTableId`, `motionTableId`, `soundTableId`, `physicsState`, `translucency`)
VALUES (2130841600, 'Treacherous Tunnels Portal', 65536, 0, 0, 0, 262164, 0, 0, 0, 0, 0, 0, 8388656, 0, 100667499, 0, 0, 0, 0, 0, 0, 0, 0, 4, 0, 0, 0, 0, 0, 32, -0.1, 0, 0, 0, 0, 0, 0, 0, 0, 0, 33554867, 0, 98307, 0, 150994947, 0, 3084, 0);

INSERT INTO `ace_object` (`baseAceObjectId`, `weenieClassId`, `landblock`, `cell`, `posX`, `posY`, `posZ`, `qW`, `qX`, `qY`, `qZ`)
VALUES (2130841600, 8442, 61473, 256, 56.45, 125.367, -4.863, 1, 0, 0, 0);

INSERT INTO `base_ace_object` (`baseAceObjectId`, `name`, `typeId`, `paletteId`, `ammoType`, `blipColor`, `bitField`, `burden`, `combatUse`, `cooldownDuration`, `cooldownId`, `effects`, `containersCapacity`, `header`, `hookTypeId`, `iconId`, `iconOverlayId`, `iconUnderlayId`, `hookItemTypes`, `itemsCapacity`, `location`, `materialType`, `maxStackSize`, `maxStructure`, `radar`, `pscript`, `spellId`, `stackSize`, `structure`, `targetTypeId`, `usability`, `useRadius`, `validLocations`, `value`, `workmanship`, `animationFrameId`, `defaultScript`, `defaultScriptIntensity`, `elasticity`, `friction`, `locationId`, `modelTableId`, `objectScale`, `physicsBitField`, `physicsTableId`, `motionTableId`, `soundTableId`, `physicsState`, `translucency`)
VALUES (1881952317, 'Surface Portal', 65536, 0, 0, 0, 262164, 0, 0, 0, 0, 0, 0, 8388656, 0, 100667499, 0, 0, 0, 0, 0, 0, 0, 0, 4, 0, 0, 0, 0, 0, 32, -0.1, 0, 0, 0, 0, 0, 0, 0, 0, 0, 33554867, 0, 98307, 0, 150994947, 0, 3084, 0);

INSERT INTO `ace_object` (`baseAceObjectId`, `weenieClassId`, `landblock`, `cell`, `posX`, `posY`, `posZ`, `qW`, `qX`, `qY`, `qZ`)
VALUES (1881952317, 8443, 709, 712, 152.983, -90.4689, -0.06299996, 0.99998, 0, 0, -0.006316001);

INSERT INTO `base_ace_object` (`baseAceObjectId`, `name`, `typeId`, `paletteId`, `ammoType`, `blipColor`, `bitField`, `burden`, `combatUse`, `cooldownDuration`, `cooldownId`, `effects`, `containersCapacity`, `header`, `hookTypeId`, `iconId`, `iconOverlayId`, `iconUnderlayId`, `hookItemTypes`, `itemsCapacity`, `location`, `materialType`, `maxStackSize`, `maxStructure`, `radar`, `pscript`, `spellId`, `stackSize`, `structure`, `targetTypeId`, `usability`, `useRadius`, `validLocations`, `value`, `workmanship`, `animationFrameId`, `defaultScript`, `defaultScriptIntensity`, `elasticity`, `friction`, `locationId`, `modelTableId`, `objectScale`, `physicsBitField`, `physicsTableId`, `motionTableId`, `soundTableId`, `physicsState`, `translucency`)
VALUES (1881948184, 'Surface Portal', 65536, 0, 0, 0, 262164, 0, 0, 0, 0, 0, 0, 8388656, 0, 100667499, 0, 0, 0, 0, 0, 0, 0, 0, 4, 0, 0, 0, 0, 0, 32, -0.1, 0, 0, 0, 0, 0, 0, 0, 0, 0, 33554867, 0, 98307, 0, 150994947, 0, 3084, 0);

INSERT INTO `ace_object` (`baseAceObjectId`, `weenieClassId`, `landblock`, `cell`, `posX`, `posY`, `posZ`, `qW`, `qX`, `qY`, `qZ`)
VALUES (1881948184, 8457, 708, 595, 100, -10, 5.937, 1, 0, 0, 0);

INSERT INTO `base_ace_object` (`baseAceObjectId`, `name`, `typeId`, `paletteId`, `ammoType`, `blipColor`, `bitField`, `burden`, `combatUse`, `cooldownDuration`, `cooldownId`, `effects`, `containersCapacity`, `header`, `hookTypeId`, `iconId`, `iconOverlayId`, `iconUnderlayId`, `hookItemTypes`, `itemsCapacity`, `location`, `materialType`, `maxStackSize`, `maxStructure`, `radar`, `pscript`, `spellId`, `stackSize`, `structure`, `targetTypeId`, `usability`, `useRadius`, `validLocations`, `value`, `workmanship`, `animationFrameId`, `defaultScript`, `defaultScriptIntensity`, `elasticity`, `friction`, `locationId`, `modelTableId`, `objectScale`, `physicsBitField`, `physicsTableId`, `motionTableId`, `soundTableId`, `physicsState`, `translucency`)
VALUES (1881923599, 'Surface', 65536, 0, 0, 0, 262164, 0, 0, 0, 0, 0, 0, 8388656, 0, 100667499, 0, 0, 0, 0, 0, 0, 0, 0, 4, 0, 0, 0, 0, 0, 32, -0.1, 0, 0, 0, 0, 0, 0, 0, 0, 0, 33554867, 0, 98307, 0, 150994947, 0, 3084, 0);

INSERT INTO `ace_object` (`baseAceObjectId`, `weenieClassId`, `landblock`, `cell`, `posX`, `posY`, `posZ`, `qW`, `qX`, `qY`, `qZ`)
VALUES (1881923599, 8483, 702, 288, 56.193, -50, -0.06299996, -0.7071068, 0, 0, -0.7071068);

INSERT INTO `base_ace_object` (`baseAceObjectId`, `name`, `typeId`, `paletteId`, `ammoType`, `blipColor`, `bitField`, `burden`, `combatUse`, `cooldownDuration`, `cooldownId`, `effects`, `containersCapacity`, `header`, `hookTypeId`, `iconId`, `iconOverlayId`, `iconUnderlayId`, `hookItemTypes`, `itemsCapacity`, `location`, `materialType`, `maxStackSize`, `maxStructure`, `radar`, `pscript`, `spellId`, `stackSize`, `structure`, `targetTypeId`, `usability`, `useRadius`, `validLocations`, `value`, `workmanship`, `animationFrameId`, `defaultScript`, `defaultScriptIntensity`, `elasticity`, `friction`, `locationId`, `modelTableId`, `objectScale`, `physicsBitField`, `physicsTableId`, `motionTableId`, `soundTableId`, `physicsState`, `translucency`)
VALUES (1904971776, 'Secret Putiputi Place', 65536, 0, 0, 0, 262164, 0, 0, 0, 0, 0, 0, 8388656, 0, 100667499, 0, 0, 0, 0, 0, 0, 0, 0, 4, 0, 0, 0, 0, 0, 32, -0.1, 0, 0, 0, 0, 0, 0, 0, 0, 0, 33555923, 0, 98307, 0, 150994947, 0, 3084, 0);

INSERT INTO `ace_object` (`baseAceObjectId`, `weenieClassId`, `landblock`, `cell`, `posX`, `posY`, `posZ`, `qW`, `qX`, `qY`, `qZ`)
VALUES (1904971776, 10925, 6329, 51, 166.974, 48.4102, 41.766, 0.4177309, 0, 0, -0.9085708);

INSERT INTO `base_ace_object` (`baseAceObjectId`, `name`, `typeId`, `paletteId`, `ammoType`, `blipColor`, `bitField`, `burden`, `combatUse`, `cooldownDuration`, `cooldownId`, `effects`, `containersCapacity`, `header`, `hookTypeId`, `iconId`, `iconOverlayId`, `iconUnderlayId`, `hookItemTypes`, `itemsCapacity`, `location`, `materialType`, `maxStackSize`, `maxStructure`, `radar`, `pscript`, `spellId`, `stackSize`, `structure`, `targetTypeId`, `usability`, `useRadius`, `validLocations`, `value`, `workmanship`, `animationFrameId`, `defaultScript`, `defaultScriptIntensity`, `elasticity`, `friction`, `locationId`, `modelTableId`, `objectScale`, `physicsBitField`, `physicsTableId`, `motionTableId`, `soundTableId`, `physicsState`, `translucency`)
VALUES (2079141888, 'Small Icecave', 65536, 0, 0, 0, 262164, 0, 0, 0, 0, 0, 0, 8388656, 0, 100667499, 0, 0, 0, 0, 0, 0, 0, 0, 4, 0, 0, 0, 0, 0, 32, -0.1, 0, 0, 0, 0, 0, 0, 0, 0, 0, 33555926, 0, 98307, 0, 150994947, 0, 3084, 0);

INSERT INTO `ace_object` (`baseAceObjectId`, `weenieClassId`, `landblock`, `cell`, `posX`, `posY`, `posZ`, `qW`, `qX`, `qY`, `qZ`)
VALUES (2079141888, 1327, 48851, 24, 67.17, 170.94, 145.7095, -0.00872653, 0, 0, -0.9999619);

INSERT INTO `base_ace_object` (`baseAceObjectId`, `name`, `typeId`, `paletteId`, `ammoType`, `blipColor`, `bitField`, `burden`, `combatUse`, `cooldownDuration`, `cooldownId`, `effects`, `containersCapacity`, `header`, `hookTypeId`, `iconId`, `iconOverlayId`, `iconUnderlayId`, `hookItemTypes`, `itemsCapacity`, `location`, `materialType`, `maxStackSize`, `maxStructure`, `radar`, `pscript`, `spellId`, `stackSize`, `structure`, `targetTypeId`, `usability`, `useRadius`, `validLocations`, `value`, `workmanship`, `animationFrameId`, `defaultScript`, `defaultScriptIntensity`, `elasticity`, `friction`, `locationId`, `modelTableId`, `objectScale`, `physicsBitField`, `physicsTableId`, `motionTableId`, `soundTableId`, `physicsState`, `translucency`)
VALUES (1881038895, 'Surface', 65536, 0, 0, 0, 262164, 0, 0, 0, 0, 0, 0, 8388656, 0, 100667499, 0, 0, 0, 0, 0, 0, 0, 0, 4, 0, 0, 0, 0, 0, 32, -0.1, 0, 0, 0, 0, 0, 0, 0, 0, 0, 33554867, 0, 98307, 0, 150994947, 0, 3084, 0);

INSERT INTO `ace_object` (`baseAceObjectId`, `weenieClassId`, `landblock`, `cell`, `posX`, `posY`, `posZ`, `qW`, `qX`, `qY`, `qZ`)
VALUES (1881038895, 1328, 486, 597, 145.873, -182.829, 5.937, -0.7668151, 0, 0, -0.6418681);

INSERT INTO `base_ace_object` (`baseAceObjectId`, `name`, `typeId`, `paletteId`, `ammoType`, `blipColor`, `bitField`, `burden`, `combatUse`, `cooldownDuration`, `cooldownId`, `effects`, `containersCapacity`, `header`, `hookTypeId`, `iconId`, `iconOverlayId`, `iconUnderlayId`, `hookItemTypes`, `itemsCapacity`, `location`, `materialType`, `maxStackSize`, `maxStructure`, `radar`, `pscript`, `spellId`, `stackSize`, `structure`, `targetTypeId`, `usability`, `useRadius`, `validLocations`, `value`, `workmanship`, `animationFrameId`, `defaultScript`, `defaultScriptIntensity`, `elasticity`, `friction`, `locationId`, `modelTableId`, `objectScale`, `physicsBitField`, `physicsTableId`, `motionTableId`, `soundTableId`, `physicsState`, `translucency`)
VALUES (1881038850, 'Surface', 65536, 0, 0, 0, 262164, 0, 0, 0, 0, 0, 0, 8388656, 0, 100667499, 0, 0, 0, 0, 0, 0, 0, 0, 4, 0, 0, 0, 0, 0, 32, -0.1, 0, 0, 0, 0, 0, 0, 0, 0, 0, 33554867, 0, 98307, 0, 150994947, 0, 3084, 0);

INSERT INTO `ace_object` (`baseAceObjectId`, `weenieClassId`, `landblock`, `cell`, `posX`, `posY`, `posZ`, `qW`, `qX`, `qY`, `qZ`)
VALUES (1881038850, 1328, 486, 263, 0, -126.3, -18.063, 1, 0, 0, 0);

INSERT INTO `base_ace_object` (`baseAceObjectId`, `name`, `typeId`, `paletteId`, `ammoType`, `blipColor`, `bitField`, `burden`, `combatUse`, `cooldownDuration`, `cooldownId`, `effects`, `containersCapacity`, `header`, `hookTypeId`, `iconId`, `iconOverlayId`, `iconUnderlayId`, `hookItemTypes`, `itemsCapacity`, `location`, `materialType`, `maxStackSize`, `maxStructure`, `radar`, `pscript`, `spellId`, `stackSize`, `structure`, `targetTypeId`, `usability`, `useRadius`, `validLocations`, `value`, `workmanship`, `animationFrameId`, `defaultScript`, `defaultScriptIntensity`, `elasticity`, `friction`, `locationId`, `modelTableId`, `objectScale`, `physicsBitField`, `physicsTableId`, `motionTableId`, `soundTableId`, `physicsState`, `translucency`)
VALUES (2079158275, 'Temple of N''cthail', 65536, 0, 0, 0, 262164, 0, 0, 0, 0, 0, 0, 8388656, 0, 100667499, 0, 0, 0, 0, 0, 0, 0, 0, 4, 0, 0, 0, 0, 0, 32, -0.1, 0, 0, 0, 0, 0, 0, 0, 0, 0, 33557581, 0, 98307, 0, 150994947, 0, 3084, 0);

INSERT INTO `ace_object` (`baseAceObjectId`, `weenieClassId`, `landblock`, `cell`, `posX`, `posY`, `posZ`, `qW`, `qX`, `qY`, `qZ`)
VALUES (2079158275, 33295, 48855, 36, 118.223, 93.7958, 306.1657, 0.457655, 0, 0, 0.8891299);

INSERT INTO `base_ace_object` (`baseAceObjectId`, `name`, `typeId`, `paletteId`, `ammoType`, `blipColor`, `bitField`, `burden`, `combatUse`, `cooldownDuration`, `cooldownId`, `effects`, `containersCapacity`, `header`, `hookTypeId`, `iconId`, `iconOverlayId`, `iconUnderlayId`, `hookItemTypes`, `itemsCapacity`, `location`, `materialType`, `maxStackSize`, `maxStructure`, `radar`, `pscript`, `spellId`, `stackSize`, `structure`, `targetTypeId`, `usability`, `useRadius`, `validLocations`, `value`, `workmanship`, `animationFrameId`, `defaultScript`, `defaultScriptIntensity`, `elasticity`, `friction`, `locationId`, `modelTableId`, `objectScale`, `physicsBitField`, `physicsTableId`, `motionTableId`, `soundTableId`, `physicsState`, `translucency`)
VALUES (2084450304, 'Vault of Eternal Slumber', 65536, 0, 0, 0, 262164, 0, 0, 0, 0, 0, 0, 8388656, 0, 100667499, 0, 0, 0, 0, 0, 0, 0, 0, 4, 0, 0, 0, 0, 0, 32, -0.1, 0, 0, 0, 0, 0, 0, 0, 0, 0, 33557534, 0, 98307, 0, 150994947, 0, 3084, 0);

INSERT INTO `ace_object` (`baseAceObjectId`, `weenieClassId`, `landblock`, `cell`, `posX`, `posY`, `posZ`, `qW`, `qX`, `qY`, `qZ`)
VALUES (2084450304, 33302, 50147, 296, 84.038, 84.057, 35.5125, 1, 0, 0, 0);

INSERT INTO `base_ace_object` (`baseAceObjectId`, `name`, `typeId`, `paletteId`, `ammoType`, `blipColor`, `bitField`, `burden`, `combatUse`, `cooldownDuration`, `cooldownId`, `effects`, `containersCapacity`, `header`, `hookTypeId`, `iconId`, `iconOverlayId`, `iconUnderlayId`, `hookItemTypes`, `itemsCapacity`, `location`, `materialType`, `maxStackSize`, `maxStructure`, `radar`, `pscript`, `spellId`, `stackSize`, `structure`, `targetTypeId`, `usability`, `useRadius`, `validLocations`, `value`, `workmanship`, `animationFrameId`, `defaultScript`, `defaultScriptIntensity`, `elasticity`, `friction`, `locationId`, `modelTableId`, `objectScale`, `physicsBitField`, `physicsTableId`, `motionTableId`, `soundTableId`, `physicsState`, `translucency`)
VALUES (2084450308, 'Western Temple Catacombs', 65536, 0, 0, 0, 262164, 0, 0, 0, 0, 0, 0, 8388656, 0, 100667499, 0, 0, 0, 0, 0, 0, 0, 0, 4, 0, 0, 0, 0, 0, 32, -0.1, 0, 0, 0, 0, 0, 0, 0, 0, 0, 33557581, 0, 98307, 0, 150994947, 0, 3084, 0);

INSERT INTO `ace_object` (`baseAceObjectId`, `weenieClassId`, `landblock`, `cell`, `posX`, `posY`, `posZ`, `qW`, `qX`, `qY`, `qZ`)
VALUES (2084450308, 33306, 50147, 12, 44.179, 84.454, 11.93695, 1, 0, 0, 0);

INSERT INTO `base_ace_object` (`baseAceObjectId`, `name`, `typeId`, `paletteId`, `ammoType`, `blipColor`, `bitField`, `burden`, `combatUse`, `cooldownDuration`, `cooldownId`, `effects`, `containersCapacity`, `header`, `hookTypeId`, `iconId`, `iconOverlayId`, `iconUnderlayId`, `hookItemTypes`, `itemsCapacity`, `location`, `materialType`, `maxStackSize`, `maxStructure`, `radar`, `pscript`, `spellId`, `stackSize`, `structure`, `targetTypeId`, `usability`, `useRadius`, `validLocations`, `value`, `workmanship`, `animationFrameId`, `defaultScript`, `defaultScriptIntensity`, `elasticity`, `friction`, `locationId`, `modelTableId`, `objectScale`, `physicsBitField`, `physicsTableId`, `motionTableId`, `soundTableId`, `physicsState`, `translucency`)
VALUES (2084450306, 'Eastern Temple Catacombs', 65536, 0, 0, 0, 262164, 0, 0, 0, 0, 0, 0, 8388656, 0, 100667499, 0, 0, 0, 0, 0, 0, 0, 0, 4, 0, 0, 0, 0, 0, 32, -0.1, 0, 0, 0, 0, 0, 0, 0, 0, 0, 33557581, 0, 98307, 0, 150994947, 0, 3084, 0);

INSERT INTO `ace_object` (`baseAceObjectId`, `weenieClassId`, `landblock`, `cell`, `posX`, `posY`, `posZ`, `qW`, `qX`, `qY`, `qZ`)
VALUES (2084450306, 33303, 50147, 44, 123.617, 83.9052, 11.93695, 1, 0, 0, 0);

INSERT INTO `base_ace_object` (`baseAceObjectId`, `name`, `typeId`, `paletteId`, `ammoType`, `blipColor`, `bitField`, `burden`, `combatUse`, `cooldownDuration`, `cooldownId`, `effects`, `containersCapacity`, `header`, `hookTypeId`, `iconId`, `iconOverlayId`, `iconUnderlayId`, `hookItemTypes`, `itemsCapacity`, `location`, `materialType`, `maxStackSize`, `maxStructure`, `radar`, `pscript`, `spellId`, `stackSize`, `structure`, `targetTypeId`, `usability`, `useRadius`, `validLocations`, `value`, `workmanship`, `animationFrameId`, `defaultScript`, `defaultScriptIntensity`, `elasticity`, `friction`, `locationId`, `modelTableId`, `objectScale`, `physicsBitField`, `physicsTableId`, `motionTableId`, `soundTableId`, `physicsState`, `translucency`)
VALUES (1880469522, 'Surface Portal', 65536, 0, 0, 0, 262164, 0, 0, 0, 0, 0, 0, 8388656, 0, 100667499, 0, 0, 0, 0, 0, 0, 0, 0, 4, 0, 0, 0, 0, 0, 32, -0.1, 0, 0, 0, 0, 0, 0, 0, 0, 0, 33554867, 0, 98307, 0, 150994947, 0, 3084, 0);

INSERT INTO `ace_object` (`baseAceObjectId`, `weenieClassId`, `landblock`, `cell`, `posX`, `posY`, `posZ`, `qW`, `qX`, `qY`, `qZ`)
VALUES (1880469522, 4940, 347, 360, 19.541, -13.0709, 5.937, 1, 0, 0, 0);

INSERT INTO `base_ace_object` (`baseAceObjectId`, `name`, `typeId`, `paletteId`, `ammoType`, `blipColor`, `bitField`, `burden`, `combatUse`, `cooldownDuration`, `cooldownId`, `effects`, `containersCapacity`, `header`, `hookTypeId`, `iconId`, `iconOverlayId`, `iconUnderlayId`, `hookItemTypes`, `itemsCapacity`, `location`, `materialType`, `maxStackSize`, `maxStructure`, `radar`, `pscript`, `spellId`, `stackSize`, `structure`, `targetTypeId`, `usability`, `useRadius`, `validLocations`, `value`, `workmanship`, `animationFrameId`, `defaultScript`, `defaultScriptIntensity`, `elasticity`, `friction`, `locationId`, `modelTableId`, `objectScale`, `physicsBitField`, `physicsTableId`, `motionTableId`, `soundTableId`, `physicsState`, `translucency`)
VALUES (1957638146, 'Blighted Verdant Moarsman Tunnels', 65536, 0, 0, 0, 262164, 0, 0, 0, 0, 0, 0, 8388656, 0, 100667499, 0, 0, 0, 0, 0, 0, 0, 0, 4, 0, 0, 0, 0, 0, 32, -0.1, 0, 0, 0, 0, 0, 0, 0, 0, 0, 33555925, 0, 98307, 0, 150994947, 0, 3084, 0);

INSERT INTO `ace_object` (`baseAceObjectId`, `weenieClassId`, `landblock`, `cell`, `posX`, `posY`, `posZ`, `qW`, `qX`, `qY`, `qZ`)
VALUES (1957638146, 38153, 19187, 27, 94.013, 59.999, -0.163, -0.7071068, 0, 0, -0.7071068);

INSERT INTO `base_ace_object` (`baseAceObjectId`, `name`, `typeId`, `paletteId`, `ammoType`, `blipColor`, `bitField`, `burden`, `combatUse`, `cooldownDuration`, `cooldownId`, `effects`, `containersCapacity`, `header`, `hookTypeId`, `iconId`, `iconOverlayId`, `iconUnderlayId`, `hookItemTypes`, `itemsCapacity`, `location`, `materialType`, `maxStackSize`, `maxStructure`, `radar`, `pscript`, `spellId`, `stackSize`, `structure`, `targetTypeId`, `usability`, `useRadius`, `validLocations`, `value`, `workmanship`, `animationFrameId`, `defaultScript`, `defaultScriptIntensity`, `elasticity`, `friction`, `locationId`, `modelTableId`, `objectScale`, `physicsBitField`, `physicsTableId`, `motionTableId`, `soundTableId`, `physicsState`, `translucency`)
VALUES (2024251393, 'Singular Pyreal Repository', 65536, 0, 0, 0, 262164, 0, 0, 0, 0, 0, 0, 8388656, 0, 100667499, 0, 0, 0, 0, 0, 0, 0, 0, 4, 0, 0, 0, 0, 0, 32, -0.1, 0, 0, 0, 0, 0, 0, 0, 0, 0, 33555923, 0, 98307, 0, 150994947, 0, 3084, 0);

INSERT INTO `ace_object` (`baseAceObjectId`, `weenieClassId`, `landblock`, `cell`, `posX`, `posY`, `posZ`, `qW`, `qX`, `qY`, `qZ`)
VALUES (2024251393, 12296, 35450, 34, 113.174, 34.9546, 60.96915, 0.9305075, 0, 0, -0.3662728);

INSERT INTO `base_ace_object` (`baseAceObjectId`, `name`, `typeId`, `paletteId`, `ammoType`, `blipColor`, `bitField`, `burden`, `combatUse`, `cooldownDuration`, `cooldownId`, `effects`, `containersCapacity`, `header`, `hookTypeId`, `iconId`, `iconOverlayId`, `iconUnderlayId`, `hookItemTypes`, `itemsCapacity`, `location`, `materialType`, `maxStackSize`, `maxStructure`, `radar`, `pscript`, `spellId`, `stackSize`, `structure`, `targetTypeId`, `usability`, `useRadius`, `validLocations`, `value`, `workmanship`, `animationFrameId`, `defaultScript`, `defaultScriptIntensity`, `elasticity`, `friction`, `locationId`, `modelTableId`, `objectScale`, `physicsBitField`, `physicsTableId`, `motionTableId`, `soundTableId`, `physicsState`, `translucency`)
VALUES (1882853394, 'Surface Portal', 65536, 0, 0, 0, 262164, 0, 0, 0, 0, 0, 0, 8388656, 0, 100667499, 0, 0, 0, 0, 0, 0, 0, 0, 4, 0, 0, 0, 0, 0, 32, -0.1, 0, 0, 0, 0, 0, 0, 0, 0, 0, 33554867, 0, 98307, 0, 150994947, 0, 3084, 0);

INSERT INTO `ace_object` (`baseAceObjectId`, `weenieClassId`, `landblock`, `cell`, `posX`, `posY`, `posZ`, `qW`, `qX`, `qY`, `qZ`)
VALUES (1882853394, 12297, 929, 696, 90, -620, -0.06299996, 1, 0, 0, 0);

INSERT INTO `base_ace_object` (`baseAceObjectId`, `name`, `typeId`, `paletteId`, `ammoType`, `blipColor`, `bitField`, `burden`, `combatUse`, `cooldownDuration`, `cooldownId`, `effects`, `containersCapacity`, `header`, `hookTypeId`, `iconId`, `iconOverlayId`, `iconUnderlayId`, `hookItemTypes`, `itemsCapacity`, `location`, `materialType`, `maxStackSize`, `maxStructure`, `radar`, `pscript`, `spellId`, `stackSize`, `structure`, `targetTypeId`, `usability`, `useRadius`, `validLocations`, `value`, `workmanship`, `animationFrameId`, `defaultScript`, `defaultScriptIntensity`, `elasticity`, `friction`, `locationId`, `modelTableId`, `objectScale`, `physicsBitField`, `physicsTableId`, `motionTableId`, `soundTableId`, `physicsState`, `translucency`)
VALUES (1882853391, 'Surface Portal', 65536, 0, 0, 0, 262164, 0, 0, 0, 0, 0, 0, 8388656, 0, 100667499, 0, 0, 0, 0, 0, 0, 0, 0, 4, 0, 0, 0, 0, 0, 32, -0.1, 0, 0, 0, 0, 0, 0, 0, 0, 0, 33554867, 0, 98307, 0, 150994947, 0, 3084, 0);

INSERT INTO `ace_object` (`baseAceObjectId`, `weenieClassId`, `landblock`, `cell`, `posX`, `posY`, `posZ`, `qW`, `qX`, `qY`, `qZ`)
VALUES (1882853391, 12297, 929, 300, 187, -187, -36.063, 0.3826829, 0, 0, -0.9238797);

INSERT INTO `base_ace_object` (`baseAceObjectId`, `name`, `typeId`, `paletteId`, `ammoType`, `blipColor`, `bitField`, `burden`, `combatUse`, `cooldownDuration`, `cooldownId`, `effects`, `containersCapacity`, `header`, `hookTypeId`, `iconId`, `iconOverlayId`, `iconUnderlayId`, `hookItemTypes`, `itemsCapacity`, `location`, `materialType`, `maxStackSize`, `maxStructure`, `radar`, `pscript`, `spellId`, `stackSize`, `structure`, `targetTypeId`, `usability`, `useRadius`, `validLocations`, `value`, `workmanship`, `animationFrameId`, `defaultScript`, `defaultScriptIntensity`, `elasticity`, `friction`, `locationId`, `modelTableId`, `objectScale`, `physicsBitField`, `physicsTableId`, `motionTableId`, `soundTableId`, `physicsState`, `translucency`)
VALUES (1924018181, 'Beacon Tower Exit', 65536, 0, 0, 0, 262164, 0, 0, 0, 0, 0, 0, 8388656, 0, 100667499, 0, 0, 0, 0, 0, 0, 0, 0, 4, 0, 0, 0, 0, 0, 32, -0.1, 0, 0, 0, 0, 0, 0, 0, 0, 0, 33554867, 0, 98307, 0, 150994947, 0, 3084, 0);

INSERT INTO `ace_object` (`baseAceObjectId`, `weenieClassId`, `landblock`, `cell`, `posX`, `posY`, `posZ`, `qW`, `qX`, `qY`, `qZ`)
VALUES (1924018181, 30535, 10979, 46, 131.548, 132.248, 53.05426, 0.7071068, 0, 0, -0.7071068);

INSERT INTO `base_ace_object` (`baseAceObjectId`, `name`, `typeId`, `paletteId`, `ammoType`, `blipColor`, `bitField`, `burden`, `combatUse`, `cooldownDuration`, `cooldownId`, `effects`, `containersCapacity`, `header`, `hookTypeId`, `iconId`, `iconOverlayId`, `iconUnderlayId`, `hookItemTypes`, `itemsCapacity`, `location`, `materialType`, `maxStackSize`, `maxStructure`, `radar`, `pscript`, `spellId`, `stackSize`, `structure`, `targetTypeId`, `usability`, `useRadius`, `validLocations`, `value`, `workmanship`, `animationFrameId`, `defaultScript`, `defaultScriptIntensity`, `elasticity`, `friction`, `locationId`, `modelTableId`, `objectScale`, `physicsBitField`, `physicsTableId`, `motionTableId`, `soundTableId`, `physicsState`, `translucency`)
VALUES (1924018183, 'Beacon Tower Exit', 65536, 0, 0, 0, 262164, 0, 0, 0, 0, 0, 0, 8388656, 0, 100667499, 0, 0, 0, 0, 0, 0, 0, 0, 4, 0, 0, 0, 0, 0, 32, -0.1, 0, 0, 0, 0, 0, 0, 0, 0, 0, 33554867, 0, 98307, 0, 150994947, 0, 3084, 0);

INSERT INTO `ace_object` (`baseAceObjectId`, `weenieClassId`, `landblock`, `cell`, `posX`, `posY`, `posZ`, `qW`, `qX`, `qY`, `qZ`)
VALUES (1924018183, 30535, 10979, 14, 36.3618, 131.723, 53.05446, -0.7071068, 0, 0, -0.7071068);

INSERT INTO `base_ace_object` (`baseAceObjectId`, `name`, `typeId`, `paletteId`, `ammoType`, `blipColor`, `bitField`, `burden`, `combatUse`, `cooldownDuration`, `cooldownId`, `effects`, `containersCapacity`, `header`, `hookTypeId`, `iconId`, `iconOverlayId`, `iconUnderlayId`, `hookItemTypes`, `itemsCapacity`, `location`, `materialType`, `maxStackSize`, `maxStructure`, `radar`, `pscript`, `spellId`, `stackSize`, `structure`, `targetTypeId`, `usability`, `useRadius`, `validLocations`, `value`, `workmanship`, `animationFrameId`, `defaultScript`, `defaultScriptIntensity`, `elasticity`, `friction`, `locationId`, `modelTableId`, `objectScale`, `physicsBitField`, `physicsTableId`, `motionTableId`, `soundTableId`, `physicsState`, `translucency`)
VALUES (1924018185, 'Beacon Tower Exit', 65536, 0, 0, 0, 262164, 0, 0, 0, 0, 0, 0, 8388656, 0, 100667499, 0, 0, 0, 0, 0, 0, 0, 0, 4, 0, 0, 0, 0, 0, 32, -0.1, 0, 0, 0, 0, 0, 0, 0, 0, 0, 33554867, 0, 98307, 0, 150994947, 0, 3084, 0);

INSERT INTO `ace_object` (`baseAceObjectId`, `weenieClassId`, `landblock`, `cell`, `posX`, `posY`, `posZ`, `qW`, `qX`, `qY`, `qZ`)
VALUES (1924018185, 30535, 10979, 32, 83.8575, 180.336, 53.05636, -0.9996666, 0, 0, -0.02581869);

INSERT INTO `base_ace_object` (`baseAceObjectId`, `name`, `typeId`, `paletteId`, `ammoType`, `blipColor`, `bitField`, `burden`, `combatUse`, `cooldownDuration`, `cooldownId`, `effects`, `containersCapacity`, `header`, `hookTypeId`, `iconId`, `iconOverlayId`, `iconUnderlayId`, `hookItemTypes`, `itemsCapacity`, `location`, `materialType`, `maxStackSize`, `maxStructure`, `radar`, `pscript`, `spellId`, `stackSize`, `structure`, `targetTypeId`, `usability`, `useRadius`, `validLocations`, `value`, `workmanship`, `animationFrameId`, `defaultScript`, `defaultScriptIntensity`, `elasticity`, `friction`, `locationId`, `modelTableId`, `objectScale`, `physicsBitField`, `physicsTableId`, `motionTableId`, `soundTableId`, `physicsState`, `translucency`)
VALUES (1933414400, 'Penguin Den', 65536, 0, 0, 0, 262164, 0, 0, 0, 0, 0, 0, 8388656, 0, 100667499, 0, 0, 0, 0, 0, 0, 0, 0, 4, 0, 0, 0, 0, 0, 32, -0.1, 0, 0, 0, 0, 0, 0, 0, 0, 0, 33555922, 0, 98307, 0, 150994947, 0, 3084, 0);

INSERT INTO `ace_object` (`baseAceObjectId`, `weenieClassId`, `landblock`, `cell`, `posX`, `posY`, `posZ`, `qW`, `qX`, `qY`, `qZ`)
VALUES (1933414400, 28793, 13273, 57, 185.137, 11.9241, 35.05554, -0.9438137, 0, 0, -0.3304779);

INSERT INTO `base_ace_object` (`baseAceObjectId`, `name`, `typeId`, `paletteId`, `ammoType`, `blipColor`, `bitField`, `burden`, `combatUse`, `cooldownDuration`, `cooldownId`, `effects`, `containersCapacity`, `header`, `hookTypeId`, `iconId`, `iconOverlayId`, `iconUnderlayId`, `hookItemTypes`, `itemsCapacity`, `location`, `materialType`, `maxStackSize`, `maxStructure`, `radar`, `pscript`, `spellId`, `stackSize`, `structure`, `targetTypeId`, `usability`, `useRadius`, `validLocations`, `value`, `workmanship`, `animationFrameId`, `defaultScript`, `defaultScriptIntensity`, `elasticity`, `friction`, `locationId`, `modelTableId`, `objectScale`, `physicsBitField`, `physicsTableId`, `motionTableId`, `soundTableId`, `physicsState`, `translucency`)
VALUES (2879233004, 'Direlands Desert Northeast Portal', 65536, 0, 0, 0, 262164, 0, 0, 0, 0, 0, 0, 8388656, 0, 100667499, 0, 0, 0, 0, 0, 0, 0, 0, 4, 0, 0, 0, 0, 0, 32, -0.1, 0, 0, 0, 0, 0, 0, 0, 0, 0, 33555926, 0, 98307, 0, 150994947, 0, 3084, 0);

INSERT INTO `ace_object` (`baseAceObjectId`, `weenieClassId`, `landblock`, `cell`, `posX`, `posY`, `posZ`, `qW`, `qX`, `qY`, `qZ`)
VALUES (2879233004, 8383, 46615, 7, 23.16837, 162.6422, 102.1511, 0.9537169, 0, 0, -0.3007058);

INSERT INTO `base_ace_object` (`baseAceObjectId`, `name`, `typeId`, `paletteId`, `ammoType`, `blipColor`, `bitField`, `burden`, `combatUse`, `cooldownDuration`, `cooldownId`, `effects`, `containersCapacity`, `header`, `hookTypeId`, `iconId`, `iconOverlayId`, `iconUnderlayId`, `hookItemTypes`, `itemsCapacity`, `location`, `materialType`, `maxStackSize`, `maxStructure`, `radar`, `pscript`, `spellId`, `stackSize`, `structure`, `targetTypeId`, `usability`, `useRadius`, `validLocations`, `value`, `workmanship`, `animationFrameId`, `defaultScript`, `defaultScriptIntensity`, `elasticity`, `friction`, `locationId`, `modelTableId`, `objectScale`, `physicsBitField`, `physicsTableId`, `motionTableId`, `soundTableId`, `physicsState`, `translucency`)
VALUES (2108895343, 'House Portal', 65536, 0, 0, 0, 262164, 0, 0, 0, 0, 0, 0, 41943088, 0, 100667499, 0, 0, 0, 0, 0, 0, 0, 0, 4, 0, 0, 0, 0, 0, 32, 0.75, 0, 0, 0, 0, 0, 0, 0, 0, 0, 33554867, 0, 98307, 0, 150994947, 0, 3076, 0);

INSERT INTO `ace_object` (`baseAceObjectId`, `weenieClassId`, `landblock`, `cell`, `posX`, `posY`, `posZ`, `qW`, `qX`, `qY`, `qZ`)
VALUES (2108895343, 11730, 56115, 280, 132.937, 69.5387, 163.137, -0.9998714, 0, 0, -0.01603861);

INSERT INTO `base_ace_object` (`baseAceObjectId`, `name`, `typeId`, `paletteId`, `ammoType`, `blipColor`, `bitField`, `burden`, `combatUse`, `cooldownDuration`, `cooldownId`, `effects`, `containersCapacity`, `header`, `hookTypeId`, `iconId`, `iconOverlayId`, `iconUnderlayId`, `hookItemTypes`, `itemsCapacity`, `location`, `materialType`, `maxStackSize`, `maxStructure`, `radar`, `pscript`, `spellId`, `stackSize`, `structure`, `targetTypeId`, `usability`, `useRadius`, `validLocations`, `value`, `workmanship`, `animationFrameId`, `defaultScript`, `defaultScriptIntensity`, `elasticity`, `friction`, `locationId`, `modelTableId`, `objectScale`, `physicsBitField`, `physicsTableId`, `motionTableId`, `soundTableId`, `physicsState`, `translucency`)
VALUES (2108895345, 'House Portal', 65536, 0, 0, 0, 262164, 0, 0, 0, 0, 0, 0, 41943088, 0, 100667499, 0, 0, 0, 0, 0, 0, 0, 0, 4, 0, 0, 0, 0, 0, 32, 0.75, 0, 0, 0, 0, 0, 0, 0, 0, 0, 33554867, 0, 98307, 0, 150994947, 0, 3076, 0);

INSERT INTO `ace_object` (`baseAceObjectId`, `weenieClassId`, `landblock`, `cell`, `posX`, `posY`, `posZ`, `qW`, `qX`, `qY`, `qZ`)
VALUES (2108895345, 11730, 56115, 308, 134.841, 134.387, 155.137, -0.9998859, 0, 0, -0.0151051);

INSERT INTO `base_ace_object` (`baseAceObjectId`, `name`, `typeId`, `paletteId`, `ammoType`, `blipColor`, `bitField`, `burden`, `combatUse`, `cooldownDuration`, `cooldownId`, `effects`, `containersCapacity`, `header`, `hookTypeId`, `iconId`, `iconOverlayId`, `iconUnderlayId`, `hookItemTypes`, `itemsCapacity`, `location`, `materialType`, `maxStackSize`, `maxStructure`, `radar`, `pscript`, `spellId`, `stackSize`, `structure`, `targetTypeId`, `usability`, `useRadius`, `validLocations`, `value`, `workmanship`, `animationFrameId`, `defaultScript`, `defaultScriptIntensity`, `elasticity`, `friction`, `locationId`, `modelTableId`, `objectScale`, `physicsBitField`, `physicsTableId`, `motionTableId`, `soundTableId`, `physicsState`, `translucency`)
VALUES (2108895347, 'House Portal', 65536, 0, 0, 0, 262164, 0, 0, 0, 0, 0, 0, 41943088, 0, 100667499, 0, 0, 0, 0, 0, 0, 0, 0, 4, 0, 0, 0, 0, 0, 32, 0.75, 0, 0, 0, 0, 0, 0, 0, 0, 0, 33554867, 0, 98307, 0, 150994947, 0, 3076, 0);

INSERT INTO `ace_object` (`baseAceObjectId`, `weenieClassId`, `landblock`, `cell`, `posX`, `posY`, `posZ`, `qW`, `qX`, `qY`, `qZ`)
VALUES (2108895347, 11730, 56115, 339, 26.4662, 155.991, 117.137, 0.7078733, 0, 0, 0.7063394);

INSERT INTO `base_ace_object` (`baseAceObjectId`, `name`, `typeId`, `paletteId`, `ammoType`, `blipColor`, `bitField`, `burden`, `combatUse`, `cooldownDuration`, `cooldownId`, `effects`, `containersCapacity`, `header`, `hookTypeId`, `iconId`, `iconOverlayId`, `iconUnderlayId`, `hookItemTypes`, `itemsCapacity`, `location`, `materialType`, `maxStackSize`, `maxStructure`, `radar`, `pscript`, `spellId`, `stackSize`, `structure`, `targetTypeId`, `usability`, `useRadius`, `validLocations`, `value`, `workmanship`, `animationFrameId`, `defaultScript`, `defaultScriptIntensity`, `elasticity`, `friction`, `locationId`, `modelTableId`, `objectScale`, `physicsBitField`, `physicsTableId`, `motionTableId`, `soundTableId`, `physicsState`, `translucency`)
VALUES (2108895349, 'House Portal', 65536, 0, 0, 0, 262164, 0, 0, 0, 0, 0, 0, 41943088, 0, 100667499, 0, 0, 0, 0, 0, 0, 0, 0, 4, 0, 0, 0, 0, 0, 32, 0.75, 0, 0, 0, 0, 0, 0, 0, 0, 0, 33554867, 0, 98307, 0, 150994947, 0, 3076, 0);

INSERT INTO `ace_object` (`baseAceObjectId`, `weenieClassId`, `landblock`, `cell`, `posX`, `posY`, `posZ`, `qW`, `qX`, `qY`, `qZ`)
VALUES (2108895349, 11730, 56115, 367, 33.6036, 34.0142, 149.137, -0.03449539, 0, 0, -0.9994048);

INSERT INTO `base_ace_object` (`baseAceObjectId`, `name`, `typeId`, `paletteId`, `ammoType`, `blipColor`, `bitField`, `burden`, `combatUse`, `cooldownDuration`, `cooldownId`, `effects`, `containersCapacity`, `header`, `hookTypeId`, `iconId`, `iconOverlayId`, `iconUnderlayId`, `hookItemTypes`, `itemsCapacity`, `location`, `materialType`, `maxStackSize`, `maxStructure`, `radar`, `pscript`, `spellId`, `stackSize`, `structure`, `targetTypeId`, `usability`, `useRadius`, `validLocations`, `value`, `workmanship`, `animationFrameId`, `defaultScript`, `defaultScriptIntensity`, `elasticity`, `friction`, `locationId`, `modelTableId`, `objectScale`, `physicsBitField`, `physicsTableId`, `motionTableId`, `soundTableId`, `physicsState`, `translucency`)
VALUES (2094178304, 'Wilderness Citadel Portal', 65536, 0, 0, 0, 262164, 0, 0, 0, 0, 0, 0, 8388656, 0, 100667499, 0, 0, 0, 0, 0, 0, 0, 0, 4, 0, 0, 0, 0, 0, 32, -0.1, 0, 0, 0, 0, 0, 0, 0, 0, 0, 33555926, 0, 98307, 0, 150994947, 0, 3084, 0);

INSERT INTO `ace_object` (`baseAceObjectId`, `weenieClassId`, `landblock`, `cell`, `posX`, `posY`, `posZ`, `qW`, `qX`, `qY`, `qZ`)
VALUES (2094178304, 7321, 52522, 45, 123.144, 114.402, 148.2755, 0.9793166, 0, 0, 0.2023339);

INSERT INTO `base_ace_object` (`baseAceObjectId`, `name`, `typeId`, `paletteId`, `ammoType`, `blipColor`, `bitField`, `burden`, `combatUse`, `cooldownDuration`, `cooldownId`, `effects`, `containersCapacity`, `header`, `hookTypeId`, `iconId`, `iconOverlayId`, `iconUnderlayId`, `hookItemTypes`, `itemsCapacity`, `location`, `materialType`, `maxStackSize`, `maxStructure`, `radar`, `pscript`, `spellId`, `stackSize`, `structure`, `targetTypeId`, `usability`, `useRadius`, `validLocations`, `value`, `workmanship`, `animationFrameId`, `defaultScript`, `defaultScriptIntensity`, `elasticity`, `friction`, `locationId`, `modelTableId`, `objectScale`, `physicsBitField`, `physicsTableId`, `motionTableId`, `soundTableId`, `physicsState`, `translucency`)
VALUES (1882136598, 'Surface', 65536, 0, 0, 0, 262164, 0, 0, 0, 0, 0, 0, 8388656, 0, 100667499, 0, 0, 0, 0, 0, 0, 0, 0, 4, 0, 0, 0, 0, 0, 32, -0.1, 0, 0, 0, 0, 0, 0, 0, 0, 0, 33554867, 0, 98307, 0, 150994947, 0, 3084, 0);

INSERT INTO `ace_object` (`baseAceObjectId`, `weenieClassId`, `landblock`, `cell`, `posX`, `posY`, `posZ`, `qW`, `qX`, `qY`, `qZ`)
VALUES (1882136598, 7322, 754, 351, 160, -126, -0.06299996, -4.37114E-08, 0, 0, -1);

INSERT INTO `base_ace_object` (`baseAceObjectId`, `name`, `typeId`, `paletteId`, `ammoType`, `blipColor`, `bitField`, `burden`, `combatUse`, `cooldownDuration`, `cooldownId`, `effects`, `containersCapacity`, `header`, `hookTypeId`, `iconId`, `iconOverlayId`, `iconUnderlayId`, `hookItemTypes`, `itemsCapacity`, `location`, `materialType`, `maxStackSize`, `maxStructure`, `radar`, `pscript`, `spellId`, `stackSize`, `structure`, `targetTypeId`, `usability`, `useRadius`, `validLocations`, `value`, `workmanship`, `animationFrameId`, `defaultScript`, `defaultScriptIntensity`, `elasticity`, `friction`, `locationId`, `modelTableId`, `objectScale`, `physicsBitField`, `physicsTableId`, `motionTableId`, `soundTableId`, `physicsState`, `translucency`)
VALUES (2017886208, 'Arena', 65536, 0, 0, 0, 262164, 0, 0, 0, 0, 0, 0, 8388656, 0, 100667499, 0, 0, 0, 0, 0, 0, 0, 0, 4, 0, 0, 0, 0, 0, 32, -0.1, 0, 0, 0, 0, 0, 0, 0, 0, 0, 33554867, 0, 98307, 0, 150994947, 0, 3084, 0);

INSERT INTO `ace_object` (`baseAceObjectId`, `weenieClassId`, `landblock`, `cell`, `posX`, `posY`, `posZ`, `qW`, `qX`, `qY`, `qZ`)
VALUES (2017886208, 7894, 33896, 3, 7.04818, 58.7343, 25.62982, -0.05773549, 0, 0, -0.9983319);

INSERT INTO `base_ace_object` (`baseAceObjectId`, `name`, `typeId`, `paletteId`, `ammoType`, `blipColor`, `bitField`, `burden`, `combatUse`, `cooldownDuration`, `cooldownId`, `effects`, `containersCapacity`, `header`, `hookTypeId`, `iconId`, `iconOverlayId`, `iconUnderlayId`, `hookItemTypes`, `itemsCapacity`, `location`, `materialType`, `maxStackSize`, `maxStructure`, `radar`, `pscript`, `spellId`, `stackSize`, `structure`, `targetTypeId`, `usability`, `useRadius`, `validLocations`, `value`, `workmanship`, `animationFrameId`, `defaultScript`, `defaultScriptIntensity`, `elasticity`, `friction`, `locationId`, `modelTableId`, `objectScale`, `physicsBitField`, `physicsTableId`, `motionTableId`, `soundTableId`, `physicsState`, `translucency`)
VALUES (2012614656, 'Drudge Hovel', 65536, 0, 0, 0, 262164, 0, 0, 0, 0, 0, 0, 8388656, 0, 100667499, 0, 0, 0, 0, 0, 0, 0, 0, 4, 0, 0, 0, 0, 0, 32, -0.1, 0, 0, 0, 0, 0, 0, 0, 0, 0, 33555922, 0, 98307, 0, 150994947, 0, 3084, 0);

INSERT INTO `ace_object` (`baseAceObjectId`, `weenieClassId`, `landblock`, `cell`, `posX`, `posY`, `posZ`, `qW`, `qX`, `qY`, `qZ`)
VALUES (2012614656, 28792, 32609, 15, 35.719, 155.967, 49.937, -0.675691, 0, 0, 0.737185);

INSERT INTO `base_ace_object` (`baseAceObjectId`, `name`, `typeId`, `paletteId`, `ammoType`, `blipColor`, `bitField`, `burden`, `combatUse`, `cooldownDuration`, `cooldownId`, `effects`, `containersCapacity`, `header`, `hookTypeId`, `iconId`, `iconOverlayId`, `iconUnderlayId`, `hookItemTypes`, `itemsCapacity`, `location`, `materialType`, `maxStackSize`, `maxStructure`, `radar`, `pscript`, `spellId`, `stackSize`, `structure`, `targetTypeId`, `usability`, `useRadius`, `validLocations`, `value`, `workmanship`, `animationFrameId`, `defaultScript`, `defaultScriptIntensity`, `elasticity`, `friction`, `locationId`, `modelTableId`, `objectScale`, `physicsBitField`, `physicsTableId`, `motionTableId`, `soundTableId`, `physicsState`, `translucency`)
VALUES (1919094784, 'Aerbax''s Holding', 65536, 0, 0, 0, 262164, 0, 0, 0, 0, 0, 0, 8388656, 0, 100667499, 0, 0, 0, 0, 0, 0, 0, 0, 4, 0, 0, 0, 0, 0, 32, -0.1, 0, 0, 0, 0, 0, 0, 0, 0, 0, 33558570, 0, 98307, 0, 150994947, 0, 3084, 0);

INSERT INTO `ace_object` (`baseAceObjectId`, `weenieClassId`, `landblock`, `cell`, `posX`, `posY`, `posZ`, `qW`, `qX`, `qY`, `qZ`)
VALUES (1919094784, 25392, 9777, 36, 107.874, 84.1529, 71.937, -0.3964452, 0, 0, -0.9180584);

INSERT INTO `base_ace_object` (`baseAceObjectId`, `name`, `typeId`, `paletteId`, `ammoType`, `blipColor`, `bitField`, `burden`, `combatUse`, `cooldownDuration`, `cooldownId`, `effects`, `containersCapacity`, `header`, `hookTypeId`, `iconId`, `iconOverlayId`, `iconUnderlayId`, `hookItemTypes`, `itemsCapacity`, `location`, `materialType`, `maxStackSize`, `maxStructure`, `radar`, `pscript`, `spellId`, `stackSize`, `structure`, `targetTypeId`, `usability`, `useRadius`, `validLocations`, `value`, `workmanship`, `animationFrameId`, `defaultScript`, `defaultScriptIntensity`, `elasticity`, `friction`, `locationId`, `modelTableId`, `objectScale`, `physicsBitField`, `physicsTableId`, `motionTableId`, `soundTableId`, `physicsState`, `translucency`)
VALUES (1972678692, 'Exit to Surface', 65536, 0, 0, 0, 262164, 0, 0, 0, 0, 0, 0, 8388656, 0, 100667499, 0, 0, 0, 0, 0, 0, 0, 0, 4, 0, 0, 0, 0, 0, 32, -0.1, 0, 0, 0, 0, 0, 0, 0, 0, 0, 33554867, 0, 98307, 0, 150994947, 0, 3084, 0);

INSERT INTO `ace_object` (`baseAceObjectId`, `weenieClassId`, `landblock`, `cell`, `posX`, `posY`, `posZ`, `qW`, `qX`, `qY`, `qZ`)
VALUES (1972678692, 25393, 22859, 366, 12.8928, -119.376, 5.937, -0.3777021, 0, 0, -0.9259272);

INSERT INTO `base_ace_object` (`baseAceObjectId`, `name`, `typeId`, `paletteId`, `ammoType`, `blipColor`, `bitField`, `burden`, `combatUse`, `cooldownDuration`, `cooldownId`, `effects`, `containersCapacity`, `header`, `hookTypeId`, `iconId`, `iconOverlayId`, `iconUnderlayId`, `hookItemTypes`, `itemsCapacity`, `location`, `materialType`, `maxStackSize`, `maxStructure`, `radar`, `pscript`, `spellId`, `stackSize`, `structure`, `targetTypeId`, `usability`, `useRadius`, `validLocations`, `value`, `workmanship`, `animationFrameId`, `defaultScript`, `defaultScriptIntensity`, `elasticity`, `friction`, `locationId`, `modelTableId`, `objectScale`, `physicsBitField`, `physicsTableId`, `motionTableId`, `soundTableId`, `physicsState`, `translucency`)
VALUES (3335190692, 'Direlands Valleys Portal', 65536, 0, 0, 0, 262164, 0, 0, 0, 0, 0, 0, 8388656, 0, 100667499, 0, 0, 0, 0, 0, 0, 0, 0, 4, 0, 0, 0, 0, 0, 32, -0.1, 0, 0, 0, 0, 0, 0, 0, 0, 0, 33555926, 0, 98307, 0, 150994947, 0, 3084, 0);

INSERT INTO `ace_object` (`baseAceObjectId`, `weenieClassId`, `landblock`, `cell`, `posX`, `posY`, `posZ`, `qW`, `qX`, `qY`, `qZ`)
VALUES (3335190692, 8386, 37072, 46, 139.0378, 139.3256, 301.062, 0.9537169, 0, 0, -0.3007058);

INSERT INTO `base_ace_object` (`baseAceObjectId`, `name`, `typeId`, `paletteId`, `ammoType`, `blipColor`, `bitField`, `burden`, `combatUse`, `cooldownDuration`, `cooldownId`, `effects`, `containersCapacity`, `header`, `hookTypeId`, `iconId`, `iconOverlayId`, `iconUnderlayId`, `hookItemTypes`, `itemsCapacity`, `location`, `materialType`, `maxStackSize`, `maxStructure`, `radar`, `pscript`, `spellId`, `stackSize`, `structure`, `targetTypeId`, `usability`, `useRadius`, `validLocations`, `value`, `workmanship`, `animationFrameId`, `defaultScript`, `defaultScriptIntensity`, `elasticity`, `friction`, `locationId`, `modelTableId`, `objectScale`, `physicsBitField`, `physicsTableId`, `motionTableId`, `soundTableId`, `physicsState`, `translucency`)
VALUES (1957625856, 'Coral Caves', 65536, 0, 0, 0, 262164, 0, 0, 0, 0, 0, 0, 8388656, 0, 100667499, 0, 0, 0, 0, 0, 0, 0, 0, 4, 0, 0, 0, 0, 0, 32, -0.1, 0, 0, 0, 0, 0, 0, 0, 0, 0, 33555925, 0, 98307, 0, 150994947, 0, 3084, 0);

INSERT INTO `ace_object` (`baseAceObjectId`, `weenieClassId`, `landblock`, `cell`, `posX`, `posY`, `posZ`, `qW`, `qX`, `qY`, `qZ`)
VALUES (1957625856, 31326, 19184, 21, 69.151, 104.98, -0.9629998, -0.9855204, 0, 0, -0.1695571);

INSERT INTO `base_ace_object` (`baseAceObjectId`, `name`, `typeId`, `paletteId`, `ammoType`, `blipColor`, `bitField`, `burden`, `combatUse`, `cooldownDuration`, `cooldownId`, `effects`, `containersCapacity`, `header`, `hookTypeId`, `iconId`, `iconOverlayId`, `iconUnderlayId`, `hookItemTypes`, `itemsCapacity`, `location`, `materialType`, `maxStackSize`, `maxStructure`, `radar`, `pscript`, `spellId`, `stackSize`, `structure`, `targetTypeId`, `usability`, `useRadius`, `validLocations`, `value`, `workmanship`, `animationFrameId`, `defaultScript`, `defaultScriptIntensity`, `elasticity`, `friction`, `locationId`, `modelTableId`, `objectScale`, `physicsBitField`, `physicsTableId`, `motionTableId`, `soundTableId`, `physicsState`, `translucency`)
VALUES (1918394368, 'Mountain Citadel Portal', 65536, 0, 0, 0, 262164, 0, 0, 0, 0, 0, 0, 8388656, 0, 100667499, 0, 0, 0, 0, 0, 0, 0, 0, 4, 0, 0, 0, 0, 0, 32, -0.1, 0, 0, 0, 0, 0, 0, 0, 0, 0, 33555924, 0, 98307, 0, 150994947, 0, 3084, 0);

INSERT INTO `ace_object` (`baseAceObjectId`, `weenieClassId`, `landblock`, `cell`, `posX`, `posY`, `posZ`, `qW`, `qX`, `qY`, `qZ`)
VALUES (1918394368, 25281, 9606, 42, 125.577, 26.2516, 103.7494, -0.5401858, 0, 0, -0.8415458);

INSERT INTO `base_ace_object` (`baseAceObjectId`, `name`, `typeId`, `paletteId`, `ammoType`, `blipColor`, `bitField`, `burden`, `combatUse`, `cooldownDuration`, `cooldownId`, `effects`, `containersCapacity`, `header`, `hookTypeId`, `iconId`, `iconOverlayId`, `iconUnderlayId`, `hookItemTypes`, `itemsCapacity`, `location`, `materialType`, `maxStackSize`, `maxStructure`, `radar`, `pscript`, `spellId`, `stackSize`, `structure`, `targetTypeId`, `usability`, `useRadius`, `validLocations`, `value`, `workmanship`, `animationFrameId`, `defaultScript`, `defaultScriptIntensity`, `elasticity`, `friction`, `locationId`, `modelTableId`, `objectScale`, `physicsBitField`, `physicsTableId`, `motionTableId`, `soundTableId`, `physicsState`, `translucency`)
VALUES (1981050902, 'Surface', 65536, 0, 0, 0, 262164, 0, 0, 0, 0, 0, 0, 8388656, 0, 100667499, 0, 0, 0, 0, 0, 0, 0, 0, 4, 0, 0, 0, 0, 0, 32, -0.1, 0, 0, 0, 0, 0, 0, 0, 0, 0, 33554867, 0, 98307, 0, 150994947, 0, 3084, 0);

INSERT INTO `ace_object` (`baseAceObjectId`, `weenieClassId`, `landblock`, `cell`, `posX`, `posY`, `posZ`, `qW`, `qX`, `qY`, `qZ`)
VALUES (1981050902, 25282, 24903, 351, 160, -126, -0.06299996, -4.37114E-08, 0, 0, -1);

INSERT INTO `base_ace_object` (`baseAceObjectId`, `name`, `typeId`, `paletteId`, `ammoType`, `blipColor`, `bitField`, `burden`, `combatUse`, `cooldownDuration`, `cooldownId`, `effects`, `containersCapacity`, `header`, `hookTypeId`, `iconId`, `iconOverlayId`, `iconUnderlayId`, `hookItemTypes`, `itemsCapacity`, `location`, `materialType`, `maxStackSize`, `maxStructure`, `radar`, `pscript`, `spellId`, `stackSize`, `structure`, `targetTypeId`, `usability`, `useRadius`, `validLocations`, `value`, `workmanship`, `animationFrameId`, `defaultScript`, `defaultScriptIntensity`, `elasticity`, `friction`, `locationId`, `modelTableId`, `objectScale`, `physicsBitField`, `physicsTableId`, `motionTableId`, `soundTableId`, `physicsState`, `translucency`)
VALUES (1879859353, 'Moarsmen Priory', 65536, 0, 0, 0, 262164, 0, 0, 0, 0, 0, 0, 8388656, 0, 100667499, 0, 0, 0, 0, 0, 0, 0, 0, 4, 0, 0, 0, 0, 0, 32, -0.1, 0, 0, 0, 0, 0, 0, 0, 0, 0, 33555925, 0, 98307, 0, 150994947, 0, 3084, 0);

INSERT INTO `ace_object` (`baseAceObjectId`, `weenieClassId`, `landblock`, `cell`, `posX`, `posY`, `posZ`, `qW`, `qX`, `qY`, `qZ`)
VALUES (1879859353, 38365, 198, 880, 30, -160, -12.063, 0.3826829, 0, 0, -0.9238797);

INSERT INTO `base_ace_object` (`baseAceObjectId`, `name`, `typeId`, `paletteId`, `ammoType`, `blipColor`, `bitField`, `burden`, `combatUse`, `cooldownDuration`, `cooldownId`, `effects`, `containersCapacity`, `header`, `hookTypeId`, `iconId`, `iconOverlayId`, `iconUnderlayId`, `hookItemTypes`, `itemsCapacity`, `location`, `materialType`, `maxStackSize`, `maxStructure`, `radar`, `pscript`, `spellId`, `stackSize`, `structure`, `targetTypeId`, `usability`, `useRadius`, `validLocations`, `value`, `workmanship`, `animationFrameId`, `defaultScript`, `defaultScriptIntensity`, `elasticity`, `friction`, `locationId`, `modelTableId`, `objectScale`, `physicsBitField`, `physicsTableId`, `motionTableId`, `soundTableId`, `physicsState`, `translucency`)
VALUES (1879949379, 'Surface', 65536, 0, 0, 0, 262164, 0, 0, 0, 0, 0, 0, 8388656, 0, 100667499, 0, 0, 0, 0, 0, 0, 0, 0, 4, 0, 0, 0, 0, 0, 32, -0.1, 0, 0, 0, 0, 0, 0, 0, 0, 0, 33554867, 0, 98307, 0, 150994947, 0, 3084, 0);

INSERT INTO `ace_object` (`baseAceObjectId`, `weenieClassId`, `landblock`, `cell`, `posX`, `posY`, `posZ`, `qW`, `qX`, `qY`, `qZ`)
VALUES (1879949379, 38366, 220, 628, 189.981, -76.1947, -6.063, 0.009678002, 0, 0, 0.9999532);

INSERT INTO `base_ace_object` (`baseAceObjectId`, `name`, `typeId`, `paletteId`, `ammoType`, `blipColor`, `bitField`, `burden`, `combatUse`, `cooldownDuration`, `cooldownId`, `effects`, `containersCapacity`, `header`, `hookTypeId`, `iconId`, `iconOverlayId`, `iconUnderlayId`, `hookItemTypes`, `itemsCapacity`, `location`, `materialType`, `maxStackSize`, `maxStructure`, `radar`, `pscript`, `spellId`, `stackSize`, `structure`, `targetTypeId`, `usability`, `useRadius`, `validLocations`, `value`, `workmanship`, `animationFrameId`, `defaultScript`, `defaultScriptIntensity`, `elasticity`, `friction`, `locationId`, `modelTableId`, `objectScale`, `physicsBitField`, `physicsTableId`, `motionTableId`, `soundTableId`, `physicsState`, `translucency`)
VALUES (1879949380, 'Surface', 65536, 0, 0, 0, 262164, 0, 0, 0, 0, 0, 0, 8388656, 0, 100667499, 0, 0, 0, 0, 0, 0, 0, 0, 4, 0, 0, 0, 0, 0, 32, -0.1, 0, 0, 0, 0, 0, 0, 0, 0, 0, 33554867, 0, 98307, 0, 150994947, 0, 3084, 0);

INSERT INTO `ace_object` (`baseAceObjectId`, `weenieClassId`, `landblock`, `cell`, `posX`, `posY`, `posZ`, `qW`, `qX`, `qY`, `qZ`)
VALUES (1879949380, 38366, 220, 674, 206.195, -60.0187, -6.063, 0.7002302, 0, 0, -0.7139172);

INSERT INTO `base_ace_object` (`baseAceObjectId`, `name`, `typeId`, `paletteId`, `ammoType`, `blipColor`, `bitField`, `burden`, `combatUse`, `cooldownDuration`, `cooldownId`, `effects`, `containersCapacity`, `header`, `hookTypeId`, `iconId`, `iconOverlayId`, `iconUnderlayId`, `hookItemTypes`, `itemsCapacity`, `location`, `materialType`, `maxStackSize`, `maxStructure`, `radar`, `pscript`, `spellId`, `stackSize`, `structure`, `targetTypeId`, `usability`, `useRadius`, `validLocations`, `value`, `workmanship`, `animationFrameId`, `defaultScript`, `defaultScriptIntensity`, `elasticity`, `friction`, `locationId`, `modelTableId`, `objectScale`, `physicsBitField`, `physicsTableId`, `motionTableId`, `soundTableId`, `physicsState`, `translucency`)
VALUES (1977929734, 'Undisclosed Location', 65536, 0, 0, 0, 262164, 0, 0, 0, 0, 0, 0, 8388656, 0, 100667499, 0, 0, 0, 0, 0, 0, 0, 0, 4, 0, 0, 0, 0, 0, 32, -0.1, 0, 0, 0, 0, 0, 0, 0, 0, 0, 33554867, 0, 98307, 0, 150994947, 0, 3084, 0);

INSERT INTO `ace_object` (`baseAceObjectId`, `weenieClassId`, `landblock`, `cell`, `posX`, `posY`, `posZ`, `qW`, `qX`, `qY`, `qZ`)
VALUES (1977929734, 25727, 24141, 270, 23.2239, -50.0646, -6.063, 0.6884319, 0, 0, -0.725301);

INSERT INTO `base_ace_object` (`baseAceObjectId`, `name`, `typeId`, `paletteId`, `ammoType`, `blipColor`, `bitField`, `burden`, `combatUse`, `cooldownDuration`, `cooldownId`, `effects`, `containersCapacity`, `header`, `hookTypeId`, `iconId`, `iconOverlayId`, `iconUnderlayId`, `hookItemTypes`, `itemsCapacity`, `location`, `materialType`, `maxStackSize`, `maxStructure`, `radar`, `pscript`, `spellId`, `stackSize`, `structure`, `targetTypeId`, `usability`, `useRadius`, `validLocations`, `value`, `workmanship`, `animationFrameId`, `defaultScript`, `defaultScriptIntensity`, `elasticity`, `friction`, `locationId`, `modelTableId`, `objectScale`, `physicsBitField`, `physicsTableId`, `motionTableId`, `soundTableId`, `physicsState`, `translucency`)
VALUES (1879814153, 'Surface', 65536, 0, 0, 0, 262164, 0, 0, 0, 0, 0, 0, 8388656, 0, 100667499, 0, 0, 0, 0, 0, 0, 0, 0, 4, 0, 0, 0, 0, 0, 32, -0.1, 0, 0, 0, 0, 0, 0, 0, 0, 0, 33560216, 0, 98307, 0, 150995314, 0, 3084, 0);

INSERT INTO `ace_object` (`baseAceObjectId`, `weenieClassId`, `landblock`, `cell`, `posX`, `posY`, `posZ`, `qW`, `qX`, `qY`, `qZ`)
VALUES (1879814153, 38377, 187, 276, 110.03, -62.2496, -42.20983, 0.9191434, 0, 0, 0.3939232);

INSERT INTO `base_ace_object` (`baseAceObjectId`, `name`, `typeId`, `paletteId`, `ammoType`, `blipColor`, `bitField`, `burden`, `combatUse`, `cooldownDuration`, `cooldownId`, `effects`, `containersCapacity`, `header`, `hookTypeId`, `iconId`, `iconOverlayId`, `iconUnderlayId`, `hookItemTypes`, `itemsCapacity`, `location`, `materialType`, `maxStackSize`, `maxStructure`, `radar`, `pscript`, `spellId`, `stackSize`, `structure`, `targetTypeId`, `usability`, `useRadius`, `validLocations`, `value`, `workmanship`, `animationFrameId`, `defaultScript`, `defaultScriptIntensity`, `elasticity`, `friction`, `locationId`, `modelTableId`, `objectScale`, `physicsBitField`, `physicsTableId`, `motionTableId`, `soundTableId`, `physicsState`, `translucency`)
VALUES (2083917824, 'Corrupted Catacombs', 65536, 0, 0, 0, 262164, 0, 0, 0, 0, 0, 0, 8388656, 0, 100667499, 0, 0, 0, 0, 0, 0, 0, 0, 4, 0, 0, 0, 0, 0, 32, -0.1, 0, 0, 0, 0, 0, 0, 0, 0, 0, 33560216, 0, 98307, 0, 150995314, 0, 3084, 0);

INSERT INTO `ace_object` (`baseAceObjectId`, `weenieClassId`, `landblock`, `cell`, `posX`, `posY`, `posZ`, `qW`, `qX`, `qY`, `qZ`)
VALUES (2083917824, 38400, 50017, 5, 10.4474, 97.1284, 5.79017, 0.9996162, 0, 0, -0.0277019);

INSERT INTO `base_ace_object` (`baseAceObjectId`, `name`, `typeId`, `paletteId`, `ammoType`, `blipColor`, `bitField`, `burden`, `combatUse`, `cooldownDuration`, `cooldownId`, `effects`, `containersCapacity`, `header`, `hookTypeId`, `iconId`, `iconOverlayId`, `iconUnderlayId`, `hookItemTypes`, `itemsCapacity`, `location`, `materialType`, `maxStackSize`, `maxStructure`, `radar`, `pscript`, `spellId`, `stackSize`, `structure`, `targetTypeId`, `usability`, `useRadius`, `validLocations`, `value`, `workmanship`, `animationFrameId`, `defaultScript`, `defaultScriptIntensity`, `elasticity`, `friction`, `locationId`, `modelTableId`, `objectScale`, `physicsBitField`, `physicsTableId`, `motionTableId`, `soundTableId`, `physicsState`, `translucency`)
VALUES (1879810097, 'Surface', 65536, 0, 0, 0, 262164, 0, 0, 0, 0, 0, 0, 8388656, 0, 100667499, 0, 0, 0, 0, 0, 0, 0, 0, 4, 0, 0, 0, 0, 0, 32, -0.1, 0, 0, 0, 0, 0, 0, 0, 0, 0, 33560217, 0, 98307, 0, 150995314, 0, 3084, 0);

INSERT INTO `ace_object` (`baseAceObjectId`, `weenieClassId`, `landblock`, `cell`, `posX`, `posY`, `posZ`, `qW`, `qX`, `qY`, `qZ`)
VALUES (1879810097, 38401, 186, 839, 121.528, -91.8935, -0.20983, 0.9476507, 0, 0, 0.3193089);

INSERT INTO `base_ace_object` (`baseAceObjectId`, `name`, `typeId`, `paletteId`, `ammoType`, `blipColor`, `bitField`, `burden`, `combatUse`, `cooldownDuration`, `cooldownId`, `effects`, `containersCapacity`, `header`, `hookTypeId`, `iconId`, `iconOverlayId`, `iconUnderlayId`, `hookItemTypes`, `itemsCapacity`, `location`, `materialType`, `maxStackSize`, `maxStructure`, `radar`, `pscript`, `spellId`, `stackSize`, `structure`, `targetTypeId`, `usability`, `useRadius`, `validLocations`, `value`, `workmanship`, `animationFrameId`, `defaultScript`, `defaultScriptIntensity`, `elasticity`, `friction`, `locationId`, `modelTableId`, `objectScale`, `physicsBitField`, `physicsTableId`, `motionTableId`, `soundTableId`, `physicsState`, `translucency`)
VALUES (1879810055, 'Surface', 65536, 0, 0, 0, 262164, 0, 0, 0, 0, 0, 0, 8388656, 0, 100667499, 0, 0, 0, 0, 0, 0, 0, 0, 4, 0, 0, 0, 0, 0, 32, -0.1, 0, 0, 0, 0, 0, 0, 0, 0, 0, 33560217, 0, 98307, 0, 150995314, 0, 3084, 0);

INSERT INTO `ace_object` (`baseAceObjectId`, `weenieClassId`, `landblock`, `cell`, `posX`, `posY`, `posZ`, `qW`, `qX`, `qY`, `qZ`)
VALUES (1879810055, 38401, 186, 305, 40, -50, -24.20983, 1, 0, 0, -4.37114E-08);

INSERT INTO `base_ace_object` (`baseAceObjectId`, `name`, `typeId`, `paletteId`, `ammoType`, `blipColor`, `bitField`, `burden`, `combatUse`, `cooldownDuration`, `cooldownId`, `effects`, `containersCapacity`, `header`, `hookTypeId`, `iconId`, `iconOverlayId`, `iconUnderlayId`, `hookItemTypes`, `itemsCapacity`, `location`, `materialType`, `maxStackSize`, `maxStructure`, `radar`, `pscript`, `spellId`, `stackSize`, `structure`, `targetTypeId`, `usability`, `useRadius`, `validLocations`, `value`, `workmanship`, `animationFrameId`, `defaultScript`, `defaultScriptIntensity`, `elasticity`, `friction`, `locationId`, `modelTableId`, `objectScale`, `physicsBitField`, `physicsTableId`, `motionTableId`, `soundTableId`, `physicsState`, `translucency`)
VALUES (2930116026, 'The Colosseum', 65536, 0, 0, 0, 262164, 0, 0, 0, 0, 0, 0, 8388656, 0, 100677070, 0, 0, 0, 0, 0, 0, 0, 0, 4, 0, 0, 0, 0, 0, 32, 0.3, 0, 0, 0, 0, 0, 0, 0, 0, 0, 33560143, 0, 32769, 0, 0, 0, 66576, 0);

INSERT INTO `ace_object` (`baseAceObjectId`, `weenieClassId`, `landblock`, `cell`, `posX`, `posY`, `posZ`, `qW`, `qX`, `qY`, `qZ`)
VALUES (2930116026, 35003, 182, 298, 220, -306, -12, 1, 0, 0, 0);

INSERT INTO `base_ace_object` (`baseAceObjectId`, `name`, `typeId`, `paletteId`, `ammoType`, `blipColor`, `bitField`, `burden`, `combatUse`, `cooldownDuration`, `cooldownId`, `effects`, `containersCapacity`, `header`, `hookTypeId`, `iconId`, `iconOverlayId`, `iconUnderlayId`, `hookItemTypes`, `itemsCapacity`, `location`, `materialType`, `maxStackSize`, `maxStructure`, `radar`, `pscript`, `spellId`, `stackSize`, `structure`, `targetTypeId`, `usability`, `useRadius`, `validLocations`, `value`, `workmanship`, `animationFrameId`, `defaultScript`, `defaultScriptIntensity`, `elasticity`, `friction`, `locationId`, `modelTableId`, `objectScale`, `physicsBitField`, `physicsTableId`, `motionTableId`, `soundTableId`, `physicsState`, `translucency`)
VALUES (2013278296, 'Central Courtyard', 65536, 0, 0, 0, 262164, 0, 0, 0, 0, 0, 0, 8388656, 0, 100667499, 0, 0, 0, 0, 0, 0, 0, 0, 4, 0, 0, 0, 0, 0, 32, -0.1, 0, 0, 0, 0, 0, 0, 0, 0, 0, 33554867, 0, 98307, 0, 150994947, 0, 3084, 0);

INSERT INTO `ace_object` (`baseAceObjectId`, `weenieClassId`, `landblock`, `cell`, `posX`, `posY`, `posZ`, `qW`, `qX`, `qY`, `qZ`)
VALUES (2013278296, 31061, 32771, 627, 70, -40, -0.06299996, 1, 0, 0, 0);

INSERT INTO `base_ace_object` (`baseAceObjectId`, `name`, `typeId`, `paletteId`, `ammoType`, `blipColor`, `bitField`, `burden`, `combatUse`, `cooldownDuration`, `cooldownId`, `effects`, `containersCapacity`, `header`, `hookTypeId`, `iconId`, `iconOverlayId`, `iconUnderlayId`, `hookItemTypes`, `itemsCapacity`, `location`, `materialType`, `maxStackSize`, `maxStructure`, `radar`, `pscript`, `spellId`, `stackSize`, `structure`, `targetTypeId`, `usability`, `useRadius`, `validLocations`, `value`, `workmanship`, `animationFrameId`, `defaultScript`, `defaultScriptIntensity`, `elasticity`, `friction`, `locationId`, `modelTableId`, `objectScale`, `physicsBitField`, `physicsTableId`, `motionTableId`, `soundTableId`, `physicsState`, `translucency`)
VALUES (2013278314, 'Outer Courtyard', 65536, 0, 0, 0, 262164, 0, 0, 0, 0, 0, 0, 8388656, 0, 100667499, 0, 0, 0, 0, 0, 0, 0, 0, 4, 0, 0, 0, 0, 0, 32, -0.1, 0, 0, 0, 0, 0, 0, 0, 0, 0, 33554867, 0, 98307, 0, 150994947, 0, 3084, 0);

INSERT INTO `ace_object` (`baseAceObjectId`, `weenieClassId`, `landblock`, `cell`, `posX`, `posY`, `posZ`, `qW`, `qX`, `qY`, `qZ`)
VALUES (2013278314, 29334, 32771, 817, 90, -60, 11.937, -0.7071068, 0, 0, -0.7071068);

INSERT INTO `base_ace_object` (`baseAceObjectId`, `name`, `typeId`, `paletteId`, `ammoType`, `blipColor`, `bitField`, `burden`, `combatUse`, `cooldownDuration`, `cooldownId`, `effects`, `containersCapacity`, `header`, `hookTypeId`, `iconId`, `iconOverlayId`, `iconUnderlayId`, `hookItemTypes`, `itemsCapacity`, `location`, `materialType`, `maxStackSize`, `maxStructure`, `radar`, `pscript`, `spellId`, `stackSize`, `structure`, `targetTypeId`, `usability`, `useRadius`, `validLocations`, `value`, `workmanship`, `animationFrameId`, `defaultScript`, `defaultScriptIntensity`, `elasticity`, `friction`, `locationId`, `modelTableId`, `objectScale`, `physicsBitField`, `physicsTableId`, `motionTableId`, `soundTableId`, `physicsState`, `translucency`)
VALUES (2013278226, 'Exit to Shoushi', 65536, 0, 0, 0, 262164, 0, 0, 0, 0, 0, 0, 8388656, 0, 100667499, 0, 0, 0, 0, 0, 0, 0, 0, 4, 0, 0, 0, 0, 0, 32, -0.1, 0, 0, 0, 0, 0, 0, 0, 0, 0, 33554867, 0, 98307, 0, 150994947, 0, 3084, 0);

INSERT INTO `ace_object` (`baseAceObjectId`, `weenieClassId`, `landblock`, `cell`, `posX`, `posY`, `posZ`, `qW`, `qX`, `qY`, `qZ`)
VALUES (2013278226, 29337, 32771, 361, 158.641, -149.516, -6.063, 0.7071068, 0, 0, -0.7071068);

INSERT INTO `base_ace_object` (`baseAceObjectId`, `name`, `typeId`, `paletteId`, `ammoType`, `blipColor`, `bitField`, `burden`, `combatUse`, `cooldownDuration`, `cooldownId`, `effects`, `containersCapacity`, `header`, `hookTypeId`, `iconId`, `iconOverlayId`, `iconUnderlayId`, `hookItemTypes`, `itemsCapacity`, `location`, `materialType`, `maxStackSize`, `maxStructure`, `radar`, `pscript`, `spellId`, `stackSize`, `structure`, `targetTypeId`, `usability`, `useRadius`, `validLocations`, `value`, `workmanship`, `animationFrameId`, `defaultScript`, `defaultScriptIntensity`, `elasticity`, `friction`, `locationId`, `modelTableId`, `objectScale`, `physicsBitField`, `physicsTableId`, `motionTableId`, `soundTableId`, `physicsState`, `translucency`)
VALUES (2015944711, 'Impious Temple Portal', 65536, 0, 0, 0, 262164, 0, 0, 0, 0, 0, 0, 8388656, 0, 100667499, 0, 0, 0, 0, 0, 0, 0, 0, 4, 0, 0, 0, 0, 0, 32, -0.1, 0, 0, 0, 0, 0, 0, 0, 0, 0, 33555923, 0, 98307, 0, 150994947, 0, 3084, 0);

INSERT INTO `ace_object` (`baseAceObjectId`, `weenieClassId`, `landblock`, `cell`, `posX`, `posY`, `posZ`, `qW`, `qX`, `qY`, `qZ`)
VALUES (2015944711, 4975, 33422, 256, 86.643, 130.109, 123.937, 0.7122703, 0, 0, -0.7019053);

INSERT INTO `base_ace_object` (`baseAceObjectId`, `name`, `typeId`, `paletteId`, `ammoType`, `blipColor`, `bitField`, `burden`, `combatUse`, `cooldownDuration`, `cooldownId`, `effects`, `containersCapacity`, `header`, `hookTypeId`, `iconId`, `iconOverlayId`, `iconUnderlayId`, `hookItemTypes`, `itemsCapacity`, `location`, `materialType`, `maxStackSize`, `maxStructure`, `radar`, `pscript`, `spellId`, `stackSize`, `structure`, `targetTypeId`, `usability`, `useRadius`, `validLocations`, `value`, `workmanship`, `animationFrameId`, `defaultScript`, `defaultScriptIntensity`, `elasticity`, `friction`, `locationId`, `modelTableId`, `objectScale`, `physicsBitField`, `physicsTableId`, `motionTableId`, `soundTableId`, `physicsState`, `translucency`)
VALUES (2015944706, 'Four Towers Entrance', 65536, 0, 0, 0, 262164, 0, 0, 0, 0, 0, 0, 8388656, 0, 100667499, 0, 0, 0, 0, 0, 0, 0, 0, 4, 0, 0, 0, 0, 0, 32, -0.1, 0, 0, 0, 0, 0, 0, 0, 0, 0, 33555923, 0, 98307, 0, 150994947, 0, 3084, 0);

INSERT INTO `ace_object` (`baseAceObjectId`, `weenieClassId`, `landblock`, `cell`, `posX`, `posY`, `posZ`, `qW`, `qX`, `qY`, `qZ`)
VALUES (2015944706, 3956, 33422, 24, 66.3802, 190.522, 123.937, -0.02237979, 0, 0, 0.9997495);

INSERT INTO `base_ace_object` (`baseAceObjectId`, `name`, `typeId`, `paletteId`, `ammoType`, `blipColor`, `bitField`, `burden`, `combatUse`, `cooldownDuration`, `cooldownId`, `effects`, `containersCapacity`, `header`, `hookTypeId`, `iconId`, `iconOverlayId`, `iconUnderlayId`, `hookItemTypes`, `itemsCapacity`, `location`, `materialType`, `maxStackSize`, `maxStructure`, `radar`, `pscript`, `spellId`, `stackSize`, `structure`, `targetTypeId`, `usability`, `useRadius`, `validLocations`, `value`, `workmanship`, `animationFrameId`, `defaultScript`, `defaultScriptIntensity`, `elasticity`, `friction`, `locationId`, `modelTableId`, `objectScale`, `physicsBitField`, `physicsTableId`, `motionTableId`, `soundTableId`, `physicsState`, `translucency`)
VALUES (2015944709, 'Exit', 65536, 67109370, 0, 0, 262164, 0, 0, 0, 0, 0, 0, 8388656, 0, 100667499, 0, 0, 0, 0, 0, 0, 0, 0, 4, 0, 0, 0, 0, 0, 32, -0.1, 0, 0, 0, 0, 0, 0, 0, 0, 0, 33554867, 0, 98307, 0, 150994947, 0, 3084, 0);

INSERT INTO `ace_object` (`baseAceObjectId`, `weenieClassId`, `landblock`, `cell`, `posX`, `posY`, `posZ`, `qW`, `qX`, `qY`, `qZ`)
VALUES (2015944709, 3957, 33422, 21, 69.2759, 113.065, 123.937, 0.04919162, 0, 0, -0.9987894);

INSERT INTO `ace_object_palette_changes` (`baseAceObjectId`, `subPaletteId`, `offset`, `length`)
VALUES (2015944709, 67111849, 8, 2040);

INSERT INTO `base_ace_object` (`baseAceObjectId`, `name`, `typeId`, `paletteId`, `ammoType`, `blipColor`, `bitField`, `burden`, `combatUse`, `cooldownDuration`, `cooldownId`, `effects`, `containersCapacity`, `header`, `hookTypeId`, `iconId`, `iconOverlayId`, `iconUnderlayId`, `hookItemTypes`, `itemsCapacity`, `location`, `materialType`, `maxStackSize`, `maxStructure`, `radar`, `pscript`, `spellId`, `stackSize`, `structure`, `targetTypeId`, `usability`, `useRadius`, `validLocations`, `value`, `workmanship`, `animationFrameId`, `defaultScript`, `defaultScriptIntensity`, `elasticity`, `friction`, `locationId`, `modelTableId`, `objectScale`, `physicsBitField`, `physicsTableId`, `motionTableId`, `soundTableId`, `physicsState`, `translucency`)
VALUES (1969553458, 'Portal to Samsur', 65536, 0, 0, 0, 262164, 0, 0, 0, 0, 0, 0, 8388656, 0, 100667499, 0, 0, 0, 0, 0, 0, 0, 0, 4, 0, 0, 0, 0, 0, 32, -0.1, 0, 0, 0, 0, 0, 0, 0, 0, 0, 33554867, 0, 98307, 0, 150994947, 0, 3084, 0);

INSERT INTO `ace_object` (`baseAceObjectId`, `weenieClassId`, `landblock`, `cell`, `posX`, `posY`, `posZ`, `qW`, `qX`, `qY`, `qZ`)
VALUES (1969553458, 42834, 22096, 420, 56.076, -89.975, 5.937, 0.6777362, 0, 0, -0.7353052);

INSERT INTO `base_ace_object` (`baseAceObjectId`, `name`, `typeId`, `paletteId`, `ammoType`, `blipColor`, `bitField`, `burden`, `combatUse`, `cooldownDuration`, `cooldownId`, `effects`, `containersCapacity`, `header`, `hookTypeId`, `iconId`, `iconOverlayId`, `iconUnderlayId`, `hookItemTypes`, `itemsCapacity`, `location`, `materialType`, `maxStackSize`, `maxStructure`, `radar`, `pscript`, `spellId`, `stackSize`, `structure`, `targetTypeId`, `usability`, `useRadius`, `validLocations`, `value`, `workmanship`, `animationFrameId`, `defaultScript`, `defaultScriptIntensity`, `elasticity`, `friction`, `locationId`, `modelTableId`, `objectScale`, `physicsBitField`, `physicsTableId`, `motionTableId`, `soundTableId`, `physicsState`, `translucency`)
VALUES (1969553456, 'Lin Portal', 65536, 0, 0, 0, 262164, 0, 0, 0, 0, 0, 0, 8388656, 0, 100667499, 0, 0, 0, 0, 0, 0, 0, 0, 4, 0, 0, 0, 0, 0, 32, -0.1, 0, 0, 0, 0, 0, 0, 0, 0, 0, 33554867, 0, 98307, 0, 150994947, 0, 3084, 0);

INSERT INTO `ace_object` (`baseAceObjectId`, `weenieClassId`, `landblock`, `cell`, `posX`, `posY`, `posZ`, `qW`, `qX`, `qY`, `qZ`)
VALUES (1969553456, 42844, 22096, 396, 24.281, -90.016, 5.937, -0.701861, 0, 0, -0.712314);

INSERT INTO `base_ace_object` (`baseAceObjectId`, `name`, `typeId`, `paletteId`, `ammoType`, `blipColor`, `bitField`, `burden`, `combatUse`, `cooldownDuration`, `cooldownId`, `effects`, `containersCapacity`, `header`, `hookTypeId`, `iconId`, `iconOverlayId`, `iconUnderlayId`, `hookItemTypes`, `itemsCapacity`, `location`, `materialType`, `maxStackSize`, `maxStructure`, `radar`, `pscript`, `spellId`, `stackSize`, `structure`, `targetTypeId`, `usability`, `useRadius`, `validLocations`, `value`, `workmanship`, `animationFrameId`, `defaultScript`, `defaultScriptIntensity`, `elasticity`, `friction`, `locationId`, `modelTableId`, `objectScale`, `physicsBitField`, `physicsTableId`, `motionTableId`, `soundTableId`, `physicsState`, `translucency`)
VALUES (1969553447, 'Festivus Court Portal', 65536, 0, 0, 0, 262164, 0, 0, 0, 0, 0, 0, 8388656, 0, 100667499, 0, 0, 0, 0, 0, 0, 0, 0, 4, 0, 0, 0, 0, 0, 32, -0.1, 0, 0, 0, 0, 0, 0, 0, 0, 0, 33554867, 0, 98307, 0, 150994947, 0, 3084, 0);

INSERT INTO `ace_object` (`baseAceObjectId`, `weenieClassId`, `landblock`, `cell`, `posX`, `posY`, `posZ`, `qW`, `qX`, `qY`, `qZ`)
VALUES (1969553447, 22225, 22096, 379, 70, -60, -0.06299996, 1, 0, 0, 0);

INSERT INTO `base_ace_object` (`baseAceObjectId`, `name`, `typeId`, `paletteId`, `ammoType`, `blipColor`, `bitField`, `burden`, `combatUse`, `cooldownDuration`, `cooldownId`, `effects`, `containersCapacity`, `header`, `hookTypeId`, `iconId`, `iconOverlayId`, `iconUnderlayId`, `hookItemTypes`, `itemsCapacity`, `location`, `materialType`, `maxStackSize`, `maxStructure`, `radar`, `pscript`, `spellId`, `stackSize`, `structure`, `targetTypeId`, `usability`, `useRadius`, `validLocations`, `value`, `workmanship`, `animationFrameId`, `defaultScript`, `defaultScriptIntensity`, `elasticity`, `friction`, `locationId`, `modelTableId`, `objectScale`, `physicsBitField`, `physicsTableId`, `motionTableId`, `soundTableId`, `physicsState`, `translucency`)
VALUES (1969553441, 'Wilamil Court Portal', 65536, 0, 0, 0, 262164, 0, 0, 0, 0, 0, 0, 8388656, 0, 100667499, 0, 0, 0, 0, 0, 0, 0, 0, 4, 0, 0, 0, 0, 0, 32, -0.1, 0, 0, 0, 0, 0, 0, 0, 0, 0, 33554867, 0, 98307, 0, 150994947, 0, 3084, 0);

INSERT INTO `ace_object` (`baseAceObjectId`, `weenieClassId`, `landblock`, `cell`, `posX`, `posY`, `posZ`, `qW`, `qX`, `qY`, `qZ`)
VALUES (1969553441, 22232, 22096, 271, 10, -60, -0.06299996, 1, 0, 0, 0);

INSERT INTO `base_ace_object` (`baseAceObjectId`, `name`, `typeId`, `paletteId`, `ammoType`, `blipColor`, `bitField`, `burden`, `combatUse`, `cooldownDuration`, `cooldownId`, `effects`, `containersCapacity`, `header`, `hookTypeId`, `iconId`, `iconOverlayId`, `iconUnderlayId`, `hookItemTypes`, `itemsCapacity`, `location`, `materialType`, `maxStackSize`, `maxStructure`, `radar`, `pscript`, `spellId`, `stackSize`, `structure`, `targetTypeId`, `usability`, `useRadius`, `validLocations`, `value`, `workmanship`, `animationFrameId`, `defaultScript`, `defaultScriptIntensity`, `elasticity`, `friction`, `locationId`, `modelTableId`, `objectScale`, `physicsBitField`, `physicsTableId`, `motionTableId`, `soundTableId`, `physicsState`, `translucency`)
VALUES (1969553457, 'Portal to Khayyaban', 65536, 0, 0, 0, 262164, 0, 0, 0, 0, 0, 0, 8388656, 0, 100667499, 0, 0, 0, 0, 0, 0, 0, 0, 4, 0, 0, 0, 0, 0, 32, -0.1, 0, 0, 0, 0, 0, 0, 0, 0, 0, 33555923, 0, 98307, 0, 150994947, 0, 3084, 0);

INSERT INTO `ace_object` (`baseAceObjectId`, `weenieClassId`, `landblock`, `cell`, `posX`, `posY`, `posZ`, `qW`, `qX`, `qY`, `qZ`)
VALUES (1969553457, 42822, 22096, 411, 39.95, -106.069, 5.937, -0.01021, 0, 0, -0.9999479);

INSERT INTO `base_ace_object` (`baseAceObjectId`, `name`, `typeId`, `paletteId`, `ammoType`, `blipColor`, `bitField`, `burden`, `combatUse`, `cooldownDuration`, `cooldownId`, `effects`, `containersCapacity`, `header`, `hookTypeId`, `iconId`, `iconOverlayId`, `iconUnderlayId`, `hookItemTypes`, `itemsCapacity`, `location`, `materialType`, `maxStackSize`, `maxStructure`, `radar`, `pscript`, `spellId`, `stackSize`, `structure`, `targetTypeId`, `usability`, `useRadius`, `validLocations`, `value`, `workmanship`, `animationFrameId`, `defaultScript`, `defaultScriptIntensity`, `elasticity`, `friction`, `locationId`, `modelTableId`, `objectScale`, `physicsBitField`, `physicsTableId`, `motionTableId`, `soundTableId`, `physicsState`, `translucency`)
VALUES (1969553452, 'Triumphal Gardens Portal', 65536, 0, 0, 0, 262164, 0, 0, 0, 0, 0, 0, 8388656, 0, 100667499, 0, 0, 0, 0, 0, 0, 0, 0, 4, 0, 0, 0, 0, 0, 32, -0.1, 0, 0, 0, 0, 0, 0, 0, 0, 0, 33554867, 0, 98307, 0, 150994947, 0, 3084, 0);

INSERT INTO `ace_object` (`baseAceObjectId`, `weenieClassId`, `landblock`, `cell`, `posX`, `posY`, `posZ`, `qW`, `qX`, `qY`, `qZ`)
VALUES (1969553452, 22230, 22096, 387, 80, -50, -0.06299996, -0.7071068, 0, 0, -0.7071068);

INSERT INTO `base_ace_object` (`baseAceObjectId`, `name`, `typeId`, `paletteId`, `ammoType`, `blipColor`, `bitField`, `burden`, `combatUse`, `cooldownDuration`, `cooldownId`, `effects`, `containersCapacity`, `header`, `hookTypeId`, `iconId`, `iconOverlayId`, `iconUnderlayId`, `hookItemTypes`, `itemsCapacity`, `location`, `materialType`, `maxStackSize`, `maxStructure`, `radar`, `pscript`, `spellId`, `stackSize`, `structure`, `targetTypeId`, `usability`, `useRadius`, `validLocations`, `value`, `workmanship`, `animationFrameId`, `defaultScript`, `defaultScriptIntensity`, `elasticity`, `friction`, `locationId`, `modelTableId`, `objectScale`, `physicsBitField`, `physicsTableId`, `motionTableId`, `soundTableId`, `physicsState`, `translucency`)
VALUES (1969553438, 'Setera Gardens Portal', 65536, 0, 0, 0, 262164, 0, 0, 0, 0, 0, 0, 8388656, 0, 100667499, 0, 0, 0, 0, 0, 0, 0, 0, 4, 0, 0, 0, 0, 0, 32, -0.1, 0, 0, 0, 0, 0, 0, 0, 0, 0, 33554867, 0, 98307, 0, 150994947, 0, 3084, 0);

INSERT INTO `ace_object` (`baseAceObjectId`, `weenieClassId`, `landblock`, `cell`, `posX`, `posY`, `posZ`, `qW`, `qX`, `qY`, `qZ`)
VALUES (1969553438, 22228, 22096, 257, 0.001, -49.987, -0.06299996, 0.7071068, 0, 0, -0.7071068);

INSERT INTO `base_ace_object` (`baseAceObjectId`, `name`, `typeId`, `paletteId`, `ammoType`, `blipColor`, `bitField`, `burden`, `combatUse`, `cooldownDuration`, `cooldownId`, `effects`, `containersCapacity`, `header`, `hookTypeId`, `iconId`, `iconOverlayId`, `iconUnderlayId`, `hookItemTypes`, `itemsCapacity`, `location`, `materialType`, `maxStackSize`, `maxStructure`, `radar`, `pscript`, `spellId`, `stackSize`, `structure`, `targetTypeId`, `usability`, `useRadius`, `validLocations`, `value`, `workmanship`, `animationFrameId`, `defaultScript`, `defaultScriptIntensity`, `elasticity`, `friction`, `locationId`, `modelTableId`, `objectScale`, `physicsBitField`, `physicsTableId`, `motionTableId`, `soundTableId`, `physicsState`, `translucency`)
VALUES (1969553436, 'Spirit Gate Portal', 65536, 0, 0, 0, 262164, 0, 0, 0, 0, 0, 0, 8388656, 0, 100667499, 0, 0, 0, 0, 0, 0, 0, 0, 4, 0, 0, 0, 0, 0, 32, -0.1, 0, 0, 0, 0, 0, 0, 0, 0, 0, 33554867, 0, 98307, 0, 150994947, 0, 3084, 0);

INSERT INTO `ace_object` (`baseAceObjectId`, `weenieClassId`, `landblock`, `cell`, `posX`, `posY`, `posZ`, `qW`, `qX`, `qY`, `qZ`)
VALUES (1969553436, 22229, 22096, 256, 0, -30, -0.06299996, 0.7071068, 0, 0, -0.7071068);

INSERT INTO `base_ace_object` (`baseAceObjectId`, `name`, `typeId`, `paletteId`, `ammoType`, `blipColor`, `bitField`, `burden`, `combatUse`, `cooldownDuration`, `cooldownId`, `effects`, `containersCapacity`, `header`, `hookTypeId`, `iconId`, `iconOverlayId`, `iconUnderlayId`, `hookItemTypes`, `itemsCapacity`, `location`, `materialType`, `maxStackSize`, `maxStructure`, `radar`, `pscript`, `spellId`, `stackSize`, `structure`, `targetTypeId`, `usability`, `useRadius`, `validLocations`, `value`, `workmanship`, `animationFrameId`, `defaultScript`, `defaultScriptIntensity`, `elasticity`, `friction`, `locationId`, `modelTableId`, `objectScale`, `physicsBitField`, `physicsTableId`, `motionTableId`, `soundTableId`, `physicsState`, `translucency`)
VALUES (1969553439, 'Accord Veranda Portal', 65536, 0, 0, 0, 262164, 0, 0, 0, 0, 0, 0, 8388656, 0, 100667499, 0, 0, 0, 0, 0, 0, 0, 0, 4, 0, 0, 0, 0, 0, 32, -0.1, 0, 0, 0, 0, 0, 0, 0, 0, 0, 33554867, 0, 98307, 0, 150994947, 0, 3084, 0);

INSERT INTO `ace_object` (`baseAceObjectId`, `weenieClassId`, `landblock`, `cell`, `posX`, `posY`, `posZ`, `qW`, `qX`, `qY`, `qZ`)
VALUES (1969553439, 22222, 22096, 259, 9.989, -19.993, -0.06299996, 0, 0, 0, -1);

INSERT INTO `base_ace_object` (`baseAceObjectId`, `name`, `typeId`, `paletteId`, `ammoType`, `blipColor`, `bitField`, `burden`, `combatUse`, `cooldownDuration`, `cooldownId`, `effects`, `containersCapacity`, `header`, `hookTypeId`, `iconId`, `iconOverlayId`, `iconUnderlayId`, `hookItemTypes`, `itemsCapacity`, `location`, `materialType`, `maxStackSize`, `maxStructure`, `radar`, `pscript`, `spellId`, `stackSize`, `structure`, `targetTypeId`, `usability`, `useRadius`, `validLocations`, `value`, `workmanship`, `animationFrameId`, `defaultScript`, `defaultScriptIntensity`, `elasticity`, `friction`, `locationId`, `modelTableId`, `objectScale`, `physicsBitField`, `physicsTableId`, `motionTableId`, `soundTableId`, `physicsState`, `translucency`)
VALUES (1969553454, 'Celdiseth Court Portal', 65536, 0, 0, 0, 262164, 0, 0, 0, 0, 0, 0, 8388656, 0, 100667499, 0, 0, 0, 0, 0, 0, 0, 0, 4, 0, 0, 0, 0, 0, 32, -0.1, 0, 0, 0, 0, 0, 0, 0, 0, 0, 33554867, 0, 98307, 0, 150994947, 0, 3084, 0);

INSERT INTO `ace_object` (`baseAceObjectId`, `weenieClassId`, `landblock`, `cell`, `posX`, `posY`, `posZ`, `qW`, `qX`, `qY`, `qZ`)
VALUES (1969553454, 22224, 22096, 388, 90, -30, -0.06299996, -0.7071068, 0, 0, -0.7071068);

INSERT INTO `base_ace_object` (`baseAceObjectId`, `name`, `typeId`, `paletteId`, `ammoType`, `blipColor`, `bitField`, `burden`, `combatUse`, `cooldownDuration`, `cooldownId`, `effects`, `containersCapacity`, `header`, `hookTypeId`, `iconId`, `iconOverlayId`, `iconUnderlayId`, `hookItemTypes`, `itemsCapacity`, `location`, `materialType`, `maxStackSize`, `maxStructure`, `radar`, `pscript`, `spellId`, `stackSize`, `structure`, `targetTypeId`, `usability`, `useRadius`, `validLocations`, `value`, `workmanship`, `animationFrameId`, `defaultScript`, `defaultScriptIntensity`, `elasticity`, `friction`, `locationId`, `modelTableId`, `objectScale`, `physicsBitField`, `physicsTableId`, `motionTableId`, `soundTableId`, `physicsState`, `translucency`)
VALUES (1969553449, 'Hibiscus Gardens Portal', 65536, 0, 0, 0, 262164, 0, 0, 0, 0, 0, 0, 8388656, 0, 100667499, 0, 0, 0, 0, 0, 0, 0, 0, 4, 0, 0, 0, 0, 0, 32, -0.1, 0, 0, 0, 0, 0, 0, 0, 0, 0, 33554867, 0, 98307, 0, 150994947, 0, 3084, 0);

INSERT INTO `ace_object` (`baseAceObjectId`, `weenieClassId`, `landblock`, `cell`, `posX`, `posY`, `posZ`, `qW`, `qX`, `qY`, `qZ`)
VALUES (1969553449, 22226, 22096, 380, 80.027, -20.001, -0.06299996, 0, 0, 0, -1);

INSERT INTO `base_ace_object` (`baseAceObjectId`, `name`, `typeId`, `paletteId`, `ammoType`, `blipColor`, `bitField`, `burden`, `combatUse`, `cooldownDuration`, `cooldownId`, `effects`, `containersCapacity`, `header`, `hookTypeId`, `iconId`, `iconOverlayId`, `iconUnderlayId`, `hookItemTypes`, `itemsCapacity`, `location`, `materialType`, `maxStackSize`, `maxStructure`, `radar`, `pscript`, `spellId`, `stackSize`, `structure`, `targetTypeId`, `usability`, `useRadius`, `validLocations`, `value`, `workmanship`, `animationFrameId`, `defaultScript`, `defaultScriptIntensity`, `elasticity`, `friction`, `locationId`, `modelTableId`, `objectScale`, `physicsBitField`, `physicsTableId`, `motionTableId`, `soundTableId`, `physicsState`, `translucency`)
VALUES (1969553443, 'Meditation Gardens Portal', 65536, 0, 0, 0, 262164, 0, 0, 0, 0, 0, 0, 8388656, 0, 100667499, 0, 0, 0, 0, 0, 0, 0, 0, 4, 0, 0, 0, 0, 0, 32, -0.1, 0, 0, 0, 0, 0, 0, 0, 0, 0, 33554867, 0, 98307, 0, 150994947, 0, 3084, 0);

INSERT INTO `ace_object` (`baseAceObjectId`, `weenieClassId`, `landblock`, `cell`, `posX`, `posY`, `posZ`, `qW`, `qX`, `qY`, `qZ`)
VALUES (1969553443, 22227, 22096, 282, 20, -40, -0.06299996, 1, 0, 0, 0);

INSERT INTO `base_ace_object` (`baseAceObjectId`, `name`, `typeId`, `paletteId`, `ammoType`, `blipColor`, `bitField`, `burden`, `combatUse`, `cooldownDuration`, `cooldownId`, `effects`, `containersCapacity`, `header`, `hookTypeId`, `iconId`, `iconOverlayId`, `iconUnderlayId`, `hookItemTypes`, `itemsCapacity`, `location`, `materialType`, `maxStackSize`, `maxStructure`, `radar`, `pscript`, `spellId`, `stackSize`, `structure`, `targetTypeId`, `usability`, `useRadius`, `validLocations`, `value`, `workmanship`, `animationFrameId`, `defaultScript`, `defaultScriptIntensity`, `elasticity`, `friction`, `locationId`, `modelTableId`, `objectScale`, `physicsBitField`, `physicsTableId`, `motionTableId`, `soundTableId`, `physicsState`, `translucency`)
VALUES (2036334607, 'Victory Residential Halls Portal', 65536, 0, 0, 0, 262164, 0, 0, 0, 0, 0, 0, 8388656, 0, 100667499, 0, 0, 0, 0, 0, 0, 0, 0, 4, 0, 0, 0, 0, 0, 32, -0.1, 0, 0, 0, 0, 0, 0, 0, 0, 0, 33554867, 0, 98307, 0, 150994947, 0, 3084, 0);

INSERT INTO `ace_object` (`baseAceObjectId`, `weenieClassId`, `landblock`, `cell`, `posX`, `posY`, `posZ`, `qW`, `qX`, `qY`, `qZ`)
VALUES (2036334607, 22231, 38400, 408, 100.101, -109.943, -0.06299996, -0.9055052, 0, 0, -0.4243351);

INSERT INTO `base_ace_object` (`baseAceObjectId`, `name`, `typeId`, `paletteId`, `ammoType`, `blipColor`, `bitField`, `burden`, `combatUse`, `cooldownDuration`, `cooldownId`, `effects`, `containersCapacity`, `header`, `hookTypeId`, `iconId`, `iconOverlayId`, `iconUnderlayId`, `hookItemTypes`, `itemsCapacity`, `location`, `materialType`, `maxStackSize`, `maxStructure`, `radar`, `pscript`, `spellId`, `stackSize`, `structure`, `targetTypeId`, `usability`, `useRadius`, `validLocations`, `value`, `workmanship`, `animationFrameId`, `defaultScript`, `defaultScriptIntensity`, `elasticity`, `friction`, `locationId`, `modelTableId`, `objectScale`, `physicsBitField`, `physicsTableId`, `motionTableId`, `soundTableId`, `physicsState`, `translucency`)
VALUES (2628795336, 'Direlands South Landbridge Portal', 65536, 0, 0, 0, 262164, 0, 0, 0, 0, 0, 0, 8388656, 0, 100667499, 0, 0, 0, 0, 0, 0, 0, 0, 4, 0, 0, 0, 0, 0, 32, -0.1, 0, 0, 0, 0, 0, 0, 0, 0, 0, 33555926, 0, 98307, 0, 150994947, 0, 3084, 0);

INSERT INTO `ace_object` (`baseAceObjectId`, `weenieClassId`, `landblock`, `cell`, `posX`, `posY`, `posZ`, `qW`, `qX`, `qY`, `qZ`)
VALUES (2628795336, 8390, 22940, 52, 166.9214, 86.86955, 4.69787, 0.9537169, 0, 0, -0.3007058);

INSERT INTO `base_ace_object` (`baseAceObjectId`, `name`, `typeId`, `paletteId`, `ammoType`, `blipColor`, `bitField`, `burden`, `combatUse`, `cooldownDuration`, `cooldownId`, `effects`, `containersCapacity`, `header`, `hookTypeId`, `iconId`, `iconOverlayId`, `iconUnderlayId`, `hookItemTypes`, `itemsCapacity`, `location`, `materialType`, `maxStackSize`, `maxStructure`, `radar`, `pscript`, `spellId`, `stackSize`, `structure`, `targetTypeId`, `usability`, `useRadius`, `validLocations`, `value`, `workmanship`, `animationFrameId`, `defaultScript`, `defaultScriptIntensity`, `elasticity`, `friction`, `locationId`, `modelTableId`, `objectScale`, `physicsBitField`, `physicsTableId`, `motionTableId`, `soundTableId`, `physicsState`, `translucency`)
VALUES (2628528460, 'Tufa Portal', 65536, 0, 0, 0, 262164, 0, 0, 0, 0, 0, 0, 8388656, 0, 100667499, 0, 0, 0, 0, 0, 0, 0, 0, 4, 0, 0, 0, 0, 0, 32, -0.1, 0, 0, 0, 0, 0, 0, 0, 0, 0, 33554867, 0, 98307, 0, 150994947, 0, 3084, 0);

INSERT INTO `ace_object` (`baseAceObjectId`, `weenieClassId`, `landblock`, `cell`, `posX`, `posY`, `posZ`, `qW`, `qX`, `qY`, `qZ`)
VALUES (2628528460, 42829, 7012, 38, 110.063, 134.4975, 30.04123, 1, 0, 0, 0);

INSERT INTO `base_ace_object` (`baseAceObjectId`, `name`, `typeId`, `paletteId`, `ammoType`, `blipColor`, `bitField`, `burden`, `combatUse`, `cooldownDuration`, `cooldownId`, `effects`, `containersCapacity`, `header`, `hookTypeId`, `iconId`, `iconOverlayId`, `iconUnderlayId`, `hookItemTypes`, `itemsCapacity`, `location`, `materialType`, `maxStackSize`, `maxStructure`, `radar`, `pscript`, `spellId`, `stackSize`, `structure`, `targetTypeId`, `usability`, `useRadius`, `validLocations`, `value`, `workmanship`, `animationFrameId`, `defaultScript`, `defaultScriptIntensity`, `elasticity`, `friction`, `locationId`, `modelTableId`, `objectScale`, `physicsBitField`, `physicsTableId`, `motionTableId`, `soundTableId`, `physicsState`, `translucency`)
VALUES (1901494306, 'Walled Portals', 65536, 67109370, 0, 0, 262164, 0, 0, 0, 0, 0, 0, 8388656, 0, 100667499, 0, 0, 0, 0, 0, 0, 0, 0, 4, 0, 0, 0, 0, 0, 32, -0.1, 0, 0, 0, 0, 0, 0, 0, 0, 0, 33554867, 0, 98307, 0, 150994947, 0, 3084, 0);

INSERT INTO `ace_object` (`baseAceObjectId`, `weenieClassId`, `landblock`, `cell`, `posX`, `posY`, `posZ`, `qW`, `qX`, `qY`, `qZ`)
VALUES (1901494306, 4203, 5480, 270, 141.6907, 16.2184, -64.063, -0.7071068, 0, 0, -0.7071068);

INSERT INTO `ace_object_palette_changes` (`baseAceObjectId`, `subPaletteId`, `offset`, `length`)
VALUES (1901494306, 67111849, 8, 2040);

INSERT INTO `base_ace_object` (`baseAceObjectId`, `name`, `typeId`, `paletteId`, `ammoType`, `blipColor`, `bitField`, `burden`, `combatUse`, `cooldownDuration`, `cooldownId`, `effects`, `containersCapacity`, `header`, `hookTypeId`, `iconId`, `iconOverlayId`, `iconUnderlayId`, `hookItemTypes`, `itemsCapacity`, `location`, `materialType`, `maxStackSize`, `maxStructure`, `radar`, `pscript`, `spellId`, `stackSize`, `structure`, `targetTypeId`, `usability`, `useRadius`, `validLocations`, `value`, `workmanship`, `animationFrameId`, `defaultScript`, `defaultScriptIntensity`, `elasticity`, `friction`, `locationId`, `modelTableId`, `objectScale`, `physicsBitField`, `physicsTableId`, `motionTableId`, `soundTableId`, `physicsState`, `translucency`)
VALUES (1901494302, 'Black Hill', 65536, 0, 0, 0, 262164, 0, 0, 0, 0, 0, 0, 8388656, 0, 100667499, 0, 0, 0, 0, 0, 0, 0, 0, 4, 0, 0, 0, 0, 0, 32, -0.1, 0, 0, 0, 0, 0, 0, 0, 0, 0, 33554867, 0, 98307, 0, 150994947, 0, 3084, 0);

INSERT INTO `ace_object` (`baseAceObjectId`, `weenieClassId`, `landblock`, `cell`, `posX`, `posY`, `posZ`, `qW`, `qX`, `qY`, `qZ`)
VALUES (1901494302, 2328, 5480, 264, 142.076, 5.99997, -64.063, -0.7071068, 0, 0, -0.7071068);

INSERT INTO `base_ace_object` (`baseAceObjectId`, `name`, `typeId`, `paletteId`, `ammoType`, `blipColor`, `bitField`, `burden`, `combatUse`, `cooldownDuration`, `cooldownId`, `effects`, `containersCapacity`, `header`, `hookTypeId`, `iconId`, `iconOverlayId`, `iconUnderlayId`, `hookItemTypes`, `itemsCapacity`, `location`, `materialType`, `maxStackSize`, `maxStructure`, `radar`, `pscript`, `spellId`, `stackSize`, `structure`, `targetTypeId`, `usability`, `useRadius`, `validLocations`, `value`, `workmanship`, `animationFrameId`, `defaultScript`, `defaultScriptIntensity`, `elasticity`, `friction`, `locationId`, `modelTableId`, `objectScale`, `physicsBitField`, `physicsTableId`, `motionTableId`, `soundTableId`, `physicsState`, `translucency`)
VALUES (1901494308, 'Obsidian Rim Portal', 65536, 0, 0, 0, 262164, 0, 0, 0, 0, 0, 0, 8388656, 0, 100667499, 0, 0, 0, 0, 0, 0, 0, 0, 4, 0, 0, 0, 0, 0, 32, -0.1, 0, 0, 0, 0, 0, 0, 0, 0, 0, 33555926, 0, 98307, 0, 150994947, 0, 3084, 0);

INSERT INTO `ace_object` (`baseAceObjectId`, `weenieClassId`, `landblock`, `cell`, `posX`, `posY`, `posZ`, `qW`, `qX`, `qY`, `qZ`)
VALUES (1901494308, 7210, 5480, 276, 142.212, 26, -64.063, -0.7071068, 0, 0, -0.7071068);

INSERT INTO `base_ace_object` (`baseAceObjectId`, `name`, `typeId`, `paletteId`, `ammoType`, `blipColor`, `bitField`, `burden`, `combatUse`, `cooldownDuration`, `cooldownId`, `effects`, `containersCapacity`, `header`, `hookTypeId`, `iconId`, `iconOverlayId`, `iconUnderlayId`, `hookItemTypes`, `itemsCapacity`, `location`, `materialType`, `maxStackSize`, `maxStructure`, `radar`, `pscript`, `spellId`, `stackSize`, `structure`, `targetTypeId`, `usability`, `useRadius`, `validLocations`, `value`, `workmanship`, `animationFrameId`, `defaultScript`, `defaultScriptIntensity`, `elasticity`, `friction`, `locationId`, `modelTableId`, `objectScale`, `physicsBitField`, `physicsTableId`, `motionTableId`, `soundTableId`, `physicsState`, `translucency`)
VALUES (1901494298, 'Isle of Tears Portal', 65536, 0, 0, 0, 262164, 0, 0, 0, 0, 0, 0, 8388656, 0, 100667499, 0, 0, 0, 0, 0, 0, 0, 0, 4, 0, 0, 0, 0, 0, 32, -0.1, 0, 0, 0, 0, 0, 0, 0, 0, 0, 33554867, 0, 98307, 0, 150994947, 0, 3084, 0);

INSERT INTO `ace_object` (`baseAceObjectId`, `weenieClassId`, `landblock`, `cell`, `posX`, `posY`, `posZ`, `qW`, `qX`, `qY`, `qZ`)
VALUES (1901494298, 1112, 5480, 260, 148.667, -0.658027, -64.063, -1, 0, 0, 0);

INSERT INTO `base_ace_object` (`baseAceObjectId`, `name`, `typeId`, `paletteId`, `ammoType`, `blipColor`, `bitField`, `burden`, `combatUse`, `cooldownDuration`, `cooldownId`, `effects`, `containersCapacity`, `header`, `hookTypeId`, `iconId`, `iconOverlayId`, `iconUnderlayId`, `hookItemTypes`, `itemsCapacity`, `location`, `materialType`, `maxStackSize`, `maxStructure`, `radar`, `pscript`, `spellId`, `stackSize`, `structure`, `targetTypeId`, `usability`, `useRadius`, `validLocations`, `value`, `workmanship`, `animationFrameId`, `defaultScript`, `defaultScriptIntensity`, `elasticity`, `friction`, `locationId`, `modelTableId`, `objectScale`, `physicsBitField`, `physicsTableId`, `motionTableId`, `soundTableId`, `physicsState`, `translucency`)
VALUES (1901494310, 'Stonehold Valley Portal', 65536, 0, 0, 0, 262164, 0, 0, 0, 0, 0, 0, 8388656, 0, 100667499, 0, 0, 0, 0, 0, 0, 0, 0, 4, 0, 0, 0, 0, 0, 32, -0.1, 0, 0, 0, 0, 0, 0, 0, 0, 0, 33555923, 0, 98307, 0, 150994947, 0, 3084, 0);

INSERT INTO `ace_object` (`baseAceObjectId`, `weenieClassId`, `landblock`, `cell`, `posX`, `posY`, `posZ`, `qW`, `qX`, `qY`, `qZ`)
VALUES (1901494310, 5764, 5480, 282, 148.776, 32.1975, -64.063, -0.9999995, 0, 0, -0.00101397);

INSERT INTO `base_ace_object` (`baseAceObjectId`, `name`, `typeId`, `paletteId`, `ammoType`, `blipColor`, `bitField`, `burden`, `combatUse`, `cooldownDuration`, `cooldownId`, `effects`, `containersCapacity`, `header`, `hookTypeId`, `iconId`, `iconOverlayId`, `iconUnderlayId`, `hookItemTypes`, `itemsCapacity`, `location`, `materialType`, `maxStackSize`, `maxStructure`, `radar`, `pscript`, `spellId`, `stackSize`, `structure`, `targetTypeId`, `usability`, `useRadius`, `validLocations`, `value`, `workmanship`, `animationFrameId`, `defaultScript`, `defaultScriptIntensity`, `elasticity`, `friction`, `locationId`, `modelTableId`, `objectScale`, `physicsBitField`, `physicsTableId`, `motionTableId`, `soundTableId`, `physicsState`, `translucency`)
VALUES (1901494299, 'Slaughterhouse', 65536, 0, 0, 0, 262164, 0, 0, 0, 0, 0, 0, 8388656, 0, 100667499, 0, 0, 0, 0, 0, 0, 0, 0, 4, 0, 0, 0, 0, 0, 32, -0.1, 0, 0, 0, 0, 0, 0, 0, 0, 0, 33554867, 0, 98307, 0, 150994947, 0, 3084, 0);

INSERT INTO `ace_object` (`baseAceObjectId`, `weenieClassId`, `landblock`, `cell`, `posX`, `posY`, `posZ`, `qW`, `qX`, `qY`, `qZ`)
VALUES (1901494299, 2359, 5480, 261, 158.648, -0.335721, -64.063, 0.00948228, 0, 0, -0.9999551);

INSERT INTO `base_ace_object` (`baseAceObjectId`, `name`, `typeId`, `paletteId`, `ammoType`, `blipColor`, `bitField`, `burden`, `combatUse`, `cooldownDuration`, `cooldownId`, `effects`, `containersCapacity`, `header`, `hookTypeId`, `iconId`, `iconOverlayId`, `iconUnderlayId`, `hookItemTypes`, `itemsCapacity`, `location`, `materialType`, `maxStackSize`, `maxStructure`, `radar`, `pscript`, `spellId`, `stackSize`, `structure`, `targetTypeId`, `usability`, `useRadius`, `validLocations`, `value`, `workmanship`, `animationFrameId`, `defaultScript`, `defaultScriptIntensity`, `elasticity`, `friction`, `locationId`, `modelTableId`, `objectScale`, `physicsBitField`, `physicsTableId`, `motionTableId`, `soundTableId`, `physicsState`, `translucency`)
VALUES (1901494311, 'Direlands North Landbridge Portal', 65536, 0, 0, 0, 262164, 0, 0, 0, 0, 0, 0, 8388656, 0, 100667499, 0, 0, 0, 0, 0, 0, 0, 0, 4, 0, 0, 0, 0, 0, 32, -0.1, 0, 0, 0, 0, 0, 0, 0, 0, 0, 33555926, 0, 98307, 0, 150994947, 0, 3084, 0);

INSERT INTO `ace_object` (`baseAceObjectId`, `weenieClassId`, `landblock`, `cell`, `posX`, `posY`, `posZ`, `qW`, `qX`, `qY`, `qZ`)
VALUES (1901494311, 8389, 5480, 283, 158.667, 32.822, -64.063, -1, 0, 0, 0);

INSERT INTO `base_ace_object` (`baseAceObjectId`, `name`, `typeId`, `paletteId`, `ammoType`, `blipColor`, `bitField`, `burden`, `combatUse`, `cooldownDuration`, `cooldownId`, `effects`, `containersCapacity`, `header`, `hookTypeId`, `iconId`, `iconOverlayId`, `iconUnderlayId`, `hookItemTypes`, `itemsCapacity`, `location`, `materialType`, `maxStackSize`, `maxStructure`, `radar`, `pscript`, `spellId`, `stackSize`, `structure`, `targetTypeId`, `usability`, `useRadius`, `validLocations`, `value`, `workmanship`, `animationFrameId`, `defaultScript`, `defaultScriptIntensity`, `elasticity`, `friction`, `locationId`, `modelTableId`, `objectScale`, `physicsBitField`, `physicsTableId`, `motionTableId`, `soundTableId`, `physicsState`, `translucency`)
VALUES (1901494300, 'Darktide Festival Stone Portal', 65536, 0, 0, 0, 262164, 0, 0, 0, 0, 0, 0, 8388656, 0, 100667499, 0, 0, 0, 0, 0, 0, 0, 0, 4, 0, 0, 0, 0, 0, 32, -0.1, 0, 0, 0, 0, 0, 0, 0, 0, 0, 33555925, 0, 98307, 0, 150994947, 0, 3084, 0);

INSERT INTO `ace_object` (`baseAceObjectId`, `weenieClassId`, `landblock`, `cell`, `posX`, `posY`, `posZ`, `qW`, `qX`, `qY`, `qZ`)
VALUES (1901494300, 5447, 5480, 262, 168.75, -0.480814, -64.063, -0.03281401, 0, 0, -0.9994615);

INSERT INTO `base_ace_object` (`baseAceObjectId`, `name`, `typeId`, `paletteId`, `ammoType`, `blipColor`, `bitField`, `burden`, `combatUse`, `cooldownDuration`, `cooldownId`, `effects`, `containersCapacity`, `header`, `hookTypeId`, `iconId`, `iconOverlayId`, `iconUnderlayId`, `hookItemTypes`, `itemsCapacity`, `location`, `materialType`, `maxStackSize`, `maxStructure`, `radar`, `pscript`, `spellId`, `stackSize`, `structure`, `targetTypeId`, `usability`, `useRadius`, `validLocations`, `value`, `workmanship`, `animationFrameId`, `defaultScript`, `defaultScriptIntensity`, `elasticity`, `friction`, `locationId`, `modelTableId`, `objectScale`, `physicsBitField`, `physicsTableId`, `motionTableId`, `soundTableId`, `physicsState`, `translucency`)
VALUES (1901494312, 'Direlands South Landbridge Portal', 65536, 0, 0, 0, 262164, 0, 0, 0, 0, 0, 0, 8388656, 0, 100667499, 0, 0, 0, 0, 0, 0, 0, 0, 4, 0, 0, 0, 0, 0, 32, -0.1, 0, 0, 0, 0, 0, 0, 0, 0, 0, 33555926, 0, 98307, 0, 150994947, 0, 3084, 0);

INSERT INTO `ace_object` (`baseAceObjectId`, `weenieClassId`, `landblock`, `cell`, `posX`, `posY`, `posZ`, `qW`, `qX`, `qY`, `qZ`)
VALUES (1901494312, 8390, 5480, 284, 168.65, 31.7218, -64.063, 0.9989218, 0, 0, -0.04642369);

INSERT INTO `base_ace_object` (`baseAceObjectId`, `name`, `typeId`, `paletteId`, `ammoType`, `blipColor`, `bitField`, `burden`, `combatUse`, `cooldownDuration`, `cooldownId`, `effects`, `containersCapacity`, `header`, `hookTypeId`, `iconId`, `iconOverlayId`, `iconUnderlayId`, `hookItemTypes`, `itemsCapacity`, `location`, `materialType`, `maxStackSize`, `maxStructure`, `radar`, `pscript`, `spellId`, `stackSize`, `structure`, `targetTypeId`, `usability`, `useRadius`, `validLocations`, `value`, `workmanship`, `animationFrameId`, `defaultScript`, `defaultScriptIntensity`, `elasticity`, `friction`, `locationId`, `modelTableId`, `objectScale`, `physicsBitField`, `physicsTableId`, `motionTableId`, `soundTableId`, `physicsState`, `translucency`)
VALUES (1901494301, 'Direlands Southeast Shore', 65536, 0, 0, 0, 262164, 0, 0, 0, 0, 0, 0, 8388656, 0, 100667499, 0, 0, 0, 0, 0, 0, 0, 0, 4, 0, 0, 0, 0, 0, 32, -0.1, 0, 0, 0, 0, 0, 0, 0, 0, 0, 33555926, 0, 98307, 0, 150994947, 0, 3084, 0);

INSERT INTO `ace_object` (`baseAceObjectId`, `weenieClassId`, `landblock`, `cell`, `posX`, `posY`, `posZ`, `qW`, `qX`, `qY`, `qZ`)
VALUES (1901494301, 8385, 5480, 263, 178.612, 0.0646941, -64.063, -0.02504431, 0, 0, -0.9996864);

INSERT INTO `base_ace_object` (`baseAceObjectId`, `name`, `typeId`, `paletteId`, `ammoType`, `blipColor`, `bitField`, `burden`, `combatUse`, `cooldownDuration`, `cooldownId`, `effects`, `containersCapacity`, `header`, `hookTypeId`, `iconId`, `iconOverlayId`, `iconUnderlayId`, `hookItemTypes`, `itemsCapacity`, `location`, `materialType`, `maxStackSize`, `maxStructure`, `radar`, `pscript`, `spellId`, `stackSize`, `structure`, `targetTypeId`, `usability`, `useRadius`, `validLocations`, `value`, `workmanship`, `animationFrameId`, `defaultScript`, `defaultScriptIntensity`, `elasticity`, `friction`, `locationId`, `modelTableId`, `objectScale`, `physicsBitField`, `physicsTableId`, `motionTableId`, `soundTableId`, `physicsState`, `translucency`)
VALUES (1901494313, 'Vesayen Isles Portal', 65536, 0, 0, 0, 262164, 0, 0, 0, 0, 0, 0, 8388656, 0, 100667499, 0, 0, 0, 0, 0, 0, 0, 0, 4, 0, 0, 0, 0, 0, 32, -0.1, 0, 0, 0, 0, 0, 0, 0, 0, 0, 33554867, 0, 98307, 0, 150994947, 0, 3084, 0);

INSERT INTO `ace_object` (`baseAceObjectId`, `weenieClassId`, `landblock`, `cell`, `posX`, `posY`, `posZ`, `qW`, `qX`, `qY`, `qZ`)
VALUES (1901494313, 8618, 5480, 285, 178.787, 32.055, -64.063, -0.9999101, 0, 0, 0.0134067);

INSERT INTO `base_ace_object` (`baseAceObjectId`, `name`, `typeId`, `paletteId`, `ammoType`, `blipColor`, `bitField`, `burden`, `combatUse`, `cooldownDuration`, `cooldownId`, `effects`, `containersCapacity`, `header`, `hookTypeId`, `iconId`, `iconOverlayId`, `iconUnderlayId`, `hookItemTypes`, `itemsCapacity`, `location`, `materialType`, `maxStackSize`, `maxStructure`, `radar`, `pscript`, `spellId`, `stackSize`, `structure`, `targetTypeId`, `usability`, `useRadius`, `validLocations`, `value`, `workmanship`, `animationFrameId`, `defaultScript`, `defaultScriptIntensity`, `elasticity`, `friction`, `locationId`, `modelTableId`, `objectScale`, `physicsBitField`, `physicsTableId`, `motionTableId`, `soundTableId`, `physicsState`, `translucency`)
VALUES (1901494307, 'Obsidian Span Portal', 65536, 0, 0, 0, 262164, 0, 0, 0, 0, 0, 0, 8388656, 0, 100667499, 0, 0, 0, 0, 0, 0, 0, 0, 4, 0, 0, 0, 0, 0, 32, -0.1, 0, 0, 0, 0, 0, 0, 0, 0, 0, 33554867, 0, 98307, 0, 150994947, 0, 3084, 0);

INSERT INTO `ace_object` (`baseAceObjectId`, `weenieClassId`, `landblock`, `cell`, `posX`, `posY`, `posZ`, `qW`, `qX`, `qY`, `qZ`)
VALUES (1901494307, 6433, 5480, 275, 184.723, 15.886, -64.063, -0.7071068, 0, 0, -0.7071068);

INSERT INTO `base_ace_object` (`baseAceObjectId`, `name`, `typeId`, `paletteId`, `ammoType`, `blipColor`, `bitField`, `burden`, `combatUse`, `cooldownDuration`, `cooldownId`, `effects`, `containersCapacity`, `header`, `hookTypeId`, `iconId`, `iconOverlayId`, `iconUnderlayId`, `hookItemTypes`, `itemsCapacity`, `location`, `materialType`, `maxStackSize`, `maxStructure`, `radar`, `pscript`, `spellId`, `stackSize`, `structure`, `targetTypeId`, `usability`, `useRadius`, `validLocations`, `value`, `workmanship`, `animationFrameId`, `defaultScript`, `defaultScriptIntensity`, `elasticity`, `friction`, `locationId`, `modelTableId`, `objectScale`, `physicsBitField`, `physicsTableId`, `motionTableId`, `soundTableId`, `physicsState`, `translucency`)
VALUES (1901494305, 'Obsidian Plains', 65536, 0, 0, 0, 262164, 0, 0, 0, 0, 0, 0, 8388656, 0, 100667499, 0, 0, 0, 0, 0, 0, 0, 0, 4, 0, 0, 0, 0, 0, 32, -0.1, 0, 0, 0, 0, 0, 0, 0, 0, 0, 33555925, 0, 98307, 0, 150994947, 0, 3084, 0);

INSERT INTO `ace_object` (`baseAceObjectId`, `weenieClassId`, `landblock`, `cell`, `posX`, `posY`, `posZ`, `qW`, `qX`, `qY`, `qZ`)
VALUES (1901494305, 4046, 5480, 269, 184.739, 6.1727, -64.063, 0.68814, 0, 0, -0.725578);

INSERT INTO `base_ace_object` (`baseAceObjectId`, `name`, `typeId`, `paletteId`, `ammoType`, `blipColor`, `bitField`, `burden`, `combatUse`, `cooldownDuration`, `cooldownId`, `effects`, `containersCapacity`, `header`, `hookTypeId`, `iconId`, `iconOverlayId`, `iconUnderlayId`, `hookItemTypes`, `itemsCapacity`, `location`, `materialType`, `maxStackSize`, `maxStructure`, `radar`, `pscript`, `spellId`, `stackSize`, `structure`, `targetTypeId`, `usability`, `useRadius`, `validLocations`, `value`, `workmanship`, `animationFrameId`, `defaultScript`, `defaultScriptIntensity`, `elasticity`, `friction`, `locationId`, `modelTableId`, `objectScale`, `physicsBitField`, `physicsTableId`, `motionTableId`, `soundTableId`, `physicsState`, `translucency`)
VALUES (1901494309, 'South Shore Heights', 65536, 0, 0, 0, 262164, 0, 0, 0, 0, 0, 0, 8388656, 0, 100667499, 0, 0, 0, 0, 0, 0, 0, 0, 4, 0, 0, 0, 0, 0, 32, -0.1, 0, 0, 0, 0, 0, 0, 0, 0, 0, 33555923, 0, 98307, 0, 150994947, 0, 3084, 0);

INSERT INTO `ace_object` (`baseAceObjectId`, `weenieClassId`, `landblock`, `cell`, `posX`, `posY`, `posZ`, `qW`, `qX`, `qY`, `qZ`)
VALUES (1901494309, 8502, 5480, 281, 184.693, 25.9258, -64.063, -0.7164892, 0, 0, 0.6975982);

INSERT INTO `base_ace_object` (`baseAceObjectId`, `name`, `typeId`, `paletteId`, `ammoType`, `blipColor`, `bitField`, `burden`, `combatUse`, `cooldownDuration`, `cooldownId`, `effects`, `containersCapacity`, `header`, `hookTypeId`, `iconId`, `iconOverlayId`, `iconUnderlayId`, `hookItemTypes`, `itemsCapacity`, `location`, `materialType`, `maxStackSize`, `maxStructure`, `radar`, `pscript`, `spellId`, `stackSize`, `structure`, `targetTypeId`, `usability`, `useRadius`, `validLocations`, `value`, `workmanship`, `animationFrameId`, `defaultScript`, `defaultScriptIntensity`, `elasticity`, `friction`, `locationId`, `modelTableId`, `objectScale`, `physicsBitField`, `physicsTableId`, `motionTableId`, `soundTableId`, `physicsState`, `translucency`)
VALUES (1893941249, 'Gatekeepers', 65536, 0, 0, 0, 262164, 0, 0, 0, 0, 0, 0, 8388656, 0, 100667499, 0, 0, 0, 0, 0, 0, 0, 0, 4, 0, 0, 0, 0, 0, 32, -0.1, 0, 0, 0, 0, 0, 0, 0, 0, 0, 33555925, 0, 98307, 0, 150994947, 0, 3084, 0);

INSERT INTO `ace_object` (`baseAceObjectId`, `weenieClassId`, `landblock`, `cell`, `posX`, `posY`, `posZ`, `qW`, `qX`, `qY`, `qZ`)
VALUES (1893941249, 32125, 3636, 1, 6.08595, 5.13807, -0.9629999, 0.403907, 0, 0, 0.9148);

INSERT INTO `base_ace_object` (`baseAceObjectId`, `name`, `typeId`, `paletteId`, `ammoType`, `blipColor`, `bitField`, `burden`, `combatUse`, `cooldownDuration`, `cooldownId`, `effects`, `containersCapacity`, `header`, `hookTypeId`, `iconId`, `iconOverlayId`, `iconUnderlayId`, `hookItemTypes`, `itemsCapacity`, `location`, `materialType`, `maxStackSize`, `maxStructure`, `radar`, `pscript`, `spellId`, `stackSize`, `structure`, `targetTypeId`, `usability`, `useRadius`, `validLocations`, `value`, `workmanship`, `animationFrameId`, `defaultScript`, `defaultScriptIntensity`, `elasticity`, `friction`, `locationId`, `modelTableId`, `objectScale`, `physicsBitField`, `physicsTableId`, `motionTableId`, `soundTableId`, `physicsState`, `translucency`)
VALUES (2084171841, 'House Portal', 65536, 0, 0, 0, 262164, 0, 0, 0, 0, 0, 0, 41943088, 0, 100667499, 0, 0, 0, 0, 0, 0, 0, 0, 4, 0, 0, 0, 0, 0, 32, 0.75, 0, 0, 0, 0, 0, 0, 0, 0, 0, 33554867, 0, 98307, 0, 150994947, 0, 3076, 0);

INSERT INTO `ace_object` (`baseAceObjectId`, `weenieClassId`, `landblock`, `cell`, `posX`, `posY`, `posZ`, `qW`, `qX`, `qY`, `qZ`)
VALUES (2084171841, 11730, 50079, 338, 65.593, 102.993, -16.063, 0.685404, 0, 0, -0.728163);

INSERT INTO `base_ace_object` (`baseAceObjectId`, `name`, `typeId`, `paletteId`, `ammoType`, `blipColor`, `bitField`, `burden`, `combatUse`, `cooldownDuration`, `cooldownId`, `effects`, `containersCapacity`, `header`, `hookTypeId`, `iconId`, `iconOverlayId`, `iconUnderlayId`, `hookItemTypes`, `itemsCapacity`, `location`, `materialType`, `maxStackSize`, `maxStructure`, `radar`, `pscript`, `spellId`, `stackSize`, `structure`, `targetTypeId`, `usability`, `useRadius`, `validLocations`, `value`, `workmanship`, `animationFrameId`, `defaultScript`, `defaultScriptIntensity`, `elasticity`, `friction`, `locationId`, `modelTableId`, `objectScale`, `physicsBitField`, `physicsTableId`, `motionTableId`, `soundTableId`, `physicsState`, `translucency`)
VALUES (1983164617, 'Moars Laboratory', 65536, 0, 0, 0, 262164, 0, 0, 0, 0, 0, 0, 8388656, 0, 100667499, 0, 0, 0, 0, 0, 0, 0, 0, 4, 0, 0, 0, 0, 0, 32, -0.1, 0, 0, 0, 0, 0, 0, 0, 0, 0, 33555924, 0, 98307, 0, 150994947, 0, 3084, 0);

INSERT INTO `ace_object` (`baseAceObjectId`, `weenieClassId`, `landblock`, `cell`, `posX`, `posY`, `posZ`, `qW`, `qX`, `qY`, `qZ`)
VALUES (1983164617, 8600, 25419, 1165, 101.174, -67.4698, -0.06299996, 0.2835201, 0, 0, 0.9589663);

INSERT INTO `base_ace_object` (`baseAceObjectId`, `name`, `typeId`, `paletteId`, `ammoType`, `blipColor`, `bitField`, `burden`, `combatUse`, `cooldownDuration`, `cooldownId`, `effects`, `containersCapacity`, `header`, `hookTypeId`, `iconId`, `iconOverlayId`, `iconUnderlayId`, `hookItemTypes`, `itemsCapacity`, `location`, `materialType`, `maxStackSize`, `maxStructure`, `radar`, `pscript`, `spellId`, `stackSize`, `structure`, `targetTypeId`, `usability`, `useRadius`, `validLocations`, `value`, `workmanship`, `animationFrameId`, `defaultScript`, `defaultScriptIntensity`, `elasticity`, `friction`, `locationId`, `modelTableId`, `objectScale`, `physicsBitField`, `physicsTableId`, `motionTableId`, `soundTableId`, `physicsState`, `translucency`)
VALUES (1983164572, 'Mud Cave', 65536, 0, 0, 0, 262164, 0, 0, 0, 0, 0, 0, 8388656, 0, 100667499, 0, 0, 0, 0, 0, 0, 0, 0, 4, 0, 0, 0, 0, 0, 32, -0.1, 0, 0, 0, 0, 0, 0, 0, 0, 0, 33555922, 0, 98307, 0, 150994947, 0, 3084, 0);

INSERT INTO `ace_object` (`baseAceObjectId`, `weenieClassId`, `landblock`, `cell`, `posX`, `posY`, `posZ`, `qW`, `qX`, `qY`, `qZ`)
VALUES (1983164572, 8474, 25419, 945, 46.5908, -72.398, -6.063, -0.336022, 0, 0, -0.9418541);

INSERT INTO `base_ace_object` (`baseAceObjectId`, `name`, `typeId`, `paletteId`, `ammoType`, `blipColor`, `bitField`, `burden`, `combatUse`, `cooldownDuration`, `cooldownId`, `effects`, `containersCapacity`, `header`, `hookTypeId`, `iconId`, `iconOverlayId`, `iconUnderlayId`, `hookItemTypes`, `itemsCapacity`, `location`, `materialType`, `maxStackSize`, `maxStructure`, `radar`, `pscript`, `spellId`, `stackSize`, `structure`, `targetTypeId`, `usability`, `useRadius`, `validLocations`, `value`, `workmanship`, `animationFrameId`, `defaultScript`, `defaultScriptIntensity`, `elasticity`, `friction`, `locationId`, `modelTableId`, `objectScale`, `physicsBitField`, `physicsTableId`, `motionTableId`, `soundTableId`, `physicsState`, `translucency`)
VALUES (1983164592, 'Moarsmen Spawning Grounds', 65536, 0, 0, 0, 262164, 0, 0, 0, 0, 0, 0, 8388656, 0, 100667499, 0, 0, 0, 0, 0, 0, 0, 0, 4, 0, 0, 0, 0, 0, 32, -0.1, 0, 0, 0, 0, 0, 0, 0, 0, 0, 33555925, 0, 98307, 0, 150994947, 0, 3084, 0);

INSERT INTO `ace_object` (`baseAceObjectId`, `weenieClassId`, `landblock`, `cell`, `posX`, `posY`, `posZ`, `qW`, `qX`, `qY`, `qZ`)
VALUES (1983164592, 8584, 25419, 1023, 0.951384, -68.089, -0.06299996, -0.05417702, 0, 0, 0.9985313);

INSERT INTO `base_ace_object` (`baseAceObjectId`, `name`, `typeId`, `paletteId`, `ammoType`, `blipColor`, `bitField`, `burden`, `combatUse`, `cooldownDuration`, `cooldownId`, `effects`, `containersCapacity`, `header`, `hookTypeId`, `iconId`, `iconOverlayId`, `iconUnderlayId`, `hookItemTypes`, `itemsCapacity`, `location`, `materialType`, `maxStackSize`, `maxStructure`, `radar`, `pscript`, `spellId`, `stackSize`, `structure`, `targetTypeId`, `usability`, `useRadius`, `validLocations`, `value`, `workmanship`, `animationFrameId`, `defaultScript`, `defaultScriptIntensity`, `elasticity`, `friction`, `locationId`, `modelTableId`, `objectScale`, `physicsBitField`, `physicsTableId`, `motionTableId`, `soundTableId`, `physicsState`, `translucency`)
VALUES (1983164608, 'Moarsmen Muck', 65536, 0, 0, 0, 262164, 0, 0, 0, 0, 0, 0, 8388656, 0, 100667499, 0, 0, 0, 0, 0, 0, 0, 0, 4, 0, 0, 0, 0, 0, 32, -0.1, 0, 0, 0, 0, 0, 0, 0, 0, 0, 33555923, 0, 98307, 0, 150994947, 0, 3084, 0);

INSERT INTO `ace_object` (`baseAceObjectId`, `weenieClassId`, `landblock`, `cell`, `posX`, `posY`, `posZ`, `qW`, `qX`, `qY`, `qZ`)
VALUES (1983164608, 8476, 25419, 1140, 63.0112, -90.7442, -0.05799997, 0.6960842, 0, 0, -0.7179602);

INSERT INTO `base_ace_object` (`baseAceObjectId`, `name`, `typeId`, `paletteId`, `ammoType`, `blipColor`, `bitField`, `burden`, `combatUse`, `cooldownDuration`, `cooldownId`, `effects`, `containersCapacity`, `header`, `hookTypeId`, `iconId`, `iconOverlayId`, `iconUnderlayId`, `hookItemTypes`, `itemsCapacity`, `location`, `materialType`, `maxStackSize`, `maxStructure`, `radar`, `pscript`, `spellId`, `stackSize`, `structure`, `targetTypeId`, `usability`, `useRadius`, `validLocations`, `value`, `workmanship`, `animationFrameId`, `defaultScript`, `defaultScriptIntensity`, `elasticity`, `friction`, `locationId`, `modelTableId`, `objectScale`, `physicsBitField`, `physicsTableId`, `motionTableId`, `soundTableId`, `physicsState`, `translucency`)
VALUES (1983164551, 'Moarsmen Hideout', 65536, 0, 0, 0, 262164, 0, 0, 0, 0, 0, 0, 8388656, 0, 100667499, 0, 0, 0, 0, 0, 0, 0, 0, 4, 0, 0, 0, 0, 0, 32, -0.1, 0, 0, 0, 0, 0, 0, 0, 0, 0, 33555926, 0, 98307, 0, 150994947, 0, 3084, 0);

INSERT INTO `ace_object` (`baseAceObjectId`, `weenieClassId`, `landblock`, `cell`, `posX`, `posY`, `posZ`, `qW`, `qX`, `qY`, `qZ`)
VALUES (1983164551, 8456, 25419, 874, 1.65111, -71.6931, -6.063, -0.6584439, 0, 0, -0.7526299);

INSERT INTO `base_ace_object` (`baseAceObjectId`, `name`, `typeId`, `paletteId`, `ammoType`, `blipColor`, `bitField`, `burden`, `combatUse`, `cooldownDuration`, `cooldownId`, `effects`, `containersCapacity`, `header`, `hookTypeId`, `iconId`, `iconOverlayId`, `iconUnderlayId`, `hookItemTypes`, `itemsCapacity`, `location`, `materialType`, `maxStackSize`, `maxStructure`, `radar`, `pscript`, `spellId`, `stackSize`, `structure`, `targetTypeId`, `usability`, `useRadius`, `validLocations`, `value`, `workmanship`, `animationFrameId`, `defaultScript`, `defaultScriptIntensity`, `elasticity`, `friction`, `locationId`, `modelTableId`, `objectScale`, `physicsBitField`, `physicsTableId`, `motionTableId`, `soundTableId`, `physicsState`, `translucency`)
VALUES (1881878548, 'Surface', 65536, 0, 0, 0, 262164, 0, 0, 0, 0, 0, 0, 8388656, 0, 100667499, 0, 0, 0, 0, 0, 0, 0, 0, 4, 0, 0, 0, 0, 0, 32, -0.1, 0, 0, 0, 0, 0, 0, 0, 0, 0, 33554867, 0.8, 98435, 0, 150994947, 0, 3084, 0);

INSERT INTO `ace_object` (`baseAceObjectId`, `weenieClassId`, `landblock`, `cell`, `posX`, `posY`, `posZ`, `qW`, `qX`, `qY`, `qZ`)
VALUES (1881878548, 8601, 691, 504, 103.135, -37.7776, 23.9496, -0.7787417, 0, 0, 0.6273447);

INSERT INTO `base_ace_object` (`baseAceObjectId`, `name`, `typeId`, `paletteId`, `ammoType`, `blipColor`, `bitField`, `burden`, `combatUse`, `cooldownDuration`, `cooldownId`, `effects`, `containersCapacity`, `header`, `hookTypeId`, `iconId`, `iconOverlayId`, `iconUnderlayId`, `hookItemTypes`, `itemsCapacity`, `location`, `materialType`, `maxStackSize`, `maxStructure`, `radar`, `pscript`, `spellId`, `stackSize`, `structure`, `targetTypeId`, `usability`, `useRadius`, `validLocations`, `value`, `workmanship`, `animationFrameId`, `defaultScript`, `defaultScriptIntensity`, `elasticity`, `friction`, `locationId`, `modelTableId`, `objectScale`, `physicsBitField`, `physicsTableId`, `motionTableId`, `soundTableId`, `physicsState`, `translucency`)
VALUES (1881878542, 'Surface', 65536, 0, 0, 0, 262164, 0, 0, 0, 0, 0, 0, 8388656, 0, 100667499, 0, 0, 0, 0, 0, 0, 0, 0, 4, 0, 0, 0, 0, 0, 32, -0.1, 0, 0, 0, 0, 0, 0, 0, 0, 0, 33554867, 0.8, 98435, 0, 150994947, 0, 3084, 0);

INSERT INTO `ace_object` (`baseAceObjectId`, `weenieClassId`, `landblock`, `cell`, `posX`, `posY`, `posZ`, `qW`, `qX`, `qY`, `qZ`)
VALUES (1881878542, 8601, 691, 416, 70, -20, -0.05040002, -4.37114E-08, 0, 0, -1);

INSERT INTO `base_ace_object` (`baseAceObjectId`, `name`, `typeId`, `paletteId`, `ammoType`, `blipColor`, `bitField`, `burden`, `combatUse`, `cooldownDuration`, `cooldownId`, `effects`, `containersCapacity`, `header`, `hookTypeId`, `iconId`, `iconOverlayId`, `iconUnderlayId`, `hookItemTypes`, `itemsCapacity`, `location`, `materialType`, `maxStackSize`, `maxStructure`, `radar`, `pscript`, `spellId`, `stackSize`, `structure`, `targetTypeId`, `usability`, `useRadius`, `validLocations`, `value`, `workmanship`, `animationFrameId`, `defaultScript`, `defaultScriptIntensity`, `elasticity`, `friction`, `locationId`, `modelTableId`, `objectScale`, `physicsBitField`, `physicsTableId`, `motionTableId`, `soundTableId`, `physicsState`, `translucency`)
VALUES (1881886776, 'Surface', 65536, 0, 0, 0, 262164, 0, 0, 0, 0, 0, 0, 8388656, 0, 100667499, 0, 0, 0, 0, 0, 0, 0, 0, 4, 0, 0, 0, 0, 0, 32, -0.1, 0, 0, 0, 0, 0, 0, 0, 0, 0, 33554867, 0, 98307, 0, 150994947, 0, 3084, 0);

INSERT INTO `ace_object` (`baseAceObjectId`, `weenieClassId`, `landblock`, `cell`, `posX`, `posY`, `posZ`, `qW`, `qX`, `qY`, `qZ`)
VALUES (1881886776, 8585, 693, 687, 99.798, -255.157, -0.06299996, -4.37114E-08, 0, 0, -1);

INSERT INTO `base_ace_object` (`baseAceObjectId`, `name`, `typeId`, `paletteId`, `ammoType`, `blipColor`, `bitField`, `burden`, `combatUse`, `cooldownDuration`, `cooldownId`, `effects`, `containersCapacity`, `header`, `hookTypeId`, `iconId`, `iconOverlayId`, `iconUnderlayId`, `hookItemTypes`, `itemsCapacity`, `location`, `materialType`, `maxStackSize`, `maxStructure`, `radar`, `pscript`, `spellId`, `stackSize`, `structure`, `targetTypeId`, `usability`, `useRadius`, `validLocations`, `value`, `workmanship`, `animationFrameId`, `defaultScript`, `defaultScriptIntensity`, `elasticity`, `friction`, `locationId`, `modelTableId`, `objectScale`, `physicsBitField`, `physicsTableId`, `motionTableId`, `soundTableId`, `physicsState`, `translucency`)
VALUES (1881804816, 'Surface Portal', 65536, 0, 0, 0, 262164, 0, 0, 0, 0, 0, 0, 8388656, 0, 100667499, 0, 0, 0, 0, 0, 0, 0, 0, 4, 0, 0, 0, 0, 0, 32, -0.1, 0, 0, 0, 0, 0, 0, 0, 0, 0, 33554867, 0, 98307, 0, 150994947, 0, 3084, 0);

INSERT INTO `ace_object` (`baseAceObjectId`, `weenieClassId`, `landblock`, `cell`, `posX`, `posY`, `posZ`, `qW`, `qX`, `qY`, `qZ`)
VALUES (1881804816, 9297, 673, 373, 280, 0, -36.063, 1, 0, 0, 0);

INSERT INTO `base_ace_object` (`baseAceObjectId`, `name`, `typeId`, `paletteId`, `ammoType`, `blipColor`, `bitField`, `burden`, `combatUse`, `cooldownDuration`, `cooldownId`, `effects`, `containersCapacity`, `header`, `hookTypeId`, `iconId`, `iconOverlayId`, `iconUnderlayId`, `hookItemTypes`, `itemsCapacity`, `location`, `materialType`, `maxStackSize`, `maxStructure`, `radar`, `pscript`, `spellId`, `stackSize`, `structure`, `targetTypeId`, `usability`, `useRadius`, `validLocations`, `value`, `workmanship`, `animationFrameId`, `defaultScript`, `defaultScriptIntensity`, `elasticity`, `friction`, `locationId`, `modelTableId`, `objectScale`, `physicsBitField`, `physicsTableId`, `motionTableId`, `soundTableId`, `physicsState`, `translucency`)
VALUES (1966575632, 'House Portal', 65536, 0, 0, 0, 262164, 0, 0, 0, 0, 0, 0, 41943088, 0, 100667499, 0, 0, 0, 0, 0, 0, 0, 0, 4, 0, 0, 0, 0, 0, 32, 0.75, 0, 0, 0, 0, 0, 0, 0, 0, 0, 33554867, 0, 98307, 0, 150994947, 0, 3076, 0);

INSERT INTO `ace_object` (`baseAceObjectId`, `weenieClassId`, `landblock`, `cell`, `posX`, `posY`, `posZ`, `qW`, `qX`, `qY`, `qZ`)
VALUES (1966575632, 11730, 21369, 287, 20, -50, -6.063, 1, 0, 0, 0);

INSERT INTO `base_ace_object` (`baseAceObjectId`, `name`, `typeId`, `paletteId`, `ammoType`, `blipColor`, `bitField`, `burden`, `combatUse`, `cooldownDuration`, `cooldownId`, `effects`, `containersCapacity`, `header`, `hookTypeId`, `iconId`, `iconOverlayId`, `iconUnderlayId`, `hookItemTypes`, `itemsCapacity`, `location`, `materialType`, `maxStackSize`, `maxStructure`, `radar`, `pscript`, `spellId`, `stackSize`, `structure`, `targetTypeId`, `usability`, `useRadius`, `validLocations`, `value`, `workmanship`, `animationFrameId`, `defaultScript`, `defaultScriptIntensity`, `elasticity`, `friction`, `locationId`, `modelTableId`, `objectScale`, `physicsBitField`, `physicsTableId`, `motionTableId`, `soundTableId`, `physicsState`, `translucency`)
VALUES (1993224192, 'Northwest Direlands Portal', 65536, 0, 0, 0, 262164, 0, 0, 0, 0, 0, 0, 8388656, 0, 100667499, 0, 0, 0, 0, 0, 0, 0, 0, 4, 0, 0, 0, 0, 0, 32, -0.1, 0, 0, 0, 0, 0, 0, 0, 0, 0, 33555926, 0, 98307, 0, 150994947, 0, 3084, 0);

INSERT INTO `ace_object` (`baseAceObjectId`, `weenieClassId`, `landblock`, `cell`, `posX`, `posY`, `posZ`, `qW`, `qX`, `qY`, `qZ`)
VALUES (1993224192, 7211, 27875, 27, 79.9597, 68.2786, 106.6865, -0.868354, 0, 0, 0.495945);

INSERT INTO `base_ace_object` (`baseAceObjectId`, `name`, `typeId`, `paletteId`, `ammoType`, `blipColor`, `bitField`, `burden`, `combatUse`, `cooldownDuration`, `cooldownId`, `effects`, `containersCapacity`, `header`, `hookTypeId`, `iconId`, `iconOverlayId`, `iconUnderlayId`, `hookItemTypes`, `itemsCapacity`, `location`, `materialType`, `maxStackSize`, `maxStructure`, `radar`, `pscript`, `spellId`, `stackSize`, `structure`, `targetTypeId`, `usability`, `useRadius`, `validLocations`, `value`, `workmanship`, `animationFrameId`, `defaultScript`, `defaultScriptIntensity`, `elasticity`, `friction`, `locationId`, `modelTableId`, `objectScale`, `physicsBitField`, `physicsTableId`, `motionTableId`, `soundTableId`, `physicsState`, `translucency`)
VALUES (1879289858, 'Gatekeepers', 65536, 0, 0, 0, 262164, 0, 0, 0, 0, 0, 0, 8388656, 0, 100667499, 0, 0, 0, 0, 0, 0, 0, 0, 4, 0, 0, 0, 0, 0, 32, -0.1, 0, 0, 0, 0, 0, 0, 0, 0, 0, 33555925, 0, 98307, 0, 150994947, 0, 3084, 0);

INSERT INTO `ace_object` (`baseAceObjectId`, `weenieClassId`, `landblock`, `cell`, `posX`, `posY`, `posZ`, `qW`, `qX`, `qY`, `qZ`)
VALUES (1879289858, 31892, 59, 835, 92.905, -0.267, -0.06299996, -0.7071068, 0, 0, -0.7071068);

INSERT INTO `base_ace_object` (`baseAceObjectId`, `name`, `typeId`, `paletteId`, `ammoType`, `blipColor`, `bitField`, `burden`, `combatUse`, `cooldownDuration`, `cooldownId`, `effects`, `containersCapacity`, `header`, `hookTypeId`, `iconId`, `iconOverlayId`, `iconUnderlayId`, `hookItemTypes`, `itemsCapacity`, `location`, `materialType`, `maxStackSize`, `maxStructure`, `radar`, `pscript`, `spellId`, `stackSize`, `structure`, `targetTypeId`, `usability`, `useRadius`, `validLocations`, `value`, `workmanship`, `animationFrameId`, `defaultScript`, `defaultScriptIntensity`, `elasticity`, `friction`, `locationId`, `modelTableId`, `objectScale`, `physicsBitField`, `physicsTableId`, `motionTableId`, `soundTableId`, `physicsState`, `translucency`)
VALUES (1879289899, 'Gatekeepers', 65536, 0, 0, 0, 262164, 0, 0, 0, 0, 0, 0, 8388656, 0, 100667499, 0, 0, 0, 0, 0, 0, 0, 0, 4, 0, 0, 0, 0, 0, 32, -0.1, 0, 0, 0, 0, 0, 0, 0, 0, 0, 33555925, 0, 98307, 0, 150994947, 0, 3084, 0);

INSERT INTO `ace_object` (`baseAceObjectId`, `weenieClassId`, `landblock`, `cell`, `posX`, `posY`, `posZ`, `qW`, `qX`, `qY`, `qZ`)
VALUES (1879289899, 31892, 59, 448, 70, -180, -36.063, 1, 0, 0, -4.37114E-08);

INSERT INTO `base_ace_object` (`baseAceObjectId`, `name`, `typeId`, `paletteId`, `ammoType`, `blipColor`, `bitField`, `burden`, `combatUse`, `cooldownDuration`, `cooldownId`, `effects`, `containersCapacity`, `header`, `hookTypeId`, `iconId`, `iconOverlayId`, `iconUnderlayId`, `hookItemTypes`, `itemsCapacity`, `location`, `materialType`, `maxStackSize`, `maxStructure`, `radar`, `pscript`, `spellId`, `stackSize`, `structure`, `targetTypeId`, `usability`, `useRadius`, `validLocations`, `value`, `workmanship`, `animationFrameId`, `defaultScript`, `defaultScriptIntensity`, `elasticity`, `friction`, `locationId`, `modelTableId`, `objectScale`, `physicsBitField`, `physicsTableId`, `motionTableId`, `soundTableId`, `physicsState`, `translucency`)
VALUES (1879289889, 'Gatekeepers', 65536, 0, 0, 0, 262164, 0, 0, 0, 0, 0, 0, 8388656, 0, 100667499, 0, 0, 0, 0, 0, 0, 0, 0, 4, 0, 0, 0, 0, 0, 32, -0.1, 0, 0, 0, 0, 0, 0, 0, 0, 0, 33555925, 0, 98307, 0, 150994947, 0, 3084, 0);

INSERT INTO `ace_object` (`baseAceObjectId`, `weenieClassId`, `landblock`, `cell`, `posX`, `posY`, `posZ`, `qW`, `qX`, `qY`, `qZ`)
VALUES (1879289889, 31892, 59, 777, 40, -223.643, -6.063, 1, 0, 0, -4.37114E-08);

INSERT INTO `base_ace_object` (`baseAceObjectId`, `name`, `typeId`, `paletteId`, `ammoType`, `blipColor`, `bitField`, `burden`, `combatUse`, `cooldownDuration`, `cooldownId`, `effects`, `containersCapacity`, `header`, `hookTypeId`, `iconId`, `iconOverlayId`, `iconUnderlayId`, `hookItemTypes`, `itemsCapacity`, `location`, `materialType`, `maxStackSize`, `maxStructure`, `radar`, `pscript`, `spellId`, `stackSize`, `structure`, `targetTypeId`, `usability`, `useRadius`, `validLocations`, `value`, `workmanship`, `animationFrameId`, `defaultScript`, `defaultScriptIntensity`, `elasticity`, `friction`, `locationId`, `modelTableId`, `objectScale`, `physicsBitField`, `physicsTableId`, `motionTableId`, `soundTableId`, `physicsState`, `translucency`)
VALUES (1879289901, 'Gatekeepers', 65536, 0, 0, 0, 262164, 0, 0, 0, 0, 0, 0, 8388656, 0, 100667499, 0, 0, 0, 0, 0, 0, 0, 0, 4, 0, 0, 0, 0, 0, 32, -0.1, 0, 0, 0, 0, 0, 0, 0, 0, 0, 33555925, 0, 98307, 0, 150994947, 0, 3084, 0);

INSERT INTO `ace_object` (`baseAceObjectId`, `weenieClassId`, `landblock`, `cell`, `posX`, `posY`, `posZ`, `qW`, `qX`, `qY`, `qZ`)
VALUES (1879289901, 31892, 59, 504, 170, -270, -36.063, 1, 0, 0, 0);

INSERT INTO `base_ace_object` (`baseAceObjectId`, `name`, `typeId`, `paletteId`, `ammoType`, `blipColor`, `bitField`, `burden`, `combatUse`, `cooldownDuration`, `cooldownId`, `effects`, `containersCapacity`, `header`, `hookTypeId`, `iconId`, `iconOverlayId`, `iconUnderlayId`, `hookItemTypes`, `itemsCapacity`, `location`, `materialType`, `maxStackSize`, `maxStructure`, `radar`, `pscript`, `spellId`, `stackSize`, `structure`, `targetTypeId`, `usability`, `useRadius`, `validLocations`, `value`, `workmanship`, `animationFrameId`, `defaultScript`, `defaultScriptIntensity`, `elasticity`, `friction`, `locationId`, `modelTableId`, `objectScale`, `physicsBitField`, `physicsTableId`, `motionTableId`, `soundTableId`, `physicsState`, `translucency`)
VALUES (1879290002, 'Gatekeepers', 65536, 0, 0, 0, 262164, 0, 0, 0, 0, 0, 0, 8388656, 0, 100667499, 0, 0, 0, 0, 0, 0, 0, 0, 4, 0, 0, 0, 0, 0, 32, -0.1, 0, 0, 0, 0, 0, 0, 0, 0, 0, 33555925, 0, 98307, 0, 150994947, 0, 3084, 0);

INSERT INTO `ace_object` (`baseAceObjectId`, `weenieClassId`, `landblock`, `cell`, `posX`, `posY`, `posZ`, `qW`, `qX`, `qY`, `qZ`)
VALUES (1879290002, 31892, 59, 853, 201.157, -108.636, -0.06299996, 0.9110391, 0, 0, -0.41232);

INSERT INTO `base_ace_object` (`baseAceObjectId`, `name`, `typeId`, `paletteId`, `ammoType`, `blipColor`, `bitField`, `burden`, `combatUse`, `cooldownDuration`, `cooldownId`, `effects`, `containersCapacity`, `header`, `hookTypeId`, `iconId`, `iconOverlayId`, `iconUnderlayId`, `hookItemTypes`, `itemsCapacity`, `location`, `materialType`, `maxStackSize`, `maxStructure`, `radar`, `pscript`, `spellId`, `stackSize`, `structure`, `targetTypeId`, `usability`, `useRadius`, `validLocations`, `value`, `workmanship`, `animationFrameId`, `defaultScript`, `defaultScriptIntensity`, `elasticity`, `friction`, `locationId`, `modelTableId`, `objectScale`, `physicsBitField`, `physicsTableId`, `motionTableId`, `soundTableId`, `physicsState`, `translucency`)
VALUES (1879289912, 'Gatekeepers', 65536, 0, 0, 0, 262164, 0, 0, 0, 0, 0, 0, 8388656, 0, 100667499, 0, 0, 0, 0, 0, 0, 0, 0, 4, 0, 0, 0, 0, 0, 32, -0.1, 0, 0, 0, 0, 0, 0, 0, 0, 0, 33555925, 0, 98307, 0, 150994947, 0, 3084, 0);

INSERT INTO `ace_object` (`baseAceObjectId`, `weenieClassId`, `landblock`, `cell`, `posX`, `posY`, `posZ`, `qW`, `qX`, `qY`, `qZ`)
VALUES (1879289912, 31892, 59, 570, 429.071, -219.249, -30.063, -0.9238793, 0, 0, -0.3826841);

INSERT INTO `base_ace_object` (`baseAceObjectId`, `name`, `typeId`, `paletteId`, `ammoType`, `blipColor`, `bitField`, `burden`, `combatUse`, `cooldownDuration`, `cooldownId`, `effects`, `containersCapacity`, `header`, `hookTypeId`, `iconId`, `iconOverlayId`, `iconUnderlayId`, `hookItemTypes`, `itemsCapacity`, `location`, `materialType`, `maxStackSize`, `maxStructure`, `radar`, `pscript`, `spellId`, `stackSize`, `structure`, `targetTypeId`, `usability`, `useRadius`, `validLocations`, `value`, `workmanship`, `animationFrameId`, `defaultScript`, `defaultScriptIntensity`, `elasticity`, `friction`, `locationId`, `modelTableId`, `objectScale`, `physicsBitField`, `physicsTableId`, `motionTableId`, `soundTableId`, `physicsState`, `translucency`)
VALUES (1879294026, 'Surface', 65536, 0, 0, 0, 262164, 0, 0, 0, 0, 0, 0, 8388656, 0, 100667499, 0, 0, 0, 0, 0, 0, 0, 0, 4, 0, 0, 0, 0, 0, 32, -0.1, 0, 0, 0, 0, 0, 0, 0, 0, 0, 33554867, 0, 98307, 0, 150994947, 0, 3084, 0);

INSERT INTO `ace_object` (`baseAceObjectId`, `weenieClassId`, `landblock`, `cell`, `posX`, `posY`, `posZ`, `qW`, `qX`, `qY`, `qZ`)
VALUES (1879294026, 1596, 60, 561, 80, -20, -0.06299996, -4.37114E-08, 0, 0, -1);

INSERT INTO `base_ace_object` (`baseAceObjectId`, `name`, `typeId`, `paletteId`, `ammoType`, `blipColor`, `bitField`, `burden`, `combatUse`, `cooldownDuration`, `cooldownId`, `effects`, `containersCapacity`, `header`, `hookTypeId`, `iconId`, `iconOverlayId`, `iconUnderlayId`, `hookItemTypes`, `itemsCapacity`, `location`, `materialType`, `maxStackSize`, `maxStructure`, `radar`, `pscript`, `spellId`, `stackSize`, `structure`, `targetTypeId`, `usability`, `useRadius`, `validLocations`, `value`, `workmanship`, `animationFrameId`, `defaultScript`, `defaultScriptIntensity`, `elasticity`, `friction`, `locationId`, `modelTableId`, `objectScale`, `physicsBitField`, `physicsTableId`, `motionTableId`, `soundTableId`, `physicsState`, `translucency`)
VALUES (2628760489, 'Plateau Portal', 65536, 0, 0, 0, 262164, 0, 0, 0, 0, 0, 0, 8388656, 0, 100667499, 0, 0, 0, 0, 0, 0, 0, 0, 4, 0, 0, 0, 0, 0, 32, -0.1, 0, 0, 0, 0, 0, 0, 0, 0, 0, 33554867, 0, 98307, 0, 150994947, 0, 3084, 0);

INSERT INTO `ace_object` (`baseAceObjectId`, `weenieClassId`, `landblock`, `cell`, `posX`, `posY`, `posZ`, `qW`, `qX`, `qY`, `qZ`)
VALUES (2628760489, 42812, 13371, 32, 77.74167, 180.6497, 211.3427, 1, 0, 0, 0);

INSERT INTO `base_ace_object` (`baseAceObjectId`, `name`, `typeId`, `paletteId`, `ammoType`, `blipColor`, `bitField`, `burden`, `combatUse`, `cooldownDuration`, `cooldownId`, `effects`, `containersCapacity`, `header`, `hookTypeId`, `iconId`, `iconOverlayId`, `iconUnderlayId`, `hookItemTypes`, `itemsCapacity`, `location`, `materialType`, `maxStackSize`, `maxStructure`, `radar`, `pscript`, `spellId`, `stackSize`, `structure`, `targetTypeId`, `usability`, `useRadius`, `validLocations`, `value`, `workmanship`, `animationFrameId`, `defaultScript`, `defaultScriptIntensity`, `elasticity`, `friction`, `locationId`, `modelTableId`, `objectScale`, `physicsBitField`, `physicsTableId`, `motionTableId`, `soundTableId`, `physicsState`, `translucency`)
VALUES (1933819905, 'Shendolain Vestibule Portal', 65536, 0, 0, 0, 262164, 0, 0, 0, 0, 0, 0, 8388656, 0, 100667499, 0, 0, 0, 0, 0, 0, 0, 0, 4, 0, 0, 0, 0, 0, 32, -0.1, 0, 0, 0, 0, 0, 0, 0, 0, 0, 33555924, 0, 98307, 0, 150994947, 0, 3084, 0);

INSERT INTO `ace_object` (`baseAceObjectId`, `weenieClassId`, `landblock`, `cell`, `posX`, `posY`, `posZ`, `qW`, `qX`, `qY`, `qZ`)
VALUES (1933819905, 7949, 13372, 58, 181.641, 38.7505, 232.303, -0.9882, 0, 0, -0.153169);

INSERT INTO `base_ace_object` (`baseAceObjectId`, `name`, `typeId`, `paletteId`, `ammoType`, `blipColor`, `bitField`, `burden`, `combatUse`, `cooldownDuration`, `cooldownId`, `effects`, `containersCapacity`, `header`, `hookTypeId`, `iconId`, `iconOverlayId`, `iconUnderlayId`, `hookItemTypes`, `itemsCapacity`, `location`, `materialType`, `maxStackSize`, `maxStructure`, `radar`, `pscript`, `spellId`, `stackSize`, `structure`, `targetTypeId`, `usability`, `useRadius`, `validLocations`, `value`, `workmanship`, `animationFrameId`, `defaultScript`, `defaultScriptIntensity`, `elasticity`, `friction`, `locationId`, `modelTableId`, `objectScale`, `physicsBitField`, `physicsTableId`, `motionTableId`, `soundTableId`, `physicsState`, `translucency`)
VALUES (1882062976, 'Surface Portal', 65536, 0, 0, 0, 262164, 0, 0, 0, 0, 0, 0, 8388656, 0, 100667499, 0, 0, 0, 0, 0, 0, 0, 0, 4, 0, 0, 0, 0, 0, 32, -0.1, 0, 0, 0, 0, 0, 0, 0, 0, 0, 33554867, 0, 98307, 0, 150994947, 0, 3084, 0);

INSERT INTO `ace_object` (`baseAceObjectId`, `weenieClassId`, `landblock`, `cell`, `posX`, `posY`, `posZ`, `qW`, `qX`, `qY`, `qZ`)
VALUES (1882062976, 7950, 736, 1130, 58.2421, -11.7553, -30.063, 0.9238793, 0, 0, -0.3826841);

INSERT INTO `base_ace_object` (`baseAceObjectId`, `name`, `typeId`, `paletteId`, `ammoType`, `blipColor`, `bitField`, `burden`, `combatUse`, `cooldownDuration`, `cooldownId`, `effects`, `containersCapacity`, `header`, `hookTypeId`, `iconId`, `iconOverlayId`, `iconUnderlayId`, `hookItemTypes`, `itemsCapacity`, `location`, `materialType`, `maxStackSize`, `maxStructure`, `radar`, `pscript`, `spellId`, `stackSize`, `structure`, `targetTypeId`, `usability`, `useRadius`, `validLocations`, `value`, `workmanship`, `animationFrameId`, `defaultScript`, `defaultScriptIntensity`, `elasticity`, `friction`, `locationId`, `modelTableId`, `objectScale`, `physicsBitField`, `physicsTableId`, `motionTableId`, `soundTableId`, `physicsState`, `translucency`)
VALUES (1882026027, 'Surface Portal', 65536, 0, 0, 0, 262164, 0, 0, 0, 0, 0, 0, 8388656, 0, 100667499, 0, 0, 0, 0, 0, 0, 0, 0, 4, 0, 0, 0, 0, 0, 32, -0.1, 0, 0, 0, 0, 0, 0, 0, 0, 0, 33554867, 0, 98307, 0, 150994947, 0, 3084, 0);

INSERT INTO `ace_object` (`baseAceObjectId`, `weenieClassId`, `landblock`, `cell`, `posX`, `posY`, `posZ`, `qW`, `qX`, `qY`, `qZ`)
VALUES (1882026027, 7952, 727, 591, 42.124, -59.065, -42.063, -0.3826841, 0, 0, -0.9238793);

INSERT INTO `base_ace_object` (`baseAceObjectId`, `name`, `typeId`, `paletteId`, `ammoType`, `blipColor`, `bitField`, `burden`, `combatUse`, `cooldownDuration`, `cooldownId`, `effects`, `containersCapacity`, `header`, `hookTypeId`, `iconId`, `iconOverlayId`, `iconUnderlayId`, `hookItemTypes`, `itemsCapacity`, `location`, `materialType`, `maxStackSize`, `maxStructure`, `radar`, `pscript`, `spellId`, `stackSize`, `structure`, `targetTypeId`, `usability`, `useRadius`, `validLocations`, `value`, `workmanship`, `animationFrameId`, `defaultScript`, `defaultScriptIntensity`, `elasticity`, `friction`, `locationId`, `modelTableId`, `objectScale`, `physicsBitField`, `physicsTableId`, `motionTableId`, `soundTableId`, `physicsState`, `translucency`)
VALUES (2140385557, 'Mysterious Portal', 65536, 0, 0, 0, 262164, 0, 0, 0, 0, 0, 0, 8388656, 0, 100667499, 0, 0, 0, 0, 0, 0, 0, 0, 4, 0, 0, 0, 0, 0, 32, -0.1, 0, 0, 0, 0, 0, 0, 0, 0, 0, 33555925, 0, 98307, 0, 150994947, 0, 3084, 0);

INSERT INTO `ace_object` (`baseAceObjectId`, `weenieClassId`, `landblock`, `cell`, `posX`, `posY`, `posZ`, `qW`, `qX`, `qY`, `qZ`)
VALUES (2140385557, 43257, 63803, 1819, 62.9565, 108.449, -22.063, 0.3831592, 0, 0, -0.9236823);

INSERT INTO `base_ace_object` (`baseAceObjectId`, `name`, `typeId`, `paletteId`, `ammoType`, `blipColor`, `bitField`, `burden`, `combatUse`, `cooldownDuration`, `cooldownId`, `effects`, `containersCapacity`, `header`, `hookTypeId`, `iconId`, `iconOverlayId`, `iconUnderlayId`, `hookItemTypes`, `itemsCapacity`, `location`, `materialType`, `maxStackSize`, `maxStructure`, `radar`, `pscript`, `spellId`, `stackSize`, `structure`, `targetTypeId`, `usability`, `useRadius`, `validLocations`, `value`, `workmanship`, `animationFrameId`, `defaultScript`, `defaultScriptIntensity`, `elasticity`, `friction`, `locationId`, `modelTableId`, `objectScale`, `physicsBitField`, `physicsTableId`, `motionTableId`, `soundTableId`, `physicsState`, `translucency`)
VALUES (2140385563, 'Surface', 65536, 0, 0, 0, 262164, 0, 0, 0, 0, 0, 0, 8388656, 0, 100667499, 0, 0, 0, 0, 0, 0, 0, 0, 4, 0, 0, 0, 0, 0, 32, -0.1, 0, 0, 0, 0, 0, 0, 0, 0, 0, 33554867, 0, 98307, 0, 150994947, 0, 3084, 0);

INSERT INTO `ace_object` (`baseAceObjectId`, `weenieClassId`, `landblock`, `cell`, `posX`, `posY`, `posZ`, `qW`, `qX`, `qY`, `qZ`)
VALUES (2140385563, 43258, 63803, 1856, 161.538, 73.7524, -10.063, -0.9085556, 0, 0, 0.4177639);

INSERT INTO `base_ace_object` (`baseAceObjectId`, `name`, `typeId`, `paletteId`, `ammoType`, `blipColor`, `bitField`, `burden`, `combatUse`, `cooldownDuration`, `cooldownId`, `effects`, `containersCapacity`, `header`, `hookTypeId`, `iconId`, `iconOverlayId`, `iconUnderlayId`, `hookItemTypes`, `itemsCapacity`, `location`, `materialType`, `maxStackSize`, `maxStructure`, `radar`, `pscript`, `spellId`, `stackSize`, `structure`, `targetTypeId`, `usability`, `useRadius`, `validLocations`, `value`, `workmanship`, `animationFrameId`, `defaultScript`, `defaultScriptIntensity`, `elasticity`, `friction`, `locationId`, `modelTableId`, `objectScale`, `physicsBitField`, `physicsTableId`, `motionTableId`, `soundTableId`, `physicsState`, `translucency`)
VALUES (2629602922, 'Sparkling Portal', 65536, 0, 0, 0, 262164, 0, 0, 0, 0, 0, 0, 8388656, 0, 100667499, 0, 0, 0, 0, 0, 0, 0, 0, 4, 0, 0, 0, 0, 0, 32, -0.1, 0, 0, 0, 0, 0, 0, 0, 0, 0, 33555925, 0, 98307, 0, 150994947, 0, 3084, 0);

INSERT INTO `ace_object` (`baseAceObjectId`, `weenieClassId`, `landblock`, `cell`, `posX`, `posY`, `posZ`, `qW`, `qX`, `qY`, `qZ`)
VALUES (2629602922, 43255, 63803, 1717, 150.691, 101.74, -28.063, 1, 0, 0, 0);

INSERT INTO `base_ace_object` (`baseAceObjectId`, `name`, `typeId`, `paletteId`, `ammoType`, `blipColor`, `bitField`, `burden`, `combatUse`, `cooldownDuration`, `cooldownId`, `effects`, `containersCapacity`, `header`, `hookTypeId`, `iconId`, `iconOverlayId`, `iconUnderlayId`, `hookItemTypes`, `itemsCapacity`, `location`, `materialType`, `maxStackSize`, `maxStructure`, `radar`, `pscript`, `spellId`, `stackSize`, `structure`, `targetTypeId`, `usability`, `useRadius`, `validLocations`, `value`, `workmanship`, `animationFrameId`, `defaultScript`, `defaultScriptIntensity`, `elasticity`, `friction`, `locationId`, `modelTableId`, `objectScale`, `physicsBitField`, `physicsTableId`, `motionTableId`, `soundTableId`, `physicsState`, `translucency`)
VALUES (2140385526, 'Surface', 65536, 0, 0, 0, 262164, 0, 0, 0, 0, 0, 0, 8388656, 0, 100667499, 0, 0, 0, 0, 0, 0, 0, 0, 4, 0, 0, 0, 0, 0, 32, -0.1, 0, 0, 0, 0, 0, 0, 0, 0, 0, 33554867, 0, 98307, 0, 150994947, 0, 3084, 0);

INSERT INTO `ace_object` (`baseAceObjectId`, `weenieClassId`, `landblock`, `cell`, `posX`, `posY`, `posZ`, `qW`, `qX`, `qY`, `qZ`)
VALUES (2140385526, 43258, 63803, 1684, 84.9871, 195.129, -34.063, -0.9238797, 0, 0, 0.3826829);

INSERT INTO `base_ace_object` (`baseAceObjectId`, `name`, `typeId`, `paletteId`, `ammoType`, `blipColor`, `bitField`, `burden`, `combatUse`, `cooldownDuration`, `cooldownId`, `effects`, `containersCapacity`, `header`, `hookTypeId`, `iconId`, `iconOverlayId`, `iconUnderlayId`, `hookItemTypes`, `itemsCapacity`, `location`, `materialType`, `maxStackSize`, `maxStructure`, `radar`, `pscript`, `spellId`, `stackSize`, `structure`, `targetTypeId`, `usability`, `useRadius`, `validLocations`, `value`, `workmanship`, `animationFrameId`, `defaultScript`, `defaultScriptIntensity`, `elasticity`, `friction`, `locationId`, `modelTableId`, `objectScale`, `physicsBitField`, `physicsTableId`, `motionTableId`, `soundTableId`, `physicsState`, `translucency`)
VALUES (2140385402, 'Surface', 65536, 0, 0, 0, 262164, 0, 0, 0, 0, 0, 0, 8388656, 0, 100667499, 0, 0, 0, 0, 0, 0, 0, 0, 4, 0, 0, 0, 0, 0, 32, -0.1, 0, 0, 0, 0, 0, 0, 0, 0, 0, 33554867, 0, 98307, 0, 150994947, 0, 3084, 0);

INSERT INTO `ace_object` (`baseAceObjectId`, `weenieClassId`, `landblock`, `cell`, `posX`, `posY`, `posZ`, `qW`, `qX`, `qY`, `qZ`)
VALUES (2140385402, 43202, 63803, 981, 54.0046, 145.536, -58.063, -0.9198501, 0, 0, -0.3922701);

INSERT INTO `base_ace_object` (`baseAceObjectId`, `name`, `typeId`, `paletteId`, `ammoType`, `blipColor`, `bitField`, `burden`, `combatUse`, `cooldownDuration`, `cooldownId`, `effects`, `containersCapacity`, `header`, `hookTypeId`, `iconId`, `iconOverlayId`, `iconUnderlayId`, `hookItemTypes`, `itemsCapacity`, `location`, `materialType`, `maxStackSize`, `maxStructure`, `radar`, `pscript`, `spellId`, `stackSize`, `structure`, `targetTypeId`, `usability`, `useRadius`, `validLocations`, `value`, `workmanship`, `animationFrameId`, `defaultScript`, `defaultScriptIntensity`, `elasticity`, `friction`, `locationId`, `modelTableId`, `objectScale`, `physicsBitField`, `physicsTableId`, `motionTableId`, `soundTableId`, `physicsState`, `translucency`)
VALUES (2140385396, 'Surface', 65536, 0, 0, 0, 262164, 0, 0, 0, 0, 0, 0, 8388656, 0, 100667499, 0, 0, 0, 0, 0, 0, 0, 0, 4, 0, 0, 0, 0, 0, 32, -0.1, 0, 0, 0, 0, 0, 0, 0, 0, 0, 33554867, 0, 98307, 0, 150994947, 0, 3084, 0);

INSERT INTO `ace_object` (`baseAceObjectId`, `weenieClassId`, `landblock`, `cell`, `posX`, `posY`, `posZ`, `qW`, `qX`, `qY`, `qZ`)
VALUES (2140385396, 43258, 63803, 965, 77.8617, 121.678, -58.063, 0.4189619, 0, 0, -0.9080038);

INSERT INTO `base_ace_object` (`baseAceObjectId`, `name`, `typeId`, `paletteId`, `ammoType`, `blipColor`, `bitField`, `burden`, `combatUse`, `cooldownDuration`, `cooldownId`, `effects`, `containersCapacity`, `header`, `hookTypeId`, `iconId`, `iconOverlayId`, `iconUnderlayId`, `hookItemTypes`, `itemsCapacity`, `location`, `materialType`, `maxStackSize`, `maxStructure`, `radar`, `pscript`, `spellId`, `stackSize`, `structure`, `targetTypeId`, `usability`, `useRadius`, `validLocations`, `value`, `workmanship`, `animationFrameId`, `defaultScript`, `defaultScriptIntensity`, `elasticity`, `friction`, `locationId`, `modelTableId`, `objectScale`, `physicsBitField`, `physicsTableId`, `motionTableId`, `soundTableId`, `physicsState`, `translucency`)
VALUES (2629823739, 'Sparkling Portal', 65536, 0, 0, 0, 262164, 0, 0, 0, 0, 0, 0, 8388656, 0, 100667499, 0, 0, 0, 0, 0, 0, 0, 0, 4, 0, 0, 0, 0, 0, 32, -0.1, 0, 0, 0, 0, 0, 0, 0, 0, 0, 33555925, 0, 98307, 0, 150994947, 0, 3084, 0);

INSERT INTO `ace_object` (`baseAceObjectId`, `weenieClassId`, `landblock`, `cell`, `posX`, `posY`, `posZ`, `qW`, `qX`, `qY`, `qZ`)
VALUES (2629823739, 43255, 63803, 376, 144.835, 92.2575, -88.063, 1, 0, 0, 0);

INSERT INTO `base_ace_object` (`baseAceObjectId`, `name`, `typeId`, `paletteId`, `ammoType`, `blipColor`, `bitField`, `burden`, `combatUse`, `cooldownDuration`, `cooldownId`, `effects`, `containersCapacity`, `header`, `hookTypeId`, `iconId`, `iconOverlayId`, `iconUnderlayId`, `hookItemTypes`, `itemsCapacity`, `location`, `materialType`, `maxStackSize`, `maxStructure`, `radar`, `pscript`, `spellId`, `stackSize`, `structure`, `targetTypeId`, `usability`, `useRadius`, `validLocations`, `value`, `workmanship`, `animationFrameId`, `defaultScript`, `defaultScriptIntensity`, `elasticity`, `friction`, `locationId`, `modelTableId`, `objectScale`, `physicsBitField`, `physicsTableId`, `motionTableId`, `soundTableId`, `physicsState`, `translucency`)
VALUES (2140385609, 'Surface', 65536, 0, 0, 0, 262164, 0, 0, 0, 0, 0, 0, 8388656, 0, 100667499, 0, 0, 0, 0, 0, 0, 0, 0, 4, 0, 0, 0, 0, 0, 32, -0.1, 0, 0, 0, 0, 0, 0, 0, 0, 0, 33554867, 0, 98307, 0, 150994947, 0, 3084, 0);

INSERT INTO `ace_object` (`baseAceObjectId`, `weenieClassId`, `landblock`, `cell`, `posX`, `posY`, `posZ`, `qW`, `qX`, `qY`, `qZ`)
VALUES (2140385609, 43258, 63803, 305, 228.547, 197.268, -118.063, -0.3826829, 0, 0, -0.9238797);

INSERT INTO `base_ace_object` (`baseAceObjectId`, `name`, `typeId`, `paletteId`, `ammoType`, `blipColor`, `bitField`, `burden`, `combatUse`, `cooldownDuration`, `cooldownId`, `effects`, `containersCapacity`, `header`, `hookTypeId`, `iconId`, `iconOverlayId`, `iconUnderlayId`, `hookItemTypes`, `itemsCapacity`, `location`, `materialType`, `maxStackSize`, `maxStructure`, `radar`, `pscript`, `spellId`, `stackSize`, `structure`, `targetTypeId`, `usability`, `useRadius`, `validLocations`, `value`, `workmanship`, `animationFrameId`, `defaultScript`, `defaultScriptIntensity`, `elasticity`, `friction`, `locationId`, `modelTableId`, `objectScale`, `physicsBitField`, `physicsTableId`, `motionTableId`, `soundTableId`, `physicsState`, `translucency`)
VALUES (1936932864, 'Black Spawn Den', 65536, 0, 0, 0, 262164, 0, 0, 0, 0, 0, 0, 8388656, 0, 100667499, 0, 0, 0, 0, 0, 0, 0, 0, 4, 0, 0, 0, 0, 0, 32, -0.1, 0, 0, 0, 0, 0, 0, 0, 0, 0, 33555923, 0, 98307, 0, 150994947, 0, 3084, 0);

INSERT INTO `ace_object` (`baseAceObjectId`, `weenieClassId`, `landblock`, `cell`, `posX`, `posY`, `posZ`, `qW`, `qX`, `qY`, `qZ`)
VALUES (1936932864, 7246, 14132, 27, 75.3624, 71.714, 81.3766, 0.9726236, 0, 0, 0.2323859);

INSERT INTO `base_ace_object` (`baseAceObjectId`, `name`, `typeId`, `paletteId`, `ammoType`, `blipColor`, `bitField`, `burden`, `combatUse`, `cooldownDuration`, `cooldownId`, `effects`, `containersCapacity`, `header`, `hookTypeId`, `iconId`, `iconOverlayId`, `iconUnderlayId`, `hookItemTypes`, `itemsCapacity`, `location`, `materialType`, `maxStackSize`, `maxStructure`, `radar`, `pscript`, `spellId`, `stackSize`, `structure`, `targetTypeId`, `usability`, `useRadius`, `validLocations`, `value`, `workmanship`, `animationFrameId`, `defaultScript`, `defaultScriptIntensity`, `elasticity`, `friction`, `locationId`, `modelTableId`, `objectScale`, `physicsBitField`, `physicsTableId`, `motionTableId`, `soundTableId`, `physicsState`, `translucency`)
VALUES (2629533376, 'North Desert Edge', 65536, 0, 0, 0, 262164, 0, 0, 0, 0, 0, 0, 8388656, 0, 100667499, 0, 0, 0, 0, 0, 0, 0, 0, 4, 0, 0, 0, 0, 0, 32, -0.1, 0, 0, 0, 0, 0, 0, 0, 0, 0, 33554867, 0, 98307, 0, 150994947, 0, 3084, 0);

INSERT INTO `ace_object` (`baseAceObjectId`, `weenieClassId`, `landblock`, `cell`, `posX`, `posY`, `posZ`, `qW`, `qX`, `qY`, `qZ`)
VALUES (2629533376, 1905, 12599, 45, 140.5545, 103.9057, 91.64988, 1, 0, 0, 0);

INSERT INTO `base_ace_object` (`baseAceObjectId`, `name`, `typeId`, `paletteId`, `ammoType`, `blipColor`, `bitField`, `burden`, `combatUse`, `cooldownDuration`, `cooldownId`, `effects`, `containersCapacity`, `header`, `hookTypeId`, `iconId`, `iconOverlayId`, `iconUnderlayId`, `hookItemTypes`, `itemsCapacity`, `location`, `materialType`, `maxStackSize`, `maxStructure`, `radar`, `pscript`, `spellId`, `stackSize`, `structure`, `targetTypeId`, `usability`, `useRadius`, `validLocations`, `value`, `workmanship`, `animationFrameId`, `defaultScript`, `defaultScriptIntensity`, `elasticity`, `friction`, `locationId`, `modelTableId`, `objectScale`, `physicsBitField`, `physicsTableId`, `motionTableId`, `soundTableId`, `physicsState`, `translucency`)
VALUES (1932759040, 'Tumideon Fortress Portal', 65536, 0, 0, 0, 262164, 0, 0, 0, 0, 0, 0, 8388656, 0, 100667499, 0, 0, 0, 0, 0, 0, 0, 0, 4, 0, 0, 0, 0, 0, 32, -0.1, 0, 0, 0, 0, 0, 0, 0, 0, 0, 33555926, 0, 98307, 0, 150994947, 0, 3084, 0);

INSERT INTO `ace_object` (`baseAceObjectId`, `weenieClassId`, `landblock`, `cell`, `posX`, `posY`, `posZ`, `qW`, `qX`, `qY`, `qZ`)
VALUES (1932759040, 8392, 13113, 37, 103.962, 113.321, 126.1603, -0.7520827, 0, 0, 0.6590688);

INSERT INTO `base_ace_object` (`baseAceObjectId`, `name`, `typeId`, `paletteId`, `ammoType`, `blipColor`, `bitField`, `burden`, `combatUse`, `cooldownDuration`, `cooldownId`, `effects`, `containersCapacity`, `header`, `hookTypeId`, `iconId`, `iconOverlayId`, `iconUnderlayId`, `hookItemTypes`, `itemsCapacity`, `location`, `materialType`, `maxStackSize`, `maxStructure`, `radar`, `pscript`, `spellId`, `stackSize`, `structure`, `targetTypeId`, `usability`, `useRadius`, `validLocations`, `value`, `workmanship`, `animationFrameId`, `defaultScript`, `defaultScriptIntensity`, `elasticity`, `friction`, `locationId`, `modelTableId`, `objectScale`, `physicsBitField`, `physicsTableId`, `motionTableId`, `soundTableId`, `physicsState`, `translucency`)
VALUES (2629802466, 'Temple Door', 65536, 0, 0, 0, 262164, 0, 0, 0, 0, 0, 0, 8388656, 0, 100677070, 0, 0, 0, 0, 0, 0, 0, 0, 4, 0, 0, 0, 0, 0, 32, -0.1, 0, 0, 0, 0, 0, 0, 0, 0, 0, 33560143, 0, 32769, 0, 0, 0, 66572, 0);

INSERT INTO `ace_object` (`baseAceObjectId`, `weenieClassId`, `landblock`, `cell`, `posX`, `posY`, `posZ`, `qW`, `qX`, `qY`, `qZ`)
VALUES (2629802466, 38369, 14865, 21, 71, 108, 32, 0.707107, 0, 0, -0.707107);

INSERT INTO `base_ace_object` (`baseAceObjectId`, `name`, `typeId`, `paletteId`, `ammoType`, `blipColor`, `bitField`, `burden`, `combatUse`, `cooldownDuration`, `cooldownId`, `effects`, `containersCapacity`, `header`, `hookTypeId`, `iconId`, `iconOverlayId`, `iconUnderlayId`, `hookItemTypes`, `itemsCapacity`, `location`, `materialType`, `maxStackSize`, `maxStructure`, `radar`, `pscript`, `spellId`, `stackSize`, `structure`, `targetTypeId`, `usability`, `useRadius`, `validLocations`, `value`, `workmanship`, `animationFrameId`, `defaultScript`, `defaultScriptIntensity`, `elasticity`, `friction`, `locationId`, `modelTableId`, `objectScale`, `physicsBitField`, `physicsTableId`, `motionTableId`, `soundTableId`, `physicsState`, `translucency`)
VALUES (1879957548, 'Surface', 65536, 0, 0, 0, 262164, 0, 0, 0, 0, 0, 0, 8388656, 0, 100667499, 0, 0, 0, 0, 0, 0, 0, 0, 4, 0, 0, 0, 0, 0, 32, -0.1, 0, 0, 0, 0, 0, 0, 0, 0, 0, 33554867, 0, 98307, 0, 150994947, 0, 3084, 0);

INSERT INTO `ace_object` (`baseAceObjectId`, `weenieClassId`, `landblock`, `cell`, `posX`, `posY`, `posZ`, `qW`, `qX`, `qY`, `qZ`)
VALUES (1879957548, 38653, 222, 267, 120, -70, -36.063, 1, 0, 0, -4.37114E-08);

INSERT INTO `base_ace_object` (`baseAceObjectId`, `name`, `typeId`, `paletteId`, `ammoType`, `blipColor`, `bitField`, `burden`, `combatUse`, `cooldownDuration`, `cooldownId`, `effects`, `containersCapacity`, `header`, `hookTypeId`, `iconId`, `iconOverlayId`, `iconUnderlayId`, `hookItemTypes`, `itemsCapacity`, `location`, `materialType`, `maxStackSize`, `maxStructure`, `radar`, `pscript`, `spellId`, `stackSize`, `structure`, `targetTypeId`, `usability`, `useRadius`, `validLocations`, `value`, `workmanship`, `animationFrameId`, `defaultScript`, `defaultScriptIntensity`, `elasticity`, `friction`, `locationId`, `modelTableId`, `objectScale`, `physicsBitField`, `physicsTableId`, `motionTableId`, `soundTableId`, `physicsState`, `translucency`)
VALUES (1879957549, 'Surface', 65536, 0, 0, 0, 262164, 0, 0, 0, 0, 0, 0, 8388656, 0, 100667499, 0, 0, 0, 0, 0, 0, 0, 0, 4, 0, 0, 0, 0, 0, 32, -0.1, 0, 0, 0, 0, 0, 0, 0, 0, 0, 33554867, 0, 98307, 0, 150994947, 0, 3084, 0);

INSERT INTO `ace_object` (`baseAceObjectId`, `weenieClassId`, `landblock`, `cell`, `posX`, `posY`, `posZ`, `qW`, `qX`, `qY`, `qZ`)
VALUES (1879957549, 38653, 222, 272, 120, -110, -36.063, 0, 0, 0, -1);

INSERT INTO `base_ace_object` (`baseAceObjectId`, `name`, `typeId`, `paletteId`, `ammoType`, `blipColor`, `bitField`, `burden`, `combatUse`, `cooldownDuration`, `cooldownId`, `effects`, `containersCapacity`, `header`, `hookTypeId`, `iconId`, `iconOverlayId`, `iconUnderlayId`, `hookItemTypes`, `itemsCapacity`, `location`, `materialType`, `maxStackSize`, `maxStructure`, `radar`, `pscript`, `spellId`, `stackSize`, `structure`, `targetTypeId`, `usability`, `useRadius`, `validLocations`, `value`, `workmanship`, `animationFrameId`, `defaultScript`, `defaultScriptIntensity`, `elasticity`, `friction`, `locationId`, `modelTableId`, `objectScale`, `physicsBitField`, `physicsTableId`, `motionTableId`, `soundTableId`, `physicsState`, `translucency`)
VALUES (1880518684, 'Surface Portal', 65536, 0, 0, 0, 262164, 0, 0, 0, 0, 0, 0, 8388656, 0, 100667499, 0, 0, 0, 0, 0, 0, 0, 0, 4, 0, 0, 0, 0, 0, 32, -0.1, 0, 0, 0, 0, 0, 0, 0, 0, 0, 33554867, 0, 98307, 0, 150994947, 0, 3084, 0);

INSERT INTO `ace_object` (`baseAceObjectId`, `weenieClassId`, `landblock`, `cell`, `posX`, `posY`, `posZ`, `qW`, `qX`, `qY`, `qZ`)
VALUES (1880518684, 4930, 359, 424, 110, -50, 5.937, 1, 0, 0, 0);

INSERT INTO `base_ace_object` (`baseAceObjectId`, `name`, `typeId`, `paletteId`, `ammoType`, `blipColor`, `bitField`, `burden`, `combatUse`, `cooldownDuration`, `cooldownId`, `effects`, `containersCapacity`, `header`, `hookTypeId`, `iconId`, `iconOverlayId`, `iconUnderlayId`, `hookItemTypes`, `itemsCapacity`, `location`, `materialType`, `maxStackSize`, `maxStructure`, `radar`, `pscript`, `spellId`, `stackSize`, `structure`, `targetTypeId`, `usability`, `useRadius`, `validLocations`, `value`, `workmanship`, `animationFrameId`, `defaultScript`, `defaultScriptIntensity`, `elasticity`, `friction`, `locationId`, `modelTableId`, `objectScale`, `physicsBitField`, `physicsTableId`, `motionTableId`, `soundTableId`, `physicsState`, `translucency`)
VALUES (2032762880, 'Base of Mt. Alphus', 65536, 0, 0, 0, 262164, 0, 0, 0, 0, 0, 0, 8388656, 0, 100667499, 0, 0, 0, 0, 0, 0, 0, 0, 4, 0, 0, 0, 0, 0, 32, -0.1, 0, 0, 0, 0, 0, 0, 0, 0, 0, 33554867, 0, 98307, 0, 150994947, 0, 3084, 0);

INSERT INTO `ace_object` (`baseAceObjectId`, `weenieClassId`, `landblock`, `cell`, `posX`, `posY`, `posZ`, `qW`, `qX`, `qY`, `qZ`)
VALUES (2032762880, 433, 37528, 14, 44.339, 141.7, 35.937, 0.9396927, 0, 0, -0.3420199);

INSERT INTO `base_ace_object` (`baseAceObjectId`, `name`, `typeId`, `paletteId`, `ammoType`, `blipColor`, `bitField`, `burden`, `combatUse`, `cooldownDuration`, `cooldownId`, `effects`, `containersCapacity`, `header`, `hookTypeId`, `iconId`, `iconOverlayId`, `iconUnderlayId`, `hookItemTypes`, `itemsCapacity`, `location`, `materialType`, `maxStackSize`, `maxStructure`, `radar`, `pscript`, `spellId`, `stackSize`, `structure`, `targetTypeId`, `usability`, `useRadius`, `validLocations`, `value`, `workmanship`, `animationFrameId`, `defaultScript`, `defaultScriptIntensity`, `elasticity`, `friction`, `locationId`, `modelTableId`, `objectScale`, `physicsBitField`, `physicsTableId`, `motionTableId`, `soundTableId`, `physicsState`, `translucency`)
VALUES (2031767934, 'House Portal', 65536, 0, 0, 0, 262164, 0, 0, 0, 0, 0, 0, 41943088, 0, 100667499, 0, 0, 0, 0, 0, 0, 0, 0, 4, 0, 0, 0, 0, 0, 32, 0.75, 0, 0, 0, 0, 0, 0, 0, 0, 0, 33554867, 0, 98307, 0, 150994947, 0, 3076, 0);

INSERT INTO `ace_object` (`baseAceObjectId`, `weenieClassId`, `landblock`, `cell`, `posX`, `posY`, `posZ`, `qW`, `qX`, `qY`, `qZ`)
VALUES (2031767934, 11730, 37285, 280, 111.261, 37.7634, 11.137, 0.9992476, 0, 0, -0.03878469);

INSERT INTO `base_ace_object` (`baseAceObjectId`, `name`, `typeId`, `paletteId`, `ammoType`, `blipColor`, `bitField`, `burden`, `combatUse`, `cooldownDuration`, `cooldownId`, `effects`, `containersCapacity`, `header`, `hookTypeId`, `iconId`, `iconOverlayId`, `iconUnderlayId`, `hookItemTypes`, `itemsCapacity`, `location`, `materialType`, `maxStackSize`, `maxStructure`, `radar`, `pscript`, `spellId`, `stackSize`, `structure`, `targetTypeId`, `usability`, `useRadius`, `validLocations`, `value`, `workmanship`, `animationFrameId`, `defaultScript`, `defaultScriptIntensity`, `elasticity`, `friction`, `locationId`, `modelTableId`, `objectScale`, `physicsBitField`, `physicsTableId`, `motionTableId`, `soundTableId`, `physicsState`, `translucency`)
VALUES (2031767936, 'House Portal', 65536, 0, 0, 0, 262164, 0, 0, 0, 0, 0, 0, 41943088, 0, 100667499, 0, 0, 0, 0, 0, 0, 0, 0, 4, 0, 0, 0, 0, 0, 32, 0.75, 0, 0, 0, 0, 0, 0, 0, 0, 0, 33554867, 0, 98307, 0, 150994947, 0, 3076, 0);

INSERT INTO `ace_object` (`baseAceObjectId`, `weenieClassId`, `landblock`, `cell`, `posX`, `posY`, `posZ`, `qW`, `qX`, `qY`, `qZ`)
VALUES (2031767936, 11730, 37285, 311, 35.5107, 46.223, 19.137, -0.9998121, 0, 0, 0.0193871);

INSERT INTO `base_ace_object` (`baseAceObjectId`, `name`, `typeId`, `paletteId`, `ammoType`, `blipColor`, `bitField`, `burden`, `combatUse`, `cooldownDuration`, `cooldownId`, `effects`, `containersCapacity`, `header`, `hookTypeId`, `iconId`, `iconOverlayId`, `iconUnderlayId`, `hookItemTypes`, `itemsCapacity`, `location`, `materialType`, `maxStackSize`, `maxStructure`, `radar`, `pscript`, `spellId`, `stackSize`, `structure`, `targetTypeId`, `usability`, `useRadius`, `validLocations`, `value`, `workmanship`, `animationFrameId`, `defaultScript`, `defaultScriptIntensity`, `elasticity`, `friction`, `locationId`, `modelTableId`, `objectScale`, `physicsBitField`, `physicsTableId`, `motionTableId`, `soundTableId`, `physicsState`, `translucency`)
VALUES (2031767938, 'House Portal', 65536, 0, 0, 0, 262164, 0, 0, 0, 0, 0, 0, 41943088, 0, 100667499, 0, 0, 0, 0, 0, 0, 0, 0, 4, 0, 0, 0, 0, 0, 32, 0.75, 0, 0, 0, 0, 0, 0, 0, 0, 0, 33554867, 0, 98307, 0, 150994947, 0, 3076, 0);

INSERT INTO `ace_object` (`baseAceObjectId`, `weenieClassId`, `landblock`, `cell`, `posX`, `posY`, `posZ`, `qW`, `qX`, `qY`, `qZ`)
VALUES (2031767938, 11730, 37285, 339, 33.8795, 130.384, 29.137, -0.02688661, 0, 0, -0.9996385);

INSERT INTO `base_ace_object` (`baseAceObjectId`, `name`, `typeId`, `paletteId`, `ammoType`, `blipColor`, `bitField`, `burden`, `combatUse`, `cooldownDuration`, `cooldownId`, `effects`, `containersCapacity`, `header`, `hookTypeId`, `iconId`, `iconOverlayId`, `iconUnderlayId`, `hookItemTypes`, `itemsCapacity`, `location`, `materialType`, `maxStackSize`, `maxStructure`, `radar`, `pscript`, `spellId`, `stackSize`, `structure`, `targetTypeId`, `usability`, `useRadius`, `validLocations`, `value`, `workmanship`, `animationFrameId`, `defaultScript`, `defaultScriptIntensity`, `elasticity`, `friction`, `locationId`, `modelTableId`, `objectScale`, `physicsBitField`, `physicsTableId`, `motionTableId`, `soundTableId`, `physicsState`, `translucency`)
VALUES (2031767940, 'House Portal', 65536, 0, 0, 0, 262164, 0, 0, 0, 0, 0, 0, 41943088, 0, 100667499, 0, 0, 0, 0, 0, 0, 0, 0, 4, 0, 0, 0, 0, 0, 32, 0.75, 0, 0, 0, 0, 0, 0, 0, 0, 0, 33554867, 0, 98307, 0, 150994947, 0, 3076, 0);

INSERT INTO `ace_object` (`baseAceObjectId`, `weenieClassId`, `landblock`, `cell`, `posX`, `posY`, `posZ`, `qW`, `qX`, `qY`, `qZ`)
VALUES (2031767940, 11730, 37285, 370, 93.4964, 156.91, 23.137, -0.6915922, 0, 0, 0.7222882);

INSERT INTO `base_ace_object` (`baseAceObjectId`, `name`, `typeId`, `paletteId`, `ammoType`, `blipColor`, `bitField`, `burden`, `combatUse`, `cooldownDuration`, `cooldownId`, `effects`, `containersCapacity`, `header`, `hookTypeId`, `iconId`, `iconOverlayId`, `iconUnderlayId`, `hookItemTypes`, `itemsCapacity`, `location`, `materialType`, `maxStackSize`, `maxStructure`, `radar`, `pscript`, `spellId`, `stackSize`, `structure`, `targetTypeId`, `usability`, `useRadius`, `validLocations`, `value`, `workmanship`, `animationFrameId`, `defaultScript`, `defaultScriptIntensity`, `elasticity`, `friction`, `locationId`, `modelTableId`, `objectScale`, `physicsBitField`, `physicsTableId`, `motionTableId`, `soundTableId`, `physicsState`, `translucency`)
VALUES (2031767941, 'House Portal', 65536, 0, 0, 0, 262164, 0, 0, 0, 0, 0, 0, 41943088, 0, 100667499, 0, 0, 0, 0, 0, 0, 0, 0, 4, 0, 0, 0, 0, 0, 32, 0.75, 0, 0, 0, 0, 0, 0, 0, 0, 0, 33554867, 0, 98307, 0, 150994947, 0, 3076, 0);

INSERT INTO `ace_object` (`baseAceObjectId`, `weenieClassId`, `landblock`, `cell`, `posX`, `posY`, `posZ`, `qW`, `qX`, `qY`, `qZ`)
VALUES (2031767941, 11730, 37285, 398, 153.573, 154.842, 13.137, -0.06181763, 0, 0, -0.9980875);

INSERT INTO `base_ace_object` (`baseAceObjectId`, `name`, `typeId`, `paletteId`, `ammoType`, `blipColor`, `bitField`, `burden`, `combatUse`, `cooldownDuration`, `cooldownId`, `effects`, `containersCapacity`, `header`, `hookTypeId`, `iconId`, `iconOverlayId`, `iconUnderlayId`, `hookItemTypes`, `itemsCapacity`, `location`, `materialType`, `maxStackSize`, `maxStructure`, `radar`, `pscript`, `spellId`, `stackSize`, `structure`, `targetTypeId`, `usability`, `useRadius`, `validLocations`, `value`, `workmanship`, `animationFrameId`, `defaultScript`, `defaultScriptIntensity`, `elasticity`, `friction`, `locationId`, `modelTableId`, `objectScale`, `physicsBitField`, `physicsTableId`, `motionTableId`, `soundTableId`, `physicsState`, `translucency`)
VALUES (2022514688, 'Tanada House of Earth', 65536, 0, 0, 0, 262164, 0, 0, 0, 0, 0, 0, 8388656, 0, 100667499, 0, 0, 0, 0, 0, 0, 0, 0, 4, 0, 0, 0, 0, 0, 32, -0.1, 0, 0, 0, 0, 0, 0, 0, 0, 0, 33555925, 0, 98307, 0, 150994947, 0, 3084, 0);

INSERT INTO `ace_object` (`baseAceObjectId`, `weenieClassId`, `landblock`, `cell`, `posX`, `posY`, `posZ`, `qW`, `qX`, `qY`, `qZ`)
VALUES (2022514688, 34374, 35026, 256, 180.219, 76.7927, 174.737, 0.999907, 0, 0, 0.0136352);

INSERT INTO `base_ace_object` (`baseAceObjectId`, `name`, `typeId`, `paletteId`, `ammoType`, `blipColor`, `bitField`, `burden`, `combatUse`, `cooldownDuration`, `cooldownId`, `effects`, `containersCapacity`, `header`, `hookTypeId`, `iconId`, `iconOverlayId`, `iconUnderlayId`, `hookItemTypes`, `itemsCapacity`, `location`, `materialType`, `maxStackSize`, `maxStructure`, `radar`, `pscript`, `spellId`, `stackSize`, `structure`, `targetTypeId`, `usability`, `useRadius`, `validLocations`, `value`, `workmanship`, `animationFrameId`, `defaultScript`, `defaultScriptIntensity`, `elasticity`, `friction`, `locationId`, `modelTableId`, `objectScale`, `physicsBitField`, `physicsTableId`, `motionTableId`, `soundTableId`, `physicsState`, `translucency`)
VALUES (1975123968, 'Spirit Cell', 65536, 0, 0, 0, 262164, 0, 0, 0, 0, 0, 0, 8388656, 0, 100667499, 0, 0, 0, 0, 0, 0, 0, 0, 4, 0, 0, 0, 0, 0, 32, -0.1, 0, 0, 0, 0, 0, 0, 0, 0, 0, 33554867, 0, 98307, 0, 150994947, 0, 3084, 0);

INSERT INTO `ace_object` (`baseAceObjectId`, `weenieClassId`, `landblock`, `cell`, `posX`, `posY`, `posZ`, `qW`, `qX`, `qY`, `qZ`)
VALUES (1975123968, 22895, 23456, 53, 150.028, 104.734, 32.43933, 0.9955125, 0, 0, 0.09463024);

INSERT INTO `base_ace_object` (`baseAceObjectId`, `name`, `typeId`, `paletteId`, `ammoType`, `blipColor`, `bitField`, `burden`, `combatUse`, `cooldownDuration`, `cooldownId`, `effects`, `containersCapacity`, `header`, `hookTypeId`, `iconId`, `iconOverlayId`, `iconUnderlayId`, `hookItemTypes`, `itemsCapacity`, `location`, `materialType`, `maxStackSize`, `maxStructure`, `radar`, `pscript`, `spellId`, `stackSize`, `structure`, `targetTypeId`, `usability`, `useRadius`, `validLocations`, `value`, `workmanship`, `animationFrameId`, `defaultScript`, `defaultScriptIntensity`, `elasticity`, `friction`, `locationId`, `modelTableId`, `objectScale`, `physicsBitField`, `physicsTableId`, `motionTableId`, `soundTableId`, `physicsState`, `translucency`)
VALUES (1975148930, 'House Portal', 65536, 0, 0, 0, 262164, 0, 0, 0, 0, 0, 0, 41943088, 0, 100667499, 0, 0, 0, 0, 0, 0, 0, 0, 4, 0, 0, 0, 0, 0, 32, 0.75, 0, 0, 0, 0, 0, 0, 0, 0, 0, 33554867, 0, 98307, 0, 150994947, 0, 3076, 0);

INSERT INTO `ace_object` (`baseAceObjectId`, `weenieClassId`, `landblock`, `cell`, `posX`, `posY`, `posZ`, `qW`, `qX`, `qY`, `qZ`)
VALUES (1975148930, 11730, 23462, 280, 85.9053, 105.52, 47.137, -0.7003447, 0, 0, 0.7138048);

INSERT INTO `base_ace_object` (`baseAceObjectId`, `name`, `typeId`, `paletteId`, `ammoType`, `blipColor`, `bitField`, `burden`, `combatUse`, `cooldownDuration`, `cooldownId`, `effects`, `containersCapacity`, `header`, `hookTypeId`, `iconId`, `iconOverlayId`, `iconUnderlayId`, `hookItemTypes`, `itemsCapacity`, `location`, `materialType`, `maxStackSize`, `maxStructure`, `radar`, `pscript`, `spellId`, `stackSize`, `structure`, `targetTypeId`, `usability`, `useRadius`, `validLocations`, `value`, `workmanship`, `animationFrameId`, `defaultScript`, `defaultScriptIntensity`, `elasticity`, `friction`, `locationId`, `modelTableId`, `objectScale`, `physicsBitField`, `physicsTableId`, `motionTableId`, `soundTableId`, `physicsState`, `translucency`)
VALUES (1975148927, 'House Portal', 65536, 0, 0, 0, 262164, 0, 0, 0, 0, 0, 0, 41943088, 0, 100667499, 0, 0, 0, 0, 0, 0, 0, 0, 4, 0, 0, 0, 0, 0, 32, 0.75, 0, 0, 0, 0, 0, 0, 0, 0, 0, 33554867, 0, 98307, 0, 150994947, 0, 3076, 0);

INSERT INTO `ace_object` (`baseAceObjectId`, `weenieClassId`, `landblock`, `cell`, `posX`, `posY`, `posZ`, `qW`, `qX`, `qY`, `qZ`)
VALUES (1975148927, 11730, 23462, 311, 153.11, 153.586, 49.137, 0.0386482, 0, 0, 0.9992529);

INSERT INTO `base_ace_object` (`baseAceObjectId`, `name`, `typeId`, `paletteId`, `ammoType`, `blipColor`, `bitField`, `burden`, `combatUse`, `cooldownDuration`, `cooldownId`, `effects`, `containersCapacity`, `header`, `hookTypeId`, `iconId`, `iconOverlayId`, `iconUnderlayId`, `hookItemTypes`, `itemsCapacity`, `location`, `materialType`, `maxStackSize`, `maxStructure`, `radar`, `pscript`, `spellId`, `stackSize`, `structure`, `targetTypeId`, `usability`, `useRadius`, `validLocations`, `value`, `workmanship`, `animationFrameId`, `defaultScript`, `defaultScriptIntensity`, `elasticity`, `friction`, `locationId`, `modelTableId`, `objectScale`, `physicsBitField`, `physicsTableId`, `motionTableId`, `soundTableId`, `physicsState`, `translucency`)
VALUES (1975148931, 'House Portal', 65536, 0, 0, 0, 262164, 0, 0, 0, 0, 0, 0, 41943088, 0, 100667499, 0, 0, 0, 0, 0, 0, 0, 0, 4, 0, 0, 0, 0, 0, 32, 0.75, 0, 0, 0, 0, 0, 0, 0, 0, 0, 33554867, 0, 98307, 0, 150994947, 0, 3076, 0);

INSERT INTO `ace_object` (`baseAceObjectId`, `weenieClassId`, `landblock`, `cell`, `posX`, `posY`, `posZ`, `qW`, `qX`, `qY`, `qZ`)
VALUES (1975148931, 11730, 23462, 342, 156.386, 75.0414, 39.137, -0.03046979, 0, 0, -0.9995357);

INSERT INTO `base_ace_object` (`baseAceObjectId`, `name`, `typeId`, `paletteId`, `ammoType`, `blipColor`, `bitField`, `burden`, `combatUse`, `cooldownDuration`, `cooldownId`, `effects`, `containersCapacity`, `header`, `hookTypeId`, `iconId`, `iconOverlayId`, `iconUnderlayId`, `hookItemTypes`, `itemsCapacity`, `location`, `materialType`, `maxStackSize`, `maxStructure`, `radar`, `pscript`, `spellId`, `stackSize`, `structure`, `targetTypeId`, `usability`, `useRadius`, `validLocations`, `value`, `workmanship`, `animationFrameId`, `defaultScript`, `defaultScriptIntensity`, `elasticity`, `friction`, `locationId`, `modelTableId`, `objectScale`, `physicsBitField`, `physicsTableId`, `motionTableId`, `soundTableId`, `physicsState`, `translucency`)
VALUES (1975148933, 'House Portal', 65536, 0, 0, 0, 262164, 0, 0, 0, 0, 0, 0, 41943088, 0, 100667499, 0, 0, 0, 0, 0, 0, 0, 0, 4, 0, 0, 0, 0, 0, 32, 0.75, 0, 0, 0, 0, 0, 0, 0, 0, 0, 33554867, 0, 98307, 0, 150994947, 0, 3076, 0);

INSERT INTO `ace_object` (`baseAceObjectId`, `weenieClassId`, `landblock`, `cell`, `posX`, `posY`, `posZ`, `qW`, `qX`, `qY`, `qZ`)
VALUES (1975148933, 11730, 23462, 370, 45.4556, 36.7474, 55.137, 0.7105672, 0, 0, -0.7036293);

INSERT INTO `base_ace_object` (`baseAceObjectId`, `name`, `typeId`, `paletteId`, `ammoType`, `blipColor`, `bitField`, `burden`, `combatUse`, `cooldownDuration`, `cooldownId`, `effects`, `containersCapacity`, `header`, `hookTypeId`, `iconId`, `iconOverlayId`, `iconUnderlayId`, `hookItemTypes`, `itemsCapacity`, `location`, `materialType`, `maxStackSize`, `maxStructure`, `radar`, `pscript`, `spellId`, `stackSize`, `structure`, `targetTypeId`, `usability`, `useRadius`, `validLocations`, `value`, `workmanship`, `animationFrameId`, `defaultScript`, `defaultScriptIntensity`, `elasticity`, `friction`, `locationId`, `modelTableId`, `objectScale`, `physicsBitField`, `physicsTableId`, `motionTableId`, `soundTableId`, `physicsState`, `translucency`)
VALUES (1975148925, 'House Portal', 65536, 0, 0, 0, 262164, 0, 0, 0, 0, 0, 0, 41943088, 0, 100667499, 0, 0, 0, 0, 0, 0, 0, 0, 4, 0, 0, 0, 0, 0, 32, 0.75, 0, 0, 0, 0, 0, 0, 0, 0, 0, 33554867, 0, 98307, 0, 150994947, 0, 3076, 0);

INSERT INTO `ace_object` (`baseAceObjectId`, `weenieClassId`, `landblock`, `cell`, `posX`, `posY`, `posZ`, `qW`, `qX`, `qY`, `qZ`)
VALUES (1975148925, 11730, 23462, 398, 37.744, 153.424, 69.137, 0.7035489, 0, 0, -0.7106469);

INSERT INTO `base_ace_object` (`baseAceObjectId`, `name`, `typeId`, `paletteId`, `ammoType`, `blipColor`, `bitField`, `burden`, `combatUse`, `cooldownDuration`, `cooldownId`, `effects`, `containersCapacity`, `header`, `hookTypeId`, `iconId`, `iconOverlayId`, `iconUnderlayId`, `hookItemTypes`, `itemsCapacity`, `location`, `materialType`, `maxStackSize`, `maxStructure`, `radar`, `pscript`, `spellId`, `stackSize`, `structure`, `targetTypeId`, `usability`, `useRadius`, `validLocations`, `value`, `workmanship`, `animationFrameId`, `defaultScript`, `defaultScriptIntensity`, `elasticity`, `friction`, `locationId`, `modelTableId`, `objectScale`, `physicsBitField`, `physicsTableId`, `motionTableId`, `soundTableId`, `physicsState`, `translucency`)
VALUES (3688001006, 'Direlands Southeast Shore', 65536, 0, 0, 0, 262164, 0, 0, 0, 0, 0, 0, 8388656, 0, 100667499, 0, 0, 0, 0, 0, 0, 0, 0, 4, 0, 0, 0, 0, 0, 32, -0.1, 0, 0, 0, 0, 0, 0, 0, 0, 0, 33555926, 0, 98307, 0, 150994947, 0, 3084, 0);

INSERT INTO `ace_object` (`baseAceObjectId`, `weenieClassId`, `landblock`, `cell`, `posX`, `posY`, `posZ`, `qW`, `qX`, `qY`, `qZ`)
VALUES (3688001006, 8385, 22692, 10, 33.96085, 32.35308, 72.0089, 0.9537169, 0, 0, -0.3007058);

INSERT INTO `base_ace_object` (`baseAceObjectId`, `name`, `typeId`, `paletteId`, `ammoType`, `blipColor`, `bitField`, `burden`, `combatUse`, `cooldownDuration`, `cooldownId`, `effects`, `containersCapacity`, `header`, `hookTypeId`, `iconId`, `iconOverlayId`, `iconUnderlayId`, `hookItemTypes`, `itemsCapacity`, `location`, `materialType`, `maxStackSize`, `maxStructure`, `radar`, `pscript`, `spellId`, `stackSize`, `structure`, `targetTypeId`, `usability`, `useRadius`, `validLocations`, `value`, `workmanship`, `animationFrameId`, `defaultScript`, `defaultScriptIntensity`, `elasticity`, `friction`, `locationId`, `modelTableId`, `objectScale`, `physicsBitField`, `physicsTableId`, `motionTableId`, `soundTableId`, `physicsState`, `translucency`)
VALUES (3687896876, 'Direlands Southeast Shore', 65536, 0, 0, 0, 262164, 0, 0, 0, 0, 0, 0, 8388656, 0, 100667499, 0, 0, 0, 0, 0, 0, 0, 0, 4, 0, 0, 0, 0, 0, 32, -0.1, 0, 0, 0, 0, 0, 0, 0, 0, 0, 33555926, 0, 98307, 0, 150994947, 0, 3084, 0);

INSERT INTO `ace_object` (`baseAceObjectId`, `weenieClassId`, `landblock`, `cell`, `posX`, `posY`, `posZ`, `qW`, `qX`, `qY`, `qZ`)
VALUES (3687896876, 8385, 23973, 43, 140.9586, 68.64332, 64.70195, 0.9537169, 0, 0, -0.3007058);

INSERT INTO `base_ace_object` (`baseAceObjectId`, `name`, `typeId`, `paletteId`, `ammoType`, `blipColor`, `bitField`, `burden`, `combatUse`, `cooldownDuration`, `cooldownId`, `effects`, `containersCapacity`, `header`, `hookTypeId`, `iconId`, `iconOverlayId`, `iconUnderlayId`, `hookItemTypes`, `itemsCapacity`, `location`, `materialType`, `maxStackSize`, `maxStructure`, `radar`, `pscript`, `spellId`, `stackSize`, `structure`, `targetTypeId`, `usability`, `useRadius`, `validLocations`, `value`, `workmanship`, `animationFrameId`, `defaultScript`, `defaultScriptIntensity`, `elasticity`, `friction`, `locationId`, `modelTableId`, `objectScale`, `physicsBitField`, `physicsTableId`, `motionTableId`, `soundTableId`, `physicsState`, `translucency`)
VALUES (1979994118, 'Caul Athenaeum', 65536, 0, 0, 0, 262164, 0, 0, 0, 0, 0, 0, 8388656, 0, 100667499, 0, 0, 0, 0, 0, 0, 0, 0, 4, 0, 0, 0, 0, 0, 32, -0.1, 0, 0, 0, 0, 0, 0, 0, 0, 0, 33558569, 0, 98307, 0, 150994947, 0, 3084, 0);

INSERT INTO `ace_object` (`baseAceObjectId`, `weenieClassId`, `landblock`, `cell`, `posX`, `posY`, `posZ`, `qW`, `qX`, `qY`, `qZ`)
VALUES (1979994118, 22928, 24645, 262, 60, -80, -36.063, 0.6785569, 0, 0, 0.7345479);

INSERT INTO `base_ace_object` (`baseAceObjectId`, `name`, `typeId`, `paletteId`, `ammoType`, `blipColor`, `bitField`, `burden`, `combatUse`, `cooldownDuration`, `cooldownId`, `effects`, `containersCapacity`, `header`, `hookTypeId`, `iconId`, `iconOverlayId`, `iconUnderlayId`, `hookItemTypes`, `itemsCapacity`, `location`, `materialType`, `maxStackSize`, `maxStructure`, `radar`, `pscript`, `spellId`, `stackSize`, `structure`, `targetTypeId`, `usability`, `useRadius`, `validLocations`, `value`, `workmanship`, `animationFrameId`, `defaultScript`, `defaultScriptIntensity`, `elasticity`, `friction`, `locationId`, `modelTableId`, `objectScale`, `physicsBitField`, `physicsTableId`, `motionTableId`, `soundTableId`, `physicsState`, `translucency`)
VALUES (1979998301, 'Caul Sanatorium', 65536, 0, 0, 0, 262164, 0, 0, 0, 0, 0, 0, 8388656, 0, 100667499, 0, 0, 0, 0, 0, 0, 0, 0, 4, 0, 0, 0, 0, 0, 32, -0.1, 0, 0, 0, 0, 0, 0, 0, 0, 0, 33558569, 0, 98307, 0, 150994947, 0, 3084, 0);

INSERT INTO `ace_object` (`baseAceObjectId`, `weenieClassId`, `landblock`, `cell`, `posX`, `posY`, `posZ`, `qW`, `qX`, `qY`, `qZ`)
VALUES (1979998301, 22929, 24646, 704, 63.8942, -49.6683, 17.937, -0.6852933, 0, 0, 0.7282673);

INSERT INTO `base_ace_object` (`baseAceObjectId`, `name`, `typeId`, `paletteId`, `ammoType`, `blipColor`, `bitField`, `burden`, `combatUse`, `cooldownDuration`, `cooldownId`, `effects`, `containersCapacity`, `header`, `hookTypeId`, `iconId`, `iconOverlayId`, `iconUnderlayId`, `hookItemTypes`, `itemsCapacity`, `location`, `materialType`, `maxStackSize`, `maxStructure`, `radar`, `pscript`, `spellId`, `stackSize`, `structure`, `targetTypeId`, `usability`, `useRadius`, `validLocations`, `value`, `workmanship`, `animationFrameId`, `defaultScript`, `defaultScriptIntensity`, `elasticity`, `friction`, `locationId`, `modelTableId`, `objectScale`, `physicsBitField`, `physicsTableId`, `motionTableId`, `soundTableId`, `physicsState`, `translucency`)
VALUES (1980002310, 'Caul Sanatorium', 65536, 0, 0, 0, 262164, 0, 0, 0, 0, 0, 0, 8388656, 0, 100667499, 0, 0, 0, 0, 0, 0, 0, 0, 4, 0, 0, 0, 0, 0, 32, -0.1, 0, 0, 0, 0, 0, 0, 0, 0, 0, 33558569, 0, 98307, 0, 150994947, 0, 3084, 0);

INSERT INTO `ace_object` (`baseAceObjectId`, `weenieClassId`, `landblock`, `cell`, `posX`, `posY`, `posZ`, `qW`, `qX`, `qY`, `qZ`)
VALUES (1980002310, 22929, 24647, 287, 81.6456, -81.841, -18.063, 0.012275, 0, 0, 0.9999247);

INSERT INTO `base_ace_object` (`baseAceObjectId`, `name`, `typeId`, `paletteId`, `ammoType`, `blipColor`, `bitField`, `burden`, `combatUse`, `cooldownDuration`, `cooldownId`, `effects`, `containersCapacity`, `header`, `hookTypeId`, `iconId`, `iconOverlayId`, `iconUnderlayId`, `hookItemTypes`, `itemsCapacity`, `location`, `materialType`, `maxStackSize`, `maxStructure`, `radar`, `pscript`, `spellId`, `stackSize`, `structure`, `targetTypeId`, `usability`, `useRadius`, `validLocations`, `value`, `workmanship`, `animationFrameId`, `defaultScript`, `defaultScriptIntensity`, `elasticity`, `friction`, `locationId`, `modelTableId`, `objectScale`, `physicsBitField`, `physicsTableId`, `motionTableId`, `soundTableId`, `physicsState`, `translucency`)
VALUES (1980002396, 'Caul Sanatorium', 65536, 0, 0, 0, 262164, 0, 0, 0, 0, 0, 0, 8388656, 0, 100667499, 0, 0, 0, 0, 0, 0, 0, 0, 4, 0, 0, 0, 0, 0, 32, -0.1, 0, 0, 0, 0, 0, 0, 0, 0, 0, 33558569, 0, 98307, 0, 150994947, 0, 3084, 0);

INSERT INTO `ace_object` (`baseAceObjectId`, `weenieClassId`, `landblock`, `cell`, `posX`, `posY`, `posZ`, `qW`, `qX`, `qY`, `qZ`)
VALUES (1980002396, 22929, 24647, 1072, 100, -90, 5.937, 0.7071068, 0, 0, -0.7071068);

INSERT INTO `base_ace_object` (`baseAceObjectId`, `name`, `typeId`, `paletteId`, `ammoType`, `blipColor`, `bitField`, `burden`, `combatUse`, `cooldownDuration`, `cooldownId`, `effects`, `containersCapacity`, `header`, `hookTypeId`, `iconId`, `iconOverlayId`, `iconUnderlayId`, `hookItemTypes`, `itemsCapacity`, `location`, `materialType`, `maxStackSize`, `maxStructure`, `radar`, `pscript`, `spellId`, `stackSize`, `structure`, `targetTypeId`, `usability`, `useRadius`, `validLocations`, `value`, `workmanship`, `animationFrameId`, `defaultScript`, `defaultScriptIntensity`, `elasticity`, `friction`, `locationId`, `modelTableId`, `objectScale`, `physicsBitField`, `physicsTableId`, `motionTableId`, `soundTableId`, `physicsState`, `translucency`)
VALUES (1980002343, 'Caul Sanatorium', 65536, 0, 0, 0, 262164, 0, 0, 0, 0, 0, 0, 8388656, 0, 100667499, 0, 0, 0, 0, 0, 0, 0, 0, 4, 0, 0, 0, 0, 0, 32, -0.1, 0, 0, 0, 0, 0, 0, 0, 0, 0, 33558569, 0, 98307, 0, 150994947, 0, 3084, 0);

INSERT INTO `ace_object` (`baseAceObjectId`, `weenieClassId`, `landblock`, `cell`, `posX`, `posY`, `posZ`, `qW`, `qX`, `qY`, `qZ`)
VALUES (1980002343, 22929, 24647, 532, 90, -80, -6.063, 0.7071068, 0, 0, -0.7071068);

INSERT INTO `base_ace_object` (`baseAceObjectId`, `name`, `typeId`, `paletteId`, `ammoType`, `blipColor`, `bitField`, `burden`, `combatUse`, `cooldownDuration`, `cooldownId`, `effects`, `containersCapacity`, `header`, `hookTypeId`, `iconId`, `iconOverlayId`, `iconUnderlayId`, `hookItemTypes`, `itemsCapacity`, `location`, `materialType`, `maxStackSize`, `maxStructure`, `radar`, `pscript`, `spellId`, `stackSize`, `structure`, `targetTypeId`, `usability`, `useRadius`, `validLocations`, `value`, `workmanship`, `animationFrameId`, `defaultScript`, `defaultScriptIntensity`, `elasticity`, `friction`, `locationId`, `modelTableId`, `objectScale`, `physicsBitField`, `physicsTableId`, `motionTableId`, `soundTableId`, `physicsState`, `translucency`)
VALUES (1980002350, 'Caul Sanatorium', 65536, 0, 0, 0, 262164, 0, 0, 0, 0, 0, 0, 8388656, 0, 100667499, 0, 0, 0, 0, 0, 0, 0, 0, 4, 0, 0, 0, 0, 0, 32, -0.1, 0, 0, 0, 0, 0, 0, 0, 0, 0, 33558569, 0, 98307, 0, 150994947, 0, 3084, 0);

INSERT INTO `ace_object` (`baseAceObjectId`, `weenieClassId`, `landblock`, `cell`, `posX`, `posY`, `posZ`, `qW`, `qX`, `qY`, `qZ`)
VALUES (1980002350, 22929, 24647, 582, 110, -100, -6.063, 0.7071068, 0, 0, -0.7071068);

INSERT INTO `base_ace_object` (`baseAceObjectId`, `name`, `typeId`, `paletteId`, `ammoType`, `blipColor`, `bitField`, `burden`, `combatUse`, `cooldownDuration`, `cooldownId`, `effects`, `containersCapacity`, `header`, `hookTypeId`, `iconId`, `iconOverlayId`, `iconUnderlayId`, `hookItemTypes`, `itemsCapacity`, `location`, `materialType`, `maxStackSize`, `maxStructure`, `radar`, `pscript`, `spellId`, `stackSize`, `structure`, `targetTypeId`, `usability`, `useRadius`, `validLocations`, `value`, `workmanship`, `animationFrameId`, `defaultScript`, `defaultScriptIntensity`, `elasticity`, `friction`, `locationId`, `modelTableId`, `objectScale`, `physicsBitField`, `physicsTableId`, `motionTableId`, `soundTableId`, `physicsState`, `translucency`)
VALUES (1980002411, 'Caul Sanatorium', 65536, 0, 0, 0, 262164, 0, 0, 0, 0, 0, 0, 8388656, 0, 100667499, 0, 0, 0, 0, 0, 0, 0, 0, 4, 0, 0, 0, 0, 0, 32, -0.1, 0, 0, 0, 0, 0, 0, 0, 0, 0, 33558569, 0, 98307, 0, 150994947, 0, 3084, 0);

INSERT INTO `ace_object` (`baseAceObjectId`, `weenieClassId`, `landblock`, `cell`, `posX`, `posY`, `posZ`, `qW`, `qX`, `qY`, `qZ`)
VALUES (1980002411, 22930, 24647, 1185, 70, -100, 11.937, 0.7071068, 0, 0, -0.7071068);

INSERT INTO `base_ace_object` (`baseAceObjectId`, `name`, `typeId`, `paletteId`, `ammoType`, `blipColor`, `bitField`, `burden`, `combatUse`, `cooldownDuration`, `cooldownId`, `effects`, `containersCapacity`, `header`, `hookTypeId`, `iconId`, `iconOverlayId`, `iconUnderlayId`, `hookItemTypes`, `itemsCapacity`, `location`, `materialType`, `maxStackSize`, `maxStructure`, `radar`, `pscript`, `spellId`, `stackSize`, `structure`, `targetTypeId`, `usability`, `useRadius`, `validLocations`, `value`, `workmanship`, `animationFrameId`, `defaultScript`, `defaultScriptIntensity`, `elasticity`, `friction`, `locationId`, `modelTableId`, `objectScale`, `physicsBitField`, `physicsTableId`, `motionTableId`, `soundTableId`, `physicsState`, `translucency`)
VALUES (1980002405, 'Caul Sanatorium', 65536, 0, 0, 0, 262164, 0, 0, 0, 0, 0, 0, 8388656, 0, 100667499, 0, 0, 0, 0, 0, 0, 0, 0, 4, 0, 0, 0, 0, 0, 32, -0.1, 0, 0, 0, 0, 0, 0, 0, 0, 0, 33558569, 0, 98307, 0, 150994947, 0, 3084, 0);

INSERT INTO `ace_object` (`baseAceObjectId`, `weenieClassId`, `landblock`, `cell`, `posX`, `posY`, `posZ`, `qW`, `qX`, `qY`, `qZ`)
VALUES (1980002405, 22929, 24647, 1135, 30, -100, 11.937, 0.7071068, 0, 0, -0.7071068);

INSERT INTO `base_ace_object` (`baseAceObjectId`, `name`, `typeId`, `paletteId`, `ammoType`, `blipColor`, `bitField`, `burden`, `combatUse`, `cooldownDuration`, `cooldownId`, `effects`, `containersCapacity`, `header`, `hookTypeId`, `iconId`, `iconOverlayId`, `iconUnderlayId`, `hookItemTypes`, `itemsCapacity`, `location`, `materialType`, `maxStackSize`, `maxStructure`, `radar`, `pscript`, `spellId`, `stackSize`, `structure`, `targetTypeId`, `usability`, `useRadius`, `validLocations`, `value`, `workmanship`, `animationFrameId`, `defaultScript`, `defaultScriptIntensity`, `elasticity`, `friction`, `locationId`, `modelTableId`, `objectScale`, `physicsBitField`, `physicsTableId`, `motionTableId`, `soundTableId`, `physicsState`, `translucency`)
VALUES (1880276998, 'Portal to Rithwic', 65536, 0, 0, 0, 262164, 0, 0, 0, 0, 0, 0, 8388656, 0, 100667499, 0, 0, 0, 0, 0, 0, 0, 0, 4, 0, 0, 0, 0, 0, 32, -0.1, 0, 0, 0, 0, 0, 0, 0, 0, 0, 33554867, 0, 98307, 0, 150994947, 0, 3084, 0);

INSERT INTO `ace_object` (`baseAceObjectId`, `weenieClassId`, `landblock`, `cell`, `posX`, `posY`, `posZ`, `qW`, `qX`, `qY`, `qZ`)
VALUES (1880276998, 42817, 300, 294, 30, -63.132, 5.937, 0, 0, 0, -1);

INSERT INTO `base_ace_object` (`baseAceObjectId`, `name`, `typeId`, `paletteId`, `ammoType`, `blipColor`, `bitField`, `burden`, `combatUse`, `cooldownDuration`, `cooldownId`, `effects`, `containersCapacity`, `header`, `hookTypeId`, `iconId`, `iconOverlayId`, `iconUnderlayId`, `hookItemTypes`, `itemsCapacity`, `location`, `materialType`, `maxStackSize`, `maxStructure`, `radar`, `pscript`, `spellId`, `stackSize`, `structure`, `targetTypeId`, `usability`, `useRadius`, `validLocations`, `value`, `workmanship`, `animationFrameId`, `defaultScript`, `defaultScriptIntensity`, `elasticity`, `friction`, `locationId`, `modelTableId`, `objectScale`, `physicsBitField`, `physicsTableId`, `motionTableId`, `soundTableId`, `physicsState`, `translucency`)
VALUES (3691358097, 'Direlands Northwest Shore Portal', 65536, 0, 0, 0, 262164, 0, 0, 0, 0, 0, 0, 8388656, 0, 100667499, 0, 0, 0, 0, 0, 0, 0, 0, 4, 0, 0, 0, 0, 0, 32, -0.1, 0, 0, 0, 0, 0, 0, 0, 0, 0, 33555926, 0, 98307, 0, 150994947, 0, 3084, 0);

INSERT INTO `ace_object` (`baseAceObjectId`, `weenieClassId`, `landblock`, `cell`, `posX`, `posY`, `posZ`, `qW`, `qX`, `qY`, `qZ`)
VALUES (3691358097, 8388, 37072, 45, 140.1233, 117.0475, 314.5391, 0.9537169, 0, 0, -0.3007058);

INSERT INTO `base_ace_object` (`baseAceObjectId`, `name`, `typeId`, `paletteId`, `ammoType`, `blipColor`, `bitField`, `burden`, `combatUse`, `cooldownDuration`, `cooldownId`, `effects`, `containersCapacity`, `header`, `hookTypeId`, `iconId`, `iconOverlayId`, `iconUnderlayId`, `hookItemTypes`, `itemsCapacity`, `location`, `materialType`, `maxStackSize`, `maxStructure`, `radar`, `pscript`, `spellId`, `stackSize`, `structure`, `targetTypeId`, `usability`, `useRadius`, `validLocations`, `value`, `workmanship`, `animationFrameId`, `defaultScript`, `defaultScriptIntensity`, `elasticity`, `friction`, `locationId`, `modelTableId`, `objectScale`, `physicsBitField`, `physicsTableId`, `motionTableId`, `soundTableId`, `physicsState`, `translucency`)
VALUES (1969610776, 'Mayoi Portal', 65536, 0, 0, 0, 262164, 0, 0, 0, 0, 0, 0, 8388656, 0, 100667499, 0, 0, 0, 0, 0, 0, 0, 0, 4, 0, 0, 0, 0, 0, 32, -0.1, 0, 0, 0, 0, 0, 0, 0, 0, 0, 33554867, 0, 98307, 0, 150994947, 0, 3084, 0);

INSERT INTO `ace_object` (`baseAceObjectId`, `weenieClassId`, `landblock`, `cell`, `posX`, `posY`, `posZ`, `qW`, `qX`, `qY`, `qZ`)
VALUES (1969610776, 42842, 22110, 396, 24.281, -90.016, 5.937, -0.701861, 0, 0, -0.712314);

INSERT INTO `base_ace_object` (`baseAceObjectId`, `name`, `typeId`, `paletteId`, `ammoType`, `blipColor`, `bitField`, `burden`, `combatUse`, `cooldownDuration`, `cooldownId`, `effects`, `containersCapacity`, `header`, `hookTypeId`, `iconId`, `iconOverlayId`, `iconUnderlayId`, `hookItemTypes`, `itemsCapacity`, `location`, `materialType`, `maxStackSize`, `maxStructure`, `radar`, `pscript`, `spellId`, `stackSize`, `structure`, `targetTypeId`, `usability`, `useRadius`, `validLocations`, `value`, `workmanship`, `animationFrameId`, `defaultScript`, `defaultScriptIntensity`, `elasticity`, `friction`, `locationId`, `modelTableId`, `objectScale`, `physicsBitField`, `physicsTableId`, `motionTableId`, `soundTableId`, `physicsState`, `translucency`)
VALUES (1969610778, 'Portal to Khayyaban', 65536, 0, 0, 0, 262164, 0, 0, 0, 0, 0, 0, 8388656, 0, 100667499, 0, 0, 0, 0, 0, 0, 0, 0, 4, 0, 0, 0, 0, 0, 32, -0.1, 0, 0, 0, 0, 0, 0, 0, 0, 0, 33555923, 0, 98307, 0, 150994947, 0, 3084, 0);

INSERT INTO `ace_object` (`baseAceObjectId`, `weenieClassId`, `landblock`, `cell`, `posX`, `posY`, `posZ`, `qW`, `qX`, `qY`, `qZ`)
VALUES (1969610778, 42822, 22110, 420, 56.076, -89.975, 5.937, 0.6777362, 0, 0, -0.7353052);

INSERT INTO `base_ace_object` (`baseAceObjectId`, `name`, `typeId`, `paletteId`, `ammoType`, `blipColor`, `bitField`, `burden`, `combatUse`, `cooldownDuration`, `cooldownId`, `effects`, `containersCapacity`, `header`, `hookTypeId`, `iconId`, `iconOverlayId`, `iconUnderlayId`, `hookItemTypes`, `itemsCapacity`, `location`, `materialType`, `maxStackSize`, `maxStructure`, `radar`, `pscript`, `spellId`, `stackSize`, `structure`, `targetTypeId`, `usability`, `useRadius`, `validLocations`, `value`, `workmanship`, `animationFrameId`, `defaultScript`, `defaultScriptIntensity`, `elasticity`, `friction`, `locationId`, `modelTableId`, `objectScale`, `physicsBitField`, `physicsTableId`, `motionTableId`, `soundTableId`, `physicsState`, `translucency`)
VALUES (1969610766, 'White Lotus Gate Portal', 65536, 0, 0, 0, 262164, 0, 0, 0, 0, 0, 0, 8388656, 0, 100667499, 0, 0, 0, 0, 0, 0, 0, 0, 4, 0, 0, 0, 0, 0, 32, -0.1, 0, 0, 0, 0, 0, 0, 0, 0, 0, 33554867, 0, 98307, 0, 150994947, 0, 3084, 0);

INSERT INTO `ace_object` (`baseAceObjectId`, `weenieClassId`, `landblock`, `cell`, `posX`, `posY`, `posZ`, `qW`, `qX`, `qY`, `qZ`)
VALUES (1969610766, 19376, 22110, 379, 70, -60, -0.06299996, 1, 0, 0, 0);

INSERT INTO `base_ace_object` (`baseAceObjectId`, `name`, `typeId`, `paletteId`, `ammoType`, `blipColor`, `bitField`, `burden`, `combatUse`, `cooldownDuration`, `cooldownId`, `effects`, `containersCapacity`, `header`, `hookTypeId`, `iconId`, `iconOverlayId`, `iconUnderlayId`, `hookItemTypes`, `itemsCapacity`, `location`, `materialType`, `maxStackSize`, `maxStructure`, `radar`, `pscript`, `spellId`, `stackSize`, `structure`, `targetTypeId`, `usability`, `useRadius`, `validLocations`, `value`, `workmanship`, `animationFrameId`, `defaultScript`, `defaultScriptIntensity`, `elasticity`, `friction`, `locationId`, `modelTableId`, `objectScale`, `physicsBitField`, `physicsTableId`, `motionTableId`, `soundTableId`, `physicsState`, `translucency`)
VALUES (1969610758, 'Allain Court Portal', 65536, 0, 0, 0, 262164, 0, 0, 0, 0, 0, 0, 8388656, 0, 100667499, 0, 0, 0, 0, 0, 0, 0, 0, 4, 0, 0, 0, 0, 0, 32, -0.1, 0, 0, 0, 0, 0, 0, 0, 0, 0, 33554867, 0, 98307, 0, 150994947, 0, 3084, 0);

INSERT INTO `ace_object` (`baseAceObjectId`, `weenieClassId`, `landblock`, `cell`, `posX`, `posY`, `posZ`, `qW`, `qX`, `qY`, `qZ`)
VALUES (1969610758, 19356, 22110, 271, 10, -60, -0.06299996, 1, 0, 0, 0);

INSERT INTO `base_ace_object` (`baseAceObjectId`, `name`, `typeId`, `paletteId`, `ammoType`, `blipColor`, `bitField`, `burden`, `combatUse`, `cooldownDuration`, `cooldownId`, `effects`, `containersCapacity`, `header`, `hookTypeId`, `iconId`, `iconOverlayId`, `iconUnderlayId`, `hookItemTypes`, `itemsCapacity`, `location`, `materialType`, `maxStackSize`, `maxStructure`, `radar`, `pscript`, `spellId`, `stackSize`, `structure`, `targetTypeId`, `usability`, `useRadius`, `validLocations`, `value`, `workmanship`, `animationFrameId`, `defaultScript`, `defaultScriptIntensity`, `elasticity`, `friction`, `locationId`, `modelTableId`, `objectScale`, `physicsBitField`, `physicsTableId`, `motionTableId`, `soundTableId`, `physicsState`, `translucency`)
VALUES (1969610777, 'Plateau Portal', 65536, 0, 0, 0, 262164, 0, 0, 0, 0, 0, 0, 8388656, 0, 100667499, 0, 0, 0, 0, 0, 0, 0, 0, 4, 0, 0, 0, 0, 0, 32, -0.1, 0, 0, 0, 0, 0, 0, 0, 0, 0, 33554867, 0, 98307, 0, 150994947, 0, 3084, 0);

INSERT INTO `ace_object` (`baseAceObjectId`, `weenieClassId`, `landblock`, `cell`, `posX`, `posY`, `posZ`, `qW`, `qX`, `qY`, `qZ`)
VALUES (1969610777, 42812, 22110, 411, 39.95, -106.069, 5.937, -0.01021, 0, 0, -0.9999479);

INSERT INTO `base_ace_object` (`baseAceObjectId`, `name`, `typeId`, `paletteId`, `ammoType`, `blipColor`, `bitField`, `burden`, `combatUse`, `cooldownDuration`, `cooldownId`, `effects`, `containersCapacity`, `header`, `hookTypeId`, `iconId`, `iconOverlayId`, `iconUnderlayId`, `hookItemTypes`, `itemsCapacity`, `location`, `materialType`, `maxStackSize`, `maxStructure`, `radar`, `pscript`, `spellId`, `stackSize`, `structure`, `targetTypeId`, `usability`, `useRadius`, `validLocations`, `value`, `workmanship`, `animationFrameId`, `defaultScript`, `defaultScriptIntensity`, `elasticity`, `friction`, `locationId`, `modelTableId`, `objectScale`, `physicsBitField`, `physicsTableId`, `motionTableId`, `soundTableId`, `physicsState`, `translucency`)
VALUES (1969610772, 'Vindalan Dwellings Portal', 65536, 0, 0, 0, 262164, 0, 0, 0, 0, 0, 0, 8388656, 0, 100667499, 0, 0, 0, 0, 0, 0, 0, 0, 4, 0, 0, 0, 0, 0, 32, -0.1, 0, 0, 0, 0, 0, 0, 0, 0, 0, 33554867, 0, 98307, 0, 150994947, 0, 3084, 0);

INSERT INTO `ace_object` (`baseAceObjectId`, `weenieClassId`, `landblock`, `cell`, `posX`, `posY`, `posZ`, `qW`, `qX`, `qY`, `qZ`)
VALUES (1969610772, 19375, 22110, 387, 80, -50, -0.06299996, -0.7071068, 0, 0, -0.7071068);

INSERT INTO `base_ace_object` (`baseAceObjectId`, `name`, `typeId`, `paletteId`, `ammoType`, `blipColor`, `bitField`, `burden`, `combatUse`, `cooldownDuration`, `cooldownId`, `effects`, `containersCapacity`, `header`, `hookTypeId`, `iconId`, `iconOverlayId`, `iconUnderlayId`, `hookItemTypes`, `itemsCapacity`, `location`, `materialType`, `maxStackSize`, `maxStructure`, `radar`, `pscript`, `spellId`, `stackSize`, `structure`, `targetTypeId`, `usability`, `useRadius`, `validLocations`, `value`, `workmanship`, `animationFrameId`, `defaultScript`, `defaultScriptIntensity`, `elasticity`, `friction`, `locationId`, `modelTableId`, `objectScale`, `physicsBitField`, `physicsTableId`, `motionTableId`, `soundTableId`, `physicsState`, `translucency`)
VALUES (1969610754, 'Autumn Moon Gardens Portal', 65536, 0, 0, 0, 262164, 0, 0, 0, 0, 0, 0, 8388656, 0, 100667499, 0, 0, 0, 0, 0, 0, 0, 0, 4, 0, 0, 0, 0, 0, 32, -0.1, 0, 0, 0, 0, 0, 0, 0, 0, 0, 33554867, 0, 98307, 0, 150994947, 0, 3084, 0);

INSERT INTO `ace_object` (`baseAceObjectId`, `weenieClassId`, `landblock`, `cell`, `posX`, `posY`, `posZ`, `qW`, `qX`, `qY`, `qZ`)
VALUES (1969610754, 19359, 22110, 257, 0.001, -49.987, -0.06299996, 0.7071068, 0, 0, -0.7071068);

INSERT INTO `base_ace_object` (`baseAceObjectId`, `name`, `typeId`, `paletteId`, `ammoType`, `blipColor`, `bitField`, `burden`, `combatUse`, `cooldownDuration`, `cooldownId`, `effects`, `containersCapacity`, `header`, `hookTypeId`, `iconId`, `iconOverlayId`, `iconUnderlayId`, `hookItemTypes`, `itemsCapacity`, `location`, `materialType`, `maxStackSize`, `maxStructure`, `radar`, `pscript`, `spellId`, `stackSize`, `structure`, `targetTypeId`, `usability`, `useRadius`, `validLocations`, `value`, `workmanship`, `animationFrameId`, `defaultScript`, `defaultScriptIntensity`, `elasticity`, `friction`, `locationId`, `modelTableId`, `objectScale`, `physicsBitField`, `physicsTableId`, `motionTableId`, `soundTableId`, `physicsState`, `translucency`)
VALUES (1969610752, 'Endara Gate Portal', 65536, 0, 0, 0, 262164, 0, 0, 0, 0, 0, 0, 8388656, 0, 100667499, 0, 0, 0, 0, 0, 0, 0, 0, 4, 0, 0, 0, 0, 0, 32, -0.1, 0, 0, 0, 0, 0, 0, 0, 0, 0, 33554867, 0, 98307, 0, 150994947, 0, 3084, 0);

INSERT INTO `ace_object` (`baseAceObjectId`, `weenieClassId`, `landblock`, `cell`, `posX`, `posY`, `posZ`, `qW`, `qX`, `qY`, `qZ`)
VALUES (1969610752, 19360, 22110, 256, 0, -30, -0.06299996, 0.7071068, 0, 0, -0.7071068);

INSERT INTO `base_ace_object` (`baseAceObjectId`, `name`, `typeId`, `paletteId`, `ammoType`, `blipColor`, `bitField`, `burden`, `combatUse`, `cooldownDuration`, `cooldownId`, `effects`, `containersCapacity`, `header`, `hookTypeId`, `iconId`, `iconOverlayId`, `iconUnderlayId`, `hookItemTypes`, `itemsCapacity`, `location`, `materialType`, `maxStackSize`, `maxStructure`, `radar`, `pscript`, `spellId`, `stackSize`, `structure`, `targetTypeId`, `usability`, `useRadius`, `validLocations`, `value`, `workmanship`, `animationFrameId`, `defaultScript`, `defaultScriptIntensity`, `elasticity`, `friction`, `locationId`, `modelTableId`, `objectScale`, `physicsBitField`, `physicsTableId`, `motionTableId`, `soundTableId`, `physicsState`, `translucency`)
VALUES (1969610756, 'Forsythian Gardens Portal', 65536, 0, 0, 0, 262164, 0, 0, 0, 0, 0, 0, 8388656, 0, 100667499, 0, 0, 0, 0, 0, 0, 0, 0, 4, 0, 0, 0, 0, 0, 32, -0.1, 0, 0, 0, 0, 0, 0, 0, 0, 0, 33554867, 0, 98307, 0, 150994947, 0, 3084, 0);

INSERT INTO `ace_object` (`baseAceObjectId`, `weenieClassId`, `landblock`, `cell`, `posX`, `posY`, `posZ`, `qW`, `qX`, `qY`, `qZ`)
VALUES (1969610756, 19361, 22110, 259, 9.989, -19.993, -0.06299996, 0, 0, 0, -1);

INSERT INTO `base_ace_object` (`baseAceObjectId`, `name`, `typeId`, `paletteId`, `ammoType`, `blipColor`, `bitField`, `burden`, `combatUse`, `cooldownDuration`, `cooldownId`, `effects`, `containersCapacity`, `header`, `hookTypeId`, `iconId`, `iconOverlayId`, `iconUnderlayId`, `hookItemTypes`, `itemsCapacity`, `location`, `materialType`, `maxStackSize`, `maxStructure`, `radar`, `pscript`, `spellId`, `stackSize`, `structure`, `targetTypeId`, `usability`, `useRadius`, `validLocations`, `value`, `workmanship`, `animationFrameId`, `defaultScript`, `defaultScriptIntensity`, `elasticity`, `friction`, `locationId`, `modelTableId`, `objectScale`, `physicsBitField`, `physicsTableId`, `motionTableId`, `soundTableId`, `physicsState`, `translucency`)
VALUES (1969610774, 'Syrah Dwellings Portal', 65536, 0, 0, 0, 262164, 0, 0, 0, 0, 0, 0, 8388656, 0, 100667499, 0, 0, 0, 0, 0, 0, 0, 0, 4, 0, 0, 0, 0, 0, 32, -0.1, 0, 0, 0, 0, 0, 0, 0, 0, 0, 33554867, 0, 98307, 0, 150994947, 0, 3084, 0);

INSERT INTO `ace_object` (`baseAceObjectId`, `weenieClassId`, `landblock`, `cell`, `posX`, `posY`, `posZ`, `qW`, `qX`, `qY`, `qZ`)
VALUES (1969610774, 19371, 22110, 388, 90, -30, -0.06299996, -0.7071068, 0, 0, -0.7071068);

INSERT INTO `base_ace_object` (`baseAceObjectId`, `name`, `typeId`, `paletteId`, `ammoType`, `blipColor`, `bitField`, `burden`, `combatUse`, `cooldownDuration`, `cooldownId`, `effects`, `containersCapacity`, `header`, `hookTypeId`, `iconId`, `iconOverlayId`, `iconUnderlayId`, `hookItemTypes`, `itemsCapacity`, `location`, `materialType`, `maxStackSize`, `maxStructure`, `radar`, `pscript`, `spellId`, `stackSize`, `structure`, `targetTypeId`, `usability`, `useRadius`, `validLocations`, `value`, `workmanship`, `animationFrameId`, `defaultScript`, `defaultScriptIntensity`, `elasticity`, `friction`, `locationId`, `modelTableId`, `objectScale`, `physicsBitField`, `physicsTableId`, `motionTableId`, `soundTableId`, `physicsState`, `translucency`)
VALUES (1969610768, 'Sorac Gate Portal', 65536, 0, 0, 0, 262164, 0, 0, 0, 0, 0, 0, 8388656, 0, 100667499, 0, 0, 0, 0, 0, 0, 0, 0, 4, 0, 0, 0, 0, 0, 32, -0.1, 0, 0, 0, 0, 0, 0, 0, 0, 0, 33554867, 0, 98307, 0, 150994947, 0, 3084, 0);

INSERT INTO `ace_object` (`baseAceObjectId`, `weenieClassId`, `landblock`, `cell`, `posX`, `posY`, `posZ`, `qW`, `qX`, `qY`, `qZ`)
VALUES (1969610768, 19370, 22110, 380, 80.027, -20.001, -0.06299996, 0, 0, 0, -1);

INSERT INTO `base_ace_object` (`baseAceObjectId`, `name`, `typeId`, `paletteId`, `ammoType`, `blipColor`, `bitField`, `burden`, `combatUse`, `cooldownDuration`, `cooldownId`, `effects`, `containersCapacity`, `header`, `hookTypeId`, `iconId`, `iconOverlayId`, `iconUnderlayId`, `hookItemTypes`, `itemsCapacity`, `location`, `materialType`, `maxStackSize`, `maxStructure`, `radar`, `pscript`, `spellId`, `stackSize`, `structure`, `targetTypeId`, `usability`, `useRadius`, `validLocations`, `value`, `workmanship`, `animationFrameId`, `defaultScript`, `defaultScriptIntensity`, `elasticity`, `friction`, `locationId`, `modelTableId`, `objectScale`, `physicsBitField`, `physicsTableId`, `motionTableId`, `soundTableId`, `physicsState`, `translucency`)
VALUES (1969610761, 'Maru Veranda Portal', 65536, 0, 0, 0, 262164, 0, 0, 0, 0, 0, 0, 8388656, 0, 100667499, 0, 0, 0, 0, 0, 0, 0, 0, 4, 0, 0, 0, 0, 0, 32, -0.1, 0, 0, 0, 0, 0, 0, 0, 0, 0, 33554867, 0, 98307, 0, 150994947, 0, 3084, 0);

INSERT INTO `ace_object` (`baseAceObjectId`, `weenieClassId`, `landblock`, `cell`, `posX`, `posY`, `posZ`, `qW`, `qX`, `qY`, `qZ`)
VALUES (1969610761, 19367, 22110, 282, 20, -40, -0.06299996, 1, 0, 0, 0);

INSERT INTO `base_ace_object` (`baseAceObjectId`, `name`, `typeId`, `paletteId`, `ammoType`, `blipColor`, `bitField`, `burden`, `combatUse`, `cooldownDuration`, `cooldownId`, `effects`, `containersCapacity`, `header`, `hookTypeId`, `iconId`, `iconOverlayId`, `iconUnderlayId`, `hookItemTypes`, `itemsCapacity`, `location`, `materialType`, `maxStackSize`, `maxStructure`, `radar`, `pscript`, `spellId`, `stackSize`, `structure`, `targetTypeId`, `usability`, `useRadius`, `validLocations`, `value`, `workmanship`, `animationFrameId`, `defaultScript`, `defaultScriptIntensity`, `elasticity`, `friction`, `locationId`, `modelTableId`, `objectScale`, `physicsBitField`, `physicsTableId`, `motionTableId`, `soundTableId`, `physicsState`, `translucency`)
VALUES (1969610770, 'Trellyn Gardens Portal', 65536, 0, 0, 0, 262164, 0, 0, 0, 0, 0, 0, 8388656, 0, 100667499, 0, 0, 0, 0, 0, 0, 0, 0, 4, 0, 0, 0, 0, 0, 32, -0.1, 0, 0, 0, 0, 0, 0, 0, 0, 0, 33554867, 0, 98307, 0, 150994947, 0, 3084, 0);

INSERT INTO `ace_object` (`baseAceObjectId`, `weenieClassId`, `landblock`, `cell`, `posX`, `posY`, `posZ`, `qW`, `qX`, `qY`, `qZ`)
VALUES (1969610770, 19372, 22110, 386, 80.013, -40.001, -0.06299996, 1, 0, 0, 0);

INSERT INTO `base_ace_object` (`baseAceObjectId`, `name`, `typeId`, `paletteId`, `ammoType`, `blipColor`, `bitField`, `burden`, `combatUse`, `cooldownDuration`, `cooldownId`, `effects`, `containersCapacity`, `header`, `hookTypeId`, `iconId`, `iconOverlayId`, `iconUnderlayId`, `hookItemTypes`, `itemsCapacity`, `location`, `materialType`, `maxStackSize`, `maxStructure`, `radar`, `pscript`, `spellId`, `stackSize`, `structure`, `targetTypeId`, `usability`, `useRadius`, `validLocations`, `value`, `workmanship`, `animationFrameId`, `defaultScript`, `defaultScriptIntensity`, `elasticity`, `friction`, `locationId`, `modelTableId`, `objectScale`, `physicsBitField`, `physicsTableId`, `motionTableId`, `soundTableId`, `physicsState`, `translucency`)
VALUES (2018508815, 'Oriel Residential Halls Portal', 65536, 0, 0, 0, 262164, 0, 0, 0, 0, 0, 0, 8388656, 0, 100667499, 0, 0, 0, 0, 0, 0, 0, 0, 4, 0, 0, 0, 0, 0, 32, -0.1, 0, 0, 0, 0, 0, 0, 0, 0, 0, 33554867, 0, 98307, 0, 150994947, 0, 3084, 0);

INSERT INTO `ace_object` (`baseAceObjectId`, `weenieClassId`, `landblock`, `cell`, `posX`, `posY`, `posZ`, `qW`, `qX`, `qY`, `qZ`)
VALUES (2018508815, 19369, 34048, 408, 100.101, -109.943, -0.06299996, -0.9055052, 0, 0, -0.4243351);

INSERT INTO `base_ace_object` (`baseAceObjectId`, `name`, `typeId`, `paletteId`, `ammoType`, `blipColor`, `bitField`, `burden`, `combatUse`, `cooldownDuration`, `cooldownId`, `effects`, `containersCapacity`, `header`, `hookTypeId`, `iconId`, `iconOverlayId`, `iconUnderlayId`, `hookItemTypes`, `itemsCapacity`, `location`, `materialType`, `maxStackSize`, `maxStructure`, `radar`, `pscript`, `spellId`, `stackSize`, `structure`, `targetTypeId`, `usability`, `useRadius`, `validLocations`, `value`, `workmanship`, `animationFrameId`, `defaultScript`, `defaultScriptIntensity`, `elasticity`, `friction`, `locationId`, `modelTableId`, `objectScale`, `physicsBitField`, `physicsTableId`, `motionTableId`, `soundTableId`, `physicsState`, `translucency`)
VALUES (2020122624, 'Burial Temple Portal', 65536, 0, 0, 0, 262164, 0, 0, 0, 0, 0, 0, 8388656, 0, 100667499, 0, 0, 0, 0, 0, 0, 0, 0, 4, 0, 0, 0, 0, 0, 32, -0.1, 0, 0, 0, 0, 0, 0, 0, 0, 0, 33555925, 0, 98307, 0, 150994947, 0, 3084, 0);

INSERT INTO `ace_object` (`baseAceObjectId`, `weenieClassId`, `landblock`, `cell`, `posX`, `posY`, `posZ`, `qW`, `qX`, `qY`, `qZ`)
VALUES (2020122624, 5515, 34442, 49, 164.249, 11.9508, 64.94109, -0.109477, 0, 0, -0.9939893);

INSERT INTO `base_ace_object` (`baseAceObjectId`, `name`, `typeId`, `paletteId`, `ammoType`, `blipColor`, `bitField`, `burden`, `combatUse`, `cooldownDuration`, `cooldownId`, `effects`, `containersCapacity`, `header`, `hookTypeId`, `iconId`, `iconOverlayId`, `iconUnderlayId`, `hookItemTypes`, `itemsCapacity`, `location`, `materialType`, `maxStackSize`, `maxStructure`, `radar`, `pscript`, `spellId`, `stackSize`, `structure`, `targetTypeId`, `usability`, `useRadius`, `validLocations`, `value`, `workmanship`, `animationFrameId`, `defaultScript`, `defaultScriptIntensity`, `elasticity`, `friction`, `locationId`, `modelTableId`, `objectScale`, `physicsBitField`, `physicsTableId`, `motionTableId`, `soundTableId`, `physicsState`, `translucency`)
VALUES (1947131904, 'Abhorrent Vault', 65536, 0, 0, 0, 262164, 0, 0, 0, 0, 0, 0, 8388656, 0, 100667499, 0, 0, 0, 0, 0, 0, 0, 0, 4, 0, 0, 0, 0, 0, 32, -0.1, 0, 0, 0, 0, 0, 0, 0, 0, 0, 33555925, 0, 98307, 0, 150994947, 0, 3084, 0);

INSERT INTO `ace_object` (`baseAceObjectId`, `weenieClassId`, `landblock`, `cell`, `posX`, `posY`, `posZ`, `qW`, `qX`, `qY`, `qZ`)
VALUES (1947131904, 28806, 16622, 33, 112.331, 10.8736, 29.937, -0.9566588, 0, 0, 0.2912109);

INSERT INTO `base_ace_object` (`baseAceObjectId`, `name`, `typeId`, `paletteId`, `ammoType`, `blipColor`, `bitField`, `burden`, `combatUse`, `cooldownDuration`, `cooldownId`, `effects`, `containersCapacity`, `header`, `hookTypeId`, `iconId`, `iconOverlayId`, `iconUnderlayId`, `hookItemTypes`, `itemsCapacity`, `location`, `materialType`, `maxStackSize`, `maxStructure`, `radar`, `pscript`, `spellId`, `stackSize`, `structure`, `targetTypeId`, `usability`, `useRadius`, `validLocations`, `value`, `workmanship`, `animationFrameId`, `defaultScript`, `defaultScriptIntensity`, `elasticity`, `friction`, `locationId`, `modelTableId`, `objectScale`, `physicsBitField`, `physicsTableId`, `motionTableId`, `soundTableId`, `physicsState`, `translucency`)
VALUES (1947156480, 'Lugian Ice Tunnels', 65536, 0, 0, 0, 262164, 0, 0, 0, 0, 0, 0, 8388656, 0, 100667499, 0, 0, 0, 0, 0, 0, 0, 0, 4, 0, 0, 0, 0, 0, 32, -0.1, 0, 0, 0, 0, 0, 0, 0, 0, 0, 33555925, 0, 98307, 0, 150994947, 0, 3084, 0);

INSERT INTO `ace_object` (`baseAceObjectId`, `weenieClassId`, `landblock`, `cell`, `posX`, `posY`, `posZ`, `qW`, `qX`, `qY`, `qZ`)
VALUES (1947156480, 29481, 16628, 49, 155, 15, 1.937, 0.9238797, 0, 0, -0.3826829);

INSERT INTO `base_ace_object` (`baseAceObjectId`, `name`, `typeId`, `paletteId`, `ammoType`, `blipColor`, `bitField`, `burden`, `combatUse`, `cooldownDuration`, `cooldownId`, `effects`, `containersCapacity`, `header`, `hookTypeId`, `iconId`, `iconOverlayId`, `iconUnderlayId`, `hookItemTypes`, `itemsCapacity`, `location`, `materialType`, `maxStackSize`, `maxStructure`, `radar`, `pscript`, `spellId`, `stackSize`, `structure`, `targetTypeId`, `usability`, `useRadius`, `validLocations`, `value`, `workmanship`, `animationFrameId`, `defaultScript`, `defaultScriptIntensity`, `elasticity`, `friction`, `locationId`, `modelTableId`, `objectScale`, `physicsBitField`, `physicsTableId`, `motionTableId`, `soundTableId`, `physicsState`, `translucency`)
VALUES (1879162881, 'Exit Lugian Ice Tunnels', 65536, 0, 0, 0, 262164, 0, 0, 0, 0, 0, 0, 8388656, 0, 100667499, 0, 0, 0, 0, 0, 0, 0, 0, 4, 0, 0, 0, 0, 0, 32, -0.1, 0, 0, 0, 0, 0, 0, 0, 0, 0, 33554867, 0, 98307, 0, 150994947, 0, 3084, 0);

INSERT INTO `ace_object` (`baseAceObjectId`, `weenieClassId`, `landblock`, `cell`, `posX`, `posY`, `posZ`, `qW`, `qX`, `qY`, `qZ`)
VALUES (1879162881, 29482, 28, 266, 8, -68, -0.06299996, 0.7071068, 0, 0, -0.7071068);

INSERT INTO `base_ace_object` (`baseAceObjectId`, `name`, `typeId`, `paletteId`, `ammoType`, `blipColor`, `bitField`, `burden`, `combatUse`, `cooldownDuration`, `cooldownId`, `effects`, `containersCapacity`, `header`, `hookTypeId`, `iconId`, `iconOverlayId`, `iconUnderlayId`, `hookItemTypes`, `itemsCapacity`, `location`, `materialType`, `maxStackSize`, `maxStructure`, `radar`, `pscript`, `spellId`, `stackSize`, `structure`, `targetTypeId`, `usability`, `useRadius`, `validLocations`, `value`, `workmanship`, `animationFrameId`, `defaultScript`, `defaultScriptIntensity`, `elasticity`, `friction`, `locationId`, `modelTableId`, `objectScale`, `physicsBitField`, `physicsTableId`, `motionTableId`, `soundTableId`, `physicsState`, `translucency`)
VALUES (1879162909, 'Exit Lugian Ice Tunnels', 65536, 0, 0, 0, 262164, 0, 0, 0, 0, 0, 0, 8388656, 0, 100667499, 0, 0, 0, 0, 0, 0, 0, 0, 4, 0, 0, 0, 0, 0, 32, -0.1, 0, 0, 0, 0, 0, 0, 0, 0, 0, 33554867, 0, 98307, 0, 150994947, 0, 3084, 0);

INSERT INTO `ace_object` (`baseAceObjectId`, `weenieClassId`, `landblock`, `cell`, `posX`, `posY`, `posZ`, `qW`, `qX`, `qY`, `qZ`)
VALUES (1879162909, 29482, 28, 604, 217.5, -347.5, 23.937, 0.3826829, 0, 0, -0.9238797);

INSERT INTO `base_ace_object` (`baseAceObjectId`, `name`, `typeId`, `paletteId`, `ammoType`, `blipColor`, `bitField`, `burden`, `combatUse`, `cooldownDuration`, `cooldownId`, `effects`, `containersCapacity`, `header`, `hookTypeId`, `iconId`, `iconOverlayId`, `iconUnderlayId`, `hookItemTypes`, `itemsCapacity`, `location`, `materialType`, `maxStackSize`, `maxStructure`, `radar`, `pscript`, `spellId`, `stackSize`, `structure`, `targetTypeId`, `usability`, `useRadius`, `validLocations`, `value`, `workmanship`, `animationFrameId`, `defaultScript`, `defaultScriptIntensity`, `elasticity`, `friction`, `locationId`, `modelTableId`, `objectScale`, `physicsBitField`, `physicsTableId`, `motionTableId`, `soundTableId`, `physicsState`, `translucency`)
VALUES (1879166982, 'Exit Ruschk Icehold', 65536, 0, 0, 0, 262164, 0, 0, 0, 0, 0, 0, 8388656, 0, 100667499, 0, 0, 0, 0, 0, 0, 0, 0, 4, 0, 0, 0, 0, 0, 32, -0.1, 0, 0, 0, 0, 0, 0, 0, 0, 0, 33554867, 0, 98307, 0, 150994947, 0, 3084, 0);

INSERT INTO `ace_object` (`baseAceObjectId`, `weenieClassId`, `landblock`, `cell`, `posX`, `posY`, `posZ`, `qW`, `qX`, `qY`, `qZ`)
VALUES (1879166982, 29484, 29, 285, 160, -4, -0.06299996, 0.9999999, 0, 0, -0.0004889999);

INSERT INTO `base_ace_object` (`baseAceObjectId`, `name`, `typeId`, `paletteId`, `ammoType`, `blipColor`, `bitField`, `burden`, `combatUse`, `cooldownDuration`, `cooldownId`, `effects`, `containersCapacity`, `header`, `hookTypeId`, `iconId`, `iconOverlayId`, `iconUnderlayId`, `hookItemTypes`, `itemsCapacity`, `location`, `materialType`, `maxStackSize`, `maxStructure`, `radar`, `pscript`, `spellId`, `stackSize`, `structure`, `targetTypeId`, `usability`, `useRadius`, `validLocations`, `value`, `workmanship`, `animationFrameId`, `defaultScript`, `defaultScriptIntensity`, `elasticity`, `friction`, `locationId`, `modelTableId`, `objectScale`, `physicsBitField`, `physicsTableId`, `motionTableId`, `soundTableId`, `physicsState`, `translucency`)
VALUES (1879171155, 'Exit Viamontian Royal Prison', 65536, 0, 0, 0, 262164, 0, 0, 0, 0, 0, 0, 8388656, 0, 100667499, 0, 0, 0, 0, 0, 0, 0, 0, 4, 0, 0, 0, 0, 0, 32, -0.1, 0, 0, 0, 0, 0, 0, 0, 0, 0, 33554867, 0, 98307, 0, 150994947, 0, 3084, 0);

INSERT INTO `ace_object` (`baseAceObjectId`, `weenieClassId`, `landblock`, `cell`, `posX`, `posY`, `posZ`, `qW`, `qX`, `qY`, `qZ`)
VALUES (1879171155, 29486, 30, 665, 0, 0, -0.06299996, -0.7071068, 0, 0, -0.7071068);

INSERT INTO `base_ace_object` (`baseAceObjectId`, `name`, `typeId`, `paletteId`, `ammoType`, `blipColor`, `bitField`, `burden`, `combatUse`, `cooldownDuration`, `cooldownId`, `effects`, `containersCapacity`, `header`, `hookTypeId`, `iconId`, `iconOverlayId`, `iconUnderlayId`, `hookItemTypes`, `itemsCapacity`, `location`, `materialType`, `maxStackSize`, `maxStructure`, `radar`, `pscript`, `spellId`, `stackSize`, `structure`, `targetTypeId`, `usability`, `useRadius`, `validLocations`, `value`, `workmanship`, `animationFrameId`, `defaultScript`, `defaultScriptIntensity`, `elasticity`, `friction`, `locationId`, `modelTableId`, `objectScale`, `physicsBitField`, `physicsTableId`, `motionTableId`, `soundTableId`, `physicsState`, `translucency`)
VALUES (2074742786, 'River Bridge Portal', 65536, 0, 0, 0, 262164, 0, 0, 0, 0, 0, 0, 8388656, 0, 100667499, 0, 0, 0, 0, 0, 0, 0, 0, 4, 0, 0, 0, 0, 0, 32, -0.1, 0, 0, 0, 0, 0, 0, 0, 0, 0, 33554867, 0, 98307, 0, 150994947, 0, 3084, 0);

INSERT INTO `ace_object` (`baseAceObjectId`, `weenieClassId`, `landblock`, `cell`, `posX`, `posY`, `posZ`, `qW`, `qX`, `qY`, `qZ`)
VALUES (2074742786, 1106, 47777, 36, 112.841, 80.4761, 1.037, -0.9455187, 0, 0, -0.3255679);

INSERT INTO `base_ace_object` (`baseAceObjectId`, `name`, `typeId`, `paletteId`, `ammoType`, `blipColor`, `bitField`, `burden`, `combatUse`, `cooldownDuration`, `cooldownId`, `effects`, `containersCapacity`, `header`, `hookTypeId`, `iconId`, `iconOverlayId`, `iconUnderlayId`, `hookItemTypes`, `itemsCapacity`, `location`, `materialType`, `maxStackSize`, `maxStructure`, `radar`, `pscript`, `spellId`, `stackSize`, `structure`, `targetTypeId`, `usability`, `useRadius`, `validLocations`, `value`, `workmanship`, `animationFrameId`, `defaultScript`, `defaultScriptIntensity`, `elasticity`, `friction`, `locationId`, `modelTableId`, `objectScale`, `physicsBitField`, `physicsTableId`, `motionTableId`, `soundTableId`, `physicsState`, `translucency`)
VALUES (3695986255, 'Temple Door', 65536, 0, 0, 0, 262164, 0, 0, 0, 0, 0, 0, 8388656, 0, 100677070, 0, 0, 0, 0, 0, 0, 0, 0, 4, 0, 0, 0, 0, 0, 32, -0.1, 0, 0, 0, 0, 0, 0, 0, 0, 0, 33560143, 0, 32769, 0, 0, 0, 66572, 0);

INSERT INTO `ace_object` (`baseAceObjectId`, `weenieClassId`, `landblock`, `cell`, `posX`, `posY`, `posZ`, `qW`, `qX`, `qY`, `qZ`)
VALUES (3695986255, 38369, 14865, 37, 97, 108, 32, -0.707107, 0, 0, -0.707107);

INSERT INTO `base_ace_object` (`baseAceObjectId`, `name`, `typeId`, `paletteId`, `ammoType`, `blipColor`, `bitField`, `burden`, `combatUse`, `cooldownDuration`, `cooldownId`, `effects`, `containersCapacity`, `header`, `hookTypeId`, `iconId`, `iconOverlayId`, `iconUnderlayId`, `hookItemTypes`, `itemsCapacity`, `location`, `materialType`, `maxStackSize`, `maxStructure`, `radar`, `pscript`, `spellId`, `stackSize`, `structure`, `targetTypeId`, `usability`, `useRadius`, `validLocations`, `value`, `workmanship`, `animationFrameId`, `defaultScript`, `defaultScriptIntensity`, `elasticity`, `friction`, `locationId`, `modelTableId`, `objectScale`, `physicsBitField`, `physicsTableId`, `motionTableId`, `soundTableId`, `physicsState`, `translucency`)
VALUES (2045620224, 'Virindi Complex', 65536, 0, 0, 0, 262164, 0, 0, 0, 0, 0, 0, 8388656, 0, 100667499, 0, 0, 0, 0, 0, 0, 0, 0, 4, 0, 0, 0, 0, 0, 32, -0.1, 0, 0, 0, 0, 0, 0, 0, 0, 0, 33558262, 0, 98307, 0, 150994947, 0, 3084, 0);

INSERT INTO `ace_object` (`baseAceObjectId`, `weenieClassId`, `landblock`, `cell`, `posX`, `posY`, `posZ`, `qW`, `qX`, `qY`, `qZ`)
VALUES (2045620224, 24049, 40667, 46, 137.508, 127.957, 113.937, 1, 0, 0, 0);

INSERT INTO `base_ace_object` (`baseAceObjectId`, `name`, `typeId`, `paletteId`, `ammoType`, `blipColor`, `bitField`, `burden`, `combatUse`, `cooldownDuration`, `cooldownId`, `effects`, `containersCapacity`, `header`, `hookTypeId`, `iconId`, `iconOverlayId`, `iconUnderlayId`, `hookItemTypes`, `itemsCapacity`, `location`, `materialType`, `maxStackSize`, `maxStructure`, `radar`, `pscript`, `spellId`, `stackSize`, `structure`, `targetTypeId`, `usability`, `useRadius`, `validLocations`, `value`, `workmanship`, `animationFrameId`, `defaultScript`, `defaultScriptIntensity`, `elasticity`, `friction`, `locationId`, `modelTableId`, `objectScale`, `physicsBitField`, `physicsTableId`, `motionTableId`, `soundTableId`, `physicsState`, `translucency`)
VALUES (1974751280, 'Surface', 65536, 0, 0, 0, 262164, 0, 0, 0, 0, 0, 0, 8388656, 0, 100667499, 0, 0, 0, 0, 0, 0, 0, 0, 4, 0, 0, 0, 0, 0, 32, -0.1, 0, 0, 0, 0, 0, 0, 0, 0, 0, 33558262, 0, 98307, 0, 150994947, 0, 3084, 0);

INSERT INTO `ace_object` (`baseAceObjectId`, `weenieClassId`, `landblock`, `cell`, `posX`, `posY`, `posZ`, `qW`, `qX`, `qY`, `qZ`)
VALUES (1974751280, 24050, 23365, 776, 18.3747, -19.5959, -12.063, 0.6835054, 0, 0, -0.7299454);

INSERT INTO `base_ace_object` (`baseAceObjectId`, `name`, `typeId`, `paletteId`, `ammoType`, `blipColor`, `bitField`, `burden`, `combatUse`, `cooldownDuration`, `cooldownId`, `effects`, `containersCapacity`, `header`, `hookTypeId`, `iconId`, `iconOverlayId`, `iconUnderlayId`, `hookItemTypes`, `itemsCapacity`, `location`, `materialType`, `maxStackSize`, `maxStructure`, `radar`, `pscript`, `spellId`, `stackSize`, `structure`, `targetTypeId`, `usability`, `useRadius`, `validLocations`, `value`, `workmanship`, `animationFrameId`, `defaultScript`, `defaultScriptIntensity`, `elasticity`, `friction`, `locationId`, `modelTableId`, `objectScale`, `physicsBitField`, `physicsTableId`, `motionTableId`, `soundTableId`, `physicsState`, `translucency`)
VALUES (1974751316, 'Surface', 65536, 0, 0, 0, 262164, 0, 0, 0, 0, 0, 0, 8388656, 0, 100667499, 0, 0, 0, 0, 0, 0, 0, 0, 4, 0, 0, 0, 0, 0, 32, -0.1, 0, 0, 0, 0, 0, 0, 0, 0, 0, 33558262, 0, 98307, 0, 150994947, 0, 3084, 0);

INSERT INTO `ace_object` (`baseAceObjectId`, `weenieClassId`, `landblock`, `cell`, `posX`, `posY`, `posZ`, `qW`, `qX`, `qY`, `qZ`)
VALUES (1974751316, 24050, 23365, 727, 50, -38.3483, -42.063, 1, 0, 0, -4.37114E-08);

INSERT INTO `base_ace_object` (`baseAceObjectId`, `name`, `typeId`, `paletteId`, `ammoType`, `blipColor`, `bitField`, `burden`, `combatUse`, `cooldownDuration`, `cooldownId`, `effects`, `containersCapacity`, `header`, `hookTypeId`, `iconId`, `iconOverlayId`, `iconUnderlayId`, `hookItemTypes`, `itemsCapacity`, `location`, `materialType`, `maxStackSize`, `maxStructure`, `radar`, `pscript`, `spellId`, `stackSize`, `structure`, `targetTypeId`, `usability`, `useRadius`, `validLocations`, `value`, `workmanship`, `animationFrameId`, `defaultScript`, `defaultScriptIntensity`, `elasticity`, `friction`, `locationId`, `modelTableId`, `objectScale`, `physicsBitField`, `physicsTableId`, `motionTableId`, `soundTableId`, `physicsState`, `translucency`)
VALUES (1974751237, 'Portal', 65536, 0, 0, 0, 262164, 0, 0, 0, 0, 0, 0, 8388656, 0, 100667499, 0, 0, 0, 0, 0, 0, 0, 0, 4, 0, 0, 0, 0, 0, 32, -0.1, 0, 0, 0, 0, 0, 0, 0, 0, 0, 33558262, 0, 98307, 0, 150994947, 0, 3084, 0);

INSERT INTO `ace_object` (`baseAceObjectId`, `weenieClassId`, `landblock`, `cell`, `posX`, `posY`, `posZ`, `qW`, `qX`, `qY`, `qZ`)
VALUES (1974751237, 24037, 23365, 372, 51.584, -220, -84.063, 0.7071068, 0, 0, -0.7071068);

INSERT INTO `base_ace_object` (`baseAceObjectId`, `name`, `typeId`, `paletteId`, `ammoType`, `blipColor`, `bitField`, `burden`, `combatUse`, `cooldownDuration`, `cooldownId`, `effects`, `containersCapacity`, `header`, `hookTypeId`, `iconId`, `iconOverlayId`, `iconUnderlayId`, `hookItemTypes`, `itemsCapacity`, `location`, `materialType`, `maxStackSize`, `maxStructure`, `radar`, `pscript`, `spellId`, `stackSize`, `structure`, `targetTypeId`, `usability`, `useRadius`, `validLocations`, `value`, `workmanship`, `animationFrameId`, `defaultScript`, `defaultScriptIntensity`, `elasticity`, `friction`, `locationId`, `modelTableId`, `objectScale`, `physicsBitField`, `physicsTableId`, `motionTableId`, `soundTableId`, `physicsState`, `translucency`)
VALUES (1974751239, 'Portal', 65536, 0, 0, 0, 262164, 0, 0, 0, 0, 0, 0, 8388656, 0, 100667499, 0, 0, 0, 0, 0, 0, 0, 0, 4, 0, 0, 0, 0, 0, 32, -0.1, 0, 0, 0, 0, 0, 0, 0, 0, 0, 33558262, 0, 98307, 0, 150994947, 0, 3084, 0);

INSERT INTO `ace_object` (`baseAceObjectId`, `weenieClassId`, `landblock`, `cell`, `posX`, `posY`, `posZ`, `qW`, `qX`, `qY`, `qZ`)
VALUES (1974751239, 24043, 23365, 405, 68.288, -220, -84.063, 0.7071068, 0, 0, -0.7071068);

INSERT INTO `base_ace_object` (`baseAceObjectId`, `name`, `typeId`, `paletteId`, `ammoType`, `blipColor`, `bitField`, `burden`, `combatUse`, `cooldownDuration`, `cooldownId`, `effects`, `containersCapacity`, `header`, `hookTypeId`, `iconId`, `iconOverlayId`, `iconUnderlayId`, `hookItemTypes`, `itemsCapacity`, `location`, `materialType`, `maxStackSize`, `maxStructure`, `radar`, `pscript`, `spellId`, `stackSize`, `structure`, `targetTypeId`, `usability`, `useRadius`, `validLocations`, `value`, `workmanship`, `animationFrameId`, `defaultScript`, `defaultScriptIntensity`, `elasticity`, `friction`, `locationId`, `modelTableId`, `objectScale`, `physicsBitField`, `physicsTableId`, `motionTableId`, `soundTableId`, `physicsState`, `translucency`)
VALUES (1974751238, 'Surface', 65536, 0, 0, 0, 262164, 0, 0, 0, 0, 0, 0, 8388656, 0, 100667499, 0, 0, 0, 0, 0, 0, 0, 0, 4, 0, 0, 0, 0, 0, 32, -0.1, 0, 0, 0, 0, 0, 0, 0, 0, 0, 33558262, 0, 98307, 0, 150994947, 0, 3084, 0);

INSERT INTO `ace_object` (`baseAceObjectId`, `weenieClassId`, `landblock`, `cell`, `posX`, `posY`, `posZ`, `qW`, `qX`, `qY`, `qZ`)
VALUES (1974751238, 24050, 23365, 387, 60, -200, -84.063, 0.748499, 0, 0, 0.663136);

INSERT INTO `base_ace_object` (`baseAceObjectId`, `name`, `typeId`, `paletteId`, `ammoType`, `blipColor`, `bitField`, `burden`, `combatUse`, `cooldownDuration`, `cooldownId`, `effects`, `containersCapacity`, `header`, `hookTypeId`, `iconId`, `iconOverlayId`, `iconUnderlayId`, `hookItemTypes`, `itemsCapacity`, `location`, `materialType`, `maxStackSize`, `maxStructure`, `radar`, `pscript`, `spellId`, `stackSize`, `structure`, `targetTypeId`, `usability`, `useRadius`, `validLocations`, `value`, `workmanship`, `animationFrameId`, `defaultScript`, `defaultScriptIntensity`, `elasticity`, `friction`, `locationId`, `modelTableId`, `objectScale`, `physicsBitField`, `physicsTableId`, `motionTableId`, `soundTableId`, `physicsState`, `translucency`)
VALUES (1974751242, 'Portal', 65536, 0, 0, 0, 262164, 0, 0, 0, 0, 0, 0, 8388656, 0, 100667499, 0, 0, 0, 0, 0, 0, 0, 0, 4, 0, 0, 0, 0, 0, 32, -0.1, 0, 0, 0, 0, 0, 0, 0, 0, 0, 33558318, 0, 98307, 0, 150994947, 0, 3084, 0);

INSERT INTO `ace_object` (`baseAceObjectId`, `weenieClassId`, `landblock`, `cell`, `posX`, `posY`, `posZ`, `qW`, `qX`, `qY`, `qZ`)
VALUES (1974751242, 24038, 23365, 415, 130, -100, -84.063, 1, 0, 0, -4.37114E-08);

INSERT INTO `base_ace_object` (`baseAceObjectId`, `name`, `typeId`, `paletteId`, `ammoType`, `blipColor`, `bitField`, `burden`, `combatUse`, `cooldownDuration`, `cooldownId`, `effects`, `containersCapacity`, `header`, `hookTypeId`, `iconId`, `iconOverlayId`, `iconUnderlayId`, `hookItemTypes`, `itemsCapacity`, `location`, `materialType`, `maxStackSize`, `maxStructure`, `radar`, `pscript`, `spellId`, `stackSize`, `structure`, `targetTypeId`, `usability`, `useRadius`, `validLocations`, `value`, `workmanship`, `animationFrameId`, `defaultScript`, `defaultScriptIntensity`, `elasticity`, `friction`, `locationId`, `modelTableId`, `objectScale`, `physicsBitField`, `physicsTableId`, `motionTableId`, `soundTableId`, `physicsState`, `translucency`)
VALUES (1974751247, 'Portal', 65536, 0, 0, 0, 262164, 0, 0, 0, 0, 0, 0, 8388656, 0, 100667499, 0, 0, 0, 0, 0, 0, 0, 0, 4, 0, 0, 0, 0, 0, 32, -0.1, 0, 0, 0, 0, 0, 0, 0, 0, 0, 33558318, 0, 98307, 0, 150994947, 0, 3084, 0);

INSERT INTO `ace_object` (`baseAceObjectId`, `weenieClassId`, `landblock`, `cell`, `posX`, `posY`, `posZ`, `qW`, `qX`, `qY`, `qZ`)
VALUES (1974751247, 24074, 23365, 423, 140, -90, -84.063, 1, 0, 0, 0);

INSERT INTO `base_ace_object` (`baseAceObjectId`, `name`, `typeId`, `paletteId`, `ammoType`, `blipColor`, `bitField`, `burden`, `combatUse`, `cooldownDuration`, `cooldownId`, `effects`, `containersCapacity`, `header`, `hookTypeId`, `iconId`, `iconOverlayId`, `iconUnderlayId`, `hookItemTypes`, `itemsCapacity`, `location`, `materialType`, `maxStackSize`, `maxStructure`, `radar`, `pscript`, `spellId`, `stackSize`, `structure`, `targetTypeId`, `usability`, `useRadius`, `validLocations`, `value`, `workmanship`, `animationFrameId`, `defaultScript`, `defaultScriptIntensity`, `elasticity`, `friction`, `locationId`, `modelTableId`, `objectScale`, `physicsBitField`, `physicsTableId`, `motionTableId`, `soundTableId`, `physicsState`, `translucency`)
VALUES (1974751253, 'Portal', 65536, 0, 0, 0, 262164, 0, 0, 0, 0, 0, 0, 8388656, 0, 100667499, 0, 0, 0, 0, 0, 0, 0, 0, 4, 0, 0, 0, 0, 0, 32, -0.1, 0, 0, 0, 0, 0, 0, 0, 0, 0, 33558318, 0, 98307, 0, 150994947, 0, 3084, 0);

INSERT INTO `ace_object` (`baseAceObjectId`, `weenieClassId`, `landblock`, `cell`, `posX`, `posY`, `posZ`, `qW`, `qX`, `qY`, `qZ`)
VALUES (1974751253, 24075, 23365, 431, 150, -100, -84.063, 1, 0, 0, 0);

INSERT INTO `base_ace_object` (`baseAceObjectId`, `name`, `typeId`, `paletteId`, `ammoType`, `blipColor`, `bitField`, `burden`, `combatUse`, `cooldownDuration`, `cooldownId`, `effects`, `containersCapacity`, `header`, `hookTypeId`, `iconId`, `iconOverlayId`, `iconUnderlayId`, `hookItemTypes`, `itemsCapacity`, `location`, `materialType`, `maxStackSize`, `maxStructure`, `radar`, `pscript`, `spellId`, `stackSize`, `structure`, `targetTypeId`, `usability`, `useRadius`, `validLocations`, `value`, `workmanship`, `animationFrameId`, `defaultScript`, `defaultScriptIntensity`, `elasticity`, `friction`, `locationId`, `modelTableId`, `objectScale`, `physicsBitField`, `physicsTableId`, `motionTableId`, `soundTableId`, `physicsState`, `translucency`)
VALUES (1974751248, 'Portal', 65536, 0, 0, 0, 262164, 0, 0, 0, 0, 0, 0, 8388656, 0, 100667499, 0, 0, 0, 0, 0, 0, 0, 0, 4, 0, 0, 0, 0, 0, 32, -0.1, 0, 0, 0, 0, 0, 0, 0, 0, 0, 33558318, 0, 98307, 0, 150994947, 0, 3084, 0);

INSERT INTO `ace_object` (`baseAceObjectId`, `weenieClassId`, `landblock`, `cell`, `posX`, `posY`, `posZ`, `qW`, `qX`, `qY`, `qZ`)
VALUES (1974751248, 24076, 23365, 424, 140, -110, -84.063, 1, 0, 0, 0);

INSERT INTO `base_ace_object` (`baseAceObjectId`, `name`, `typeId`, `paletteId`, `ammoType`, `blipColor`, `bitField`, `burden`, `combatUse`, `cooldownDuration`, `cooldownId`, `effects`, `containersCapacity`, `header`, `hookTypeId`, `iconId`, `iconOverlayId`, `iconUnderlayId`, `hookItemTypes`, `itemsCapacity`, `location`, `materialType`, `maxStackSize`, `maxStructure`, `radar`, `pscript`, `spellId`, `stackSize`, `structure`, `targetTypeId`, `usability`, `useRadius`, `validLocations`, `value`, `workmanship`, `animationFrameId`, `defaultScript`, `defaultScriptIntensity`, `elasticity`, `friction`, `locationId`, `modelTableId`, `objectScale`, `physicsBitField`, `physicsTableId`, `motionTableId`, `soundTableId`, `physicsState`, `translucency`)
VALUES (1974751244, 'Portal', 65536, 0, 0, 0, 262164, 0, 0, 0, 0, 0, 0, 8388656, 0, 100667499, 0, 0, 0, 0, 0, 0, 0, 0, 4, 0, 0, 0, 0, 0, 32, -0.1, 0, 0, 0, 0, 0, 0, 0, 0, 0, 33558318, 0, 98307, 0, 150994947, 0, 3084, 0);

INSERT INTO `ace_object` (`baseAceObjectId`, `weenieClassId`, `landblock`, `cell`, `posX`, `posY`, `posZ`, `qW`, `qX`, `qY`, `qZ`)
VALUES (1974751244, 24078, 23365, 418, 130, -150, -84.063, 1, 0, 0, -4.37114E-08);

INSERT INTO `base_ace_object` (`baseAceObjectId`, `name`, `typeId`, `paletteId`, `ammoType`, `blipColor`, `bitField`, `burden`, `combatUse`, `cooldownDuration`, `cooldownId`, `effects`, `containersCapacity`, `header`, `hookTypeId`, `iconId`, `iconOverlayId`, `iconUnderlayId`, `hookItemTypes`, `itemsCapacity`, `location`, `materialType`, `maxStackSize`, `maxStructure`, `radar`, `pscript`, `spellId`, `stackSize`, `structure`, `targetTypeId`, `usability`, `useRadius`, `validLocations`, `value`, `workmanship`, `animationFrameId`, `defaultScript`, `defaultScriptIntensity`, `elasticity`, `friction`, `locationId`, `modelTableId`, `objectScale`, `physicsBitField`, `physicsTableId`, `motionTableId`, `soundTableId`, `physicsState`, `translucency`)
VALUES (1974751245, 'Portal', 65536, 0, 0, 0, 262164, 0, 0, 0, 0, 0, 0, 8388656, 0, 100667499, 0, 0, 0, 0, 0, 0, 0, 0, 4, 0, 0, 0, 0, 0, 32, -0.1, 0, 0, 0, 0, 0, 0, 0, 0, 0, 33558318, 0, 98307, 0, 150994947, 0, 3084, 0);

INSERT INTO `ace_object` (`baseAceObjectId`, `weenieClassId`, `landblock`, `cell`, `posX`, `posY`, `posZ`, `qW`, `qX`, `qY`, `qZ`)
VALUES (1974751245, 24094, 23365, 419, 130, -160, -84.063, 1, 0, 0, 0);

INSERT INTO `base_ace_object` (`baseAceObjectId`, `name`, `typeId`, `paletteId`, `ammoType`, `blipColor`, `bitField`, `burden`, `combatUse`, `cooldownDuration`, `cooldownId`, `effects`, `containersCapacity`, `header`, `hookTypeId`, `iconId`, `iconOverlayId`, `iconUnderlayId`, `hookItemTypes`, `itemsCapacity`, `location`, `materialType`, `maxStackSize`, `maxStructure`, `radar`, `pscript`, `spellId`, `stackSize`, `structure`, `targetTypeId`, `usability`, `useRadius`, `validLocations`, `value`, `workmanship`, `animationFrameId`, `defaultScript`, `defaultScriptIntensity`, `elasticity`, `friction`, `locationId`, `modelTableId`, `objectScale`, `physicsBitField`, `physicsTableId`, `motionTableId`, `soundTableId`, `physicsState`, `translucency`)
VALUES (1974751243, 'Portal', 65536, 0, 0, 0, 262164, 0, 0, 0, 0, 0, 0, 8388656, 0, 100667499, 0, 0, 0, 0, 0, 0, 0, 0, 4, 0, 0, 0, 0, 0, 32, -0.1, 0, 0, 0, 0, 0, 0, 0, 0, 0, 33558318, 0, 98307, 0, 150994947, 0, 3084, 0);

INSERT INTO `ace_object` (`baseAceObjectId`, `weenieClassId`, `landblock`, `cell`, `posX`, `posY`, `posZ`, `qW`, `qX`, `qY`, `qZ`)
VALUES (1974751243, 24077, 23365, 417, 130, -140, -84.063, 1, 0, 0, 0);

INSERT INTO `base_ace_object` (`baseAceObjectId`, `name`, `typeId`, `paletteId`, `ammoType`, `blipColor`, `bitField`, `burden`, `combatUse`, `cooldownDuration`, `cooldownId`, `effects`, `containersCapacity`, `header`, `hookTypeId`, `iconId`, `iconOverlayId`, `iconUnderlayId`, `hookItemTypes`, `itemsCapacity`, `location`, `materialType`, `maxStackSize`, `maxStructure`, `radar`, `pscript`, `spellId`, `stackSize`, `structure`, `targetTypeId`, `usability`, `useRadius`, `validLocations`, `value`, `workmanship`, `animationFrameId`, `defaultScript`, `defaultScriptIntensity`, `elasticity`, `friction`, `locationId`, `modelTableId`, `objectScale`, `physicsBitField`, `physicsTableId`, `motionTableId`, `soundTableId`, `physicsState`, `translucency`)
VALUES (1974751249, 'Portal', 65536, 0, 0, 0, 262164, 0, 0, 0, 0, 0, 0, 8388656, 0, 100667499, 0, 0, 0, 0, 0, 0, 0, 0, 4, 0, 0, 0, 0, 0, 32, -0.1, 0, 0, 0, 0, 0, 0, 0, 0, 0, 33558318, 0, 98307, 0, 150994947, 0, 3084, 0);

INSERT INTO `ace_object` (`baseAceObjectId`, `weenieClassId`, `landblock`, `cell`, `posX`, `posY`, `posZ`, `qW`, `qX`, `qY`, `qZ`)
VALUES (1974751249, 24039, 23365, 425, 140, -140, -84.063, 1, 0, 0, 0);

INSERT INTO `base_ace_object` (`baseAceObjectId`, `name`, `typeId`, `paletteId`, `ammoType`, `blipColor`, `bitField`, `burden`, `combatUse`, `cooldownDuration`, `cooldownId`, `effects`, `containersCapacity`, `header`, `hookTypeId`, `iconId`, `iconOverlayId`, `iconUnderlayId`, `hookItemTypes`, `itemsCapacity`, `location`, `materialType`, `maxStackSize`, `maxStructure`, `radar`, `pscript`, `spellId`, `stackSize`, `structure`, `targetTypeId`, `usability`, `useRadius`, `validLocations`, `value`, `workmanship`, `animationFrameId`, `defaultScript`, `defaultScriptIntensity`, `elasticity`, `friction`, `locationId`, `modelTableId`, `objectScale`, `physicsBitField`, `physicsTableId`, `motionTableId`, `soundTableId`, `physicsState`, `translucency`)
VALUES (1974751254, 'Portal', 65536, 0, 0, 0, 262164, 0, 0, 0, 0, 0, 0, 8388656, 0, 100667499, 0, 0, 0, 0, 0, 0, 0, 0, 4, 0, 0, 0, 0, 0, 32, -0.1, 0, 0, 0, 0, 0, 0, 0, 0, 0, 33558318, 0, 98307, 0, 150994947, 0, 3084, 0);

INSERT INTO `ace_object` (`baseAceObjectId`, `weenieClassId`, `landblock`, `cell`, `posX`, `posY`, `posZ`, `qW`, `qX`, `qY`, `qZ`)
VALUES (1974751254, 24079, 23365, 433, 150, -140, -84.063, 1, 0, 0, 0);

INSERT INTO `base_ace_object` (`baseAceObjectId`, `name`, `typeId`, `paletteId`, `ammoType`, `blipColor`, `bitField`, `burden`, `combatUse`, `cooldownDuration`, `cooldownId`, `effects`, `containersCapacity`, `header`, `hookTypeId`, `iconId`, `iconOverlayId`, `iconUnderlayId`, `hookItemTypes`, `itemsCapacity`, `location`, `materialType`, `maxStackSize`, `maxStructure`, `radar`, `pscript`, `spellId`, `stackSize`, `structure`, `targetTypeId`, `usability`, `useRadius`, `validLocations`, `value`, `workmanship`, `animationFrameId`, `defaultScript`, `defaultScriptIntensity`, `elasticity`, `friction`, `locationId`, `modelTableId`, `objectScale`, `physicsBitField`, `physicsTableId`, `motionTableId`, `soundTableId`, `physicsState`, `translucency`)
VALUES (1974751255, 'Portal', 65536, 0, 0, 0, 262164, 0, 0, 0, 0, 0, 0, 8388656, 0, 100667499, 0, 0, 0, 0, 0, 0, 0, 0, 4, 0, 0, 0, 0, 0, 32, -0.1, 0, 0, 0, 0, 0, 0, 0, 0, 0, 33558318, 0, 98307, 0, 150994947, 0, 3084, 0);

INSERT INTO `ace_object` (`baseAceObjectId`, `weenieClassId`, `landblock`, `cell`, `posX`, `posY`, `posZ`, `qW`, `qX`, `qY`, `qZ`)
VALUES (1974751255, 24039, 23365, 434, 150, -150, -84.063, 1, 0, 0, 0);

INSERT INTO `base_ace_object` (`baseAceObjectId`, `name`, `typeId`, `paletteId`, `ammoType`, `blipColor`, `bitField`, `burden`, `combatUse`, `cooldownDuration`, `cooldownId`, `effects`, `containersCapacity`, `header`, `hookTypeId`, `iconId`, `iconOverlayId`, `iconUnderlayId`, `hookItemTypes`, `itemsCapacity`, `location`, `materialType`, `maxStackSize`, `maxStructure`, `radar`, `pscript`, `spellId`, `stackSize`, `structure`, `targetTypeId`, `usability`, `useRadius`, `validLocations`, `value`, `workmanship`, `animationFrameId`, `defaultScript`, `defaultScriptIntensity`, `elasticity`, `friction`, `locationId`, `modelTableId`, `objectScale`, `physicsBitField`, `physicsTableId`, `motionTableId`, `soundTableId`, `physicsState`, `translucency`)
VALUES (1974751256, 'Portal', 65536, 0, 0, 0, 262164, 0, 0, 0, 0, 0, 0, 8388656, 0, 100667499, 0, 0, 0, 0, 0, 0, 0, 0, 4, 0, 0, 0, 0, 0, 32, -0.1, 0, 0, 0, 0, 0, 0, 0, 0, 0, 33558318, 0, 98307, 0, 150994947, 0, 3084, 0);

INSERT INTO `ace_object` (`baseAceObjectId`, `weenieClassId`, `landblock`, `cell`, `posX`, `posY`, `posZ`, `qW`, `qX`, `qY`, `qZ`)
VALUES (1974751256, 24095, 23365, 435, 150, -160, -84.063, 1, 0, 0, -4.37114E-08);

INSERT INTO `base_ace_object` (`baseAceObjectId`, `name`, `typeId`, `paletteId`, `ammoType`, `blipColor`, `bitField`, `burden`, `combatUse`, `cooldownDuration`, `cooldownId`, `effects`, `containersCapacity`, `header`, `hookTypeId`, `iconId`, `iconOverlayId`, `iconUnderlayId`, `hookItemTypes`, `itemsCapacity`, `location`, `materialType`, `maxStackSize`, `maxStructure`, `radar`, `pscript`, `spellId`, `stackSize`, `structure`, `targetTypeId`, `usability`, `useRadius`, `validLocations`, `value`, `workmanship`, `animationFrameId`, `defaultScript`, `defaultScriptIntensity`, `elasticity`, `friction`, `locationId`, `modelTableId`, `objectScale`, `physicsBitField`, `physicsTableId`, `motionTableId`, `soundTableId`, `physicsState`, `translucency`)
VALUES (1974751250, 'Portal', 65536, 0, 0, 0, 262164, 0, 0, 0, 0, 0, 0, 8388656, 0, 100667499, 0, 0, 0, 0, 0, 0, 0, 0, 4, 0, 0, 0, 0, 0, 32, -0.1, 0, 0, 0, 0, 0, 0, 0, 0, 0, 33558318, 0, 98307, 0, 150994947, 0, 3084, 0);

INSERT INTO `ace_object` (`baseAceObjectId`, `weenieClassId`, `landblock`, `cell`, `posX`, `posY`, `posZ`, `qW`, `qX`, `qY`, `qZ`)
VALUES (1974751250, 24080, 23365, 426, 140, -160, -84.063, 1, 0, 0, 0);

INSERT INTO `base_ace_object` (`baseAceObjectId`, `name`, `typeId`, `paletteId`, `ammoType`, `blipColor`, `bitField`, `burden`, `combatUse`, `cooldownDuration`, `cooldownId`, `effects`, `containersCapacity`, `header`, `hookTypeId`, `iconId`, `iconOverlayId`, `iconUnderlayId`, `hookItemTypes`, `itemsCapacity`, `location`, `materialType`, `maxStackSize`, `maxStructure`, `radar`, `pscript`, `spellId`, `stackSize`, `structure`, `targetTypeId`, `usability`, `useRadius`, `validLocations`, `value`, `workmanship`, `animationFrameId`, `defaultScript`, `defaultScriptIntensity`, `elasticity`, `friction`, `locationId`, `modelTableId`, `objectScale`, `physicsBitField`, `physicsTableId`, `motionTableId`, `soundTableId`, `physicsState`, `translucency`)
VALUES (1974751240, 'Portal', 65536, 0, 0, 0, 262164, 0, 0, 0, 0, 0, 0, 8388656, 0, 100667499, 0, 0, 0, 0, 0, 0, 0, 0, 4, 0, 0, 0, 0, 0, 32, -0.1, 0, 0, 0, 0, 0, 0, 0, 0, 0, 33558262, 0, 98307, 0, 150994947, 0, 3084, 0);

INSERT INTO `ace_object` (`baseAceObjectId`, `weenieClassId`, `landblock`, `cell`, `posX`, `posY`, `posZ`, `qW`, `qX`, `qY`, `qZ`)
VALUES (1974751240, 24040, 23365, 412, 120, -200, -84.063, 1, 0, 0, 0);

INSERT INTO `base_ace_object` (`baseAceObjectId`, `name`, `typeId`, `paletteId`, `ammoType`, `blipColor`, `bitField`, `burden`, `combatUse`, `cooldownDuration`, `cooldownId`, `effects`, `containersCapacity`, `header`, `hookTypeId`, `iconId`, `iconOverlayId`, `iconUnderlayId`, `hookItemTypes`, `itemsCapacity`, `location`, `materialType`, `maxStackSize`, `maxStructure`, `radar`, `pscript`, `spellId`, `stackSize`, `structure`, `targetTypeId`, `usability`, `useRadius`, `validLocations`, `value`, `workmanship`, `animationFrameId`, `defaultScript`, `defaultScriptIntensity`, `elasticity`, `friction`, `locationId`, `modelTableId`, `objectScale`, `physicsBitField`, `physicsTableId`, `motionTableId`, `soundTableId`, `physicsState`, `translucency`)
VALUES (1974751246, 'Portal', 65536, 0, 0, 0, 262164, 0, 0, 0, 0, 0, 0, 8388656, 0, 100667499, 0, 0, 0, 0, 0, 0, 0, 0, 4, 0, 0, 0, 0, 0, 32, -0.1, 0, 0, 0, 0, 0, 0, 0, 0, 0, 33558262, 0, 98307, 0, 150994947, 0, 3084, 0);

INSERT INTO `ace_object` (`baseAceObjectId`, `weenieClassId`, `landblock`, `cell`, `posX`, `posY`, `posZ`, `qW`, `qX`, `qY`, `qZ`)
VALUES (1974751246, 24081, 23365, 421, 130, -200, -84.063, 1, 0, 0, 0);

INSERT INTO `base_ace_object` (`baseAceObjectId`, `name`, `typeId`, `paletteId`, `ammoType`, `blipColor`, `bitField`, `burden`, `combatUse`, `cooldownDuration`, `cooldownId`, `effects`, `containersCapacity`, `header`, `hookTypeId`, `iconId`, `iconOverlayId`, `iconUnderlayId`, `hookItemTypes`, `itemsCapacity`, `location`, `materialType`, `maxStackSize`, `maxStructure`, `radar`, `pscript`, `spellId`, `stackSize`, `structure`, `targetTypeId`, `usability`, `useRadius`, `validLocations`, `value`, `workmanship`, `animationFrameId`, `defaultScript`, `defaultScriptIntensity`, `elasticity`, `friction`, `locationId`, `modelTableId`, `objectScale`, `physicsBitField`, `physicsTableId`, `motionTableId`, `soundTableId`, `physicsState`, `translucency`)
VALUES (1974751251, 'Portal', 65536, 0, 0, 0, 262164, 0, 0, 0, 0, 0, 0, 8388656, 0, 100667499, 0, 0, 0, 0, 0, 0, 0, 0, 4, 0, 0, 0, 0, 0, 32, -0.1, 0, 0, 0, 0, 0, 0, 0, 0, 0, 33558262, 0, 98307, 0, 150994947, 0, 3084, 0);

INSERT INTO `ace_object` (`baseAceObjectId`, `weenieClassId`, `landblock`, `cell`, `posX`, `posY`, `posZ`, `qW`, `qX`, `qY`, `qZ`)
VALUES (1974751251, 24082, 23365, 428, 140, -200, -84.063, 1, 0, 0, 0);

INSERT INTO `base_ace_object` (`baseAceObjectId`, `name`, `typeId`, `paletteId`, `ammoType`, `blipColor`, `bitField`, `burden`, `combatUse`, `cooldownDuration`, `cooldownId`, `effects`, `containersCapacity`, `header`, `hookTypeId`, `iconId`, `iconOverlayId`, `iconUnderlayId`, `hookItemTypes`, `itemsCapacity`, `location`, `materialType`, `maxStackSize`, `maxStructure`, `radar`, `pscript`, `spellId`, `stackSize`, `structure`, `targetTypeId`, `usability`, `useRadius`, `validLocations`, `value`, `workmanship`, `animationFrameId`, `defaultScript`, `defaultScriptIntensity`, `elasticity`, `friction`, `locationId`, `modelTableId`, `objectScale`, `physicsBitField`, `physicsTableId`, `motionTableId`, `soundTableId`, `physicsState`, `translucency`)
VALUES (1974751257, 'Portal', 65536, 0, 0, 0, 262164, 0, 0, 0, 0, 0, 0, 8388656, 0, 100667499, 0, 0, 0, 0, 0, 0, 0, 0, 4, 0, 0, 0, 0, 0, 32, -0.1, 0, 0, 0, 0, 0, 0, 0, 0, 0, 33558262, 0, 98307, 0, 150994947, 0, 3084, 0);

INSERT INTO `ace_object` (`baseAceObjectId`, `weenieClassId`, `landblock`, `cell`, `posX`, `posY`, `posZ`, `qW`, `qX`, `qY`, `qZ`)
VALUES (1974751257, 24083, 23365, 437, 150, -200, -84.063, 1, 0, 0, -4.37114E-08);

INSERT INTO `base_ace_object` (`baseAceObjectId`, `name`, `typeId`, `paletteId`, `ammoType`, `blipColor`, `bitField`, `burden`, `combatUse`, `cooldownDuration`, `cooldownId`, `effects`, `containersCapacity`, `header`, `hookTypeId`, `iconId`, `iconOverlayId`, `iconUnderlayId`, `hookItemTypes`, `itemsCapacity`, `location`, `materialType`, `maxStackSize`, `maxStructure`, `radar`, `pscript`, `spellId`, `stackSize`, `structure`, `targetTypeId`, `usability`, `useRadius`, `validLocations`, `value`, `workmanship`, `animationFrameId`, `defaultScript`, `defaultScriptIntensity`, `elasticity`, `friction`, `locationId`, `modelTableId`, `objectScale`, `physicsBitField`, `physicsTableId`, `motionTableId`, `soundTableId`, `physicsState`, `translucency`)
VALUES (1974751277, 'Portal', 65536, 0, 0, 0, 262164, 0, 0, 0, 0, 0, 0, 8388656, 0, 100667499, 0, 0, 0, 0, 0, 0, 0, 0, 4, 0, 0, 0, 0, 0, 32, -0.1, 0, 0, 0, 0, 0, 0, 0, 0, 0, 33558318, 0, 98307, 0, 150994947, 0, 3084, 0);

INSERT INTO `ace_object` (`baseAceObjectId`, `weenieClassId`, `landblock`, `cell`, `posX`, `posY`, `posZ`, `qW`, `qX`, `qY`, `qZ`)
VALUES (1974751277, 24046, 23365, 467, 210, -190, -84.063, 1, 0, 0, 0);

INSERT INTO `base_ace_object` (`baseAceObjectId`, `name`, `typeId`, `paletteId`, `ammoType`, `blipColor`, `bitField`, `burden`, `combatUse`, `cooldownDuration`, `cooldownId`, `effects`, `containersCapacity`, `header`, `hookTypeId`, `iconId`, `iconOverlayId`, `iconUnderlayId`, `hookItemTypes`, `itemsCapacity`, `location`, `materialType`, `maxStackSize`, `maxStructure`, `radar`, `pscript`, `spellId`, `stackSize`, `structure`, `targetTypeId`, `usability`, `useRadius`, `validLocations`, `value`, `workmanship`, `animationFrameId`, `defaultScript`, `defaultScriptIntensity`, `elasticity`, `friction`, `locationId`, `modelTableId`, `objectScale`, `physicsBitField`, `physicsTableId`, `motionTableId`, `soundTableId`, `physicsState`, `translucency`)
VALUES (1974751279, 'Portal', 65536, 0, 0, 0, 262164, 0, 0, 0, 0, 0, 0, 8388656, 0, 100667499, 0, 0, 0, 0, 0, 0, 0, 0, 4, 0, 0, 0, 0, 0, 32, -0.1, 0, 0, 0, 0, 0, 0, 0, 0, 0, 33558318, 0, 98307, 0, 150994947, 0, 3084, 0);

INSERT INTO `ace_object` (`baseAceObjectId`, `weenieClassId`, `landblock`, `cell`, `posX`, `posY`, `posZ`, `qW`, `qX`, `qY`, `qZ`)
VALUES (1974751279, 24092, 23365, 469, 220, -190, -84.063, 1, 0, 0, 0);

INSERT INTO `base_ace_object` (`baseAceObjectId`, `name`, `typeId`, `paletteId`, `ammoType`, `blipColor`, `bitField`, `burden`, `combatUse`, `cooldownDuration`, `cooldownId`, `effects`, `containersCapacity`, `header`, `hookTypeId`, `iconId`, `iconOverlayId`, `iconUnderlayId`, `hookItemTypes`, `itemsCapacity`, `location`, `materialType`, `maxStackSize`, `maxStructure`, `radar`, `pscript`, `spellId`, `stackSize`, `structure`, `targetTypeId`, `usability`, `useRadius`, `validLocations`, `value`, `workmanship`, `animationFrameId`, `defaultScript`, `defaultScriptIntensity`, `elasticity`, `friction`, `locationId`, `modelTableId`, `objectScale`, `physicsBitField`, `physicsTableId`, `motionTableId`, `soundTableId`, `physicsState`, `translucency`)
VALUES (1974751271, 'Portal', 65536, 0, 0, 0, 262164, 0, 0, 0, 0, 0, 0, 8388656, 0, 100667499, 0, 0, 0, 0, 0, 0, 0, 0, 4, 0, 0, 0, 0, 0, 32, -0.1, 0, 0, 0, 0, 0, 0, 0, 0, 0, 33558318, 0, 98307, 0, 150994947, 0, 3084, 0);

INSERT INTO `ace_object` (`baseAceObjectId`, `weenieClassId`, `landblock`, `cell`, `posX`, `posY`, `posZ`, `qW`, `qX`, `qY`, `qZ`)
VALUES (1974751271, 24046, 23365, 458, 200, -190, -84.063, 1, 0, 0, 0);

INSERT INTO `base_ace_object` (`baseAceObjectId`, `name`, `typeId`, `paletteId`, `ammoType`, `blipColor`, `bitField`, `burden`, `combatUse`, `cooldownDuration`, `cooldownId`, `effects`, `containersCapacity`, `header`, `hookTypeId`, `iconId`, `iconOverlayId`, `iconUnderlayId`, `hookItemTypes`, `itemsCapacity`, `location`, `materialType`, `maxStackSize`, `maxStructure`, `radar`, `pscript`, `spellId`, `stackSize`, `structure`, `targetTypeId`, `usability`, `useRadius`, `validLocations`, `value`, `workmanship`, `animationFrameId`, `defaultScript`, `defaultScriptIntensity`, `elasticity`, `friction`, `locationId`, `modelTableId`, `objectScale`, `physicsBitField`, `physicsTableId`, `motionTableId`, `soundTableId`, `physicsState`, `translucency`)
VALUES (1974751267, 'Portal', 65536, 0, 0, 0, 262164, 0, 0, 0, 0, 0, 0, 8388656, 0, 100667499, 0, 0, 0, 0, 0, 0, 0, 0, 4, 0, 0, 0, 0, 0, 32, -0.1, 0, 0, 0, 0, 0, 0, 0, 0, 0, 33558318, 0, 98307, 0, 150994947, 0, 3084, 0);

INSERT INTO `ace_object` (`baseAceObjectId`, `weenieClassId`, `landblock`, `cell`, `posX`, `posY`, `posZ`, `qW`, `qX`, `qY`, `qZ`)
VALUES (1974751267, 24095, 23365, 450, 190, -190, -84.063, 1, 0, 0, 0);

INSERT INTO `base_ace_object` (`baseAceObjectId`, `name`, `typeId`, `paletteId`, `ammoType`, `blipColor`, `bitField`, `burden`, `combatUse`, `cooldownDuration`, `cooldownId`, `effects`, `containersCapacity`, `header`, `hookTypeId`, `iconId`, `iconOverlayId`, `iconUnderlayId`, `hookItemTypes`, `itemsCapacity`, `location`, `materialType`, `maxStackSize`, `maxStructure`, `radar`, `pscript`, `spellId`, `stackSize`, `structure`, `targetTypeId`, `usability`, `useRadius`, `validLocations`, `value`, `workmanship`, `animationFrameId`, `defaultScript`, `defaultScriptIntensity`, `elasticity`, `friction`, `locationId`, `modelTableId`, `objectScale`, `physicsBitField`, `physicsTableId`, `motionTableId`, `soundTableId`, `physicsState`, `translucency`)
VALUES (1974751278, 'Portal', 65536, 0, 0, 0, 262164, 0, 0, 0, 0, 0, 0, 8388656, 0, 100667499, 0, 0, 0, 0, 0, 0, 0, 0, 4, 0, 0, 0, 0, 0, 32, -0.1, 0, 0, 0, 0, 0, 0, 0, 0, 0, 33558262, 0, 98307, 0, 150994947, 0, 3084, 0);

INSERT INTO `ace_object` (`baseAceObjectId`, `weenieClassId`, `landblock`, `cell`, `posX`, `posY`, `posZ`, `qW`, `qX`, `qY`, `qZ`)
VALUES (1974751278, 24093, 23365, 468, 210, -230, -84.063, 0.7071068, 0, 0, -0.7071068);

INSERT INTO `base_ace_object` (`baseAceObjectId`, `name`, `typeId`, `paletteId`, `ammoType`, `blipColor`, `bitField`, `burden`, `combatUse`, `cooldownDuration`, `cooldownId`, `effects`, `containersCapacity`, `header`, `hookTypeId`, `iconId`, `iconOverlayId`, `iconUnderlayId`, `hookItemTypes`, `itemsCapacity`, `location`, `materialType`, `maxStackSize`, `maxStructure`, `radar`, `pscript`, `spellId`, `stackSize`, `structure`, `targetTypeId`, `usability`, `useRadius`, `validLocations`, `value`, `workmanship`, `animationFrameId`, `defaultScript`, `defaultScriptIntensity`, `elasticity`, `friction`, `locationId`, `modelTableId`, `objectScale`, `physicsBitField`, `physicsTableId`, `motionTableId`, `soundTableId`, `physicsState`, `translucency`)
VALUES (1974751268, 'Portal', 65536, 0, 0, 0, 262164, 0, 0, 0, 0, 0, 0, 8388656, 0, 100667499, 0, 0, 0, 0, 0, 0, 0, 0, 4, 0, 0, 0, 0, 0, 32, -0.1, 0, 0, 0, 0, 0, 0, 0, 0, 0, 33558262, 0, 98307, 0, 150994947, 0, 3084, 0);

INSERT INTO `ace_object` (`baseAceObjectId`, `weenieClassId`, `landblock`, `cell`, `posX`, `posY`, `posZ`, `qW`, `qX`, `qY`, `qZ`)
VALUES (1974751268, 24047, 23365, 451, 190, -230, -84.063, 0.7071068, 0, 0, -0.7071068);

INSERT INTO `base_ace_object` (`baseAceObjectId`, `name`, `typeId`, `paletteId`, `ammoType`, `blipColor`, `bitField`, `burden`, `combatUse`, `cooldownDuration`, `cooldownId`, `effects`, `containersCapacity`, `header`, `hookTypeId`, `iconId`, `iconOverlayId`, `iconUnderlayId`, `hookItemTypes`, `itemsCapacity`, `location`, `materialType`, `maxStackSize`, `maxStructure`, `radar`, `pscript`, `spellId`, `stackSize`, `structure`, `targetTypeId`, `usability`, `useRadius`, `validLocations`, `value`, `workmanship`, `animationFrameId`, `defaultScript`, `defaultScriptIntensity`, `elasticity`, `friction`, `locationId`, `modelTableId`, `objectScale`, `physicsBitField`, `physicsTableId`, `motionTableId`, `soundTableId`, `physicsState`, `translucency`)
VALUES (1974751258, 'Portal', 65536, 0, 0, 0, 262164, 0, 0, 0, 0, 0, 0, 8388656, 0, 100667499, 0, 0, 0, 0, 0, 0, 0, 0, 4, 0, 0, 0, 0, 0, 32, -0.1, 0, 0, 0, 0, 0, 0, 0, 0, 0, 33558262, 0, 98307, 0, 150994947, 0, 3084, 0);

INSERT INTO `ace_object` (`baseAceObjectId`, `weenieClassId`, `landblock`, `cell`, `posX`, `posY`, `posZ`, `qW`, `qX`, `qY`, `qZ`)
VALUES (1974751258, 24072, 23365, 438, 160, -260, -84.063, 0.7071068, 0, 0, -0.7071068);

INSERT INTO `base_ace_object` (`baseAceObjectId`, `name`, `typeId`, `paletteId`, `ammoType`, `blipColor`, `bitField`, `burden`, `combatUse`, `cooldownDuration`, `cooldownId`, `effects`, `containersCapacity`, `header`, `hookTypeId`, `iconId`, `iconOverlayId`, `iconUnderlayId`, `hookItemTypes`, `itemsCapacity`, `location`, `materialType`, `maxStackSize`, `maxStructure`, `radar`, `pscript`, `spellId`, `stackSize`, `structure`, `targetTypeId`, `usability`, `useRadius`, `validLocations`, `value`, `workmanship`, `animationFrameId`, `defaultScript`, `defaultScriptIntensity`, `elasticity`, `friction`, `locationId`, `modelTableId`, `objectScale`, `physicsBitField`, `physicsTableId`, `motionTableId`, `soundTableId`, `physicsState`, `translucency`)
VALUES (1974751259, 'Portal', 65536, 0, 0, 0, 262164, 0, 0, 0, 0, 0, 0, 8388656, 0, 100667499, 0, 0, 0, 0, 0, 0, 0, 0, 4, 0, 0, 0, 0, 0, 32, -0.1, 0, 0, 0, 0, 0, 0, 0, 0, 0, 33558262, 0, 98307, 0, 150994947, 0, 3084, 0);

INSERT INTO `ace_object` (`baseAceObjectId`, `weenieClassId`, `landblock`, `cell`, `posX`, `posY`, `posZ`, `qW`, `qX`, `qY`, `qZ`)
VALUES (1974751259, 24073, 23365, 439, 170, -250, -84.063, 1, 0, 0, 0);

INSERT INTO `base_ace_object` (`baseAceObjectId`, `name`, `typeId`, `paletteId`, `ammoType`, `blipColor`, `bitField`, `burden`, `combatUse`, `cooldownDuration`, `cooldownId`, `effects`, `containersCapacity`, `header`, `hookTypeId`, `iconId`, `iconOverlayId`, `iconUnderlayId`, `hookItemTypes`, `itemsCapacity`, `location`, `materialType`, `maxStackSize`, `maxStructure`, `radar`, `pscript`, `spellId`, `stackSize`, `structure`, `targetTypeId`, `usability`, `useRadius`, `validLocations`, `value`, `workmanship`, `animationFrameId`, `defaultScript`, `defaultScriptIntensity`, `elasticity`, `friction`, `locationId`, `modelTableId`, `objectScale`, `physicsBitField`, `physicsTableId`, `motionTableId`, `soundTableId`, `physicsState`, `translucency`)
VALUES (1974751261, 'Portal', 65536, 0, 0, 0, 262164, 0, 0, 0, 0, 0, 0, 8388656, 0, 100667499, 0, 0, 0, 0, 0, 0, 0, 0, 4, 0, 0, 0, 0, 0, 32, -0.1, 0, 0, 0, 0, 0, 0, 0, 0, 0, 33558262, 0, 98307, 0, 150994947, 0, 3084, 0);

INSERT INTO `ace_object` (`baseAceObjectId`, `weenieClassId`, `landblock`, `cell`, `posX`, `posY`, `posZ`, `qW`, `qX`, `qY`, `qZ`)
VALUES (1974751261, 24098, 23365, 442, 180, -260, -84.063, 0.7071068, 0, 0, -0.7071068);

INSERT INTO `base_ace_object` (`baseAceObjectId`, `name`, `typeId`, `paletteId`, `ammoType`, `blipColor`, `bitField`, `burden`, `combatUse`, `cooldownDuration`, `cooldownId`, `effects`, `containersCapacity`, `header`, `hookTypeId`, `iconId`, `iconOverlayId`, `iconUnderlayId`, `hookItemTypes`, `itemsCapacity`, `location`, `materialType`, `maxStackSize`, `maxStructure`, `radar`, `pscript`, `spellId`, `stackSize`, `structure`, `targetTypeId`, `usability`, `useRadius`, `validLocations`, `value`, `workmanship`, `animationFrameId`, `defaultScript`, `defaultScriptIntensity`, `elasticity`, `friction`, `locationId`, `modelTableId`, `objectScale`, `physicsBitField`, `physicsTableId`, `motionTableId`, `soundTableId`, `physicsState`, `translucency`)
VALUES (1974751322, 'Portal', 65536, 0, 0, 0, 262164, 0, 0, 0, 0, 0, 0, 8388656, 0, 100667499, 0, 0, 0, 0, 0, 0, 0, 0, 4, 0, 0, 0, 0, 0, 32, -0.1, 0, 0, 0, 0, 0, 0, 0, 0, 0, 33558262, 0, 98307, 0, 150994947, 0, 3084, 0);

INSERT INTO `ace_object` (`baseAceObjectId`, `weenieClassId`, `landblock`, `cell`, `posX`, `posY`, `posZ`, `qW`, `qX`, `qY`, `qZ`)
VALUES (1974751322, 24048, 23365, 441, 170, -270, -84.063, 1, 0, 0, -4.37114E-08);

INSERT INTO `base_ace_object` (`baseAceObjectId`, `name`, `typeId`, `paletteId`, `ammoType`, `blipColor`, `bitField`, `burden`, `combatUse`, `cooldownDuration`, `cooldownId`, `effects`, `containersCapacity`, `header`, `hookTypeId`, `iconId`, `iconOverlayId`, `iconUnderlayId`, `hookItemTypes`, `itemsCapacity`, `location`, `materialType`, `maxStackSize`, `maxStructure`, `radar`, `pscript`, `spellId`, `stackSize`, `structure`, `targetTypeId`, `usability`, `useRadius`, `validLocations`, `value`, `workmanship`, `animationFrameId`, `defaultScript`, `defaultScriptIntensity`, `elasticity`, `friction`, `locationId`, `modelTableId`, `objectScale`, `physicsBitField`, `physicsTableId`, `motionTableId`, `soundTableId`, `physicsState`, `translucency`)
VALUES (1974751236, 'Portal', 65536, 0, 0, 0, 262164, 0, 0, 0, 0, 0, 0, 8388656, 0, 100667499, 0, 0, 0, 0, 0, 0, 0, 0, 4, 0, 0, 0, 0, 0, 32, -0.1, 0, 0, 0, 0, 0, 0, 0, 0, 0, 33558318, 0, 98307, 0, 150994947, 0, 2060, 0);

INSERT INTO `ace_object` (`baseAceObjectId`, `weenieClassId`, `landblock`, `cell`, `posX`, `posY`, `posZ`, `qW`, `qX`, `qY`, `qZ`)
VALUES (1974751236, 24070, 23365, 291, 270, -260, -99.671, 0.8953292, 0, 0, -0.4454051);

INSERT INTO `base_ace_object` (`baseAceObjectId`, `name`, `typeId`, `paletteId`, `ammoType`, `blipColor`, `bitField`, `burden`, `combatUse`, `cooldownDuration`, `cooldownId`, `effects`, `containersCapacity`, `header`, `hookTypeId`, `iconId`, `iconOverlayId`, `iconUnderlayId`, `hookItemTypes`, `itemsCapacity`, `location`, `materialType`, `maxStackSize`, `maxStructure`, `radar`, `pscript`, `spellId`, `stackSize`, `structure`, `targetTypeId`, `usability`, `useRadius`, `validLocations`, `value`, `workmanship`, `animationFrameId`, `defaultScript`, `defaultScriptIntensity`, `elasticity`, `friction`, `locationId`, `modelTableId`, `objectScale`, `physicsBitField`, `physicsTableId`, `motionTableId`, `soundTableId`, `physicsState`, `translucency`)
VALUES (1974751235, 'Portal', 65536, 0, 0, 0, 262164, 0, 0, 0, 0, 0, 0, 8388656, 0, 100667499, 0, 0, 0, 0, 0, 0, 0, 0, 4, 0, 0, 0, 0, 0, 32, -0.1, 0, 0, 0, 0, 0, 0, 0, 0, 0, 33558318, 0, 98307, 0, 150994947, 0, 2060, 0);

INSERT INTO `ace_object` (`baseAceObjectId`, `weenieClassId`, `landblock`, `cell`, `posX`, `posY`, `posZ`, `qW`, `qX`, `qY`, `qZ`)
VALUES (1974751235, 24070, 23365, 268, 270, -260, -103.84, 0.8953292, 0, 0, -0.4454051);

INSERT INTO `base_ace_object` (`baseAceObjectId`, `name`, `typeId`, `paletteId`, `ammoType`, `blipColor`, `bitField`, `burden`, `combatUse`, `cooldownDuration`, `cooldownId`, `effects`, `containersCapacity`, `header`, `hookTypeId`, `iconId`, `iconOverlayId`, `iconUnderlayId`, `hookItemTypes`, `itemsCapacity`, `location`, `materialType`, `maxStackSize`, `maxStructure`, `radar`, `pscript`, `spellId`, `stackSize`, `structure`, `targetTypeId`, `usability`, `useRadius`, `validLocations`, `value`, `workmanship`, `animationFrameId`, `defaultScript`, `defaultScriptIntensity`, `elasticity`, `friction`, `locationId`, `modelTableId`, `objectScale`, `physicsBitField`, `physicsTableId`, `motionTableId`, `soundTableId`, `physicsState`, `translucency`)
VALUES (1974751232, 'Portal', 65536, 0, 0, 0, 262164, 0, 0, 0, 0, 0, 0, 8388656, 0, 100667499, 0, 0, 0, 0, 0, 0, 0, 0, 4, 0, 0, 0, 0, 0, 32, -0.1, 0, 0, 0, 0, 0, 0, 0, 0, 0, 33558318, 0, 98307, 0, 150994947, 0, 2060, 0);

INSERT INTO `ace_object` (`baseAceObjectId`, `weenieClassId`, `landblock`, `cell`, `posX`, `posY`, `posZ`, `qW`, `qX`, `qY`, `qZ`)
VALUES (1974751232, 24070, 23365, 268, 270, -260, -108.063, 0.8953292, 0, 0, -0.4454051);

INSERT INTO `base_ace_object` (`baseAceObjectId`, `name`, `typeId`, `paletteId`, `ammoType`, `blipColor`, `bitField`, `burden`, `combatUse`, `cooldownDuration`, `cooldownId`, `effects`, `containersCapacity`, `header`, `hookTypeId`, `iconId`, `iconOverlayId`, `iconUnderlayId`, `hookItemTypes`, `itemsCapacity`, `location`, `materialType`, `maxStackSize`, `maxStructure`, `radar`, `pscript`, `spellId`, `stackSize`, `structure`, `targetTypeId`, `usability`, `useRadius`, `validLocations`, `value`, `workmanship`, `animationFrameId`, `defaultScript`, `defaultScriptIntensity`, `elasticity`, `friction`, `locationId`, `modelTableId`, `objectScale`, `physicsBitField`, `physicsTableId`, `motionTableId`, `soundTableId`, `physicsState`, `translucency`)
VALUES (1975824491, 'Exit', 65536, 0, 0, 0, 262164, 0, 0, 0, 0, 0, 0, 8388656, 0, 100667499, 0, 0, 0, 0, 0, 0, 0, 0, 4, 0, 0, 0, 0, 0, 32, -0.1, 0, 0, 0, 0, 0, 0, 0, 0, 0, 33558262, 0, 98307, 0, 150994947, 0, 3084, 0);

INSERT INTO `ace_object` (`baseAceObjectId`, `weenieClassId`, `landblock`, `cell`, `posX`, `posY`, `posZ`, `qW`, `qX`, `qY`, `qZ`)
VALUES (1975824491, 24071, 23627, 876, 59.9731, -246.357, -0.06299996, 1, 0, 0, 0);

INSERT INTO `base_ace_object` (`baseAceObjectId`, `name`, `typeId`, `paletteId`, `ammoType`, `blipColor`, `bitField`, `burden`, `combatUse`, `cooldownDuration`, `cooldownId`, `effects`, `containersCapacity`, `header`, `hookTypeId`, `iconId`, `iconOverlayId`, `iconUnderlayId`, `hookItemTypes`, `itemsCapacity`, `location`, `materialType`, `maxStackSize`, `maxStructure`, `radar`, `pscript`, `spellId`, `stackSize`, `structure`, `targetTypeId`, `usability`, `useRadius`, `validLocations`, `value`, `workmanship`, `animationFrameId`, `defaultScript`, `defaultScriptIntensity`, `elasticity`, `friction`, `locationId`, `modelTableId`, `objectScale`, `physicsBitField`, `physicsTableId`, `motionTableId`, `soundTableId`, `physicsState`, `translucency`)
VALUES (1975824482, 'Exit', 65536, 0, 0, 0, 262164, 0, 0, 0, 0, 0, 0, 8388656, 0, 100667499, 0, 0, 0, 0, 0, 0, 0, 0, 4, 0, 0, 0, 0, 0, 32, -0.1, 0, 0, 0, 0, 0, 0, 0, 0, 0, 33558262, 0, 98307, 0, 150994947, 0, 3084, 0);

INSERT INTO `ace_object` (`baseAceObjectId`, `weenieClassId`, `landblock`, `cell`, `posX`, `posY`, `posZ`, `qW`, `qX`, `qY`, `qZ`)
VALUES (1975824482, 24071, 23627, 785, 250, -20, -12.063, 1, 0, 0, -4.37114E-08);

INSERT INTO `base_ace_object` (`baseAceObjectId`, `name`, `typeId`, `paletteId`, `ammoType`, `blipColor`, `bitField`, `burden`, `combatUse`, `cooldownDuration`, `cooldownId`, `effects`, `containersCapacity`, `header`, `hookTypeId`, `iconId`, `iconOverlayId`, `iconUnderlayId`, `hookItemTypes`, `itemsCapacity`, `location`, `materialType`, `maxStackSize`, `maxStructure`, `radar`, `pscript`, `spellId`, `stackSize`, `structure`, `targetTypeId`, `usability`, `useRadius`, `validLocations`, `value`, `workmanship`, `animationFrameId`, `defaultScript`, `defaultScriptIntensity`, `elasticity`, `friction`, `locationId`, `modelTableId`, `objectScale`, `physicsBitField`, `physicsTableId`, `motionTableId`, `soundTableId`, `physicsState`, `translucency`)
VALUES (2113142849, 'House Portal', 65536, 0, 0, 0, 262164, 0, 0, 0, 0, 0, 0, 8388656, 0, 100667499, 0, 0, 0, 0, 0, 0, 0, 0, 4, 0, 0, 0, 0, 0, 32, 0.75, 0, 0, 0, 0, 0, 0, 0, 0, 0, 33554867, 0, 98307, 0, 150994947, 0, 3076, 0);

INSERT INTO `ace_object` (`baseAceObjectId`, `weenieClassId`, `landblock`, `cell`, `posX`, `posY`, `posZ`, `qW`, `qX`, `qY`, `qZ`)
VALUES (2113142849, 11730, 57152, 338, 90.8505, 126.974, 1.937, 0.6918981, 0, 0, -0.7219951);

INSERT INTO `base_ace_object` (`baseAceObjectId`, `name`, `typeId`, `paletteId`, `ammoType`, `blipColor`, `bitField`, `burden`, `combatUse`, `cooldownDuration`, `cooldownId`, `effects`, `containersCapacity`, `header`, `hookTypeId`, `iconId`, `iconOverlayId`, `iconUnderlayId`, `hookItemTypes`, `itemsCapacity`, `location`, `materialType`, `maxStackSize`, `maxStructure`, `radar`, `pscript`, `spellId`, `stackSize`, `structure`, `targetTypeId`, `usability`, `useRadius`, `validLocations`, `value`, `workmanship`, `animationFrameId`, `defaultScript`, `defaultScriptIntensity`, `elasticity`, `friction`, `locationId`, `modelTableId`, `objectScale`, `physicsBitField`, `physicsTableId`, `motionTableId`, `soundTableId`, `physicsState`, `translucency`)
VALUES (3699863688, 'Whispering Caverns', 65536, 0, 0, 0, 262164, 0, 0, 0, 0, 0, 0, 8388656, 0, 100667499, 0, 0, 0, 0, 0, 0, 0, 0, 4, 0, 0, 0, 0, 0, 32, -0.1, 0, 0, 0, 0, 0, 0, 0, 0, 0, 33555925, 0, 98307, 0, 150994947, 0, 3084, 0);

INSERT INTO `ace_object` (`baseAceObjectId`, `weenieClassId`, `landblock`, `cell`, `posX`, `posY`, `posZ`, `qW`, `qX`, `qY`, `qZ`)
VALUES (3699863688, 35946, 60012, 347, 192.236, 143.991, -11.263, 0.976296, 0, 0, -0.2164396);

INSERT INTO `base_ace_object` (`baseAceObjectId`, `name`, `typeId`, `paletteId`, `ammoType`, `blipColor`, `bitField`, `burden`, `combatUse`, `cooldownDuration`, `cooldownId`, `effects`, `containersCapacity`, `header`, `hookTypeId`, `iconId`, `iconOverlayId`, `iconUnderlayId`, `hookItemTypes`, `itemsCapacity`, `location`, `materialType`, `maxStackSize`, `maxStructure`, `radar`, `pscript`, `spellId`, `stackSize`, `structure`, `targetTypeId`, `usability`, `useRadius`, `validLocations`, `value`, `workmanship`, `animationFrameId`, `defaultScript`, `defaultScriptIntensity`, `elasticity`, `friction`, `locationId`, `modelTableId`, `objectScale`, `physicsBitField`, `physicsTableId`, `motionTableId`, `soundTableId`, `physicsState`, `translucency`)
VALUES (2124857349, 'Surface', 65536, 0, 0, 0, 262164, 0, 0, 0, 0, 0, 0, 8388656, 0, 100667499, 0, 0, 0, 0, 0, 0, 0, 0, 4, 0, 0, 0, 0, 0, 32, -0.1, 0, 0, 0, 0, 0, 0, 0, 0, 0, 33554867, 0, 98307, 0, 150994947, 0, 3084, 0);

INSERT INTO `ace_object` (`baseAceObjectId`, `weenieClassId`, `landblock`, `cell`, `posX`, `posY`, `posZ`, `qW`, `qX`, `qY`, `qZ`)
VALUES (2124857349, 35947, 60012, 292, 170.026, 280.382, -35.263, -0.9819792, 0, 0, -0.188989);

INSERT INTO `base_ace_object` (`baseAceObjectId`, `name`, `typeId`, `paletteId`, `ammoType`, `blipColor`, `bitField`, `burden`, `combatUse`, `cooldownDuration`, `cooldownId`, `effects`, `containersCapacity`, `header`, `hookTypeId`, `iconId`, `iconOverlayId`, `iconUnderlayId`, `hookItemTypes`, `itemsCapacity`, `location`, `materialType`, `maxStackSize`, `maxStructure`, `radar`, `pscript`, `spellId`, `stackSize`, `structure`, `targetTypeId`, `usability`, `useRadius`, `validLocations`, `value`, `workmanship`, `animationFrameId`, `defaultScript`, `defaultScriptIntensity`, `elasticity`, `friction`, `locationId`, `modelTableId`, `objectScale`, `physicsBitField`, `physicsTableId`, `motionTableId`, `soundTableId`, `physicsState`, `translucency`)
VALUES (1881022590, 'Surface Portal', 65536, 0, 0, 0, 262164, 0, 0, 0, 0, 0, 0, 8388656, 0, 100667499, 0, 0, 0, 0, 0, 0, 0, 0, 4, 0, 0, 0, 0, 0, 32, -0.1, 0, 0, 0, 0, 0, 0, 0, 0, 0, 33554867, 0, 98307, 0, 150994947, 0, 3084, 0);

INSERT INTO `ace_object` (`baseAceObjectId`, `weenieClassId`, `landblock`, `cell`, `posX`, `posY`, `posZ`, `qW`, `qX`, `qY`, `qZ`)
VALUES (1881022590, 4178, 482, 552, 68.1504, -57.2319, 11.937, -0.9352511, 0, 0, -0.353985);

INSERT INTO `base_ace_object` (`baseAceObjectId`, `name`, `typeId`, `paletteId`, `ammoType`, `blipColor`, `bitField`, `burden`, `combatUse`, `cooldownDuration`, `cooldownId`, `effects`, `containersCapacity`, `header`, `hookTypeId`, `iconId`, `iconOverlayId`, `iconUnderlayId`, `hookItemTypes`, `itemsCapacity`, `location`, `materialType`, `maxStackSize`, `maxStructure`, `radar`, `pscript`, `spellId`, `stackSize`, `structure`, `targetTypeId`, `usability`, `useRadius`, `validLocations`, `value`, `workmanship`, `animationFrameId`, `defaultScript`, `defaultScriptIntensity`, `elasticity`, `friction`, `locationId`, `modelTableId`, `objectScale`, `physicsBitField`, `physicsTableId`, `motionTableId`, `soundTableId`, `physicsState`, `translucency`)
VALUES (1881022492, 'Surface Portal', 65536, 0, 0, 0, 262164, 0, 0, 0, 0, 0, 0, 8388656, 0, 100667499, 0, 0, 0, 0, 0, 0, 0, 0, 4, 0, 0, 0, 0, 0, 32, -0.1, 0, 0, 0, 0, 0, 0, 0, 0, 0, 33554867, 0, 98307, 0, 150994947, 0, 3084, 0);

INSERT INTO `ace_object` (`baseAceObjectId`, `weenieClassId`, `landblock`, `cell`, `posX`, `posY`, `posZ`, `qW`, `qX`, `qY`, `qZ`)
VALUES (1881022492, 4178, 482, 302, 80.0077, -7.34016, -18.063, 1, 0, 0, 0);

INSERT INTO `base_ace_object` (`baseAceObjectId`, `name`, `typeId`, `paletteId`, `ammoType`, `blipColor`, `bitField`, `burden`, `combatUse`, `cooldownDuration`, `cooldownId`, `effects`, `containersCapacity`, `header`, `hookTypeId`, `iconId`, `iconOverlayId`, `iconUnderlayId`, `hookItemTypes`, `itemsCapacity`, `location`, `materialType`, `maxStackSize`, `maxStructure`, `radar`, `pscript`, `spellId`, `stackSize`, `structure`, `targetTypeId`, `usability`, `useRadius`, `validLocations`, `value`, `workmanship`, `animationFrameId`, `defaultScript`, `defaultScriptIntensity`, `elasticity`, `friction`, `locationId`, `modelTableId`, `objectScale`, `physicsBitField`, `physicsTableId`, `motionTableId`, `soundTableId`, `physicsState`, `translucency`)
VALUES (2095816937, 'House Portal', 65536, 0, 0, 0, 262164, 0, 0, 0, 0, 0, 0, 41943088, 0, 100667499, 0, 0, 0, 0, 0, 0, 0, 0, 4, 0, 0, 0, 0, 0, 32, 0.75, 0, 0, 0, 0, 0, 0, 0, 0, 0, 33554867, 0, 98307, 0, 150994947, 0, 3076, 0);

INSERT INTO `ace_object` (`baseAceObjectId`, `weenieClassId`, `landblock`, `cell`, `posX`, `posY`, `posZ`, `qW`, `qX`, `qY`, `qZ`)
VALUES (2095816937, 11730, 52922, 280, 38.013, 81.8522, 53.137, -0.717003, 0, 0, 0.6970701);

INSERT INTO `base_ace_object` (`baseAceObjectId`, `name`, `typeId`, `paletteId`, `ammoType`, `blipColor`, `bitField`, `burden`, `combatUse`, `cooldownDuration`, `cooldownId`, `effects`, `containersCapacity`, `header`, `hookTypeId`, `iconId`, `iconOverlayId`, `iconUnderlayId`, `hookItemTypes`, `itemsCapacity`, `location`, `materialType`, `maxStackSize`, `maxStructure`, `radar`, `pscript`, `spellId`, `stackSize`, `structure`, `targetTypeId`, `usability`, `useRadius`, `validLocations`, `value`, `workmanship`, `animationFrameId`, `defaultScript`, `defaultScriptIntensity`, `elasticity`, `friction`, `locationId`, `modelTableId`, `objectScale`, `physicsBitField`, `physicsTableId`, `motionTableId`, `soundTableId`, `physicsState`, `translucency`)
VALUES (2095816935, 'House Portal', 65536, 0, 0, 0, 262164, 0, 0, 0, 0, 0, 0, 41943088, 0, 100667499, 0, 0, 0, 0, 0, 0, 0, 0, 4, 0, 0, 0, 0, 0, 32, 0.75, 0, 0, 0, 0, 0, 0, 0, 0, 0, 33554867, 0, 98307, 0, 150994947, 0, 3076, 0);

INSERT INTO `ace_object` (`baseAceObjectId`, `weenieClassId`, `landblock`, `cell`, `posX`, `posY`, `posZ`, `qW`, `qX`, `qY`, `qZ`)
VALUES (2095816935, 11730, 52922, 311, 153.025, 34.1971, 89.137, -0.006996267, 0, 0, 0.9999755);

INSERT INTO `base_ace_object` (`baseAceObjectId`, `name`, `typeId`, `paletteId`, `ammoType`, `blipColor`, `bitField`, `burden`, `combatUse`, `cooldownDuration`, `cooldownId`, `effects`, `containersCapacity`, `header`, `hookTypeId`, `iconId`, `iconOverlayId`, `iconUnderlayId`, `hookItemTypes`, `itemsCapacity`, `location`, `materialType`, `maxStackSize`, `maxStructure`, `radar`, `pscript`, `spellId`, `stackSize`, `structure`, `targetTypeId`, `usability`, `useRadius`, `validLocations`, `value`, `workmanship`, `animationFrameId`, `defaultScript`, `defaultScriptIntensity`, `elasticity`, `friction`, `locationId`, `modelTableId`, `objectScale`, `physicsBitField`, `physicsTableId`, `motionTableId`, `soundTableId`, `physicsState`, `translucency`)
VALUES (2095816933, 'House Portal', 65536, 0, 0, 0, 262164, 0, 0, 0, 0, 0, 0, 8388656, 0, 100667499, 0, 0, 0, 0, 0, 0, 0, 0, 4, 0, 0, 0, 0, 0, 32, 0.75, 0, 0, 0, 0, 0, 0, 0, 0, 0, 33554867, 0, 98307, 0, 150994947, 0, 3076, 0);

INSERT INTO `ace_object` (`baseAceObjectId`, `weenieClassId`, `landblock`, `cell`, `posX`, `posY`, `posZ`, `qW`, `qX`, `qY`, `qZ`)
VALUES (2095816933, 11730, 52922, 342, 156.442, 146.007, 61.137, -0.0260019, 0, 0, -0.9996619);

INSERT INTO `base_ace_object` (`baseAceObjectId`, `name`, `typeId`, `paletteId`, `ammoType`, `blipColor`, `bitField`, `burden`, `combatUse`, `cooldownDuration`, `cooldownId`, `effects`, `containersCapacity`, `header`, `hookTypeId`, `iconId`, `iconOverlayId`, `iconUnderlayId`, `hookItemTypes`, `itemsCapacity`, `location`, `materialType`, `maxStackSize`, `maxStructure`, `radar`, `pscript`, `spellId`, `stackSize`, `structure`, `targetTypeId`, `usability`, `useRadius`, `validLocations`, `value`, `workmanship`, `animationFrameId`, `defaultScript`, `defaultScriptIntensity`, `elasticity`, `friction`, `locationId`, `modelTableId`, `objectScale`, `physicsBitField`, `physicsTableId`, `motionTableId`, `soundTableId`, `physicsState`, `translucency`)
VALUES (2019958784, 'Empyrean Cloister Portal', 65536, 0, 0, 0, 262164, 0, 0, 0, 0, 0, 0, 8388656, 0, 100667499, 0, 0, 0, 0, 0, 0, 0, 0, 4, 0, 0, 0, 0, 0, 32, -0.1, 0, 0, 0, 0, 0, 0, 0, 0, 0, 33555923, 0, 98307, 0, 150994947, 0, 3084, 0);

INSERT INTO `ace_object` (`baseAceObjectId`, `weenieClassId`, `landblock`, `cell`, `posX`, `posY`, `posZ`, `qW`, `qX`, `qY`, `qZ`)
VALUES (2019958784, 8833, 34402, 41, 132.142, 19.758, 22.94883, 0.7071068, 0, 0, -0.7071068);

INSERT INTO `base_ace_object` (`baseAceObjectId`, `name`, `typeId`, `paletteId`, `ammoType`, `blipColor`, `bitField`, `burden`, `combatUse`, `cooldownDuration`, `cooldownId`, `effects`, `containersCapacity`, `header`, `hookTypeId`, `iconId`, `iconOverlayId`, `iconUnderlayId`, `hookItemTypes`, `itemsCapacity`, `location`, `materialType`, `maxStackSize`, `maxStructure`, `radar`, `pscript`, `spellId`, `stackSize`, `structure`, `targetTypeId`, `usability`, `useRadius`, `validLocations`, `value`, `workmanship`, `animationFrameId`, `defaultScript`, `defaultScriptIntensity`, `elasticity`, `friction`, `locationId`, `modelTableId`, `objectScale`, `physicsBitField`, `physicsTableId`, `motionTableId`, `soundTableId`, `physicsState`, `translucency`)
VALUES (1881853994, 'Surface Portal', 65536, 0, 0, 0, 262164, 0, 0, 0, 0, 0, 0, 8388656, 0, 100667499, 0, 0, 0, 0, 0, 0, 0, 0, 4, 0, 0, 0, 0, 0, 32, -0.1, 0, 0, 0, 0, 0, 0, 0, 0, 0, 33554867, 0, 98307, 0, 150994947, 0, 3084, 0);

INSERT INTO `ace_object` (`baseAceObjectId`, `weenieClassId`, `landblock`, `cell`, `posX`, `posY`, `posZ`, `qW`, `qX`, `qY`, `qZ`)
VALUES (1881853994, 8844, 685, 519, 174.873, -559.965, -0.06299996, 0.707684, 0, 0, -0.7065291);

INSERT INTO `base_ace_object` (`baseAceObjectId`, `name`, `typeId`, `paletteId`, `ammoType`, `blipColor`, `bitField`, `burden`, `combatUse`, `cooldownDuration`, `cooldownId`, `effects`, `containersCapacity`, `header`, `hookTypeId`, `iconId`, `iconOverlayId`, `iconUnderlayId`, `hookItemTypes`, `itemsCapacity`, `location`, `materialType`, `maxStackSize`, `maxStructure`, `radar`, `pscript`, `spellId`, `stackSize`, `structure`, `targetTypeId`, `usability`, `useRadius`, `validLocations`, `value`, `workmanship`, `animationFrameId`, `defaultScript`, `defaultScriptIntensity`, `elasticity`, `friction`, `locationId`, `modelTableId`, `objectScale`, `physicsBitField`, `physicsTableId`, `motionTableId`, `soundTableId`, `physicsState`, `translucency`)
VALUES (1881853970, 'Surface Portal', 65536, 0, 0, 0, 262164, 0, 0, 0, 0, 0, 0, 8388656, 0, 100667499, 0, 0, 0, 0, 0, 0, 0, 0, 4, 0, 0, 0, 0, 0, 32, -0.1, 0, 0, 0, 0, 0, 0, 0, 0, 0, 33554867, 0, 98307, 0, 150994947, 0, 3084, 0);

INSERT INTO `ace_object` (`baseAceObjectId`, `weenieClassId`, `landblock`, `cell`, `posX`, `posY`, `posZ`, `qW`, `qX`, `qY`, `qZ`)
VALUES (1881853970, 8844, 685, 337, 40.6267, -70.421, -36.063, -0.7381761, 0, 0, 0.6746081);

INSERT INTO `base_ace_object` (`baseAceObjectId`, `name`, `typeId`, `paletteId`, `ammoType`, `blipColor`, `bitField`, `burden`, `combatUse`, `cooldownDuration`, `cooldownId`, `effects`, `containersCapacity`, `header`, `hookTypeId`, `iconId`, `iconOverlayId`, `iconUnderlayId`, `hookItemTypes`, `itemsCapacity`, `location`, `materialType`, `maxStackSize`, `maxStructure`, `radar`, `pscript`, `spellId`, `stackSize`, `structure`, `targetTypeId`, `usability`, `useRadius`, `validLocations`, `value`, `workmanship`, `animationFrameId`, `defaultScript`, `defaultScriptIntensity`, `elasticity`, `friction`, `locationId`, `modelTableId`, `objectScale`, `physicsBitField`, `physicsTableId`, `motionTableId`, `soundTableId`, `physicsState`, `translucency`)
VALUES (1881853975, 'Surface Portal', 65536, 0, 0, 0, 262164, 0, 0, 0, 0, 0, 0, 8388656, 0, 100667499, 0, 0, 0, 0, 0, 0, 0, 0, 4, 0, 0, 0, 0, 0, 32, -0.1, 0, 0, 0, 0, 0, 0, 0, 0, 0, 33554867, 0, 98307, 0, 150994947, 0, 3084, 0);

INSERT INTO `ace_object` (`baseAceObjectId`, `weenieClassId`, `landblock`, `cell`, `posX`, `posY`, `posZ`, `qW`, `qX`, `qY`, `qZ`)
VALUES (1881853975, 8844, 685, 353, 60, -10, -36.063, 0.6785569, 0, 0, 0.7345479);

INSERT INTO `base_ace_object` (`baseAceObjectId`, `name`, `typeId`, `paletteId`, `ammoType`, `blipColor`, `bitField`, `burden`, `combatUse`, `cooldownDuration`, `cooldownId`, `effects`, `containersCapacity`, `header`, `hookTypeId`, `iconId`, `iconOverlayId`, `iconUnderlayId`, `hookItemTypes`, `itemsCapacity`, `location`, `materialType`, `maxStackSize`, `maxStructure`, `radar`, `pscript`, `spellId`, `stackSize`, `structure`, `targetTypeId`, `usability`, `useRadius`, `validLocations`, `value`, `workmanship`, `animationFrameId`, `defaultScript`, `defaultScriptIntensity`, `elasticity`, `friction`, `locationId`, `modelTableId`, `objectScale`, `physicsBitField`, `physicsTableId`, `motionTableId`, `soundTableId`, `physicsState`, `translucency`)
VALUES (1881853957, 'Lower Empyrean Mausoleum Portal', 65536, 0, 0, 0, 262164, 0, 0, 0, 0, 0, 0, 8388656, 0, 100667499, 0, 0, 0, 0, 0, 0, 0, 0, 4, 0, 0, 0, 0, 0, 32, -0.1, 0, 0, 0, 0, 0, 0, 0, 0, 0, 33555923, 0, 98307, 0, 150994947, 0, 3084, 0);

INSERT INTO `ace_object` (`baseAceObjectId`, `weenieClassId`, `landblock`, `cell`, `posX`, `posY`, `posZ`, `qW`, `qX`, `qY`, `qZ`)
VALUES (1881853957, 8835, 685, 266, 92.3762, -97.5741, -48.063, 0.9275879, 0, 0, -0.373605);

INSERT INTO `base_ace_object` (`baseAceObjectId`, `name`, `typeId`, `paletteId`, `ammoType`, `blipColor`, `bitField`, `burden`, `combatUse`, `cooldownDuration`, `cooldownId`, `effects`, `containersCapacity`, `header`, `hookTypeId`, `iconId`, `iconOverlayId`, `iconUnderlayId`, `hookItemTypes`, `itemsCapacity`, `location`, `materialType`, `maxStackSize`, `maxStructure`, `radar`, `pscript`, `spellId`, `stackSize`, `structure`, `targetTypeId`, `usability`, `useRadius`, `validLocations`, `value`, `workmanship`, `animationFrameId`, `defaultScript`, `defaultScriptIntensity`, `elasticity`, `friction`, `locationId`, `modelTableId`, `objectScale`, `physicsBitField`, `physicsTableId`, `motionTableId`, `soundTableId`, `physicsState`, `translucency`)
VALUES (1881853959, 'Upper Empyrean Mausoleum Portal', 65536, 0, 0, 0, 262164, 0, 0, 0, 0, 0, 0, 8388656, 0, 100667499, 0, 0, 0, 0, 0, 0, 0, 0, 4, 0, 0, 0, 0, 0, 32, -0.1, 0, 0, 0, 0, 0, 0, 0, 0, 0, 33555923, 0, 98307, 0, 150994947, 0, 3084, 0);

INSERT INTO `ace_object` (`baseAceObjectId`, `weenieClassId`, `landblock`, `cell`, `posX`, `posY`, `posZ`, `qW`, `qX`, `qY`, `qZ`)
VALUES (1881853959, 8834, 685, 267, 92.1387, -111.455, -48.063, 0.3826829, 0, 0, -0.9238797);

INSERT INTO `base_ace_object` (`baseAceObjectId`, `name`, `typeId`, `paletteId`, `ammoType`, `blipColor`, `bitField`, `burden`, `combatUse`, `cooldownDuration`, `cooldownId`, `effects`, `containersCapacity`, `header`, `hookTypeId`, `iconId`, `iconOverlayId`, `iconUnderlayId`, `hookItemTypes`, `itemsCapacity`, `location`, `materialType`, `maxStackSize`, `maxStructure`, `radar`, `pscript`, `spellId`, `stackSize`, `structure`, `targetTypeId`, `usability`, `useRadius`, `validLocations`, `value`, `workmanship`, `animationFrameId`, `defaultScript`, `defaultScriptIntensity`, `elasticity`, `friction`, `locationId`, `modelTableId`, `objectScale`, `physicsBitField`, `physicsTableId`, `motionTableId`, `soundTableId`, `physicsState`, `translucency`)
VALUES (1881849976, 'Empyrean Cloister', 65536, 0, 0, 0, 262164, 0, 0, 0, 0, 0, 0, 8388656, 0, 100667499, 0, 0, 0, 0, 0, 0, 0, 0, 4, 0, 0, 0, 0, 0, 32, -0.1, 0, 0, 0, 0, 0, 0, 0, 0, 0, 33554867, 0, 98307, 0, 150994947, 0, 3084, 0);

INSERT INTO `ace_object` (`baseAceObjectId`, `weenieClassId`, `landblock`, `cell`, `posX`, `posY`, `posZ`, `qW`, `qX`, `qY`, `qZ`)
VALUES (1881849976, 8888, 684, 744, 628.86, -141.411, -0.06299996, 0.391775, 0, 0, 0.9200611);

INSERT INTO `base_ace_object` (`baseAceObjectId`, `name`, `typeId`, `paletteId`, `ammoType`, `blipColor`, `bitField`, `burden`, `combatUse`, `cooldownDuration`, `cooldownId`, `effects`, `containersCapacity`, `header`, `hookTypeId`, `iconId`, `iconOverlayId`, `iconUnderlayId`, `hookItemTypes`, `itemsCapacity`, `location`, `materialType`, `maxStackSize`, `maxStructure`, `radar`, `pscript`, `spellId`, `stackSize`, `structure`, `targetTypeId`, `usability`, `useRadius`, `validLocations`, `value`, `workmanship`, `animationFrameId`, `defaultScript`, `defaultScriptIntensity`, `elasticity`, `friction`, `locationId`, `modelTableId`, `objectScale`, `physicsBitField`, `physicsTableId`, `motionTableId`, `soundTableId`, `physicsState`, `translucency`)
VALUES (1881849979, 'Surface Portal', 65536, 0, 0, 0, 262164, 0, 0, 0, 0, 0, 0, 8388656, 0, 100667499, 0, 0, 0, 0, 0, 0, 0, 0, 4, 0, 0, 0, 0, 0, 32, -0.1, 0, 0, 0, 0, 0, 0, 0, 0, 0, 33554867, 0, 98307, 0, 150994947, 0, 3084, 0);

INSERT INTO `ace_object` (`baseAceObjectId`, `weenieClassId`, `landblock`, `cell`, `posX`, `posY`, `posZ`, `qW`, `qX`, `qY`, `qZ`)
VALUES (1881849979, 8844, 684, 754, 650.741, -140.598, -0.06299996, 0.4311771, 0, 0, -0.9022673);

INSERT INTO `base_ace_object` (`baseAceObjectId`, `name`, `typeId`, `paletteId`, `ammoType`, `blipColor`, `bitField`, `burden`, `combatUse`, `cooldownDuration`, `cooldownId`, `effects`, `containersCapacity`, `header`, `hookTypeId`, `iconId`, `iconOverlayId`, `iconUnderlayId`, `hookItemTypes`, `itemsCapacity`, `location`, `materialType`, `maxStackSize`, `maxStructure`, `radar`, `pscript`, `spellId`, `stackSize`, `structure`, `targetTypeId`, `usability`, `useRadius`, `validLocations`, `value`, `workmanship`, `animationFrameId`, `defaultScript`, `defaultScriptIntensity`, `elasticity`, `friction`, `locationId`, `modelTableId`, `objectScale`, `physicsBitField`, `physicsTableId`, `motionTableId`, `soundTableId`, `physicsState`, `translucency`)
VALUES (1881849913, 'Surface Portal', 65536, 0, 0, 0, 262164, 0, 0, 0, 0, 0, 0, 8388656, 0, 100667499, 0, 0, 0, 0, 0, 0, 0, 0, 4, 0, 0, 0, 0, 0, 32, -0.1, 0, 0, 0, 0, 0, 0, 0, 0, 0, 33554867, 0, 98307, 0, 150994947, 0, 3084, 0);

INSERT INTO `ace_object` (`baseAceObjectId`, `weenieClassId`, `landblock`, `cell`, `posX`, `posY`, `posZ`, `qW`, `qX`, `qY`, `qZ`)
VALUES (1881849913, 8846, 684, 480, 902.313, -192.357, -12.063, 0.9348872, 0, 0, 0.3549451);

INSERT INTO `base_ace_object` (`baseAceObjectId`, `name`, `typeId`, `paletteId`, `ammoType`, `blipColor`, `bitField`, `burden`, `combatUse`, `cooldownDuration`, `cooldownId`, `effects`, `containersCapacity`, `header`, `hookTypeId`, `iconId`, `iconOverlayId`, `iconUnderlayId`, `hookItemTypes`, `itemsCapacity`, `location`, `materialType`, `maxStackSize`, `maxStructure`, `radar`, `pscript`, `spellId`, `stackSize`, `structure`, `targetTypeId`, `usability`, `useRadius`, `validLocations`, `value`, `workmanship`, `animationFrameId`, `defaultScript`, `defaultScriptIntensity`, `elasticity`, `friction`, `locationId`, `modelTableId`, `objectScale`, `physicsBitField`, `physicsTableId`, `motionTableId`, `soundTableId`, `physicsState`, `translucency`)
VALUES (1881849970, 'Surface Portal', 65536, 0, 0, 0, 262164, 0, 0, 0, 0, 0, 0, 8388656, 0, 100667499, 0, 0, 0, 0, 0, 0, 0, 0, 4, 0, 0, 0, 0, 0, 32, -0.1, 0, 0, 0, 0, 0, 0, 0, 0, 0, 33554867, 0, 98307, 0, 150994947, 0, 3084, 0);

INSERT INTO `ace_object` (`baseAceObjectId`, `weenieClassId`, `landblock`, `cell`, `posX`, `posY`, `posZ`, `qW`, `qX`, `qY`, `qZ`)
VALUES (1881849970, 8844, 684, 733, 540.959, -139.729, -0.06299996, 0.436799, 0, 0, 0.8995591);

INSERT INTO `base_ace_object` (`baseAceObjectId`, `name`, `typeId`, `paletteId`, `ammoType`, `blipColor`, `bitField`, `burden`, `combatUse`, `cooldownDuration`, `cooldownId`, `effects`, `containersCapacity`, `header`, `hookTypeId`, `iconId`, `iconOverlayId`, `iconUnderlayId`, `hookItemTypes`, `itemsCapacity`, `location`, `materialType`, `maxStackSize`, `maxStructure`, `radar`, `pscript`, `spellId`, `stackSize`, `structure`, `targetTypeId`, `usability`, `useRadius`, `validLocations`, `value`, `workmanship`, `animationFrameId`, `defaultScript`, `defaultScriptIntensity`, `elasticity`, `friction`, `locationId`, `modelTableId`, `objectScale`, `physicsBitField`, `physicsTableId`, `motionTableId`, `soundTableId`, `physicsState`, `translucency`)
VALUES (1881849974, 'Empyrean Cloister', 65536, 0, 0, 0, 262164, 0, 0, 0, 0, 0, 0, 8388656, 0, 100667499, 0, 0, 0, 0, 0, 0, 0, 0, 4, 0, 0, 0, 0, 0, 32, -0.1, 0, 0, 0, 0, 0, 0, 0, 0, 0, 33554867, 0, 98307, 0, 150994947, 0, 3084, 0);

INSERT INTO `ace_object` (`baseAceObjectId`, `weenieClassId`, `landblock`, `cell`, `posX`, `posY`, `posZ`, `qW`, `qX`, `qY`, `qZ`)
VALUES (1881849974, 8888, 684, 742, 560.136, -140.422, -0.06299996, 0.421978, 0, 0, -0.9066061);

INSERT INTO `base_ace_object` (`baseAceObjectId`, `name`, `typeId`, `paletteId`, `ammoType`, `blipColor`, `bitField`, `burden`, `combatUse`, `cooldownDuration`, `cooldownId`, `effects`, `containersCapacity`, `header`, `hookTypeId`, `iconId`, `iconOverlayId`, `iconUnderlayId`, `hookItemTypes`, `itemsCapacity`, `location`, `materialType`, `maxStackSize`, `maxStructure`, `radar`, `pscript`, `spellId`, `stackSize`, `structure`, `targetTypeId`, `usability`, `useRadius`, `validLocations`, `value`, `workmanship`, `animationFrameId`, `defaultScript`, `defaultScriptIntensity`, `elasticity`, `friction`, `locationId`, `modelTableId`, `objectScale`, `physicsBitField`, `physicsTableId`, `motionTableId`, `soundTableId`, `physicsState`, `translucency`)
VALUES (1881849867, 'Surface Portal', 65536, 0, 0, 0, 262164, 0, 0, 0, 0, 0, 0, 8388656, 0, 100667499, 0, 0, 0, 0, 0, 0, 0, 0, 4, 0, 0, 0, 0, 0, 32, -0.1, 0, 0, 0, 0, 0, 0, 0, 0, 0, 33554867, 0, 98307, 0, 150994947, 0, 3084, 0);

INSERT INTO `ace_object` (`baseAceObjectId`, `weenieClassId`, `landblock`, `cell`, `posX`, `posY`, `posZ`, `qW`, `qX`, `qY`, `qZ`)
VALUES (1881849867, 8846, 684, 295, 51.8714, -277.566, -18.063, -0.4831111, 0, 0, -0.8755591);

INSERT INTO `base_ace_object` (`baseAceObjectId`, `name`, `typeId`, `paletteId`, `ammoType`, `blipColor`, `bitField`, `burden`, `combatUse`, `cooldownDuration`, `cooldownId`, `effects`, `containersCapacity`, `header`, `hookTypeId`, `iconId`, `iconOverlayId`, `iconUnderlayId`, `hookItemTypes`, `itemsCapacity`, `location`, `materialType`, `maxStackSize`, `maxStructure`, `radar`, `pscript`, `spellId`, `stackSize`, `structure`, `targetTypeId`, `usability`, `useRadius`, `validLocations`, `value`, `workmanship`, `animationFrameId`, `defaultScript`, `defaultScriptIntensity`, `elasticity`, `friction`, `locationId`, `modelTableId`, `objectScale`, `physicsBitField`, `physicsTableId`, `motionTableId`, `soundTableId`, `physicsState`, `translucency`)
VALUES (2013114369, 'Shade Stronghold Portal', 65536, 0, 0, 0, 262164, 0, 0, 0, 0, 0, 0, 8388656, 0, 100667499, 0, 0, 0, 0, 0, 0, 0, 0, 4, 0, 0, 0, 0, 0, 32, -0.1, 0, 0, 0, 0, 0, 0, 0, 0, 0, 33555926, 0, 98307, 0, 150994947, 0, 3084, 0);

INSERT INTO `ace_object` (`baseAceObjectId`, `weenieClassId`, `landblock`, `cell`, `posX`, `posY`, `posZ`, `qW`, `qX`, `qY`, `qZ`)
VALUES (2013114369, 8892, 32731, 11, 24.5, 63, 272.6453, 0.9238797, 0, 0, -0.3826829);

INSERT INTO `base_ace_object` (`baseAceObjectId`, `name`, `typeId`, `paletteId`, `ammoType`, `blipColor`, `bitField`, `burden`, `combatUse`, `cooldownDuration`, `cooldownId`, `effects`, `containersCapacity`, `header`, `hookTypeId`, `iconId`, `iconOverlayId`, `iconUnderlayId`, `hookItemTypes`, `itemsCapacity`, `location`, `materialType`, `maxStackSize`, `maxStructure`, `radar`, `pscript`, `spellId`, `stackSize`, `structure`, `targetTypeId`, `usability`, `useRadius`, `validLocations`, `value`, `workmanship`, `animationFrameId`, `defaultScript`, `defaultScriptIntensity`, `elasticity`, `friction`, `locationId`, `modelTableId`, `objectScale`, `physicsBitField`, `physicsTableId`, `motionTableId`, `soundTableId`, `physicsState`, `translucency`)
VALUES (2013114368, 'Upper Shade Stronghold Portal', 65536, 0, 0, 0, 262164, 0, 0, 0, 0, 0, 0, 8388656, 0, 100667499, 0, 0, 0, 0, 0, 0, 0, 0, 4, 0, 0, 0, 0, 0, 32, -0.1, 0, 0, 0, 0, 0, 0, 0, 0, 0, 33555923, 0, 98307, 0, 150994947, 0, 3084, 0);

INSERT INTO `ace_object` (`baseAceObjectId`, `weenieClassId`, `landblock`, `cell`, `posX`, `posY`, `posZ`, `qW`, `qX`, `qY`, `qZ`)
VALUES (2013114368, 8847, 32731, 3, 20.2075, 58.3812, 273.704, 0.9255968, 0, 0, -0.3785109);

INSERT INTO `base_ace_object` (`baseAceObjectId`, `name`, `typeId`, `paletteId`, `ammoType`, `blipColor`, `bitField`, `burden`, `combatUse`, `cooldownDuration`, `cooldownId`, `effects`, `containersCapacity`, `header`, `hookTypeId`, `iconId`, `iconOverlayId`, `iconUnderlayId`, `hookItemTypes`, `itemsCapacity`, `location`, `materialType`, `maxStackSize`, `maxStructure`, `radar`, `pscript`, `spellId`, `stackSize`, `structure`, `targetTypeId`, `usability`, `useRadius`, `validLocations`, `value`, `workmanship`, `animationFrameId`, `defaultScript`, `defaultScriptIntensity`, `elasticity`, `friction`, `locationId`, `modelTableId`, `objectScale`, `physicsBitField`, `physicsTableId`, `motionTableId`, `soundTableId`, `physicsState`, `translucency`)
VALUES (1881870380, 'Surface Portal', 65536, 0, 0, 0, 262164, 0, 0, 0, 0, 0, 0, 8388656, 0, 100667499, 0, 0, 0, 0, 0, 0, 0, 0, 4, 0, 0, 0, 0, 0, 32, -0.1, 0, 0, 0, 0, 0, 0, 0, 0, 0, 33554867, 0, 98307, 0, 150994947, 0, 3084, 0);

INSERT INTO `ace_object` (`baseAceObjectId`, `weenieClassId`, `landblock`, `cell`, `posX`, `posY`, `posZ`, `qW`, `qX`, `qY`, `qZ`)
VALUES (1881870380, 8848, 689, 600, 50, -510, -0.06299996, 1, 0, 0, 0);

INSERT INTO `base_ace_object` (`baseAceObjectId`, `name`, `typeId`, `paletteId`, `ammoType`, `blipColor`, `bitField`, `burden`, `combatUse`, `cooldownDuration`, `cooldownId`, `effects`, `containersCapacity`, `header`, `hookTypeId`, `iconId`, `iconOverlayId`, `iconUnderlayId`, `hookItemTypes`, `itemsCapacity`, `location`, `materialType`, `maxStackSize`, `maxStructure`, `radar`, `pscript`, `spellId`, `stackSize`, `structure`, `targetTypeId`, `usability`, `useRadius`, `validLocations`, `value`, `workmanship`, `animationFrameId`, `defaultScript`, `defaultScriptIntensity`, `elasticity`, `friction`, `locationId`, `modelTableId`, `objectScale`, `physicsBitField`, `physicsTableId`, `motionTableId`, `soundTableId`, `physicsState`, `translucency`)
VALUES (1881870342, 'Upper Heart of Darkness Portal', 65536, 0, 0, 0, 262164, 0, 0, 0, 0, 0, 0, 8388656, 0, 100667499, 0, 0, 0, 0, 0, 0, 0, 0, 4, 0, 0, 0, 0, 0, 32, -0.1, 0, 0, 0, 0, 0, 0, 0, 0, 0, 33555923, 0, 98307, 0, 150994947, 0, 3084, 0);

INSERT INTO `ace_object` (`baseAceObjectId`, `weenieClassId`, `landblock`, `cell`, `posX`, `posY`, `posZ`, `qW`, `qX`, `qY`, `qZ`)
VALUES (1881870342, 8837, 689, 298, 110, -100, -24.063, 1, 0, 0, 0);

INSERT INTO `base_ace_object` (`baseAceObjectId`, `name`, `typeId`, `paletteId`, `ammoType`, `blipColor`, `bitField`, `burden`, `combatUse`, `cooldownDuration`, `cooldownId`, `effects`, `containersCapacity`, `header`, `hookTypeId`, `iconId`, `iconOverlayId`, `iconUnderlayId`, `hookItemTypes`, `itemsCapacity`, `location`, `materialType`, `maxStackSize`, `maxStructure`, `radar`, `pscript`, `spellId`, `stackSize`, `structure`, `targetTypeId`, `usability`, `useRadius`, `validLocations`, `value`, `workmanship`, `animationFrameId`, `defaultScript`, `defaultScriptIntensity`, `elasticity`, `friction`, `locationId`, `modelTableId`, `objectScale`, `physicsBitField`, `physicsTableId`, `motionTableId`, `soundTableId`, `physicsState`, `translucency`)
VALUES (1881874519, 'Surface Portal', 65536, 0, 0, 0, 262164, 0, 0, 0, 0, 0, 0, 8388656, 0, 100667499, 0, 0, 0, 0, 0, 0, 0, 0, 4, 0, 0, 0, 0, 0, 32, -0.1, 0, 0, 0, 0, 0, 0, 0, 0, 0, 33554867, 0, 98307, 0, 150994947, 0, 3084, 0);

INSERT INTO `ace_object` (`baseAceObjectId`, `weenieClassId`, `landblock`, `cell`, `posX`, `posY`, `posZ`, `qW`, `qX`, `qY`, `qZ`)
VALUES (1881874519, 8850, 690, 602, 210, -180, 11.937, 1, 0, 0, 0);

INSERT INTO `base_ace_object` (`baseAceObjectId`, `name`, `typeId`, `paletteId`, `ammoType`, `blipColor`, `bitField`, `burden`, `combatUse`, `cooldownDuration`, `cooldownId`, `effects`, `containersCapacity`, `header`, `hookTypeId`, `iconId`, `iconOverlayId`, `iconUnderlayId`, `hookItemTypes`, `itemsCapacity`, `location`, `materialType`, `maxStackSize`, `maxStructure`, `radar`, `pscript`, `spellId`, `stackSize`, `structure`, `targetTypeId`, `usability`, `useRadius`, `validLocations`, `value`, `workmanship`, `animationFrameId`, `defaultScript`, `defaultScriptIntensity`, `elasticity`, `friction`, `locationId`, `modelTableId`, `objectScale`, `physicsBitField`, `physicsTableId`, `motionTableId`, `soundTableId`, `physicsState`, `translucency`)
VALUES (1881874520, 'Upper Shade Stronghold', 65536, 0, 0, 0, 262164, 0, 0, 0, 0, 0, 0, 8388656, 0, 100667499, 0, 0, 0, 0, 0, 0, 0, 0, 4, 0, 0, 0, 0, 0, 32, -0.1, 0, 0, 0, 0, 0, 0, 0, 0, 0, 33554867, 0, 98307, 0, 150994947, 0, 3084, 0);

INSERT INTO `ace_object` (`baseAceObjectId`, `weenieClassId`, `landblock`, `cell`, `posX`, `posY`, `posZ`, `qW`, `qX`, `qY`, `qZ`)
VALUES (1881874520, 8885, 690, 604, 210, -200, 11.937, 1, 0, 0, -4.37114E-08);

INSERT INTO `base_ace_object` (`baseAceObjectId`, `name`, `typeId`, `paletteId`, `ammoType`, `blipColor`, `bitField`, `burden`, `combatUse`, `cooldownDuration`, `cooldownId`, `effects`, `containersCapacity`, `header`, `hookTypeId`, `iconId`, `iconOverlayId`, `iconUnderlayId`, `hookItemTypes`, `itemsCapacity`, `location`, `materialType`, `maxStackSize`, `maxStructure`, `radar`, `pscript`, `spellId`, `stackSize`, `structure`, `targetTypeId`, `usability`, `useRadius`, `validLocations`, `value`, `workmanship`, `animationFrameId`, `defaultScript`, `defaultScriptIntensity`, `elasticity`, `friction`, `locationId`, `modelTableId`, `objectScale`, `physicsBitField`, `physicsTableId`, `motionTableId`, `soundTableId`, `physicsState`, `translucency`)
VALUES (1881874487, 'Surface Portal', 65536, 0, 0, 0, 262164, 0, 0, 0, 0, 0, 0, 8388656, 0, 100667499, 0, 0, 0, 0, 0, 0, 0, 0, 4, 0, 0, 0, 0, 0, 32, -0.1, 0, 0, 0, 0, 0, 0, 0, 0, 0, 33554867, 0, 98307, 0, 150994947, 0, 3084, 0);

INSERT INTO `ace_object` (`baseAceObjectId`, `weenieClassId`, `landblock`, `cell`, `posX`, `posY`, `posZ`, `qW`, `qX`, `qY`, `qZ`)
VALUES (1881874487, 8850, 690, 490, 150, -200, 5.937, 1, 0, 0, 0);

INSERT INTO `base_ace_object` (`baseAceObjectId`, `name`, `typeId`, `paletteId`, `ammoType`, `blipColor`, `bitField`, `burden`, `combatUse`, `cooldownDuration`, `cooldownId`, `effects`, `containersCapacity`, `header`, `hookTypeId`, `iconId`, `iconOverlayId`, `iconUnderlayId`, `hookItemTypes`, `itemsCapacity`, `location`, `materialType`, `maxStackSize`, `maxStructure`, `radar`, `pscript`, `spellId`, `stackSize`, `structure`, `targetTypeId`, `usability`, `useRadius`, `validLocations`, `value`, `workmanship`, `animationFrameId`, `defaultScript`, `defaultScriptIntensity`, `elasticity`, `friction`, `locationId`, `modelTableId`, `objectScale`, `physicsBitField`, `physicsTableId`, `motionTableId`, `soundTableId`, `physicsState`, `translucency`)
VALUES (1881874488, 'Lower Shade Stronghold', 65536, 0, 0, 0, 262164, 0, 0, 0, 0, 0, 0, 8388656, 0, 100667499, 0, 0, 0, 0, 0, 0, 0, 0, 4, 0, 0, 0, 0, 0, 32, -0.1, 0, 0, 0, 0, 0, 0, 0, 0, 0, 33554867, 0, 98307, 0, 150994947, 0, 3084, 0);

INSERT INTO `ace_object` (`baseAceObjectId`, `weenieClassId`, `landblock`, `cell`, `posX`, `posY`, `posZ`, `qW`, `qX`, `qY`, `qZ`)
VALUES (1881874488, 8886, 690, 492, 150, -220, 5.937, 1, 0, 0, -4.37114E-08);

INSERT INTO `base_ace_object` (`baseAceObjectId`, `name`, `typeId`, `paletteId`, `ammoType`, `blipColor`, `bitField`, `burden`, `combatUse`, `cooldownDuration`, `cooldownId`, `effects`, `containersCapacity`, `header`, `hookTypeId`, `iconId`, `iconOverlayId`, `iconUnderlayId`, `hookItemTypes`, `itemsCapacity`, `location`, `materialType`, `maxStackSize`, `maxStructure`, `radar`, `pscript`, `spellId`, `stackSize`, `structure`, `targetTypeId`, `usability`, `useRadius`, `validLocations`, `value`, `workmanship`, `animationFrameId`, `defaultScript`, `defaultScriptIntensity`, `elasticity`, `friction`, `locationId`, `modelTableId`, `objectScale`, `physicsBitField`, `physicsTableId`, `motionTableId`, `soundTableId`, `physicsState`, `translucency`)
VALUES (1881874530, 'Surface Portal', 65536, 0, 0, 0, 262164, 0, 0, 0, 0, 0, 0, 8388656, 0, 100667499, 0, 0, 0, 0, 0, 0, 0, 0, 4, 0, 0, 0, 0, 0, 32, -0.1, 0, 0, 0, 0, 0, 0, 0, 0, 0, 33554867, 0, 98307, 0, 150994947, 0, 3084, 0);

INSERT INTO `ace_object` (`baseAceObjectId`, `weenieClassId`, `landblock`, `cell`, `posX`, `posY`, `posZ`, `qW`, `qX`, `qY`, `qZ`)
VALUES (1881874530, 8848, 690, 695, 250, -248, 35.937, 1, 0, 0, 0);

INSERT INTO `base_ace_object` (`baseAceObjectId`, `name`, `typeId`, `paletteId`, `ammoType`, `blipColor`, `bitField`, `burden`, `combatUse`, `cooldownDuration`, `cooldownId`, `effects`, `containersCapacity`, `header`, `hookTypeId`, `iconId`, `iconOverlayId`, `iconUnderlayId`, `hookItemTypes`, `itemsCapacity`, `location`, `materialType`, `maxStackSize`, `maxStructure`, `radar`, `pscript`, `spellId`, `stackSize`, `structure`, `targetTypeId`, `usability`, `useRadius`, `validLocations`, `value`, `workmanship`, `animationFrameId`, `defaultScript`, `defaultScriptIntensity`, `elasticity`, `friction`, `locationId`, `modelTableId`, `objectScale`, `physicsBitField`, `physicsTableId`, `motionTableId`, `soundTableId`, `physicsState`, `translucency`)
VALUES (1881870389, 'Surface Portal', 65536, 0, 0, 0, 262164, 0, 0, 0, 0, 0, 0, 8388656, 0, 100667499, 0, 0, 0, 0, 0, 0, 0, 0, 4, 0, 0, 0, 0, 0, 32, -0.1, 0, 0, 0, 0, 0, 0, 0, 0, 0, 33554867, 0, 98307, 0, 150994947, 0, 3084, 0);

INSERT INTO `ace_object` (`baseAceObjectId`, `weenieClassId`, `landblock`, `cell`, `posX`, `posY`, `posZ`, `qW`, `qX`, `qY`, `qZ`)
VALUES (1881870389, 8848, 689, 643, 130, -510, -0.06299996, 1, 0, 0, 0);

INSERT INTO `base_ace_object` (`baseAceObjectId`, `name`, `typeId`, `paletteId`, `ammoType`, `blipColor`, `bitField`, `burden`, `combatUse`, `cooldownDuration`, `cooldownId`, `effects`, `containersCapacity`, `header`, `hookTypeId`, `iconId`, `iconOverlayId`, `iconUnderlayId`, `hookItemTypes`, `itemsCapacity`, `location`, `materialType`, `maxStackSize`, `maxStructure`, `radar`, `pscript`, `spellId`, `stackSize`, `structure`, `targetTypeId`, `usability`, `useRadius`, `validLocations`, `value`, `workmanship`, `animationFrameId`, `defaultScript`, `defaultScriptIntensity`, `elasticity`, `friction`, `locationId`, `modelTableId`, `objectScale`, `physicsBitField`, `physicsTableId`, `motionTableId`, `soundTableId`, `physicsState`, `translucency`)
VALUES (1881870337, 'Lower Heart of Darkness Portal', 65536, 0, 0, 0, 262164, 0, 0, 0, 0, 0, 0, 8388656, 0, 100667499, 0, 0, 0, 0, 0, 0, 0, 0, 4, 0, 0, 0, 0, 0, 32, -0.1, 0, 0, 0, 0, 0, 0, 0, 0, 0, 33555926, 0, 98307, 0, 150994947, 0, 3084, 0);

INSERT INTO `ace_object` (`baseAceObjectId`, `weenieClassId`, `landblock`, `cell`, `posX`, `posY`, `posZ`, `qW`, `qX`, `qY`, `qZ`)
VALUES (1881870337, 8838, 689, 260, 230, 1.5, -42.063, 1, 0, 0, 0);

INSERT INTO `base_ace_object` (`baseAceObjectId`, `name`, `typeId`, `paletteId`, `ammoType`, `blipColor`, `bitField`, `burden`, `combatUse`, `cooldownDuration`, `cooldownId`, `effects`, `containersCapacity`, `header`, `hookTypeId`, `iconId`, `iconOverlayId`, `iconUnderlayId`, `hookItemTypes`, `itemsCapacity`, `location`, `materialType`, `maxStackSize`, `maxStructure`, `radar`, `pscript`, `spellId`, `stackSize`, `structure`, `targetTypeId`, `usability`, `useRadius`, `validLocations`, `value`, `workmanship`, `animationFrameId`, `defaultScript`, `defaultScriptIntensity`, `elasticity`, `friction`, `locationId`, `modelTableId`, `objectScale`, `physicsBitField`, `physicsTableId`, `motionTableId`, `soundTableId`, `physicsState`, `translucency`)
VALUES (1881874438, 'Surface Portal', 65536, 0, 0, 0, 262164, 0, 0, 0, 0, 0, 0, 8388656, 0, 100667499, 0, 0, 0, 0, 0, 0, 0, 0, 4, 0, 0, 0, 0, 0, 32, -0.1, 0, 0, 0, 0, 0, 0, 0, 0, 0, 33554867, 0, 98307, 0, 150994947, 0, 3084, 0);

INSERT INTO `ace_object` (`baseAceObjectId`, `weenieClassId`, `landblock`, `cell`, `posX`, `posY`, `posZ`, `qW`, `qX`, `qY`, `qZ`)
VALUES (1881874438, 8848, 690, 272, 30, -4.2, -24.063, 1, 0, 0, 0);

INSERT INTO `base_ace_object` (`baseAceObjectId`, `name`, `typeId`, `paletteId`, `ammoType`, `blipColor`, `bitField`, `burden`, `combatUse`, `cooldownDuration`, `cooldownId`, `effects`, `containersCapacity`, `header`, `hookTypeId`, `iconId`, `iconOverlayId`, `iconUnderlayId`, `hookItemTypes`, `itemsCapacity`, `location`, `materialType`, `maxStackSize`, `maxStructure`, `radar`, `pscript`, `spellId`, `stackSize`, `structure`, `targetTypeId`, `usability`, `useRadius`, `validLocations`, `value`, `workmanship`, `animationFrameId`, `defaultScript`, `defaultScriptIntensity`, `elasticity`, `friction`, `locationId`, `modelTableId`, `objectScale`, `physicsBitField`, `physicsTableId`, `motionTableId`, `soundTableId`, `physicsState`, `translucency`)
VALUES (1880018994, 'Surface', 65536, 0, 0, 0, 262164, 0, 0, 0, 0, 0, 0, 8388656, 0, 100667499, 0, 0, 0, 0, 0, 0, 0, 0, 4, 0, 0, 0, 0, 0, 32, -0.1, 0, 0, 0, 0, 0, 0, 0, 0, 0, 33554867, 0, 98307, 0, 150994947, 0, 3084, 0);

INSERT INTO `ace_object` (`baseAceObjectId`, `weenieClassId`, `landblock`, `cell`, `posX`, `posY`, `posZ`, `qW`, `qX`, `qY`, `qZ`)
VALUES (1880018994, 36218, 237, 849, 180, -344, -0.06299996, 1, 0, 0, 0);

INSERT INTO `base_ace_object` (`baseAceObjectId`, `name`, `typeId`, `paletteId`, `ammoType`, `blipColor`, `bitField`, `burden`, `combatUse`, `cooldownDuration`, `cooldownId`, `effects`, `containersCapacity`, `header`, `hookTypeId`, `iconId`, `iconOverlayId`, `iconUnderlayId`, `hookItemTypes`, `itemsCapacity`, `location`, `materialType`, `maxStackSize`, `maxStructure`, `radar`, `pscript`, `spellId`, `stackSize`, `structure`, `targetTypeId`, `usability`, `useRadius`, `validLocations`, `value`, `workmanship`, `animationFrameId`, `defaultScript`, `defaultScriptIntensity`, `elasticity`, `friction`, `locationId`, `modelTableId`, `objectScale`, `physicsBitField`, `physicsTableId`, `motionTableId`, `soundTableId`, `physicsState`, `translucency`)
VALUES (1905840128, 'Prismatic Guardian Lair', 65536, 0, 0, 0, 262164, 0, 0, 0, 0, 0, 0, 8388656, 0, 100667499, 0, 0, 0, 0, 0, 0, 0, 0, 4, 0, 0, 0, 0, 0, 32, -0.1, 0, 0, 0, 0, 0, 0, 0, 0, 0, 33555924, 0, 98307, 0, 150994947, 0, 3084, 0);

INSERT INTO `ace_object` (`baseAceObjectId`, `weenieClassId`, `landblock`, `cell`, `posX`, `posY`, `posZ`, `qW`, `qX`, `qY`, `qZ`)
VALUES (1905840128, 46922, 6541, 57, 184.535, 12.6672, 249.937, 0.855397, 0, 0, 0.517973);

INSERT INTO `base_ace_object` (`baseAceObjectId`, `name`, `typeId`, `paletteId`, `ammoType`, `blipColor`, `bitField`, `burden`, `combatUse`, `cooldownDuration`, `cooldownId`, `effects`, `containersCapacity`, `header`, `hookTypeId`, `iconId`, `iconOverlayId`, `iconUnderlayId`, `hookItemTypes`, `itemsCapacity`, `location`, `materialType`, `maxStackSize`, `maxStructure`, `radar`, `pscript`, `spellId`, `stackSize`, `structure`, `targetTypeId`, `usability`, `useRadius`, `validLocations`, `value`, `workmanship`, `animationFrameId`, `defaultScript`, `defaultScriptIntensity`, `elasticity`, `friction`, `locationId`, `modelTableId`, `objectScale`, `physicsBitField`, `physicsTableId`, `motionTableId`, `soundTableId`, `physicsState`, `translucency`)
VALUES (1969618978, 'Martine''s Retreat', 65536, 0, 0, 0, 262164, 0, 0, 0, 0, 0, 0, 8388656, 0, 100667499, 0, 0, 0, 0, 0, 0, 0, 0, 4, 0, 0, 0, 0, 0, 32, -0.1, 0, 0, 0, 0, 0, 0, 0, 0, 0, 33554867, 0, 98307, 0, 150994947, 0, 3084, 0);

INSERT INTO `ace_object` (`baseAceObjectId`, `weenieClassId`, `landblock`, `cell`, `posX`, `posY`, `posZ`, `qW`, `qX`, `qY`, `qZ`)
VALUES (1969618978, 20919, 22112, 332, 39.9733, -66.8593, -0.06299996, 1, 0, 0, 0);

INSERT INTO `base_ace_object` (`baseAceObjectId`, `name`, `typeId`, `paletteId`, `ammoType`, `blipColor`, `bitField`, `burden`, `combatUse`, `cooldownDuration`, `cooldownId`, `effects`, `containersCapacity`, `header`, `hookTypeId`, `iconId`, `iconOverlayId`, `iconUnderlayId`, `hookItemTypes`, `itemsCapacity`, `location`, `materialType`, `maxStackSize`, `maxStructure`, `radar`, `pscript`, `spellId`, `stackSize`, `structure`, `targetTypeId`, `usability`, `useRadius`, `validLocations`, `value`, `workmanship`, `animationFrameId`, `defaultScript`, `defaultScriptIntensity`, `elasticity`, `friction`, `locationId`, `modelTableId`, `objectScale`, `physicsBitField`, `physicsTableId`, `motionTableId`, `soundTableId`, `physicsState`, `translucency`)
VALUES (1969618975, 'Martine''s Throne Room', 65536, 0, 0, 0, 262164, 0, 0, 0, 0, 0, 0, 8388656, 0, 100667499, 0, 0, 0, 0, 0, 0, 0, 0, 4, 0, 0, 0, 0, 0, 32, -0.1, 0, 0, 0, 0, 0, 0, 0, 0, 0, 33554867, 0, 98307, 0, 150994947, 0, 3084, 0);

INSERT INTO `ace_object` (`baseAceObjectId`, `weenieClassId`, `landblock`, `cell`, `posX`, `posY`, `posZ`, `qW`, `qX`, `qY`, `qZ`)
VALUES (1969618975, 20922, 22112, 278, -2, -70, -12.063, -0.7071068, 0, 0, -0.7071068);

INSERT INTO `base_ace_object` (`baseAceObjectId`, `name`, `typeId`, `paletteId`, `ammoType`, `blipColor`, `bitField`, `burden`, `combatUse`, `cooldownDuration`, `cooldownId`, `effects`, `containersCapacity`, `header`, `hookTypeId`, `iconId`, `iconOverlayId`, `iconUnderlayId`, `hookItemTypes`, `itemsCapacity`, `location`, `materialType`, `maxStackSize`, `maxStructure`, `radar`, `pscript`, `spellId`, `stackSize`, `structure`, `targetTypeId`, `usability`, `useRadius`, `validLocations`, `value`, `workmanship`, `animationFrameId`, `defaultScript`, `defaultScriptIntensity`, `elasticity`, `friction`, `locationId`, `modelTableId`, `objectScale`, `physicsBitField`, `physicsTableId`, `motionTableId`, `soundTableId`, `physicsState`, `translucency`)
VALUES (1914134576, 'Mysterious Portal', 65536, 0, 0, 0, 262164, 0, 0, 0, 0, 0, 0, 8388656, 0, 100667499, 0, 0, 0, 0, 0, 0, 0, 0, 4, 0, 0, 0, 0, 0, 32, -0.1, 0, 0, 0, 0, 0, 0, 0, 0, 0, 33555925, 0, 98307, 0, 150994947, 0, 3084, 0);

INSERT INTO `ace_object` (`baseAceObjectId`, `weenieClassId`, `landblock`, `cell`, `posX`, `posY`, `posZ`, `qW`, `qX`, `qY`, `qZ`)
VALUES (1914134576, 43201, 8566, 272, 30.684, 157.605, 90.33701, 0.3826829, 0, 0, -0.9238797);

INSERT INTO `base_ace_object` (`baseAceObjectId`, `name`, `typeId`, `paletteId`, `ammoType`, `blipColor`, `bitField`, `burden`, `combatUse`, `cooldownDuration`, `cooldownId`, `effects`, `containersCapacity`, `header`, `hookTypeId`, `iconId`, `iconOverlayId`, `iconUnderlayId`, `hookItemTypes`, `itemsCapacity`, `location`, `materialType`, `maxStackSize`, `maxStructure`, `radar`, `pscript`, `spellId`, `stackSize`, `structure`, `targetTypeId`, `usability`, `useRadius`, `validLocations`, `value`, `workmanship`, `animationFrameId`, `defaultScript`, `defaultScriptIntensity`, `elasticity`, `friction`, `locationId`, `modelTableId`, `objectScale`, `physicsBitField`, `physicsTableId`, `motionTableId`, `soundTableId`, `physicsState`, `translucency`)
VALUES (2024812567, 'Surface', 65536, 0, 0, 0, 262164, 0, 0, 0, 0, 0, 0, 8388656, 0, 100667499, 0, 0, 0, 0, 0, 0, 0, 0, 4, 0, 0, 0, 0, 0, 32, -0.1, 0, 0, 0, 0, 0, 0, 0, 0, 0, 33554867, 0, 98307, 0, 150994947, 0, 3084, 0);

INSERT INTO `ace_object` (`baseAceObjectId`, `weenieClassId`, `landblock`, `cell`, `posX`, `posY`, `posZ`, `qW`, `qX`, `qY`, `qZ`)
VALUES (2024812567, 43202, 35587, 400, 69.881, -95.607, -78.063, -4.37114E-08, 0, 0, -1);

INSERT INTO `base_ace_object` (`baseAceObjectId`, `name`, `typeId`, `paletteId`, `ammoType`, `blipColor`, `bitField`, `burden`, `combatUse`, `cooldownDuration`, `cooldownId`, `effects`, `containersCapacity`, `header`, `hookTypeId`, `iconId`, `iconOverlayId`, `iconUnderlayId`, `hookItemTypes`, `itemsCapacity`, `location`, `materialType`, `maxStackSize`, `maxStructure`, `radar`, `pscript`, `spellId`, `stackSize`, `structure`, `targetTypeId`, `usability`, `useRadius`, `validLocations`, `value`, `workmanship`, `animationFrameId`, `defaultScript`, `defaultScriptIntensity`, `elasticity`, `friction`, `locationId`, `modelTableId`, `objectScale`, `physicsBitField`, `physicsTableId`, `motionTableId`, `soundTableId`, `physicsState`, `translucency`)
VALUES (2024812685, 'Surface', 65536, 0, 0, 0, 262164, 0, 0, 0, 0, 0, 0, 8388656, 0, 100667499, 0, 0, 0, 0, 0, 0, 0, 0, 4, 0, 0, 0, 0, 0, 32, -0.1, 0, 0, 0, 0, 0, 0, 0, 0, 0, 33554867, 0, 98307, 0, 150994947, 0, 3084, 0);

INSERT INTO `ace_object` (`baseAceObjectId`, `weenieClassId`, `landblock`, `cell`, `posX`, `posY`, `posZ`, `qW`, `qX`, `qY`, `qZ`)
VALUES (2024812685, 43202, 35587, 1144, 219.965, -135.897, -0.06299996, -0.010146, 0, 0, 0.9999485);

INSERT INTO `base_ace_object` (`baseAceObjectId`, `name`, `typeId`, `paletteId`, `ammoType`, `blipColor`, `bitField`, `burden`, `combatUse`, `cooldownDuration`, `cooldownId`, `effects`, `containersCapacity`, `header`, `hookTypeId`, `iconId`, `iconOverlayId`, `iconUnderlayId`, `hookItemTypes`, `itemsCapacity`, `location`, `materialType`, `maxStackSize`, `maxStructure`, `radar`, `pscript`, `spellId`, `stackSize`, `structure`, `targetTypeId`, `usability`, `useRadius`, `validLocations`, `value`, `workmanship`, `animationFrameId`, `defaultScript`, `defaultScriptIntensity`, `elasticity`, `friction`, `locationId`, `modelTableId`, `objectScale`, `physicsBitField`, `physicsTableId`, `motionTableId`, `soundTableId`, `physicsState`, `translucency`)
VALUES (2024812672, 'Surface', 65536, 0, 0, 0, 262164, 0, 0, 0, 0, 0, 0, 8388656, 0, 100667499, 0, 0, 0, 0, 0, 0, 0, 0, 4, 0, 0, 0, 0, 0, 32, -0.1, 0, 0, 0, 0, 0, 0, 0, 0, 0, 33554867, 0, 98307, 0, 150994947, 0, 3084, 0);

INSERT INTO `ace_object` (`baseAceObjectId`, `weenieClassId`, `landblock`, `cell`, `posX`, `posY`, `posZ`, `qW`, `qX`, `qY`, `qZ`)
VALUES (2024812672, 43202, 35587, 1024, 110.003, -157.443, -18.063, 1, 0, 0, -4.37114E-08);

INSERT INTO `base_ace_object` (`baseAceObjectId`, `name`, `typeId`, `paletteId`, `ammoType`, `blipColor`, `bitField`, `burden`, `combatUse`, `cooldownDuration`, `cooldownId`, `effects`, `containersCapacity`, `header`, `hookTypeId`, `iconId`, `iconOverlayId`, `iconUnderlayId`, `hookItemTypes`, `itemsCapacity`, `location`, `materialType`, `maxStackSize`, `maxStructure`, `radar`, `pscript`, `spellId`, `stackSize`, `structure`, `targetTypeId`, `usability`, `useRadius`, `validLocations`, `value`, `workmanship`, `animationFrameId`, `defaultScript`, `defaultScriptIntensity`, `elasticity`, `friction`, `locationId`, `modelTableId`, `objectScale`, `physicsBitField`, `physicsTableId`, `motionTableId`, `soundTableId`, `physicsState`, `translucency`)
VALUES (2024812634, 'Surface', 65536, 0, 0, 0, 262164, 0, 0, 0, 0, 0, 0, 8388656, 0, 100667499, 0, 0, 0, 0, 0, 0, 0, 0, 4, 0, 0, 0, 0, 0, 32, -0.1, 0, 0, 0, 0, 0, 0, 0, 0, 0, 33554867, 0, 98307, 0, 150994947, 0, 3084, 0);

INSERT INTO `ace_object` (`baseAceObjectId`, `weenieClassId`, `landblock`, `cell`, `posX`, `posY`, `posZ`, `qW`, `qX`, `qY`, `qZ`)
VALUES (2024812634, 43202, 35587, 819, 250, -106.305, -48.063, 1, 0, 0, -4.37114E-08);

INSERT INTO `base_ace_object` (`baseAceObjectId`, `name`, `typeId`, `paletteId`, `ammoType`, `blipColor`, `bitField`, `burden`, `combatUse`, `cooldownDuration`, `cooldownId`, `effects`, `containersCapacity`, `header`, `hookTypeId`, `iconId`, `iconOverlayId`, `iconUnderlayId`, `hookItemTypes`, `itemsCapacity`, `location`, `materialType`, `maxStackSize`, `maxStructure`, `radar`, `pscript`, `spellId`, `stackSize`, `structure`, `targetTypeId`, `usability`, `useRadius`, `validLocations`, `value`, `workmanship`, `animationFrameId`, `defaultScript`, `defaultScriptIntensity`, `elasticity`, `friction`, `locationId`, `modelTableId`, `objectScale`, `physicsBitField`, `physicsTableId`, `motionTableId`, `soundTableId`, `physicsState`, `translucency`)
VALUES (2024812549, 'Surface', 65536, 0, 0, 0, 262164, 0, 0, 0, 0, 0, 0, 8388656, 0, 100667499, 0, 0, 0, 0, 0, 0, 0, 0, 4, 0, 0, 0, 0, 0, 32, -0.1, 0, 0, 0, 0, 0, 0, 0, 0, 0, 33554867, 0, 98307, 0, 150994947, 0, 3084, 0);

INSERT INTO `ace_object` (`baseAceObjectId`, `weenieClassId`, `landblock`, `cell`, `posX`, `posY`, `posZ`, `qW`, `qX`, `qY`, `qZ`)
VALUES (2024812549, 43202, 35587, 269, 166.357, -59.978, -114.063, -0.7071068, 0, 0, -0.7071068);

INSERT INTO `base_ace_object` (`baseAceObjectId`, `name`, `typeId`, `paletteId`, `ammoType`, `blipColor`, `bitField`, `burden`, `combatUse`, `cooldownDuration`, `cooldownId`, `effects`, `containersCapacity`, `header`, `hookTypeId`, `iconId`, `iconOverlayId`, `iconUnderlayId`, `hookItemTypes`, `itemsCapacity`, `location`, `materialType`, `maxStackSize`, `maxStructure`, `radar`, `pscript`, `spellId`, `stackSize`, `structure`, `targetTypeId`, `usability`, `useRadius`, `validLocations`, `value`, `workmanship`, `animationFrameId`, `defaultScript`, `defaultScriptIntensity`, `elasticity`, `friction`, `locationId`, `modelTableId`, `objectScale`, `physicsBitField`, `physicsTableId`, `motionTableId`, `soundTableId`, `physicsState`, `translucency`)
VALUES (3707820795, 'Portal to Arwic', 65536, 0, 0, 0, 262164, 0, 0, 0, 0, 0, 0, 8388656, 0, 100667499, 0, 0, 0, 0, 0, 0, 0, 0, 4, 0, 0, 0, 0, 0, 32, -0.1, 0, 0, 0, 0, 0, 0, 0, 0, 0, 33555923, 0, 98307, 0, 150994947, 0, 3084, 0);

INSERT INTO `ace_object` (`baseAceObjectId`, `weenieClassId`, `landblock`, `cell`, `posX`, `posY`, `posZ`, `qW`, `qX`, `qY`, `qZ`)
VALUES (3707820795, 42819, 11826, 20, 70.22203, 77.94728, 131.937, 1, 0, 0, 0);

INSERT INTO `base_ace_object` (`baseAceObjectId`, `name`, `typeId`, `paletteId`, `ammoType`, `blipColor`, `bitField`, `burden`, `combatUse`, `cooldownDuration`, `cooldownId`, `effects`, `containersCapacity`, `header`, `hookTypeId`, `iconId`, `iconOverlayId`, `iconUnderlayId`, `hookItemTypes`, `itemsCapacity`, `location`, `materialType`, `maxStackSize`, `maxStructure`, `radar`, `pscript`, `spellId`, `stackSize`, `structure`, `targetTypeId`, `usability`, `useRadius`, `validLocations`, `value`, `workmanship`, `animationFrameId`, `defaultScript`, `defaultScriptIntensity`, `elasticity`, `friction`, `locationId`, `modelTableId`, `objectScale`, `physicsBitField`, `physicsTableId`, `motionTableId`, `soundTableId`, `physicsState`, `translucency`)
VALUES (3707702797, 'Catacombs of Torment', 65536, 0, 0, 0, 262164, 0, 0, 0, 0, 0, 0, 8388656, 0, 100667499, 0, 0, 0, 0, 0, 0, 0, 0, 4, 0, 0, 0, 0, 0, 32, -0.1, 0, 0, 0, 0, 0, 0, 0, 0, 0, 33555925, 0, 98307, 0, 150994947, 0, 3084, 0);

INSERT INTO `ace_object` (`baseAceObjectId`, `weenieClassId`, `landblock`, `cell`, `posX`, `posY`, `posZ`, `qW`, `qX`, `qY`, `qZ`)
VALUES (3707702797, 52012, 11569, 37, 104.258, 105.922, 131.6597, 0.3826834, 0, 0, -0.9238795);

INSERT INTO `base_ace_object` (`baseAceObjectId`, `name`, `typeId`, `paletteId`, `ammoType`, `blipColor`, `bitField`, `burden`, `combatUse`, `cooldownDuration`, `cooldownId`, `effects`, `containersCapacity`, `header`, `hookTypeId`, `iconId`, `iconOverlayId`, `iconUnderlayId`, `hookItemTypes`, `itemsCapacity`, `location`, `materialType`, `maxStackSize`, `maxStructure`, `radar`, `pscript`, `spellId`, `stackSize`, `structure`, `targetTypeId`, `usability`, `useRadius`, `validLocations`, `value`, `workmanship`, `animationFrameId`, `defaultScript`, `defaultScriptIntensity`, `elasticity`, `friction`, `locationId`, `modelTableId`, `objectScale`, `physicsBitField`, `physicsTableId`, `motionTableId`, `soundTableId`, `physicsState`, `translucency`)
VALUES (1972715711, 'Surface', 65536, 0, 0, 0, 262164, 0, 0, 0, 0, 0, 0, 8388656, 0, 100667499, 0, 0, 0, 0, 0, 0, 0, 0, 4, 0, 0, 0, 0, 0, 32, -0.1, 0, 0, 0, 0, 0, 0, 0, 0, 0, 33554867, 0, 98307, 0, 150994947, 0, 3084, 0);

INSERT INTO `ace_object` (`baseAceObjectId`, `weenieClassId`, `landblock`, `cell`, `posX`, `posY`, `posZ`, `qW`, `qX`, `qY`, `qZ`)
VALUES (1972715711, 51822, 22868, 2072, 360, -175.974, -0.06299996, 1, 0, 0, -4.37114E-08);

INSERT INTO `base_ace_object` (`baseAceObjectId`, `name`, `typeId`, `paletteId`, `ammoType`, `blipColor`, `bitField`, `burden`, `combatUse`, `cooldownDuration`, `cooldownId`, `effects`, `containersCapacity`, `header`, `hookTypeId`, `iconId`, `iconOverlayId`, `iconUnderlayId`, `hookItemTypes`, `itemsCapacity`, `location`, `materialType`, `maxStackSize`, `maxStructure`, `radar`, `pscript`, `spellId`, `stackSize`, `structure`, `targetTypeId`, `usability`, `useRadius`, `validLocations`, `value`, `workmanship`, `animationFrameId`, `defaultScript`, `defaultScriptIntensity`, `elasticity`, `friction`, `locationId`, `modelTableId`, `objectScale`, `physicsBitField`, `physicsTableId`, `motionTableId`, `soundTableId`, `physicsState`, `translucency`)
VALUES (1972715712, 'Inner Sanctum', 65536, 0, 0, 0, 262164, 0, 0, 0, 0, 0, 0, 8388656, 0, 100667499, 0, 0, 0, 0, 0, 0, 0, 0, 4, 0, 0, 0, 0, 0, 32, -0.1, 0, 0, 0, 0, 0, 0, 0, 0, 0, 33555925, 0, 98307, 0, 150994947, 0, 3084, 0);

INSERT INTO `ace_object` (`baseAceObjectId`, `weenieClassId`, `landblock`, `cell`, `posX`, `posY`, `posZ`, `qW`, `qX`, `qY`, `qZ`)
VALUES (1972715712, 52014, 22868, 2074, 367.626, -168.362, -0.06299996, 0.3810211, 0, 0, -0.9245663);

INSERT INTO `base_ace_object` (`baseAceObjectId`, `name`, `typeId`, `paletteId`, `ammoType`, `blipColor`, `bitField`, `burden`, `combatUse`, `cooldownDuration`, `cooldownId`, `effects`, `containersCapacity`, `header`, `hookTypeId`, `iconId`, `iconOverlayId`, `iconUnderlayId`, `hookItemTypes`, `itemsCapacity`, `location`, `materialType`, `maxStackSize`, `maxStructure`, `radar`, `pscript`, `spellId`, `stackSize`, `structure`, `targetTypeId`, `usability`, `useRadius`, `validLocations`, `value`, `workmanship`, `animationFrameId`, `defaultScript`, `defaultScriptIntensity`, `elasticity`, `friction`, `locationId`, `modelTableId`, `objectScale`, `physicsBitField`, `physicsTableId`, `motionTableId`, `soundTableId`, `physicsState`, `translucency`)
VALUES (1972715558, 'Inner Sanctum', 65536, 0, 0, 0, 262164, 0, 0, 0, 0, 0, 0, 8388656, 0, 100667499, 0, 0, 0, 0, 0, 0, 0, 0, 4, 0, 0, 0, 0, 0, 32, -0.1, 0, 0, 0, 0, 0, 0, 0, 0, 0, 33555925, 0, 98307, 0, 150994947, 0, 3084, 0);

INSERT INTO `ace_object` (`baseAceObjectId`, `weenieClassId`, `landblock`, `cell`, `posX`, `posY`, `posZ`, `qW`, `qX`, `qY`, `qZ`)
VALUES (1972715558, 52013, 22868, 356, 130, -47.7604, -42.063, 1, 0, 0, 0);

INSERT INTO `base_ace_object` (`baseAceObjectId`, `name`, `typeId`, `paletteId`, `ammoType`, `blipColor`, `bitField`, `burden`, `combatUse`, `cooldownDuration`, `cooldownId`, `effects`, `containersCapacity`, `header`, `hookTypeId`, `iconId`, `iconOverlayId`, `iconUnderlayId`, `hookItemTypes`, `itemsCapacity`, `location`, `materialType`, `maxStackSize`, `maxStructure`, `radar`, `pscript`, `spellId`, `stackSize`, `structure`, `targetTypeId`, `usability`, `useRadius`, `validLocations`, `value`, `workmanship`, `animationFrameId`, `defaultScript`, `defaultScriptIntensity`, `elasticity`, `friction`, `locationId`, `modelTableId`, `objectScale`, `physicsBitField`, `physicsTableId`, `motionTableId`, `soundTableId`, `physicsState`, `translucency`)
VALUES (1972715713, 'Surface', 65536, 0, 0, 0, 262164, 0, 0, 0, 0, 0, 0, 8388656, 0, 100667499, 0, 0, 0, 0, 0, 0, 0, 0, 4, 0, 0, 0, 0, 0, 32, -0.1, 0, 0, 0, 0, 0, 0, 0, 0, 0, 33554867, 0, 98307, 0, 150994947, 0, 3084, 0);

INSERT INTO `ace_object` (`baseAceObjectId`, `weenieClassId`, `landblock`, `cell`, `posX`, `posY`, `posZ`, `qW`, `qX`, `qY`, `qZ`)
VALUES (1972715713, 51822, 22868, 349, 113.953, -60, -42.063, -0.7071068, 0, 0, -0.7071068);

INSERT INTO `base_ace_object` (`baseAceObjectId`, `name`, `typeId`, `paletteId`, `ammoType`, `blipColor`, `bitField`, `burden`, `combatUse`, `cooldownDuration`, `cooldownId`, `effects`, `containersCapacity`, `header`, `hookTypeId`, `iconId`, `iconOverlayId`, `iconUnderlayId`, `hookItemTypes`, `itemsCapacity`, `location`, `materialType`, `maxStackSize`, `maxStructure`, `radar`, `pscript`, `spellId`, `stackSize`, `structure`, `targetTypeId`, `usability`, `useRadius`, `validLocations`, `value`, `workmanship`, `animationFrameId`, `defaultScript`, `defaultScriptIntensity`, `elasticity`, `friction`, `locationId`, `modelTableId`, `objectScale`, `physicsBitField`, `physicsTableId`, `motionTableId`, `soundTableId`, `physicsState`, `translucency`)
VALUES (1972715551, 'Surface', 65536, 0, 0, 0, 262164, 0, 0, 0, 0, 0, 0, 8388656, 0, 100667499, 0, 0, 0, 0, 0, 0, 0, 0, 4, 0, 0, 0, 0, 0, 32, -0.1, 0, 0, 0, 0, 0, 0, 0, 0, 0, 33554867, 0, 98307, 0, 150994947, 0, 3084, 0);

INSERT INTO `ace_object` (`baseAceObjectId`, `weenieClassId`, `landblock`, `cell`, `posX`, `posY`, `posZ`, `qW`, `qX`, `qY`, `qZ`)
VALUES (1972715551, 51822, 22868, 325, 42.4885, 2.66177, -42.063, 0.9149767, 0, 0, -0.4035068);

INSERT INTO `base_ace_object` (`baseAceObjectId`, `name`, `typeId`, `paletteId`, `ammoType`, `blipColor`, `bitField`, `burden`, `combatUse`, `cooldownDuration`, `cooldownId`, `effects`, `containersCapacity`, `header`, `hookTypeId`, `iconId`, `iconOverlayId`, `iconUnderlayId`, `hookItemTypes`, `itemsCapacity`, `location`, `materialType`, `maxStackSize`, `maxStructure`, `radar`, `pscript`, `spellId`, `stackSize`, `structure`, `targetTypeId`, `usability`, `useRadius`, `validLocations`, `value`, `workmanship`, `animationFrameId`, `defaultScript`, `defaultScriptIntensity`, `elasticity`, `friction`, `locationId`, `modelTableId`, `objectScale`, `physicsBitField`, `physicsTableId`, `motionTableId`, `soundTableId`, `physicsState`, `translucency`)
VALUES (1972715532, 'Surface', 65536, 0, 0, 0, 262164, 0, 0, 0, 0, 0, 0, 8388656, 0, 100667499, 0, 0, 0, 0, 0, 0, 0, 0, 4, 0, 0, 0, 0, 0, 32, -0.1, 0, 0, 0, 0, 0, 0, 0, 0, 0, 33554867, 0, 98307, 0, 150994947, 0, 3084, 0);

INSERT INTO `ace_object` (`baseAceObjectId`, `weenieClassId`, `landblock`, `cell`, `posX`, `posY`, `posZ`, `qW`, `qX`, `qY`, `qZ`)
VALUES (1972715532, 51822, 22868, 293, 17.7049, 2.31954, -42.063, 0.9229562, 0, 0, 0.3849051);

INSERT INTO `base_ace_object` (`baseAceObjectId`, `name`, `typeId`, `paletteId`, `ammoType`, `blipColor`, `bitField`, `burden`, `combatUse`, `cooldownDuration`, `cooldownId`, `effects`, `containersCapacity`, `header`, `hookTypeId`, `iconId`, `iconOverlayId`, `iconUnderlayId`, `hookItemTypes`, `itemsCapacity`, `location`, `materialType`, `maxStackSize`, `maxStructure`, `radar`, `pscript`, `spellId`, `stackSize`, `structure`, `targetTypeId`, `usability`, `useRadius`, `validLocations`, `value`, `workmanship`, `animationFrameId`, `defaultScript`, `defaultScriptIntensity`, `elasticity`, `friction`, `locationId`, `modelTableId`, `objectScale`, `physicsBitField`, `physicsTableId`, `motionTableId`, `soundTableId`, `physicsState`, `translucency`)
VALUES (1880109175, 'Surface Portal', 65536, 0, 0, 0, 262164, 0, 0, 0, 0, 0, 0, 8388656, 0, 100667499, 0, 0, 0, 0, 0, 0, 0, 0, 4, 0, 0, 0, 0, 0, 32, -0.1, 0, 0, 0, 0, 0, 0, 0, 0, 0, 33554867, 0, 98307, 0, 150994947, 0, 3084, 0);

INSERT INTO `ace_object` (`baseAceObjectId`, `weenieClassId`, `landblock`, `cell`, `posX`, `posY`, `posZ`, `qW`, `qX`, `qY`, `qZ`)
VALUES (1880109175, 7247, 259, 833, 80, -210, -0.06299996, 1, 0, 0, 0);

INSERT INTO `base_ace_object` (`baseAceObjectId`, `name`, `typeId`, `paletteId`, `ammoType`, `blipColor`, `bitField`, `burden`, `combatUse`, `cooldownDuration`, `cooldownId`, `effects`, `containersCapacity`, `header`, `hookTypeId`, `iconId`, `iconOverlayId`, `iconUnderlayId`, `hookItemTypes`, `itemsCapacity`, `location`, `materialType`, `maxStackSize`, `maxStructure`, `radar`, `pscript`, `spellId`, `stackSize`, `structure`, `targetTypeId`, `usability`, `useRadius`, `validLocations`, `value`, `workmanship`, `animationFrameId`, `defaultScript`, `defaultScriptIntensity`, `elasticity`, `friction`, `locationId`, `modelTableId`, `objectScale`, `physicsBitField`, `physicsTableId`, `motionTableId`, `soundTableId`, `physicsState`, `translucency`)
VALUES (1880109141, 'Surface Portal', 65536, 0, 0, 0, 262164, 0, 0, 0, 0, 0, 0, 8388656, 0, 100667499, 0, 0, 0, 0, 0, 0, 0, 0, 4, 0, 0, 0, 0, 0, 32, -0.1, 0, 0, 0, 0, 0, 0, 0, 0, 0, 33554867, 0, 98307, 0, 150994947, 0, 3084, 0);

INSERT INTO `ace_object` (`baseAceObjectId`, `weenieClassId`, `landblock`, `cell`, `posX`, `posY`, `posZ`, `qW`, `qX`, `qY`, `qZ`)
VALUES (1880109141, 7247, 259, 633, 60, -50, -6.063, 1, 0, 0, 0);

INSERT INTO `base_ace_object` (`baseAceObjectId`, `name`, `typeId`, `paletteId`, `ammoType`, `blipColor`, `bitField`, `burden`, `combatUse`, `cooldownDuration`, `cooldownId`, `effects`, `containersCapacity`, `header`, `hookTypeId`, `iconId`, `iconOverlayId`, `iconUnderlayId`, `hookItemTypes`, `itemsCapacity`, `location`, `materialType`, `maxStackSize`, `maxStructure`, `radar`, `pscript`, `spellId`, `stackSize`, `structure`, `targetTypeId`, `usability`, `useRadius`, `validLocations`, `value`, `workmanship`, `animationFrameId`, `defaultScript`, `defaultScriptIntensity`, `elasticity`, `friction`, `locationId`, `modelTableId`, `objectScale`, `physicsBitField`, `physicsTableId`, `motionTableId`, `soundTableId`, `physicsState`, `translucency`)
VALUES (2023284736, 'Crypt of Crimson Night', 65536, 0, 0, 0, 262164, 0, 0, 0, 0, 0, 0, 8388656, 0, 100667499, 0, 0, 0, 0, 0, 0, 0, 0, 4, 0, 0, 0, 0, 0, 32, -0.1, 0, 0, 0, 0, 0, 0, 0, 0, 0, 33555925, 0, 98307, 0, 150994947, 0, 3084, 0);

INSERT INTO `ace_object` (`baseAceObjectId`, `weenieClassId`, `landblock`, `cell`, `posX`, `posY`, `posZ`, `qW`, `qX`, `qY`, `qZ`)
VALUES (2023284736, 34011, 35214, 256, 132, 176, 71.592, 1, 0, 0, 0);

INSERT INTO `base_ace_object` (`baseAceObjectId`, `name`, `typeId`, `paletteId`, `ammoType`, `blipColor`, `bitField`, `burden`, `combatUse`, `cooldownDuration`, `cooldownId`, `effects`, `containersCapacity`, `header`, `hookTypeId`, `iconId`, `iconOverlayId`, `iconUnderlayId`, `hookItemTypes`, `itemsCapacity`, `location`, `materialType`, `maxStackSize`, `maxStructure`, `radar`, `pscript`, `spellId`, `stackSize`, `structure`, `targetTypeId`, `usability`, `useRadius`, `validLocations`, `value`, `workmanship`, `animationFrameId`, `defaultScript`, `defaultScriptIntensity`, `elasticity`, `friction`, `locationId`, `modelTableId`, `objectScale`, `physicsBitField`, `physicsTableId`, `motionTableId`, `soundTableId`, `physicsState`, `translucency`)
VALUES (2030526464, 'Cavernous Refuge', 65536, 0, 0, 0, 262164, 0, 0, 0, 0, 0, 0, 8388656, 0, 100667499, 0, 0, 0, 0, 0, 0, 0, 0, 4, 0, 0, 0, 0, 0, 32, -0.1, 0, 0, 0, 0, 0, 0, 0, 0, 0, 33555925, 0, 98307, 0, 150994947, 0, 3084, 0);

INSERT INTO `ace_object` (`baseAceObjectId`, `weenieClassId`, `landblock`, `cell`, `posX`, `posY`, `posZ`, `qW`, `qX`, `qY`, `qZ`)
VALUES (2030526464, 45722, 36982, 11, 35.0837, 60.7785, 153.937, -0.8768896, 0, 0, -0.4806918);

INSERT INTO `base_ace_object` (`baseAceObjectId`, `name`, `typeId`, `paletteId`, `ammoType`, `blipColor`, `bitField`, `burden`, `combatUse`, `cooldownDuration`, `cooldownId`, `effects`, `containersCapacity`, `header`, `hookTypeId`, `iconId`, `iconOverlayId`, `iconUnderlayId`, `hookItemTypes`, `itemsCapacity`, `location`, `materialType`, `maxStackSize`, `maxStructure`, `radar`, `pscript`, `spellId`, `stackSize`, `structure`, `targetTypeId`, `usability`, `useRadius`, `validLocations`, `value`, `workmanship`, `animationFrameId`, `defaultScript`, `defaultScriptIntensity`, `elasticity`, `friction`, `locationId`, `modelTableId`, `objectScale`, `physicsBitField`, `physicsTableId`, `motionTableId`, `soundTableId`, `physicsState`, `translucency`)
VALUES (2027368627, 'House Portal', 65536, 0, 0, 0, 262164, 0, 0, 0, 0, 0, 0, 41943088, 0, 100667499, 0, 0, 0, 0, 0, 0, 0, 0, 4, 0, 0, 0, 0, 0, 32, 0.75, 0, 0, 0, 0, 0, 0, 0, 0, 0, 33554867, 0, 98307, 0, 150994947, 0, 3076, 0);

INSERT INTO `ace_object` (`baseAceObjectId`, `weenieClassId`, `landblock`, `cell`, `posX`, `posY`, `posZ`, `qW`, `qX`, `qY`, `qZ`)
VALUES (2027368627, 11730, 36211, 280, 158.213, 38.843, 7.137, -0.999864, 0, 0, -0.0164882);

INSERT INTO `base_ace_object` (`baseAceObjectId`, `name`, `typeId`, `paletteId`, `ammoType`, `blipColor`, `bitField`, `burden`, `combatUse`, `cooldownDuration`, `cooldownId`, `effects`, `containersCapacity`, `header`, `hookTypeId`, `iconId`, `iconOverlayId`, `iconUnderlayId`, `hookItemTypes`, `itemsCapacity`, `location`, `materialType`, `maxStackSize`, `maxStructure`, `radar`, `pscript`, `spellId`, `stackSize`, `structure`, `targetTypeId`, `usability`, `useRadius`, `validLocations`, `value`, `workmanship`, `animationFrameId`, `defaultScript`, `defaultScriptIntensity`, `elasticity`, `friction`, `locationId`, `modelTableId`, `objectScale`, `physicsBitField`, `physicsTableId`, `motionTableId`, `soundTableId`, `physicsState`, `translucency`)
VALUES (2027368628, 'House Portal', 65536, 0, 0, 0, 262164, 0, 0, 0, 0, 0, 0, 41943088, 0, 100667499, 0, 0, 0, 0, 0, 0, 0, 0, 4, 0, 0, 0, 0, 0, 32, 0.75, 0, 0, 0, 0, 0, 0, 0, 0, 0, 33554867, 0, 98307, 0, 150994947, 0, 3076, 0);

INSERT INTO `ace_object` (`baseAceObjectId`, `weenieClassId`, `landblock`, `cell`, `posX`, `posY`, `posZ`, `qW`, `qX`, `qY`, `qZ`)
VALUES (2027368628, 11730, 36211, 311, 82.3097, 46.223, 7.137, 0.9994977, 0, 0, 0.03169229);

INSERT INTO `base_ace_object` (`baseAceObjectId`, `name`, `typeId`, `paletteId`, `ammoType`, `blipColor`, `bitField`, `burden`, `combatUse`, `cooldownDuration`, `cooldownId`, `effects`, `containersCapacity`, `header`, `hookTypeId`, `iconId`, `iconOverlayId`, `iconUnderlayId`, `hookItemTypes`, `itemsCapacity`, `location`, `materialType`, `maxStackSize`, `maxStructure`, `radar`, `pscript`, `spellId`, `stackSize`, `structure`, `targetTypeId`, `usability`, `useRadius`, `validLocations`, `value`, `workmanship`, `animationFrameId`, `defaultScript`, `defaultScriptIntensity`, `elasticity`, `friction`, `locationId`, `modelTableId`, `objectScale`, `physicsBitField`, `physicsTableId`, `motionTableId`, `soundTableId`, `physicsState`, `translucency`)
VALUES (2027368629, 'House Portal', 65536, 0, 0, 0, 262164, 0, 0, 0, 0, 0, 0, 41943088, 0, 100667499, 0, 0, 0, 0, 0, 0, 0, 0, 4, 0, 0, 0, 0, 0, 32, 0.75, 0, 0, 0, 0, 0, 0, 0, 0, 0, 33554867, 0, 98307, 0, 150994947, 0, 3076, 0);

INSERT INTO `ace_object` (`baseAceObjectId`, `weenieClassId`, `landblock`, `cell`, `posX`, `posY`, `posZ`, `qW`, `qX`, `qY`, `qZ`)
VALUES (2027368629, 11730, 36211, 339, 38.843, 82.4082, 13.137, 0.6912779, 0, 0, -0.722589);

INSERT INTO `base_ace_object` (`baseAceObjectId`, `name`, `typeId`, `paletteId`, `ammoType`, `blipColor`, `bitField`, `burden`, `combatUse`, `cooldownDuration`, `cooldownId`, `effects`, `containersCapacity`, `header`, `hookTypeId`, `iconId`, `iconOverlayId`, `iconUnderlayId`, `hookItemTypes`, `itemsCapacity`, `location`, `materialType`, `maxStackSize`, `maxStructure`, `radar`, `pscript`, `spellId`, `stackSize`, `structure`, `targetTypeId`, `usability`, `useRadius`, `validLocations`, `value`, `workmanship`, `animationFrameId`, `defaultScript`, `defaultScriptIntensity`, `elasticity`, `friction`, `locationId`, `modelTableId`, `objectScale`, `physicsBitField`, `physicsTableId`, `motionTableId`, `soundTableId`, `physicsState`, `translucency`)
VALUES (2027368630, 'House Portal', 65536, 0, 0, 0, 262164, 0, 0, 0, 0, 0, 0, 41943088, 0, 100667499, 0, 0, 0, 0, 0, 0, 0, 0, 4, 0, 0, 0, 0, 0, 32, 0.75, 0, 0, 0, 0, 0, 0, 0, 0, 0, 33554867, 0, 98307, 0, 150994947, 0, 3076, 0);

INSERT INTO `ace_object` (`baseAceObjectId`, `weenieClassId`, `landblock`, `cell`, `posX`, `posY`, `posZ`, `qW`, `qX`, `qY`, `qZ`)
VALUES (2027368630, 11730, 36211, 370, 46.223, 157.483, 9.136999, -0.69682, 0, 0, 0.717246);

INSERT INTO `base_ace_object` (`baseAceObjectId`, `name`, `typeId`, `paletteId`, `ammoType`, `blipColor`, `bitField`, `burden`, `combatUse`, `cooldownDuration`, `cooldownId`, `effects`, `containersCapacity`, `header`, `hookTypeId`, `iconId`, `iconOverlayId`, `iconUnderlayId`, `hookItemTypes`, `itemsCapacity`, `location`, `materialType`, `maxStackSize`, `maxStructure`, `radar`, `pscript`, `spellId`, `stackSize`, `structure`, `targetTypeId`, `usability`, `useRadius`, `validLocations`, `value`, `workmanship`, `animationFrameId`, `defaultScript`, `defaultScriptIntensity`, `elasticity`, `friction`, `locationId`, `modelTableId`, `objectScale`, `physicsBitField`, `physicsTableId`, `motionTableId`, `soundTableId`, `physicsState`, `translucency`)
VALUES (2027368619, 'House Portal', 65536, 0, 0, 0, 262164, 0, 0, 0, 0, 0, 0, 41943088, 0, 100667499, 0, 0, 0, 0, 0, 0, 0, 0, 4, 0, 0, 0, 0, 0, 32, 0.75, 0, 0, 0, 0, 0, 0, 0, 0, 0, 33554867, 0, 98307, 0, 150994947, 0, 3076, 0);

INSERT INTO `ace_object` (`baseAceObjectId`, `weenieClassId`, `landblock`, `cell`, `posX`, `posY`, `posZ`, `qW`, `qX`, `qY`, `qZ`)
VALUES (2027368619, 11730, 36211, 398, 156.751, 121.777, 9.136999, 0.00241875, 0, 0, -0.9999971);

INSERT INTO `base_ace_object` (`baseAceObjectId`, `name`, `typeId`, `paletteId`, `ammoType`, `blipColor`, `bitField`, `burden`, `combatUse`, `cooldownDuration`, `cooldownId`, `effects`, `containersCapacity`, `header`, `hookTypeId`, `iconId`, `iconOverlayId`, `iconUnderlayId`, `hookItemTypes`, `itemsCapacity`, `location`, `materialType`, `maxStackSize`, `maxStructure`, `radar`, `pscript`, `spellId`, `stackSize`, `structure`, `targetTypeId`, `usability`, `useRadius`, `validLocations`, `value`, `workmanship`, `animationFrameId`, `defaultScript`, `defaultScriptIntensity`, `elasticity`, `friction`, `locationId`, `modelTableId`, `objectScale`, `physicsBitField`, `physicsTableId`, `motionTableId`, `soundTableId`, `physicsState`, `translucency`)
VALUES (2027368631, 'House Portal', 65536, 0, 0, 0, 262164, 0, 0, 0, 0, 0, 0, 41943088, 0, 100667499, 0, 0, 0, 0, 0, 0, 0, 0, 4, 0, 0, 0, 0, 0, 32, 0.75, 0, 0, 0, 0, 0, 0, 0, 0, 0, 33554867, 0, 98307, 0, 150994947, 0, 3076, 0);

INSERT INTO `ace_object` (`baseAceObjectId`, `weenieClassId`, `landblock`, `cell`, `posX`, `posY`, `posZ`, `qW`, `qX`, `qY`, `qZ`)
VALUES (2027368631, 11730, 36211, 426, 106.426, 153.157, 5.137, -0.0128819, 0, 0, 0.999917);

INSERT INTO `base_ace_object` (`baseAceObjectId`, `name`, `typeId`, `paletteId`, `ammoType`, `blipColor`, `bitField`, `burden`, `combatUse`, `cooldownDuration`, `cooldownId`, `effects`, `containersCapacity`, `header`, `hookTypeId`, `iconId`, `iconOverlayId`, `iconUnderlayId`, `hookItemTypes`, `itemsCapacity`, `location`, `materialType`, `maxStackSize`, `maxStructure`, `radar`, `pscript`, `spellId`, `stackSize`, `structure`, `targetTypeId`, `usability`, `useRadius`, `validLocations`, `value`, `workmanship`, `animationFrameId`, `defaultScript`, `defaultScriptIntensity`, `elasticity`, `friction`, `locationId`, `modelTableId`, `objectScale`, `physicsBitField`, `physicsTableId`, `motionTableId`, `soundTableId`, `physicsState`, `translucency`)
VALUES (2039984128, 'A Ruin', 65536, 0, 0, 0, 262164, 0, 0, 0, 0, 0, 0, 8388656, 0, 100667499, 0, 0, 0, 0, 0, 0, 0, 0, 4, 0, 0, 0, 0, 0, 32, -0.1, 0, 0, 0, 0, 0, 0, 0, 0, 0, 33554867, 0, 98307, 0, 150994947, 0, 3084, 0);

INSERT INTO `ace_object` (`baseAceObjectId`, `weenieClassId`, `landblock`, `cell`, `posX`, `posY`, `posZ`, `qW`, `qX`, `qY`, `qZ`)
VALUES (2039984128, 2088, 39291, 3, 12.3986, 68.9923, 19.937, 0.7808938, 0, 0, 0.6246638);

INSERT INTO `base_ace_object` (`baseAceObjectId`, `name`, `typeId`, `paletteId`, `ammoType`, `blipColor`, `bitField`, `burden`, `combatUse`, `cooldownDuration`, `cooldownId`, `effects`, `containersCapacity`, `header`, `hookTypeId`, `iconId`, `iconOverlayId`, `iconUnderlayId`, `hookItemTypes`, `itemsCapacity`, `location`, `materialType`, `maxStackSize`, `maxStructure`, `radar`, `pscript`, `spellId`, `stackSize`, `structure`, `targetTypeId`, `usability`, `useRadius`, `validLocations`, `value`, `workmanship`, `animationFrameId`, `defaultScript`, `defaultScriptIntensity`, `elasticity`, `friction`, `locationId`, `modelTableId`, `objectScale`, `physicsBitField`, `physicsTableId`, `motionTableId`, `soundTableId`, `physicsState`, `translucency`)
VALUES (3708842396, 'Tufa Portal', 65536, 0, 0, 0, 262164, 0, 0, 0, 0, 0, 0, 8388656, 0, 100667499, 0, 0, 0, 0, 0, 0, 0, 0, 4, 0, 0, 0, 0, 0, 32, -0.1, 0, 0, 0, 0, 0, 0, 0, 0, 0, 33554867, 0, 98307, 0, 150994947, 0, 3084, 0);

INSERT INTO `ace_object` (`baseAceObjectId`, `weenieClassId`, `landblock`, `cell`, `posX`, `posY`, `posZ`, `qW`, `qX`, `qY`, `qZ`)
VALUES (3708842396, 42829, 42083, 49, 154.0972, 15.77244, 19.937, 0.8433914, 0, 0, -0.5372996);

INSERT INTO `base_ace_object` (`baseAceObjectId`, `name`, `typeId`, `paletteId`, `ammoType`, `blipColor`, `bitField`, `burden`, `combatUse`, `cooldownDuration`, `cooldownId`, `effects`, `containersCapacity`, `header`, `hookTypeId`, `iconId`, `iconOverlayId`, `iconUnderlayId`, `hookItemTypes`, `itemsCapacity`, `location`, `materialType`, `maxStackSize`, `maxStructure`, `radar`, `pscript`, `spellId`, `stackSize`, `structure`, `targetTypeId`, `usability`, `useRadius`, `validLocations`, `value`, `workmanship`, `animationFrameId`, `defaultScript`, `defaultScriptIntensity`, `elasticity`, `friction`, `locationId`, `modelTableId`, `objectScale`, `physicsBitField`, `physicsTableId`, `motionTableId`, `soundTableId`, `physicsState`, `translucency`)
VALUES (2051359187, 'House Portal', 65536, 0, 0, 0, 262164, 0, 0, 0, 0, 0, 0, 41943088, 0, 100667499, 0, 0, 0, 0, 0, 0, 0, 0, 4, 0, 0, 0, 0, 0, 32, 0.75, 0, 0, 0, 0, 0, 0, 0, 0, 0, 33554867, 0, 98307, 0, 150994947, 0, 3076, 0);

INSERT INTO `ace_object` (`baseAceObjectId`, `weenieClassId`, `landblock`, `cell`, `posX`, `posY`, `posZ`, `qW`, `qX`, `qY`, `qZ`)
VALUES (2051359187, 11730, 42068, 280, 145.824, 35.5785, 51.137, 0.7188349, 0, 0, 0.6951809);

INSERT INTO `base_ace_object` (`baseAceObjectId`, `name`, `typeId`, `paletteId`, `ammoType`, `blipColor`, `bitField`, `burden`, `combatUse`, `cooldownDuration`, `cooldownId`, `effects`, `containersCapacity`, `header`, `hookTypeId`, `iconId`, `iconOverlayId`, `iconUnderlayId`, `hookItemTypes`, `itemsCapacity`, `location`, `materialType`, `maxStackSize`, `maxStructure`, `radar`, `pscript`, `spellId`, `stackSize`, `structure`, `targetTypeId`, `usability`, `useRadius`, `validLocations`, `value`, `workmanship`, `animationFrameId`, `defaultScript`, `defaultScriptIntensity`, `elasticity`, `friction`, `locationId`, `modelTableId`, `objectScale`, `physicsBitField`, `physicsTableId`, `motionTableId`, `soundTableId`, `physicsState`, `translucency`)
VALUES (2051359193, 'House Portal', 65536, 0, 0, 0, 262164, 0, 0, 0, 0, 0, 0, 41943088, 0, 100667499, 0, 0, 0, 0, 0, 0, 0, 0, 4, 0, 0, 0, 0, 0, 32, 0.75, 0, 0, 0, 0, 0, 0, 0, 0, 0, 33554867, 0, 98307, 0, 150994947, 0, 3076, 0);

INSERT INTO `ace_object` (`baseAceObjectId`, `weenieClassId`, `landblock`, `cell`, `posX`, `posY`, `posZ`, `qW`, `qX`, `qY`, `qZ`)
VALUES (2051359193, 11730, 42068, 308, 57.1426, 153.622, 55.137, -0.03156489, 0, 0, -0.9995017);

INSERT INTO `base_ace_object` (`baseAceObjectId`, `name`, `typeId`, `paletteId`, `ammoType`, `blipColor`, `bitField`, `burden`, `combatUse`, `cooldownDuration`, `cooldownId`, `effects`, `containersCapacity`, `header`, `hookTypeId`, `iconId`, `iconOverlayId`, `iconUnderlayId`, `hookItemTypes`, `itemsCapacity`, `location`, `materialType`, `maxStackSize`, `maxStructure`, `radar`, `pscript`, `spellId`, `stackSize`, `structure`, `targetTypeId`, `usability`, `useRadius`, `validLocations`, `value`, `workmanship`, `animationFrameId`, `defaultScript`, `defaultScriptIntensity`, `elasticity`, `friction`, `locationId`, `modelTableId`, `objectScale`, `physicsBitField`, `physicsTableId`, `motionTableId`, `soundTableId`, `physicsState`, `translucency`)
VALUES (2051359183, 'House Portal', 65536, 0, 0, 0, 262164, 0, 0, 0, 0, 0, 0, 41943088, 0, 100667499, 0, 0, 0, 0, 0, 0, 0, 0, 4, 0, 0, 0, 0, 0, 32, 0.75, 0, 0, 0, 0, 0, 0, 0, 0, 0, 33554867, 0, 98307, 0, 150994947, 0, 3076, 0);

INSERT INTO `ace_object` (`baseAceObjectId`, `weenieClassId`, `landblock`, `cell`, `posX`, `posY`, `posZ`, `qW`, `qX`, `qY`, `qZ`)
VALUES (2051359183, 11730, 42068, 339, 50.7661, 35.0406, 51.137, 0.7579961, 0, 0, 0.6522591);

INSERT INTO `base_ace_object` (`baseAceObjectId`, `name`, `typeId`, `paletteId`, `ammoType`, `blipColor`, `bitField`, `burden`, `combatUse`, `cooldownDuration`, `cooldownId`, `effects`, `containersCapacity`, `header`, `hookTypeId`, `iconId`, `iconOverlayId`, `iconUnderlayId`, `hookItemTypes`, `itemsCapacity`, `location`, `materialType`, `maxStackSize`, `maxStructure`, `radar`, `pscript`, `spellId`, `stackSize`, `structure`, `targetTypeId`, `usability`, `useRadius`, `validLocations`, `value`, `workmanship`, `animationFrameId`, `defaultScript`, `defaultScriptIntensity`, `elasticity`, `friction`, `locationId`, `modelTableId`, `objectScale`, `physicsBitField`, `physicsTableId`, `motionTableId`, `soundTableId`, `physicsState`, `translucency`)
VALUES (2051359185, 'House Portal', 65536, 0, 0, 0, 262164, 0, 0, 0, 0, 0, 0, 41943088, 0, 100667499, 0, 0, 0, 0, 0, 0, 0, 0, 4, 0, 0, 0, 0, 0, 32, 0.75, 0, 0, 0, 0, 0, 0, 0, 0, 0, 33554867, 0, 98307, 0, 150994947, 0, 3076, 0);

INSERT INTO `ace_object` (`baseAceObjectId`, `weenieClassId`, `landblock`, `cell`, `posX`, `posY`, `posZ`, `qW`, `qX`, `qY`, `qZ`)
VALUES (2051359185, 11730, 42068, 367, 110.879, 37.9592, 51.137, 0.9999197, 0, 0, 0.0126722);

INSERT INTO `base_ace_object` (`baseAceObjectId`, `name`, `typeId`, `paletteId`, `ammoType`, `blipColor`, `bitField`, `burden`, `combatUse`, `cooldownDuration`, `cooldownId`, `effects`, `containersCapacity`, `header`, `hookTypeId`, `iconId`, `iconOverlayId`, `iconUnderlayId`, `hookItemTypes`, `itemsCapacity`, `location`, `materialType`, `maxStackSize`, `maxStructure`, `radar`, `pscript`, `spellId`, `stackSize`, `structure`, `targetTypeId`, `usability`, `useRadius`, `validLocations`, `value`, `workmanship`, `animationFrameId`, `defaultScript`, `defaultScriptIntensity`, `elasticity`, `friction`, `locationId`, `modelTableId`, `objectScale`, `physicsBitField`, `physicsTableId`, `motionTableId`, `soundTableId`, `physicsState`, `translucency`)
VALUES (2051359189, 'House Portal', 65536, 0, 0, 0, 262164, 0, 0, 0, 0, 0, 0, 8388656, 0, 100667499, 0, 0, 0, 0, 0, 0, 0, 0, 4, 0, 0, 0, 0, 0, 32, 0.75, 0, 0, 0, 0, 0, 0, 0, 0, 0, 33554867, 0, 98307, 0, 150994947, 0, 3076, 0);

INSERT INTO `ace_object` (`baseAceObjectId`, `weenieClassId`, `landblock`, `cell`, `posX`, `posY`, `posZ`, `qW`, `qX`, `qY`, `qZ`)
VALUES (2051359189, 11730, 42068, 398, 154.281, 86.7262, 51.137, 0.730249, 0, 0, 0.683181);

INSERT INTO `base_ace_object` (`baseAceObjectId`, `name`, `typeId`, `paletteId`, `ammoType`, `blipColor`, `bitField`, `burden`, `combatUse`, `cooldownDuration`, `cooldownId`, `effects`, `containersCapacity`, `header`, `hookTypeId`, `iconId`, `iconOverlayId`, `iconUnderlayId`, `hookItemTypes`, `itemsCapacity`, `location`, `materialType`, `maxStackSize`, `maxStructure`, `radar`, `pscript`, `spellId`, `stackSize`, `structure`, `targetTypeId`, `usability`, `useRadius`, `validLocations`, `value`, `workmanship`, `animationFrameId`, `defaultScript`, `defaultScriptIntensity`, `elasticity`, `friction`, `locationId`, `modelTableId`, `objectScale`, `physicsBitField`, `physicsTableId`, `motionTableId`, `soundTableId`, `physicsState`, `translucency`)
VALUES (2051359191, 'House Portal', 65536, 0, 0, 0, 262164, 0, 0, 0, 0, 0, 0, 41943088, 0, 100667499, 0, 0, 0, 0, 0, 0, 0, 0, 4, 0, 0, 0, 0, 0, 32, 0.75, 0, 0, 0, 0, 0, 0, 0, 0, 0, 33554867, 0, 98307, 0, 150994947, 0, 3076, 0);

INSERT INTO `ace_object` (`baseAceObjectId`, `weenieClassId`, `landblock`, `cell`, `posX`, `posY`, `posZ`, `qW`, `qX`, `qY`, `qZ`)
VALUES (2051359191, 11730, 42068, 429, 166.092, 156.621, 53.137, -0.6921039, 0, 0, 0.7217979);

INSERT INTO `base_ace_object` (`baseAceObjectId`, `name`, `typeId`, `paletteId`, `ammoType`, `blipColor`, `bitField`, `burden`, `combatUse`, `cooldownDuration`, `cooldownId`, `effects`, `containersCapacity`, `header`, `hookTypeId`, `iconId`, `iconOverlayId`, `iconUnderlayId`, `hookItemTypes`, `itemsCapacity`, `location`, `materialType`, `maxStackSize`, `maxStructure`, `radar`, `pscript`, `spellId`, `stackSize`, `structure`, `targetTypeId`, `usability`, `useRadius`, `validLocations`, `value`, `workmanship`, `animationFrameId`, `defaultScript`, `defaultScriptIntensity`, `elasticity`, `friction`, `locationId`, `modelTableId`, `objectScale`, `physicsBitField`, `physicsTableId`, `motionTableId`, `soundTableId`, `physicsState`, `translucency`)
VALUES (2051338364, 'House Portal', 65536, 0, 0, 0, 262164, 0, 0, 0, 0, 0, 0, 8388656, 0, 100667499, 0, 0, 0, 0, 0, 0, 0, 0, 4, 0, 0, 0, 0, 0, 32, 0.75, 0, 0, 0, 0, 0, 0, 0, 0, 0, 33554867, 0, 98307, 0, 150994947, 0, 3076, 0);

INSERT INTO `ace_object` (`baseAceObjectId`, `weenieClassId`, `landblock`, `cell`, `posX`, `posY`, `posZ`, `qW`, `qX`, `qY`, `qZ`)
VALUES (2051338364, 11730, 42063, 338, 55.457, 148.739, 51.937, 0.0008289037, 0, 0, 0.9999996);

INSERT INTO `base_ace_object` (`baseAceObjectId`, `name`, `typeId`, `paletteId`, `ammoType`, `blipColor`, `bitField`, `burden`, `combatUse`, `cooldownDuration`, `cooldownId`, `effects`, `containersCapacity`, `header`, `hookTypeId`, `iconId`, `iconOverlayId`, `iconUnderlayId`, `hookItemTypes`, `itemsCapacity`, `location`, `materialType`, `maxStackSize`, `maxStructure`, `radar`, `pscript`, `spellId`, `stackSize`, `structure`, `targetTypeId`, `usability`, `useRadius`, `validLocations`, `value`, `workmanship`, `animationFrameId`, `defaultScript`, `defaultScriptIntensity`, `elasticity`, `friction`, `locationId`, `modelTableId`, `objectScale`, `physicsBitField`, `physicsTableId`, `motionTableId`, `soundTableId`, `physicsState`, `translucency`)
VALUES (1881997314, 'Floating Spire', 65536, 0, 0, 0, 262164, 0, 0, 0, 0, 0, 0, 8388656, 0, 100667499, 0, 0, 0, 0, 0, 0, 0, 0, 4, 0, 0, 0, 0, 0, 32, -0.1, 0, 0, 0, 0, 0, 0, 0, 0, 0, 33555926, 0, 98307, 0, 150994947, 0, 3084, 0);

INSERT INTO `ace_object` (`baseAceObjectId`, `weenieClassId`, `landblock`, `cell`, `posX`, `posY`, `posZ`, `qW`, `qX`, `qY`, `qZ`)
VALUES (1881997314, 8189, 720, 362, 32.524, -32.156, 11.937, 0.3826829, 0, 0, -0.9238797);

INSERT INTO `base_ace_object` (`baseAceObjectId`, `name`, `typeId`, `paletteId`, `ammoType`, `blipColor`, `bitField`, `burden`, `combatUse`, `cooldownDuration`, `cooldownId`, `effects`, `containersCapacity`, `header`, `hookTypeId`, `iconId`, `iconOverlayId`, `iconUnderlayId`, `hookItemTypes`, `itemsCapacity`, `location`, `materialType`, `maxStackSize`, `maxStructure`, `radar`, `pscript`, `spellId`, `stackSize`, `structure`, `targetTypeId`, `usability`, `useRadius`, `validLocations`, `value`, `workmanship`, `animationFrameId`, `defaultScript`, `defaultScriptIntensity`, `elasticity`, `friction`, `locationId`, `modelTableId`, `objectScale`, `physicsBitField`, `physicsTableId`, `motionTableId`, `soundTableId`, `physicsState`, `translucency`)
VALUES (3710424771, 'Sho Roadside', 65536, 0, 0, 0, 262164, 0, 0, 0, 0, 0, 0, 8388656, 0, 100667499, 0, 0, 0, 0, 0, 0, 0, 0, 4, 0, 0, 0, 0, 0, 32, -0.1, 0, 0, 0, 0, 0, 0, 0, 0, 0, 33554867, 0, 98307, 0, 150994947, 0, 3084, 0);

INSERT INTO `ace_object` (`baseAceObjectId`, `weenieClassId`, `landblock`, `cell`, `posX`, `posY`, `posZ`, `qW`, `qX`, `qY`, `qZ`)
VALUES (3710424771, 1907, 720, 271, 41.4308, -40.6088, -6.063, 1, 0, 0, 0);

INSERT INTO `base_ace_object` (`baseAceObjectId`, `name`, `typeId`, `paletteId`, `ammoType`, `blipColor`, `bitField`, `burden`, `combatUse`, `cooldownDuration`, `cooldownId`, `effects`, `containersCapacity`, `header`, `hookTypeId`, `iconId`, `iconOverlayId`, `iconUnderlayId`, `hookItemTypes`, `itemsCapacity`, `location`, `materialType`, `maxStackSize`, `maxStructure`, `radar`, `pscript`, `spellId`, `stackSize`, `structure`, `targetTypeId`, `usability`, `useRadius`, `validLocations`, `value`, `workmanship`, `animationFrameId`, `defaultScript`, `defaultScriptIntensity`, `elasticity`, `friction`, `locationId`, `modelTableId`, `objectScale`, `physicsBitField`, `physicsTableId`, `motionTableId`, `soundTableId`, `physicsState`, `translucency`)
VALUES (3710666123, 'Direlands Valleys Portal', 65536, 0, 0, 0, 262164, 0, 0, 0, 0, 0, 0, 8388656, 0, 100667499, 0, 0, 0, 0, 0, 0, 0, 0, 4, 0, 0, 0, 0, 0, 32, -0.1, 0, 0, 0, 0, 0, 0, 0, 0, 0, 33555926, 0, 98307, 0, 150994947, 0, 3084, 0);

INSERT INTO `ace_object` (`baseAceObjectId`, `weenieClassId`, `landblock`, `cell`, `posX`, `posY`, `posZ`, `qW`, `qX`, `qY`, `qZ`)
VALUES (3710666123, 8386, 10362, 63, 182.632, 156.9093, 508.737, 0.9537169, 0, 0, -0.3007058);

INSERT INTO `base_ace_object` (`baseAceObjectId`, `name`, `typeId`, `paletteId`, `ammoType`, `blipColor`, `bitField`, `burden`, `combatUse`, `cooldownDuration`, `cooldownId`, `effects`, `containersCapacity`, `header`, `hookTypeId`, `iconId`, `iconOverlayId`, `iconUnderlayId`, `hookItemTypes`, `itemsCapacity`, `location`, `materialType`, `maxStackSize`, `maxStructure`, `radar`, `pscript`, `spellId`, `stackSize`, `structure`, `targetTypeId`, `usability`, `useRadius`, `validLocations`, `value`, `workmanship`, `animationFrameId`, `defaultScript`, `defaultScriptIntensity`, `elasticity`, `friction`, `locationId`, `modelTableId`, `objectScale`, `physicsBitField`, `physicsTableId`, `motionTableId`, `soundTableId`, `physicsState`, `translucency`)
VALUES (1881116760, 'Outside Accursed Halls Portal', 65536, 0, 0, 0, 262164, 0, 0, 0, 0, 0, 0, 8388656, 0, 100667499, 0, 0, 0, 0, 0, 0, 0, 0, 4, 0, 0, 0, 0, 0, 32, -0.1, 0, 0, 0, 0, 0, 0, 0, 0, 0, 33554867, 0, 98307, 0, 150994947, 0, 3084, 0);

INSERT INTO `ace_object` (`baseAceObjectId`, `weenieClassId`, `landblock`, `cell`, `posX`, `posY`, `posZ`, `qW`, `qX`, `qY`, `qZ`)
VALUES (1881116760, 1087, 505, 672, 90, -10, 29.937, -0.7071068, 0, 0, -0.7071068);

INSERT INTO `base_ace_object` (`baseAceObjectId`, `name`, `typeId`, `paletteId`, `ammoType`, `blipColor`, `bitField`, `burden`, `combatUse`, `cooldownDuration`, `cooldownId`, `effects`, `containersCapacity`, `header`, `hookTypeId`, `iconId`, `iconOverlayId`, `iconUnderlayId`, `hookItemTypes`, `itemsCapacity`, `location`, `materialType`, `maxStackSize`, `maxStructure`, `radar`, `pscript`, `spellId`, `stackSize`, `structure`, `targetTypeId`, `usability`, `useRadius`, `validLocations`, `value`, `workmanship`, `animationFrameId`, `defaultScript`, `defaultScriptIntensity`, `elasticity`, `friction`, `locationId`, `modelTableId`, `objectScale`, `physicsBitField`, `physicsTableId`, `motionTableId`, `soundTableId`, `physicsState`, `translucency`)
VALUES (1881116793, 'Outside Accursed Halls Portal', 65536, 0, 0, 0, 262164, 0, 0, 0, 0, 0, 0, 8388656, 0, 100667499, 0, 0, 0, 0, 0, 0, 0, 0, 4, 0, 0, 0, 0, 0, 32, -0.1, 0, 0, 0, 0, 0, 0, 0, 0, 0, 33554867, 0, 98307, 0, 150994947, 0, 3084, 0);

INSERT INTO `ace_object` (`baseAceObjectId`, `weenieClassId`, `landblock`, `cell`, `posX`, `posY`, `posZ`, `qW`, `qX`, `qY`, `qZ`)
VALUES (1881116793, 1087, 505, 837, 120, -30, 59.937, -0.7071068, 0, 0, -0.7071068);

INSERT INTO `base_ace_object` (`baseAceObjectId`, `name`, `typeId`, `paletteId`, `ammoType`, `blipColor`, `bitField`, `burden`, `combatUse`, `cooldownDuration`, `cooldownId`, `effects`, `containersCapacity`, `header`, `hookTypeId`, `iconId`, `iconOverlayId`, `iconUnderlayId`, `hookItemTypes`, `itemsCapacity`, `location`, `materialType`, `maxStackSize`, `maxStructure`, `radar`, `pscript`, `spellId`, `stackSize`, `structure`, `targetTypeId`, `usability`, `useRadius`, `validLocations`, `value`, `workmanship`, `animationFrameId`, `defaultScript`, `defaultScriptIntensity`, `elasticity`, `friction`, `locationId`, `modelTableId`, `objectScale`, `physicsBitField`, `physicsTableId`, `motionTableId`, `soundTableId`, `physicsState`, `translucency`)
VALUES (1881133089, 'Surface', 65536, 0, 0, 0, 262164, 0, 0, 0, 0, 0, 0, 8388656, 0, 100667499, 0, 0, 0, 0, 0, 0, 0, 0, 4, 0, 0, 0, 0, 0, 32, -0.1, 0, 0, 0, 0, 0, 0, 0, 0, 0, 33554867, 0, 98307, 0, 150994947, 0, 3084, 0);

INSERT INTO `ace_object` (`baseAceObjectId`, `weenieClassId`, `landblock`, `cell`, `posX`, `posY`, `posZ`, `qW`, `qX`, `qY`, `qZ`)
VALUES (1881133089, 1098, 509, 433, 170, -40, -6.063, -0.7071068, 0, 0, -0.7071068);

INSERT INTO `base_ace_object` (`baseAceObjectId`, `name`, `typeId`, `paletteId`, `ammoType`, `blipColor`, `bitField`, `burden`, `combatUse`, `cooldownDuration`, `cooldownId`, `effects`, `containersCapacity`, `header`, `hookTypeId`, `iconId`, `iconOverlayId`, `iconUnderlayId`, `hookItemTypes`, `itemsCapacity`, `location`, `materialType`, `maxStackSize`, `maxStructure`, `radar`, `pscript`, `spellId`, `stackSize`, `structure`, `targetTypeId`, `usability`, `useRadius`, `validLocations`, `value`, `workmanship`, `animationFrameId`, `defaultScript`, `defaultScriptIntensity`, `elasticity`, `friction`, `locationId`, `modelTableId`, `objectScale`, `physicsBitField`, `physicsTableId`, `motionTableId`, `soundTableId`, `physicsState`, `translucency`)
VALUES (1965506560, 'Lower Empyrean Lightning Cistern', 65536, 0, 0, 0, 262164, 0, 0, 0, 0, 0, 0, 8388656, 0, 100667499, 0, 0, 0, 0, 0, 0, 0, 0, 4, 0, 0, 0, 0, 0, 32, -0.1, 0, 0, 0, 0, 0, 0, 0, 0, 0, 33555926, 0, 98307, 0, 150994947, 0, 3084, 0);

INSERT INTO `ace_object` (`baseAceObjectId`, `weenieClassId`, `landblock`, `cell`, `posX`, `posY`, `posZ`, `qW`, `qX`, `qY`, `qZ`)
VALUES (1965506560, 14502, 21108, 257, -3.30366, -89.986, -48.063, 0.714421, 0, 0, 0.699716);

INSERT INTO `base_ace_object` (`baseAceObjectId`, `name`, `typeId`, `paletteId`, `ammoType`, `blipColor`, `bitField`, `burden`, `combatUse`, `cooldownDuration`, `cooldownId`, `effects`, `containersCapacity`, `header`, `hookTypeId`, `iconId`, `iconOverlayId`, `iconUnderlayId`, `hookItemTypes`, `itemsCapacity`, `location`, `materialType`, `maxStackSize`, `maxStructure`, `radar`, `pscript`, `spellId`, `stackSize`, `structure`, `targetTypeId`, `usability`, `useRadius`, `validLocations`, `value`, `workmanship`, `animationFrameId`, `defaultScript`, `defaultScriptIntensity`, `elasticity`, `friction`, `locationId`, `modelTableId`, `objectScale`, `physicsBitField`, `physicsTableId`, `motionTableId`, `soundTableId`, `physicsState`, `translucency`)
VALUES (1965506570, 'Upper Empyrean Lightning Cistern', 65536, 0, 0, 0, 262164, 0, 0, 0, 0, 0, 0, 8388656, 0, 100667499, 0, 0, 0, 0, 0, 0, 0, 0, 4, 0, 0, 0, 0, 0, 32, -0.1, 0, 0, 0, 0, 0, 0, 0, 0, 0, 33555926, 0, 98307, 0, 150994947, 0, 3084, 0);

INSERT INTO `ace_object` (`baseAceObjectId`, `weenieClassId`, `landblock`, `cell`, `posX`, `posY`, `posZ`, `qW`, `qX`, `qY`, `qZ`)
VALUES (1965506570, 14501, 21108, 267, 32.6071, -89.9579, -48.063, 0.6949892, 0, 0, -0.7190202);

INSERT INTO `base_ace_object` (`baseAceObjectId`, `name`, `typeId`, `paletteId`, `ammoType`, `blipColor`, `bitField`, `burden`, `combatUse`, `cooldownDuration`, `cooldownId`, `effects`, `containersCapacity`, `header`, `hookTypeId`, `iconId`, `iconOverlayId`, `iconUnderlayId`, `hookItemTypes`, `itemsCapacity`, `location`, `materialType`, `maxStackSize`, `maxStructure`, `radar`, `pscript`, `spellId`, `stackSize`, `structure`, `targetTypeId`, `usability`, `useRadius`, `validLocations`, `value`, `workmanship`, `animationFrameId`, `defaultScript`, `defaultScriptIntensity`, `elasticity`, `friction`, `locationId`, `modelTableId`, `objectScale`, `physicsBitField`, `physicsTableId`, `motionTableId`, `soundTableId`, `physicsState`, `translucency`)
VALUES (1965502546, 'Empyrean Lightning Propylaeum', 65536, 0, 0, 0, 262164, 0, 0, 0, 0, 0, 0, 8388656, 0, 100667499, 0, 0, 0, 0, 0, 0, 0, 0, 4, 0, 0, 0, 0, 0, 32, -0.1, 0, 0, 0, 0, 0, 0, 0, 0, 0, 33555925, 0, 98307, 0, 150994947, 0, 3084, 0);

INSERT INTO `ace_object` (`baseAceObjectId`, `weenieClassId`, `landblock`, `cell`, `posX`, `posY`, `posZ`, `qW`, `qX`, `qY`, `qZ`)
VALUES (1965502546, 14503, 21107, 581, 79.8089, -156.345, -0.06299996, 0.020795, 0, 0, 0.9997838);

INSERT INTO `base_ace_object` (`baseAceObjectId`, `name`, `typeId`, `paletteId`, `ammoType`, `blipColor`, `bitField`, `burden`, `combatUse`, `cooldownDuration`, `cooldownId`, `effects`, `containersCapacity`, `header`, `hookTypeId`, `iconId`, `iconOverlayId`, `iconUnderlayId`, `hookItemTypes`, `itemsCapacity`, `location`, `materialType`, `maxStackSize`, `maxStructure`, `radar`, `pscript`, `spellId`, `stackSize`, `structure`, `targetTypeId`, `usability`, `useRadius`, `validLocations`, `value`, `workmanship`, `animationFrameId`, `defaultScript`, `defaultScriptIntensity`, `elasticity`, `friction`, `locationId`, `modelTableId`, `objectScale`, `physicsBitField`, `physicsTableId`, `motionTableId`, `soundTableId`, `physicsState`, `translucency`)
VALUES (1965506593, 'Surface', 65536, 0, 0, 0, 262164, 0, 0, 0, 0, 0, 0, 8388656, 0, 100667499, 0, 0, 0, 0, 0, 0, 0, 0, 4, 0, 0, 0, 0, 0, 32, -0.1, 0, 0, 0, 0, 0, 0, 0, 0, 0, 33554867, 0, 98307, 0, 150994947, 0, 3084, 0);

INSERT INTO `ace_object` (`baseAceObjectId`, `weenieClassId`, `landblock`, `cell`, `posX`, `posY`, `posZ`, `qW`, `qX`, `qY`, `qZ`)
VALUES (1965506593, 14491, 21108, 332, 27.8468, -12.2197, -0.06299996, 0.3551371, 0, 0, 0.9348142);

INSERT INTO `base_ace_object` (`baseAceObjectId`, `name`, `typeId`, `paletteId`, `ammoType`, `blipColor`, `bitField`, `burden`, `combatUse`, `cooldownDuration`, `cooldownId`, `effects`, `containersCapacity`, `header`, `hookTypeId`, `iconId`, `iconOverlayId`, `iconUnderlayId`, `hookItemTypes`, `itemsCapacity`, `location`, `materialType`, `maxStackSize`, `maxStructure`, `radar`, `pscript`, `spellId`, `stackSize`, `structure`, `targetTypeId`, `usability`, `useRadius`, `validLocations`, `value`, `workmanship`, `animationFrameId`, `defaultScript`, `defaultScriptIntensity`, `elasticity`, `friction`, `locationId`, `modelTableId`, `objectScale`, `physicsBitField`, `physicsTableId`, `motionTableId`, `soundTableId`, `physicsState`, `translucency`)
VALUES (1965502558, 'Empyrean Lightning Propylaeum', 65536, 0, 0, 0, 262164, 0, 0, 0, 0, 0, 0, 8388656, 0, 100667499, 0, 0, 0, 0, 0, 0, 0, 0, 4, 0, 0, 0, 0, 0, 32, -0.1, 0, 0, 0, 0, 0, 0, 0, 0, 0, 33555925, 0, 98307, 0, 150994947, 0, 3084, 0);

INSERT INTO `ace_object` (`baseAceObjectId`, `weenieClassId`, `landblock`, `cell`, `posX`, `posY`, `posZ`, `qW`, `qX`, `qY`, `qZ`)
VALUES (1965502558, 14503, 21107, 631, 27.7416, -52.6562, 5.937, 0.402088, 0, 0, 0.915601);

INSERT INTO `base_ace_object` (`baseAceObjectId`, `name`, `typeId`, `paletteId`, `ammoType`, `blipColor`, `bitField`, `burden`, `combatUse`, `cooldownDuration`, `cooldownId`, `effects`, `containersCapacity`, `header`, `hookTypeId`, `iconId`, `iconOverlayId`, `iconUnderlayId`, `hookItemTypes`, `itemsCapacity`, `location`, `materialType`, `maxStackSize`, `maxStructure`, `radar`, `pscript`, `spellId`, `stackSize`, `structure`, `targetTypeId`, `usability`, `useRadius`, `validLocations`, `value`, `workmanship`, `animationFrameId`, `defaultScript`, `defaultScriptIntensity`, `elasticity`, `friction`, `locationId`, `modelTableId`, `objectScale`, `physicsBitField`, `physicsTableId`, `motionTableId`, `soundTableId`, `physicsState`, `translucency`)
VALUES (1926561792, 'Hidden Cavern', 65536, 0, 0, 0, 262164, 0, 0, 0, 0, 0, 0, 8388656, 0, 100667499, 0, 0, 0, 0, 0, 0, 0, 0, 4, 0, 0, 0, 0, 0, 32, -0.1, 0, 0, 0, 0, 0, 0, 0, 0, 0, 33555925, 0, 98307, 0, 150994947, 0, 3084, 0);

INSERT INTO `ace_object` (`baseAceObjectId`, `weenieClassId`, `landblock`, `cell`, `posX`, `posY`, `posZ`, `qW`, `qX`, `qY`, `qZ`)
VALUES (1926561792, 25570, 11600, 34, 104.713, 26.434, -0.06299996, 0.5080371, 0, 0, -0.8613352);

INSERT INTO `base_ace_object` (`baseAceObjectId`, `name`, `typeId`, `paletteId`, `ammoType`, `blipColor`, `bitField`, `burden`, `combatUse`, `cooldownDuration`, `cooldownId`, `effects`, `containersCapacity`, `header`, `hookTypeId`, `iconId`, `iconOverlayId`, `iconUnderlayId`, `hookItemTypes`, `itemsCapacity`, `location`, `materialType`, `maxStackSize`, `maxStructure`, `radar`, `pscript`, `spellId`, `stackSize`, `structure`, `targetTypeId`, `usability`, `useRadius`, `validLocations`, `value`, `workmanship`, `animationFrameId`, `defaultScript`, `defaultScriptIntensity`, `elasticity`, `friction`, `locationId`, `modelTableId`, `objectScale`, `physicsBitField`, `physicsTableId`, `motionTableId`, `soundTableId`, `physicsState`, `translucency`)
VALUES (1882144782, 'Surface Portal', 65536, 0, 0, 0, 262164, 0, 0, 0, 0, 0, 0, 8388656, 0, 100667499, 0, 0, 0, 0, 0, 0, 0, 0, 4, 0, 0, 0, 0, 0, 32, -0.1, 0, 0, 0, 0, 0, 0, 0, 0, 0, 33554867, 0, 98307, 0, 150994947, 0, 3084, 0);

INSERT INTO `ace_object` (`baseAceObjectId`, `weenieClassId`, `landblock`, `cell`, `posX`, `posY`, `posZ`, `qW`, `qX`, `qY`, `qZ`)
VALUES (1882144782, 7292, 756, 353, 120, -320, -48.063, 1, 0, 0, -4.37114E-08);

INSERT INTO `base_ace_object` (`baseAceObjectId`, `name`, `typeId`, `paletteId`, `ammoType`, `blipColor`, `bitField`, `burden`, `combatUse`, `cooldownDuration`, `cooldownId`, `effects`, `containersCapacity`, `header`, `hookTypeId`, `iconId`, `iconOverlayId`, `iconUnderlayId`, `hookItemTypes`, `itemsCapacity`, `location`, `materialType`, `maxStackSize`, `maxStructure`, `radar`, `pscript`, `spellId`, `stackSize`, `structure`, `targetTypeId`, `usability`, `useRadius`, `validLocations`, `value`, `workmanship`, `animationFrameId`, `defaultScript`, `defaultScriptIntensity`, `elasticity`, `friction`, `locationId`, `modelTableId`, `objectScale`, `physicsBitField`, `physicsTableId`, `motionTableId`, `soundTableId`, `physicsState`, `translucency`)
VALUES (1971777536, 'Tusker Den', 65536, 0, 0, 0, 262164, 0, 0, 0, 0, 0, 0, 8388656, 0, 100667499, 0, 0, 0, 0, 0, 0, 0, 0, 4, 0, 0, 0, 0, 0, 32, -0.1, 0, 0, 0, 0, 0, 0, 0, 0, 0, 33555925, 0, 98307, 0, 150994947, 0, 3084, 0);

INSERT INTO `ace_object` (`baseAceObjectId`, `weenieClassId`, `landblock`, `cell`, `posX`, `posY`, `posZ`, `qW`, `qX`, `qY`, `qZ`)
VALUES (1971777536, 51428, 22639, 259, 230, -230.05, -17.86748, 1, 0, 0, 0);

INSERT INTO `base_ace_object` (`baseAceObjectId`, `name`, `typeId`, `paletteId`, `ammoType`, `blipColor`, `bitField`, `burden`, `combatUse`, `cooldownDuration`, `cooldownId`, `effects`, `containersCapacity`, `header`, `hookTypeId`, `iconId`, `iconOverlayId`, `iconUnderlayId`, `hookItemTypes`, `itemsCapacity`, `location`, `materialType`, `maxStackSize`, `maxStructure`, `radar`, `pscript`, `spellId`, `stackSize`, `structure`, `targetTypeId`, `usability`, `useRadius`, `validLocations`, `value`, `workmanship`, `animationFrameId`, `defaultScript`, `defaultScriptIntensity`, `elasticity`, `friction`, `locationId`, `modelTableId`, `objectScale`, `physicsBitField`, `physicsTableId`, `motionTableId`, `soundTableId`, `physicsState`, `translucency`)
VALUES (3681325758, 'Singularity Caul', 65536, 0, 0, 0, 262164, 0, 0, 0, 0, 0, 0, 8388656, 0, 100667499, 0, 0, 0, 0, 0, 0, 0, 0, 4, 0, 0, 0, 0, 0, 32, -0.1, 0, 0, 0, 0, 0, 0, 0, 0, 0, 33555925, 0, 98307, 0, 150994947, 0, 2060, 0);

INSERT INTO `ace_object` (`baseAceObjectId`, `weenieClassId`, `landblock`, `cell`, `posX`, `posY`, `posZ`, `qW`, `qX`, `qY`, `qZ`)
VALUES (3681325758, 10794, 12335, 6, 4.836926, 121.0535, 3.885802, -0.2305664, 0, 0, -0.9730566);

INSERT INTO `base_ace_object` (`baseAceObjectId`, `name`, `typeId`, `paletteId`, `ammoType`, `blipColor`, `bitField`, `burden`, `combatUse`, `cooldownDuration`, `cooldownId`, `effects`, `containersCapacity`, `header`, `hookTypeId`, `iconId`, `iconOverlayId`, `iconUnderlayId`, `hookItemTypes`, `itemsCapacity`, `location`, `materialType`, `maxStackSize`, `maxStructure`, `radar`, `pscript`, `spellId`, `stackSize`, `structure`, `targetTypeId`, `usability`, `useRadius`, `validLocations`, `value`, `workmanship`, `animationFrameId`, `defaultScript`, `defaultScriptIntensity`, `elasticity`, `friction`, `locationId`, `modelTableId`, `objectScale`, `physicsBitField`, `physicsTableId`, `motionTableId`, `soundTableId`, `physicsState`, `translucency`)
VALUES (2040422415, 'Entrance to Portal Space', 65536, 0, 0, 0, 262164, 0, 0, 0, 0, 0, 0, 8388656, 0, 100667499, 0, 0, 0, 0, 0, 0, 0, 0, 4, 0, 0, 0, 0, 0, 32, -0.1, 0, 0, 0, 0, 0, 0, 0, 0, 0, 33557578, 0, 98307, 0, 150994947, 0, 2060, 0);

INSERT INTO `ace_object` (`baseAceObjectId`, `weenieClassId`, `landblock`, `cell`, `posX`, `posY`, `posZ`, `qW`, `qX`, `qY`, `qZ`)
VALUES (2040422415, 14579, 39398, 64, 172.46, 172.542, 77.487, 0.9980393, 0, 0, 0.06259022);

INSERT INTO `base_ace_object` (`baseAceObjectId`, `name`, `typeId`, `paletteId`, `ammoType`, `blipColor`, `bitField`, `burden`, `combatUse`, `cooldownDuration`, `cooldownId`, `effects`, `containersCapacity`, `header`, `hookTypeId`, `iconId`, `iconOverlayId`, `iconUnderlayId`, `hookItemTypes`, `itemsCapacity`, `location`, `materialType`, `maxStackSize`, `maxStructure`, `radar`, `pscript`, `spellId`, `stackSize`, `structure`, `targetTypeId`, `usability`, `useRadius`, `validLocations`, `value`, `workmanship`, `animationFrameId`, `defaultScript`, `defaultScriptIntensity`, `elasticity`, `friction`, `locationId`, `modelTableId`, `objectScale`, `physicsBitField`, `physicsTableId`, `motionTableId`, `soundTableId`, `physicsState`, `translucency`)
VALUES (2025926696, 'Lightning Guardian Lair', 65536, 0, 0, 0, 262164, 0, 0, 0, 0, 0, 0, 8388656, 0, 100667499, 0, 0, 0, 0, 0, 0, 0, 0, 4, 0, 0, 0, 0, 0, 32, -0.1, 0, 0, 0, 0, 0, 0, 0, 0, 0, 33555925, 0, 98307, 0, 150994947, 0, 3084, 0);

INSERT INTO `ace_object` (`baseAceObjectId`, `weenieClassId`, `landblock`, `cell`, `posX`, `posY`, `posZ`, `qW`, `qX`, `qY`, `qZ`)
VALUES (2025926696, 21420, 35859, 25, 89.1797, 17.5921, 455.937, -0.4217452, 0, 0, -0.9067144);

INSERT INTO `base_ace_object` (`baseAceObjectId`, `name`, `typeId`, `paletteId`, `ammoType`, `blipColor`, `bitField`, `burden`, `combatUse`, `cooldownDuration`, `cooldownId`, `effects`, `containersCapacity`, `header`, `hookTypeId`, `iconId`, `iconOverlayId`, `iconUnderlayId`, `hookItemTypes`, `itemsCapacity`, `location`, `materialType`, `maxStackSize`, `maxStructure`, `radar`, `pscript`, `spellId`, `stackSize`, `structure`, `targetTypeId`, `usability`, `useRadius`, `validLocations`, `value`, `workmanship`, `animationFrameId`, `defaultScript`, `defaultScriptIntensity`, `elasticity`, `friction`, `locationId`, `modelTableId`, `objectScale`, `physicsBitField`, `physicsTableId`, `motionTableId`, `soundTableId`, `physicsState`, `translucency`)
VALUES (2025922570, 'Charged Refuge', 65536, 0, 0, 0, 262164, 0, 0, 0, 0, 0, 0, 8388656, 0, 100667499, 0, 0, 0, 0, 0, 0, 0, 0, 4, 0, 0, 0, 0, 0, 32, -0.1, 0, 0, 0, 0, 0, 0, 0, 0, 0, 33555925, 0, 98307, 0, 150994947, 0, 3084, 0);

INSERT INTO `ace_object` (`baseAceObjectId`, `weenieClassId`, `landblock`, `cell`, `posX`, `posY`, `posZ`, `qW`, `qX`, `qY`, `qZ`)
VALUES (2025922570, 45721, 35858, 40, 117.689, 176.098, 455.937, -0.155919, 0, 0, 0.9877698);

INSERT INTO `base_ace_object` (`baseAceObjectId`, `name`, `typeId`, `paletteId`, `ammoType`, `blipColor`, `bitField`, `burden`, `combatUse`, `cooldownDuration`, `cooldownId`, `effects`, `containersCapacity`, `header`, `hookTypeId`, `iconId`, `iconOverlayId`, `iconUnderlayId`, `hookItemTypes`, `itemsCapacity`, `location`, `materialType`, `maxStackSize`, `maxStructure`, `radar`, `pscript`, `spellId`, `stackSize`, `structure`, `targetTypeId`, `usability`, `useRadius`, `validLocations`, `value`, `workmanship`, `animationFrameId`, `defaultScript`, `defaultScriptIntensity`, `elasticity`, `friction`, `locationId`, `modelTableId`, `objectScale`, `physicsBitField`, `physicsTableId`, `motionTableId`, `soundTableId`, `physicsState`, `translucency`)
VALUES (2024873984, 'Empyrean Lightning Propylaeum', 65536, 0, 0, 0, 262164, 0, 0, 0, 0, 0, 0, 8388656, 0, 100667499, 0, 0, 0, 0, 0, 0, 0, 0, 4, 0, 0, 0, 0, 0, 32, -0.1, 0, 0, 0, 0, 0, 0, 0, 0, 0, 33555925, 0, 98307, 0, 150994947, 0, 3084, 0);

INSERT INTO `ace_object` (`baseAceObjectId`, `weenieClassId`, `landblock`, `cell`, `posX`, `posY`, `posZ`, `qW`, `qX`, `qY`, `qZ`)
VALUES (2024873984, 14503, 35602, 21, 62.5288, 110.046, 333.4619, -0.361446, 0, 0, -0.932393);

INSERT INTO `base_ace_object` (`baseAceObjectId`, `name`, `typeId`, `paletteId`, `ammoType`, `blipColor`, `bitField`, `burden`, `combatUse`, `cooldownDuration`, `cooldownId`, `effects`, `containersCapacity`, `header`, `hookTypeId`, `iconId`, `iconOverlayId`, `iconUnderlayId`, `hookItemTypes`, `itemsCapacity`, `location`, `materialType`, `maxStackSize`, `maxStructure`, `radar`, `pscript`, `spellId`, `stackSize`, `structure`, `targetTypeId`, `usability`, `useRadius`, `validLocations`, `value`, `workmanship`, `animationFrameId`, `defaultScript`, `defaultScriptIntensity`, `elasticity`, `friction`, `locationId`, `modelTableId`, `objectScale`, `physicsBitField`, `physicsTableId`, `motionTableId`, `soundTableId`, `physicsState`, `translucency`)
VALUES (1939083264, 'Knath Lair', 65536, 0, 0, 0, 262164, 0, 0, 0, 0, 0, 0, 8388656, 0, 100667499, 0, 0, 0, 0, 0, 0, 0, 0, 4, 0, 0, 0, 0, 0, 32, -0.1, 0, 0, 0, 0, 0, 0, 0, 0, 0, 33554867, 0, 98307, 0, 150994947, 0, 3084, 0);

INSERT INTO `ace_object` (`baseAceObjectId`, `weenieClassId`, `landblock`, `cell`, `posX`, `posY`, `posZ`, `qW`, `qX`, `qY`, `qZ`)
VALUES (1939083264, 3638, 14657, 2, 15.713, 46.722, 0.6275834, 0.9822004, 0, 0, -0.1878361);

INSERT INTO `base_ace_object` (`baseAceObjectId`, `name`, `typeId`, `paletteId`, `ammoType`, `blipColor`, `bitField`, `burden`, `combatUse`, `cooldownDuration`, `cooldownId`, `effects`, `containersCapacity`, `header`, `hookTypeId`, `iconId`, `iconOverlayId`, `iconUnderlayId`, `hookItemTypes`, `itemsCapacity`, `location`, `materialType`, `maxStackSize`, `maxStructure`, `radar`, `pscript`, `spellId`, `stackSize`, `structure`, `targetTypeId`, `usability`, `useRadius`, `validLocations`, `value`, `workmanship`, `animationFrameId`, `defaultScript`, `defaultScriptIntensity`, `elasticity`, `friction`, `locationId`, `modelTableId`, `objectScale`, `physicsBitField`, `physicsTableId`, `motionTableId`, `soundTableId`, `physicsState`, `translucency`)
VALUES (1881145399, 'House Portal', 65536, 0, 0, 0, 262164, 0, 0, 0, 0, 0, 0, 41943088, 0, 100667499, 0, 0, 0, 0, 0, 0, 0, 0, 4, 0, 0, 0, 0, 0, 32, 0.75, 0, 0, 0, 0, 0, 0, 0, 0, 0, 33554867, 0, 98307, 0, 150994947, 0, 3076, 0);

INSERT INTO `ace_object` (`baseAceObjectId`, `weenieClassId`, `landblock`, `cell`, `posX`, `posY`, `posZ`, `qW`, `qX`, `qY`, `qZ`)
VALUES (1881145399, 11730, 512, 334, 50, -50, -6.063, -0.6892104, 0, 0, -0.7245613);

INSERT INTO `base_ace_object` (`baseAceObjectId`, `name`, `typeId`, `paletteId`, `ammoType`, `blipColor`, `bitField`, `burden`, `combatUse`, `cooldownDuration`, `cooldownId`, `effects`, `containersCapacity`, `header`, `hookTypeId`, `iconId`, `iconOverlayId`, `iconUnderlayId`, `hookItemTypes`, `itemsCapacity`, `location`, `materialType`, `maxStackSize`, `maxStructure`, `radar`, `pscript`, `spellId`, `stackSize`, `structure`, `targetTypeId`, `usability`, `useRadius`, `validLocations`, `value`, `workmanship`, `animationFrameId`, `defaultScript`, `defaultScriptIntensity`, `elasticity`, `friction`, `locationId`, `modelTableId`, `objectScale`, `physicsBitField`, `physicsTableId`, `motionTableId`, `soundTableId`, `physicsState`, `translucency`)
VALUES (1882279952, 'House Portal', 65536, 0, 0, 0, 262164, 0, 0, 0, 0, 0, 0, 41943088, 0, 100667499, 0, 0, 0, 0, 0, 0, 0, 0, 4, 0, 0, 0, 0, 0, 32, 0.75, 0, 0, 0, 0, 0, 0, 0, 0, 0, 33554867, 0, 98307, 0, 150994947, 0, 3076, 0);

INSERT INTO `ace_object` (`baseAceObjectId`, `weenieClassId`, `landblock`, `cell`, `posX`, `posY`, `posZ`, `qW`, `qX`, `qY`, `qZ`)
VALUES (1882279952, 11730, 789, 287, 20, -50, -6.063, 1, 0, 0, 0);

INSERT INTO `base_ace_object` (`baseAceObjectId`, `name`, `typeId`, `paletteId`, `ammoType`, `blipColor`, `bitField`, `burden`, `combatUse`, `cooldownDuration`, `cooldownId`, `effects`, `containersCapacity`, `header`, `hookTypeId`, `iconId`, `iconOverlayId`, `iconUnderlayId`, `hookItemTypes`, `itemsCapacity`, `location`, `materialType`, `maxStackSize`, `maxStructure`, `radar`, `pscript`, `spellId`, `stackSize`, `structure`, `targetTypeId`, `usability`, `useRadius`, `validLocations`, `value`, `workmanship`, `animationFrameId`, `defaultScript`, `defaultScriptIntensity`, `elasticity`, `friction`, `locationId`, `modelTableId`, `objectScale`, `physicsBitField`, `physicsTableId`, `motionTableId`, `soundTableId`, `physicsState`, `translucency`)
VALUES (1989747153, 'House Portal', 65536, 0, 0, 0, 262164, 0, 0, 0, 0, 0, 0, 41943088, 0, 100667499, 0, 0, 0, 0, 0, 0, 0, 0, 4, 0, 0, 0, 0, 0, 32, 0.75, 0, 0, 0, 0, 0, 0, 0, 0, 0, 33554867, 0, 98307, 0, 150994947, 0, 3076, 0);

INSERT INTO `ace_object` (`baseAceObjectId`, `weenieClassId`, `landblock`, `cell`, `posX`, `posY`, `posZ`, `qW`, `qX`, `qY`, `qZ`)
VALUES (1989747153, 11730, 27026, 280, 51.1641, 35.3136, 11.137, 0.3610908, 0, 0, 0.9325306);

INSERT INTO `base_ace_object` (`baseAceObjectId`, `name`, `typeId`, `paletteId`, `ammoType`, `blipColor`, `bitField`, `burden`, `combatUse`, `cooldownDuration`, `cooldownId`, `effects`, `containersCapacity`, `header`, `hookTypeId`, `iconId`, `iconOverlayId`, `iconUnderlayId`, `hookItemTypes`, `itemsCapacity`, `location`, `materialType`, `maxStackSize`, `maxStructure`, `radar`, `pscript`, `spellId`, `stackSize`, `structure`, `targetTypeId`, `usability`, `useRadius`, `validLocations`, `value`, `workmanship`, `animationFrameId`, `defaultScript`, `defaultScriptIntensity`, `elasticity`, `friction`, `locationId`, `modelTableId`, `objectScale`, `physicsBitField`, `physicsTableId`, `motionTableId`, `soundTableId`, `physicsState`, `translucency`)
VALUES (1989747162, 'House Portal', 65536, 0, 0, 0, 262164, 0, 0, 0, 0, 0, 0, 41943088, 0, 100667499, 0, 0, 0, 0, 0, 0, 0, 0, 4, 0, 0, 0, 0, 0, 32, 0.75, 0, 0, 0, 0, 0, 0, 0, 0, 0, 33554867, 0, 98307, 0, 150994947, 0, 3076, 0);

INSERT INTO `ace_object` (`baseAceObjectId`, `weenieClassId`, `landblock`, `cell`, `posX`, `posY`, `posZ`, `qW`, `qX`, `qY`, `qZ`)
VALUES (1989747162, 11730, 27026, 308, 38.5508, 81.1052, 13.137, -0.6766718, 0, 0, 0.7362848);

INSERT INTO `base_ace_object` (`baseAceObjectId`, `name`, `typeId`, `paletteId`, `ammoType`, `blipColor`, `bitField`, `burden`, `combatUse`, `cooldownDuration`, `cooldownId`, `effects`, `containersCapacity`, `header`, `hookTypeId`, `iconId`, `iconOverlayId`, `iconUnderlayId`, `hookItemTypes`, `itemsCapacity`, `location`, `materialType`, `maxStackSize`, `maxStructure`, `radar`, `pscript`, `spellId`, `stackSize`, `structure`, `targetTypeId`, `usability`, `useRadius`, `validLocations`, `value`, `workmanship`, `animationFrameId`, `defaultScript`, `defaultScriptIntensity`, `elasticity`, `friction`, `locationId`, `modelTableId`, `objectScale`, `physicsBitField`, `physicsTableId`, `motionTableId`, `soundTableId`, `physicsState`, `translucency`)
VALUES (1989747145, 'House Portal', 65536, 0, 0, 0, 262164, 0, 0, 0, 0, 0, 0, 41943088, 0, 100667499, 0, 0, 0, 0, 0, 0, 0, 0, 4, 0, 0, 0, 0, 0, 32, 0.75, 0, 0, 0, 0, 0, 0, 0, 0, 0, 33554867, 0, 98307, 0, 150994947, 0, 3076, 0);

INSERT INTO `ace_object` (`baseAceObjectId`, `weenieClassId`, `landblock`, `cell`, `posX`, `posY`, `posZ`, `qW`, `qX`, `qY`, `qZ`)
VALUES (1989747145, 11730, 27026, 339, 44.3984, 155.73, 13.137, 0.6659069, 0, 0, -0.7460349);

INSERT INTO `base_ace_object` (`baseAceObjectId`, `name`, `typeId`, `paletteId`, `ammoType`, `blipColor`, `bitField`, `burden`, `combatUse`, `cooldownDuration`, `cooldownId`, `effects`, `containersCapacity`, `header`, `hookTypeId`, `iconId`, `iconOverlayId`, `iconUnderlayId`, `hookItemTypes`, `itemsCapacity`, `location`, `materialType`, `maxStackSize`, `maxStructure`, `radar`, `pscript`, `spellId`, `stackSize`, `structure`, `targetTypeId`, `usability`, `useRadius`, `validLocations`, `value`, `workmanship`, `animationFrameId`, `defaultScript`, `defaultScriptIntensity`, `elasticity`, `friction`, `locationId`, `modelTableId`, `objectScale`, `physicsBitField`, `physicsTableId`, `motionTableId`, `soundTableId`, `physicsState`, `translucency`)
VALUES (1989747151, 'House Portal', 65536, 0, 0, 0, 262164, 0, 0, 0, 0, 0, 0, 41943088, 0, 100667499, 0, 0, 0, 0, 0, 0, 0, 0, 4, 0, 0, 0, 0, 0, 32, 0.75, 0, 0, 0, 0, 0, 0, 0, 0, 0, 33554867, 0, 98307, 0, 150994947, 0, 3076, 0);

INSERT INTO `ace_object` (`baseAceObjectId`, `weenieClassId`, `landblock`, `cell`, `posX`, `posY`, `posZ`, `qW`, `qX`, `qY`, `qZ`)
VALUES (1989747151, 11730, 27026, 367, 158.648, 37.7155, 23.137, 0.9996685, 0, 0, -0.02574589);

INSERT INTO `base_ace_object` (`baseAceObjectId`, `name`, `typeId`, `paletteId`, `ammoType`, `blipColor`, `bitField`, `burden`, `combatUse`, `cooldownDuration`, `cooldownId`, `effects`, `containersCapacity`, `header`, `hookTypeId`, `iconId`, `iconOverlayId`, `iconUnderlayId`, `hookItemTypes`, `itemsCapacity`, `location`, `materialType`, `maxStackSize`, `maxStructure`, `radar`, `pscript`, `spellId`, `stackSize`, `structure`, `targetTypeId`, `usability`, `useRadius`, `validLocations`, `value`, `workmanship`, `animationFrameId`, `defaultScript`, `defaultScriptIntensity`, `elasticity`, `friction`, `locationId`, `modelTableId`, `objectScale`, `physicsBitField`, `physicsTableId`, `motionTableId`, `soundTableId`, `physicsState`, `translucency`)
VALUES (1989747149, 'House Portal', 65536, 0, 0, 0, 262164, 0, 0, 0, 0, 0, 0, 41943088, 0, 100667499, 0, 0, 0, 0, 0, 0, 0, 0, 4, 0, 0, 0, 0, 0, 32, 0.75, 0, 0, 0, 0, 0, 0, 0, 0, 0, 33554867, 0, 98307, 0, 150994947, 0, 3076, 0);

INSERT INTO `ace_object` (`baseAceObjectId`, `weenieClassId`, `landblock`, `cell`, `posX`, `posY`, `posZ`, `qW`, `qX`, `qY`, `qZ`)
VALUES (1989747149, 11730, 27026, 398, 154.268, 110.391, 27.137, 0.7233503, 0, 0, 0.6904812);

INSERT INTO `base_ace_object` (`baseAceObjectId`, `name`, `typeId`, `paletteId`, `ammoType`, `blipColor`, `bitField`, `burden`, `combatUse`, `cooldownDuration`, `cooldownId`, `effects`, `containersCapacity`, `header`, `hookTypeId`, `iconId`, `iconOverlayId`, `iconUnderlayId`, `hookItemTypes`, `itemsCapacity`, `location`, `materialType`, `maxStackSize`, `maxStructure`, `radar`, `pscript`, `spellId`, `stackSize`, `structure`, `targetTypeId`, `usability`, `useRadius`, `validLocations`, `value`, `workmanship`, `animationFrameId`, `defaultScript`, `defaultScriptIntensity`, `elasticity`, `friction`, `locationId`, `modelTableId`, `objectScale`, `physicsBitField`, `physicsTableId`, `motionTableId`, `soundTableId`, `physicsState`, `translucency`)
VALUES (1989747155, 'House Portal', 65536, 0, 0, 0, 262164, 0, 0, 0, 0, 0, 0, 41943088, 0, 100667499, 0, 0, 0, 0, 0, 0, 0, 0, 4, 0, 0, 0, 0, 0, 32, 0.75, 0, 0, 0, 0, 0, 0, 0, 0, 0, 33554867, 0, 98307, 0, 150994947, 0, 3076, 0);

INSERT INTO `ace_object` (`baseAceObjectId`, `weenieClassId`, `landblock`, `cell`, `posX`, `posY`, `posZ`, `qW`, `qX`, `qY`, `qZ`)
VALUES (1989747155, 11730, 27026, 429, 141.13, 156.6, 31.137, -0.6933556, 0, 0, 0.7205957);

INSERT INTO `base_ace_object` (`baseAceObjectId`, `name`, `typeId`, `paletteId`, `ammoType`, `blipColor`, `bitField`, `burden`, `combatUse`, `cooldownDuration`, `cooldownId`, `effects`, `containersCapacity`, `header`, `hookTypeId`, `iconId`, `iconOverlayId`, `iconUnderlayId`, `hookItemTypes`, `itemsCapacity`, `location`, `materialType`, `maxStackSize`, `maxStructure`, `radar`, `pscript`, `spellId`, `stackSize`, `structure`, `targetTypeId`, `usability`, `useRadius`, `validLocations`, `value`, `workmanship`, `animationFrameId`, `defaultScript`, `defaultScriptIntensity`, `elasticity`, `friction`, `locationId`, `modelTableId`, `objectScale`, `physicsBitField`, `physicsTableId`, `motionTableId`, `soundTableId`, `physicsState`, `translucency`)
VALUES (2096910401, 'House Portal', 65536, 0, 0, 0, 262164, 0, 0, 0, 0, 0, 0, 41943088, 0, 100667499, 0, 0, 0, 0, 0, 0, 0, 0, 4, 0, 0, 0, 0, 0, 32, 0.75, 0, 0, 0, 0, 0, 0, 0, 0, 0, 33554867, 0, 98307, 0, 150994947, 0, 3076, 0);

INSERT INTO `ace_object` (`baseAceObjectId`, `weenieClassId`, `landblock`, `cell`, `posX`, `posY`, `posZ`, `qW`, `qX`, `qY`, `qZ`)
VALUES (2096910401, 11730, 53189, 338, 114.875, 150.896, 131.937, -0.700981, 0, 0, 0.7131799);

INSERT INTO `base_ace_object` (`baseAceObjectId`, `name`, `typeId`, `paletteId`, `ammoType`, `blipColor`, `bitField`, `burden`, `combatUse`, `cooldownDuration`, `cooldownId`, `effects`, `containersCapacity`, `header`, `hookTypeId`, `iconId`, `iconOverlayId`, `iconUnderlayId`, `hookItemTypes`, `itemsCapacity`, `location`, `materialType`, `maxStackSize`, `maxStructure`, `radar`, `pscript`, `spellId`, `stackSize`, `structure`, `targetTypeId`, `usability`, `useRadius`, `validLocations`, `value`, `workmanship`, `animationFrameId`, `defaultScript`, `defaultScriptIntensity`, `elasticity`, `friction`, `locationId`, `modelTableId`, `objectScale`, `physicsBitField`, `physicsTableId`, `motionTableId`, `soundTableId`, `physicsState`, `translucency`)
VALUES (1922310144, 'Apostate Citadel Mines', 65536, 0, 0, 0, 262164, 0, 0, 0, 0, 0, 0, 8388656, 0, 100667499, 0, 0, 0, 0, 0, 0, 0, 0, 4, 0, 0, 0, 0, 0, 32, -0.1, 0, 0, 0, 0, 0, 0, 0, 0, 0, 33555925, 0, 98307, 0, 150994947, 0, 3084, 0);

INSERT INTO `ace_object` (`baseAceObjectId`, `weenieClassId`, `landblock`, `cell`, `posX`, `posY`, `posZ`, `qW`, `qX`, `qY`, `qZ`)
VALUES (1922310144, 40505, 10562, 21, 56.4092, 112.307, 26.61222, 0.9829904, 0, 0, 0.1836571);

INSERT INTO `base_ace_object` (`baseAceObjectId`, `name`, `typeId`, `paletteId`, `ammoType`, `blipColor`, `bitField`, `burden`, `combatUse`, `cooldownDuration`, `cooldownId`, `effects`, `containersCapacity`, `header`, `hookTypeId`, `iconId`, `iconOverlayId`, `iconUnderlayId`, `hookItemTypes`, `itemsCapacity`, `location`, `materialType`, `maxStackSize`, `maxStructure`, `radar`, `pscript`, `spellId`, `stackSize`, `structure`, `targetTypeId`, `usability`, `useRadius`, `validLocations`, `value`, `workmanship`, `animationFrameId`, `defaultScript`, `defaultScriptIntensity`, `elasticity`, `friction`, `locationId`, `modelTableId`, `objectScale`, `physicsBitField`, `physicsTableId`, `motionTableId`, `soundTableId`, `physicsState`, `translucency`)
VALUES (1921261583, 'Surface', 65536, 0, 0, 0, 262164, 0, 0, 0, 0, 0, 0, 8388656, 0, 100667499, 0, 0, 0, 0, 0, 0, 0, 0, 4, 0, 0, 0, 0, 0, 32, -0.1, 0, 0, 0, 0, 0, 0, 0, 0, 0, 33554867, 0, 98307, 0, 150994947, 0, 3084, 0);

INSERT INTO `ace_object` (`baseAceObjectId`, `weenieClassId`, `landblock`, `cell`, `posX`, `posY`, `posZ`, `qW`, `qX`, `qY`, `qZ`)
VALUES (1921261583, 40504, 10306, 356, 210, -720, -0.06299996, 1, 0, 0, -4.37114E-08);

INSERT INTO `base_ace_object` (`baseAceObjectId`, `name`, `typeId`, `paletteId`, `ammoType`, `blipColor`, `bitField`, `burden`, `combatUse`, `cooldownDuration`, `cooldownId`, `effects`, `containersCapacity`, `header`, `hookTypeId`, `iconId`, `iconOverlayId`, `iconUnderlayId`, `hookItemTypes`, `itemsCapacity`, `location`, `materialType`, `maxStackSize`, `maxStructure`, `radar`, `pscript`, `spellId`, `stackSize`, `structure`, `targetTypeId`, `usability`, `useRadius`, `validLocations`, `value`, `workmanship`, `animationFrameId`, `defaultScript`, `defaultScriptIntensity`, `elasticity`, `friction`, `locationId`, `modelTableId`, `objectScale`, `physicsBitField`, `physicsTableId`, `motionTableId`, `soundTableId`, `physicsState`, `translucency`)
VALUES (1921261615, 'Apostate Citadel Barracks', 65536, 0, 0, 0, 262164, 0, 0, 0, 0, 0, 0, 8388656, 0, 100667499, 0, 0, 0, 0, 0, 0, 0, 0, 4, 0, 0, 0, 0, 0, 32, -0.1, 0, 0, 0, 0, 0, 0, 0, 0, 0, 33555925, 0, 98307, 0, 150994947, 0, 3084, 0);

INSERT INTO `ace_object` (`baseAceObjectId`, `weenieClassId`, `landblock`, `cell`, `posX`, `posY`, `posZ`, `qW`, `qX`, `qY`, `qZ`)
VALUES (1921261615, 40502, 10306, 490, 90, -567, 5.937, 1, 0, 0, 0);

INSERT INTO `base_ace_object` (`baseAceObjectId`, `name`, `typeId`, `paletteId`, `ammoType`, `blipColor`, `bitField`, `burden`, `combatUse`, `cooldownDuration`, `cooldownId`, `effects`, `containersCapacity`, `header`, `hookTypeId`, `iconId`, `iconOverlayId`, `iconUnderlayId`, `hookItemTypes`, `itemsCapacity`, `location`, `materialType`, `maxStackSize`, `maxStructure`, `radar`, `pscript`, `spellId`, `stackSize`, `structure`, `targetTypeId`, `usability`, `useRadius`, `validLocations`, `value`, `workmanship`, `animationFrameId`, `defaultScript`, `defaultScriptIntensity`, `elasticity`, `friction`, `locationId`, `modelTableId`, `objectScale`, `physicsBitField`, `physicsTableId`, `motionTableId`, `soundTableId`, `physicsState`, `translucency`)
VALUES (1921261614, 'Surface', 65536, 0, 0, 0, 262164, 0, 0, 0, 0, 0, 0, 8388656, 0, 100667499, 0, 0, 0, 0, 0, 0, 0, 0, 4, 0, 0, 0, 0, 0, 32, -0.1, 0, 0, 0, 0, 0, 0, 0, 0, 0, 33554867, 0, 98307, 0, 150994947, 0, 3084, 0);

INSERT INTO `ace_object` (`baseAceObjectId`, `weenieClassId`, `landblock`, `cell`, `posX`, `posY`, `posZ`, `qW`, `qX`, `qY`, `qZ`)
VALUES (1921261614, 40504, 10306, 481, 80, -490, 5.937, 1, 0, 0, -4.37114E-08);

INSERT INTO `base_ace_object` (`baseAceObjectId`, `name`, `typeId`, `paletteId`, `ammoType`, `blipColor`, `bitField`, `burden`, `combatUse`, `cooldownDuration`, `cooldownId`, `effects`, `containersCapacity`, `header`, `hookTypeId`, `iconId`, `iconOverlayId`, `iconUnderlayId`, `hookItemTypes`, `itemsCapacity`, `location`, `materialType`, `maxStackSize`, `maxStructure`, `radar`, `pscript`, `spellId`, `stackSize`, `structure`, `targetTypeId`, `usability`, `useRadius`, `validLocations`, `value`, `workmanship`, `animationFrameId`, `defaultScript`, `defaultScriptIntensity`, `elasticity`, `friction`, `locationId`, `modelTableId`, `objectScale`, `physicsBitField`, `physicsTableId`, `motionTableId`, `soundTableId`, `physicsState`, `translucency`)
VALUES (1921261595, 'Apostate Citadel Headquarters', 65536, 0, 0, 0, 262164, 0, 0, 0, 0, 0, 0, 8388656, 0, 100667499, 0, 0, 0, 0, 0, 0, 0, 0, 4, 0, 0, 0, 0, 0, 32, -0.1, 0, 0, 0, 0, 0, 0, 0, 0, 0, 33555925, 0, 98307, 0, 150994947, 0, 3084, 0);

INSERT INTO `ace_object` (`baseAceObjectId`, `weenieClassId`, `landblock`, `cell`, `posX`, `posY`, `posZ`, `qW`, `qX`, `qY`, `qZ`)
VALUES (1921261595, 40503, 10306, 399, 16, -290, 5.937, 0.7071068, 0, 0, -0.7071068);

INSERT INTO `base_ace_object` (`baseAceObjectId`, `name`, `typeId`, `paletteId`, `ammoType`, `blipColor`, `bitField`, `burden`, `combatUse`, `cooldownDuration`, `cooldownId`, `effects`, `containersCapacity`, `header`, `hookTypeId`, `iconId`, `iconOverlayId`, `iconUnderlayId`, `hookItemTypes`, `itemsCapacity`, `location`, `materialType`, `maxStackSize`, `maxStructure`, `radar`, `pscript`, `spellId`, `stackSize`, `structure`, `targetTypeId`, `usability`, `useRadius`, `validLocations`, `value`, `workmanship`, `animationFrameId`, `defaultScript`, `defaultScriptIntensity`, `elasticity`, `friction`, `locationId`, `modelTableId`, `objectScale`, `physicsBitField`, `physicsTableId`, `motionTableId`, `soundTableId`, `physicsState`, `translucency`)
VALUES (1921261628, 'Surface', 65536, 0, 0, 0, 262164, 0, 0, 0, 0, 0, 0, 8388656, 0, 100667499, 0, 0, 0, 0, 0, 0, 0, 0, 4, 0, 0, 0, 0, 0, 32, -0.1, 0, 0, 0, 0, 0, 0, 0, 0, 0, 33554867, 0, 98307, 0, 150994947, 0, 3084, 0);

INSERT INTO `ace_object` (`baseAceObjectId`, `weenieClassId`, `landblock`, `cell`, `posX`, `posY`, `posZ`, `qW`, `qX`, `qY`, `qZ`)
VALUES (1921261628, 40504, 10306, 387, 20, 0, 5.937, 1, 0, 0, -4.37114E-08);

INSERT INTO `base_ace_object` (`baseAceObjectId`, `name`, `typeId`, `paletteId`, `ammoType`, `blipColor`, `bitField`, `burden`, `combatUse`, `cooldownDuration`, `cooldownId`, `effects`, `containersCapacity`, `header`, `hookTypeId`, `iconId`, `iconOverlayId`, `iconUnderlayId`, `hookItemTypes`, `itemsCapacity`, `location`, `materialType`, `maxStackSize`, `maxStructure`, `radar`, `pscript`, `spellId`, `stackSize`, `structure`, `targetTypeId`, `usability`, `useRadius`, `validLocations`, `value`, `workmanship`, `animationFrameId`, `defaultScript`, `defaultScriptIntensity`, `elasticity`, `friction`, `locationId`, `modelTableId`, `objectScale`, `physicsBitField`, `physicsTableId`, `motionTableId`, `soundTableId`, `physicsState`, `translucency`)
VALUES (2012225715, 'Surface Portal', 65536, 0, 0, 0, 262164, 0, 0, 0, 0, 0, 0, 8388656, 0, 100667499, 0, 0, 0, 0, 0, 0, 0, 0, 4, 0, 0, 0, 0, 0, 32, -0.1, 0, 0, 0, 0, 0, 0, 0, 0, 0, 33554867, 0, 98307, 0, 150994947, 0, 3084, 0);

INSERT INTO `ace_object` (`baseAceObjectId`, `weenieClassId`, `landblock`, `cell`, `posX`, `posY`, `posZ`, `qW`, `qX`, `qY`, `qZ`)
VALUES (2012225715, 6796, 32514, 682, 70, -520, 17.937, 1, 0, 0, 0);

INSERT INTO `base_ace_object` (`baseAceObjectId`, `name`, `typeId`, `paletteId`, `ammoType`, `blipColor`, `bitField`, `burden`, `combatUse`, `cooldownDuration`, `cooldownId`, `effects`, `containersCapacity`, `header`, `hookTypeId`, `iconId`, `iconOverlayId`, `iconUnderlayId`, `hookItemTypes`, `itemsCapacity`, `location`, `materialType`, `maxStackSize`, `maxStructure`, `radar`, `pscript`, `spellId`, `stackSize`, `structure`, `targetTypeId`, `usability`, `useRadius`, `validLocations`, `value`, `workmanship`, `animationFrameId`, `defaultScript`, `defaultScriptIntensity`, `elasticity`, `friction`, `locationId`, `modelTableId`, `objectScale`, `physicsBitField`, `physicsTableId`, `motionTableId`, `soundTableId`, `physicsState`, `translucency`)
VALUES (2012225653, 'Surface Portal', 65536, 0, 0, 0, 262164, 0, 0, 0, 0, 0, 0, 8388656, 0, 100667499, 0, 0, 0, 0, 0, 0, 0, 0, 4, 0, 0, 0, 0, 0, 32, -0.1, 0, 0, 0, 0, 0, 0, 0, 0, 0, 33554867, 0, 98307, 0, 150994947, 0, 3084, 0);

INSERT INTO `ace_object` (`baseAceObjectId`, `weenieClassId`, `landblock`, `cell`, `posX`, `posY`, `posZ`, `qW`, `qX`, `qY`, `qZ`)
VALUES (2012225653, 6796, 32514, 308, 70, -20, -0.06299996, 1, 0, 0, -4.37114E-08);

INSERT INTO `base_ace_object` (`baseAceObjectId`, `name`, `typeId`, `paletteId`, `ammoType`, `blipColor`, `bitField`, `burden`, `combatUse`, `cooldownDuration`, `cooldownId`, `effects`, `containersCapacity`, `header`, `hookTypeId`, `iconId`, `iconOverlayId`, `iconUnderlayId`, `hookItemTypes`, `itemsCapacity`, `location`, `materialType`, `maxStackSize`, `maxStructure`, `radar`, `pscript`, `spellId`, `stackSize`, `structure`, `targetTypeId`, `usability`, `useRadius`, `validLocations`, `value`, `workmanship`, `animationFrameId`, `defaultScript`, `defaultScriptIntensity`, `elasticity`, `friction`, `locationId`, `modelTableId`, `objectScale`, `physicsBitField`, `physicsTableId`, `motionTableId`, `soundTableId`, `physicsState`, `translucency`)
VALUES (1879457930, 'Surface', 65536, 0, 0, 0, 262164, 0, 0, 0, 0, 0, 0, 8388656, 0, 100667499, 0, 0, 0, 0, 0, 0, 0, 0, 4, 0, 0, 0, 0, 0, 32, -0.1, 0, 0, 0, 0, 0, 0, 0, 0, 0, 33554867, 0, 98307, 0, 150994947, 0, 3084, 0);

INSERT INTO `ace_object` (`baseAceObjectId`, `weenieClassId`, `landblock`, `cell`, `posX`, `posY`, `posZ`, `qW`, `qX`, `qY`, `qZ`)
VALUES (1879457930, 30965, 100, 879, 450.807, -179.448, -0.06299996, -0.3667782, 0, 0, -0.9303085);

INSERT INTO `base_ace_object` (`baseAceObjectId`, `name`, `typeId`, `paletteId`, `ammoType`, `blipColor`, `bitField`, `burden`, `combatUse`, `cooldownDuration`, `cooldownId`, `effects`, `containersCapacity`, `header`, `hookTypeId`, `iconId`, `iconOverlayId`, `iconUnderlayId`, `hookItemTypes`, `itemsCapacity`, `location`, `materialType`, `maxStackSize`, `maxStructure`, `radar`, `pscript`, `spellId`, `stackSize`, `structure`, `targetTypeId`, `usability`, `useRadius`, `validLocations`, `value`, `workmanship`, `animationFrameId`, `defaultScript`, `defaultScriptIntensity`, `elasticity`, `friction`, `locationId`, `modelTableId`, `objectScale`, `physicsBitField`, `physicsTableId`, `motionTableId`, `soundTableId`, `physicsState`, `translucency`)
VALUES (1879965722, 'Surface', 65536, 0, 0, 0, 262164, 0, 0, 0, 0, 0, 0, 8388656, 0, 100667499, 0, 0, 0, 0, 0, 0, 0, 0, 4, 0, 0, 0, 0, 0, 32, -0.1, 0, 0, 0, 0, 0, 0, 0, 0, 0, 33554867, 0, 98307, 0, 150994947, 0, 3084, 0);

INSERT INTO `ace_object` (`baseAceObjectId`, `weenieClassId`, `landblock`, `cell`, `posX`, `posY`, `posZ`, `qW`, `qX`, `qY`, `qZ`)
VALUES (1879965722, 38647, 224, 431, 170, -240, -0.06299996, 1, 0, 0, 0);

INSERT INTO `base_ace_object` (`baseAceObjectId`, `name`, `typeId`, `paletteId`, `ammoType`, `blipColor`, `bitField`, `burden`, `combatUse`, `cooldownDuration`, `cooldownId`, `effects`, `containersCapacity`, `header`, `hookTypeId`, `iconId`, `iconOverlayId`, `iconUnderlayId`, `hookItemTypes`, `itemsCapacity`, `location`, `materialType`, `maxStackSize`, `maxStructure`, `radar`, `pscript`, `spellId`, `stackSize`, `structure`, `targetTypeId`, `usability`, `useRadius`, `validLocations`, `value`, `workmanship`, `animationFrameId`, `defaultScript`, `defaultScriptIntensity`, `elasticity`, `friction`, `locationId`, `modelTableId`, `objectScale`, `physicsBitField`, `physicsTableId`, `motionTableId`, `soundTableId`, `physicsState`, `translucency`)
VALUES (1880330466, 'Surface Portal', 65536, 0, 0, 0, 262164, 0, 0, 0, 0, 0, 0, 8388656, 0, 100667499, 0, 0, 0, 0, 0, 0, 0, 0, 4, 0, 0, 0, 0, 0, 32, -0.1, 0, 0, 0, 0, 0, 0, 0, 0, 0, 33554867, 0, 98307, 0, 150994947, 0, 3084, 0);

INSERT INTO `ace_object` (`baseAceObjectId`, `weenieClassId`, `landblock`, `cell`, `posX`, `posY`, `posZ`, `qW`, `qX`, `qY`, `qZ`)
VALUES (1880330466, 5668, 313, 920, 40, -57, -0.0630002, -4.37114E-08, 0, 0, -1);

INSERT INTO `base_ace_object` (`baseAceObjectId`, `name`, `typeId`, `paletteId`, `ammoType`, `blipColor`, `bitField`, `burden`, `combatUse`, `cooldownDuration`, `cooldownId`, `effects`, `containersCapacity`, `header`, `hookTypeId`, `iconId`, `iconOverlayId`, `iconUnderlayId`, `hookItemTypes`, `itemsCapacity`, `location`, `materialType`, `maxStackSize`, `maxStructure`, `radar`, `pscript`, `spellId`, `stackSize`, `structure`, `targetTypeId`, `usability`, `useRadius`, `validLocations`, `value`, `workmanship`, `animationFrameId`, `defaultScript`, `defaultScriptIntensity`, `elasticity`, `friction`, `locationId`, `modelTableId`, `objectScale`, `physicsBitField`, `physicsTableId`, `motionTableId`, `soundTableId`, `physicsState`, `translucency`)
VALUES (1923612672, 'Tusker Temple', 65536, 0, 0, 0, 262164, 0, 0, 0, 0, 0, 0, 8388656, 0, 100667499, 0, 0, 0, 0, 0, 0, 0, 0, 4, 0, 0, 0, 0, 0, 32, -0.1, 0, 0, 0, 0, 0, 0, 0, 0, 0, 33555926, 0, 98307, 0, 150994947, 0, 3084, 0);

INSERT INTO `ace_object` (`baseAceObjectId`, `weenieClassId`, `landblock`, `cell`, `posX`, `posY`, `posZ`, `qW`, `qX`, `qY`, `qZ`)
VALUES (1923612672, 22696, 10880, 19, 57.7292, 64.9681, 69.937, 0.9997941, 0, 0, -0.0202903);

INSERT INTO `base_ace_object` (`baseAceObjectId`, `name`, `typeId`, `paletteId`, `ammoType`, `blipColor`, `bitField`, `burden`, `combatUse`, `cooldownDuration`, `cooldownId`, `effects`, `containersCapacity`, `header`, `hookTypeId`, `iconId`, `iconOverlayId`, `iconUnderlayId`, `hookItemTypes`, `itemsCapacity`, `location`, `materialType`, `maxStackSize`, `maxStructure`, `radar`, `pscript`, `spellId`, `stackSize`, `structure`, `targetTypeId`, `usability`, `useRadius`, `validLocations`, `value`, `workmanship`, `animationFrameId`, `defaultScript`, `defaultScriptIntensity`, `elasticity`, `friction`, `locationId`, `modelTableId`, `objectScale`, `physicsBitField`, `physicsTableId`, `motionTableId`, `soundTableId`, `physicsState`, `translucency`)
VALUES (3628912332, 'North Desert Edge', 65536, 0, 0, 0, 262164, 0, 0, 0, 0, 0, 0, 8388656, 0, 100667499, 0, 0, 0, 0, 0, 0, 0, 0, 4, 0, 0, 0, 0, 0, 32, -0.1, 0, 0, 0, 0, 0, 0, 0, 0, 0, 33554867, 0, 98307, 0, 150994947, 0, 3084, 0);

INSERT INTO `ace_object` (`baseAceObjectId`, `weenieClassId`, `landblock`, `cell`, `posX`, `posY`, `posZ`, `qW`, `qX`, `qY`, `qZ`)
VALUES (3628912332, 1905, 11832, 3, 16.75947, 71.41831, 101.8885, 1, 0, 0, 0);

INSERT INTO `base_ace_object` (`baseAceObjectId`, `name`, `typeId`, `paletteId`, `ammoType`, `blipColor`, `bitField`, `burden`, `combatUse`, `cooldownDuration`, `cooldownId`, `effects`, `containersCapacity`, `header`, `hookTypeId`, `iconId`, `iconOverlayId`, `iconUnderlayId`, `hookItemTypes`, `itemsCapacity`, `location`, `materialType`, `maxStackSize`, `maxStructure`, `radar`, `pscript`, `spellId`, `stackSize`, `structure`, `targetTypeId`, `usability`, `useRadius`, `validLocations`, `value`, `workmanship`, `animationFrameId`, `defaultScript`, `defaultScriptIntensity`, `elasticity`, `friction`, `locationId`, `modelTableId`, `objectScale`, `physicsBitField`, `physicsTableId`, `motionTableId`, `soundTableId`, `physicsState`, `translucency`)
VALUES (2448323428, 'Heart of Innocence', 65536, 0, 0, 0, 262164, 0, 0, 0, 0, 0, 0, 8388656, 0, 100667499, 0, 0, 0, 0, 0, 0, 0, 0, 4, 0, 0, 0, 0, 0, 32, -0.1, 0, 0, 0, 0, 0, 0, 0, 0, 0, 33555925, 0, 98307, 0, 150994947, 0, 3084, 0);

INSERT INTO `ace_object` (`baseAceObjectId`, `weenieClassId`, `landblock`, `cell`, `posX`, `posY`, `posZ`, `qW`, `qX`, `qY`, `qZ`)
VALUES (2448323428, 24185, 45225, 16, 29.80283, 177.6879, 85.35522, 0.0466763, 0, 0, 0.9989101);

INSERT INTO `base_ace_object` (`baseAceObjectId`, `name`, `typeId`, `paletteId`, `ammoType`, `blipColor`, `bitField`, `burden`, `combatUse`, `cooldownDuration`, `cooldownId`, `effects`, `containersCapacity`, `header`, `hookTypeId`, `iconId`, `iconOverlayId`, `iconUnderlayId`, `hookItemTypes`, `itemsCapacity`, `location`, `materialType`, `maxStackSize`, `maxStructure`, `radar`, `pscript`, `spellId`, `stackSize`, `structure`, `targetTypeId`, `usability`, `useRadius`, `validLocations`, `value`, `workmanship`, `animationFrameId`, `defaultScript`, `defaultScriptIntensity`, `elasticity`, `friction`, `locationId`, `modelTableId`, `objectScale`, `physicsBitField`, `physicsTableId`, `motionTableId`, `soundTableId`, `physicsState`, `translucency`)
VALUES (2077704261, 'House Portal', 65536, 0, 0, 0, 262164, 0, 0, 0, 0, 0, 0, 8388656, 0, 100667499, 0, 0, 0, 0, 0, 0, 0, 0, 4, 0, 0, 0, 0, 0, 32, 0.75, 0, 0, 0, 0, 0, 0, 0, 0, 0, 33554867, 0, 98307, 0, 150994947, 0, 3076, 0);

INSERT INTO `ace_object` (`baseAceObjectId`, `weenieClassId`, `landblock`, `cell`, `posX`, `posY`, `posZ`, `qW`, `qX`, `qY`, `qZ`)
VALUES (2077704261, 11730, 48500, 338, 90.6053, 126.903, -10.063, 0.7024208, 0, 0, -0.7117618);

INSERT INTO `base_ace_object` (`baseAceObjectId`, `name`, `typeId`, `paletteId`, `ammoType`, `blipColor`, `bitField`, `burden`, `combatUse`, `cooldownDuration`, `cooldownId`, `effects`, `containersCapacity`, `header`, `hookTypeId`, `iconId`, `iconOverlayId`, `iconUnderlayId`, `hookItemTypes`, `itemsCapacity`, `location`, `materialType`, `maxStackSize`, `maxStructure`, `radar`, `pscript`, `spellId`, `stackSize`, `structure`, `targetTypeId`, `usability`, `useRadius`, `validLocations`, `value`, `workmanship`, `animationFrameId`, `defaultScript`, `defaultScriptIntensity`, `elasticity`, `friction`, `locationId`, `modelTableId`, `objectScale`, `physicsBitField`, `physicsTableId`, `motionTableId`, `soundTableId`, `physicsState`, `translucency`)
VALUES (2073432064, 'Hidden Entrance', 65536, 0, 0, 0, 262164, 0, 0, 0, 0, 0, 0, 8388624, 0, 100667499, 0, 0, 0, 0, 0, 0, 0, 0, 4, 0, 0, 0, 0, 0, 1, 0, 0, 0, 0, 0, 0, 0, 0, 0, 0, 33558629, 0, 34817, 0, 0, 536871008, 2060, 0);

INSERT INTO `ace_object` (`baseAceObjectId`, `weenieClassId`, `landblock`, `cell`, `posX`, `posY`, `posZ`, `qW`, `qX`, `qY`, `qZ`)
VALUES (2073432064, 28096, 47457, 17, 48.5137, 22.3314, 7.19949, -0.9999258, 0, 0, 0.0121825);

INSERT INTO `base_ace_object` (`baseAceObjectId`, `name`, `typeId`, `paletteId`, `ammoType`, `blipColor`, `bitField`, `burden`, `combatUse`, `cooldownDuration`, `cooldownId`, `effects`, `containersCapacity`, `header`, `hookTypeId`, `iconId`, `iconOverlayId`, `iconUnderlayId`, `hookItemTypes`, `itemsCapacity`, `location`, `materialType`, `maxStackSize`, `maxStructure`, `radar`, `pscript`, `spellId`, `stackSize`, `structure`, `targetTypeId`, `usability`, `useRadius`, `validLocations`, `value`, `workmanship`, `animationFrameId`, `defaultScript`, `defaultScriptIntensity`, `elasticity`, `friction`, `locationId`, `modelTableId`, `objectScale`, `physicsBitField`, `physicsTableId`, `motionTableId`, `soundTableId`, `physicsState`, `translucency`)
VALUES (2073329729, 'House Portal', 65536, 0, 0, 0, 262164, 0, 0, 0, 0, 0, 0, 8388656, 0, 100667499, 0, 0, 0, 0, 0, 0, 0, 0, 4, 0, 0, 0, 0, 0, 32, 0.75, 0, 0, 0, 0, 0, 0, 0, 0, 0, 33554867, 0, 98307, 0, 150994947, 0, 3076, 0);

INSERT INTO `ace_object` (`baseAceObjectId`, `weenieClassId`, `landblock`, `cell`, `posX`, `posY`, `posZ`, `qW`, `qX`, `qY`, `qZ`)
VALUES (2073329729, 11730, 47432, 338, 65.6353, 79.2468, -2.062999, -0.7003079, 0, 0, 0.7138409);

INSERT INTO `base_ace_object` (`baseAceObjectId`, `name`, `typeId`, `paletteId`, `ammoType`, `blipColor`, `bitField`, `burden`, `combatUse`, `cooldownDuration`, `cooldownId`, `effects`, `containersCapacity`, `header`, `hookTypeId`, `iconId`, `iconOverlayId`, `iconUnderlayId`, `hookItemTypes`, `itemsCapacity`, `location`, `materialType`, `maxStackSize`, `maxStructure`, `radar`, `pscript`, `spellId`, `stackSize`, `structure`, `targetTypeId`, `usability`, `useRadius`, `validLocations`, `value`, `workmanship`, `animationFrameId`, `defaultScript`, `defaultScriptIntensity`, `elasticity`, `friction`, `locationId`, `modelTableId`, `objectScale`, `physicsBitField`, `physicsTableId`, `motionTableId`, `soundTableId`, `physicsState`, `translucency`)
VALUES (2448222244, 'Direlands Valleys Portal', 65536, 0, 0, 0, 262164, 0, 0, 0, 0, 0, 0, 8388656, 0, 100667499, 0, 0, 0, 0, 0, 0, 0, 0, 4, 0, 0, 0, 0, 0, 32, -0.1, 0, 0, 0, 0, 0, 0, 0, 0, 0, 33555926, 0, 98307, 0, 150994947, 0, 3084, 0);

INSERT INTO `ace_object` (`baseAceObjectId`, `weenieClassId`, `landblock`, `cell`, `posX`, `posY`, `posZ`, `qW`, `qX`, `qY`, `qZ`)
VALUES (2448222244, 8386, 47135, 14, 30.93274, 122.6072, 199.527, 0.9537169, 0, 0, -0.3007058);

INSERT INTO `base_ace_object` (`baseAceObjectId`, `name`, `typeId`, `paletteId`, `ammoType`, `blipColor`, `bitField`, `burden`, `combatUse`, `cooldownDuration`, `cooldownId`, `effects`, `containersCapacity`, `header`, `hookTypeId`, `iconId`, `iconOverlayId`, `iconUnderlayId`, `hookItemTypes`, `itemsCapacity`, `location`, `materialType`, `maxStackSize`, `maxStructure`, `radar`, `pscript`, `spellId`, `stackSize`, `structure`, `targetTypeId`, `usability`, `useRadius`, `validLocations`, `value`, `workmanship`, `animationFrameId`, `defaultScript`, `defaultScriptIntensity`, `elasticity`, `friction`, `locationId`, `modelTableId`, `objectScale`, `physicsBitField`, `physicsTableId`, `motionTableId`, `soundTableId`, `physicsState`, `translucency`)
VALUES (2448253398, 'Direlands Northwest Shore Portal', 65536, 0, 0, 0, 262164, 0, 0, 0, 0, 0, 0, 8388656, 0, 100667499, 0, 0, 0, 0, 0, 0, 0, 0, 4, 0, 0, 0, 0, 0, 32, -0.1, 0, 0, 0, 0, 0, 0, 0, 0, 0, 33555926, 0, 98307, 0, 150994947, 0, 3084, 0);

INSERT INTO `ace_object` (`baseAceObjectId`, `weenieClassId`, `landblock`, `cell`, `posX`, `posY`, `posZ`, `qW`, `qX`, `qY`, `qZ`)
VALUES (2448253398, 8388, 54041, 8, 2.172111, 191.7857, 1.755991, 0.9537169, 0, 0, -0.3007058);

INSERT INTO `base_ace_object` (`baseAceObjectId`, `name`, `typeId`, `paletteId`, `ammoType`, `blipColor`, `bitField`, `burden`, `combatUse`, `cooldownDuration`, `cooldownId`, `effects`, `containersCapacity`, `header`, `hookTypeId`, `iconId`, `iconOverlayId`, `iconUnderlayId`, `hookItemTypes`, `itemsCapacity`, `location`, `materialType`, `maxStackSize`, `maxStructure`, `radar`, `pscript`, `spellId`, `stackSize`, `structure`, `targetTypeId`, `usability`, `useRadius`, `validLocations`, `value`, `workmanship`, `animationFrameId`, `defaultScript`, `defaultScriptIntensity`, `elasticity`, `friction`, `locationId`, `modelTableId`, `objectScale`, `physicsBitField`, `physicsTableId`, `motionTableId`, `soundTableId`, `physicsState`, `translucency`)
VALUES (2108874821, 'House Portal', 65536, 0, 0, 0, 262164, 0, 0, 0, 0, 0, 0, 8388656, 0, 100667499, 0, 0, 0, 0, 0, 0, 0, 0, 4, 0, 0, 0, 0, 0, 32, 0.75, 0, 0, 0, 0, 0, 0, 0, 0, 0, 33554867, 0, 98307, 0, 150994947, 0, 3076, 0);

INSERT INTO `ace_object` (`baseAceObjectId`, `weenieClassId`, `landblock`, `cell`, `posX`, `posY`, `posZ`, `qW`, `qX`, `qY`, `qZ`)
VALUES (2108874821, 11730, 56110, 338, 102.86, 113.145, 253.937, -0.7133569, 0, 0, -0.700801);

INSERT INTO `base_ace_object` (`baseAceObjectId`, `name`, `typeId`, `paletteId`, `ammoType`, `blipColor`, `bitField`, `burden`, `combatUse`, `cooldownDuration`, `cooldownId`, `effects`, `containersCapacity`, `header`, `hookTypeId`, `iconId`, `iconOverlayId`, `iconUnderlayId`, `hookItemTypes`, `itemsCapacity`, `location`, `materialType`, `maxStackSize`, `maxStructure`, `radar`, `pscript`, `spellId`, `stackSize`, `structure`, `targetTypeId`, `usability`, `useRadius`, `validLocations`, `value`, `workmanship`, `animationFrameId`, `defaultScript`, `defaultScriptIntensity`, `elasticity`, `friction`, `locationId`, `modelTableId`, `objectScale`, `physicsBitField`, `physicsTableId`, `motionTableId`, `soundTableId`, `physicsState`, `translucency`)
VALUES (2130993152, 'Northern Point', 65536, 0, 0, 0, 262164, 0, 0, 0, 0, 0, 0, 8388656, 0, 100667499, 0, 0, 0, 0, 0, 0, 0, 0, 4, 0, 0, 0, 0, 0, 32, -0.1, 0, 0, 0, 0, 0, 0, 0, 0, 0, 33555923, 0, 98307, 0, 150994947, 0, 3084, 0);

INSERT INTO `ace_object` (`baseAceObjectId`, `weenieClassId`, `landblock`, `cell`, `posX`, `posY`, `posZ`, `qW`, `qX`, `qY`, `qZ`)
VALUES (2130993152, 8499, 61510, 57, 181.674, 10.9077, 70.79751, -0.4023651, 0, 0, -0.9154793);

INSERT INTO `base_ace_object` (`baseAceObjectId`, `name`, `typeId`, `paletteId`, `ammoType`, `blipColor`, `bitField`, `burden`, `combatUse`, `cooldownDuration`, `cooldownId`, `effects`, `containersCapacity`, `header`, `hookTypeId`, `iconId`, `iconOverlayId`, `iconUnderlayId`, `hookItemTypes`, `itemsCapacity`, `location`, `materialType`, `maxStackSize`, `maxStructure`, `radar`, `pscript`, `spellId`, `stackSize`, `structure`, `targetTypeId`, `usability`, `useRadius`, `validLocations`, `value`, `workmanship`, `animationFrameId`, `defaultScript`, `defaultScriptIntensity`, `elasticity`, `friction`, `locationId`, `modelTableId`, `objectScale`, `physicsBitField`, `physicsTableId`, `motionTableId`, `soundTableId`, `physicsState`, `translucency`)
VALUES (1963335696, 'House Portal', 65536, 0, 0, 0, 262164, 0, 0, 0, 0, 0, 0, 8388656, 0, 100667499, 0, 0, 0, 0, 0, 0, 0, 0, 4, 0, 0, 0, 0, 0, 32, 0.75, 0, 0, 0, 0, 0, 0, 0, 0, 0, 33554867, 0, 98307, 0, 150994947, 0, 3076, 0);

INSERT INTO `ace_object` (`baseAceObjectId`, `weenieClassId`, `landblock`, `cell`, `posX`, `posY`, `posZ`, `qW`, `qX`, `qY`, `qZ`)
VALUES (1963335696, 11730, 20578, 287, 20, -50, -6.063, 1, 0, 0, 0);

INSERT INTO `base_ace_object` (`baseAceObjectId`, `name`, `typeId`, `paletteId`, `ammoType`, `blipColor`, `bitField`, `burden`, `combatUse`, `cooldownDuration`, `cooldownId`, `effects`, `containersCapacity`, `header`, `hookTypeId`, `iconId`, `iconOverlayId`, `iconUnderlayId`, `hookItemTypes`, `itemsCapacity`, `location`, `materialType`, `maxStackSize`, `maxStructure`, `radar`, `pscript`, `spellId`, `stackSize`, `structure`, `targetTypeId`, `usability`, `useRadius`, `validLocations`, `value`, `workmanship`, `animationFrameId`, `defaultScript`, `defaultScriptIntensity`, `elasticity`, `friction`, `locationId`, `modelTableId`, `objectScale`, `physicsBitField`, `physicsTableId`, `motionTableId`, `soundTableId`, `physicsState`, `translucency`)
VALUES (2108092873, 'House Portal', 65536, 0, 0, 0, 262164, 0, 0, 0, 0, 0, 0, 8388656, 0, 100667499, 0, 0, 0, 0, 0, 0, 0, 0, 4, 0, 0, 0, 0, 0, 32, 0.75, 0, 0, 0, 0, 0, 0, 0, 0, 0, 33554867, 0, 98307, 0, 150994947, 0, 3076, 0);

INSERT INTO `ace_object` (`baseAceObjectId`, `weenieClassId`, `landblock`, `cell`, `posX`, `posY`, `posZ`, `qW`, `qX`, `qY`, `qZ`)
VALUES (2108092873, 11730, 55919, 429, 117.993, 59.5492, 17.137, 0.6970832, 0, 0, -0.7169902);

INSERT INTO `base_ace_object` (`baseAceObjectId`, `name`, `typeId`, `paletteId`, `ammoType`, `blipColor`, `bitField`, `burden`, `combatUse`, `cooldownDuration`, `cooldownId`, `effects`, `containersCapacity`, `header`, `hookTypeId`, `iconId`, `iconOverlayId`, `iconUnderlayId`, `hookItemTypes`, `itemsCapacity`, `location`, `materialType`, `maxStackSize`, `maxStructure`, `radar`, `pscript`, `spellId`, `stackSize`, `structure`, `targetTypeId`, `usability`, `useRadius`, `validLocations`, `value`, `workmanship`, `animationFrameId`, `defaultScript`, `defaultScriptIntensity`, `elasticity`, `friction`, `locationId`, `modelTableId`, `objectScale`, `physicsBitField`, `physicsTableId`, `motionTableId`, `soundTableId`, `physicsState`, `translucency`)
VALUES (2108092875, 'House Portal', 65536, 0, 0, 0, 262164, 0, 0, 0, 0, 0, 0, 8388656, 0, 100667499, 0, 0, 0, 0, 0, 0, 0, 0, 4, 0, 0, 0, 0, 0, 32, 0.75, 0, 0, 0, 0, 0, 0, 0, 0, 0, 33554867, 0, 98307, 0, 150994947, 0, 3076, 0);

INSERT INTO `ace_object` (`baseAceObjectId`, `weenieClassId`, `landblock`, `cell`, `posX`, `posY`, `posZ`, `qW`, `qX`, `qY`, `qZ`)
VALUES (2108092875, 11730, 55919, 280, 37.2122, 33.0665, 17.137, -0.71135, 0, 0, 0.7028379);

INSERT INTO `base_ace_object` (`baseAceObjectId`, `name`, `typeId`, `paletteId`, `ammoType`, `blipColor`, `bitField`, `burden`, `combatUse`, `cooldownDuration`, `cooldownId`, `effects`, `containersCapacity`, `header`, `hookTypeId`, `iconId`, `iconOverlayId`, `iconUnderlayId`, `hookItemTypes`, `itemsCapacity`, `location`, `materialType`, `maxStackSize`, `maxStructure`, `radar`, `pscript`, `spellId`, `stackSize`, `structure`, `targetTypeId`, `usability`, `useRadius`, `validLocations`, `value`, `workmanship`, `animationFrameId`, `defaultScript`, `defaultScriptIntensity`, `elasticity`, `friction`, `locationId`, `modelTableId`, `objectScale`, `physicsBitField`, `physicsTableId`, `motionTableId`, `soundTableId`, `physicsState`, `translucency`)
VALUES (2108092877, 'House Portal', 65536, 0, 0, 0, 262164, 0, 0, 0, 0, 0, 0, 8388656, 0, 100667499, 0, 0, 0, 0, 0, 0, 0, 0, 4, 0, 0, 0, 0, 0, 32, 0.75, 0, 0, 0, 0, 0, 0, 0, 0, 0, 33554867, 0, 98307, 0, 150994947, 0, 3076, 0);

INSERT INTO `ace_object` (`baseAceObjectId`, `weenieClassId`, `landblock`, `cell`, `posX`, `posY`, `posZ`, `qW`, `qX`, `qY`, `qZ`)
VALUES (2108092877, 11730, 55919, 311, 44.8389, 157.348, 19.137, 0.9379366, 0, 0, -0.3468068);

INSERT INTO `base_ace_object` (`baseAceObjectId`, `name`, `typeId`, `paletteId`, `ammoType`, `blipColor`, `bitField`, `burden`, `combatUse`, `cooldownDuration`, `cooldownId`, `effects`, `containersCapacity`, `header`, `hookTypeId`, `iconId`, `iconOverlayId`, `iconUnderlayId`, `hookItemTypes`, `itemsCapacity`, `location`, `materialType`, `maxStackSize`, `maxStructure`, `radar`, `pscript`, `spellId`, `stackSize`, `structure`, `targetTypeId`, `usability`, `useRadius`, `validLocations`, `value`, `workmanship`, `animationFrameId`, `defaultScript`, `defaultScriptIntensity`, `elasticity`, `friction`, `locationId`, `modelTableId`, `objectScale`, `physicsBitField`, `physicsTableId`, `motionTableId`, `soundTableId`, `physicsState`, `translucency`)
VALUES (2108092879, 'House Portal', 65536, 0, 0, 0, 262164, 0, 0, 0, 0, 0, 0, 8388656, 0, 100667499, 0, 0, 0, 0, 0, 0, 0, 0, 4, 0, 0, 0, 0, 0, 32, 0.75, 0, 0, 0, 0, 0, 0, 0, 0, 0, 33554867, 0, 98307, 0, 150994947, 0, 3076, 0);

INSERT INTO `ace_object` (`baseAceObjectId`, `weenieClassId`, `landblock`, `cell`, `posX`, `posY`, `posZ`, `qW`, `qX`, `qY`, `qZ`)
VALUES (2108092879, 11730, 55919, 339, 82.2915, 154.412, 17.137, -0.3629779, 0, 0, 0.9317977);

INSERT INTO `base_ace_object` (`baseAceObjectId`, `name`, `typeId`, `paletteId`, `ammoType`, `blipColor`, `bitField`, `burden`, `combatUse`, `cooldownDuration`, `cooldownId`, `effects`, `containersCapacity`, `header`, `hookTypeId`, `iconId`, `iconOverlayId`, `iconUnderlayId`, `hookItemTypes`, `itemsCapacity`, `location`, `materialType`, `maxStackSize`, `maxStructure`, `radar`, `pscript`, `spellId`, `stackSize`, `structure`, `targetTypeId`, `usability`, `useRadius`, `validLocations`, `value`, `workmanship`, `animationFrameId`, `defaultScript`, `defaultScriptIntensity`, `elasticity`, `friction`, `locationId`, `modelTableId`, `objectScale`, `physicsBitField`, `physicsTableId`, `motionTableId`, `soundTableId`, `physicsState`, `translucency`)
VALUES (2108092881, 'House Portal', 65536, 0, 0, 0, 262164, 0, 0, 0, 0, 0, 0, 41943088, 0, 100667499, 0, 0, 0, 0, 0, 0, 0, 0, 4, 0, 0, 0, 0, 0, 32, 0.75, 0, 0, 0, 0, 0, 0, 0, 0, 0, 33554867, 0, 98307, 0, 150994947, 0, 3076, 0);

INSERT INTO `ace_object` (`baseAceObjectId`, `weenieClassId`, `landblock`, `cell`, `posX`, `posY`, `posZ`, `qW`, `qX`, `qY`, `qZ`)
VALUES (2108092881, 11730, 55919, 370, 154.215, 135.009, 15.137, 0.7308863, 0, 0, 0.6824993);

INSERT INTO `base_ace_object` (`baseAceObjectId`, `name`, `typeId`, `paletteId`, `ammoType`, `blipColor`, `bitField`, `burden`, `combatUse`, `cooldownDuration`, `cooldownId`, `effects`, `containersCapacity`, `header`, `hookTypeId`, `iconId`, `iconOverlayId`, `iconUnderlayId`, `hookItemTypes`, `itemsCapacity`, `location`, `materialType`, `maxStackSize`, `maxStructure`, `radar`, `pscript`, `spellId`, `stackSize`, `structure`, `targetTypeId`, `usability`, `useRadius`, `validLocations`, `value`, `workmanship`, `animationFrameId`, `defaultScript`, `defaultScriptIntensity`, `elasticity`, `friction`, `locationId`, `modelTableId`, `objectScale`, `physicsBitField`, `physicsTableId`, `motionTableId`, `soundTableId`, `physicsState`, `translucency`)
VALUES (2107044225, 'House Portal', 65536, 0, 0, 0, 262164, 0, 0, 0, 0, 0, 0, 8388656, 0, 100667499, 0, 0, 0, 0, 0, 0, 0, 0, 4, 0, 0, 0, 0, 0, 32, 0.75, 0, 0, 0, 0, 0, 0, 0, 0, 0, 33554867, 0, 98307, 0, 150994947, 0, 3076, 0);

INSERT INTO `ace_object` (`baseAceObjectId`, `weenieClassId`, `landblock`, `cell`, `posX`, `posY`, `posZ`, `qW`, `qX`, `qY`, `qZ`)
VALUES (2107044225, 11730, 55663, 280, 154.795, 118.087, 21.137, -0.9995463, 0, 0, -0.03012081);

INSERT INTO `base_ace_object` (`baseAceObjectId`, `name`, `typeId`, `paletteId`, `ammoType`, `blipColor`, `bitField`, `burden`, `combatUse`, `cooldownDuration`, `cooldownId`, `effects`, `containersCapacity`, `header`, `hookTypeId`, `iconId`, `iconOverlayId`, `iconUnderlayId`, `hookItemTypes`, `itemsCapacity`, `location`, `materialType`, `maxStackSize`, `maxStructure`, `radar`, `pscript`, `spellId`, `stackSize`, `structure`, `targetTypeId`, `usability`, `useRadius`, `validLocations`, `value`, `workmanship`, `animationFrameId`, `defaultScript`, `defaultScriptIntensity`, `elasticity`, `friction`, `locationId`, `modelTableId`, `objectScale`, `physicsBitField`, `physicsTableId`, `motionTableId`, `soundTableId`, `physicsState`, `translucency`)
VALUES (2107044223, 'House Portal', 65536, 0, 0, 0, 262164, 0, 0, 0, 0, 0, 0, 8388656, 0, 100667499, 0, 0, 0, 0, 0, 0, 0, 0, 4, 0, 0, 0, 0, 0, 32, 0.75, 0, 0, 0, 0, 0, 0, 0, 0, 0, 33554867, 0, 98307, 0, 150994947, 0, 3076, 0);

INSERT INTO `ace_object` (`baseAceObjectId`, `weenieClassId`, `landblock`, `cell`, `posX`, `posY`, `posZ`, `qW`, `qX`, `qY`, `qZ`)
VALUES (2107044223, 11730, 55663, 308, 33.157, 158.236, 29.137, -0.7027409, 0, 0, -0.7114459);

INSERT INTO `base_ace_object` (`baseAceObjectId`, `name`, `typeId`, `paletteId`, `ammoType`, `blipColor`, `bitField`, `burden`, `combatUse`, `cooldownDuration`, `cooldownId`, `effects`, `containersCapacity`, `header`, `hookTypeId`, `iconId`, `iconOverlayId`, `iconUnderlayId`, `hookItemTypes`, `itemsCapacity`, `location`, `materialType`, `maxStackSize`, `maxStructure`, `radar`, `pscript`, `spellId`, `stackSize`, `structure`, `targetTypeId`, `usability`, `useRadius`, `validLocations`, `value`, `workmanship`, `animationFrameId`, `defaultScript`, `defaultScriptIntensity`, `elasticity`, `friction`, `locationId`, `modelTableId`, `objectScale`, `physicsBitField`, `physicsTableId`, `motionTableId`, `soundTableId`, `physicsState`, `translucency`)
VALUES (2108092883, 'House Portal', 65536, 0, 0, 0, 262164, 0, 0, 0, 0, 0, 0, 8388656, 0, 100667499, 0, 0, 0, 0, 0, 0, 0, 0, 4, 0, 0, 0, 0, 0, 32, 0.75, 0, 0, 0, 0, 0, 0, 0, 0, 0, 33554867, 0, 98307, 0, 150994947, 0, 3076, 0);

INSERT INTO `ace_object` (`baseAceObjectId`, `weenieClassId`, `landblock`, `cell`, `posX`, `posY`, `posZ`, `qW`, `qX`, `qY`, `qZ`)
VALUES (2108092883, 11730, 55919, 401, 147.762, 35.6949, 15.137, 0.6963131, 0, 0, 0.7177381);

INSERT INTO `base_ace_object` (`baseAceObjectId`, `name`, `typeId`, `paletteId`, `ammoType`, `blipColor`, `bitField`, `burden`, `combatUse`, `cooldownDuration`, `cooldownId`, `effects`, `containersCapacity`, `header`, `hookTypeId`, `iconId`, `iconOverlayId`, `iconUnderlayId`, `hookItemTypes`, `itemsCapacity`, `location`, `materialType`, `maxStackSize`, `maxStructure`, `radar`, `pscript`, `spellId`, `stackSize`, `structure`, `targetTypeId`, `usability`, `useRadius`, `validLocations`, `value`, `workmanship`, `animationFrameId`, `defaultScript`, `defaultScriptIntensity`, `elasticity`, `friction`, `locationId`, `modelTableId`, `objectScale`, `physicsBitField`, `physicsTableId`, `motionTableId`, `soundTableId`, `physicsState`, `translucency`)
VALUES (2107044229, 'House Portal', 65536, 0, 0, 0, 262164, 0, 0, 0, 0, 0, 0, 8388656, 0, 100667499, 0, 0, 0, 0, 0, 0, 0, 0, 4, 0, 0, 0, 0, 0, 32, 0.75, 0, 0, 0, 0, 0, 0, 0, 0, 0, 33554867, 0, 98307, 0, 150994947, 0, 3076, 0);

INSERT INTO `ace_object` (`baseAceObjectId`, `weenieClassId`, `landblock`, `cell`, `posX`, `posY`, `posZ`, `qW`, `qX`, `qY`, `qZ`)
VALUES (2107044229, 11730, 55663, 339, 69.9699, 36.4256, 25.137, 0.6961207, 0, 0, -0.7179248);

INSERT INTO `base_ace_object` (`baseAceObjectId`, `name`, `typeId`, `paletteId`, `ammoType`, `blipColor`, `bitField`, `burden`, `combatUse`, `cooldownDuration`, `cooldownId`, `effects`, `containersCapacity`, `header`, `hookTypeId`, `iconId`, `iconOverlayId`, `iconUnderlayId`, `hookItemTypes`, `itemsCapacity`, `location`, `materialType`, `maxStackSize`, `maxStructure`, `radar`, `pscript`, `spellId`, `stackSize`, `structure`, `targetTypeId`, `usability`, `useRadius`, `validLocations`, `value`, `workmanship`, `animationFrameId`, `defaultScript`, `defaultScriptIntensity`, `elasticity`, `friction`, `locationId`, `modelTableId`, `objectScale`, `physicsBitField`, `physicsTableId`, `motionTableId`, `soundTableId`, `physicsState`, `translucency`)
VALUES (2107044227, 'House Portal', 65536, 0, 0, 0, 262164, 0, 0, 0, 0, 0, 0, 8388656, 0, 100667499, 0, 0, 0, 0, 0, 0, 0, 0, 4, 0, 0, 0, 0, 0, 32, 0.75, 0, 0, 0, 0, 0, 0, 0, 0, 0, 33554867, 0, 98307, 0, 150994947, 0, 3076, 0);

INSERT INTO `ace_object` (`baseAceObjectId`, `weenieClassId`, `landblock`, `cell`, `posX`, `posY`, `posZ`, `qW`, `qX`, `qY`, `qZ`)
VALUES (2107044227, 11730, 55663, 367, 110.544, 34.0458, 21.137, 0.691399, 0, 0, -0.7224731);

INSERT INTO `base_ace_object` (`baseAceObjectId`, `name`, `typeId`, `paletteId`, `ammoType`, `blipColor`, `bitField`, `burden`, `combatUse`, `cooldownDuration`, `cooldownId`, `effects`, `containersCapacity`, `header`, `hookTypeId`, `iconId`, `iconOverlayId`, `iconUnderlayId`, `hookItemTypes`, `itemsCapacity`, `location`, `materialType`, `maxStackSize`, `maxStructure`, `radar`, `pscript`, `spellId`, `stackSize`, `structure`, `targetTypeId`, `usability`, `useRadius`, `validLocations`, `value`, `workmanship`, `animationFrameId`, `defaultScript`, `defaultScriptIntensity`, `elasticity`, `friction`, `locationId`, `modelTableId`, `objectScale`, `physicsBitField`, `physicsTableId`, `motionTableId`, `soundTableId`, `physicsState`, `translucency`)
VALUES (2107044221, 'House Portal', 65536, 0, 0, 0, 262164, 0, 0, 0, 0, 0, 0, 8388656, 0, 100667499, 0, 0, 0, 0, 0, 0, 0, 0, 4, 0, 0, 0, 0, 0, 32, 0.75, 0, 0, 0, 0, 0, 0, 0, 0, 0, 33554867, 0, 98307, 0, 150994947, 0, 3076, 0);

INSERT INTO `ace_object` (`baseAceObjectId`, `weenieClassId`, `landblock`, `cell`, `posX`, `posY`, `posZ`, `qW`, `qX`, `qY`, `qZ`)
VALUES (2107044221, 11730, 55663, 398, 58.6171, 118.223, 25.137, 0.9998639, 0, 0, 0.0164959);

INSERT INTO `base_ace_object` (`baseAceObjectId`, `name`, `typeId`, `paletteId`, `ammoType`, `blipColor`, `bitField`, `burden`, `combatUse`, `cooldownDuration`, `cooldownId`, `effects`, `containersCapacity`, `header`, `hookTypeId`, `iconId`, `iconOverlayId`, `iconUnderlayId`, `hookItemTypes`, `itemsCapacity`, `location`, `materialType`, `maxStackSize`, `maxStructure`, `radar`, `pscript`, `spellId`, `stackSize`, `structure`, `targetTypeId`, `usability`, `useRadius`, `validLocations`, `value`, `workmanship`, `animationFrameId`, `defaultScript`, `defaultScriptIntensity`, `elasticity`, `friction`, `locationId`, `modelTableId`, `objectScale`, `physicsBitField`, `physicsTableId`, `motionTableId`, `soundTableId`, `physicsState`, `translucency`)
VALUES (2023170048, 'Aerbax Laboratory', 65536, 0, 0, 0, 262164, 0, 0, 0, 0, 0, 0, 8388656, 0, 100667499, 0, 0, 0, 0, 0, 0, 0, 0, 4, 0, 0, 0, 0, 0, 32, -0.1, 0, 0, 0, 0, 0, 0, 0, 0, 0, 33554867, 0, 98307, 0, 150994947, 0, 3084, 0);

INSERT INTO `ace_object` (`baseAceObjectId`, `weenieClassId`, `landblock`, `cell`, `posX`, `posY`, `posZ`, `qW`, `qX`, `qY`, `qZ`)
VALUES (2023170048, 9201, 35186, 38, 113.223, 136.926, 9.937, 0.3892439, 0, 0, 0.9211347);

INSERT INTO `base_ace_object` (`baseAceObjectId`, `name`, `typeId`, `paletteId`, `ammoType`, `blipColor`, `bitField`, `burden`, `combatUse`, `cooldownDuration`, `cooldownId`, `effects`, `containersCapacity`, `header`, `hookTypeId`, `iconId`, `iconOverlayId`, `iconUnderlayId`, `hookItemTypes`, `itemsCapacity`, `location`, `materialType`, `maxStackSize`, `maxStructure`, `radar`, `pscript`, `spellId`, `stackSize`, `structure`, `targetTypeId`, `usability`, `useRadius`, `validLocations`, `value`, `workmanship`, `animationFrameId`, `defaultScript`, `defaultScriptIntensity`, `elasticity`, `friction`, `locationId`, `modelTableId`, `objectScale`, `physicsBitField`, `physicsTableId`, `motionTableId`, `soundTableId`, `physicsState`, `translucency`)
VALUES (1881804857, 'Surface Portal', 65536, 0, 0, 0, 262164, 0, 0, 0, 0, 0, 0, 8388656, 0, 100667499, 0, 0, 0, 0, 0, 0, 0, 0, 4, 0, 0, 0, 0, 0, 32, -0.1, 0, 0, 0, 0, 0, 0, 0, 0, 0, 33554867, 0, 98307, 0, 150994947, 0, 3084, 0);

INSERT INTO `ace_object` (`baseAceObjectId`, `weenieClassId`, `landblock`, `cell`, `posX`, `posY`, `posZ`, `qW`, `qX`, `qY`, `qZ`)
VALUES (1881804857, 9297, 673, 674, 90, -220, 17.937, 0.7071068, 0, 0, -0.7071068);

INSERT INTO `base_ace_object` (`baseAceObjectId`, `name`, `typeId`, `paletteId`, `ammoType`, `blipColor`, `bitField`, `burden`, `combatUse`, `cooldownDuration`, `cooldownId`, `effects`, `containersCapacity`, `header`, `hookTypeId`, `iconId`, `iconOverlayId`, `iconUnderlayId`, `hookItemTypes`, `itemsCapacity`, `location`, `materialType`, `maxStackSize`, `maxStructure`, `radar`, `pscript`, `spellId`, `stackSize`, `structure`, `targetTypeId`, `usability`, `useRadius`, `validLocations`, `value`, `workmanship`, `animationFrameId`, `defaultScript`, `defaultScriptIntensity`, `elasticity`, `friction`, `locationId`, `modelTableId`, `objectScale`, `physicsBitField`, `physicsTableId`, `motionTableId`, `soundTableId`, `physicsState`, `translucency`)
VALUES (1881804858, 'Surface Portal', 65536, 0, 0, 0, 262164, 0, 0, 0, 0, 0, 0, 8388656, 0, 100667499, 0, 0, 0, 0, 0, 0, 0, 0, 4, 0, 0, 0, 0, 0, 32, -0.1, 0, 0, 0, 0, 0, 0, 0, 0, 0, 33554867, 0, 98307, 0, 150994947, 0, 3084, 0);

INSERT INTO `ace_object` (`baseAceObjectId`, `weenieClassId`, `landblock`, `cell`, `posX`, `posY`, `posZ`, `qW`, `qX`, `qY`, `qZ`)
VALUES (1881804858, 9297, 673, 676, 90, -280, 17.937, 0.7071068, 0, 0, -0.7071068);

INSERT INTO `base_ace_object` (`baseAceObjectId`, `name`, `typeId`, `paletteId`, `ammoType`, `blipColor`, `bitField`, `burden`, `combatUse`, `cooldownDuration`, `cooldownId`, `effects`, `containersCapacity`, `header`, `hookTypeId`, `iconId`, `iconOverlayId`, `iconUnderlayId`, `hookItemTypes`, `itemsCapacity`, `location`, `materialType`, `maxStackSize`, `maxStructure`, `radar`, `pscript`, `spellId`, `stackSize`, `structure`, `targetTypeId`, `usability`, `useRadius`, `validLocations`, `value`, `workmanship`, `animationFrameId`, `defaultScript`, `defaultScriptIntensity`, `elasticity`, `friction`, `locationId`, `modelTableId`, `objectScale`, `physicsBitField`, `physicsTableId`, `motionTableId`, `soundTableId`, `physicsState`, `translucency`)
VALUES (1972686866, 'Exit to Surface', 65536, 0, 0, 0, 262164, 0, 0, 0, 0, 0, 0, 8388656, 0, 100667499, 0, 0, 0, 0, 0, 0, 0, 0, 4, 0, 0, 0, 0, 0, 32, -0.1, 0, 0, 0, 0, 0, 0, 0, 0, 0, 33554867, 0, 98307, 0, 150994947, 0, 3084, 0);

INSERT INTO `ace_object` (`baseAceObjectId`, `weenieClassId`, `landblock`, `cell`, `posX`, `posY`, `posZ`, `qW`, `qX`, `qY`, `qZ`)
VALUES (1972686866, 25397, 22861, 299, 78.0457, -47.7037, -60.063, 0.9110387, 0, 0, 0.4123209);

INSERT INTO `base_ace_object` (`baseAceObjectId`, `name`, `typeId`, `paletteId`, `ammoType`, `blipColor`, `bitField`, `burden`, `combatUse`, `cooldownDuration`, `cooldownId`, `effects`, `containersCapacity`, `header`, `hookTypeId`, `iconId`, `iconOverlayId`, `iconUnderlayId`, `hookItemTypes`, `itemsCapacity`, `location`, `materialType`, `maxStackSize`, `maxStructure`, `radar`, `pscript`, `spellId`, `stackSize`, `structure`, `targetTypeId`, `usability`, `useRadius`, `validLocations`, `value`, `workmanship`, `animationFrameId`, `defaultScript`, `defaultScriptIntensity`, `elasticity`, `friction`, `locationId`, `modelTableId`, `objectScale`, `physicsBitField`, `physicsTableId`, `motionTableId`, `soundTableId`, `physicsState`, `translucency`)
VALUES (1980002401, 'Caul Sanatorium', 65536, 0, 0, 0, 262164, 0, 0, 0, 0, 0, 0, 8388656, 0, 100667499, 0, 0, 0, 0, 0, 0, 0, 0, 4, 0, 0, 0, 0, 0, 32, -0.1, 0, 0, 0, 0, 0, 0, 0, 0, 0, 33558569, 0, 98307, 0, 150994947, 0, 3084, 0);

INSERT INTO `ace_object` (`baseAceObjectId`, `weenieClassId`, `landblock`, `cell`, `posX`, `posY`, `posZ`, `qW`, `qX`, `qY`, `qZ`)
VALUES (1980002401, 22929, 24647, 1116, 120, -90, 5.937, 0.7071068, 0, 0, -0.7071068);

INSERT INTO `base_ace_object` (`baseAceObjectId`, `name`, `typeId`, `paletteId`, `ammoType`, `blipColor`, `bitField`, `burden`, `combatUse`, `cooldownDuration`, `cooldownId`, `effects`, `containersCapacity`, `header`, `hookTypeId`, `iconId`, `iconOverlayId`, `iconUnderlayId`, `hookItemTypes`, `itemsCapacity`, `location`, `materialType`, `maxStackSize`, `maxStructure`, `radar`, `pscript`, `spellId`, `stackSize`, `structure`, `targetTypeId`, `usability`, `useRadius`, `validLocations`, `value`, `workmanship`, `animationFrameId`, `defaultScript`, `defaultScriptIntensity`, `elasticity`, `friction`, `locationId`, `modelTableId`, `objectScale`, `physicsBitField`, `physicsTableId`, `motionTableId`, `soundTableId`, `physicsState`, `translucency`)
VALUES (1980002347, 'Caul Sanatorium', 65536, 0, 0, 0, 262164, 0, 0, 0, 0, 0, 0, 8388656, 0, 100667499, 0, 0, 0, 0, 0, 0, 0, 0, 4, 0, 0, 0, 0, 0, 32, -0.1, 0, 0, 0, 0, 0, 0, 0, 0, 0, 33558569, 0, 98307, 0, 150994947, 0, 3084, 0);

INSERT INTO `ace_object` (`baseAceObjectId`, `weenieClassId`, `landblock`, `cell`, `posX`, `posY`, `posZ`, `qW`, `qX`, `qY`, `qZ`)
VALUES (1980002347, 22929, 24647, 562, 100, -120, -6.063, 0.7071068, 0, 0, -0.7071068);

INSERT INTO `base_ace_object` (`baseAceObjectId`, `name`, `typeId`, `paletteId`, `ammoType`, `blipColor`, `bitField`, `burden`, `combatUse`, `cooldownDuration`, `cooldownId`, `effects`, `containersCapacity`, `header`, `hookTypeId`, `iconId`, `iconOverlayId`, `iconUnderlayId`, `hookItemTypes`, `itemsCapacity`, `location`, `materialType`, `maxStackSize`, `maxStructure`, `radar`, `pscript`, `spellId`, `stackSize`, `structure`, `targetTypeId`, `usability`, `useRadius`, `validLocations`, `value`, `workmanship`, `animationFrameId`, `defaultScript`, `defaultScriptIntensity`, `elasticity`, `friction`, `locationId`, `modelTableId`, `objectScale`, `physicsBitField`, `physicsTableId`, `motionTableId`, `soundTableId`, `physicsState`, `translucency`)
VALUES (1980002363, 'Caul Sanatorium', 65536, 0, 0, 0, 262164, 0, 0, 0, 0, 0, 0, 8388656, 0, 100667499, 0, 0, 0, 0, 0, 0, 0, 0, 4, 0, 0, 0, 0, 0, 32, -0.1, 0, 0, 0, 0, 0, 0, 0, 0, 0, 33558569, 0, 98307, 0, 150994947, 0, 3084, 0);

INSERT INTO `ace_object` (`baseAceObjectId`, `weenieClassId`, `landblock`, `cell`, `posX`, `posY`, `posZ`, `qW`, `qX`, `qY`, `qZ`)
VALUES (1980002363, 22929, 24647, 694, 150, -100, -6.063, 0.7071068, 0, 0, -0.7071068);

INSERT INTO `base_ace_object` (`baseAceObjectId`, `name`, `typeId`, `paletteId`, `ammoType`, `blipColor`, `bitField`, `burden`, `combatUse`, `cooldownDuration`, `cooldownId`, `effects`, `containersCapacity`, `header`, `hookTypeId`, `iconId`, `iconOverlayId`, `iconUnderlayId`, `hookItemTypes`, `itemsCapacity`, `location`, `materialType`, `maxStackSize`, `maxStructure`, `radar`, `pscript`, `spellId`, `stackSize`, `structure`, `targetTypeId`, `usability`, `useRadius`, `validLocations`, `value`, `workmanship`, `animationFrameId`, `defaultScript`, `defaultScriptIntensity`, `elasticity`, `friction`, `locationId`, `modelTableId`, `objectScale`, `physicsBitField`, `physicsTableId`, `motionTableId`, `soundTableId`, `physicsState`, `translucency`)
VALUES (2448539363, 'Portal to Hebian-To', 65536, 0, 0, 0, 262164, 0, 0, 0, 0, 0, 0, 8388656, 0, 100667499, 0, 0, 0, 0, 0, 0, 0, 0, 4, 0, 0, 0, 0, 0, 32, -0.1, 0, 0, 0, 0, 0, 0, 0, 0, 0, 33554867, 0, 98307, 0, 150994947, 0, 3084, 0);

INSERT INTO `ace_object` (`baseAceObjectId`, `weenieClassId`, `landblock`, `cell`, `posX`, `posY`, `posZ`, `qW`, `qX`, `qY`, `qZ`)
VALUES (2448539363, 42846, 11822, 7, 0.2582173, 153.7255, 39.08351, 1, 0, 0, 0);

INSERT INTO `base_ace_object` (`baseAceObjectId`, `name`, `typeId`, `paletteId`, `ammoType`, `blipColor`, `bitField`, `burden`, `combatUse`, `cooldownDuration`, `cooldownId`, `effects`, `containersCapacity`, `header`, `hookTypeId`, `iconId`, `iconOverlayId`, `iconUnderlayId`, `hookItemTypes`, `itemsCapacity`, `location`, `materialType`, `maxStackSize`, `maxStructure`, `radar`, `pscript`, `spellId`, `stackSize`, `structure`, `targetTypeId`, `usability`, `useRadius`, `validLocations`, `value`, `workmanship`, `animationFrameId`, `defaultScript`, `defaultScriptIntensity`, `elasticity`, `friction`, `locationId`, `modelTableId`, `objectScale`, `physicsBitField`, `physicsTableId`, `motionTableId`, `soundTableId`, `physicsState`, `translucency`)
VALUES (2448610017, 'North Desert Edge', 65536, 0, 0, 0, 262164, 0, 0, 0, 0, 0, 0, 8388656, 0, 100667499, 0, 0, 0, 0, 0, 0, 0, 0, 4, 0, 0, 0, 0, 0, 32, -0.1, 0, 0, 0, 0, 0, 0, 0, 0, 0, 33554867, 0, 98307, 0, 150994947, 0, 3084, 0);

INSERT INTO `ace_object` (`baseAceObjectId`, `weenieClassId`, `landblock`, `cell`, `posX`, `posY`, `posZ`, `qW`, `qX`, `qY`, `qZ`)
VALUES (2448610017, 1905, 12077, 63, 186.3437, 161.4736, 16.48086, 1, 0, 0, 0);

INSERT INTO `base_ace_object` (`baseAceObjectId`, `name`, `typeId`, `paletteId`, `ammoType`, `blipColor`, `bitField`, `burden`, `combatUse`, `cooldownDuration`, `cooldownId`, `effects`, `containersCapacity`, `header`, `hookTypeId`, `iconId`, `iconOverlayId`, `iconUnderlayId`, `hookItemTypes`, `itemsCapacity`, `location`, `materialType`, `maxStackSize`, `maxStructure`, `radar`, `pscript`, `spellId`, `stackSize`, `structure`, `targetTypeId`, `usability`, `useRadius`, `validLocations`, `value`, `workmanship`, `animationFrameId`, `defaultScript`, `defaultScriptIntensity`, `elasticity`, `friction`, `locationId`, `modelTableId`, `objectScale`, `physicsBitField`, `physicsTableId`, `motionTableId`, `soundTableId`, `physicsState`, `translucency`)
VALUES (2448620904, 'Singularity Caul', 65536, 0, 0, 0, 262164, 0, 0, 0, 0, 0, 0, 8388656, 0, 100667499, 0, 0, 0, 0, 0, 0, 0, 0, 4, 0, 0, 0, 0, 0, 32, -0.1, 0, 0, 0, 0, 0, 0, 0, 0, 0, 33555925, 0, 98307, 0, 150994947, 0, 2060, 0);

INSERT INTO `ace_object` (`baseAceObjectId`, `weenieClassId`, `landblock`, `cell`, `posX`, `posY`, `posZ`, `qW`, `qX`, `qY`, `qZ`)
VALUES (2448620904, 10794, 12077, 63, 181.7444, 146.709, 17.71125, -0.9475616, 0, 0, -0.3195731);

INSERT INTO `base_ace_object` (`baseAceObjectId`, `name`, `typeId`, `paletteId`, `ammoType`, `blipColor`, `bitField`, `burden`, `combatUse`, `cooldownDuration`, `cooldownId`, `effects`, `containersCapacity`, `header`, `hookTypeId`, `iconId`, `iconOverlayId`, `iconUnderlayId`, `hookItemTypes`, `itemsCapacity`, `location`, `materialType`, `maxStackSize`, `maxStructure`, `radar`, `pscript`, `spellId`, `stackSize`, `structure`, `targetTypeId`, `usability`, `useRadius`, `validLocations`, `value`, `workmanship`, `animationFrameId`, `defaultScript`, `defaultScriptIntensity`, `elasticity`, `friction`, `locationId`, `modelTableId`, `objectScale`, `physicsBitField`, `physicsTableId`, `motionTableId`, `soundTableId`, `physicsState`, `translucency`)
VALUES (2448614868, 'Direlands North Landbridge Portal', 65536, 0, 0, 0, 262164, 0, 0, 0, 0, 0, 0, 8388656, 0, 100667499, 0, 0, 0, 0, 0, 0, 0, 0, 4, 0, 0, 0, 0, 0, 32, -0.1, 0, 0, 0, 0, 0, 0, 0, 0, 0, 33555926, 0, 98307, 0, 150994947, 0, 3084, 0);

INSERT INTO `ace_object` (`baseAceObjectId`, `weenieClassId`, `landblock`, `cell`, `posX`, `posY`, `posZ`, `qW`, `qX`, `qY`, `qZ`)
VALUES (2448614868, 8389, 36293, 19, 63.83112, 57.16108, 64.82533, 0.9537169, 0, 0, -0.3007058);

INSERT INTO `base_ace_object` (`baseAceObjectId`, `name`, `typeId`, `paletteId`, `ammoType`, `blipColor`, `bitField`, `burden`, `combatUse`, `cooldownDuration`, `cooldownId`, `effects`, `containersCapacity`, `header`, `hookTypeId`, `iconId`, `iconOverlayId`, `iconUnderlayId`, `hookItemTypes`, `itemsCapacity`, `location`, `materialType`, `maxStackSize`, `maxStructure`, `radar`, `pscript`, `spellId`, `stackSize`, `structure`, `targetTypeId`, `usability`, `useRadius`, `validLocations`, `value`, `workmanship`, `animationFrameId`, `defaultScript`, `defaultScriptIntensity`, `elasticity`, `friction`, `locationId`, `modelTableId`, `objectScale`, `physicsBitField`, `physicsTableId`, `motionTableId`, `soundTableId`, `physicsState`, `translucency`)
VALUES (2448669175, 'North Direlands Valley Junction', 65536, 0, 0, 0, 262164, 0, 0, 0, 0, 0, 0, 8388656, 0, 100667499, 0, 0, 0, 0, 0, 0, 0, 0, 4, 0, 0, 0, 0, 0, 32, -0.1, 0, 0, 0, 0, 0, 0, 0, 0, 0, 33555926, 0, 98307, 0, 150994947, 0, 3084, 0);

INSERT INTO `ace_object` (`baseAceObjectId`, `weenieClassId`, `landblock`, `cell`, `posX`, `posY`, `posZ`, `qW`, `qX`, `qY`, `qZ`)
VALUES (2448669175, 8387, 37591, 4, 10.4307, 80.27355, 201.2341, 0.9537169, 0, 0, -0.3007058);

INSERT INTO `base_ace_object` (`baseAceObjectId`, `name`, `typeId`, `paletteId`, `ammoType`, `blipColor`, `bitField`, `burden`, `combatUse`, `cooldownDuration`, `cooldownId`, `effects`, `containersCapacity`, `header`, `hookTypeId`, `iconId`, `iconOverlayId`, `iconUnderlayId`, `hookItemTypes`, `itemsCapacity`, `location`, `materialType`, `maxStackSize`, `maxStructure`, `radar`, `pscript`, `spellId`, `stackSize`, `structure`, `targetTypeId`, `usability`, `useRadius`, `validLocations`, `value`, `workmanship`, `animationFrameId`, `defaultScript`, `defaultScriptIntensity`, `elasticity`, `friction`, `locationId`, `modelTableId`, `objectScale`, `physicsBitField`, `physicsTableId`, `motionTableId`, `soundTableId`, `physicsState`, `translucency`)
VALUES (2448657935, 'Direlands Desert Northeast Portal', 65536, 0, 0, 0, 262164, 0, 0, 0, 0, 0, 0, 8388656, 0, 100667499, 0, 0, 0, 0, 0, 0, 0, 0, 4, 0, 0, 0, 0, 0, 32, -0.1, 0, 0, 0, 0, 0, 0, 0, 0, 0, 33555926, 0, 98307, 0, 150994947, 0, 3084, 0);

INSERT INTO `ace_object` (`baseAceObjectId`, `weenieClassId`, `landblock`, `cell`, `posX`, `posY`, `posZ`, `qW`, `qX`, `qY`, `qZ`)
VALUES (2448657935, 8383, 41427, 8, 10.18339, 185.2594, 258.1564, 0.9537169, 0, 0, -0.3007058);

INSERT INTO `base_ace_object` (`baseAceObjectId`, `name`, `typeId`, `paletteId`, `ammoType`, `blipColor`, `bitField`, `burden`, `combatUse`, `cooldownDuration`, `cooldownId`, `effects`, `containersCapacity`, `header`, `hookTypeId`, `iconId`, `iconOverlayId`, `iconUnderlayId`, `hookItemTypes`, `itemsCapacity`, `location`, `materialType`, `maxStackSize`, `maxStructure`, `radar`, `pscript`, `spellId`, `stackSize`, `structure`, `targetTypeId`, `usability`, `useRadius`, `validLocations`, `value`, `workmanship`, `animationFrameId`, `defaultScript`, `defaultScriptIntensity`, `elasticity`, `friction`, `locationId`, `modelTableId`, `objectScale`, `physicsBitField`, `physicsTableId`, `motionTableId`, `soundTableId`, `physicsState`, `translucency`)
VALUES (2448663225, 'Sawato Portal', 65536, 0, 0, 0, 262164, 0, 0, 0, 0, 0, 0, 8388656, 0, 100667499, 0, 0, 0, 0, 0, 0, 0, 0, 4, 0, 0, 0, 0, 0, 32, -0.1, 0, 0, 0, 0, 0, 0, 0, 0, 0, 33554867, 0, 98307, 0, 150994947, 0, 3084, 0);

INSERT INTO `ace_object` (`baseAceObjectId`, `weenieClassId`, `landblock`, `cell`, `posX`, `posY`, `posZ`, `qW`, `qX`, `qY`, `qZ`)
VALUES (2448663225, 42849, 11032, 10, 47.00078, 32.49435, 55.937, 1, 0, 0, 0);

INSERT INTO `base_ace_object` (`baseAceObjectId`, `name`, `typeId`, `paletteId`, `ammoType`, `blipColor`, `bitField`, `burden`, `combatUse`, `cooldownDuration`, `cooldownId`, `effects`, `containersCapacity`, `header`, `hookTypeId`, `iconId`, `iconOverlayId`, `iconUnderlayId`, `hookItemTypes`, `itemsCapacity`, `location`, `materialType`, `maxStackSize`, `maxStructure`, `radar`, `pscript`, `spellId`, `stackSize`, `structure`, `targetTypeId`, `usability`, `useRadius`, `validLocations`, `value`, `workmanship`, `animationFrameId`, `defaultScript`, `defaultScriptIntensity`, `elasticity`, `friction`, `locationId`, `modelTableId`, `objectScale`, `physicsBitField`, `physicsTableId`, `motionTableId`, `soundTableId`, `physicsState`, `translucency`)
VALUES (1889595442, 'Repository', 65536, 0, 0, 0, 262164, 0, 0, 0, 0, 0, 0, 8388656, 0, 100667499, 0, 0, 0, 0, 0, 0, 0, 0, 4, 0, 0, 0, 0, 0, 32, -0.1, 0, 0, 0, 0, 0, 0, 0, 0, 0, 33555925, 0, 98307, 0, 150994947, 0, 3084, 0);

INSERT INTO `ace_object` (`baseAceObjectId`, `weenieClassId`, `landblock`, `cell`, `posX`, `posY`, `posZ`, `qW`, `qX`, `qY`, `qZ`)
VALUES (1889595442, 32584, 2575, 39, 113.812, 152.044, 247.565, -0.4839381, 0, 0, -0.8751022);

INSERT INTO `base_ace_object` (`baseAceObjectId`, `name`, `typeId`, `paletteId`, `ammoType`, `blipColor`, `bitField`, `burden`, `combatUse`, `cooldownDuration`, `cooldownId`, `effects`, `containersCapacity`, `header`, `hookTypeId`, `iconId`, `iconOverlayId`, `iconUnderlayId`, `hookItemTypes`, `itemsCapacity`, `location`, `materialType`, `maxStackSize`, `maxStructure`, `radar`, `pscript`, `spellId`, `stackSize`, `structure`, `targetTypeId`, `usability`, `useRadius`, `validLocations`, `value`, `workmanship`, `animationFrameId`, `defaultScript`, `defaultScriptIntensity`, `elasticity`, `friction`, `locationId`, `modelTableId`, `objectScale`, `physicsBitField`, `physicsTableId`, `motionTableId`, `soundTableId`, `physicsState`, `translucency`)
VALUES (1880035343, 'Surface', 65536, 0, 0, 0, 262164, 0, 0, 0, 0, 0, 0, 8388656, 0, 100667499, 0, 0, 0, 0, 0, 0, 0, 0, 4, 0, 0, 0, 0, 0, 32, -0.1, 0, 0, 0, 0, 0, 0, 0, 0, 0, 33555925, 0, 98307, 0, 150994947, 0, 3084, 0);

INSERT INTO `ace_object` (`baseAceObjectId`, `weenieClassId`, `landblock`, `cell`, `posX`, `posY`, `posZ`, `qW`, `qX`, `qY`, `qZ`)
VALUES (1880035343, 31420, 241, 319, 100, -150, -72.063, 1, 0, 0, 0);

INSERT INTO `base_ace_object` (`baseAceObjectId`, `name`, `typeId`, `paletteId`, `ammoType`, `blipColor`, `bitField`, `burden`, `combatUse`, `cooldownDuration`, `cooldownId`, `effects`, `containersCapacity`, `header`, `hookTypeId`, `iconId`, `iconOverlayId`, `iconUnderlayId`, `hookItemTypes`, `itemsCapacity`, `location`, `materialType`, `maxStackSize`, `maxStructure`, `radar`, `pscript`, `spellId`, `stackSize`, `structure`, `targetTypeId`, `usability`, `useRadius`, `validLocations`, `value`, `workmanship`, `animationFrameId`, `defaultScript`, `defaultScriptIntensity`, `elasticity`, `friction`, `locationId`, `modelTableId`, `objectScale`, `physicsBitField`, `physicsTableId`, `motionTableId`, `soundTableId`, `physicsState`, `translucency`)
VALUES (2448684770, 'Black Ferah''s Vault', 65536, 0, 0, 0, 262164, 0, 0, 0, 0, 0, 0, 8388656, 0, 100667499, 0, 0, 0, 0, 0, 0, 0, 0, 4, 0, 0, 0, 0, 0, 32, -0.1, 0, 0, 0, 0, 0, 0, 0, 0, 0, 33555925, 0, 98307, 0, 150994947, 0, 3084, 0);

INSERT INTO `ace_object` (`baseAceObjectId`, `weenieClassId`, `landblock`, `cell`, `posX`, `posY`, `posZ`, `qW`, `qX`, `qY`, `qZ`)
VALUES (2448684770, 33776, 13390, 21, 69.3536, 118.521, 19.54128, 1, 0, 0, 0);

INSERT INTO `base_ace_object` (`baseAceObjectId`, `name`, `typeId`, `paletteId`, `ammoType`, `blipColor`, `bitField`, `burden`, `combatUse`, `cooldownDuration`, `cooldownId`, `effects`, `containersCapacity`, `header`, `hookTypeId`, `iconId`, `iconOverlayId`, `iconUnderlayId`, `hookItemTypes`, `itemsCapacity`, `location`, `materialType`, `maxStackSize`, `maxStructure`, `radar`, `pscript`, `spellId`, `stackSize`, `structure`, `targetTypeId`, `usability`, `useRadius`, `validLocations`, `value`, `workmanship`, `animationFrameId`, `defaultScript`, `defaultScriptIntensity`, `elasticity`, `friction`, `locationId`, `modelTableId`, `objectScale`, `physicsBitField`, `physicsTableId`, `motionTableId`, `soundTableId`, `physicsState`, `translucency`)
VALUES (1879519298, 'Surface', 65536, 0, 0, 0, 262164, 0, 0, 0, 0, 0, 0, 8388656, 0, 100667499, 0, 0, 0, 0, 0, 0, 0, 0, 4, 0, 0, 0, 0, 0, 32, -0.1, 0, 0, 0, 0, 0, 0, 0, 0, 0, 33554867, 0, 98307, 0, 150994947, 0, 3084, 0);

INSERT INTO `ace_object` (`baseAceObjectId`, `weenieClassId`, `landblock`, `cell`, `posX`, `posY`, `posZ`, `qW`, `qX`, `qY`, `qZ`)
VALUES (1879519298, 33791, 115, 1118, 88.7492, -78.737, -0.06299996, 0.3603719, 0, 0, -0.9328087);

